ISO-10303-21;
HEADER;
/* Generated by software containing ST-Developer
 * from STEP Tools, Inc. (www.steptools.com) 
 */

FILE_DESCRIPTION(
/* description */ ('FreeCAD Model'),
/* implementation_level */ '2;1');

FILE_NAME(
/* name */ 'case-bottom-v14.step',
/* time_stamp */ '2026-07-23T15:29:42+01:00',
/* author */ (''),
/* organization */ (''),
/* preprocessor_version */ 'ST-DEVELOPER v20.1',
/* originating_system */ 'Autodesk Translation Framework v15.8.0.0',
/* authorisation */ '');

FILE_SCHEMA (('AUTOMOTIVE_DESIGN { 1 0 10303 214 3 1 1 }'));
ENDSEC;

DATA;
#10=MECHANICAL_DESIGN_GEOMETRIC_PRESENTATION_REPRESENTATION('',(#17),#4976);
#11=ITEM_DEFINED_TRANSFORMATION($,$,#3061,#3288);
#12=(
REPRESENTATION_RELATIONSHIP($,$,#4987,#4986)
REPRESENTATION_RELATIONSHIP_WITH_TRANSFORMATION(#11)
SHAPE_REPRESENTATION_RELATIONSHIP()
);
#13=CONTEXT_DEPENDENT_SHAPE_REPRESENTATION(#12,#4985);
#14=NEXT_ASSEMBLY_USAGE_OCCURRENCE('Case Bottom:1','Case Bottom:1',
'Case Bottom:1',#4989,#4990,'Case Bottom:1');
#15=SHAPE_REPRESENTATION_RELATIONSHIP('SRR','None',#4987,#16);
#16=ADVANCED_BREP_SHAPE_REPRESENTATION('',(#18),#4975);
#17=STYLED_ITEM('',(#5001),#18);
#18=MANIFOLD_SOLID_BREP('Body1',#3047);
#19=CONICAL_SURFACE('',#3187,1.4,0.785398163397466);
#20=CONICAL_SURFACE('',#3194,1.4,0.785398163397461);
#21=CONICAL_SURFACE('',#3202,1.4,0.785398163397442);
#22=CONICAL_SURFACE('',#3210,1.4,0.785398163397136);
#23=CONICAL_SURFACE('',#3219,1.4,0.7853981633976);
#24=CONICAL_SURFACE('',#3233,1.4,0.785398163397503);
#25=FACE_BOUND('',#281,.T.);
#26=FACE_BOUND('',#282,.T.);
#27=FACE_BOUND('',#283,.T.);
#28=FACE_BOUND('',#284,.T.);
#29=FACE_BOUND('',#356,.T.);
#30=FACE_BOUND('',#357,.T.);
#31=FACE_BOUND('',#358,.T.);
#32=FACE_BOUND('',#359,.T.);
#33=CYLINDRICAL_SURFACE('',#3075,1.85);
#34=CYLINDRICAL_SURFACE('',#3110,1.85);
#35=CYLINDRICAL_SURFACE('',#3148,3.75);
#36=CYLINDRICAL_SURFACE('',#3150,3.75);
#37=CYLINDRICAL_SURFACE('',#3152,1.85);
#38=CYLINDRICAL_SURFACE('',#3153,3.75);
#39=CYLINDRICAL_SURFACE('',#3246,1.6);
#40=CYLINDRICAL_SURFACE('',#3250,1.6);
#41=CYLINDRICAL_SURFACE('',#3253,1.6);
#42=CYLINDRICAL_SURFACE('',#3256,1.6);
#43=CYLINDRICAL_SURFACE('',#3260,1.6);
#44=CYLINDRICAL_SURFACE('',#3264,1.6);
#45=CIRCLE('',#3064,3.75);
#46=CIRCLE('',#3065,3.75);
#47=CIRCLE('',#3067,3.75);
#48=CIRCLE('',#3070,3.75);
#49=CIRCLE('',#3073,3.75);
#50=CIRCLE('',#3076,1.85);
#51=CIRCLE('',#3077,1.85);
#52=CIRCLE('',#3078,1.85);
#53=CIRCLE('',#3079,1.85);
#54=CIRCLE('',#3080,1.85);
#55=CIRCLE('',#3081,1.85);
#56=CIRCLE('',#3083,1.85);
#57=CIRCLE('',#3084,1.85);
#58=CIRCLE('',#3095,1.2);
#59=CIRCLE('',#3099,3.75);
#60=CIRCLE('',#3100,3.75);
#61=CIRCLE('',#3102,3.75);
#62=CIRCLE('',#3105,3.75);
#63=CIRCLE('',#3108,3.75);
#64=CIRCLE('',#3111,1.85);
#65=CIRCLE('',#3112,1.85);
#66=CIRCLE('',#3113,1.85);
#67=CIRCLE('',#3114,1.85);
#68=CIRCLE('',#3115,1.85);
#69=CIRCLE('',#3125,1.2);
#70=CIRCLE('',#3129,3.75);
#71=CIRCLE('',#3131,3.75);
#72=CIRCLE('',#3134,1.85);
#73=CIRCLE('',#3136,1.85);
#74=CIRCLE('',#3138,3.75);
#75=CIRCLE('',#3141,3.75);
#76=CIRCLE('',#3142,3.75);
#77=CIRCLE('',#3145,1.85);
#78=CIRCLE('',#3147,1.85);
#79=CIRCLE('',#3149,3.75);
#80=CIRCLE('',#3151,3.75);
#81=CIRCLE('',#3154,3.75);
#82=CIRCLE('',#3188,1.6);
#83=CIRCLE('',#3195,1.6);
#84=CIRCLE('',#3203,1.6);
#85=CIRCLE('',#3204,1.2);
#86=CIRCLE('',#3211,1.6);
#87=CIRCLE('',#3212,1.2);
#88=CIRCLE('',#3220,1.6);
#89=CIRCLE('',#3221,1.2);
#90=CIRCLE('',#3234,1.2);
#91=CIRCLE('',#3235,1.6);
#92=CIRCLE('',#3247,1.6);
#93=CIRCLE('',#3251,1.6);
#94=CIRCLE('',#3254,1.6);
#95=CIRCLE('',#3257,1.6);
#96=CIRCLE('',#3261,1.6);
#97=CIRCLE('',#3265,1.6);
#98=FACE_OUTER_BOUND('',#271,.T.);
#99=FACE_OUTER_BOUND('',#272,.T.);
#100=FACE_OUTER_BOUND('',#273,.T.);
#101=FACE_OUTER_BOUND('',#274,.T.);
#102=FACE_OUTER_BOUND('',#275,.T.);
#103=FACE_OUTER_BOUND('',#276,.T.);
#104=FACE_OUTER_BOUND('',#277,.T.);
#105=FACE_OUTER_BOUND('',#278,.T.);
#106=FACE_OUTER_BOUND('',#279,.T.);
#107=FACE_OUTER_BOUND('',#280,.T.);
#108=FACE_OUTER_BOUND('',#285,.T.);
#109=FACE_OUTER_BOUND('',#286,.T.);
#110=FACE_OUTER_BOUND('',#287,.T.);
#111=FACE_OUTER_BOUND('',#288,.T.);
#112=FACE_OUTER_BOUND('',#289,.T.);
#113=FACE_OUTER_BOUND('',#290,.T.);
#114=FACE_OUTER_BOUND('',#291,.T.);
#115=FACE_OUTER_BOUND('',#292,.T.);
#116=FACE_OUTER_BOUND('',#293,.T.);
#117=FACE_OUTER_BOUND('',#294,.T.);
#118=FACE_OUTER_BOUND('',#295,.T.);
#119=FACE_OUTER_BOUND('',#296,.T.);
#120=FACE_OUTER_BOUND('',#297,.T.);
#121=FACE_OUTER_BOUND('',#298,.T.);
#122=FACE_OUTER_BOUND('',#299,.T.);
#123=FACE_OUTER_BOUND('',#300,.T.);
#124=FACE_OUTER_BOUND('',#301,.T.);
#125=FACE_OUTER_BOUND('',#302,.T.);
#126=FACE_OUTER_BOUND('',#303,.T.);
#127=FACE_OUTER_BOUND('',#304,.T.);
#128=FACE_OUTER_BOUND('',#305,.T.);
#129=FACE_OUTER_BOUND('',#306,.T.);
#130=FACE_OUTER_BOUND('',#307,.T.);
#131=FACE_OUTER_BOUND('',#308,.T.);
#132=FACE_OUTER_BOUND('',#309,.T.);
#133=FACE_OUTER_BOUND('',#310,.T.);
#134=FACE_OUTER_BOUND('',#311,.T.);
#135=FACE_OUTER_BOUND('',#312,.T.);
#136=FACE_OUTER_BOUND('',#313,.T.);
#137=FACE_OUTER_BOUND('',#314,.T.);
#138=FACE_OUTER_BOUND('',#315,.T.);
#139=FACE_OUTER_BOUND('',#316,.T.);
#140=FACE_OUTER_BOUND('',#317,.T.);
#141=FACE_OUTER_BOUND('',#318,.T.);
#142=FACE_OUTER_BOUND('',#319,.T.);
#143=FACE_OUTER_BOUND('',#320,.T.);
#144=FACE_OUTER_BOUND('',#321,.T.);
#145=FACE_OUTER_BOUND('',#322,.T.);
#146=FACE_OUTER_BOUND('',#323,.T.);
#147=FACE_OUTER_BOUND('',#324,.T.);
#148=FACE_OUTER_BOUND('',#325,.T.);
#149=FACE_OUTER_BOUND('',#326,.T.);
#150=FACE_OUTER_BOUND('',#327,.T.);
#151=FACE_OUTER_BOUND('',#328,.T.);
#152=FACE_OUTER_BOUND('',#329,.T.);
#153=FACE_OUTER_BOUND('',#330,.T.);
#154=FACE_OUTER_BOUND('',#331,.T.);
#155=FACE_OUTER_BOUND('',#332,.T.);
#156=FACE_OUTER_BOUND('',#333,.T.);
#157=FACE_OUTER_BOUND('',#334,.T.);
#158=FACE_OUTER_BOUND('',#335,.T.);
#159=FACE_OUTER_BOUND('',#336,.T.);
#160=FACE_OUTER_BOUND('',#337,.T.);
#161=FACE_OUTER_BOUND('',#338,.T.);
#162=FACE_OUTER_BOUND('',#339,.T.);
#163=FACE_OUTER_BOUND('',#340,.T.);
#164=FACE_OUTER_BOUND('',#341,.T.);
#165=FACE_OUTER_BOUND('',#342,.T.);
#166=FACE_OUTER_BOUND('',#343,.T.);
#167=FACE_OUTER_BOUND('',#344,.T.);
#168=FACE_OUTER_BOUND('',#345,.T.);
#169=FACE_OUTER_BOUND('',#346,.T.);
#170=FACE_OUTER_BOUND('',#347,.T.);
#171=FACE_OUTER_BOUND('',#348,.T.);
#172=FACE_OUTER_BOUND('',#349,.T.);
#173=FACE_OUTER_BOUND('',#350,.T.);
#174=FACE_OUTER_BOUND('',#351,.T.);
#175=FACE_OUTER_BOUND('',#352,.T.);
#176=FACE_OUTER_BOUND('',#353,.T.);
#177=FACE_OUTER_BOUND('',#354,.T.);
#178=FACE_OUTER_BOUND('',#355,.T.);
#179=FACE_OUTER_BOUND('',#360,.T.);
#180=FACE_OUTER_BOUND('',#361,.T.);
#181=FACE_OUTER_BOUND('',#362,.T.);
#182=FACE_OUTER_BOUND('',#363,.T.);
#183=FACE_OUTER_BOUND('',#364,.T.);
#184=FACE_OUTER_BOUND('',#365,.T.);
#185=FACE_OUTER_BOUND('',#366,.T.);
#186=FACE_OUTER_BOUND('',#367,.T.);
#187=FACE_OUTER_BOUND('',#368,.T.);
#188=FACE_OUTER_BOUND('',#369,.T.);
#189=FACE_OUTER_BOUND('',#370,.T.);
#190=FACE_OUTER_BOUND('',#371,.T.);
#191=FACE_OUTER_BOUND('',#372,.T.);
#192=FACE_OUTER_BOUND('',#373,.T.);
#193=FACE_OUTER_BOUND('',#374,.T.);
#194=FACE_OUTER_BOUND('',#375,.T.);
#195=FACE_OUTER_BOUND('',#376,.T.);
#196=FACE_OUTER_BOUND('',#377,.T.);
#197=FACE_OUTER_BOUND('',#378,.T.);
#198=FACE_OUTER_BOUND('',#379,.T.);
#199=FACE_OUTER_BOUND('',#380,.T.);
#200=FACE_OUTER_BOUND('',#381,.T.);
#201=FACE_OUTER_BOUND('',#382,.T.);
#202=FACE_OUTER_BOUND('',#383,.T.);
#203=FACE_OUTER_BOUND('',#384,.T.);
#204=FACE_OUTER_BOUND('',#385,.T.);
#205=FACE_OUTER_BOUND('',#386,.T.);
#206=FACE_OUTER_BOUND('',#387,.T.);
#207=FACE_OUTER_BOUND('',#388,.T.);
#208=FACE_OUTER_BOUND('',#389,.T.);
#209=FACE_OUTER_BOUND('',#390,.T.);
#210=FACE_OUTER_BOUND('',#391,.T.);
#211=FACE_OUTER_BOUND('',#392,.T.);
#212=FACE_OUTER_BOUND('',#393,.T.);
#213=FACE_OUTER_BOUND('',#394,.T.);
#214=FACE_OUTER_BOUND('',#395,.T.);
#215=FACE_OUTER_BOUND('',#396,.T.);
#216=FACE_OUTER_BOUND('',#397,.T.);
#217=FACE_OUTER_BOUND('',#398,.T.);
#218=FACE_OUTER_BOUND('',#399,.T.);
#219=FACE_OUTER_BOUND('',#400,.T.);
#220=FACE_OUTER_BOUND('',#401,.T.);
#221=FACE_OUTER_BOUND('',#402,.T.);
#222=FACE_OUTER_BOUND('',#403,.T.);
#223=FACE_OUTER_BOUND('',#404,.T.);
#224=FACE_OUTER_BOUND('',#405,.T.);
#225=FACE_OUTER_BOUND('',#406,.T.);
#226=FACE_OUTER_BOUND('',#407,.T.);
#227=FACE_OUTER_BOUND('',#408,.T.);
#228=FACE_OUTER_BOUND('',#409,.T.);
#229=FACE_OUTER_BOUND('',#410,.T.);
#230=FACE_OUTER_BOUND('',#411,.T.);
#231=FACE_OUTER_BOUND('',#412,.T.);
#232=FACE_OUTER_BOUND('',#413,.T.);
#233=FACE_OUTER_BOUND('',#414,.T.);
#234=FACE_OUTER_BOUND('',#415,.T.);
#235=FACE_OUTER_BOUND('',#416,.T.);
#236=FACE_OUTER_BOUND('',#417,.T.);
#237=FACE_OUTER_BOUND('',#418,.T.);
#238=FACE_OUTER_BOUND('',#419,.T.);
#239=FACE_OUTER_BOUND('',#420,.T.);
#240=FACE_OUTER_BOUND('',#421,.T.);
#241=FACE_OUTER_BOUND('',#422,.T.);
#242=FACE_OUTER_BOUND('',#423,.T.);
#243=FACE_OUTER_BOUND('',#424,.T.);
#244=FACE_OUTER_BOUND('',#425,.T.);
#245=FACE_OUTER_BOUND('',#426,.T.);
#246=FACE_OUTER_BOUND('',#427,.T.);
#247=FACE_OUTER_BOUND('',#428,.T.);
#248=FACE_OUTER_BOUND('',#429,.T.);
#249=FACE_OUTER_BOUND('',#430,.T.);
#250=FACE_OUTER_BOUND('',#431,.T.);
#251=FACE_OUTER_BOUND('',#432,.T.);
#252=FACE_OUTER_BOUND('',#433,.T.);
#253=FACE_OUTER_BOUND('',#434,.T.);
#254=FACE_OUTER_BOUND('',#435,.T.);
#255=FACE_OUTER_BOUND('',#436,.T.);
#256=FACE_OUTER_BOUND('',#437,.T.);
#257=FACE_OUTER_BOUND('',#438,.T.);
#258=FACE_OUTER_BOUND('',#439,.T.);
#259=FACE_OUTER_BOUND('',#440,.T.);
#260=FACE_OUTER_BOUND('',#441,.T.);
#261=FACE_OUTER_BOUND('',#442,.T.);
#262=FACE_OUTER_BOUND('',#443,.T.);
#263=FACE_OUTER_BOUND('',#444,.T.);
#264=FACE_OUTER_BOUND('',#445,.T.);
#265=FACE_OUTER_BOUND('',#446,.T.);
#266=FACE_OUTER_BOUND('',#447,.T.);
#267=FACE_OUTER_BOUND('',#448,.T.);
#268=FACE_OUTER_BOUND('',#449,.T.);
#269=FACE_OUTER_BOUND('',#450,.T.);
#270=FACE_OUTER_BOUND('',#451,.T.);
#271=EDGE_LOOP('',(#1871,#1872,#1873,#1874,#1875,#1876,#1877,#1878,#1879));
#272=EDGE_LOOP('',(#1880,#1881,#1882));
#273=EDGE_LOOP('',(#1883,#1884,#1885,#1886));
#274=EDGE_LOOP('',(#1887,#1888,#1889,#1890,#1891));
#275=EDGE_LOOP('',(#1892,#1893,#1894,#1895));
#276=EDGE_LOOP('',(#1896,#1897,#1898,#1899,#1900,#1901,#1902,#1903,#1904));
#277=EDGE_LOOP('',(#1905,#1906));
#278=EDGE_LOOP('',(#1907,#1908,#1909,#1910,#1911));
#279=EDGE_LOOP('',(#1912,#1913,#1914,#1915,#1916,#1917,#1918,#1919));
#280=EDGE_LOOP('',(#1920,#1921,#1922,#1923,#1924,#1925,#1926,#1927,#1928,
#1929,#1930,#1931,#1932,#1933,#1934,#1935,#1936,#1937,#1938,#1939,#1940,
#1941));
#281=EDGE_LOOP('',(#1942));
#282=EDGE_LOOP('',(#1943));
#283=EDGE_LOOP('',(#1944,#1945,#1946,#1947,#1948,#1949,#1950,#1951,#1952,
#1953,#1954,#1955,#1956,#1957,#1958,#1959,#1960,#1961));
#284=EDGE_LOOP('',(#1962));
#285=EDGE_LOOP('',(#1963,#1964,#1965));
#286=EDGE_LOOP('',(#1966,#1967,#1968));
#287=EDGE_LOOP('',(#1969,#1970,#1971,#1972));
#288=EDGE_LOOP('',(#1973,#1974,#1975));
#289=EDGE_LOOP('',(#1976,#1977,#1978,#1979));
#290=EDGE_LOOP('',(#1980,#1981,#1982,#1983));
#291=EDGE_LOOP('',(#1984,#1985,#1986,#1987));
#292=EDGE_LOOP('',(#1988,#1989,#1990,#1991));
#293=EDGE_LOOP('',(#1992,#1993,#1994,#1995));
#294=EDGE_LOOP('',(#1996,#1997,#1998,#1999,#2000));
#295=EDGE_LOOP('',(#2001,#2002,#2003,#2004));
#296=EDGE_LOOP('',(#2005,#2006,#2007,#2008,#2009,#2010,#2011,#2012,#2013));
#297=EDGE_LOOP('',(#2014,#2015,#2016));
#298=EDGE_LOOP('',(#2017,#2018,#2019,#2020));
#299=EDGE_LOOP('',(#2021,#2022,#2023,#2024,#2025));
#300=EDGE_LOOP('',(#2026,#2027,#2028,#2029));
#301=EDGE_LOOP('',(#2030,#2031,#2032,#2033,#2034,#2035,#2036,#2037,#2038));
#302=EDGE_LOOP('',(#2039,#2040));
#303=EDGE_LOOP('',(#2041,#2042,#2043,#2044,#2045));
#304=EDGE_LOOP('',(#2046,#2047,#2048,#2049,#2050,#2051,#2052,#2053));
#305=EDGE_LOOP('',(#2054,#2055,#2056));
#306=EDGE_LOOP('',(#2057,#2058,#2059,#2060));
#307=EDGE_LOOP('',(#2061,#2062,#2063));
#308=EDGE_LOOP('',(#2064,#2065,#2066));
#309=EDGE_LOOP('',(#2067,#2068,#2069,#2070));
#310=EDGE_LOOP('',(#2071,#2072,#2073,#2074));
#311=EDGE_LOOP('',(#2075,#2076,#2077,#2078));
#312=EDGE_LOOP('',(#2079,#2080,#2081,#2082));
#313=EDGE_LOOP('',(#2083,#2084,#2085,#2086,#2087));
#314=EDGE_LOOP('',(#2088,#2089,#2090,#2091));
#315=EDGE_LOOP('',(#2092,#2093,#2094,#2095,#2096,#2097,#2098,#2099,#2100));
#316=EDGE_LOOP('',(#2101,#2102));
#317=EDGE_LOOP('',(#2103,#2104,#2105,#2106));
#318=EDGE_LOOP('',(#2107,#2108,#2109,#2110,#2111));
#319=EDGE_LOOP('',(#2112,#2113,#2114));
#320=EDGE_LOOP('',(#2115,#2116,#2117));
#321=EDGE_LOOP('',(#2118,#2119,#2120,#2121));
#322=EDGE_LOOP('',(#2122,#2123,#2124,#2125,#2126,#2127,#2128,#2129,#2130));
#323=EDGE_LOOP('',(#2131,#2132,#2133));
#324=EDGE_LOOP('',(#2134,#2135,#2136,#2137,#2138));
#325=EDGE_LOOP('',(#2139,#2140,#2141));
#326=EDGE_LOOP('',(#2142,#2143,#2144));
#327=EDGE_LOOP('',(#2145,#2146,#2147,#2148,#2149,#2150,#2151,#2152,#2153,
#2154,#2155,#2156));
#328=EDGE_LOOP('',(#2157,#2158,#2159,#2160,#2161,#2162,#2163,#2164,#2165,
#2166,#2167,#2168));
#329=EDGE_LOOP('',(#2169,#2170,#2171,#2172,#2173,#2174,#2175));
#330=EDGE_LOOP('',(#2176,#2177,#2178,#2179,#2180,#2181,#2182,#2183,#2184,
#2185,#2186,#2187));
#331=EDGE_LOOP('',(#2188,#2189,#2190,#2191));
#332=EDGE_LOOP('',(#2192,#2193,#2194,#2195));
#333=EDGE_LOOP('',(#2196,#2197,#2198,#2199));
#334=EDGE_LOOP('',(#2200,#2201,#2202,#2203));
#335=EDGE_LOOP('',(#2204,#2205,#2206,#2207));
#336=EDGE_LOOP('',(#2208,#2209,#2210,#2211));
#337=EDGE_LOOP('',(#2212,#2213,#2214,#2215));
#338=EDGE_LOOP('',(#2216,#2217,#2218,#2219));
#339=EDGE_LOOP('',(#2220,#2221,#2222,#2223));
#340=EDGE_LOOP('',(#2224,#2225,#2226,#2227));
#341=EDGE_LOOP('',(#2228,#2229,#2230,#2231));
#342=EDGE_LOOP('',(#2232,#2233,#2234,#2235));
#343=EDGE_LOOP('',(#2236,#2237,#2238,#2239));
#344=EDGE_LOOP('',(#2240,#2241,#2242,#2243));
#345=EDGE_LOOP('',(#2244,#2245,#2246,#2247));
#346=EDGE_LOOP('',(#2248,#2249,#2250,#2251));
#347=EDGE_LOOP('',(#2252,#2253,#2254,#2255));
#348=EDGE_LOOP('',(#2256,#2257,#2258,#2259));
#349=EDGE_LOOP('',(#2260,#2261,#2262,#2263));
#350=EDGE_LOOP('',(#2264,#2265,#2266,#2267));
#351=EDGE_LOOP('',(#2268,#2269,#2270,#2271));
#352=EDGE_LOOP('',(#2272,#2273,#2274,#2275));
#353=EDGE_LOOP('',(#2276,#2277,#2278,#2279));
#354=EDGE_LOOP('',(#2280,#2281,#2282,#2283));
#355=EDGE_LOOP('',(#2284,#2285,#2286,#2287,#2288,#2289,#2290,#2291,#2292,
#2293,#2294,#2295,#2296,#2297,#2298,#2299,#2300,#2301,#2302,#2303));
#356=EDGE_LOOP('',(#2304));
#357=EDGE_LOOP('',(#2305));
#358=EDGE_LOOP('',(#2306));
#359=EDGE_LOOP('',(#2307,#2308,#2309,#2310,#2311,#2312,#2313,#2314,#2315,
#2316,#2317,#2318,#2319,#2320,#2321,#2322,#2323,#2324));
#360=EDGE_LOOP('',(#2325,#2326,#2327,#2328));
#361=EDGE_LOOP('',(#2329,#2330,#2331,#2332));
#362=EDGE_LOOP('',(#2333,#2334,#2335,#2336));
#363=EDGE_LOOP('',(#2337,#2338,#2339,#2340));
#364=EDGE_LOOP('',(#2341,#2342,#2343,#2344));
#365=EDGE_LOOP('',(#2345,#2346,#2347));
#366=EDGE_LOOP('',(#2348,#2349,#2350,#2351));
#367=EDGE_LOOP('',(#2352,#2353,#2354,#2355));
#368=EDGE_LOOP('',(#2356,#2357,#2358,#2359));
#369=EDGE_LOOP('',(#2360,#2361,#2362,#2363));
#370=EDGE_LOOP('',(#2364,#2365,#2366,#2367));
#371=EDGE_LOOP('',(#2368,#2369,#2370));
#372=EDGE_LOOP('',(#2371,#2372,#2373,#2374));
#373=EDGE_LOOP('',(#2375,#2376,#2377,#2378));
#374=EDGE_LOOP('',(#2379,#2380,#2381,#2382));
#375=EDGE_LOOP('',(#2383,#2384,#2385));
#376=EDGE_LOOP('',(#2386,#2387,#2388,#2389));
#377=EDGE_LOOP('',(#2390,#2391,#2392,#2393));
#378=EDGE_LOOP('',(#2394,#2395,#2396));
#379=EDGE_LOOP('',(#2397,#2398,#2399,#2400));
#380=EDGE_LOOP('',(#2401,#2402,#2403,#2404));
#381=EDGE_LOOP('',(#2405,#2406,#2407,#2408));
#382=EDGE_LOOP('',(#2409,#2410,#2411,#2412));
#383=EDGE_LOOP('',(#2413,#2414,#2415,#2416));
#384=EDGE_LOOP('',(#2417,#2418,#2419,#2420));
#385=EDGE_LOOP('',(#2421,#2422,#2423,#2424));
#386=EDGE_LOOP('',(#2425,#2426,#2427,#2428));
#387=EDGE_LOOP('',(#2429,#2430,#2431,#2432));
#388=EDGE_LOOP('',(#2433,#2434,#2435,#2436));
#389=EDGE_LOOP('',(#2437,#2438,#2439,#2440));
#390=EDGE_LOOP('',(#2441,#2442,#2443,#2444));
#391=EDGE_LOOP('',(#2445,#2446,#2447,#2448));
#392=EDGE_LOOP('',(#2449,#2450,#2451,#2452));
#393=EDGE_LOOP('',(#2453,#2454,#2455,#2456));
#394=EDGE_LOOP('',(#2457,#2458,#2459,#2460));
#395=EDGE_LOOP('',(#2461,#2462,#2463,#2464));
#396=EDGE_LOOP('',(#2465,#2466,#2467,#2468));
#397=EDGE_LOOP('',(#2469,#2470,#2471,#2472));
#398=EDGE_LOOP('',(#2473,#2474,#2475,#2476));
#399=EDGE_LOOP('',(#2477,#2478,#2479,#2480));
#400=EDGE_LOOP('',(#2481,#2482,#2483,#2484));
#401=EDGE_LOOP('',(#2485,#2486,#2487,#2488));
#402=EDGE_LOOP('',(#2489,#2490,#2491,#2492));
#403=EDGE_LOOP('',(#2493,#2494,#2495,#2496));
#404=EDGE_LOOP('',(#2497,#2498,#2499,#2500));
#405=EDGE_LOOP('',(#2501,#2502,#2503,#2504));
#406=EDGE_LOOP('',(#2505,#2506,#2507,#2508));
#407=EDGE_LOOP('',(#2509,#2510,#2511,#2512,#2513));
#408=EDGE_LOOP('',(#2514,#2515,#2516,#2517));
#409=EDGE_LOOP('',(#2518,#2519,#2520,#2521));
#410=EDGE_LOOP('',(#2522,#2523,#2524,#2525));
#411=EDGE_LOOP('',(#2526,#2527,#2528,#2529));
#412=EDGE_LOOP('',(#2530,#2531,#2532,#2533));
#413=EDGE_LOOP('',(#2534,#2535,#2536,#2537));
#414=EDGE_LOOP('',(#2538,#2539,#2540,#2541));
#415=EDGE_LOOP('',(#2542,#2543,#2544,#2545,#2546,#2547,#2548,#2549));
#416=EDGE_LOOP('',(#2550,#2551,#2552,#2553));
#417=EDGE_LOOP('',(#2554,#2555,#2556,#2557,#2558,#2559,#2560,#2561));
#418=EDGE_LOOP('',(#2562,#2563,#2564,#2565));
#419=EDGE_LOOP('',(#2566,#2567,#2568,#2569));
#420=EDGE_LOOP('',(#2570,#2571,#2572,#2573,#2574,#2575,#2576,#2577,#2578,
#2579,#2580,#2581,#2582,#2583,#2584,#2585,#2586,#2587,#2588,#2589));
#421=EDGE_LOOP('',(#2590,#2591,#2592,#2593));
#422=EDGE_LOOP('',(#2594,#2595,#2596,#2597));
#423=EDGE_LOOP('',(#2598,#2599,#2600,#2601));
#424=EDGE_LOOP('',(#2602,#2603,#2604,#2605,#2606,#2607,#2608,#2609));
#425=EDGE_LOOP('',(#2610,#2611,#2612,#2613));
#426=EDGE_LOOP('',(#2614,#2615,#2616,#2617));
#427=EDGE_LOOP('',(#2618,#2619,#2620,#2621));
#428=EDGE_LOOP('',(#2622,#2623,#2624,#2625));
#429=EDGE_LOOP('',(#2626,#2627,#2628,#2629));
#430=EDGE_LOOP('',(#2630,#2631,#2632,#2633));
#431=EDGE_LOOP('',(#2634,#2635,#2636,#2637));
#432=EDGE_LOOP('',(#2638,#2639,#2640,#2641));
#433=EDGE_LOOP('',(#2642,#2643,#2644,#2645));
#434=EDGE_LOOP('',(#2646,#2647,#2648,#2649));
#435=EDGE_LOOP('',(#2650,#2651,#2652,#2653));
#436=EDGE_LOOP('',(#2654,#2655,#2656,#2657));
#437=EDGE_LOOP('',(#2658,#2659,#2660,#2661));
#438=EDGE_LOOP('',(#2662,#2663,#2664,#2665));
#439=EDGE_LOOP('',(#2666,#2667,#2668,#2669));
#440=EDGE_LOOP('',(#2670,#2671,#2672,#2673));
#441=EDGE_LOOP('',(#2674,#2675,#2676,#2677));
#442=EDGE_LOOP('',(#2678,#2679,#2680,#2681));
#443=EDGE_LOOP('',(#2682,#2683,#2684,#2685));
#444=EDGE_LOOP('',(#2686,#2687,#2688,#2689));
#445=EDGE_LOOP('',(#2690,#2691,#2692,#2693));
#446=EDGE_LOOP('',(#2694,#2695,#2696,#2697));
#447=EDGE_LOOP('',(#2698,#2699,#2700,#2701));
#448=EDGE_LOOP('',(#2702,#2703,#2704,#2705));
#449=EDGE_LOOP('',(#2706,#2707,#2708,#2709));
#450=EDGE_LOOP('',(#2710,#2711,#2712,#2713,#2714));
#451=EDGE_LOOP('',(#2715,#2716,#2717,#2718));
#452=LINE('',#4123,#823);
#453=LINE('',#4125,#824);
#454=LINE('',#4127,#825);
#455=LINE('',#4129,#826);
#456=LINE('',#4131,#827);
#457=LINE('',#4133,#828);
#458=LINE('',#4135,#829);
#459=LINE('',#4137,#830);
#460=LINE('',#4138,#831);
#461=LINE('',#4145,#832);
#462=LINE('',#4147,#833);
#463=LINE('',#4151,#834);
#464=LINE('',#4153,#835);
#465=LINE('',#4154,#836);
#466=LINE('',#4159,#837);
#467=LINE('',#4160,#838);
#468=LINE('',#4163,#839);
#469=LINE('',#4165,#840);
#470=LINE('',#4166,#841);
#471=LINE('',#4168,#842);
#472=LINE('',#4170,#843);
#473=LINE('',#4171,#844);
#474=LINE('',#4176,#845);
#475=LINE('',#4177,#846);
#476=LINE('',#4186,#847);
#477=LINE('',#4191,#848);
#478=LINE('',#4193,#849);
#479=LINE('',#4195,#850);
#480=LINE('',#4197,#851);
#481=LINE('',#4199,#852);
#482=LINE('',#4201,#853);
#483=LINE('',#4203,#854);
#484=LINE('',#4205,#855);
#485=LINE('',#4207,#856);
#486=LINE('',#4209,#857);
#487=LINE('',#4211,#858);
#488=LINE('',#4213,#859);
#489=LINE('',#4215,#860);
#490=LINE('',#4217,#861);
#491=LINE('',#4219,#862);
#492=LINE('',#4221,#863);
#493=LINE('',#4223,#864);
#494=LINE('',#4225,#865);
#495=LINE('',#4227,#866);
#496=LINE('',#4229,#867);
#497=LINE('',#4231,#868);
#498=LINE('',#4232,#869);
#499=LINE('',#4239,#870);
#500=LINE('',#4241,#871);
#501=LINE('',#4243,#872);
#502=LINE('',#4245,#873);
#503=LINE('',#4247,#874);
#504=LINE('',#4249,#875);
#505=LINE('',#4251,#876);
#506=LINE('',#4253,#877);
#507=LINE('',#4255,#878);
#508=LINE('',#4257,#879);
#509=LINE('',#4259,#880);
#510=LINE('',#4261,#881);
#511=LINE('',#4263,#882);
#512=LINE('',#4265,#883);
#513=LINE('',#4267,#884);
#514=LINE('',#4269,#885);
#515=LINE('',#4271,#886);
#516=LINE('',#4272,#887);
#517=LINE('',#4279,#888);
#518=LINE('',#4281,#889);
#519=LINE('',#4282,#890);
#520=LINE('',#4285,#891);
#521=LINE('',#4286,#892);
#522=LINE('',#4289,#893);
#523=LINE('',#4290,#894);
#524=LINE('',#4294,#895);
#525=LINE('',#4295,#896);
#526=LINE('',#4297,#897);
#527=LINE('',#4298,#898);
#528=LINE('',#4302,#899);
#529=LINE('',#4303,#900);
#530=LINE('',#4304,#901);
#531=LINE('',#4308,#902);
#532=LINE('',#4310,#903);
#533=LINE('',#4312,#904);
#534=LINE('',#4316,#905);
#535=LINE('',#4317,#906);
#536=LINE('',#4318,#907);
#537=LINE('',#4322,#908);
#538=LINE('',#4324,#909);
#539=LINE('',#4326,#910);
#540=LINE('',#4328,#911);
#541=LINE('',#4330,#912);
#542=LINE('',#4332,#913);
#543=LINE('',#4334,#914);
#544=LINE('',#4336,#915);
#545=LINE('',#4337,#916);
#546=LINE('',#4344,#917);
#547=LINE('',#4346,#918);
#548=LINE('',#4350,#919);
#549=LINE('',#4352,#920);
#550=LINE('',#4353,#921);
#551=LINE('',#4358,#922);
#552=LINE('',#4359,#923);
#553=LINE('',#4362,#924);
#554=LINE('',#4364,#925);
#555=LINE('',#4365,#926);
#556=LINE('',#4367,#927);
#557=LINE('',#4369,#928);
#558=LINE('',#4370,#929);
#559=LINE('',#4375,#930);
#560=LINE('',#4376,#931);
#561=LINE('',#4383,#932);
#562=LINE('',#4391,#933);
#563=LINE('',#4393,#934);
#564=LINE('',#4394,#935);
#565=LINE('',#4397,#936);
#566=LINE('',#4398,#937);
#567=LINE('',#4401,#938);
#568=LINE('',#4402,#939);
#569=LINE('',#4406,#940);
#570=LINE('',#4408,#941);
#571=LINE('',#4410,#942);
#572=LINE('',#4411,#943);
#573=LINE('',#4415,#944);
#574=LINE('',#4418,#945);
#575=LINE('',#4419,#946);
#576=LINE('',#4423,#947);
#577=LINE('',#4424,#948);
#578=LINE('',#4425,#949);
#579=LINE('',#4429,#950);
#580=LINE('',#4431,#951);
#581=LINE('',#4433,#952);
#582=LINE('',#4435,#953);
#583=LINE('',#4437,#954);
#584=LINE('',#4439,#955);
#585=LINE('',#4441,#956);
#586=LINE('',#4443,#957);
#587=LINE('',#4444,#958);
#588=LINE('',#4449,#959);
#589=LINE('',#4451,#960);
#590=LINE('',#4455,#961);
#591=LINE('',#4457,#962);
#592=LINE('',#4458,#963);
#593=LINE('',#4461,#964);
#594=LINE('',#4469,#965);
#595=LINE('',#4470,#966);
#596=LINE('',#4473,#967);
#597=LINE('',#4475,#968);
#598=LINE('',#4476,#969);
#599=LINE('',#4478,#970);
#600=LINE('',#4480,#971);
#601=LINE('',#4481,#972);
#602=LINE('',#4487,#973);
#603=LINE('',#4495,#974);
#604=LINE('',#4499,#975);
#605=LINE('',#4501,#976);
#606=LINE('',#4505,#977);
#607=LINE('',#4509,#978);
#608=LINE('',#4510,#979);
#609=LINE('',#4512,#980);
#610=LINE('',#4513,#981);
#611=LINE('',#4516,#982);
#612=LINE('',#4517,#983);
#613=LINE('',#4520,#984);
#614=LINE('',#4521,#985);
#615=LINE('',#4524,#986);
#616=LINE('',#4525,#987);
#617=LINE('',#4528,#988);
#618=LINE('',#4530,#989);
#619=LINE('',#4531,#990);
#620=LINE('',#4534,#991);
#621=LINE('',#4536,#992);
#622=LINE('',#4537,#993);
#623=LINE('',#4540,#994);
#624=LINE('',#4542,#995);
#625=LINE('',#4543,#996);
#626=LINE('',#4546,#997);
#627=LINE('',#4548,#998);
#628=LINE('',#4549,#999);
#629=LINE('',#4552,#1000);
#630=LINE('',#4554,#1001);
#631=LINE('',#4555,#1002);
#632=LINE('',#4558,#1003);
#633=LINE('',#4560,#1004);
#634=LINE('',#4561,#1005);
#635=LINE('',#4564,#1006);
#636=LINE('',#4566,#1007);
#637=LINE('',#4567,#1008);
#638=LINE('',#4570,#1009);
#639=LINE('',#4572,#1010);
#640=LINE('',#4573,#1011);
#641=LINE('',#4575,#1012);
#642=LINE('',#4577,#1013);
#643=LINE('',#4578,#1014);
#644=LINE('',#4581,#1015);
#645=LINE('',#4582,#1016);
#646=LINE('',#4585,#1017);
#647=LINE('',#4586,#1018);
#648=LINE('',#4589,#1019);
#649=LINE('',#4590,#1020);
#650=LINE('',#4593,#1021);
#651=LINE('',#4595,#1022);
#652=LINE('',#4596,#1023);
#653=LINE('',#4598,#1024);
#654=LINE('',#4599,#1025);
#655=LINE('',#4601,#1026);
#656=LINE('',#4602,#1027);
#657=LINE('',#4604,#1028);
#658=LINE('',#4607,#1029);
#659=LINE('',#4609,#1030);
#660=LINE('',#4614,#1031);
#661=LINE('',#4616,#1032);
#662=LINE('',#4618,#1033);
#663=LINE('',#4620,#1034);
#664=LINE('',#4622,#1035);
#665=LINE('',#4624,#1036);
#666=LINE('',#4626,#1037);
#667=LINE('',#4628,#1038);
#668=LINE('',#4630,#1039);
#669=LINE('',#4632,#1040);
#670=LINE('',#4634,#1041);
#671=LINE('',#4636,#1042);
#672=LINE('',#4638,#1043);
#673=LINE('',#4640,#1044);
#674=LINE('',#4642,#1045);
#675=LINE('',#4644,#1046);
#676=LINE('',#4646,#1047);
#677=LINE('',#4648,#1048);
#678=LINE('',#4650,#1049);
#679=LINE('',#4651,#1050);
#680=LINE('',#4654,#1051);
#681=LINE('',#4656,#1052);
#682=LINE('',#4657,#1053);
#683=LINE('',#4660,#1054);
#684=LINE('',#4661,#1055);
#685=LINE('',#4663,#1056);
#686=LINE('',#4664,#1057);
#687=LINE('',#4666,#1058);
#688=LINE('',#4669,#1059);
#689=LINE('',#4671,#1060);
#690=LINE('',#4673,#1061);
#691=LINE('',#4674,#1062);
#692=LINE('',#4676,#1063);
#693=LINE('',#4677,#1064);
#694=LINE('',#4680,#1065);
#695=LINE('',#4682,#1066);
#696=LINE('',#4683,#1067);
#697=LINE('',#4689,#1068);
#698=LINE('',#4690,#1069);
#699=LINE('',#4693,#1070);
#700=LINE('',#4694,#1071);
#701=LINE('',#4696,#1072);
#702=LINE('',#4697,#1073);
#703=LINE('',#4700,#1074);
#704=LINE('',#4701,#1075);
#705=LINE('',#4706,#1076);
#706=LINE('',#4707,#1077);
#707=LINE('',#4710,#1078);
#708=LINE('',#4712,#1079);
#709=LINE('',#4713,#1080);
#710=LINE('',#4716,#1081);
#711=LINE('',#4717,#1082);
#712=LINE('',#4720,#1083);
#713=LINE('',#4721,#1084);
#714=LINE('',#4724,#1085);
#715=LINE('',#4726,#1086);
#716=LINE('',#4727,#1087);
#717=LINE('',#4731,#1088);
#718=LINE('',#4733,#1089);
#719=LINE('',#4735,#1090);
#720=LINE('',#4736,#1091);
#721=LINE('',#4740,#1092);
#722=LINE('',#4744,#1093);
#723=LINE('',#4745,#1094);
#724=LINE('',#4748,#1095);
#725=LINE('',#4750,#1096);
#726=LINE('',#4751,#1097);
#727=LINE('',#4753,#1098);
#728=LINE('',#4756,#1099);
#729=LINE('',#4757,#1100);
#730=LINE('',#4760,#1101);
#731=LINE('',#4762,#1102);
#732=LINE('',#4763,#1103);
#733=LINE('',#4768,#1104);
#734=LINE('',#4771,#1105);
#735=LINE('',#4772,#1106);
#736=LINE('',#4774,#1107);
#737=LINE('',#4775,#1108);
#738=LINE('',#4777,#1109);
#739=LINE('',#4780,#1110);
#740=LINE('',#4782,#1111);
#741=LINE('',#4788,#1112);
#742=LINE('',#4789,#1113);
#743=LINE('',#4792,#1114);
#744=LINE('',#4793,#1115);
#745=LINE('',#4796,#1116);
#746=LINE('',#4797,#1117);
#747=LINE('',#4800,#1118);
#748=LINE('',#4802,#1119);
#749=LINE('',#4803,#1120);
#750=LINE('',#4806,#1121);
#751=LINE('',#4807,#1122);
#752=LINE('',#4810,#1123);
#753=LINE('',#4812,#1124);
#754=LINE('',#4813,#1125);
#755=LINE('',#4815,#1126);
#756=LINE('',#4818,#1127);
#757=LINE('',#4820,#1128);
#758=LINE('',#4821,#1129);
#759=LINE('',#4824,#1130);
#760=LINE('',#4826,#1131);
#761=LINE('',#4827,#1132);
#762=LINE('',#4830,#1133);
#763=LINE('',#4832,#1134);
#764=LINE('',#4833,#1135);
#765=LINE('',#4836,#1136);
#766=LINE('',#4838,#1137);
#767=LINE('',#4839,#1138);
#768=LINE('',#4844,#1139);
#769=LINE('',#4847,#1140);
#770=LINE('',#4848,#1141);
#771=LINE('',#4850,#1142);
#772=LINE('',#4852,#1143);
#773=LINE('',#4854,#1144);
#774=LINE('',#4856,#1145);
#775=LINE('',#4858,#1146);
#776=LINE('',#4860,#1147);
#777=LINE('',#4862,#1148);
#778=LINE('',#4864,#1149);
#779=LINE('',#4869,#1150);
#780=LINE('',#4872,#1151);
#781=LINE('',#4874,#1152);
#782=LINE('',#4876,#1153);
#783=LINE('',#4877,#1154);
#784=LINE('',#4879,#1155);
#785=LINE('',#4882,#1156);
#786=LINE('',#4886,#1157);
#787=LINE('',#4888,#1158);
#788=LINE('',#4890,#1159);
#789=LINE('',#4892,#1160);
#790=LINE('',#4894,#1161);
#791=LINE('',#4896,#1162);
#792=LINE('',#4898,#1163);
#793=LINE('',#4900,#1164);
#794=LINE('',#4902,#1165);
#795=LINE('',#4903,#1166);
#796=LINE('',#4907,#1167);
#797=LINE('',#4909,#1168);
#798=LINE('',#4912,#1169);
#799=LINE('',#4915,#1170);
#800=LINE('',#4917,#1171);
#801=LINE('',#4919,#1172);
#802=LINE('',#4920,#1173);
#803=LINE('',#4922,#1174);
#804=LINE('',#4925,#1175);
#805=LINE('',#4927,#1176);
#806=LINE('',#4929,#1177);
#807=LINE('',#4931,#1178);
#808=LINE('',#4934,#1179);
#809=LINE('',#4938,#1180);
#810=LINE('',#4939,#1181);
#811=LINE('',#4941,#1182);
#812=LINE('',#4943,#1183);
#813=LINE('',#4945,#1184);
#814=LINE('',#4947,#1185);
#815=LINE('',#4950,#1186);
#816=LINE('',#4953,#1187);
#817=LINE('',#4955,#1188);
#818=LINE('',#4957,#1189);
#819=LINE('',#4959,#1190);
#820=LINE('',#4961,#1191);
#821=LINE('',#4964,#1192);
#822=LINE('',#4966,#1193);
#823=VECTOR('',#3295,10.);
#824=VECTOR('',#3296,10.);
#825=VECTOR('',#3297,10.);
#826=VECTOR('',#3298,10.);
#827=VECTOR('',#3299,10.);
#828=VECTOR('',#3300,10.);
#829=VECTOR('',#3301,10.);
#830=VECTOR('',#3302,10.);
#831=VECTOR('',#3303,10.);
#832=VECTOR('',#3312,10.);
#833=VECTOR('',#3313,10.);
#834=VECTOR('',#3318,10.);
#835=VECTOR('',#3319,10.);
#836=VECTOR('',#3320,10.);
#837=VECTOR('',#3325,10.);
#838=VECTOR('',#3326,10.);
#839=VECTOR('',#3329,10.);
#840=VECTOR('',#3330,10.);
#841=VECTOR('',#3331,10.);
#842=VECTOR('',#3332,10.);
#843=VECTOR('',#3333,10.);
#844=VECTOR('',#3334,10.);
#845=VECTOR('',#3341,10.);
#846=VECTOR('',#3342,10.);
#847=VECTOR('',#3355,1.85);
#848=VECTOR('',#3360,10.);
#849=VECTOR('',#3361,10.);
#850=VECTOR('',#3362,10.);
#851=VECTOR('',#3363,10.);
#852=VECTOR('',#3364,10.);
#853=VECTOR('',#3365,10.);
#854=VECTOR('',#3366,10.);
#855=VECTOR('',#3367,10.);
#856=VECTOR('',#3368,10.);
#857=VECTOR('',#3369,10.);
#858=VECTOR('',#3370,10.);
#859=VECTOR('',#3371,10.);
#860=VECTOR('',#3372,10.);
#861=VECTOR('',#3373,10.);
#862=VECTOR('',#3374,10.);
#863=VECTOR('',#3375,10.);
#864=VECTOR('',#3376,10.);
#865=VECTOR('',#3377,10.);
#866=VECTOR('',#3378,10.);
#867=VECTOR('',#3379,10.);
#868=VECTOR('',#3380,10.);
#869=VECTOR('',#3381,10.);
#870=VECTOR('',#3386,10.);
#871=VECTOR('',#3387,10.);
#872=VECTOR('',#3388,10.);
#873=VECTOR('',#3389,10.);
#874=VECTOR('',#3390,10.);
#875=VECTOR('',#3391,10.);
#876=VECTOR('',#3392,10.);
#877=VECTOR('',#3393,10.);
#878=VECTOR('',#3394,10.);
#879=VECTOR('',#3395,10.);
#880=VECTOR('',#3396,10.);
#881=VECTOR('',#3397,10.);
#882=VECTOR('',#3398,10.);
#883=VECTOR('',#3399,10.);
#884=VECTOR('',#3400,10.);
#885=VECTOR('',#3401,10.);
#886=VECTOR('',#3402,10.);
#887=VECTOR('',#3403,10.);
#888=VECTOR('',#3414,10.);
#889=VECTOR('',#3415,10.);
#890=VECTOR('',#3416,10.);
#891=VECTOR('',#3419,10.);
#892=VECTOR('',#3420,10.);
#893=VECTOR('',#3423,10.);
#894=VECTOR('',#3424,10.);
#895=VECTOR('',#3427,10.);
#896=VECTOR('',#3428,10.);
#897=VECTOR('',#3429,10.);
#898=VECTOR('',#3430,10.);
#899=VECTOR('',#3433,10.);
#900=VECTOR('',#3434,10.);
#901=VECTOR('',#3435,10.);
#902=VECTOR('',#3438,10.);
#903=VECTOR('',#3439,10.);
#904=VECTOR('',#3442,10.);
#905=VECTOR('',#3445,10.);
#906=VECTOR('',#3446,10.);
#907=VECTOR('',#3447,10.);
#908=VECTOR('',#3450,10.);
#909=VECTOR('',#3451,10.);
#910=VECTOR('',#3452,10.);
#911=VECTOR('',#3453,10.);
#912=VECTOR('',#3454,10.);
#913=VECTOR('',#3455,10.);
#914=VECTOR('',#3456,10.);
#915=VECTOR('',#3457,10.);
#916=VECTOR('',#3458,10.);
#917=VECTOR('',#3467,10.);
#918=VECTOR('',#3468,10.);
#919=VECTOR('',#3473,10.);
#920=VECTOR('',#3474,10.);
#921=VECTOR('',#3475,10.);
#922=VECTOR('',#3480,10.);
#923=VECTOR('',#3481,10.);
#924=VECTOR('',#3484,10.);
#925=VECTOR('',#3485,10.);
#926=VECTOR('',#3486,10.);
#927=VECTOR('',#3487,10.);
#928=VECTOR('',#3488,10.);
#929=VECTOR('',#3489,10.);
#930=VECTOR('',#3496,10.);
#931=VECTOR('',#3497,10.);
#932=VECTOR('',#3508,1.85);
#933=VECTOR('',#3521,10.);
#934=VECTOR('',#3522,10.);
#935=VECTOR('',#3523,10.);
#936=VECTOR('',#3526,10.);
#937=VECTOR('',#3527,10.);
#938=VECTOR('',#3530,10.);
#939=VECTOR('',#3531,10.);
#940=VECTOR('',#3534,10.);
#941=VECTOR('',#3535,10.);
#942=VECTOR('',#3536,10.);
#943=VECTOR('',#3537,10.);
#944=VECTOR('',#3540,10.);
#945=VECTOR('',#3543,10.);
#946=VECTOR('',#3544,10.);
#947=VECTOR('',#3547,10.);
#948=VECTOR('',#3548,10.);
#949=VECTOR('',#3549,10.);
#950=VECTOR('',#3552,10.);
#951=VECTOR('',#3553,10.);
#952=VECTOR('',#3554,10.);
#953=VECTOR('',#3555,10.);
#954=VECTOR('',#3556,10.);
#955=VECTOR('',#3557,10.);
#956=VECTOR('',#3558,10.);
#957=VECTOR('',#3559,10.);
#958=VECTOR('',#3560,10.);
#959=VECTOR('',#3567,10.);
#960=VECTOR('',#3568,10.);
#961=VECTOR('',#3573,10.);
#962=VECTOR('',#3574,10.);
#963=VECTOR('',#3575,10.);
#964=VECTOR('',#3578,10.);
#965=VECTOR('',#3589,10.);
#966=VECTOR('',#3590,10.);
#967=VECTOR('',#3593,10.);
#968=VECTOR('',#3594,10.);
#969=VECTOR('',#3595,10.);
#970=VECTOR('',#3596,10.);
#971=VECTOR('',#3597,10.);
#972=VECTOR('',#3598,10.);
#973=VECTOR('',#3607,10.);
#974=VECTOR('',#3620,3.75);
#975=VECTOR('',#3625,3.75);
#976=VECTOR('',#3628,1.85);
#977=VECTOR('',#3633,3.75);
#978=VECTOR('',#3636,10.);
#979=VECTOR('',#3637,10.);
#980=VECTOR('',#3638,10.);
#981=VECTOR('',#3639,10.);
#982=VECTOR('',#3642,10.);
#983=VECTOR('',#3643,10.);
#984=VECTOR('',#3646,10.);
#985=VECTOR('',#3647,10.);
#986=VECTOR('',#3650,10.);
#987=VECTOR('',#3651,10.);
#988=VECTOR('',#3654,10.);
#989=VECTOR('',#3655,10.);
#990=VECTOR('',#3656,10.);
#991=VECTOR('',#3659,10.);
#992=VECTOR('',#3660,10.);
#993=VECTOR('',#3661,10.);
#994=VECTOR('',#3664,10.);
#995=VECTOR('',#3665,10.);
#996=VECTOR('',#3666,10.);
#997=VECTOR('',#3669,10.);
#998=VECTOR('',#3670,10.);
#999=VECTOR('',#3671,10.);
#1000=VECTOR('',#3674,10.);
#1001=VECTOR('',#3675,10.);
#1002=VECTOR('',#3676,10.);
#1003=VECTOR('',#3679,10.);
#1004=VECTOR('',#3680,10.);
#1005=VECTOR('',#3681,10.);
#1006=VECTOR('',#3684,10.);
#1007=VECTOR('',#3685,10.);
#1008=VECTOR('',#3686,10.);
#1009=VECTOR('',#3689,10.);
#1010=VECTOR('',#3690,10.);
#1011=VECTOR('',#3691,10.);
#1012=VECTOR('',#3694,10.);
#1013=VECTOR('',#3695,10.);
#1014=VECTOR('',#3696,10.);
#1015=VECTOR('',#3699,10.);
#1016=VECTOR('',#3700,10.);
#1017=VECTOR('',#3703,10.);
#1018=VECTOR('',#3704,10.);
#1019=VECTOR('',#3707,10.);
#1020=VECTOR('',#3708,10.);
#1021=VECTOR('',#3711,10.);
#1022=VECTOR('',#3712,10.);
#1023=VECTOR('',#3713,10.);
#1024=VECTOR('',#3716,10.);
#1025=VECTOR('',#3717,10.);
#1026=VECTOR('',#3720,10.);
#1027=VECTOR('',#3721,10.);
#1028=VECTOR('',#3724,10.);
#1029=VECTOR('',#3729,10.);
#1030=VECTOR('',#3732,10.);
#1031=VECTOR('',#3737,10.);
#1032=VECTOR('',#3738,10.);
#1033=VECTOR('',#3739,10.);
#1034=VECTOR('',#3740,10.);
#1035=VECTOR('',#3741,10.);
#1036=VECTOR('',#3742,10.);
#1037=VECTOR('',#3743,10.);
#1038=VECTOR('',#3744,10.);
#1039=VECTOR('',#3745,10.);
#1040=VECTOR('',#3746,10.);
#1041=VECTOR('',#3747,10.);
#1042=VECTOR('',#3748,10.);
#1043=VECTOR('',#3749,10.);
#1044=VECTOR('',#3750,10.);
#1045=VECTOR('',#3751,10.);
#1046=VECTOR('',#3752,10.);
#1047=VECTOR('',#3753,10.);
#1048=VECTOR('',#3754,10.);
#1049=VECTOR('',#3755,10.);
#1050=VECTOR('',#3756,10.);
#1051=VECTOR('',#3759,10.);
#1052=VECTOR('',#3760,10.);
#1053=VECTOR('',#3761,10.);
#1054=VECTOR('',#3764,10.);
#1055=VECTOR('',#3765,10.);
#1056=VECTOR('',#3768,10.);
#1057=VECTOR('',#3769,10.);
#1058=VECTOR('',#3772,10.);
#1059=VECTOR('',#3775,10.);
#1060=VECTOR('',#3776,10.);
#1061=VECTOR('',#3777,10.);
#1062=VECTOR('',#3778,10.);
#1063=VECTOR('',#3781,10.);
#1064=VECTOR('',#3782,10.);
#1065=VECTOR('',#3785,10.);
#1066=VECTOR('',#3786,10.);
#1067=VECTOR('',#3787,10.);
#1068=VECTOR('',#3796,10.);
#1069=VECTOR('',#3797,10.);
#1070=VECTOR('',#3800,10.);
#1071=VECTOR('',#3801,10.);
#1072=VECTOR('',#3804,10.);
#1073=VECTOR('',#3805,10.);
#1074=VECTOR('',#3808,10.);
#1075=VECTOR('',#3809,10.);
#1076=VECTOR('',#3816,10.);
#1077=VECTOR('',#3817,10.);
#1078=VECTOR('',#3820,10.);
#1079=VECTOR('',#3821,10.);
#1080=VECTOR('',#3822,10.);
#1081=VECTOR('',#3825,10.);
#1082=VECTOR('',#3826,10.);
#1083=VECTOR('',#3829,10.);
#1084=VECTOR('',#3830,10.);
#1085=VECTOR('',#3833,10.);
#1086=VECTOR('',#3834,10.);
#1087=VECTOR('',#3835,10.);
#1088=VECTOR('',#3838,10.);
#1089=VECTOR('',#3839,10.);
#1090=VECTOR('',#3840,10.);
#1091=VECTOR('',#3841,10.);
#1092=VECTOR('',#3844,10.);
#1093=VECTOR('',#3851,10.);
#1094=VECTOR('',#3852,10.);
#1095=VECTOR('',#3855,10.);
#1096=VECTOR('',#3856,10.);
#1097=VECTOR('',#3857,10.);
#1098=VECTOR('',#3860,10.);
#1099=VECTOR('',#3863,10.);
#1100=VECTOR('',#3864,10.);
#1101=VECTOR('',#3867,10.);
#1102=VECTOR('',#3868,10.);
#1103=VECTOR('',#3869,10.);
#1104=VECTOR('',#3874,10.);
#1105=VECTOR('',#3879,10.);
#1106=VECTOR('',#3880,10.);
#1107=VECTOR('',#3883,10.);
#1108=VECTOR('',#3884,10.);
#1109=VECTOR('',#3887,10.);
#1110=VECTOR('',#3892,10.);
#1111=VECTOR('',#3895,10.);
#1112=VECTOR('',#3904,10.);
#1113=VECTOR('',#3905,10.);
#1114=VECTOR('',#3908,10.);
#1115=VECTOR('',#3909,10.);
#1116=VECTOR('',#3912,10.);
#1117=VECTOR('',#3913,10.);
#1118=VECTOR('',#3916,10.);
#1119=VECTOR('',#3917,10.);
#1120=VECTOR('',#3918,10.);
#1121=VECTOR('',#3921,10.);
#1122=VECTOR('',#3922,10.);
#1123=VECTOR('',#3925,10.);
#1124=VECTOR('',#3926,10.);
#1125=VECTOR('',#3927,10.);
#1126=VECTOR('',#3930,10.);
#1127=VECTOR('',#3933,10.);
#1128=VECTOR('',#3934,10.);
#1129=VECTOR('',#3935,10.);
#1130=VECTOR('',#3938,10.);
#1131=VECTOR('',#3939,10.);
#1132=VECTOR('',#3940,10.);
#1133=VECTOR('',#3943,10.);
#1134=VECTOR('',#3944,10.);
#1135=VECTOR('',#3945,10.);
#1136=VECTOR('',#3948,10.);
#1137=VECTOR('',#3949,10.);
#1138=VECTOR('',#3950,10.);
#1139=VECTOR('',#3955,10.);
#1140=VECTOR('',#3960,10.);
#1141=VECTOR('',#3961,10.);
#1142=VECTOR('',#3964,10.);
#1143=VECTOR('',#3967,10.);
#1144=VECTOR('',#3970,10.);
#1145=VECTOR('',#3973,10.);
#1146=VECTOR('',#3976,10.);
#1147=VECTOR('',#3979,10.);
#1148=VECTOR('',#3982,10.);
#1149=VECTOR('',#3985,10.);
#1150=VECTOR('',#3992,10.);
#1151=VECTOR('',#3995,10.);
#1152=VECTOR('',#3996,10.);
#1153=VECTOR('',#3997,10.);
#1154=VECTOR('',#3998,10.);
#1155=VECTOR('',#4001,10.);
#1156=VECTOR('',#4004,10.);
#1157=VECTOR('',#4009,10.);
#1158=VECTOR('',#4010,10.);
#1159=VECTOR('',#4011,10.);
#1160=VECTOR('',#4012,10.);
#1161=VECTOR('',#4013,10.);
#1162=VECTOR('',#4014,10.);
#1163=VECTOR('',#4015,10.);
#1164=VECTOR('',#4016,10.);
#1165=VECTOR('',#4017,10.);
#1166=VECTOR('',#4018,10.);
#1167=VECTOR('',#4025,10.);
#1168=VECTOR('',#4028,10.);
#1169=VECTOR('',#4031,10.);
#1170=VECTOR('',#4034,10.);
#1171=VECTOR('',#4035,10.);
#1172=VECTOR('',#4036,10.);
#1173=VECTOR('',#4037,10.);
#1174=VECTOR('',#4040,10.);
#1175=VECTOR('',#4045,10.);
#1176=VECTOR('',#4048,10.);
#1177=VECTOR('',#4051,10.);
#1178=VECTOR('',#4054,10.);
#1179=VECTOR('',#4059,10.);
#1180=VECTOR('',#4066,10.);
#1181=VECTOR('',#4067,10.);
#1182=VECTOR('',#4070,10.);
#1183=VECTOR('',#4073,10.);
#1184=VECTOR('',#4076,10.);
#1185=VECTOR('',#4079,10.);
#1186=VECTOR('',#4084,10.);
#1187=VECTOR('',#4089,10.);
#1188=VECTOR('',#4092,10.);
#1189=VECTOR('',#4095,10.);
#1190=VECTOR('',#4098,10.);
#1191=VECTOR('',#4101,10.);
#1192=VECTOR('',#4106,10.);
#1193=VECTOR('',#4109,10.);
#1194=VERTEX_POINT('',#4121);
#1195=VERTEX_POINT('',#4122);
#1196=VERTEX_POINT('',#4124);
#1197=VERTEX_POINT('',#4126);
#1198=VERTEX_POINT('',#4128);
#1199=VERTEX_POINT('',#4130);
#1200=VERTEX_POINT('',#4132);
#1201=VERTEX_POINT('',#4134);
#1202=VERTEX_POINT('',#4136);
#1203=VERTEX_POINT('',#4140);
#1204=VERTEX_POINT('',#4144);
#1205=VERTEX_POINT('',#4146);
#1206=VERTEX_POINT('',#4150);
#1207=VERTEX_POINT('',#4152);
#1208=VERTEX_POINT('',#4156);
#1209=VERTEX_POINT('',#4158);
#1210=VERTEX_POINT('',#4162);
#1211=VERTEX_POINT('',#4164);
#1212=VERTEX_POINT('',#4167);
#1213=VERTEX_POINT('',#4169);
#1214=VERTEX_POINT('',#4175);
#1215=VERTEX_POINT('',#4179);
#1216=VERTEX_POINT('',#4185);
#1217=VERTEX_POINT('',#4189);
#1218=VERTEX_POINT('',#4190);
#1219=VERTEX_POINT('',#4192);
#1220=VERTEX_POINT('',#4194);
#1221=VERTEX_POINT('',#4196);
#1222=VERTEX_POINT('',#4198);
#1223=VERTEX_POINT('',#4200);
#1224=VERTEX_POINT('',#4202);
#1225=VERTEX_POINT('',#4204);
#1226=VERTEX_POINT('',#4206);
#1227=VERTEX_POINT('',#4208);
#1228=VERTEX_POINT('',#4210);
#1229=VERTEX_POINT('',#4212);
#1230=VERTEX_POINT('',#4214);
#1231=VERTEX_POINT('',#4216);
#1232=VERTEX_POINT('',#4218);
#1233=VERTEX_POINT('',#4220);
#1234=VERTEX_POINT('',#4222);
#1235=VERTEX_POINT('',#4224);
#1236=VERTEX_POINT('',#4226);
#1237=VERTEX_POINT('',#4228);
#1238=VERTEX_POINT('',#4230);
#1239=VERTEX_POINT('',#4233);
#1240=VERTEX_POINT('',#4235);
#1241=VERTEX_POINT('',#4237);
#1242=VERTEX_POINT('',#4238);
#1243=VERTEX_POINT('',#4240);
#1244=VERTEX_POINT('',#4242);
#1245=VERTEX_POINT('',#4244);
#1246=VERTEX_POINT('',#4246);
#1247=VERTEX_POINT('',#4248);
#1248=VERTEX_POINT('',#4250);
#1249=VERTEX_POINT('',#4252);
#1250=VERTEX_POINT('',#4254);
#1251=VERTEX_POINT('',#4256);
#1252=VERTEX_POINT('',#4258);
#1253=VERTEX_POINT('',#4260);
#1254=VERTEX_POINT('',#4262);
#1255=VERTEX_POINT('',#4264);
#1256=VERTEX_POINT('',#4266);
#1257=VERTEX_POINT('',#4268);
#1258=VERTEX_POINT('',#4270);
#1259=VERTEX_POINT('',#4278);
#1260=VERTEX_POINT('',#4280);
#1261=VERTEX_POINT('',#4284);
#1262=VERTEX_POINT('',#4288);
#1263=VERTEX_POINT('',#4292);
#1264=VERTEX_POINT('',#4293);
#1265=VERTEX_POINT('',#4296);
#1266=VERTEX_POINT('',#4300);
#1267=VERTEX_POINT('',#4301);
#1268=VERTEX_POINT('',#4306);
#1269=VERTEX_POINT('',#4307);
#1270=VERTEX_POINT('',#4309);
#1271=VERTEX_POINT('',#4314);
#1272=VERTEX_POINT('',#4315);
#1273=VERTEX_POINT('',#4320);
#1274=VERTEX_POINT('',#4321);
#1275=VERTEX_POINT('',#4323);
#1276=VERTEX_POINT('',#4325);
#1277=VERTEX_POINT('',#4327);
#1278=VERTEX_POINT('',#4329);
#1279=VERTEX_POINT('',#4331);
#1280=VERTEX_POINT('',#4333);
#1281=VERTEX_POINT('',#4335);
#1282=VERTEX_POINT('',#4339);
#1283=VERTEX_POINT('',#4343);
#1284=VERTEX_POINT('',#4345);
#1285=VERTEX_POINT('',#4349);
#1286=VERTEX_POINT('',#4351);
#1287=VERTEX_POINT('',#4355);
#1288=VERTEX_POINT('',#4357);
#1289=VERTEX_POINT('',#4361);
#1290=VERTEX_POINT('',#4363);
#1291=VERTEX_POINT('',#4366);
#1292=VERTEX_POINT('',#4368);
#1293=VERTEX_POINT('',#4374);
#1294=VERTEX_POINT('',#4381);
#1295=VERTEX_POINT('',#4390);
#1296=VERTEX_POINT('',#4392);
#1297=VERTEX_POINT('',#4396);
#1298=VERTEX_POINT('',#4400);
#1299=VERTEX_POINT('',#4404);
#1300=VERTEX_POINT('',#4405);
#1301=VERTEX_POINT('',#4407);
#1302=VERTEX_POINT('',#4409);
#1303=VERTEX_POINT('',#4413);
#1304=VERTEX_POINT('',#4414);
#1305=VERTEX_POINT('',#4416);
#1306=VERTEX_POINT('',#4421);
#1307=VERTEX_POINT('',#4422);
#1308=VERTEX_POINT('',#4427);
#1309=VERTEX_POINT('',#4428);
#1310=VERTEX_POINT('',#4430);
#1311=VERTEX_POINT('',#4432);
#1312=VERTEX_POINT('',#4434);
#1313=VERTEX_POINT('',#4436);
#1314=VERTEX_POINT('',#4438);
#1315=VERTEX_POINT('',#4440);
#1316=VERTEX_POINT('',#4442);
#1317=VERTEX_POINT('',#4448);
#1318=VERTEX_POINT('',#4450);
#1319=VERTEX_POINT('',#4454);
#1320=VERTEX_POINT('',#4456);
#1321=VERTEX_POINT('',#4460);
#1322=VERTEX_POINT('',#4466);
#1323=VERTEX_POINT('',#4468);
#1324=VERTEX_POINT('',#4472);
#1325=VERTEX_POINT('',#4474);
#1326=VERTEX_POINT('',#4477);
#1327=VERTEX_POINT('',#4479);
#1328=VERTEX_POINT('',#4483);
#1329=VERTEX_POINT('',#4493);
#1330=VERTEX_POINT('',#4497);
#1331=VERTEX_POINT('',#4503);
#1332=VERTEX_POINT('',#4507);
#1333=VERTEX_POINT('',#4508);
#1334=VERTEX_POINT('',#4511);
#1335=VERTEX_POINT('',#4515);
#1336=VERTEX_POINT('',#4519);
#1337=VERTEX_POINT('',#4523);
#1338=VERTEX_POINT('',#4527);
#1339=VERTEX_POINT('',#4529);
#1340=VERTEX_POINT('',#4533);
#1341=VERTEX_POINT('',#4535);
#1342=VERTEX_POINT('',#4539);
#1343=VERTEX_POINT('',#4541);
#1344=VERTEX_POINT('',#4545);
#1345=VERTEX_POINT('',#4547);
#1346=VERTEX_POINT('',#4551);
#1347=VERTEX_POINT('',#4553);
#1348=VERTEX_POINT('',#4557);
#1349=VERTEX_POINT('',#4559);
#1350=VERTEX_POINT('',#4563);
#1351=VERTEX_POINT('',#4565);
#1352=VERTEX_POINT('',#4569);
#1353=VERTEX_POINT('',#4571);
#1354=VERTEX_POINT('',#4576);
#1355=VERTEX_POINT('',#4580);
#1356=VERTEX_POINT('',#4584);
#1357=VERTEX_POINT('',#4588);
#1358=VERTEX_POINT('',#4592);
#1359=VERTEX_POINT('',#4594);
#1360=VERTEX_POINT('',#4612);
#1361=VERTEX_POINT('',#4613);
#1362=VERTEX_POINT('',#4615);
#1363=VERTEX_POINT('',#4617);
#1364=VERTEX_POINT('',#4619);
#1365=VERTEX_POINT('',#4621);
#1366=VERTEX_POINT('',#4623);
#1367=VERTEX_POINT('',#4625);
#1368=VERTEX_POINT('',#4627);
#1369=VERTEX_POINT('',#4629);
#1370=VERTEX_POINT('',#4631);
#1371=VERTEX_POINT('',#4633);
#1372=VERTEX_POINT('',#4635);
#1373=VERTEX_POINT('',#4637);
#1374=VERTEX_POINT('',#4639);
#1375=VERTEX_POINT('',#4641);
#1376=VERTEX_POINT('',#4643);
#1377=VERTEX_POINT('',#4645);
#1378=VERTEX_POINT('',#4647);
#1379=VERTEX_POINT('',#4649);
#1380=VERTEX_POINT('',#4653);
#1381=VERTEX_POINT('',#4655);
#1382=VERTEX_POINT('',#4659);
#1383=VERTEX_POINT('',#4668);
#1384=VERTEX_POINT('',#4670);
#1385=VERTEX_POINT('',#4672);
#1386=VERTEX_POINT('',#4679);
#1387=VERTEX_POINT('',#4681);
#1388=VERTEX_POINT('',#4688);
#1389=VERTEX_POINT('',#4692);
#1390=VERTEX_POINT('',#4699);
#1391=VERTEX_POINT('',#4705);
#1392=VERTEX_POINT('',#4709);
#1393=VERTEX_POINT('',#4711);
#1394=VERTEX_POINT('',#4715);
#1395=VERTEX_POINT('',#4719);
#1396=VERTEX_POINT('',#4723);
#1397=VERTEX_POINT('',#4725);
#1398=VERTEX_POINT('',#4729);
#1399=VERTEX_POINT('',#4730);
#1400=VERTEX_POINT('',#4732);
#1401=VERTEX_POINT('',#4734);
#1402=VERTEX_POINT('',#4738);
#1403=VERTEX_POINT('',#4739);
#1404=VERTEX_POINT('',#4747);
#1405=VERTEX_POINT('',#4749);
#1406=VERTEX_POINT('',#4755);
#1407=VERTEX_POINT('',#4759);
#1408=VERTEX_POINT('',#4761);
#1409=VERTEX_POINT('',#4765);
#1410=VERTEX_POINT('',#4767);
#1411=VERTEX_POINT('',#4787);
#1412=VERTEX_POINT('',#4791);
#1413=VERTEX_POINT('',#4795);
#1414=VERTEX_POINT('',#4799);
#1415=VERTEX_POINT('',#4801);
#1416=VERTEX_POINT('',#4805);
#1417=VERTEX_POINT('',#4809);
#1418=VERTEX_POINT('',#4811);
#1419=VERTEX_POINT('',#4817);
#1420=VERTEX_POINT('',#4819);
#1421=VERTEX_POINT('',#4823);
#1422=VERTEX_POINT('',#4825);
#1423=VERTEX_POINT('',#4829);
#1424=VERTEX_POINT('',#4831);
#1425=VERTEX_POINT('',#4835);
#1426=VERTEX_POINT('',#4837);
#1427=VERTEX_POINT('',#4841);
#1428=VERTEX_POINT('',#4843);
#1429=VERTEX_POINT('',#4867);
#1430=VERTEX_POINT('',#4871);
#1431=VERTEX_POINT('',#4873);
#1432=VERTEX_POINT('',#4875);
#1433=VERTEX_POINT('',#4881);
#1434=VERTEX_POINT('',#4885);
#1435=VERTEX_POINT('',#4887);
#1436=VERTEX_POINT('',#4889);
#1437=VERTEX_POINT('',#4891);
#1438=VERTEX_POINT('',#4893);
#1439=VERTEX_POINT('',#4895);
#1440=VERTEX_POINT('',#4897);
#1441=VERTEX_POINT('',#4899);
#1442=VERTEX_POINT('',#4901);
#1443=VERTEX_POINT('',#4910);
#1444=VERTEX_POINT('',#4914);
#1445=VERTEX_POINT('',#4916);
#1446=VERTEX_POINT('',#4918);
#1447=EDGE_CURVE('',#1194,#1195,#452,.T.);
#1448=EDGE_CURVE('',#1196,#1194,#453,.T.);
#1449=EDGE_CURVE('',#1197,#1196,#454,.T.);
#1450=EDGE_CURVE('',#1198,#1197,#455,.T.);
#1451=EDGE_CURVE('',#1199,#1198,#456,.T.);
#1452=EDGE_CURVE('',#1200,#1199,#457,.T.);
#1453=EDGE_CURVE('',#1201,#1200,#458,.T.);
#1454=EDGE_CURVE('',#1202,#1201,#459,.T.);
#1455=EDGE_CURVE('',#1195,#1202,#460,.T.);
#1456=EDGE_CURVE('',#1197,#1203,#45,.T.);
#1457=EDGE_CURVE('',#1203,#1196,#46,.T.);
#1458=EDGE_CURVE('',#1195,#1204,#461,.T.);
#1459=EDGE_CURVE('',#1204,#1205,#462,.T.);
#1460=EDGE_CURVE('',#1194,#1205,#47,.T.);
#1461=EDGE_CURVE('',#1206,#1202,#463,.T.);
#1462=EDGE_CURVE('',#1207,#1206,#464,.T.);
#1463=EDGE_CURVE('',#1207,#1204,#465,.T.);
#1464=EDGE_CURVE('',#1208,#1198,#48,.T.);
#1465=EDGE_CURVE('',#1208,#1209,#466,.T.);
#1466=EDGE_CURVE('',#1209,#1199,#467,.T.);
#1467=EDGE_CURVE('',#1210,#1208,#468,.T.);
#1468=EDGE_CURVE('',#1211,#1210,#469,.T.);
#1469=EDGE_CURVE('',#1205,#1211,#470,.T.);
#1470=EDGE_CURVE('',#1212,#1207,#471,.T.);
#1471=EDGE_CURVE('',#1213,#1212,#472,.T.);
#1472=EDGE_CURVE('',#1209,#1213,#473,.T.);
#1473=EDGE_CURVE('',#1211,#1210,#49,.T.);
#1474=EDGE_CURVE('',#1214,#1213,#474,.T.);
#1475=EDGE_CURVE('',#1200,#1214,#475,.T.);
#1476=EDGE_CURVE('',#1214,#1215,#50,.T.);
#1477=EDGE_CURVE('',#1212,#1214,#51,.T.);
#1478=EDGE_CURVE('',#1206,#1212,#52,.T.);
#1479=EDGE_CURVE('',#1201,#1206,#53,.T.);
#1480=EDGE_CURVE('',#1215,#1201,#54,.T.);
#1481=EDGE_CURVE('',#1215,#1216,#476,.T.);
#1482=EDGE_CURVE('',#1216,#1216,#55,.T.);
#1483=EDGE_CURVE('',#1217,#1218,#477,.T.);
#1484=EDGE_CURVE('',#1218,#1219,#478,.T.);
#1485=EDGE_CURVE('',#1219,#1220,#479,.T.);
#1486=EDGE_CURVE('',#1220,#1221,#480,.T.);
#1487=EDGE_CURVE('',#1221,#1222,#481,.T.);
#1488=EDGE_CURVE('',#1222,#1223,#482,.T.);
#1489=EDGE_CURVE('',#1224,#1223,#483,.F.);
#1490=EDGE_CURVE('',#1224,#1225,#484,.T.);
#1491=EDGE_CURVE('',#1226,#1225,#485,.F.);
#1492=EDGE_CURVE('',#1226,#1227,#486,.T.);
#1493=EDGE_CURVE('',#1227,#1228,#487,.T.);
#1494=EDGE_CURVE('',#1228,#1229,#488,.T.);
#1495=EDGE_CURVE('',#1229,#1230,#489,.T.);
#1496=EDGE_CURVE('',#1230,#1231,#490,.T.);
#1497=EDGE_CURVE('',#1231,#1232,#491,.T.);
#1498=EDGE_CURVE('',#1232,#1233,#492,.T.);
#1499=EDGE_CURVE('',#1233,#1234,#493,.T.);
#1500=EDGE_CURVE('',#1234,#1235,#494,.T.);
#1501=EDGE_CURVE('',#1235,#1236,#495,.T.);
#1502=EDGE_CURVE('',#1236,#1237,#496,.T.);
#1503=EDGE_CURVE('',#1237,#1238,#497,.T.);
#1504=EDGE_CURVE('',#1238,#1217,#498,.T.);
#1505=EDGE_CURVE('',#1239,#1239,#56,.T.);
#1506=EDGE_CURVE('',#1240,#1240,#57,.T.);
#1507=EDGE_CURVE('',#1241,#1242,#499,.T.);
#1508=EDGE_CURVE('',#1243,#1241,#500,.T.);
#1509=EDGE_CURVE('',#1244,#1243,#501,.T.);
#1510=EDGE_CURVE('',#1245,#1244,#502,.T.);
#1511=EDGE_CURVE('',#1246,#1245,#503,.T.);
#1512=EDGE_CURVE('',#1247,#1246,#504,.T.);
#1513=EDGE_CURVE('',#1248,#1247,#505,.T.);
#1514=EDGE_CURVE('',#1249,#1248,#506,.T.);
#1515=EDGE_CURVE('',#1250,#1249,#507,.T.);
#1516=EDGE_CURVE('',#1251,#1250,#508,.T.);
#1517=EDGE_CURVE('',#1252,#1251,#509,.T.);
#1518=EDGE_CURVE('',#1253,#1252,#510,.T.);
#1519=EDGE_CURVE('',#1254,#1253,#511,.T.);
#1520=EDGE_CURVE('',#1255,#1254,#512,.T.);
#1521=EDGE_CURVE('',#1256,#1255,#513,.T.);
#1522=EDGE_CURVE('',#1257,#1256,#514,.T.);
#1523=EDGE_CURVE('',#1258,#1257,#515,.T.);
#1524=EDGE_CURVE('',#1242,#1258,#516,.T.);
#1525=EDGE_CURVE('',#1247,#1259,#517,.T.);
#1526=EDGE_CURVE('',#1260,#1259,#518,.T.);
#1527=EDGE_CURVE('',#1248,#1260,#519,.T.);
#1528=EDGE_CURVE('',#1246,#1261,#520,.T.);
#1529=EDGE_CURVE('',#1259,#1261,#521,.T.);
#1530=EDGE_CURVE('',#1245,#1262,#522,.T.);
#1531=EDGE_CURVE('',#1261,#1262,#523,.T.);
#1532=EDGE_CURVE('',#1263,#1264,#524,.T.);
#1533=EDGE_CURVE('',#1219,#1263,#525,.T.);
#1534=EDGE_CURVE('',#1219,#1265,#526,.T.);
#1535=EDGE_CURVE('',#1264,#1265,#527,.T.);
#1536=EDGE_CURVE('',#1266,#1267,#528,.T.);
#1537=EDGE_CURVE('',#1263,#1267,#529,.T.);
#1538=EDGE_CURVE('',#1264,#1266,#530,.T.);
#1539=EDGE_CURVE('',#1268,#1269,#531,.T.);
#1540=EDGE_CURVE('',#1270,#1268,#532,.T.);
#1541=EDGE_CURVE('',#1267,#1270,#58,.T.);
#1542=EDGE_CURVE('',#1269,#1266,#533,.T.);
#1543=EDGE_CURVE('',#1271,#1272,#534,.T.);
#1544=EDGE_CURVE('',#1268,#1271,#535,.T.);
#1545=EDGE_CURVE('',#1272,#1269,#536,.T.);
#1546=EDGE_CURVE('',#1273,#1274,#537,.T.);
#1547=EDGE_CURVE('',#1275,#1273,#538,.T.);
#1548=EDGE_CURVE('',#1276,#1275,#539,.T.);
#1549=EDGE_CURVE('',#1277,#1276,#540,.T.);
#1550=EDGE_CURVE('',#1278,#1277,#541,.T.);
#1551=EDGE_CURVE('',#1279,#1278,#542,.T.);
#1552=EDGE_CURVE('',#1280,#1279,#543,.T.);
#1553=EDGE_CURVE('',#1281,#1280,#544,.T.);
#1554=EDGE_CURVE('',#1274,#1281,#545,.T.);
#1555=EDGE_CURVE('',#1276,#1282,#59,.T.);
#1556=EDGE_CURVE('',#1282,#1275,#60,.T.);
#1557=EDGE_CURVE('',#1274,#1283,#546,.T.);
#1558=EDGE_CURVE('',#1283,#1284,#547,.T.);
#1559=EDGE_CURVE('',#1273,#1284,#61,.T.);
#1560=EDGE_CURVE('',#1285,#1281,#548,.T.);
#1561=EDGE_CURVE('',#1286,#1285,#549,.T.);
#1562=EDGE_CURVE('',#1286,#1283,#550,.T.);
#1563=EDGE_CURVE('',#1287,#1277,#62,.T.);
#1564=EDGE_CURVE('',#1287,#1288,#551,.T.);
#1565=EDGE_CURVE('',#1288,#1278,#552,.T.);
#1566=EDGE_CURVE('',#1289,#1287,#553,.T.);
#1567=EDGE_CURVE('',#1290,#1289,#554,.T.);
#1568=EDGE_CURVE('',#1284,#1290,#555,.T.);
#1569=EDGE_CURVE('',#1291,#1286,#556,.T.);
#1570=EDGE_CURVE('',#1292,#1291,#557,.T.);
#1571=EDGE_CURVE('',#1288,#1292,#558,.T.);
#1572=EDGE_CURVE('',#1290,#1289,#63,.T.);
#1573=EDGE_CURVE('',#1293,#1292,#559,.T.);
#1574=EDGE_CURVE('',#1279,#1293,#560,.T.);
#1575=EDGE_CURVE('',#1293,#1280,#64,.T.);
#1576=EDGE_CURVE('',#1291,#1293,#65,.T.);
#1577=EDGE_CURVE('',#1285,#1291,#66,.T.);
#1578=EDGE_CURVE('',#1294,#1285,#67,.T.);
#1579=EDGE_CURVE('',#1294,#1239,#561,.T.);
#1580=EDGE_CURVE('',#1280,#1294,#68,.T.);
#1581=EDGE_CURVE('',#1253,#1295,#562,.T.);
#1582=EDGE_CURVE('',#1296,#1295,#563,.T.);
#1583=EDGE_CURVE('',#1254,#1296,#564,.T.);
#1584=EDGE_CURVE('',#1252,#1297,#565,.T.);
#1585=EDGE_CURVE('',#1295,#1297,#566,.T.);
#1586=EDGE_CURVE('',#1251,#1298,#567,.T.);
#1587=EDGE_CURVE('',#1297,#1298,#568,.T.);
#1588=EDGE_CURVE('',#1299,#1300,#569,.T.);
#1589=EDGE_CURVE('',#1301,#1299,#570,.T.);
#1590=EDGE_CURVE('',#1301,#1302,#571,.T.);
#1591=EDGE_CURVE('',#1300,#1302,#572,.T.);
#1592=EDGE_CURVE('',#1303,#1304,#573,.T.);
#1593=EDGE_CURVE('',#1305,#1303,#69,.T.);
#1594=EDGE_CURVE('',#1299,#1305,#574,.T.);
#1595=EDGE_CURVE('',#1304,#1300,#575,.T.);
#1596=EDGE_CURVE('',#1306,#1307,#576,.T.);
#1597=EDGE_CURVE('',#1303,#1307,#577,.T.);
#1598=EDGE_CURVE('',#1304,#1306,#578,.T.);
#1599=EDGE_CURVE('',#1308,#1309,#579,.T.);
#1600=EDGE_CURVE('',#1310,#1308,#580,.T.);
#1601=EDGE_CURVE('',#1311,#1310,#581,.T.);
#1602=EDGE_CURVE('',#1312,#1311,#582,.T.);
#1603=EDGE_CURVE('',#1313,#1312,#583,.T.);
#1604=EDGE_CURVE('',#1314,#1313,#584,.T.);
#1605=EDGE_CURVE('',#1315,#1314,#585,.T.);
#1606=EDGE_CURVE('',#1316,#1315,#586,.T.);
#1607=EDGE_CURVE('',#1309,#1316,#587,.T.);
#1608=EDGE_CURVE('',#1311,#1310,#70,.T.);
#1609=EDGE_CURVE('',#1309,#1317,#588,.T.);
#1610=EDGE_CURVE('',#1317,#1318,#589,.T.);
#1611=EDGE_CURVE('',#1308,#1318,#71,.T.);
#1612=EDGE_CURVE('',#1319,#1316,#590,.T.);
#1613=EDGE_CURVE('',#1320,#1319,#591,.T.);
#1614=EDGE_CURVE('',#1320,#1317,#592,.T.);
#1615=EDGE_CURVE('',#1314,#1321,#593,.T.);
#1616=EDGE_CURVE('',#1321,#1315,#72,.T.);
#1617=EDGE_CURVE('',#1315,#1319,#73,.T.);
#1618=EDGE_CURVE('',#1322,#1312,#74,.T.);
#1619=EDGE_CURVE('',#1322,#1323,#594,.T.);
#1620=EDGE_CURVE('',#1323,#1313,#595,.T.);
#1621=EDGE_CURVE('',#1324,#1322,#596,.T.);
#1622=EDGE_CURVE('',#1325,#1324,#597,.T.);
#1623=EDGE_CURVE('',#1318,#1325,#598,.T.);
#1624=EDGE_CURVE('',#1326,#1320,#599,.T.);
#1625=EDGE_CURVE('',#1327,#1326,#600,.T.);
#1626=EDGE_CURVE('',#1323,#1327,#601,.T.);
#1627=EDGE_CURVE('',#1325,#1328,#75,.T.);
#1628=EDGE_CURVE('',#1328,#1324,#76,.T.);
#1629=EDGE_CURVE('',#1321,#1327,#602,.T.);
#1630=EDGE_CURVE('',#1319,#1326,#77,.T.);
#1631=EDGE_CURVE('',#1326,#1321,#78,.T.);
#1632=EDGE_CURVE('',#1329,#1329,#79,.T.);
#1633=EDGE_CURVE('',#1329,#1328,#603,.T.);
#1634=EDGE_CURVE('',#1330,#1330,#80,.T.);
#1635=EDGE_CURVE('',#1330,#1203,#604,.T.);
#1636=EDGE_CURVE('',#1326,#1240,#605,.T.);
#1637=EDGE_CURVE('',#1331,#1331,#81,.T.);
#1638=EDGE_CURVE('',#1331,#1282,#606,.T.);
#1639=EDGE_CURVE('',#1332,#1333,#607,.T.);
#1640=EDGE_CURVE('',#1333,#1298,#608,.T.);
#1641=EDGE_CURVE('',#1298,#1334,#609,.T.);
#1642=EDGE_CURVE('',#1332,#1334,#610,.T.);
#1643=EDGE_CURVE('',#1333,#1335,#611,.T.);
#1644=EDGE_CURVE('',#1335,#1297,#612,.T.);
#1645=EDGE_CURVE('',#1335,#1336,#613,.T.);
#1646=EDGE_CURVE('',#1336,#1295,#614,.T.);
#1647=EDGE_CURVE('',#1336,#1337,#615,.T.);
#1648=EDGE_CURVE('',#1337,#1296,#616,.T.);
#1649=EDGE_CURVE('',#1337,#1338,#617,.T.);
#1650=EDGE_CURVE('',#1338,#1339,#618,.T.);
#1651=EDGE_CURVE('',#1339,#1296,#619,.T.);
#1652=EDGE_CURVE('',#1338,#1340,#620,.T.);
#1653=EDGE_CURVE('',#1340,#1341,#621,.T.);
#1654=EDGE_CURVE('',#1341,#1339,#622,.T.);
#1655=EDGE_CURVE('',#1340,#1342,#623,.T.);
#1656=EDGE_CURVE('',#1342,#1343,#624,.T.);
#1657=EDGE_CURVE('',#1343,#1341,#625,.T.);
#1658=EDGE_CURVE('',#1342,#1344,#626,.T.);
#1659=EDGE_CURVE('',#1344,#1345,#627,.T.);
#1660=EDGE_CURVE('',#1345,#1343,#628,.T.);
#1661=EDGE_CURVE('',#1344,#1346,#629,.T.);
#1662=EDGE_CURVE('',#1346,#1347,#630,.T.);
#1663=EDGE_CURVE('',#1347,#1345,#631,.T.);
#1664=EDGE_CURVE('',#1346,#1348,#632,.T.);
#1665=EDGE_CURVE('',#1348,#1349,#633,.T.);
#1666=EDGE_CURVE('',#1349,#1347,#634,.T.);
#1667=EDGE_CURVE('',#1350,#1349,#635,.T.);
#1668=EDGE_CURVE('',#1348,#1351,#636,.T.);
#1669=EDGE_CURVE('',#1351,#1350,#637,.T.);
#1670=EDGE_CURVE('',#1352,#1350,#638,.T.);
#1671=EDGE_CURVE('',#1351,#1353,#639,.T.);
#1672=EDGE_CURVE('',#1353,#1352,#640,.T.);
#1673=EDGE_CURVE('',#1262,#1352,#641,.T.);
#1674=EDGE_CURVE('',#1353,#1354,#642,.T.);
#1675=EDGE_CURVE('',#1354,#1262,#643,.T.);
#1676=EDGE_CURVE('',#1354,#1355,#644,.T.);
#1677=EDGE_CURVE('',#1355,#1261,#645,.T.);
#1678=EDGE_CURVE('',#1355,#1356,#646,.T.);
#1679=EDGE_CURVE('',#1356,#1259,#647,.T.);
#1680=EDGE_CURVE('',#1356,#1357,#648,.T.);
#1681=EDGE_CURVE('',#1357,#1260,#649,.T.);
#1682=EDGE_CURVE('',#1358,#1260,#650,.T.);
#1683=EDGE_CURVE('',#1357,#1359,#651,.T.);
#1684=EDGE_CURVE('',#1359,#1358,#652,.T.);
#1685=EDGE_CURVE('',#1334,#1358,#653,.T.);
#1686=EDGE_CURVE('',#1359,#1332,#654,.T.);
#1687=EDGE_CURVE('',#1243,#1350,#655,.T.);
#1688=EDGE_CURVE('',#1241,#1349,#656,.T.);
#1689=EDGE_CURVE('',#1244,#1352,#657,.T.);
#1690=EDGE_CURVE('',#1249,#1358,#658,.T.);
#1691=EDGE_CURVE('',#1250,#1334,#659,.T.);
#1692=EDGE_CURVE('',#1360,#1361,#660,.T.);
#1693=EDGE_CURVE('',#1362,#1360,#661,.T.);
#1694=EDGE_CURVE('',#1363,#1362,#662,.T.);
#1695=EDGE_CURVE('',#1364,#1363,#663,.T.);
#1696=EDGE_CURVE('',#1365,#1364,#664,.T.);
#1697=EDGE_CURVE('',#1366,#1365,#665,.T.);
#1698=EDGE_CURVE('',#1367,#1366,#666,.T.);
#1699=EDGE_CURVE('',#1368,#1367,#667,.T.);
#1700=EDGE_CURVE('',#1369,#1368,#668,.T.);
#1701=EDGE_CURVE('',#1370,#1369,#669,.T.);
#1702=EDGE_CURVE('',#1371,#1370,#670,.T.);
#1703=EDGE_CURVE('',#1372,#1371,#671,.T.);
#1704=EDGE_CURVE('',#1373,#1372,#672,.T.);
#1705=EDGE_CURVE('',#1374,#1373,#673,.T.);
#1706=EDGE_CURVE('',#1375,#1374,#674,.T.);
#1707=EDGE_CURVE('',#1376,#1375,#675,.T.);
#1708=EDGE_CURVE('',#1377,#1376,#676,.T.);
#1709=EDGE_CURVE('',#1378,#1377,#677,.T.);
#1710=EDGE_CURVE('',#1379,#1378,#678,.T.);
#1711=EDGE_CURVE('',#1361,#1379,#679,.T.);
#1712=EDGE_CURVE('',#1368,#1380,#680,.T.);
#1713=EDGE_CURVE('',#1380,#1381,#681,.T.);
#1714=EDGE_CURVE('',#1369,#1381,#682,.T.);
#1715=EDGE_CURVE('',#1367,#1382,#683,.T.);
#1716=EDGE_CURVE('',#1382,#1380,#684,.T.);
#1717=EDGE_CURVE('',#1366,#1302,#685,.T.);
#1718=EDGE_CURVE('',#1302,#1382,#686,.T.);
#1719=EDGE_CURVE('',#1365,#1300,#687,.T.);
#1720=EDGE_CURVE('',#1271,#1383,#688,.T.);
#1721=EDGE_CURVE('',#1383,#1384,#689,.T.);
#1722=EDGE_CURVE('',#1384,#1385,#690,.T.);
#1723=EDGE_CURVE('',#1385,#1271,#691,.T.);
#1724=EDGE_CURVE('',#1306,#1364,#692,.T.);
#1725=EDGE_CURVE('',#1364,#1304,#693,.T.);
#1726=EDGE_CURVE('',#1305,#1386,#694,.T.);
#1727=EDGE_CURVE('',#1386,#1387,#695,.T.);
#1728=EDGE_CURVE('',#1387,#1299,#696,.T.);
#1729=EDGE_CURVE('',#1307,#1386,#82,.T.);
#1730=EDGE_CURVE('',#1385,#1388,#697,.T.);
#1731=EDGE_CURVE('',#1388,#1268,#698,.T.);
#1732=EDGE_CURVE('',#1389,#1306,#699,.T.);
#1733=EDGE_CURVE('',#1363,#1389,#700,.T.);
#1734=EDGE_CURVE('',#1266,#1375,#701,.T.);
#1735=EDGE_CURVE('',#1375,#1264,#702,.T.);
#1736=EDGE_CURVE('',#1388,#1390,#703,.T.);
#1737=EDGE_CURVE('',#1390,#1270,#704,.T.);
#1738=EDGE_CURVE('',#1390,#1263,#83,.T.);
#1739=EDGE_CURVE('',#1362,#1391,#705,.T.);
#1740=EDGE_CURVE('',#1391,#1389,#706,.T.);
#1741=EDGE_CURVE('',#1392,#1360,#707,.T.);
#1742=EDGE_CURVE('',#1393,#1392,#708,.T.);
#1743=EDGE_CURVE('',#1360,#1393,#709,.T.);
#1744=EDGE_CURVE('',#1394,#1392,#710,.T.);
#1745=EDGE_CURVE('',#1361,#1394,#711,.T.);
#1746=EDGE_CURVE('',#1379,#1395,#712,.T.);
#1747=EDGE_CURVE('',#1395,#1394,#713,.T.);
#1748=EDGE_CURVE('',#1396,#1378,#714,.T.);
#1749=EDGE_CURVE('',#1397,#1396,#715,.T.);
#1750=EDGE_CURVE('',#1378,#1397,#716,.T.);
#1751=EDGE_CURVE('',#1398,#1399,#717,.T.);
#1752=EDGE_CURVE('',#1399,#1400,#718,.T.);
#1753=EDGE_CURVE('',#1400,#1401,#719,.T.);
#1754=EDGE_CURVE('',#1401,#1398,#720,.T.);
#1755=EDGE_CURVE('',#1402,#1403,#721,.T.);
#1756=EDGE_CURVE('',#1403,#1400,#84,.T.);
#1757=EDGE_CURVE('',#1399,#1402,#85,.T.);
#1758=EDGE_CURVE('',#1402,#1397,#722,.T.);
#1759=EDGE_CURVE('',#1396,#1403,#723,.T.);
#1760=EDGE_CURVE('',#1404,#1398,#724,.T.);
#1761=EDGE_CURVE('',#1401,#1405,#725,.T.);
#1762=EDGE_CURVE('',#1405,#1404,#726,.T.);
#1763=EDGE_CURVE('',#1397,#1395,#727,.T.);
#1764=EDGE_CURVE('',#1406,#1396,#728,.T.);
#1765=EDGE_CURVE('',#1377,#1406,#729,.T.);
#1766=EDGE_CURVE('',#1405,#1407,#730,.T.);
#1767=EDGE_CURVE('',#1407,#1408,#731,.T.);
#1768=EDGE_CURVE('',#1408,#1404,#732,.T.);
#1769=EDGE_CURVE('',#1407,#1409,#86,.T.);
#1770=EDGE_CURVE('',#1409,#1410,#733,.T.);
#1771=EDGE_CURVE('',#1410,#1408,#87,.T.);
#1772=EDGE_CURVE('',#1409,#1393,#734,.T.);
#1773=EDGE_CURVE('',#1392,#1410,#735,.T.);
#1774=EDGE_CURVE('',#1265,#1406,#736,.T.);
#1775=EDGE_CURVE('',#1376,#1265,#737,.T.);
#1776=EDGE_CURVE('',#1393,#1391,#738,.T.);
#1777=EDGE_CURVE('',#1374,#1269,#739,.T.);
#1778=EDGE_CURVE('',#1373,#1272,#740,.T.);
#1779=EDGE_CURVE('',#1223,#1384,#88,.T.);
#1780=EDGE_CURVE('',#1383,#1224,#89,.T.);
#1781=EDGE_CURVE('',#1411,#1272,#741,.T.);
#1782=EDGE_CURVE('',#1372,#1411,#742,.T.);
#1783=EDGE_CURVE('',#1387,#1412,#743,.T.);
#1784=EDGE_CURVE('',#1412,#1301,#744,.T.);
#1785=EDGE_CURVE('',#1413,#1411,#745,.T.);
#1786=EDGE_CURVE('',#1371,#1413,#746,.T.);
#1787=EDGE_CURVE('',#1414,#1301,#747,.T.);
#1788=EDGE_CURVE('',#1412,#1415,#748,.T.);
#1789=EDGE_CURVE('',#1415,#1414,#749,.T.);
#1790=EDGE_CURVE('',#1416,#1413,#750,.T.);
#1791=EDGE_CURVE('',#1370,#1416,#751,.T.);
#1792=EDGE_CURVE('',#1417,#1414,#752,.T.);
#1793=EDGE_CURVE('',#1415,#1418,#753,.T.);
#1794=EDGE_CURVE('',#1418,#1417,#754,.T.);
#1795=EDGE_CURVE('',#1381,#1416,#755,.T.);
#1796=EDGE_CURVE('',#1419,#1417,#756,.T.);
#1797=EDGE_CURVE('',#1418,#1420,#757,.T.);
#1798=EDGE_CURVE('',#1420,#1419,#758,.T.);
#1799=EDGE_CURVE('',#1421,#1419,#759,.T.);
#1800=EDGE_CURVE('',#1420,#1422,#760,.T.);
#1801=EDGE_CURVE('',#1422,#1421,#761,.T.);
#1802=EDGE_CURVE('',#1423,#1421,#762,.T.);
#1803=EDGE_CURVE('',#1422,#1424,#763,.T.);
#1804=EDGE_CURVE('',#1424,#1423,#764,.T.);
#1805=EDGE_CURVE('',#1425,#1423,#765,.T.);
#1806=EDGE_CURVE('',#1424,#1426,#766,.T.);
#1807=EDGE_CURVE('',#1426,#1425,#767,.T.);
#1808=EDGE_CURVE('',#1225,#1427,#90,.T.);
#1809=EDGE_CURVE('',#1427,#1428,#768,.T.);
#1810=EDGE_CURVE('',#1428,#1226,#91,.T.);
#1811=EDGE_CURVE('',#1426,#1428,#769,.T.);
#1812=EDGE_CURVE('',#1427,#1425,#770,.T.);
#1813=EDGE_CURVE('',#1398,#1395,#771,.T.);
#1814=EDGE_CURVE('',#1404,#1394,#772,.T.);
#1815=EDGE_CURVE('',#1414,#1382,#773,.T.);
#1816=EDGE_CURVE('',#1417,#1380,#774,.T.);
#1817=EDGE_CURVE('',#1419,#1381,#775,.T.);
#1818=EDGE_CURVE('',#1421,#1416,#776,.T.);
#1819=EDGE_CURVE('',#1423,#1413,#777,.T.);
#1820=EDGE_CURVE('',#1425,#1411,#778,.T.);
#1821=EDGE_CURVE('',#1222,#1429,#92,.T.);
#1822=EDGE_CURVE('',#1429,#1384,#779,.T.);
#1823=EDGE_CURVE('',#1429,#1430,#780,.T.);
#1824=EDGE_CURVE('',#1430,#1431,#781,.T.);
#1825=EDGE_CURVE('',#1431,#1432,#782,.T.);
#1826=EDGE_CURVE('',#1390,#1432,#783,.T.);
#1827=EDGE_CURVE('',#1221,#1430,#784,.T.);
#1828=EDGE_CURVE('',#1428,#1433,#785,.T.);
#1829=EDGE_CURVE('',#1433,#1227,#93,.T.);
#1830=EDGE_CURVE('',#1434,#1386,#786,.T.);
#1831=EDGE_CURVE('',#1434,#1435,#787,.T.);
#1832=EDGE_CURVE('',#1435,#1436,#788,.T.);
#1833=EDGE_CURVE('',#1436,#1437,#789,.T.);
#1834=EDGE_CURVE('',#1437,#1438,#790,.T.);
#1835=EDGE_CURVE('',#1438,#1439,#791,.T.);
#1836=EDGE_CURVE('',#1439,#1440,#792,.T.);
#1837=EDGE_CURVE('',#1440,#1441,#793,.T.);
#1838=EDGE_CURVE('',#1441,#1442,#794,.T.);
#1839=EDGE_CURVE('',#1442,#1433,#795,.T.);
#1840=EDGE_CURVE('',#1432,#1219,#94,.T.);
#1841=EDGE_CURVE('',#1220,#1431,#796,.T.);
#1842=EDGE_CURVE('',#1403,#1218,#797,.T.);
#1843=EDGE_CURVE('',#1218,#1443,#95,.T.);
#1844=EDGE_CURVE('',#1443,#1400,#798,.T.);
#1845=EDGE_CURVE('',#1443,#1444,#799,.T.);
#1846=EDGE_CURVE('',#1444,#1445,#800,.T.);
#1847=EDGE_CURVE('',#1445,#1446,#801,.T.);
#1848=EDGE_CURVE('',#1407,#1446,#802,.T.);
#1849=EDGE_CURVE('',#1217,#1444,#803,.T.);
#1850=EDGE_CURVE('',#1446,#1237,#96,.T.);
#1851=EDGE_CURVE('',#1237,#1409,#804,.T.);
#1852=EDGE_CURVE('',#1237,#1391,#805,.T.);
#1853=EDGE_CURVE('',#1238,#1445,#806,.T.);
#1854=EDGE_CURVE('',#1307,#1236,#807,.T.);
#1855=EDGE_CURVE('',#1236,#1434,#97,.T.);
#1856=EDGE_CURVE('',#1235,#1435,#808,.T.);
#1857=EDGE_CURVE('',#1229,#1441,#809,.T.);
#1858=EDGE_CURVE('',#1230,#1440,#810,.T.);
#1859=EDGE_CURVE('',#1231,#1439,#811,.T.);
#1860=EDGE_CURVE('',#1232,#1438,#812,.T.);
#1861=EDGE_CURVE('',#1233,#1437,#813,.T.);
#1862=EDGE_CURVE('',#1234,#1436,#814,.T.);
#1863=EDGE_CURVE('',#1228,#1442,#815,.T.);
#1864=EDGE_CURVE('',#1255,#1339,#816,.T.);
#1865=EDGE_CURVE('',#1256,#1341,#817,.T.);
#1866=EDGE_CURVE('',#1257,#1343,#818,.T.);
#1867=EDGE_CURVE('',#1258,#1345,#819,.T.);
#1868=EDGE_CURVE('',#1242,#1347,#820,.T.);
#1869=EDGE_CURVE('',#1218,#1406,#821,.T.);
#1870=EDGE_CURVE('',#1236,#1389,#822,.T.);
#1871=ORIENTED_EDGE('',*,*,#1447,.F.);
#1872=ORIENTED_EDGE('',*,*,#1448,.F.);
#1873=ORIENTED_EDGE('',*,*,#1449,.F.);
#1874=ORIENTED_EDGE('',*,*,#1450,.F.);
#1875=ORIENTED_EDGE('',*,*,#1451,.F.);
#1876=ORIENTED_EDGE('',*,*,#1452,.F.);
#1877=ORIENTED_EDGE('',*,*,#1453,.F.);
#1878=ORIENTED_EDGE('',*,*,#1454,.F.);
#1879=ORIENTED_EDGE('',*,*,#1455,.F.);
#1880=ORIENTED_EDGE('',*,*,#1456,.F.);
#1881=ORIENTED_EDGE('',*,*,#1449,.T.);
#1882=ORIENTED_EDGE('',*,*,#1457,.F.);
#1883=ORIENTED_EDGE('',*,*,#1447,.T.);
#1884=ORIENTED_EDGE('',*,*,#1458,.T.);
#1885=ORIENTED_EDGE('',*,*,#1459,.T.);
#1886=ORIENTED_EDGE('',*,*,#1460,.F.);
#1887=ORIENTED_EDGE('',*,*,#1455,.T.);
#1888=ORIENTED_EDGE('',*,*,#1461,.F.);
#1889=ORIENTED_EDGE('',*,*,#1462,.F.);
#1890=ORIENTED_EDGE('',*,*,#1463,.T.);
#1891=ORIENTED_EDGE('',*,*,#1458,.F.);
#1892=ORIENTED_EDGE('',*,*,#1451,.T.);
#1893=ORIENTED_EDGE('',*,*,#1464,.F.);
#1894=ORIENTED_EDGE('',*,*,#1465,.T.);
#1895=ORIENTED_EDGE('',*,*,#1466,.T.);
#1896=ORIENTED_EDGE('',*,*,#1465,.F.);
#1897=ORIENTED_EDGE('',*,*,#1467,.F.);
#1898=ORIENTED_EDGE('',*,*,#1468,.F.);
#1899=ORIENTED_EDGE('',*,*,#1469,.F.);
#1900=ORIENTED_EDGE('',*,*,#1459,.F.);
#1901=ORIENTED_EDGE('',*,*,#1463,.F.);
#1902=ORIENTED_EDGE('',*,*,#1470,.F.);
#1903=ORIENTED_EDGE('',*,*,#1471,.F.);
#1904=ORIENTED_EDGE('',*,*,#1472,.F.);
#1905=ORIENTED_EDGE('',*,*,#1473,.F.);
#1906=ORIENTED_EDGE('',*,*,#1468,.T.);
#1907=ORIENTED_EDGE('',*,*,#1452,.T.);
#1908=ORIENTED_EDGE('',*,*,#1466,.F.);
#1909=ORIENTED_EDGE('',*,*,#1472,.T.);
#1910=ORIENTED_EDGE('',*,*,#1474,.F.);
#1911=ORIENTED_EDGE('',*,*,#1475,.F.);
#1912=ORIENTED_EDGE('',*,*,#1476,.F.);
#1913=ORIENTED_EDGE('',*,*,#1477,.F.);
#1914=ORIENTED_EDGE('',*,*,#1478,.F.);
#1915=ORIENTED_EDGE('',*,*,#1479,.F.);
#1916=ORIENTED_EDGE('',*,*,#1480,.F.);
#1917=ORIENTED_EDGE('',*,*,#1481,.T.);
#1918=ORIENTED_EDGE('',*,*,#1482,.F.);
#1919=ORIENTED_EDGE('',*,*,#1481,.F.);
#1920=ORIENTED_EDGE('',*,*,#1483,.T.);
#1921=ORIENTED_EDGE('',*,*,#1484,.T.);
#1922=ORIENTED_EDGE('',*,*,#1485,.T.);
#1923=ORIENTED_EDGE('',*,*,#1486,.T.);
#1924=ORIENTED_EDGE('',*,*,#1487,.T.);
#1925=ORIENTED_EDGE('',*,*,#1488,.T.);
#1926=ORIENTED_EDGE('',*,*,#1489,.F.);
#1927=ORIENTED_EDGE('',*,*,#1490,.T.);
#1928=ORIENTED_EDGE('',*,*,#1491,.F.);
#1929=ORIENTED_EDGE('',*,*,#1492,.T.);
#1930=ORIENTED_EDGE('',*,*,#1493,.T.);
#1931=ORIENTED_EDGE('',*,*,#1494,.T.);
#1932=ORIENTED_EDGE('',*,*,#1495,.T.);
#1933=ORIENTED_EDGE('',*,*,#1496,.T.);
#1934=ORIENTED_EDGE('',*,*,#1497,.T.);
#1935=ORIENTED_EDGE('',*,*,#1498,.T.);
#1936=ORIENTED_EDGE('',*,*,#1499,.T.);
#1937=ORIENTED_EDGE('',*,*,#1500,.T.);
#1938=ORIENTED_EDGE('',*,*,#1501,.T.);
#1939=ORIENTED_EDGE('',*,*,#1502,.T.);
#1940=ORIENTED_EDGE('',*,*,#1503,.T.);
#1941=ORIENTED_EDGE('',*,*,#1504,.T.);
#1942=ORIENTED_EDGE('',*,*,#1505,.T.);
#1943=ORIENTED_EDGE('',*,*,#1506,.T.);
#1944=ORIENTED_EDGE('',*,*,#1507,.F.);
#1945=ORIENTED_EDGE('',*,*,#1508,.F.);
#1946=ORIENTED_EDGE('',*,*,#1509,.F.);
#1947=ORIENTED_EDGE('',*,*,#1510,.F.);
#1948=ORIENTED_EDGE('',*,*,#1511,.F.);
#1949=ORIENTED_EDGE('',*,*,#1512,.F.);
#1950=ORIENTED_EDGE('',*,*,#1513,.F.);
#1951=ORIENTED_EDGE('',*,*,#1514,.F.);
#1952=ORIENTED_EDGE('',*,*,#1515,.F.);
#1953=ORIENTED_EDGE('',*,*,#1516,.F.);
#1954=ORIENTED_EDGE('',*,*,#1517,.F.);
#1955=ORIENTED_EDGE('',*,*,#1518,.F.);
#1956=ORIENTED_EDGE('',*,*,#1519,.F.);
#1957=ORIENTED_EDGE('',*,*,#1520,.F.);
#1958=ORIENTED_EDGE('',*,*,#1521,.F.);
#1959=ORIENTED_EDGE('',*,*,#1522,.F.);
#1960=ORIENTED_EDGE('',*,*,#1523,.F.);
#1961=ORIENTED_EDGE('',*,*,#1524,.F.);
#1962=ORIENTED_EDGE('',*,*,#1482,.T.);
#1963=ORIENTED_EDGE('',*,*,#1462,.T.);
#1964=ORIENTED_EDGE('',*,*,#1478,.T.);
#1965=ORIENTED_EDGE('',*,*,#1470,.T.);
#1966=ORIENTED_EDGE('',*,*,#1454,.T.);
#1967=ORIENTED_EDGE('',*,*,#1479,.T.);
#1968=ORIENTED_EDGE('',*,*,#1461,.T.);
#1969=ORIENTED_EDGE('',*,*,#1453,.T.);
#1970=ORIENTED_EDGE('',*,*,#1475,.T.);
#1971=ORIENTED_EDGE('',*,*,#1476,.T.);
#1972=ORIENTED_EDGE('',*,*,#1480,.T.);
#1973=ORIENTED_EDGE('',*,*,#1474,.T.);
#1974=ORIENTED_EDGE('',*,*,#1471,.T.);
#1975=ORIENTED_EDGE('',*,*,#1477,.T.);
#1976=ORIENTED_EDGE('',*,*,#1525,.T.);
#1977=ORIENTED_EDGE('',*,*,#1526,.F.);
#1978=ORIENTED_EDGE('',*,*,#1527,.F.);
#1979=ORIENTED_EDGE('',*,*,#1513,.T.);
#1980=ORIENTED_EDGE('',*,*,#1528,.T.);
#1981=ORIENTED_EDGE('',*,*,#1529,.F.);
#1982=ORIENTED_EDGE('',*,*,#1525,.F.);
#1983=ORIENTED_EDGE('',*,*,#1512,.T.);
#1984=ORIENTED_EDGE('',*,*,#1530,.T.);
#1985=ORIENTED_EDGE('',*,*,#1531,.F.);
#1986=ORIENTED_EDGE('',*,*,#1528,.F.);
#1987=ORIENTED_EDGE('',*,*,#1511,.T.);
#1988=ORIENTED_EDGE('',*,*,#1532,.F.);
#1989=ORIENTED_EDGE('',*,*,#1533,.F.);
#1990=ORIENTED_EDGE('',*,*,#1534,.T.);
#1991=ORIENTED_EDGE('',*,*,#1535,.F.);
#1992=ORIENTED_EDGE('',*,*,#1536,.T.);
#1993=ORIENTED_EDGE('',*,*,#1537,.F.);
#1994=ORIENTED_EDGE('',*,*,#1532,.T.);
#1995=ORIENTED_EDGE('',*,*,#1538,.T.);
#1996=ORIENTED_EDGE('',*,*,#1539,.F.);
#1997=ORIENTED_EDGE('',*,*,#1540,.F.);
#1998=ORIENTED_EDGE('',*,*,#1541,.F.);
#1999=ORIENTED_EDGE('',*,*,#1536,.F.);
#2000=ORIENTED_EDGE('',*,*,#1542,.F.);
#2001=ORIENTED_EDGE('',*,*,#1543,.F.);
#2002=ORIENTED_EDGE('',*,*,#1544,.F.);
#2003=ORIENTED_EDGE('',*,*,#1539,.T.);
#2004=ORIENTED_EDGE('',*,*,#1545,.F.);
#2005=ORIENTED_EDGE('',*,*,#1546,.F.);
#2006=ORIENTED_EDGE('',*,*,#1547,.F.);
#2007=ORIENTED_EDGE('',*,*,#1548,.F.);
#2008=ORIENTED_EDGE('',*,*,#1549,.F.);
#2009=ORIENTED_EDGE('',*,*,#1550,.F.);
#2010=ORIENTED_EDGE('',*,*,#1551,.F.);
#2011=ORIENTED_EDGE('',*,*,#1552,.F.);
#2012=ORIENTED_EDGE('',*,*,#1553,.F.);
#2013=ORIENTED_EDGE('',*,*,#1554,.F.);
#2014=ORIENTED_EDGE('',*,*,#1555,.F.);
#2015=ORIENTED_EDGE('',*,*,#1548,.T.);
#2016=ORIENTED_EDGE('',*,*,#1556,.F.);
#2017=ORIENTED_EDGE('',*,*,#1546,.T.);
#2018=ORIENTED_EDGE('',*,*,#1557,.T.);
#2019=ORIENTED_EDGE('',*,*,#1558,.T.);
#2020=ORIENTED_EDGE('',*,*,#1559,.F.);
#2021=ORIENTED_EDGE('',*,*,#1554,.T.);
#2022=ORIENTED_EDGE('',*,*,#1560,.F.);
#2023=ORIENTED_EDGE('',*,*,#1561,.F.);
#2024=ORIENTED_EDGE('',*,*,#1562,.T.);
#2025=ORIENTED_EDGE('',*,*,#1557,.F.);
#2026=ORIENTED_EDGE('',*,*,#1550,.T.);
#2027=ORIENTED_EDGE('',*,*,#1563,.F.);
#2028=ORIENTED_EDGE('',*,*,#1564,.T.);
#2029=ORIENTED_EDGE('',*,*,#1565,.T.);
#2030=ORIENTED_EDGE('',*,*,#1564,.F.);
#2031=ORIENTED_EDGE('',*,*,#1566,.F.);
#2032=ORIENTED_EDGE('',*,*,#1567,.F.);
#2033=ORIENTED_EDGE('',*,*,#1568,.F.);
#2034=ORIENTED_EDGE('',*,*,#1558,.F.);
#2035=ORIENTED_EDGE('',*,*,#1562,.F.);
#2036=ORIENTED_EDGE('',*,*,#1569,.F.);
#2037=ORIENTED_EDGE('',*,*,#1570,.F.);
#2038=ORIENTED_EDGE('',*,*,#1571,.F.);
#2039=ORIENTED_EDGE('',*,*,#1572,.F.);
#2040=ORIENTED_EDGE('',*,*,#1567,.T.);
#2041=ORIENTED_EDGE('',*,*,#1551,.T.);
#2042=ORIENTED_EDGE('',*,*,#1565,.F.);
#2043=ORIENTED_EDGE('',*,*,#1571,.T.);
#2044=ORIENTED_EDGE('',*,*,#1573,.F.);
#2045=ORIENTED_EDGE('',*,*,#1574,.F.);
#2046=ORIENTED_EDGE('',*,*,#1575,.F.);
#2047=ORIENTED_EDGE('',*,*,#1576,.F.);
#2048=ORIENTED_EDGE('',*,*,#1577,.F.);
#2049=ORIENTED_EDGE('',*,*,#1578,.F.);
#2050=ORIENTED_EDGE('',*,*,#1579,.T.);
#2051=ORIENTED_EDGE('',*,*,#1505,.F.);
#2052=ORIENTED_EDGE('',*,*,#1579,.F.);
#2053=ORIENTED_EDGE('',*,*,#1580,.F.);
#2054=ORIENTED_EDGE('',*,*,#1561,.T.);
#2055=ORIENTED_EDGE('',*,*,#1577,.T.);
#2056=ORIENTED_EDGE('',*,*,#1569,.T.);
#2057=ORIENTED_EDGE('',*,*,#1553,.T.);
#2058=ORIENTED_EDGE('',*,*,#1580,.T.);
#2059=ORIENTED_EDGE('',*,*,#1578,.T.);
#2060=ORIENTED_EDGE('',*,*,#1560,.T.);
#2061=ORIENTED_EDGE('',*,*,#1552,.T.);
#2062=ORIENTED_EDGE('',*,*,#1574,.T.);
#2063=ORIENTED_EDGE('',*,*,#1575,.T.);
#2064=ORIENTED_EDGE('',*,*,#1573,.T.);
#2065=ORIENTED_EDGE('',*,*,#1570,.T.);
#2066=ORIENTED_EDGE('',*,*,#1576,.T.);
#2067=ORIENTED_EDGE('',*,*,#1581,.T.);
#2068=ORIENTED_EDGE('',*,*,#1582,.F.);
#2069=ORIENTED_EDGE('',*,*,#1583,.F.);
#2070=ORIENTED_EDGE('',*,*,#1519,.T.);
#2071=ORIENTED_EDGE('',*,*,#1584,.T.);
#2072=ORIENTED_EDGE('',*,*,#1585,.F.);
#2073=ORIENTED_EDGE('',*,*,#1581,.F.);
#2074=ORIENTED_EDGE('',*,*,#1518,.T.);
#2075=ORIENTED_EDGE('',*,*,#1586,.T.);
#2076=ORIENTED_EDGE('',*,*,#1587,.F.);
#2077=ORIENTED_EDGE('',*,*,#1584,.F.);
#2078=ORIENTED_EDGE('',*,*,#1517,.T.);
#2079=ORIENTED_EDGE('',*,*,#1588,.F.);
#2080=ORIENTED_EDGE('',*,*,#1589,.F.);
#2081=ORIENTED_EDGE('',*,*,#1590,.T.);
#2082=ORIENTED_EDGE('',*,*,#1591,.F.);
#2083=ORIENTED_EDGE('',*,*,#1592,.F.);
#2084=ORIENTED_EDGE('',*,*,#1593,.F.);
#2085=ORIENTED_EDGE('',*,*,#1594,.F.);
#2086=ORIENTED_EDGE('',*,*,#1588,.T.);
#2087=ORIENTED_EDGE('',*,*,#1595,.F.);
#2088=ORIENTED_EDGE('',*,*,#1596,.T.);
#2089=ORIENTED_EDGE('',*,*,#1597,.F.);
#2090=ORIENTED_EDGE('',*,*,#1592,.T.);
#2091=ORIENTED_EDGE('',*,*,#1598,.T.);
#2092=ORIENTED_EDGE('',*,*,#1599,.F.);
#2093=ORIENTED_EDGE('',*,*,#1600,.F.);
#2094=ORIENTED_EDGE('',*,*,#1601,.F.);
#2095=ORIENTED_EDGE('',*,*,#1602,.F.);
#2096=ORIENTED_EDGE('',*,*,#1603,.F.);
#2097=ORIENTED_EDGE('',*,*,#1604,.F.);
#2098=ORIENTED_EDGE('',*,*,#1605,.F.);
#2099=ORIENTED_EDGE('',*,*,#1606,.F.);
#2100=ORIENTED_EDGE('',*,*,#1607,.F.);
#2101=ORIENTED_EDGE('',*,*,#1608,.F.);
#2102=ORIENTED_EDGE('',*,*,#1601,.T.);
#2103=ORIENTED_EDGE('',*,*,#1599,.T.);
#2104=ORIENTED_EDGE('',*,*,#1609,.T.);
#2105=ORIENTED_EDGE('',*,*,#1610,.T.);
#2106=ORIENTED_EDGE('',*,*,#1611,.F.);
#2107=ORIENTED_EDGE('',*,*,#1607,.T.);
#2108=ORIENTED_EDGE('',*,*,#1612,.F.);
#2109=ORIENTED_EDGE('',*,*,#1613,.F.);
#2110=ORIENTED_EDGE('',*,*,#1614,.T.);
#2111=ORIENTED_EDGE('',*,*,#1609,.F.);
#2112=ORIENTED_EDGE('',*,*,#1605,.T.);
#2113=ORIENTED_EDGE('',*,*,#1615,.T.);
#2114=ORIENTED_EDGE('',*,*,#1616,.T.);
#2115=ORIENTED_EDGE('',*,*,#1606,.T.);
#2116=ORIENTED_EDGE('',*,*,#1617,.T.);
#2117=ORIENTED_EDGE('',*,*,#1612,.T.);
#2118=ORIENTED_EDGE('',*,*,#1603,.T.);
#2119=ORIENTED_EDGE('',*,*,#1618,.F.);
#2120=ORIENTED_EDGE('',*,*,#1619,.T.);
#2121=ORIENTED_EDGE('',*,*,#1620,.T.);
#2122=ORIENTED_EDGE('',*,*,#1619,.F.);
#2123=ORIENTED_EDGE('',*,*,#1621,.F.);
#2124=ORIENTED_EDGE('',*,*,#1622,.F.);
#2125=ORIENTED_EDGE('',*,*,#1623,.F.);
#2126=ORIENTED_EDGE('',*,*,#1610,.F.);
#2127=ORIENTED_EDGE('',*,*,#1614,.F.);
#2128=ORIENTED_EDGE('',*,*,#1624,.F.);
#2129=ORIENTED_EDGE('',*,*,#1625,.F.);
#2130=ORIENTED_EDGE('',*,*,#1626,.F.);
#2131=ORIENTED_EDGE('',*,*,#1627,.F.);
#2132=ORIENTED_EDGE('',*,*,#1622,.T.);
#2133=ORIENTED_EDGE('',*,*,#1628,.F.);
#2134=ORIENTED_EDGE('',*,*,#1604,.T.);
#2135=ORIENTED_EDGE('',*,*,#1620,.F.);
#2136=ORIENTED_EDGE('',*,*,#1626,.T.);
#2137=ORIENTED_EDGE('',*,*,#1629,.F.);
#2138=ORIENTED_EDGE('',*,*,#1615,.F.);
#2139=ORIENTED_EDGE('',*,*,#1624,.T.);
#2140=ORIENTED_EDGE('',*,*,#1613,.T.);
#2141=ORIENTED_EDGE('',*,*,#1630,.T.);
#2142=ORIENTED_EDGE('',*,*,#1625,.T.);
#2143=ORIENTED_EDGE('',*,*,#1631,.T.);
#2144=ORIENTED_EDGE('',*,*,#1629,.T.);
#2145=ORIENTED_EDGE('',*,*,#1632,.F.);
#2146=ORIENTED_EDGE('',*,*,#1633,.T.);
#2147=ORIENTED_EDGE('',*,*,#1628,.T.);
#2148=ORIENTED_EDGE('',*,*,#1621,.T.);
#2149=ORIENTED_EDGE('',*,*,#1618,.T.);
#2150=ORIENTED_EDGE('',*,*,#1602,.T.);
#2151=ORIENTED_EDGE('',*,*,#1608,.T.);
#2152=ORIENTED_EDGE('',*,*,#1600,.T.);
#2153=ORIENTED_EDGE('',*,*,#1611,.T.);
#2154=ORIENTED_EDGE('',*,*,#1623,.T.);
#2155=ORIENTED_EDGE('',*,*,#1627,.T.);
#2156=ORIENTED_EDGE('',*,*,#1633,.F.);
#2157=ORIENTED_EDGE('',*,*,#1634,.F.);
#2158=ORIENTED_EDGE('',*,*,#1635,.T.);
#2159=ORIENTED_EDGE('',*,*,#1457,.T.);
#2160=ORIENTED_EDGE('',*,*,#1448,.T.);
#2161=ORIENTED_EDGE('',*,*,#1460,.T.);
#2162=ORIENTED_EDGE('',*,*,#1469,.T.);
#2163=ORIENTED_EDGE('',*,*,#1473,.T.);
#2164=ORIENTED_EDGE('',*,*,#1467,.T.);
#2165=ORIENTED_EDGE('',*,*,#1464,.T.);
#2166=ORIENTED_EDGE('',*,*,#1450,.T.);
#2167=ORIENTED_EDGE('',*,*,#1456,.T.);
#2168=ORIENTED_EDGE('',*,*,#1635,.F.);
#2169=ORIENTED_EDGE('',*,*,#1616,.F.);
#2170=ORIENTED_EDGE('',*,*,#1631,.F.);
#2171=ORIENTED_EDGE('',*,*,#1636,.T.);
#2172=ORIENTED_EDGE('',*,*,#1506,.F.);
#2173=ORIENTED_EDGE('',*,*,#1636,.F.);
#2174=ORIENTED_EDGE('',*,*,#1630,.F.);
#2175=ORIENTED_EDGE('',*,*,#1617,.F.);
#2176=ORIENTED_EDGE('',*,*,#1637,.F.);
#2177=ORIENTED_EDGE('',*,*,#1638,.T.);
#2178=ORIENTED_EDGE('',*,*,#1556,.T.);
#2179=ORIENTED_EDGE('',*,*,#1547,.T.);
#2180=ORIENTED_EDGE('',*,*,#1559,.T.);
#2181=ORIENTED_EDGE('',*,*,#1568,.T.);
#2182=ORIENTED_EDGE('',*,*,#1572,.T.);
#2183=ORIENTED_EDGE('',*,*,#1566,.T.);
#2184=ORIENTED_EDGE('',*,*,#1563,.T.);
#2185=ORIENTED_EDGE('',*,*,#1549,.T.);
#2186=ORIENTED_EDGE('',*,*,#1555,.T.);
#2187=ORIENTED_EDGE('',*,*,#1638,.F.);
#2188=ORIENTED_EDGE('',*,*,#1639,.T.);
#2189=ORIENTED_EDGE('',*,*,#1640,.T.);
#2190=ORIENTED_EDGE('',*,*,#1641,.T.);
#2191=ORIENTED_EDGE('',*,*,#1642,.F.);
#2192=ORIENTED_EDGE('',*,*,#1643,.T.);
#2193=ORIENTED_EDGE('',*,*,#1644,.T.);
#2194=ORIENTED_EDGE('',*,*,#1587,.T.);
#2195=ORIENTED_EDGE('',*,*,#1640,.F.);
#2196=ORIENTED_EDGE('',*,*,#1645,.T.);
#2197=ORIENTED_EDGE('',*,*,#1646,.T.);
#2198=ORIENTED_EDGE('',*,*,#1585,.T.);
#2199=ORIENTED_EDGE('',*,*,#1644,.F.);
#2200=ORIENTED_EDGE('',*,*,#1647,.T.);
#2201=ORIENTED_EDGE('',*,*,#1648,.T.);
#2202=ORIENTED_EDGE('',*,*,#1582,.T.);
#2203=ORIENTED_EDGE('',*,*,#1646,.F.);
#2204=ORIENTED_EDGE('',*,*,#1649,.T.);
#2205=ORIENTED_EDGE('',*,*,#1650,.T.);
#2206=ORIENTED_EDGE('',*,*,#1651,.T.);
#2207=ORIENTED_EDGE('',*,*,#1648,.F.);
#2208=ORIENTED_EDGE('',*,*,#1652,.T.);
#2209=ORIENTED_EDGE('',*,*,#1653,.T.);
#2210=ORIENTED_EDGE('',*,*,#1654,.T.);
#2211=ORIENTED_EDGE('',*,*,#1650,.F.);
#2212=ORIENTED_EDGE('',*,*,#1655,.T.);
#2213=ORIENTED_EDGE('',*,*,#1656,.T.);
#2214=ORIENTED_EDGE('',*,*,#1657,.T.);
#2215=ORIENTED_EDGE('',*,*,#1653,.F.);
#2216=ORIENTED_EDGE('',*,*,#1658,.T.);
#2217=ORIENTED_EDGE('',*,*,#1659,.T.);
#2218=ORIENTED_EDGE('',*,*,#1660,.T.);
#2219=ORIENTED_EDGE('',*,*,#1656,.F.);
#2220=ORIENTED_EDGE('',*,*,#1661,.T.);
#2221=ORIENTED_EDGE('',*,*,#1662,.T.);
#2222=ORIENTED_EDGE('',*,*,#1663,.T.);
#2223=ORIENTED_EDGE('',*,*,#1659,.F.);
#2224=ORIENTED_EDGE('',*,*,#1664,.T.);
#2225=ORIENTED_EDGE('',*,*,#1665,.T.);
#2226=ORIENTED_EDGE('',*,*,#1666,.T.);
#2227=ORIENTED_EDGE('',*,*,#1662,.F.);
#2228=ORIENTED_EDGE('',*,*,#1667,.T.);
#2229=ORIENTED_EDGE('',*,*,#1665,.F.);
#2230=ORIENTED_EDGE('',*,*,#1668,.T.);
#2231=ORIENTED_EDGE('',*,*,#1669,.T.);
#2232=ORIENTED_EDGE('',*,*,#1670,.T.);
#2233=ORIENTED_EDGE('',*,*,#1669,.F.);
#2234=ORIENTED_EDGE('',*,*,#1671,.T.);
#2235=ORIENTED_EDGE('',*,*,#1672,.T.);
#2236=ORIENTED_EDGE('',*,*,#1673,.T.);
#2237=ORIENTED_EDGE('',*,*,#1672,.F.);
#2238=ORIENTED_EDGE('',*,*,#1674,.T.);
#2239=ORIENTED_EDGE('',*,*,#1675,.T.);
#2240=ORIENTED_EDGE('',*,*,#1531,.T.);
#2241=ORIENTED_EDGE('',*,*,#1675,.F.);
#2242=ORIENTED_EDGE('',*,*,#1676,.T.);
#2243=ORIENTED_EDGE('',*,*,#1677,.T.);
#2244=ORIENTED_EDGE('',*,*,#1529,.T.);
#2245=ORIENTED_EDGE('',*,*,#1677,.F.);
#2246=ORIENTED_EDGE('',*,*,#1678,.T.);
#2247=ORIENTED_EDGE('',*,*,#1679,.T.);
#2248=ORIENTED_EDGE('',*,*,#1526,.T.);
#2249=ORIENTED_EDGE('',*,*,#1679,.F.);
#2250=ORIENTED_EDGE('',*,*,#1680,.T.);
#2251=ORIENTED_EDGE('',*,*,#1681,.T.);
#2252=ORIENTED_EDGE('',*,*,#1682,.T.);
#2253=ORIENTED_EDGE('',*,*,#1681,.F.);
#2254=ORIENTED_EDGE('',*,*,#1683,.T.);
#2255=ORIENTED_EDGE('',*,*,#1684,.T.);
#2256=ORIENTED_EDGE('',*,*,#1685,.T.);
#2257=ORIENTED_EDGE('',*,*,#1684,.F.);
#2258=ORIENTED_EDGE('',*,*,#1686,.T.);
#2259=ORIENTED_EDGE('',*,*,#1642,.T.);
#2260=ORIENTED_EDGE('',*,*,#1667,.F.);
#2261=ORIENTED_EDGE('',*,*,#1687,.F.);
#2262=ORIENTED_EDGE('',*,*,#1508,.T.);
#2263=ORIENTED_EDGE('',*,*,#1688,.T.);
#2264=ORIENTED_EDGE('',*,*,#1670,.F.);
#2265=ORIENTED_EDGE('',*,*,#1689,.F.);
#2266=ORIENTED_EDGE('',*,*,#1509,.T.);
#2267=ORIENTED_EDGE('',*,*,#1687,.T.);
#2268=ORIENTED_EDGE('',*,*,#1673,.F.);
#2269=ORIENTED_EDGE('',*,*,#1530,.F.);
#2270=ORIENTED_EDGE('',*,*,#1510,.T.);
#2271=ORIENTED_EDGE('',*,*,#1689,.T.);
#2272=ORIENTED_EDGE('',*,*,#1682,.F.);
#2273=ORIENTED_EDGE('',*,*,#1690,.F.);
#2274=ORIENTED_EDGE('',*,*,#1514,.T.);
#2275=ORIENTED_EDGE('',*,*,#1527,.T.);
#2276=ORIENTED_EDGE('',*,*,#1685,.F.);
#2277=ORIENTED_EDGE('',*,*,#1691,.F.);
#2278=ORIENTED_EDGE('',*,*,#1515,.T.);
#2279=ORIENTED_EDGE('',*,*,#1690,.T.);
#2280=ORIENTED_EDGE('',*,*,#1641,.F.);
#2281=ORIENTED_EDGE('',*,*,#1586,.F.);
#2282=ORIENTED_EDGE('',*,*,#1516,.T.);
#2283=ORIENTED_EDGE('',*,*,#1691,.T.);
#2284=ORIENTED_EDGE('',*,*,#1692,.F.);
#2285=ORIENTED_EDGE('',*,*,#1693,.F.);
#2286=ORIENTED_EDGE('',*,*,#1694,.F.);
#2287=ORIENTED_EDGE('',*,*,#1695,.F.);
#2288=ORIENTED_EDGE('',*,*,#1696,.F.);
#2289=ORIENTED_EDGE('',*,*,#1697,.F.);
#2290=ORIENTED_EDGE('',*,*,#1698,.F.);
#2291=ORIENTED_EDGE('',*,*,#1699,.F.);
#2292=ORIENTED_EDGE('',*,*,#1700,.F.);
#2293=ORIENTED_EDGE('',*,*,#1701,.F.);
#2294=ORIENTED_EDGE('',*,*,#1702,.F.);
#2295=ORIENTED_EDGE('',*,*,#1703,.F.);
#2296=ORIENTED_EDGE('',*,*,#1704,.F.);
#2297=ORIENTED_EDGE('',*,*,#1705,.F.);
#2298=ORIENTED_EDGE('',*,*,#1706,.F.);
#2299=ORIENTED_EDGE('',*,*,#1707,.F.);
#2300=ORIENTED_EDGE('',*,*,#1708,.F.);
#2301=ORIENTED_EDGE('',*,*,#1709,.F.);
#2302=ORIENTED_EDGE('',*,*,#1710,.F.);
#2303=ORIENTED_EDGE('',*,*,#1711,.F.);
#2304=ORIENTED_EDGE('',*,*,#1634,.T.);
#2305=ORIENTED_EDGE('',*,*,#1632,.T.);
#2306=ORIENTED_EDGE('',*,*,#1637,.T.);
#2307=ORIENTED_EDGE('',*,*,#1639,.F.);
#2308=ORIENTED_EDGE('',*,*,#1686,.F.);
#2309=ORIENTED_EDGE('',*,*,#1683,.F.);
#2310=ORIENTED_EDGE('',*,*,#1680,.F.);
#2311=ORIENTED_EDGE('',*,*,#1678,.F.);
#2312=ORIENTED_EDGE('',*,*,#1676,.F.);
#2313=ORIENTED_EDGE('',*,*,#1674,.F.);
#2314=ORIENTED_EDGE('',*,*,#1671,.F.);
#2315=ORIENTED_EDGE('',*,*,#1668,.F.);
#2316=ORIENTED_EDGE('',*,*,#1664,.F.);
#2317=ORIENTED_EDGE('',*,*,#1661,.F.);
#2318=ORIENTED_EDGE('',*,*,#1658,.F.);
#2319=ORIENTED_EDGE('',*,*,#1655,.F.);
#2320=ORIENTED_EDGE('',*,*,#1652,.F.);
#2321=ORIENTED_EDGE('',*,*,#1649,.F.);
#2322=ORIENTED_EDGE('',*,*,#1647,.F.);
#2323=ORIENTED_EDGE('',*,*,#1645,.F.);
#2324=ORIENTED_EDGE('',*,*,#1643,.F.);
#2325=ORIENTED_EDGE('',*,*,#1700,.T.);
#2326=ORIENTED_EDGE('',*,*,#1712,.T.);
#2327=ORIENTED_EDGE('',*,*,#1713,.T.);
#2328=ORIENTED_EDGE('',*,*,#1714,.F.);
#2329=ORIENTED_EDGE('',*,*,#1699,.T.);
#2330=ORIENTED_EDGE('',*,*,#1715,.T.);
#2331=ORIENTED_EDGE('',*,*,#1716,.T.);
#2332=ORIENTED_EDGE('',*,*,#1712,.F.);
#2333=ORIENTED_EDGE('',*,*,#1698,.T.);
#2334=ORIENTED_EDGE('',*,*,#1717,.T.);
#2335=ORIENTED_EDGE('',*,*,#1718,.T.);
#2336=ORIENTED_EDGE('',*,*,#1715,.F.);
#2337=ORIENTED_EDGE('',*,*,#1697,.T.);
#2338=ORIENTED_EDGE('',*,*,#1719,.T.);
#2339=ORIENTED_EDGE('',*,*,#1591,.T.);
#2340=ORIENTED_EDGE('',*,*,#1717,.F.);
#2341=ORIENTED_EDGE('',*,*,#1720,.T.);
#2342=ORIENTED_EDGE('',*,*,#1721,.T.);
#2343=ORIENTED_EDGE('',*,*,#1722,.T.);
#2344=ORIENTED_EDGE('',*,*,#1723,.T.);
#2345=ORIENTED_EDGE('',*,*,#1724,.F.);
#2346=ORIENTED_EDGE('',*,*,#1598,.F.);
#2347=ORIENTED_EDGE('',*,*,#1725,.F.);
#2348=ORIENTED_EDGE('',*,*,#1594,.T.);
#2349=ORIENTED_EDGE('',*,*,#1726,.T.);
#2350=ORIENTED_EDGE('',*,*,#1727,.T.);
#2351=ORIENTED_EDGE('',*,*,#1728,.T.);
#2352=ORIENTED_EDGE('',*,*,#1597,.T.);
#2353=ORIENTED_EDGE('',*,*,#1729,.T.);
#2354=ORIENTED_EDGE('',*,*,#1726,.F.);
#2355=ORIENTED_EDGE('',*,*,#1593,.T.);
#2356=ORIENTED_EDGE('',*,*,#1696,.T.);
#2357=ORIENTED_EDGE('',*,*,#1725,.T.);
#2358=ORIENTED_EDGE('',*,*,#1595,.T.);
#2359=ORIENTED_EDGE('',*,*,#1719,.F.);
#2360=ORIENTED_EDGE('',*,*,#1730,.T.);
#2361=ORIENTED_EDGE('',*,*,#1731,.T.);
#2362=ORIENTED_EDGE('',*,*,#1544,.T.);
#2363=ORIENTED_EDGE('',*,*,#1723,.F.);
#2364=ORIENTED_EDGE('',*,*,#1732,.T.);
#2365=ORIENTED_EDGE('',*,*,#1724,.T.);
#2366=ORIENTED_EDGE('',*,*,#1695,.T.);
#2367=ORIENTED_EDGE('',*,*,#1733,.T.);
#2368=ORIENTED_EDGE('',*,*,#1734,.F.);
#2369=ORIENTED_EDGE('',*,*,#1538,.F.);
#2370=ORIENTED_EDGE('',*,*,#1735,.F.);
#2371=ORIENTED_EDGE('',*,*,#1736,.T.);
#2372=ORIENTED_EDGE('',*,*,#1737,.T.);
#2373=ORIENTED_EDGE('',*,*,#1540,.T.);
#2374=ORIENTED_EDGE('',*,*,#1731,.F.);
#2375=ORIENTED_EDGE('',*,*,#1737,.F.);
#2376=ORIENTED_EDGE('',*,*,#1738,.T.);
#2377=ORIENTED_EDGE('',*,*,#1537,.T.);
#2378=ORIENTED_EDGE('',*,*,#1541,.T.);
#2379=ORIENTED_EDGE('',*,*,#1694,.T.);
#2380=ORIENTED_EDGE('',*,*,#1739,.T.);
#2381=ORIENTED_EDGE('',*,*,#1740,.T.);
#2382=ORIENTED_EDGE('',*,*,#1733,.F.);
#2383=ORIENTED_EDGE('',*,*,#1741,.F.);
#2384=ORIENTED_EDGE('',*,*,#1742,.F.);
#2385=ORIENTED_EDGE('',*,*,#1743,.F.);
#2386=ORIENTED_EDGE('',*,*,#1744,.T.);
#2387=ORIENTED_EDGE('',*,*,#1741,.T.);
#2388=ORIENTED_EDGE('',*,*,#1692,.T.);
#2389=ORIENTED_EDGE('',*,*,#1745,.T.);
#2390=ORIENTED_EDGE('',*,*,#1711,.T.);
#2391=ORIENTED_EDGE('',*,*,#1746,.T.);
#2392=ORIENTED_EDGE('',*,*,#1747,.T.);
#2393=ORIENTED_EDGE('',*,*,#1745,.F.);
#2394=ORIENTED_EDGE('',*,*,#1748,.F.);
#2395=ORIENTED_EDGE('',*,*,#1749,.F.);
#2396=ORIENTED_EDGE('',*,*,#1750,.F.);
#2397=ORIENTED_EDGE('',*,*,#1751,.T.);
#2398=ORIENTED_EDGE('',*,*,#1752,.T.);
#2399=ORIENTED_EDGE('',*,*,#1753,.T.);
#2400=ORIENTED_EDGE('',*,*,#1754,.T.);
#2401=ORIENTED_EDGE('',*,*,#1755,.T.);
#2402=ORIENTED_EDGE('',*,*,#1756,.T.);
#2403=ORIENTED_EDGE('',*,*,#1752,.F.);
#2404=ORIENTED_EDGE('',*,*,#1757,.T.);
#2405=ORIENTED_EDGE('',*,*,#1755,.F.);
#2406=ORIENTED_EDGE('',*,*,#1758,.T.);
#2407=ORIENTED_EDGE('',*,*,#1749,.T.);
#2408=ORIENTED_EDGE('',*,*,#1759,.T.);
#2409=ORIENTED_EDGE('',*,*,#1760,.T.);
#2410=ORIENTED_EDGE('',*,*,#1754,.F.);
#2411=ORIENTED_EDGE('',*,*,#1761,.T.);
#2412=ORIENTED_EDGE('',*,*,#1762,.T.);
#2413=ORIENTED_EDGE('',*,*,#1710,.T.);
#2414=ORIENTED_EDGE('',*,*,#1750,.T.);
#2415=ORIENTED_EDGE('',*,*,#1763,.T.);
#2416=ORIENTED_EDGE('',*,*,#1746,.F.);
#2417=ORIENTED_EDGE('',*,*,#1764,.T.);
#2418=ORIENTED_EDGE('',*,*,#1748,.T.);
#2419=ORIENTED_EDGE('',*,*,#1709,.T.);
#2420=ORIENTED_EDGE('',*,*,#1765,.T.);
#2421=ORIENTED_EDGE('',*,*,#1766,.T.);
#2422=ORIENTED_EDGE('',*,*,#1767,.T.);
#2423=ORIENTED_EDGE('',*,*,#1768,.T.);
#2424=ORIENTED_EDGE('',*,*,#1762,.F.);
#2425=ORIENTED_EDGE('',*,*,#1767,.F.);
#2426=ORIENTED_EDGE('',*,*,#1769,.T.);
#2427=ORIENTED_EDGE('',*,*,#1770,.T.);
#2428=ORIENTED_EDGE('',*,*,#1771,.T.);
#2429=ORIENTED_EDGE('',*,*,#1770,.F.);
#2430=ORIENTED_EDGE('',*,*,#1772,.T.);
#2431=ORIENTED_EDGE('',*,*,#1742,.T.);
#2432=ORIENTED_EDGE('',*,*,#1773,.T.);
#2433=ORIENTED_EDGE('',*,*,#1774,.T.);
#2434=ORIENTED_EDGE('',*,*,#1765,.F.);
#2435=ORIENTED_EDGE('',*,*,#1708,.T.);
#2436=ORIENTED_EDGE('',*,*,#1775,.T.);
#2437=ORIENTED_EDGE('',*,*,#1693,.T.);
#2438=ORIENTED_EDGE('',*,*,#1743,.T.);
#2439=ORIENTED_EDGE('',*,*,#1776,.T.);
#2440=ORIENTED_EDGE('',*,*,#1739,.F.);
#2441=ORIENTED_EDGE('',*,*,#1707,.T.);
#2442=ORIENTED_EDGE('',*,*,#1735,.T.);
#2443=ORIENTED_EDGE('',*,*,#1535,.T.);
#2444=ORIENTED_EDGE('',*,*,#1775,.F.);
#2445=ORIENTED_EDGE('',*,*,#1542,.T.);
#2446=ORIENTED_EDGE('',*,*,#1734,.T.);
#2447=ORIENTED_EDGE('',*,*,#1706,.T.);
#2448=ORIENTED_EDGE('',*,*,#1777,.T.);
#2449=ORIENTED_EDGE('',*,*,#1545,.T.);
#2450=ORIENTED_EDGE('',*,*,#1777,.F.);
#2451=ORIENTED_EDGE('',*,*,#1705,.T.);
#2452=ORIENTED_EDGE('',*,*,#1778,.T.);
#2453=ORIENTED_EDGE('',*,*,#1489,.T.);
#2454=ORIENTED_EDGE('',*,*,#1779,.T.);
#2455=ORIENTED_EDGE('',*,*,#1721,.F.);
#2456=ORIENTED_EDGE('',*,*,#1780,.T.);
#2457=ORIENTED_EDGE('',*,*,#1781,.T.);
#2458=ORIENTED_EDGE('',*,*,#1778,.F.);
#2459=ORIENTED_EDGE('',*,*,#1704,.T.);
#2460=ORIENTED_EDGE('',*,*,#1782,.T.);
#2461=ORIENTED_EDGE('',*,*,#1589,.T.);
#2462=ORIENTED_EDGE('',*,*,#1728,.F.);
#2463=ORIENTED_EDGE('',*,*,#1783,.T.);
#2464=ORIENTED_EDGE('',*,*,#1784,.T.);
#2465=ORIENTED_EDGE('',*,*,#1785,.T.);
#2466=ORIENTED_EDGE('',*,*,#1782,.F.);
#2467=ORIENTED_EDGE('',*,*,#1703,.T.);
#2468=ORIENTED_EDGE('',*,*,#1786,.T.);
#2469=ORIENTED_EDGE('',*,*,#1787,.T.);
#2470=ORIENTED_EDGE('',*,*,#1784,.F.);
#2471=ORIENTED_EDGE('',*,*,#1788,.T.);
#2472=ORIENTED_EDGE('',*,*,#1789,.T.);
#2473=ORIENTED_EDGE('',*,*,#1790,.T.);
#2474=ORIENTED_EDGE('',*,*,#1786,.F.);
#2475=ORIENTED_EDGE('',*,*,#1702,.T.);
#2476=ORIENTED_EDGE('',*,*,#1791,.T.);
#2477=ORIENTED_EDGE('',*,*,#1792,.T.);
#2478=ORIENTED_EDGE('',*,*,#1789,.F.);
#2479=ORIENTED_EDGE('',*,*,#1793,.T.);
#2480=ORIENTED_EDGE('',*,*,#1794,.T.);
#2481=ORIENTED_EDGE('',*,*,#1795,.T.);
#2482=ORIENTED_EDGE('',*,*,#1791,.F.);
#2483=ORIENTED_EDGE('',*,*,#1701,.T.);
#2484=ORIENTED_EDGE('',*,*,#1714,.T.);
#2485=ORIENTED_EDGE('',*,*,#1796,.T.);
#2486=ORIENTED_EDGE('',*,*,#1794,.F.);
#2487=ORIENTED_EDGE('',*,*,#1797,.T.);
#2488=ORIENTED_EDGE('',*,*,#1798,.T.);
#2489=ORIENTED_EDGE('',*,*,#1799,.T.);
#2490=ORIENTED_EDGE('',*,*,#1798,.F.);
#2491=ORIENTED_EDGE('',*,*,#1800,.T.);
#2492=ORIENTED_EDGE('',*,*,#1801,.T.);
#2493=ORIENTED_EDGE('',*,*,#1802,.T.);
#2494=ORIENTED_EDGE('',*,*,#1801,.F.);
#2495=ORIENTED_EDGE('',*,*,#1803,.T.);
#2496=ORIENTED_EDGE('',*,*,#1804,.T.);
#2497=ORIENTED_EDGE('',*,*,#1805,.T.);
#2498=ORIENTED_EDGE('',*,*,#1804,.F.);
#2499=ORIENTED_EDGE('',*,*,#1806,.T.);
#2500=ORIENTED_EDGE('',*,*,#1807,.T.);
#2501=ORIENTED_EDGE('',*,*,#1491,.T.);
#2502=ORIENTED_EDGE('',*,*,#1808,.T.);
#2503=ORIENTED_EDGE('',*,*,#1809,.T.);
#2504=ORIENTED_EDGE('',*,*,#1810,.T.);
#2505=ORIENTED_EDGE('',*,*,#1811,.T.);
#2506=ORIENTED_EDGE('',*,*,#1809,.F.);
#2507=ORIENTED_EDGE('',*,*,#1812,.T.);
#2508=ORIENTED_EDGE('',*,*,#1807,.F.);
#2509=ORIENTED_EDGE('',*,*,#1763,.F.);
#2510=ORIENTED_EDGE('',*,*,#1758,.F.);
#2511=ORIENTED_EDGE('',*,*,#1757,.F.);
#2512=ORIENTED_EDGE('',*,*,#1751,.F.);
#2513=ORIENTED_EDGE('',*,*,#1813,.T.);
#2514=ORIENTED_EDGE('',*,*,#1747,.F.);
#2515=ORIENTED_EDGE('',*,*,#1813,.F.);
#2516=ORIENTED_EDGE('',*,*,#1760,.F.);
#2517=ORIENTED_EDGE('',*,*,#1814,.T.);
#2518=ORIENTED_EDGE('',*,*,#1718,.F.);
#2519=ORIENTED_EDGE('',*,*,#1590,.F.);
#2520=ORIENTED_EDGE('',*,*,#1787,.F.);
#2521=ORIENTED_EDGE('',*,*,#1815,.T.);
#2522=ORIENTED_EDGE('',*,*,#1716,.F.);
#2523=ORIENTED_EDGE('',*,*,#1815,.F.);
#2524=ORIENTED_EDGE('',*,*,#1792,.F.);
#2525=ORIENTED_EDGE('',*,*,#1816,.T.);
#2526=ORIENTED_EDGE('',*,*,#1713,.F.);
#2527=ORIENTED_EDGE('',*,*,#1816,.F.);
#2528=ORIENTED_EDGE('',*,*,#1796,.F.);
#2529=ORIENTED_EDGE('',*,*,#1817,.T.);
#2530=ORIENTED_EDGE('',*,*,#1795,.F.);
#2531=ORIENTED_EDGE('',*,*,#1817,.F.);
#2532=ORIENTED_EDGE('',*,*,#1799,.F.);
#2533=ORIENTED_EDGE('',*,*,#1818,.T.);
#2534=ORIENTED_EDGE('',*,*,#1790,.F.);
#2535=ORIENTED_EDGE('',*,*,#1818,.F.);
#2536=ORIENTED_EDGE('',*,*,#1802,.F.);
#2537=ORIENTED_EDGE('',*,*,#1819,.T.);
#2538=ORIENTED_EDGE('',*,*,#1785,.F.);
#2539=ORIENTED_EDGE('',*,*,#1819,.F.);
#2540=ORIENTED_EDGE('',*,*,#1805,.F.);
#2541=ORIENTED_EDGE('',*,*,#1820,.T.);
#2542=ORIENTED_EDGE('',*,*,#1490,.F.);
#2543=ORIENTED_EDGE('',*,*,#1780,.F.);
#2544=ORIENTED_EDGE('',*,*,#1720,.F.);
#2545=ORIENTED_EDGE('',*,*,#1543,.T.);
#2546=ORIENTED_EDGE('',*,*,#1781,.F.);
#2547=ORIENTED_EDGE('',*,*,#1820,.F.);
#2548=ORIENTED_EDGE('',*,*,#1812,.F.);
#2549=ORIENTED_EDGE('',*,*,#1808,.F.);
#2550=ORIENTED_EDGE('',*,*,#1779,.F.);
#2551=ORIENTED_EDGE('',*,*,#1488,.F.);
#2552=ORIENTED_EDGE('',*,*,#1821,.T.);
#2553=ORIENTED_EDGE('',*,*,#1822,.T.);
#2554=ORIENTED_EDGE('',*,*,#1722,.F.);
#2555=ORIENTED_EDGE('',*,*,#1822,.F.);
#2556=ORIENTED_EDGE('',*,*,#1823,.T.);
#2557=ORIENTED_EDGE('',*,*,#1824,.T.);
#2558=ORIENTED_EDGE('',*,*,#1825,.T.);
#2559=ORIENTED_EDGE('',*,*,#1826,.F.);
#2560=ORIENTED_EDGE('',*,*,#1736,.F.);
#2561=ORIENTED_EDGE('',*,*,#1730,.F.);
#2562=ORIENTED_EDGE('',*,*,#1821,.F.);
#2563=ORIENTED_EDGE('',*,*,#1487,.F.);
#2564=ORIENTED_EDGE('',*,*,#1827,.T.);
#2565=ORIENTED_EDGE('',*,*,#1823,.F.);
#2566=ORIENTED_EDGE('',*,*,#1810,.F.);
#2567=ORIENTED_EDGE('',*,*,#1828,.T.);
#2568=ORIENTED_EDGE('',*,*,#1829,.T.);
#2569=ORIENTED_EDGE('',*,*,#1492,.F.);
#2570=ORIENTED_EDGE('',*,*,#1727,.F.);
#2571=ORIENTED_EDGE('',*,*,#1830,.F.);
#2572=ORIENTED_EDGE('',*,*,#1831,.T.);
#2573=ORIENTED_EDGE('',*,*,#1832,.T.);
#2574=ORIENTED_EDGE('',*,*,#1833,.T.);
#2575=ORIENTED_EDGE('',*,*,#1834,.T.);
#2576=ORIENTED_EDGE('',*,*,#1835,.T.);
#2577=ORIENTED_EDGE('',*,*,#1836,.T.);
#2578=ORIENTED_EDGE('',*,*,#1837,.T.);
#2579=ORIENTED_EDGE('',*,*,#1838,.T.);
#2580=ORIENTED_EDGE('',*,*,#1839,.T.);
#2581=ORIENTED_EDGE('',*,*,#1828,.F.);
#2582=ORIENTED_EDGE('',*,*,#1811,.F.);
#2583=ORIENTED_EDGE('',*,*,#1806,.F.);
#2584=ORIENTED_EDGE('',*,*,#1803,.F.);
#2585=ORIENTED_EDGE('',*,*,#1800,.F.);
#2586=ORIENTED_EDGE('',*,*,#1797,.F.);
#2587=ORIENTED_EDGE('',*,*,#1793,.F.);
#2588=ORIENTED_EDGE('',*,*,#1788,.F.);
#2589=ORIENTED_EDGE('',*,*,#1783,.F.);
#2590=ORIENTED_EDGE('',*,*,#1738,.F.);
#2591=ORIENTED_EDGE('',*,*,#1826,.T.);
#2592=ORIENTED_EDGE('',*,*,#1840,.T.);
#2593=ORIENTED_EDGE('',*,*,#1533,.T.);
#2594=ORIENTED_EDGE('',*,*,#1840,.F.);
#2595=ORIENTED_EDGE('',*,*,#1825,.F.);
#2596=ORIENTED_EDGE('',*,*,#1841,.F.);
#2597=ORIENTED_EDGE('',*,*,#1485,.F.);
#2598=ORIENTED_EDGE('',*,*,#1756,.F.);
#2599=ORIENTED_EDGE('',*,*,#1842,.T.);
#2600=ORIENTED_EDGE('',*,*,#1843,.T.);
#2601=ORIENTED_EDGE('',*,*,#1844,.T.);
#2602=ORIENTED_EDGE('',*,*,#1753,.F.);
#2603=ORIENTED_EDGE('',*,*,#1844,.F.);
#2604=ORIENTED_EDGE('',*,*,#1845,.T.);
#2605=ORIENTED_EDGE('',*,*,#1846,.T.);
#2606=ORIENTED_EDGE('',*,*,#1847,.T.);
#2607=ORIENTED_EDGE('',*,*,#1848,.F.);
#2608=ORIENTED_EDGE('',*,*,#1766,.F.);
#2609=ORIENTED_EDGE('',*,*,#1761,.F.);
#2610=ORIENTED_EDGE('',*,*,#1843,.F.);
#2611=ORIENTED_EDGE('',*,*,#1483,.F.);
#2612=ORIENTED_EDGE('',*,*,#1849,.T.);
#2613=ORIENTED_EDGE('',*,*,#1845,.F.);
#2614=ORIENTED_EDGE('',*,*,#1769,.F.);
#2615=ORIENTED_EDGE('',*,*,#1848,.T.);
#2616=ORIENTED_EDGE('',*,*,#1850,.T.);
#2617=ORIENTED_EDGE('',*,*,#1851,.T.);
#2618=ORIENTED_EDGE('',*,*,#1772,.F.);
#2619=ORIENTED_EDGE('',*,*,#1851,.F.);
#2620=ORIENTED_EDGE('',*,*,#1852,.T.);
#2621=ORIENTED_EDGE('',*,*,#1776,.F.);
#2622=ORIENTED_EDGE('',*,*,#1850,.F.);
#2623=ORIENTED_EDGE('',*,*,#1847,.F.);
#2624=ORIENTED_EDGE('',*,*,#1853,.F.);
#2625=ORIENTED_EDGE('',*,*,#1503,.F.);
#2626=ORIENTED_EDGE('',*,*,#1729,.F.);
#2627=ORIENTED_EDGE('',*,*,#1854,.T.);
#2628=ORIENTED_EDGE('',*,*,#1855,.T.);
#2629=ORIENTED_EDGE('',*,*,#1830,.T.);
#2630=ORIENTED_EDGE('',*,*,#1855,.F.);
#2631=ORIENTED_EDGE('',*,*,#1501,.F.);
#2632=ORIENTED_EDGE('',*,*,#1856,.T.);
#2633=ORIENTED_EDGE('',*,*,#1831,.F.);
#2634=ORIENTED_EDGE('',*,*,#1504,.F.);
#2635=ORIENTED_EDGE('',*,*,#1853,.T.);
#2636=ORIENTED_EDGE('',*,*,#1846,.F.);
#2637=ORIENTED_EDGE('',*,*,#1849,.F.);
#2638=ORIENTED_EDGE('',*,*,#1486,.F.);
#2639=ORIENTED_EDGE('',*,*,#1841,.T.);
#2640=ORIENTED_EDGE('',*,*,#1824,.F.);
#2641=ORIENTED_EDGE('',*,*,#1827,.F.);
#2642=ORIENTED_EDGE('',*,*,#1495,.F.);
#2643=ORIENTED_EDGE('',*,*,#1857,.T.);
#2644=ORIENTED_EDGE('',*,*,#1837,.F.);
#2645=ORIENTED_EDGE('',*,*,#1858,.F.);
#2646=ORIENTED_EDGE('',*,*,#1496,.F.);
#2647=ORIENTED_EDGE('',*,*,#1858,.T.);
#2648=ORIENTED_EDGE('',*,*,#1836,.F.);
#2649=ORIENTED_EDGE('',*,*,#1859,.F.);
#2650=ORIENTED_EDGE('',*,*,#1497,.F.);
#2651=ORIENTED_EDGE('',*,*,#1859,.T.);
#2652=ORIENTED_EDGE('',*,*,#1835,.F.);
#2653=ORIENTED_EDGE('',*,*,#1860,.F.);
#2654=ORIENTED_EDGE('',*,*,#1498,.F.);
#2655=ORIENTED_EDGE('',*,*,#1860,.T.);
#2656=ORIENTED_EDGE('',*,*,#1834,.F.);
#2657=ORIENTED_EDGE('',*,*,#1861,.F.);
#2658=ORIENTED_EDGE('',*,*,#1499,.F.);
#2659=ORIENTED_EDGE('',*,*,#1861,.T.);
#2660=ORIENTED_EDGE('',*,*,#1833,.F.);
#2661=ORIENTED_EDGE('',*,*,#1862,.F.);
#2662=ORIENTED_EDGE('',*,*,#1500,.F.);
#2663=ORIENTED_EDGE('',*,*,#1862,.T.);
#2664=ORIENTED_EDGE('',*,*,#1832,.F.);
#2665=ORIENTED_EDGE('',*,*,#1856,.F.);
#2666=ORIENTED_EDGE('',*,*,#1829,.F.);
#2667=ORIENTED_EDGE('',*,*,#1839,.F.);
#2668=ORIENTED_EDGE('',*,*,#1863,.F.);
#2669=ORIENTED_EDGE('',*,*,#1493,.F.);
#2670=ORIENTED_EDGE('',*,*,#1494,.F.);
#2671=ORIENTED_EDGE('',*,*,#1863,.T.);
#2672=ORIENTED_EDGE('',*,*,#1838,.F.);
#2673=ORIENTED_EDGE('',*,*,#1857,.F.);
#2674=ORIENTED_EDGE('',*,*,#1651,.F.);
#2675=ORIENTED_EDGE('',*,*,#1864,.F.);
#2676=ORIENTED_EDGE('',*,*,#1520,.T.);
#2677=ORIENTED_EDGE('',*,*,#1583,.T.);
#2678=ORIENTED_EDGE('',*,*,#1654,.F.);
#2679=ORIENTED_EDGE('',*,*,#1865,.F.);
#2680=ORIENTED_EDGE('',*,*,#1521,.T.);
#2681=ORIENTED_EDGE('',*,*,#1864,.T.);
#2682=ORIENTED_EDGE('',*,*,#1657,.F.);
#2683=ORIENTED_EDGE('',*,*,#1866,.F.);
#2684=ORIENTED_EDGE('',*,*,#1522,.T.);
#2685=ORIENTED_EDGE('',*,*,#1865,.T.);
#2686=ORIENTED_EDGE('',*,*,#1660,.F.);
#2687=ORIENTED_EDGE('',*,*,#1867,.F.);
#2688=ORIENTED_EDGE('',*,*,#1523,.T.);
#2689=ORIENTED_EDGE('',*,*,#1866,.T.);
#2690=ORIENTED_EDGE('',*,*,#1663,.F.);
#2691=ORIENTED_EDGE('',*,*,#1868,.F.);
#2692=ORIENTED_EDGE('',*,*,#1524,.T.);
#2693=ORIENTED_EDGE('',*,*,#1867,.T.);
#2694=ORIENTED_EDGE('',*,*,#1666,.F.);
#2695=ORIENTED_EDGE('',*,*,#1688,.F.);
#2696=ORIENTED_EDGE('',*,*,#1507,.T.);
#2697=ORIENTED_EDGE('',*,*,#1868,.T.);
#2698=ORIENTED_EDGE('',*,*,#1774,.F.);
#2699=ORIENTED_EDGE('',*,*,#1534,.F.);
#2700=ORIENTED_EDGE('',*,*,#1484,.F.);
#2701=ORIENTED_EDGE('',*,*,#1869,.T.);
#2702=ORIENTED_EDGE('',*,*,#1870,.F.);
#2703=ORIENTED_EDGE('',*,*,#1854,.F.);
#2704=ORIENTED_EDGE('',*,*,#1596,.F.);
#2705=ORIENTED_EDGE('',*,*,#1732,.F.);
#2706=ORIENTED_EDGE('',*,*,#1740,.F.);
#2707=ORIENTED_EDGE('',*,*,#1852,.F.);
#2708=ORIENTED_EDGE('',*,*,#1502,.F.);
#2709=ORIENTED_EDGE('',*,*,#1870,.T.);
#2710=ORIENTED_EDGE('',*,*,#1744,.F.);
#2711=ORIENTED_EDGE('',*,*,#1814,.F.);
#2712=ORIENTED_EDGE('',*,*,#1768,.F.);
#2713=ORIENTED_EDGE('',*,*,#1771,.F.);
#2714=ORIENTED_EDGE('',*,*,#1773,.F.);
#2715=ORIENTED_EDGE('',*,*,#1764,.F.);
#2716=ORIENTED_EDGE('',*,*,#1869,.F.);
#2717=ORIENTED_EDGE('',*,*,#1842,.F.);
#2718=ORIENTED_EDGE('',*,*,#1759,.F.);
#2719=PLANE('',#3062);
#2720=PLANE('',#3063);
#2721=PLANE('',#3066);
#2722=PLANE('',#3068);
#2723=PLANE('',#3069);
#2724=PLANE('',#3071);
#2725=PLANE('',#3072);
#2726=PLANE('',#3074);
#2727=PLANE('',#3082);
#2728=PLANE('',#3085);
#2729=PLANE('',#3086);
#2730=PLANE('',#3087);
#2731=PLANE('',#3088);
#2732=PLANE('',#3089);
#2733=PLANE('',#3090);
#2734=PLANE('',#3091);
#2735=PLANE('',#3092);
#2736=PLANE('',#3093);
#2737=PLANE('',#3094);
#2738=PLANE('',#3096);
#2739=PLANE('',#3097);
#2740=PLANE('',#3098);
#2741=PLANE('',#3101);
#2742=PLANE('',#3103);
#2743=PLANE('',#3104);
#2744=PLANE('',#3106);
#2745=PLANE('',#3107);
#2746=PLANE('',#3109);
#2747=PLANE('',#3116);
#2748=PLANE('',#3117);
#2749=PLANE('',#3118);
#2750=PLANE('',#3119);
#2751=PLANE('',#3120);
#2752=PLANE('',#3121);
#2753=PLANE('',#3122);
#2754=PLANE('',#3123);
#2755=PLANE('',#3124);
#2756=PLANE('',#3126);
#2757=PLANE('',#3127);
#2758=PLANE('',#3128);
#2759=PLANE('',#3130);
#2760=PLANE('',#3132);
#2761=PLANE('',#3133);
#2762=PLANE('',#3135);
#2763=PLANE('',#3137);
#2764=PLANE('',#3139);
#2765=PLANE('',#3140);
#2766=PLANE('',#3143);
#2767=PLANE('',#3144);
#2768=PLANE('',#3146);
#2769=PLANE('',#3155);
#2770=PLANE('',#3156);
#2771=PLANE('',#3157);
#2772=PLANE('',#3158);
#2773=PLANE('',#3159);
#2774=PLANE('',#3160);
#2775=PLANE('',#3161);
#2776=PLANE('',#3162);
#2777=PLANE('',#3163);
#2778=PLANE('',#3164);
#2779=PLANE('',#3165);
#2780=PLANE('',#3166);
#2781=PLANE('',#3167);
#2782=PLANE('',#3168);
#2783=PLANE('',#3169);
#2784=PLANE('',#3170);
#2785=PLANE('',#3171);
#2786=PLANE('',#3172);
#2787=PLANE('',#3173);
#2788=PLANE('',#3174);
#2789=PLANE('',#3175);
#2790=PLANE('',#3176);
#2791=PLANE('',#3177);
#2792=PLANE('',#3178);
#2793=PLANE('',#3179);
#2794=PLANE('',#3180);
#2795=PLANE('',#3181);
#2796=PLANE('',#3182);
#2797=PLANE('',#3183);
#2798=PLANE('',#3184);
#2799=PLANE('',#3185);
#2800=PLANE('',#3186);
#2801=PLANE('',#3189);
#2802=PLANE('',#3190);
#2803=PLANE('',#3191);
#2804=PLANE('',#3192);
#2805=PLANE('',#3193);
#2806=PLANE('',#3196);
#2807=PLANE('',#3197);
#2808=PLANE('',#3198);
#2809=PLANE('',#3199);
#2810=PLANE('',#3200);
#2811=PLANE('',#3201);
#2812=PLANE('',#3205);
#2813=PLANE('',#3206);
#2814=PLANE('',#3207);
#2815=PLANE('',#3208);
#2816=PLANE('',#3209);
#2817=PLANE('',#3213);
#2818=PLANE('',#3214);
#2819=PLANE('',#3215);
#2820=PLANE('',#3216);
#2821=PLANE('',#3217);
#2822=PLANE('',#3218);
#2823=PLANE('',#3222);
#2824=PLANE('',#3223);
#2825=PLANE('',#3224);
#2826=PLANE('',#3225);
#2827=PLANE('',#3226);
#2828=PLANE('',#3227);
#2829=PLANE('',#3228);
#2830=PLANE('',#3229);
#2831=PLANE('',#3230);
#2832=PLANE('',#3231);
#2833=PLANE('',#3232);
#2834=PLANE('',#3236);
#2835=PLANE('',#3237);
#2836=PLANE('',#3238);
#2837=PLANE('',#3239);
#2838=PLANE('',#3240);
#2839=PLANE('',#3241);
#2840=PLANE('',#3242);
#2841=PLANE('',#3243);
#2842=PLANE('',#3244);
#2843=PLANE('',#3245);
#2844=PLANE('',#3248);
#2845=PLANE('',#3249);
#2846=PLANE('',#3252);
#2847=PLANE('',#3255);
#2848=PLANE('',#3258);
#2849=PLANE('',#3259);
#2850=PLANE('',#3262);
#2851=PLANE('',#3263);
#2852=PLANE('',#3266);
#2853=PLANE('',#3267);
#2854=PLANE('',#3268);
#2855=PLANE('',#3269);
#2856=PLANE('',#3270);
#2857=PLANE('',#3271);
#2858=PLANE('',#3272);
#2859=PLANE('',#3273);
#2860=PLANE('',#3274);
#2861=PLANE('',#3275);
#2862=PLANE('',#3276);
#2863=PLANE('',#3277);
#2864=PLANE('',#3278);
#2865=PLANE('',#3279);
#2866=PLANE('',#3280);
#2867=PLANE('',#3281);
#2868=PLANE('',#3282);
#2869=PLANE('',#3283);
#2870=PLANE('',#3284);
#2871=PLANE('',#3285);
#2872=PLANE('',#3286);
#2873=PLANE('',#3287);
#2874=ADVANCED_FACE('',(#98),#2719,.T.);
#2875=ADVANCED_FACE('',(#99),#2720,.T.);
#2876=ADVANCED_FACE('',(#100),#2721,.T.);
#2877=ADVANCED_FACE('',(#101),#2722,.T.);
#2878=ADVANCED_FACE('',(#102),#2723,.T.);
#2879=ADVANCED_FACE('',(#103),#2724,.T.);
#2880=ADVANCED_FACE('',(#104),#2725,.T.);
#2881=ADVANCED_FACE('',(#105),#2726,.T.);
#2882=ADVANCED_FACE('',(#106),#33,.F.);
#2883=ADVANCED_FACE('',(#107,#25,#26,#27,#28),#2727,.F.);
#2884=ADVANCED_FACE('',(#108),#2728,.F.);
#2885=ADVANCED_FACE('',(#109),#2729,.F.);
#2886=ADVANCED_FACE('',(#110),#2730,.F.);
#2887=ADVANCED_FACE('',(#111),#2731,.F.);
#2888=ADVANCED_FACE('',(#112),#2732,.T.);
#2889=ADVANCED_FACE('',(#113),#2733,.T.);
#2890=ADVANCED_FACE('',(#114),#2734,.T.);
#2891=ADVANCED_FACE('',(#115),#2735,.T.);
#2892=ADVANCED_FACE('',(#116),#2736,.T.);
#2893=ADVANCED_FACE('',(#117),#2737,.T.);
#2894=ADVANCED_FACE('',(#118),#2738,.T.);
#2895=ADVANCED_FACE('',(#119),#2739,.T.);
#2896=ADVANCED_FACE('',(#120),#2740,.T.);
#2897=ADVANCED_FACE('',(#121),#2741,.T.);
#2898=ADVANCED_FACE('',(#122),#2742,.T.);
#2899=ADVANCED_FACE('',(#123),#2743,.T.);
#2900=ADVANCED_FACE('',(#124),#2744,.T.);
#2901=ADVANCED_FACE('',(#125),#2745,.T.);
#2902=ADVANCED_FACE('',(#126),#2746,.T.);
#2903=ADVANCED_FACE('',(#127),#34,.F.);
#2904=ADVANCED_FACE('',(#128),#2747,.F.);
#2905=ADVANCED_FACE('',(#129),#2748,.F.);
#2906=ADVANCED_FACE('',(#130),#2749,.F.);
#2907=ADVANCED_FACE('',(#131),#2750,.F.);
#2908=ADVANCED_FACE('',(#132),#2751,.T.);
#2909=ADVANCED_FACE('',(#133),#2752,.T.);
#2910=ADVANCED_FACE('',(#134),#2753,.T.);
#2911=ADVANCED_FACE('',(#135),#2754,.T.);
#2912=ADVANCED_FACE('',(#136),#2755,.T.);
#2913=ADVANCED_FACE('',(#137),#2756,.T.);
#2914=ADVANCED_FACE('',(#138),#2757,.T.);
#2915=ADVANCED_FACE('',(#139),#2758,.T.);
#2916=ADVANCED_FACE('',(#140),#2759,.T.);
#2917=ADVANCED_FACE('',(#141),#2760,.T.);
#2918=ADVANCED_FACE('',(#142),#2761,.F.);
#2919=ADVANCED_FACE('',(#143),#2762,.F.);
#2920=ADVANCED_FACE('',(#144),#2763,.T.);
#2921=ADVANCED_FACE('',(#145),#2764,.T.);
#2922=ADVANCED_FACE('',(#146),#2765,.T.);
#2923=ADVANCED_FACE('',(#147),#2766,.T.);
#2924=ADVANCED_FACE('',(#148),#2767,.F.);
#2925=ADVANCED_FACE('',(#149),#2768,.F.);
#2926=ADVANCED_FACE('',(#150),#35,.F.);
#2927=ADVANCED_FACE('',(#151),#36,.F.);
#2928=ADVANCED_FACE('',(#152),#37,.F.);
#2929=ADVANCED_FACE('',(#153),#38,.F.);
#2930=ADVANCED_FACE('',(#154),#2769,.T.);
#2931=ADVANCED_FACE('',(#155),#2770,.T.);
#2932=ADVANCED_FACE('',(#156),#2771,.T.);
#2933=ADVANCED_FACE('',(#157),#2772,.T.);
#2934=ADVANCED_FACE('',(#158),#2773,.T.);
#2935=ADVANCED_FACE('',(#159),#2774,.T.);
#2936=ADVANCED_FACE('',(#160),#2775,.T.);
#2937=ADVANCED_FACE('',(#161),#2776,.T.);
#2938=ADVANCED_FACE('',(#162),#2777,.T.);
#2939=ADVANCED_FACE('',(#163),#2778,.T.);
#2940=ADVANCED_FACE('',(#164),#2779,.T.);
#2941=ADVANCED_FACE('',(#165),#2780,.T.);
#2942=ADVANCED_FACE('',(#166),#2781,.T.);
#2943=ADVANCED_FACE('',(#167),#2782,.T.);
#2944=ADVANCED_FACE('',(#168),#2783,.T.);
#2945=ADVANCED_FACE('',(#169),#2784,.T.);
#2946=ADVANCED_FACE('',(#170),#2785,.T.);
#2947=ADVANCED_FACE('',(#171),#2786,.T.);
#2948=ADVANCED_FACE('',(#172),#2787,.T.);
#2949=ADVANCED_FACE('',(#173),#2788,.T.);
#2950=ADVANCED_FACE('',(#174),#2789,.T.);
#2951=ADVANCED_FACE('',(#175),#2790,.T.);
#2952=ADVANCED_FACE('',(#176),#2791,.T.);
#2953=ADVANCED_FACE('',(#177),#2792,.T.);
#2954=ADVANCED_FACE('',(#178,#29,#30,#31,#32),#2793,.T.);
#2955=ADVANCED_FACE('',(#179),#2794,.T.);
#2956=ADVANCED_FACE('',(#180),#2795,.T.);
#2957=ADVANCED_FACE('',(#181),#2796,.T.);
#2958=ADVANCED_FACE('',(#182),#2797,.T.);
#2959=ADVANCED_FACE('',(#183),#2798,.T.);
#2960=ADVANCED_FACE('',(#184),#2799,.T.);
#2961=ADVANCED_FACE('',(#185),#2800,.T.);
#2962=ADVANCED_FACE('',(#186),#19,.T.);
#2963=ADVANCED_FACE('',(#187),#2801,.T.);
#2964=ADVANCED_FACE('',(#188),#2802,.T.);
#2965=ADVANCED_FACE('',(#189),#2803,.T.);
#2966=ADVANCED_FACE('',(#190),#2804,.T.);
#2967=ADVANCED_FACE('',(#191),#2805,.T.);
#2968=ADVANCED_FACE('',(#192),#20,.T.);
#2969=ADVANCED_FACE('',(#193),#2806,.T.);
#2970=ADVANCED_FACE('',(#194),#2807,.T.);
#2971=ADVANCED_FACE('',(#195),#2808,.T.);
#2972=ADVANCED_FACE('',(#196),#2809,.T.);
#2973=ADVANCED_FACE('',(#197),#2810,.T.);
#2974=ADVANCED_FACE('',(#198),#2811,.T.);
#2975=ADVANCED_FACE('',(#199),#21,.T.);
#2976=ADVANCED_FACE('',(#200),#2812,.T.);
#2977=ADVANCED_FACE('',(#201),#2813,.T.);
#2978=ADVANCED_FACE('',(#202),#2814,.T.);
#2979=ADVANCED_FACE('',(#203),#2815,.T.);
#2980=ADVANCED_FACE('',(#204),#2816,.T.);
#2981=ADVANCED_FACE('',(#205),#22,.T.);
#2982=ADVANCED_FACE('',(#206),#2817,.T.);
#2983=ADVANCED_FACE('',(#207),#2818,.T.);
#2984=ADVANCED_FACE('',(#208),#2819,.T.);
#2985=ADVANCED_FACE('',(#209),#2820,.T.);
#2986=ADVANCED_FACE('',(#210),#2821,.T.);
#2987=ADVANCED_FACE('',(#211),#2822,.T.);
#2988=ADVANCED_FACE('',(#212),#23,.T.);
#2989=ADVANCED_FACE('',(#213),#2823,.T.);
#2990=ADVANCED_FACE('',(#214),#2824,.T.);
#2991=ADVANCED_FACE('',(#215),#2825,.T.);
#2992=ADVANCED_FACE('',(#216),#2826,.T.);
#2993=ADVANCED_FACE('',(#217),#2827,.T.);
#2994=ADVANCED_FACE('',(#218),#2828,.T.);
#2995=ADVANCED_FACE('',(#219),#2829,.T.);
#2996=ADVANCED_FACE('',(#220),#2830,.T.);
#2997=ADVANCED_FACE('',(#221),#2831,.T.);
#2998=ADVANCED_FACE('',(#222),#2832,.T.);
#2999=ADVANCED_FACE('',(#223),#2833,.T.);
#3000=ADVANCED_FACE('',(#224),#24,.T.);
#3001=ADVANCED_FACE('',(#225),#2834,.T.);
#3002=ADVANCED_FACE('',(#226),#2835,.T.);
#3003=ADVANCED_FACE('',(#227),#2836,.T.);
#3004=ADVANCED_FACE('',(#228),#2837,.T.);
#3005=ADVANCED_FACE('',(#229),#2838,.T.);
#3006=ADVANCED_FACE('',(#230),#2839,.T.);
#3007=ADVANCED_FACE('',(#231),#2840,.T.);
#3008=ADVANCED_FACE('',(#232),#2841,.T.);
#3009=ADVANCED_FACE('',(#233),#2842,.T.);
#3010=ADVANCED_FACE('',(#234),#2843,.T.);
#3011=ADVANCED_FACE('',(#235),#39,.T.);
#3012=ADVANCED_FACE('',(#236),#2844,.T.);
#3013=ADVANCED_FACE('',(#237),#2845,.T.);
#3014=ADVANCED_FACE('',(#238),#40,.T.);
#3015=ADVANCED_FACE('',(#239),#2846,.T.);
#3016=ADVANCED_FACE('',(#240),#41,.T.);
#3017=ADVANCED_FACE('',(#241),#2847,.T.);
#3018=ADVANCED_FACE('',(#242),#42,.T.);
#3019=ADVANCED_FACE('',(#243),#2848,.T.);
#3020=ADVANCED_FACE('',(#244),#2849,.T.);
#3021=ADVANCED_FACE('',(#245),#43,.T.);
#3022=ADVANCED_FACE('',(#246),#2850,.T.);
#3023=ADVANCED_FACE('',(#247),#2851,.T.);
#3024=ADVANCED_FACE('',(#248),#44,.T.);
#3025=ADVANCED_FACE('',(#249),#2852,.T.);
#3026=ADVANCED_FACE('',(#250),#2853,.T.);
#3027=ADVANCED_FACE('',(#251),#2854,.T.);
#3028=ADVANCED_FACE('',(#252),#2855,.T.);
#3029=ADVANCED_FACE('',(#253),#2856,.T.);
#3030=ADVANCED_FACE('',(#254),#2857,.T.);
#3031=ADVANCED_FACE('',(#255),#2858,.T.);
#3032=ADVANCED_FACE('',(#256),#2859,.T.);
#3033=ADVANCED_FACE('',(#257),#2860,.T.);
#3034=ADVANCED_FACE('',(#258),#2861,.T.);
#3035=ADVANCED_FACE('',(#259),#2862,.T.);
#3036=ADVANCED_FACE('',(#260),#2863,.T.);
#3037=ADVANCED_FACE('',(#261),#2864,.T.);
#3038=ADVANCED_FACE('',(#262),#2865,.T.);
#3039=ADVANCED_FACE('',(#263),#2866,.T.);
#3040=ADVANCED_FACE('',(#264),#2867,.T.);
#3041=ADVANCED_FACE('',(#265),#2868,.T.);
#3042=ADVANCED_FACE('',(#266),#2869,.T.);
#3043=ADVANCED_FACE('',(#267),#2870,.T.);
#3044=ADVANCED_FACE('',(#268),#2871,.T.);
#3045=ADVANCED_FACE('',(#269),#2872,.T.);
#3046=ADVANCED_FACE('',(#270),#2873,.T.);
#3047=CLOSED_SHELL('',(#2874,#2875,#2876,#2877,#2878,#2879,#2880,#2881,
#2882,#2883,#2884,#2885,#2886,#2887,#2888,#2889,#2890,#2891,#2892,#2893,
#2894,#2895,#2896,#2897,#2898,#2899,#2900,#2901,#2902,#2903,#2904,#2905,
#2906,#2907,#2908,#2909,#2910,#2911,#2912,#2913,#2914,#2915,#2916,#2917,
#2918,#2919,#2920,#2921,#2922,#2923,#2924,#2925,#2926,#2927,#2928,#2929,
#2930,#2931,#2932,#2933,#2934,#2935,#2936,#2937,#2938,#2939,#2940,#2941,
#2942,#2943,#2944,#2945,#2946,#2947,#2948,#2949,#2950,#2951,#2952,#2953,
#2954,#2955,#2956,#2957,#2958,#2959,#2960,#2961,#2962,#2963,#2964,#2965,
#2966,#2967,#2968,#2969,#2970,#2971,#2972,#2973,#2974,#2975,#2976,#2977,
#2978,#2979,#2980,#2981,#2982,#2983,#2984,#2985,#2986,#2987,#2988,#2989,
#2990,#2991,#2992,#2993,#2994,#2995,#2996,#2997,#2998,#2999,#3000,#3001,
#3002,#3003,#3004,#3005,#3006,#3007,#3008,#3009,#3010,#3011,#3012,#3013,
#3014,#3015,#3016,#3017,#3018,#3019,#3020,#3021,#3022,#3023,#3024,#3025,
#3026,#3027,#3028,#3029,#3030,#3031,#3032,#3033,#3034,#3035,#3036,#3037,
#3038,#3039,#3040,#3041,#3042,#3043,#3044,#3045,#3046));
#3048=DERIVED_UNIT_ELEMENT(#3050,1.);
#3049=DERIVED_UNIT_ELEMENT(#4978,-3.);
#3050=(
MASS_UNIT()
NAMED_UNIT(*)
SI_UNIT(.KILO.,.GRAM.)
);
#3051=DERIVED_UNIT((#3048,#3049));
#3052=MEASURE_REPRESENTATION_ITEM('density measure',
POSITIVE_RATIO_MEASURE(7850.),#3051);
#3053=PROPERTY_DEFINITION_REPRESENTATION(#3058,#3055);
#3054=PROPERTY_DEFINITION_REPRESENTATION(#3059,#3056);
#3055=REPRESENTATION('material name',(#3057),#4975);
#3056=REPRESENTATION('density',(#3052),#4975);
#3057=DESCRIPTIVE_REPRESENTATION_ITEM('Steel','Steel');
#3058=PROPERTY_DEFINITION('material property','material name',#4990);
#3059=PROPERTY_DEFINITION('material property','density of part',#4990);
#3060=AXIS2_PLACEMENT_3D('',#4118,#3289,#3290);
#3061=AXIS2_PLACEMENT_3D('',#4119,#3291,#3292);
#3062=AXIS2_PLACEMENT_3D('',#4120,#3293,#3294);
#3063=AXIS2_PLACEMENT_3D('',#4139,#3304,#3305);
#3064=AXIS2_PLACEMENT_3D('',#4141,#3306,#3307);
#3065=AXIS2_PLACEMENT_3D('',#4142,#3308,#3309);
#3066=AXIS2_PLACEMENT_3D('',#4143,#3310,#3311);
#3067=AXIS2_PLACEMENT_3D('',#4148,#3314,#3315);
#3068=AXIS2_PLACEMENT_3D('',#4149,#3316,#3317);
#3069=AXIS2_PLACEMENT_3D('',#4155,#3321,#3322);
#3070=AXIS2_PLACEMENT_3D('',#4157,#3323,#3324);
#3071=AXIS2_PLACEMENT_3D('',#4161,#3327,#3328);
#3072=AXIS2_PLACEMENT_3D('',#4172,#3335,#3336);
#3073=AXIS2_PLACEMENT_3D('',#4173,#3337,#3338);
#3074=AXIS2_PLACEMENT_3D('',#4174,#3339,#3340);
#3075=AXIS2_PLACEMENT_3D('',#4178,#3343,#3344);
#3076=AXIS2_PLACEMENT_3D('',#4180,#3345,#3346);
#3077=AXIS2_PLACEMENT_3D('',#4181,#3347,#3348);
#3078=AXIS2_PLACEMENT_3D('',#4182,#3349,#3350);
#3079=AXIS2_PLACEMENT_3D('',#4183,#3351,#3352);
#3080=AXIS2_PLACEMENT_3D('',#4184,#3353,#3354);
#3081=AXIS2_PLACEMENT_3D('',#4187,#3356,#3357);
#3082=AXIS2_PLACEMENT_3D('',#4188,#3358,#3359);
#3083=AXIS2_PLACEMENT_3D('',#4234,#3382,#3383);
#3084=AXIS2_PLACEMENT_3D('',#4236,#3384,#3385);
#3085=AXIS2_PLACEMENT_3D('',#4273,#3404,#3405);
#3086=AXIS2_PLACEMENT_3D('',#4274,#3406,#3407);
#3087=AXIS2_PLACEMENT_3D('',#4275,#3408,#3409);
#3088=AXIS2_PLACEMENT_3D('',#4276,#3410,#3411);
#3089=AXIS2_PLACEMENT_3D('',#4277,#3412,#3413);
#3090=AXIS2_PLACEMENT_3D('',#4283,#3417,#3418);
#3091=AXIS2_PLACEMENT_3D('',#4287,#3421,#3422);
#3092=AXIS2_PLACEMENT_3D('',#4291,#3425,#3426);
#3093=AXIS2_PLACEMENT_3D('',#4299,#3431,#3432);
#3094=AXIS2_PLACEMENT_3D('',#4305,#3436,#3437);
#3095=AXIS2_PLACEMENT_3D('',#4311,#3440,#3441);
#3096=AXIS2_PLACEMENT_3D('',#4313,#3443,#3444);
#3097=AXIS2_PLACEMENT_3D('',#4319,#3448,#3449);
#3098=AXIS2_PLACEMENT_3D('',#4338,#3459,#3460);
#3099=AXIS2_PLACEMENT_3D('',#4340,#3461,#3462);
#3100=AXIS2_PLACEMENT_3D('',#4341,#3463,#3464);
#3101=AXIS2_PLACEMENT_3D('',#4342,#3465,#3466);
#3102=AXIS2_PLACEMENT_3D('',#4347,#3469,#3470);
#3103=AXIS2_PLACEMENT_3D('',#4348,#3471,#3472);
#3104=AXIS2_PLACEMENT_3D('',#4354,#3476,#3477);
#3105=AXIS2_PLACEMENT_3D('',#4356,#3478,#3479);
#3106=AXIS2_PLACEMENT_3D('',#4360,#3482,#3483);
#3107=AXIS2_PLACEMENT_3D('',#4371,#3490,#3491);
#3108=AXIS2_PLACEMENT_3D('',#4372,#3492,#3493);
#3109=AXIS2_PLACEMENT_3D('',#4373,#3494,#3495);
#3110=AXIS2_PLACEMENT_3D('',#4377,#3498,#3499);
#3111=AXIS2_PLACEMENT_3D('',#4378,#3500,#3501);
#3112=AXIS2_PLACEMENT_3D('',#4379,#3502,#3503);
#3113=AXIS2_PLACEMENT_3D('',#4380,#3504,#3505);
#3114=AXIS2_PLACEMENT_3D('',#4382,#3506,#3507);
#3115=AXIS2_PLACEMENT_3D('',#4384,#3509,#3510);
#3116=AXIS2_PLACEMENT_3D('',#4385,#3511,#3512);
#3117=AXIS2_PLACEMENT_3D('',#4386,#3513,#3514);
#3118=AXIS2_PLACEMENT_3D('',#4387,#3515,#3516);
#3119=AXIS2_PLACEMENT_3D('',#4388,#3517,#3518);
#3120=AXIS2_PLACEMENT_3D('',#4389,#3519,#3520);
#3121=AXIS2_PLACEMENT_3D('',#4395,#3524,#3525);
#3122=AXIS2_PLACEMENT_3D('',#4399,#3528,#3529);
#3123=AXIS2_PLACEMENT_3D('',#4403,#3532,#3533);
#3124=AXIS2_PLACEMENT_3D('',#4412,#3538,#3539);
#3125=AXIS2_PLACEMENT_3D('',#4417,#3541,#3542);
#3126=AXIS2_PLACEMENT_3D('',#4420,#3545,#3546);
#3127=AXIS2_PLACEMENT_3D('',#4426,#3550,#3551);
#3128=AXIS2_PLACEMENT_3D('',#4445,#3561,#3562);
#3129=AXIS2_PLACEMENT_3D('',#4446,#3563,#3564);
#3130=AXIS2_PLACEMENT_3D('',#4447,#3565,#3566);
#3131=AXIS2_PLACEMENT_3D('',#4452,#3569,#3570);
#3132=AXIS2_PLACEMENT_3D('',#4453,#3571,#3572);
#3133=AXIS2_PLACEMENT_3D('',#4459,#3576,#3577);
#3134=AXIS2_PLACEMENT_3D('',#4462,#3579,#3580);
#3135=AXIS2_PLACEMENT_3D('',#4463,#3581,#3582);
#3136=AXIS2_PLACEMENT_3D('',#4464,#3583,#3584);
#3137=AXIS2_PLACEMENT_3D('',#4465,#3585,#3586);
#3138=AXIS2_PLACEMENT_3D('',#4467,#3587,#3588);
#3139=AXIS2_PLACEMENT_3D('',#4471,#3591,#3592);
#3140=AXIS2_PLACEMENT_3D('',#4482,#3599,#3600);
#3141=AXIS2_PLACEMENT_3D('',#4484,#3601,#3602);
#3142=AXIS2_PLACEMENT_3D('',#4485,#3603,#3604);
#3143=AXIS2_PLACEMENT_3D('',#4486,#3605,#3606);
#3144=AXIS2_PLACEMENT_3D('',#4488,#3608,#3609);
#3145=AXIS2_PLACEMENT_3D('',#4489,#3610,#3611);
#3146=AXIS2_PLACEMENT_3D('',#4490,#3612,#3613);
#3147=AXIS2_PLACEMENT_3D('',#4491,#3614,#3615);
#3148=AXIS2_PLACEMENT_3D('',#4492,#3616,#3617);
#3149=AXIS2_PLACEMENT_3D('',#4494,#3618,#3619);
#3150=AXIS2_PLACEMENT_3D('',#4496,#3621,#3622);
#3151=AXIS2_PLACEMENT_3D('',#4498,#3623,#3624);
#3152=AXIS2_PLACEMENT_3D('',#4500,#3626,#3627);
#3153=AXIS2_PLACEMENT_3D('',#4502,#3629,#3630);
#3154=AXIS2_PLACEMENT_3D('',#4504,#3631,#3632);
#3155=AXIS2_PLACEMENT_3D('',#4506,#3634,#3635);
#3156=AXIS2_PLACEMENT_3D('',#4514,#3640,#3641);
#3157=AXIS2_PLACEMENT_3D('',#4518,#3644,#3645);
#3158=AXIS2_PLACEMENT_3D('',#4522,#3648,#3649);
#3159=AXIS2_PLACEMENT_3D('',#4526,#3652,#3653);
#3160=AXIS2_PLACEMENT_3D('',#4532,#3657,#3658);
#3161=AXIS2_PLACEMENT_3D('',#4538,#3662,#3663);
#3162=AXIS2_PLACEMENT_3D('',#4544,#3667,#3668);
#3163=AXIS2_PLACEMENT_3D('',#4550,#3672,#3673);
#3164=AXIS2_PLACEMENT_3D('',#4556,#3677,#3678);
#3165=AXIS2_PLACEMENT_3D('',#4562,#3682,#3683);
#3166=AXIS2_PLACEMENT_3D('',#4568,#3687,#3688);
#3167=AXIS2_PLACEMENT_3D('',#4574,#3692,#3693);
#3168=AXIS2_PLACEMENT_3D('',#4579,#3697,#3698);
#3169=AXIS2_PLACEMENT_3D('',#4583,#3701,#3702);
#3170=AXIS2_PLACEMENT_3D('',#4587,#3705,#3706);
#3171=AXIS2_PLACEMENT_3D('',#4591,#3709,#3710);
#3172=AXIS2_PLACEMENT_3D('',#4597,#3714,#3715);
#3173=AXIS2_PLACEMENT_3D('',#4600,#3718,#3719);
#3174=AXIS2_PLACEMENT_3D('',#4603,#3722,#3723);
#3175=AXIS2_PLACEMENT_3D('',#4605,#3725,#3726);
#3176=AXIS2_PLACEMENT_3D('',#4606,#3727,#3728);
#3177=AXIS2_PLACEMENT_3D('',#4608,#3730,#3731);
#3178=AXIS2_PLACEMENT_3D('',#4610,#3733,#3734);
#3179=AXIS2_PLACEMENT_3D('',#4611,#3735,#3736);
#3180=AXIS2_PLACEMENT_3D('',#4652,#3757,#3758);
#3181=AXIS2_PLACEMENT_3D('',#4658,#3762,#3763);
#3182=AXIS2_PLACEMENT_3D('',#4662,#3766,#3767);
#3183=AXIS2_PLACEMENT_3D('',#4665,#3770,#3771);
#3184=AXIS2_PLACEMENT_3D('',#4667,#3773,#3774);
#3185=AXIS2_PLACEMENT_3D('',#4675,#3779,#3780);
#3186=AXIS2_PLACEMENT_3D('',#4678,#3783,#3784);
#3187=AXIS2_PLACEMENT_3D('',#4684,#3788,#3789);
#3188=AXIS2_PLACEMENT_3D('',#4685,#3790,#3791);
#3189=AXIS2_PLACEMENT_3D('',#4686,#3792,#3793);
#3190=AXIS2_PLACEMENT_3D('',#4687,#3794,#3795);
#3191=AXIS2_PLACEMENT_3D('',#4691,#3798,#3799);
#3192=AXIS2_PLACEMENT_3D('',#4695,#3802,#3803);
#3193=AXIS2_PLACEMENT_3D('',#4698,#3806,#3807);
#3194=AXIS2_PLACEMENT_3D('',#4702,#3810,#3811);
#3195=AXIS2_PLACEMENT_3D('',#4703,#3812,#3813);
#3196=AXIS2_PLACEMENT_3D('',#4704,#3814,#3815);
#3197=AXIS2_PLACEMENT_3D('',#4708,#3818,#3819);
#3198=AXIS2_PLACEMENT_3D('',#4714,#3823,#3824);
#3199=AXIS2_PLACEMENT_3D('',#4718,#3827,#3828);
#3200=AXIS2_PLACEMENT_3D('',#4722,#3831,#3832);
#3201=AXIS2_PLACEMENT_3D('',#4728,#3836,#3837);
#3202=AXIS2_PLACEMENT_3D('',#4737,#3842,#3843);
#3203=AXIS2_PLACEMENT_3D('',#4741,#3845,#3846);
#3204=AXIS2_PLACEMENT_3D('',#4742,#3847,#3848);
#3205=AXIS2_PLACEMENT_3D('',#4743,#3849,#3850);
#3206=AXIS2_PLACEMENT_3D('',#4746,#3853,#3854);
#3207=AXIS2_PLACEMENT_3D('',#4752,#3858,#3859);
#3208=AXIS2_PLACEMENT_3D('',#4754,#3861,#3862);
#3209=AXIS2_PLACEMENT_3D('',#4758,#3865,#3866);
#3210=AXIS2_PLACEMENT_3D('',#4764,#3870,#3871);
#3211=AXIS2_PLACEMENT_3D('',#4766,#3872,#3873);
#3212=AXIS2_PLACEMENT_3D('',#4769,#3875,#3876);
#3213=AXIS2_PLACEMENT_3D('',#4770,#3877,#3878);
#3214=AXIS2_PLACEMENT_3D('',#4773,#3881,#3882);
#3215=AXIS2_PLACEMENT_3D('',#4776,#3885,#3886);
#3216=AXIS2_PLACEMENT_3D('',#4778,#3888,#3889);
#3217=AXIS2_PLACEMENT_3D('',#4779,#3890,#3891);
#3218=AXIS2_PLACEMENT_3D('',#4781,#3893,#3894);
#3219=AXIS2_PLACEMENT_3D('',#4783,#3896,#3897);
#3220=AXIS2_PLACEMENT_3D('',#4784,#3898,#3899);
#3221=AXIS2_PLACEMENT_3D('',#4785,#3900,#3901);
#3222=AXIS2_PLACEMENT_3D('',#4786,#3902,#3903);
#3223=AXIS2_PLACEMENT_3D('',#4790,#3906,#3907);
#3224=AXIS2_PLACEMENT_3D('',#4794,#3910,#3911);
#3225=AXIS2_PLACEMENT_3D('',#4798,#3914,#3915);
#3226=AXIS2_PLACEMENT_3D('',#4804,#3919,#3920);
#3227=AXIS2_PLACEMENT_3D('',#4808,#3923,#3924);
#3228=AXIS2_PLACEMENT_3D('',#4814,#3928,#3929);
#3229=AXIS2_PLACEMENT_3D('',#4816,#3931,#3932);
#3230=AXIS2_PLACEMENT_3D('',#4822,#3936,#3937);
#3231=AXIS2_PLACEMENT_3D('',#4828,#3941,#3942);
#3232=AXIS2_PLACEMENT_3D('',#4834,#3946,#3947);
#3233=AXIS2_PLACEMENT_3D('',#4840,#3951,#3952);
#3234=AXIS2_PLACEMENT_3D('',#4842,#3953,#3954);
#3235=AXIS2_PLACEMENT_3D('',#4845,#3956,#3957);
#3236=AXIS2_PLACEMENT_3D('',#4846,#3958,#3959);
#3237=AXIS2_PLACEMENT_3D('',#4849,#3962,#3963);
#3238=AXIS2_PLACEMENT_3D('',#4851,#3965,#3966);
#3239=AXIS2_PLACEMENT_3D('',#4853,#3968,#3969);
#3240=AXIS2_PLACEMENT_3D('',#4855,#3971,#3972);
#3241=AXIS2_PLACEMENT_3D('',#4857,#3974,#3975);
#3242=AXIS2_PLACEMENT_3D('',#4859,#3977,#3978);
#3243=AXIS2_PLACEMENT_3D('',#4861,#3980,#3981);
#3244=AXIS2_PLACEMENT_3D('',#4863,#3983,#3984);
#3245=AXIS2_PLACEMENT_3D('',#4865,#3986,#3987);
#3246=AXIS2_PLACEMENT_3D('',#4866,#3988,#3989);
#3247=AXIS2_PLACEMENT_3D('',#4868,#3990,#3991);
#3248=AXIS2_PLACEMENT_3D('',#4870,#3993,#3994);
#3249=AXIS2_PLACEMENT_3D('',#4878,#3999,#4000);
#3250=AXIS2_PLACEMENT_3D('',#4880,#4002,#4003);
#3251=AXIS2_PLACEMENT_3D('',#4883,#4005,#4006);
#3252=AXIS2_PLACEMENT_3D('',#4884,#4007,#4008);
#3253=AXIS2_PLACEMENT_3D('',#4904,#4019,#4020);
#3254=AXIS2_PLACEMENT_3D('',#4905,#4021,#4022);
#3255=AXIS2_PLACEMENT_3D('',#4906,#4023,#4024);
#3256=AXIS2_PLACEMENT_3D('',#4908,#4026,#4027);
#3257=AXIS2_PLACEMENT_3D('',#4911,#4029,#4030);
#3258=AXIS2_PLACEMENT_3D('',#4913,#4032,#4033);
#3259=AXIS2_PLACEMENT_3D('',#4921,#4038,#4039);
#3260=AXIS2_PLACEMENT_3D('',#4923,#4041,#4042);
#3261=AXIS2_PLACEMENT_3D('',#4924,#4043,#4044);
#3262=AXIS2_PLACEMENT_3D('',#4926,#4046,#4047);
#3263=AXIS2_PLACEMENT_3D('',#4928,#4049,#4050);
#3264=AXIS2_PLACEMENT_3D('',#4930,#4052,#4053);
#3265=AXIS2_PLACEMENT_3D('',#4932,#4055,#4056);
#3266=AXIS2_PLACEMENT_3D('',#4933,#4057,#4058);
#3267=AXIS2_PLACEMENT_3D('',#4935,#4060,#4061);
#3268=AXIS2_PLACEMENT_3D('',#4936,#4062,#4063);
#3269=AXIS2_PLACEMENT_3D('',#4937,#4064,#4065);
#3270=AXIS2_PLACEMENT_3D('',#4940,#4068,#4069);
#3271=AXIS2_PLACEMENT_3D('',#4942,#4071,#4072);
#3272=AXIS2_PLACEMENT_3D('',#4944,#4074,#4075);
#3273=AXIS2_PLACEMENT_3D('',#4946,#4077,#4078);
#3274=AXIS2_PLACEMENT_3D('',#4948,#4080,#4081);
#3275=AXIS2_PLACEMENT_3D('',#4949,#4082,#4083);
#3276=AXIS2_PLACEMENT_3D('',#4951,#4085,#4086);
#3277=AXIS2_PLACEMENT_3D('',#4952,#4087,#4088);
#3278=AXIS2_PLACEMENT_3D('',#4954,#4090,#4091);
#3279=AXIS2_PLACEMENT_3D('',#4956,#4093,#4094);
#3280=AXIS2_PLACEMENT_3D('',#4958,#4096,#4097);
#3281=AXIS2_PLACEMENT_3D('',#4960,#4099,#4100);
#3282=AXIS2_PLACEMENT_3D('',#4962,#4102,#4103);
#3283=AXIS2_PLACEMENT_3D('',#4963,#4104,#4105);
#3284=AXIS2_PLACEMENT_3D('',#4965,#4107,#4108);
#3285=AXIS2_PLACEMENT_3D('',#4967,#4110,#4111);
#3286=AXIS2_PLACEMENT_3D('',#4968,#4112,#4113);
#3287=AXIS2_PLACEMENT_3D('',#4969,#4114,#4115);
#3288=AXIS2_PLACEMENT_3D('',#4970,#4116,#4117);
#3289=DIRECTION('axis',(0.,0.,1.));
#3290=DIRECTION('refdir',(1.,0.,0.));
#3291=DIRECTION('axis',(0.,0.,1.));
#3292=DIRECTION('refdir',(1.,0.,0.));
#3293=DIRECTION('center_axis',(-0.5,-0.866025403784438,0.));
#3294=DIRECTION('ref_axis',(-0.866025403784438,0.5,0.));
#3295=DIRECTION('',(0.866025403784438,-0.5,0.));
#3296=DIRECTION('',(0.,0.,1.));
#3297=DIRECTION('',(-0.866025403784438,0.5,0.));
#3298=DIRECTION('',(0.,0.,-1.));
#3299=DIRECTION('',(0.866025403784438,-0.5,0.));
#3300=DIRECTION('',(0.,0.,-1.));
#3301=DIRECTION('',(0.866025403784438,-0.5,0.));
#3302=DIRECTION('',(0.866025403784438,-0.5,0.));
#3303=DIRECTION('',(0.,0.,1.));
#3304=DIRECTION('center_axis',(0.,0.,-1.));
#3305=DIRECTION('ref_axis',(-0.5,-0.866025403784438,0.));
#3306=DIRECTION('center_axis',(0.,0.,1.));
#3307=DIRECTION('ref_axis',(-1.,0.,0.));
#3308=DIRECTION('center_axis',(0.,0.,1.));
#3309=DIRECTION('ref_axis',(-1.,0.,0.));
#3310=DIRECTION('center_axis',(0.,0.,-1.));
#3311=DIRECTION('ref_axis',(-0.5,-0.866025403784438,0.));
#3312=DIRECTION('',(-0.5,-0.866025403784438,0.));
#3313=DIRECTION('',(-0.866025403784438,0.500000000000001,0.));
#3314=DIRECTION('center_axis',(0.,0.,1.));
#3315=DIRECTION('ref_axis',(-1.,0.,0.));
#3316=DIRECTION('center_axis',(0.866025403784438,-0.5,0.));
#3317=DIRECTION('ref_axis',(-0.5,-0.866025403784438,0.));
#3318=DIRECTION('',(0.5,0.866025403784438,0.));
#3319=DIRECTION('',(0.5,0.866025403784438,0.));
#3320=DIRECTION('',(0.,0.,-1.));
#3321=DIRECTION('center_axis',(0.,0.,-1.));
#3322=DIRECTION('ref_axis',(-0.5,-0.866025403784438,0.));
#3323=DIRECTION('center_axis',(0.,0.,1.));
#3324=DIRECTION('ref_axis',(-1.,0.,0.));
#3325=DIRECTION('',(-0.866025403784438,0.500000000000001,0.));
#3326=DIRECTION('',(0.5,0.866025403784438,0.));
#3327=DIRECTION('center_axis',(0.500000000000001,0.866025403784438,0.));
#3328=DIRECTION('ref_axis',(0.866025403784438,-0.500000000000001,0.));
#3329=DIRECTION('',(0.,0.,1.));
#3330=DIRECTION('',(0.866025403784438,-0.500000000000001,0.));
#3331=DIRECTION('',(0.,0.,-1.));
#3332=DIRECTION('',(-0.866025403784438,0.500000000000001,0.));
#3333=DIRECTION('',(-0.866025403784438,0.500000000000001,0.));
#3334=DIRECTION('',(0.,0.,1.));
#3335=DIRECTION('center_axis',(0.,0.,-1.));
#3336=DIRECTION('ref_axis',(-0.5,-0.866025403784438,0.));
#3337=DIRECTION('center_axis',(0.,0.,1.));
#3338=DIRECTION('ref_axis',(-1.,0.,0.));
#3339=DIRECTION('center_axis',(-0.866025403784438,0.5,0.));
#3340=DIRECTION('ref_axis',(0.5,0.866025403784438,0.));
#3341=DIRECTION('',(-0.5,-0.866025403784438,0.));
#3342=DIRECTION('',(-0.5,-0.866025403784438,0.));
#3343=DIRECTION('center_axis',(0.,0.,1.));
#3344=DIRECTION('ref_axis',(-1.,0.,0.));
#3345=DIRECTION('center_axis',(0.,0.,1.));
#3346=DIRECTION('ref_axis',(-1.,0.,0.));
#3347=DIRECTION('center_axis',(0.,0.,1.));
#3348=DIRECTION('ref_axis',(-1.,0.,0.));
#3349=DIRECTION('center_axis',(0.,0.,1.));
#3350=DIRECTION('ref_axis',(-1.,0.,0.));
#3351=DIRECTION('center_axis',(0.,0.,1.));
#3352=DIRECTION('ref_axis',(-1.,0.,0.));
#3353=DIRECTION('center_axis',(0.,0.,1.));
#3354=DIRECTION('ref_axis',(-1.,0.,0.));
#3355=DIRECTION('',(0.,0.,1.));
#3356=DIRECTION('center_axis',(0.,0.,-1.));
#3357=DIRECTION('ref_axis',(-1.,0.,0.));
#3358=DIRECTION('center_axis',(0.,0.,-1.));
#3359=DIRECTION('ref_axis',(1.,0.,0.));
#3360=DIRECTION('',(-0.866025403784439,-0.499999999999999,0.));
#3361=DIRECTION('',(-0.866025403784439,-0.499999999999999,0.));
#3362=DIRECTION('',(-0.866025403784439,-0.499999999999999,0.));
#3363=DIRECTION('',(-0.500000000000001,-0.866025403784438,0.));
#3364=DIRECTION('',(-8.49219124263875E-16,-1.,0.));
#3365=DIRECTION('',(-1.,-1.32169407693471E-15,0.));
#3366=DIRECTION('',(-0.707106781186441,0.707106781186654,0.));
#3367=DIRECTION('',(-6.23496421511134E-16,-1.,0.));
#3368=DIRECTION('',(0.707106781186508,0.707106781186587,0.));
#3369=DIRECTION('',(1.,1.32169407693471E-15,0.));
#3370=DIRECTION('',(-8.49219124263875E-16,-1.,0.));
#3371=DIRECTION('',(0.499999999999998,-0.86602540378444,0.));
#3372=DIRECTION('',(0.866025403784439,-0.5,0.));
#3373=DIRECTION('',(1.,0.,0.));
#3374=DIRECTION('',(0.866025403784439,0.499999999999999,0.));
#3375=DIRECTION('',(0.5,0.866025403784438,0.));
#3376=DIRECTION('',(8.49219124263876E-16,1.,0.));
#3377=DIRECTION('',(-0.5,0.866025403784439,0.));
#3378=DIRECTION('',(-0.866025403784438,0.500000000000001,0.));
#3379=DIRECTION('',(-0.866025403784438,0.500000000000001,0.));
#3380=DIRECTION('',(-0.866025403784438,0.500000000000001,0.));
#3381=DIRECTION('',(-1.,0.,0.));
#3382=DIRECTION('center_axis',(0.,0.,-1.));
#3383=DIRECTION('ref_axis',(-1.,0.,0.));
#3384=DIRECTION('center_axis',(0.,0.,-1.));
#3385=DIRECTION('ref_axis',(-1.,0.,0.));
#3386=DIRECTION('',(0.499999999999943,0.866025403784472,0.));
#3387=DIRECTION('',(0.866025403784439,-0.5,0.));
#3388=DIRECTION('',(0.499999999999999,-0.866025403784439,0.));
#3389=DIRECTION('',(-6.67705756790154E-16,-1.,0.));
#3390=DIRECTION('',(-1.,-1.3152968904432E-14,0.));
#3391=DIRECTION('',(-0.5,-0.866025403784439,0.));
#3392=DIRECTION('',(0.500000000000003,-0.866025403784437,0.));
#3393=DIRECTION('',(-0.866025403784439,-0.499999999999999,0.));
#3394=DIRECTION('',(-1.,0.,0.));
#3395=DIRECTION('',(-0.866025403784438,0.500000000000001,0.));
#3396=DIRECTION('',(0.500000000002113,0.866025403783219,0.));
#3397=DIRECTION('',(-0.5,0.866025403784439,0.));
#3398=DIRECTION('',(-1.,-2.44740705540088E-15,0.));
#3399=DIRECTION('',(6.67705756790156E-16,1.,0.));
#3400=DIRECTION('',(0.499999999999999,0.866025403784439,0.));
#3401=DIRECTION('',(0.866025403784439,0.499999999999999,0.));
#3402=DIRECTION('',(0.500000000003922,-0.866025403782174,0.));
#3403=DIRECTION('',(1.,1.32369758739152E-12,0.));
#3404=DIRECTION('center_axis',(0.,0.,1.));
#3405=DIRECTION('ref_axis',(-1.,0.,0.));
#3406=DIRECTION('center_axis',(0.,0.,1.));
#3407=DIRECTION('ref_axis',(-1.,0.,0.));
#3408=DIRECTION('center_axis',(0.,0.,1.));
#3409=DIRECTION('ref_axis',(-1.,0.,0.));
#3410=DIRECTION('center_axis',(0.,0.,1.));
#3411=DIRECTION('ref_axis',(-1.,0.,0.));
#3412=DIRECTION('center_axis',(0.866025403784437,0.500000000000003,0.));
#3413=DIRECTION('ref_axis',(0.500000000000003,-0.866025403784437,0.));
#3414=DIRECTION('',(0.,0.,-1.));
#3415=DIRECTION('',(0.500000000000003,-0.866025403784437,0.));
#3416=DIRECTION('',(0.,0.,-1.));
#3417=DIRECTION('center_axis',(0.866025403784439,-0.5,0.));
#3418=DIRECTION('ref_axis',(-0.5,-0.866025403784439,0.));
#3419=DIRECTION('',(0.,0.,-1.));
#3420=DIRECTION('',(-0.5,-0.866025403784439,0.));
#3421=DIRECTION('center_axis',(1.3152968904432E-14,-1.,0.));
#3422=DIRECTION('ref_axis',(-1.,-1.3152968904432E-14,0.));
#3423=DIRECTION('',(0.,0.,-1.));
#3424=DIRECTION('',(-1.,-1.3152968904432E-14,0.));
#3425=DIRECTION('center_axis',(0.866025403784439,0.5,0.));
#3426=DIRECTION('ref_axis',(0.5,-0.866025403784439,0.));
#3427=DIRECTION('',(0.,0.,-1.));
#3428=DIRECTION('',(-0.5,0.866025403784439,0.));
#3429=DIRECTION('',(0.,0.,-1.));
#3430=DIRECTION('',(0.5,-0.866025403784439,0.));
#3431=DIRECTION('center_axis',(0.258819045102515,0.96592582628907,0.));
#3432=DIRECTION('ref_axis',(0.,0.,1.));
#3433=DIRECTION('',(0.,0.,1.));
#3434=DIRECTION('',(-0.965925826289071,0.25881904510251,0.));
#3435=DIRECTION('',(-0.96592582628907,0.258819045102515,0.));
#3436=DIRECTION('center_axis',(-0.499999999999999,0.866025403784439,0.));
#3437=DIRECTION('ref_axis',(0.866025403784439,0.499999999999999,0.));
#3438=DIRECTION('',(0.,0.,-1.));
#3439=DIRECTION('',(-0.866025403784439,-0.499999999999999,0.));
#3440=DIRECTION('center_axis',(0.499999999999999,-0.866025403784439,0.));
#3441=DIRECTION('ref_axis',(0.612372435695796,0.353553390593274,0.707106781186546));
#3442=DIRECTION('',(0.866025403784439,0.499999999999999,0.));
#3443=DIRECTION('center_axis',(-0.866025403784438,0.500000000000002,0.));
#3444=DIRECTION('ref_axis',(0.500000000000002,0.866025403784438,0.));
#3445=DIRECTION('',(0.,0.,-1.));
#3446=DIRECTION('',(-0.500000000000002,-0.866025403784438,0.));
#3447=DIRECTION('',(0.500000000000002,0.866025403784438,0.));
#3448=DIRECTION('center_axis',(-0.5,0.866025403784439,0.));
#3449=DIRECTION('ref_axis',(0.866025403784439,0.5,0.));
#3450=DIRECTION('',(-0.866025403784439,-0.5,0.));
#3451=DIRECTION('',(0.,0.,1.));
#3452=DIRECTION('',(0.866025403784439,0.5,0.));
#3453=DIRECTION('',(0.,0.,-1.));
#3454=DIRECTION('',(-0.866025403784439,-0.5,0.));
#3455=DIRECTION('',(0.,0.,-1.));
#3456=DIRECTION('',(-0.866025403784439,-0.5,0.));
#3457=DIRECTION('',(-0.866025403784439,-0.5,0.));
#3458=DIRECTION('',(0.,0.,1.));
#3459=DIRECTION('center_axis',(0.,0.,-1.));
#3460=DIRECTION('ref_axis',(-0.5,0.866025403784439,0.));
#3461=DIRECTION('center_axis',(0.,0.,1.));
#3462=DIRECTION('ref_axis',(-1.,0.,0.));
#3463=DIRECTION('center_axis',(0.,0.,1.));
#3464=DIRECTION('ref_axis',(-1.,0.,0.));
#3465=DIRECTION('center_axis',(0.,0.,-1.));
#3466=DIRECTION('ref_axis',(-0.5,0.866025403784439,0.));
#3467=DIRECTION('',(-0.5,0.866025403784439,0.));
#3468=DIRECTION('',(0.866025403784439,0.499999999999999,0.));
#3469=DIRECTION('center_axis',(0.,0.,1.));
#3470=DIRECTION('ref_axis',(-1.,0.,0.));
#3471=DIRECTION('center_axis',(-0.866025403784439,-0.5,0.));
#3472=DIRECTION('ref_axis',(-0.5,0.866025403784439,0.));
#3473=DIRECTION('',(0.5,-0.866025403784439,0.));
#3474=DIRECTION('',(0.5,-0.866025403784439,0.));
#3475=DIRECTION('',(0.,0.,-1.));
#3476=DIRECTION('center_axis',(0.,0.,-1.));
#3477=DIRECTION('ref_axis',(-0.5,0.866025403784439,0.));
#3478=DIRECTION('center_axis',(0.,0.,1.));
#3479=DIRECTION('ref_axis',(-1.,0.,0.));
#3480=DIRECTION('',(0.866025403784439,0.499999999999999,0.));
#3481=DIRECTION('',(0.5,-0.866025403784439,0.));
#3482=DIRECTION('center_axis',(0.5,-0.866025403784439,0.));
#3483=DIRECTION('ref_axis',(-0.866025403784439,-0.499999999999999,0.));
#3484=DIRECTION('',(0.,0.,1.));
#3485=DIRECTION('',(-0.866025403784439,-0.499999999999999,0.));
#3486=DIRECTION('',(0.,0.,-1.));
#3487=DIRECTION('',(0.866025403784439,0.499999999999999,0.));
#3488=DIRECTION('',(0.866025403784439,0.499999999999999,0.));
#3489=DIRECTION('',(0.,0.,1.));
#3490=DIRECTION('center_axis',(0.,0.,-1.));
#3491=DIRECTION('ref_axis',(-0.5,0.866025403784439,0.));
#3492=DIRECTION('center_axis',(0.,0.,1.));
#3493=DIRECTION('ref_axis',(-1.,0.,0.));
#3494=DIRECTION('center_axis',(0.866025403784439,0.5,0.));
#3495=DIRECTION('ref_axis',(0.5,-0.866025403784439,0.));
#3496=DIRECTION('',(-0.5,0.866025403784439,0.));
#3497=DIRECTION('',(-0.5,0.866025403784439,0.));
#3498=DIRECTION('center_axis',(0.,0.,1.));
#3499=DIRECTION('ref_axis',(-1.,0.,0.));
#3500=DIRECTION('center_axis',(0.,0.,1.));
#3501=DIRECTION('ref_axis',(-1.,0.,0.));
#3502=DIRECTION('center_axis',(0.,0.,1.));
#3503=DIRECTION('ref_axis',(-1.,0.,0.));
#3504=DIRECTION('center_axis',(0.,0.,1.));
#3505=DIRECTION('ref_axis',(-1.,0.,0.));
#3506=DIRECTION('center_axis',(0.,0.,1.));
#3507=DIRECTION('ref_axis',(-1.,0.,0.));
#3508=DIRECTION('',(0.,0.,1.));
#3509=DIRECTION('center_axis',(0.,0.,1.));
#3510=DIRECTION('ref_axis',(-1.,0.,0.));
#3511=DIRECTION('center_axis',(0.,0.,1.));
#3512=DIRECTION('ref_axis',(-1.,0.,0.));
#3513=DIRECTION('center_axis',(0.,0.,1.));
#3514=DIRECTION('ref_axis',(-1.,0.,0.));
#3515=DIRECTION('center_axis',(0.,0.,1.));
#3516=DIRECTION('ref_axis',(-1.,0.,0.));
#3517=DIRECTION('center_axis',(0.,0.,1.));
#3518=DIRECTION('ref_axis',(-1.,0.,0.));
#3519=DIRECTION('center_axis',(2.44740705540088E-15,-1.,0.));
#3520=DIRECTION('ref_axis',(-1.,-2.44740705540088E-15,0.));
#3521=DIRECTION('',(0.,0.,-1.));
#3522=DIRECTION('',(-1.,-2.44740705540088E-15,0.));
#3523=DIRECTION('',(0.,0.,-1.));
#3524=DIRECTION('center_axis',(-0.866025403784439,-0.5,0.));
#3525=DIRECTION('ref_axis',(-0.5,0.866025403784439,0.));
#3526=DIRECTION('',(0.,0.,-1.));
#3527=DIRECTION('',(-0.5,0.866025403784439,0.));
#3528=DIRECTION('center_axis',(-0.866025403783219,0.500000000002113,0.));
#3529=DIRECTION('ref_axis',(0.500000000002113,0.866025403783219,0.));
#3530=DIRECTION('',(0.,0.,-1.));
#3531=DIRECTION('',(0.500000000002113,0.866025403783219,0.));
#3532=DIRECTION('center_axis',(0.866025403784439,0.5,0.));
#3533=DIRECTION('ref_axis',(0.5,-0.866025403784439,0.));
#3534=DIRECTION('',(0.,0.,-1.));
#3535=DIRECTION('',(-0.5,0.866025403784439,0.));
#3536=DIRECTION('',(0.,0.,-1.));
#3537=DIRECTION('',(0.5,-0.866025403784439,0.));
#3538=DIRECTION('center_axis',(0.500000000000001,0.866025403784438,0.));
#3539=DIRECTION('ref_axis',(0.866025403784438,-0.500000000000001,0.));
#3540=DIRECTION('',(0.,0.,-1.));
#3541=DIRECTION('center_axis',(-0.500000000000001,-0.866025403784438,0.));
#3542=DIRECTION('ref_axis',(-0.612372435695794,0.353553390593274,0.707106781186548));
#3543=DIRECTION('',(-0.866025403784438,0.500000000000001,0.));
#3544=DIRECTION('',(0.866025403784438,-0.500000000000001,0.));
#3545=DIRECTION('center_axis',(-0.258819045102522,0.965925826289068,0.));
#3546=DIRECTION('ref_axis',(0.,0.,1.));
#3547=DIRECTION('',(0.,0.,1.));
#3548=DIRECTION('',(-0.965925826289071,-0.25881904510251,0.));
#3549=DIRECTION('',(-0.965925826289068,-0.258819045102522,0.));
#3550=DIRECTION('center_axis',(1.,0.,0.));
#3551=DIRECTION('ref_axis',(0.,-1.,0.));
#3552=DIRECTION('',(0.,1.,0.));
#3553=DIRECTION('',(0.,0.,1.));
#3554=DIRECTION('',(0.,-1.,0.));
#3555=DIRECTION('',(0.,0.,-1.));
#3556=DIRECTION('',(0.,1.,0.));
#3557=DIRECTION('',(0.,0.,-1.));
#3558=DIRECTION('',(0.,1.,0.));
#3559=DIRECTION('',(0.,1.,0.));
#3560=DIRECTION('',(0.,0.,1.));
#3561=DIRECTION('center_axis',(0.,0.,-1.));
#3562=DIRECTION('ref_axis',(1.,0.,0.));
#3563=DIRECTION('center_axis',(0.,0.,1.));
#3564=DIRECTION('ref_axis',(-1.,0.,0.));
#3565=DIRECTION('center_axis',(0.,0.,-1.));
#3566=DIRECTION('ref_axis',(1.,0.,0.));
#3567=DIRECTION('',(1.,0.,0.));
#3568=DIRECTION('',(-3.33066907387548E-16,-1.,0.));
#3569=DIRECTION('center_axis',(0.,0.,1.));
#3570=DIRECTION('ref_axis',(-1.,0.,0.));
#3571=DIRECTION('center_axis',(0.,1.,0.));
#3572=DIRECTION('ref_axis',(1.,0.,0.));
#3573=DIRECTION('',(-1.,0.,0.));
#3574=DIRECTION('',(-1.,0.,0.));
#3575=DIRECTION('',(0.,0.,-1.));
#3576=DIRECTION('center_axis',(0.,0.,1.));
#3577=DIRECTION('ref_axis',(-1.,0.,0.));
#3578=DIRECTION('',(1.,0.,0.));
#3579=DIRECTION('center_axis',(0.,0.,1.));
#3580=DIRECTION('ref_axis',(-1.,0.,0.));
#3581=DIRECTION('center_axis',(0.,0.,1.));
#3582=DIRECTION('ref_axis',(-1.,0.,0.));
#3583=DIRECTION('center_axis',(0.,0.,1.));
#3584=DIRECTION('ref_axis',(-1.,0.,0.));
#3585=DIRECTION('center_axis',(0.,0.,-1.));
#3586=DIRECTION('ref_axis',(1.,0.,0.));
#3587=DIRECTION('center_axis',(0.,0.,1.));
#3588=DIRECTION('ref_axis',(-1.,0.,0.));
#3589=DIRECTION('',(-3.33066907387548E-16,-1.,0.));
#3590=DIRECTION('',(-1.,0.,0.));
#3591=DIRECTION('center_axis',(-1.,3.33066907387548E-16,0.));
#3592=DIRECTION('ref_axis',(3.33066907387548E-16,1.,0.));
#3593=DIRECTION('',(0.,0.,1.));
#3594=DIRECTION('',(3.33066907387548E-16,1.,0.));
#3595=DIRECTION('',(0.,0.,-1.));
#3596=DIRECTION('',(-3.33066907387548E-16,-1.,0.));
#3597=DIRECTION('',(-3.33066907387548E-16,-1.,0.));
#3598=DIRECTION('',(0.,0.,1.));
#3599=DIRECTION('center_axis',(0.,0.,-1.));
#3600=DIRECTION('ref_axis',(1.,0.,0.));
#3601=DIRECTION('center_axis',(0.,0.,1.));
#3602=DIRECTION('ref_axis',(-1.,0.,0.));
#3603=DIRECTION('center_axis',(0.,0.,1.));
#3604=DIRECTION('ref_axis',(-1.,0.,0.));
#3605=DIRECTION('center_axis',(0.,-1.,0.));
#3606=DIRECTION('ref_axis',(-1.,0.,0.));
#3607=DIRECTION('',(1.,0.,0.));
#3608=DIRECTION('center_axis',(0.,0.,1.));
#3609=DIRECTION('ref_axis',(-1.,0.,0.));
#3610=DIRECTION('center_axis',(0.,0.,1.));
#3611=DIRECTION('ref_axis',(-1.,0.,0.));
#3612=DIRECTION('center_axis',(0.,0.,1.));
#3613=DIRECTION('ref_axis',(-1.,0.,0.));
#3614=DIRECTION('center_axis',(0.,0.,1.));
#3615=DIRECTION('ref_axis',(-1.,0.,0.));
#3616=DIRECTION('center_axis',(0.,0.,1.));
#3617=DIRECTION('ref_axis',(-1.,0.,0.));
#3618=DIRECTION('center_axis',(0.,0.,1.));
#3619=DIRECTION('ref_axis',(-1.,0.,0.));
#3620=DIRECTION('',(0.,0.,1.));
#3621=DIRECTION('center_axis',(0.,0.,1.));
#3622=DIRECTION('ref_axis',(-1.,0.,0.));
#3623=DIRECTION('center_axis',(0.,0.,1.));
#3624=DIRECTION('ref_axis',(-1.,0.,0.));
#3625=DIRECTION('',(0.,0.,1.));
#3626=DIRECTION('center_axis',(0.,0.,1.));
#3627=DIRECTION('ref_axis',(-1.,0.,0.));
#3628=DIRECTION('',(0.,0.,1.));
#3629=DIRECTION('center_axis',(0.,0.,1.));
#3630=DIRECTION('ref_axis',(-1.,0.,0.));
#3631=DIRECTION('center_axis',(0.,0.,1.));
#3632=DIRECTION('ref_axis',(-1.,0.,0.));
#3633=DIRECTION('',(0.,0.,1.));
#3634=DIRECTION('center_axis',(-0.353553390593274,-0.612372435695794,-0.707106781186548));
#3635=DIRECTION('ref_axis',(-0.894427190999916,0.,0.447213595499958));
#3636=DIRECTION('',(0.866025403784438,-0.500000000000001,0.));
#3637=DIRECTION('',(-0.788675134595554,-0.211324865407036,0.577350269187937));
#3638=DIRECTION('',(-0.866025403784438,0.500000000000001,0.));
#3639=DIRECTION('',(-0.186156787897384,-0.694746590606867,0.694746590606865));
#3640=DIRECTION('center_axis',(-0.612372435694932,0.353553390594768,-0.707106781186547));
#3641=DIRECTION('ref_axis',(-0.75592894601891,0.,0.654653670707451));
#3642=DIRECTION('',(-0.500000000002113,-0.866025403783219,0.));
#3643=DIRECTION('',(-0.755928946015544,-1.17707135118496E-11,0.654653670711338));
#3644=DIRECTION('center_axis',(-0.612372435695794,-0.353553390593274,-0.707106781186548));
#3645=DIRECTION('ref_axis',(-0.755928946018455,0.,0.654653670707977));
#3646=DIRECTION('',(0.5,-0.866025403784439,0.));
#3647=DIRECTION('',(-0.377964473009226,-0.654653670707979,0.654653670707976));
#3648=DIRECTION('center_axis',(1.73057812519776E-15,-0.707106781186547,
-0.707106781186548));
#3649=DIRECTION('ref_axis',(-1.,0.,-2.44740705540087E-15));
#3650=DIRECTION('',(1.,2.44740705540088E-15,0.));
#3651=DIRECTION('',(-0.577350269189668,-0.577350269189559,0.57735026918965));
#3652=DIRECTION('center_axis',(-0.707106781186547,4.72139268463614E-16,
-0.707106781186548));
#3653=DIRECTION('ref_axis',(-0.707106781186548,0.,0.707106781186547));
#3654=DIRECTION('',(-6.67705756790156E-16,-1.,0.));
#3655=DIRECTION('',(-0.694746590606864,0.186156787897393,0.694746590606866));
#3656=DIRECTION('',(6.67705756790156E-16,1.,0.));
#3657=DIRECTION('center_axis',(-0.612372435695793,0.353553390593272,-0.70710678118655));
#3658=DIRECTION('ref_axis',(-0.755928946018456,0.,0.654653670707975));
#3659=DIRECTION('',(-0.499999999999999,-0.866025403784439,0.));
#3660=DIRECTION('',(-0.508589802709488,0.508589802709477,0.694746590606863));
#3661=DIRECTION('',(0.499999999999999,0.866025403784439,0.));
#3662=DIRECTION('center_axis',(-0.353553390593273,0.612372435695795,-0.707106781186548));
#3663=DIRECTION('ref_axis',(-0.894427190999916,0.,0.447213595499957));
#3664=DIRECTION('',(-0.866025403784439,-0.499999999999999,0.));
#3665=DIRECTION('',(0.211324865405589,0.788675134593147,0.577350269191754));
#3666=DIRECTION('',(0.866025403784439,0.499999999999999,0.));
#3667=DIRECTION('center_axis',(0.612372435694194,0.353553390596047,-0.707106781186547));
#3668=DIRECTION('ref_axis',(-0.755928946019301,0.,-0.654653670707));
#3669=DIRECTION('',(-0.500000000003922,0.866025403782174,0.));
#3670=DIRECTION('',(0.377964473037238,0.654653670700143,0.65465367069964));
#3671=DIRECTION('',(0.500000000003922,-0.866025403782174,0.));
#3672=DIRECTION('center_axis',(-9.35995540284817E-13,0.707106781186547,
-0.707106781186548));
#3673=DIRECTION('ref_axis',(-1.,0.,1.32369758739152E-12));
#3674=DIRECTION('',(-1.,-1.32369758739152E-12,0.));
#3675=DIRECTION('',(-0.377964473009298,0.654653670707709,0.654653670708205));
#3676=DIRECTION('',(1.,1.32369758739152E-12,0.));
#3677=DIRECTION('center_axis',(-0.612372435695816,0.353553390593233,-0.707106781186549));
#3678=DIRECTION('ref_axis',(-0.755928946018444,0.,0.654653670707989));
#3679=DIRECTION('',(-0.499999999999943,-0.866025403784471,0.));
#3680=DIRECTION('',(-0.211324865405219,0.788675134594816,0.577350269189611));
#3681=DIRECTION('',(0.499999999999943,0.866025403784471,0.));
#3682=DIRECTION('center_axis',(0.353553390593273,0.612372435695794,-0.707106781186548));
#3683=DIRECTION('ref_axis',(-0.894427190999916,0.,-0.447213595499957));
#3684=DIRECTION('',(0.866025403784439,-0.5,0.));
#3685=DIRECTION('',(-0.866025403784439,0.5,0.));
#3686=DIRECTION('',(0.508589802709479,0.508589802709482,0.694746590606865));
#3687=DIRECTION('center_axis',(0.612372435695795,0.353553390593274,-0.707106781186547));
#3688=DIRECTION('ref_axis',(-0.755928946018454,0.,-0.654653670707978));
#3689=DIRECTION('',(0.499999999999999,-0.866025403784439,0.));
#3690=DIRECTION('',(-0.499999999999999,0.866025403784439,0.));
#3691=DIRECTION('',(0.694746590606864,0.186156787897391,0.694746590606866));
#3692=DIRECTION('center_axis',(0.707106781186549,-4.72139268463614E-16,
-0.707106781186547));
#3693=DIRECTION('ref_axis',(-0.707106781186546,0.,-0.707106781186548));
#3694=DIRECTION('',(-6.67705756790154E-16,-1.,0.));
#3695=DIRECTION('',(6.67705756790154E-16,1.,0.));
#3696=DIRECTION('',(0.577350269189627,-0.577350269189622,0.577350269189629));
#3697=DIRECTION('center_axis',(9.30055350505966E-15,-0.707106781186548,
-0.707106781186548));
#3698=DIRECTION('ref_axis',(-1.,0.,-1.3152968904432E-14));
#3699=DIRECTION('',(1.,1.3152968904432E-14,0.));
#3700=DIRECTION('',(0.37796447300919,-0.654653670708013,0.654653670707963));
#3701=DIRECTION('center_axis',(0.612372435695794,-0.353553390593274,-0.707106781186548));
#3702=DIRECTION('ref_axis',(-0.755928946018455,0.,-0.654653670707977));
#3703=DIRECTION('',(0.5,0.866025403784439,0.));
#3704=DIRECTION('',(0.755928946018456,0.,0.654653670707975));
#3705=DIRECTION('center_axis',(0.612372435695793,0.353553390593276,-0.707106781186548));
#3706=DIRECTION('ref_axis',(-0.755928946018456,0.,-0.654653670707975));
#3707=DIRECTION('',(-0.500000000000003,0.866025403784437,0.));
#3708=DIRECTION('',(0.788675134594771,-0.211324865405247,0.57735026918966));
#3709=DIRECTION('center_axis',(0.353553390593275,-0.612372435695797,-0.707106781186545));
#3710=DIRECTION('ref_axis',(-0.894427190999915,0.,-0.44721359549996));
#3711=DIRECTION('',(-0.866025403784439,-0.499999999999999,0.));
#3712=DIRECTION('',(0.866025403784439,0.499999999999999,0.));
#3713=DIRECTION('',(0.186156787897375,-0.694746590606868,0.694746590606866));
#3714=DIRECTION('center_axis',(0.,-0.707106781186547,-0.707106781186548));
#3715=DIRECTION('ref_axis',(-1.,0.,0.));
#3716=DIRECTION('',(-1.,0.,0.));
#3717=DIRECTION('',(1.,0.,0.));
#3718=DIRECTION('center_axis',(0.5,0.866025403784439,0.));
#3719=DIRECTION('ref_axis',(0.866025403784439,-0.5,0.));
#3720=DIRECTION('',(0.,0.,-1.));
#3721=DIRECTION('',(0.,0.,-1.));
#3722=DIRECTION('center_axis',(0.866025403784439,0.5,0.));
#3723=DIRECTION('ref_axis',(0.499999999999999,-0.866025403784439,0.));
#3724=DIRECTION('',(0.,0.,-1.));
#3725=DIRECTION('center_axis',(1.,-6.67705756790154E-16,0.));
#3726=DIRECTION('ref_axis',(-6.67705756790154E-16,-1.,0.));
#3727=DIRECTION('center_axis',(0.499999999999999,-0.866025403784439,0.));
#3728=DIRECTION('ref_axis',(-0.866025403784439,-0.499999999999999,0.));
#3729=DIRECTION('',(0.,0.,-1.));
#3730=DIRECTION('center_axis',(0.,-1.,0.));
#3731=DIRECTION('ref_axis',(-1.,0.,0.));
#3732=DIRECTION('',(0.,0.,-1.));
#3733=DIRECTION('center_axis',(-0.500000000000001,-0.866025403784438,0.));
#3734=DIRECTION('ref_axis',(-0.866025403784438,0.500000000000001,0.));
#3735=DIRECTION('center_axis',(0.,0.,-1.));
#3736=DIRECTION('ref_axis',(-1.,0.,0.));
#3737=DIRECTION('',(-0.866025403784438,0.500000000000001,0.));
#3738=DIRECTION('',(0.500000000000009,0.866025403784433,0.));
#3739=DIRECTION('',(-0.866025403784438,0.500000000000001,0.));
#3740=DIRECTION('',(-0.500000000000002,-0.866025403784437,0.));
#3741=DIRECTION('',(-0.866025403784438,0.500000000000001,0.));
#3742=DIRECTION('',(-0.5,0.866025403784439,0.));
#3743=DIRECTION('',(8.31328562014846E-16,1.,0.));
#3744=DIRECTION('',(0.5,0.866025403784439,0.));
#3745=DIRECTION('',(0.866025403784439,0.5,0.));
#3746=DIRECTION('',(1.,0.,0.));
#3747=DIRECTION('',(0.866025403784439,-0.5,0.));
#3748=DIRECTION('',(0.499999999999999,-0.866025403784439,0.));
#3749=DIRECTION('',(-6.23496421511134E-16,-1.,0.));
#3750=DIRECTION('',(-0.500000000000002,-0.866025403784438,0.));
#3751=DIRECTION('',(-0.866025403784439,-0.499999999999999,0.));
#3752=DIRECTION('',(-0.5,0.866025403784439,0.));
#3753=DIRECTION('',(-0.866025403784439,-0.499999999999999,0.));
#3754=DIRECTION('',(0.500000000000001,-0.866025403784438,0.));
#3755=DIRECTION('',(-0.866025403784439,-0.499999999999999,0.));
#3756=DIRECTION('',(-1.,0.,0.));
#3757=DIRECTION('center_axis',(0.353553390593273,-0.612372435695794,-0.707106781186548));
#3758=DIRECTION('ref_axis',(-0.894427190999916,0.,-0.447213595499957));
#3759=DIRECTION('',(0.508589802709492,-0.508589802709473,0.694746590606863));
#3760=DIRECTION('',(-0.866025403784439,-0.5,0.));
#3761=DIRECTION('',(0.186156787897378,-0.694746590606871,0.694746590606862));
#3762=DIRECTION('center_axis',(0.612372435695792,-0.353553390593272,-0.707106781186551));
#3763=DIRECTION('ref_axis',(-0.755928946018457,0.,-0.654653670707974));
#3764=DIRECTION('',(0.694746590606865,-0.1861567878974,0.694746590606863));
#3765=DIRECTION('',(-0.5,-0.866025403784439,0.));
#3766=DIRECTION('center_axis',(0.707106781186547,-5.87838063594758E-16,
-0.707106781186548));
#3767=DIRECTION('ref_axis',(-0.707106781186548,0.,-0.707106781186547));
#3768=DIRECTION('',(0.694746590606866,0.186156787897389,0.694746590606864));
#3769=DIRECTION('',(-8.31328562014846E-16,-1.,0.));
#3770=DIRECTION('center_axis',(0.612372435695793,0.353553390593273,-0.70710678118655));
#3771=DIRECTION('ref_axis',(-0.755928946018456,0.,-0.654653670707975));
#3772=DIRECTION('',(0.508589802709485,0.508589802709478,0.694746590606864));
#3773=DIRECTION('center_axis',(-0.707106781186548,4.40878547696069E-16,
0.707106781186548));
#3774=DIRECTION('ref_axis',(0.707106781186548,0.,0.707106781186548));
#3775=DIRECTION('',(-6.23496421511134E-16,-1.,0.));
#3776=DIRECTION('',(0.707106781186548,0.,0.707106781186548));
#3777=DIRECTION('',(6.23496421511134E-16,1.,0.));
#3778=DIRECTION('',(-0.694746590606865,0.186156787897388,-0.694746590606865));
#3779=DIRECTION('center_axis',(-0.177548400172072,0.662619650244738,-0.727606875108997));
#3780=DIRECTION('ref_axis',(-0.971494726396154,0.,0.23706116633574));
#3781=DIRECTION('',(0.410683602522963,-0.622008467928142,-0.666666666666668));
#3782=DIRECTION('',(0.0446581987385232,0.744016935856291,0.666666666666668));
#3783=DIRECTION('center_axis',(0.353553390593276,0.612372435695796,0.707106781186545));
#3784=DIRECTION('ref_axis',(0.894427190999914,0.,-0.447213595499961));
#3785=DIRECTION('',(-0.353553390593275,-0.612372435695791,0.70710678118655));
#3786=DIRECTION('',(0.866025403784438,-0.500000000000001,0.));
#3787=DIRECTION('',(0.5085898027095,0.508589802709461,-0.694746590606865));
#3788=DIRECTION('center_axis',(-0.500000000000005,-0.866025403784436,0.));
#3789=DIRECTION('ref_axis',(-0.612372435695794,0.353553390593274,0.707106781186548));
#3790=DIRECTION('center_axis',(0.500000000000001,0.866025403784438,0.));
#3791=DIRECTION('ref_axis',(-0.612372435695794,0.353553390593274,0.707106781186548));
#3792=DIRECTION('center_axis',(0.353553390593274,0.612372435695794,-0.707106781186548));
#3793=DIRECTION('ref_axis',(-0.894427190999916,0.,-0.447213595499958));
#3794=DIRECTION('center_axis',(-0.612372435695793,0.353553390593275,0.707106781186549));
#3795=DIRECTION('ref_axis',(0.755928946018456,0.,0.654653670707976));
#3796=DIRECTION('',(0.500000000000002,0.866025403784438,0.));
#3797=DIRECTION('',(-0.508589802709483,0.508589802709483,-0.694746590606862));
#3798=DIRECTION('center_axis',(-0.612372435695793,0.353553390593275,-0.707106781186548));
#3799=DIRECTION('ref_axis',(-0.755928946018455,0.,0.654653670707976));
#3800=DIRECTION('',(0.500000000000002,0.866025403784437,0.));
#3801=DIRECTION('',(-0.211324865405182,0.788675134594816,0.577350269189623));
#3802=DIRECTION('center_axis',(0.177548400172066,0.662619650244738,-0.727606875108998));
#3803=DIRECTION('ref_axis',(-0.971494726396156,0.,-0.237061166335733));
#3804=DIRECTION('',(0.0446581987385231,-0.744016935856293,-0.666666666666666));
#3805=DIRECTION('',(0.410683602522959,0.622008467928146,0.666666666666667));
#3806=DIRECTION('center_axis',(-0.353553390593273,0.612372435695794,0.707106781186549));
#3807=DIRECTION('ref_axis',(0.894427190999917,0.,0.447213595499956));
#3808=DIRECTION('',(0.866025403784439,0.499999999999999,0.));
#3809=DIRECTION('',(-0.35355339059328,0.612372435695794,-0.707106781186544));
#3810=DIRECTION('center_axis',(0.5,-0.866025403784439,0.));
#3811=DIRECTION('ref_axis',(0.612372435695796,0.353553390593273,0.707106781186546));
#3812=DIRECTION('center_axis',(-0.499999999999999,0.866025403784439,0.));
#3813=DIRECTION('ref_axis',(0.612372435695796,0.353553390593273,0.707106781186546));
#3814=DIRECTION('center_axis',(0.353553390593275,0.612372435695796,-0.707106781186546));
#3815=DIRECTION('ref_axis',(-0.894427190999915,0.,-0.44721359549996));
#3816=DIRECTION('',(0.788675134594817,0.211324865405182,0.577350269189622));
#3817=DIRECTION('',(0.866025403784438,-0.500000000000001,0.));
#3818=DIRECTION('center_axis',(0.662619650244731,0.177548400172066,-0.727606875109004));
#3819=DIRECTION('ref_axis',(-0.739353674811371,0.,-0.673317268115798));
#3820=DIRECTION('',(-0.622008467928149,-0.410683602522958,-0.666666666666665));
#3821=DIRECTION('',(-0.258819045102517,0.965925826289069,0.));
#3822=DIRECTION('',(0.744016935856297,-0.0446581987385191,0.666666666666662));
#3823=DIRECTION('center_axis',(0.353553390593273,0.612372435695792,-0.70710678118655));
#3824=DIRECTION('ref_axis',(-0.894427190999917,0.,-0.447213595499956));
#3825=DIRECTION('',(0.866025403784438,-0.500000000000001,0.));
#3826=DIRECTION('',(0.186156787897386,0.694746590606867,0.694746590606865));
#3827=DIRECTION('center_axis',(0.,0.707106781186547,-0.707106781186548));
#3828=DIRECTION('ref_axis',(-1.,0.,0.));
#3829=DIRECTION('',(-0.186156787897386,0.694746590606867,0.694746590606865));
#3830=DIRECTION('',(1.,0.,0.));
#3831=DIRECTION('center_axis',(-0.662619650244736,0.177548400172065,-0.727606875109));
#3832=DIRECTION('ref_axis',(-0.739353674811367,0.,0.673317268115803));
#3833=DIRECTION('',(0.744016935856293,0.0446581987385194,-0.666666666666666));
#3834=DIRECTION('',(-0.258819045102513,-0.96592582628907,0.));
#3835=DIRECTION('',(-0.622008467928149,0.410683602522958,0.666666666666665));
#3836=DIRECTION('center_axis',(-0.353553390593273,0.612372435695794,0.707106781186549));
#3837=DIRECTION('ref_axis',(0.894427190999917,0.,0.447213595499956));
#3838=DIRECTION('',(-0.866025403784439,-0.499999999999999,0.));
#3839=DIRECTION('',(0.353553390593273,-0.612372435695796,0.707106781186546));
#3840=DIRECTION('',(0.866025403784439,0.499999999999999,0.));
#3841=DIRECTION('',(-0.186156787897387,0.694746590606866,-0.694746590606866));
#3842=DIRECTION('center_axis',(0.499999999999999,-0.866025403784439,0.));
#3843=DIRECTION('ref_axis',(-0.612372435695795,-0.353553390593274,0.707106781186547));
#3844=DIRECTION('',(-0.258819045102513,-0.96592582628907,0.));
#3845=DIRECTION('center_axis',(-0.499999999999999,0.866025403784439,0.));
#3846=DIRECTION('ref_axis',(-0.612372435695795,-0.353553390593274,0.707106781186547));
#3847=DIRECTION('center_axis',(0.499999999999999,-0.866025403784439,0.));
#3848=DIRECTION('ref_axis',(-0.612372435695795,-0.353553390593273,0.707106781186547));
#3849=DIRECTION('center_axis',(-0.96592582628907,0.258819045102513,0.));
#3850=DIRECTION('ref_axis',(0.,0.,1.));
#3851=DIRECTION('',(0.,0.,-1.));
#3852=DIRECTION('',(0.,0.,1.));
#3853=DIRECTION('center_axis',(0.,0.707106781186548,0.707106781186548));
#3854=DIRECTION('ref_axis',(1.,0.,0.));
#3855=DIRECTION('',(-1.,0.,0.));
#3856=DIRECTION('',(1.,0.,0.));
#3857=DIRECTION('',(0.186156787897379,0.694746590606867,-0.694746590606867));
#3858=DIRECTION('center_axis',(-0.353553390593272,0.612372435695793,-0.70710678118655));
#3859=DIRECTION('ref_axis',(-0.894427190999917,0.,0.447213595499955));
#3860=DIRECTION('',(0.866025403784439,0.499999999999999,0.));
#3861=DIRECTION('center_axis',(-0.612372435695794,-0.353553390593274,-0.707106781186548));
#3862=DIRECTION('ref_axis',(-0.755928946018455,0.,0.654653670707977));
#3863=DIRECTION('',(-0.500000000000001,0.866025403784438,0.));
#3864=DIRECTION('',(-0.788675134594813,0.211324865405184,0.577350269189627));
#3865=DIRECTION('center_axis',(0.353553390593274,0.612372435695793,0.707106781186549));
#3866=DIRECTION('ref_axis',(0.894427190999916,0.,-0.447213595499957));
#3867=DIRECTION('',(0.866025403784438,-0.500000000000001,0.));
#3868=DIRECTION('',(0.353553390593273,0.612372435695796,-0.707106781186546));
#3869=DIRECTION('',(-0.866025403784438,0.500000000000001,0.));
#3870=DIRECTION('center_axis',(-0.500000000000004,-0.866025403784436,0.));
#3871=DIRECTION('ref_axis',(0.612372435695792,-0.353553390593279,0.707106781186547));
#3872=DIRECTION('center_axis',(0.500000000000001,0.866025403784438,0.));
#3873=DIRECTION('ref_axis',(0.612372435695791,-0.353553390593281,0.707106781186547));
#3874=DIRECTION('',(-0.258819045102203,0.965925826289154,0.));
#3875=DIRECTION('center_axis',(-0.500000000000001,-0.866025403784438,0.));
#3876=DIRECTION('ref_axis',(0.612372435695795,-0.353553390593275,0.707106781186547));
#3877=DIRECTION('center_axis',(0.965925826289069,0.258819045102517,0.));
#3878=DIRECTION('ref_axis',(0.,0.,-1.));
#3879=DIRECTION('',(0.,0.,-1.));
#3880=DIRECTION('',(0.,0.,1.));
#3881=DIRECTION('center_axis',(-0.353553390593274,0.612372435695795,-0.707106781186547));
#3882=DIRECTION('ref_axis',(-0.894427190999916,0.,0.447213595499958));
#3883=DIRECTION('',(0.866025403784439,0.499999999999999,0.));
#3884=DIRECTION('',(0.21132486540519,0.78867513459481,0.577350269189628));
#3885=DIRECTION('center_axis',(0.612372435695789,-0.353553390593279,-0.70710678118655));
#3886=DIRECTION('ref_axis',(-0.755928946018458,0.,-0.654653670707973));
#3887=DIRECTION('',(-0.500000000000009,-0.866025403784433,0.));
#3888=DIRECTION('center_axis',(0.612372435695794,0.353553390593273,-0.707106781186548));
#3889=DIRECTION('ref_axis',(-0.755928946018455,0.,-0.654653670707977));
#3890=DIRECTION('center_axis',(-0.353553390593272,0.612372435695793,-0.70710678118655));
#3891=DIRECTION('ref_axis',(-0.894427190999917,0.,0.447213595499955));
#3892=DIRECTION('',(-0.508589802709491,0.508589802709476,0.694746590606861));
#3893=DIRECTION('center_axis',(-0.612372435695791,0.353553390593274,-0.70710678118655));
#3894=DIRECTION('ref_axis',(-0.755928946018458,0.,0.654653670707974));
#3895=DIRECTION('',(-0.694746590606865,0.186156787897396,0.694746590606863));
#3896=DIRECTION('center_axis',(1.,0.,0.));
#3897=DIRECTION('ref_axis',(-1.88947949012601E-16,-0.707106781186547,0.707106781186548));
#3898=DIRECTION('center_axis',(-1.,6.23496421511134E-16,0.));
#3899=DIRECTION('ref_axis',(0.,-0.707106781186547,0.707106781186548));
#3900=DIRECTION('center_axis',(1.,-6.23496421511134E-16,0.));
#3901=DIRECTION('ref_axis',(-4.40878547696068E-16,-0.707106781186547,0.707106781186548));
#3902=DIRECTION('center_axis',(-0.707106781186547,4.40878547696068E-16,
-0.707106781186548));
#3903=DIRECTION('ref_axis',(-0.707106781186548,0.,0.707106781186547));
#3904=DIRECTION('',(6.23496421511134E-16,1.,0.));
#3905=DIRECTION('',(-0.694746590606866,-0.186156787897389,0.694746590606864));
#3906=DIRECTION('center_axis',(0.612372435695794,0.353553390593273,0.707106781186549));
#3907=DIRECTION('ref_axis',(0.755928946018455,0.,-0.654653670707976));
#3908=DIRECTION('',(0.5,-0.866025403784439,0.));
#3909=DIRECTION('',(0.694746590606874,0.186156787897379,-0.694746590606859));
#3910=DIRECTION('center_axis',(-0.612372435695793,-0.353553390593272,-0.70710678118655));
#3911=DIRECTION('ref_axis',(-0.755928946018456,0.,0.654653670707975));
#3912=DIRECTION('',(-0.499999999999999,0.866025403784439,0.));
#3913=DIRECTION('',(-0.508589802709485,-0.508589802709478,0.694746590606864));
#3914=DIRECTION('center_axis',(0.70710678118654,-5.87838063594752E-16,0.707106781186555));
#3915=DIRECTION('ref_axis',(0.707106781186555,0.,-0.70710678118654));
#3916=DIRECTION('',(8.31328562014846E-16,1.,0.));
#3917=DIRECTION('',(-8.31328562014846E-16,-1.,0.));
#3918=DIRECTION('',(0.694746590606878,-0.186156787897349,-0.694746590606863));
#3919=DIRECTION('center_axis',(-0.353553390593273,-0.612372435695793,-0.70710678118655));
#3920=DIRECTION('ref_axis',(-0.894427190999917,0.,0.447213595499956));
#3921=DIRECTION('',(-0.866025403784439,0.5,0.));
#3922=DIRECTION('',(-0.186156787897383,-0.694746590606867,0.694746590606865));
#3923=DIRECTION('center_axis',(0.612372435695801,-0.353553390593278,0.70710678118654));
#3924=DIRECTION('ref_axis',(0.755928946018447,0.,-0.654653670707985));
#3925=DIRECTION('',(0.5,0.866025403784439,0.));
#3926=DIRECTION('',(-0.5,-0.866025403784439,0.));
#3927=DIRECTION('',(0.508589802709454,-0.508589802709508,-0.694746590606865));
#3928=DIRECTION('center_axis',(0.,-0.707106781186547,-0.707106781186548));
#3929=DIRECTION('ref_axis',(-1.,0.,0.));
#3930=DIRECTION('',(-1.,0.,0.));
#3931=DIRECTION('center_axis',(0.35355339059327,-0.612372435695789,0.707106781186554));
#3932=DIRECTION('ref_axis',(0.894427190999919,0.,-0.447213595499951));
#3933=DIRECTION('',(0.866025403784439,0.5,0.));
#3934=DIRECTION('',(-0.866025403784439,-0.5,0.));
#3935=DIRECTION('',(0.186156787897407,-0.694746590606863,-0.694746590606863));
#3936=DIRECTION('center_axis',(0.,-0.707106781186548,0.707106781186548));
#3937=DIRECTION('ref_axis',(1.,0.,0.));
#3938=DIRECTION('',(1.,0.,0.));
#3939=DIRECTION('',(-1.,0.,0.));
#3940=DIRECTION('',(-0.186156787897372,-0.694746590606868,-0.694746590606868));
#3941=DIRECTION('center_axis',(-0.353553390593273,-0.612372435695794,0.707106781186549));
#3942=DIRECTION('ref_axis',(0.894427190999916,0.,0.447213595499957));
#3943=DIRECTION('',(0.866025403784439,-0.5,0.));
#3944=DIRECTION('',(-0.866025403784439,0.5,0.));
#3945=DIRECTION('',(-0.508589802709471,-0.508589802709487,-0.694746590606868));
#3946=DIRECTION('center_axis',(-0.612372435695794,-0.353553390593273,0.707106781186549));
#3947=DIRECTION('ref_axis',(0.755928946018455,0.,0.654653670707976));
#3948=DIRECTION('',(0.499999999999999,-0.866025403784439,0.));
#3949=DIRECTION('',(-0.499999999999999,0.866025403784439,0.));
#3950=DIRECTION('',(-0.694746590606864,-0.186156787897396,-0.694746590606864));
#3951=DIRECTION('center_axis',(1.,0.,0.));
#3952=DIRECTION('ref_axis',(1.88947949012601E-16,0.707106781186547,0.707106781186547));
#3953=DIRECTION('center_axis',(1.,-6.23496421511134E-16,0.));
#3954=DIRECTION('ref_axis',(4.40878547696069E-16,0.707106781186547,0.707106781186547));
#3955=DIRECTION('',(0.707106781186508,0.,0.707106781186587));
#3956=DIRECTION('center_axis',(-1.,6.23496421511134E-16,0.));
#3957=DIRECTION('ref_axis',(0.,0.707106781186548,0.707106781186548));
#3958=DIRECTION('center_axis',(-0.707106781186555,4.40878547696074E-16,
0.70710678118654));
#3959=DIRECTION('ref_axis',(0.70710678118654,0.,0.707106781186555));
#3960=DIRECTION('',(6.23496421511134E-16,1.,0.));
#3961=DIRECTION('',(-6.23496421511134E-16,-1.,0.));
#3962=DIRECTION('center_axis',(-0.499999999999999,0.866025403784439,0.));
#3963=DIRECTION('ref_axis',(0.866025403784439,0.499999999999999,0.));
#3964=DIRECTION('',(0.,0.,-1.));
#3965=DIRECTION('center_axis',(0.,1.,0.));
#3966=DIRECTION('ref_axis',(1.,0.,0.));
#3967=DIRECTION('',(0.,0.,-1.));
#3968=DIRECTION('center_axis',(1.,-8.31328562014846E-16,0.));
#3969=DIRECTION('ref_axis',(-8.31328562014846E-16,-1.,0.));
#3970=DIRECTION('',(0.,0.,-1.));
#3971=DIRECTION('center_axis',(0.866025403784439,-0.5,0.));
#3972=DIRECTION('ref_axis',(-0.5,-0.866025403784439,0.));
#3973=DIRECTION('',(0.,0.,-1.));
#3974=DIRECTION('center_axis',(0.5,-0.866025403784439,0.));
#3975=DIRECTION('ref_axis',(-0.866025403784439,-0.5,0.));
#3976=DIRECTION('',(0.,0.,-1.));
#3977=DIRECTION('center_axis',(0.,-1.,0.));
#3978=DIRECTION('ref_axis',(-1.,0.,0.));
#3979=DIRECTION('',(0.,0.,-1.));
#3980=DIRECTION('center_axis',(-0.5,-0.866025403784439,0.));
#3981=DIRECTION('ref_axis',(-0.866025403784439,0.5,0.));
#3982=DIRECTION('',(0.,0.,-1.));
#3983=DIRECTION('center_axis',(-0.866025403784439,-0.499999999999999,0.));
#3984=DIRECTION('ref_axis',(-0.499999999999999,0.866025403784439,0.));
#3985=DIRECTION('',(0.,0.,-1.));
#3986=DIRECTION('center_axis',(-1.,6.23496421511134E-16,0.));
#3987=DIRECTION('ref_axis',(6.23496421511134E-16,1.,0.));
#3988=DIRECTION('center_axis',(1.,1.32169407693471E-15,0.));
#3989=DIRECTION('ref_axis',(0.,-0.707106781186547,0.707106781186548));
#3990=DIRECTION('center_axis',(-1.,8.49219124263875E-16,0.));
#3991=DIRECTION('ref_axis',(0.,-0.707106781186547,0.707106781186548));
#3992=DIRECTION('',(-1.,-1.32169407693471E-15,0.));
#3993=DIRECTION('center_axis',(0.,0.,1.));
#3994=DIRECTION('ref_axis',(1.,0.,0.));
#3995=DIRECTION('',(8.49219124263875E-16,1.,0.));
#3996=DIRECTION('',(0.500000000000001,0.866025403784438,0.));
#3997=DIRECTION('',(0.866025403784439,0.499999999999999,0.));
#3998=DIRECTION('',(0.5,-0.866025403784439,0.));
#3999=DIRECTION('center_axis',(1.,-8.49219124263875E-16,0.));
#4000=DIRECTION('ref_axis',(8.49219124263875E-16,1.,0.));
#4001=DIRECTION('',(0.,0.,1.));
#4002=DIRECTION('center_axis',(-1.,-1.32169407693471E-15,0.));
#4003=DIRECTION('ref_axis',(0.,0.707106781186548,0.707106781186548));
#4004=DIRECTION('',(1.,1.32169407693471E-15,0.));
#4005=DIRECTION('center_axis',(-1.,8.49219124263875E-16,0.));
#4006=DIRECTION('ref_axis',(0.,0.707106781186548,0.707106781186548));
#4007=DIRECTION('center_axis',(0.,0.,1.));
#4008=DIRECTION('ref_axis',(1.,0.,0.));
#4009=DIRECTION('',(0.500000000000002,0.866025403784437,0.));
#4010=DIRECTION('',(0.866025403784438,-0.500000000000001,0.));
#4011=DIRECTION('',(0.5,-0.866025403784439,0.));
#4012=DIRECTION('',(-8.49219124263876E-16,-1.,0.));
#4013=DIRECTION('',(-0.5,-0.866025403784439,0.));
#4014=DIRECTION('',(-0.866025403784439,-0.499999999999999,0.));
#4015=DIRECTION('',(-1.,0.,0.));
#4016=DIRECTION('',(-0.866025403784439,0.5,0.));
#4017=DIRECTION('',(-0.499999999999998,0.86602540378444,0.));
#4018=DIRECTION('',(8.49219124263875E-16,1.,0.));
#4019=DIRECTION('center_axis',(-0.5,0.866025403784439,0.));
#4020=DIRECTION('ref_axis',(0.612372435695796,0.353553390593273,0.707106781186546));
#4021=DIRECTION('center_axis',(-0.499999999999999,0.866025403784439,0.));
#4022=DIRECTION('ref_axis',(0.612372435695796,0.353553390593273,0.707106781186546));
#4023=DIRECTION('center_axis',(0.499999999999999,-0.866025403784439,0.));
#4024=DIRECTION('ref_axis',(0.866025403784439,0.499999999999999,0.));
#4025=DIRECTION('',(0.,0.,1.));
#4026=DIRECTION('center_axis',(0.500000000000001,-0.866025403784438,0.));
#4027=DIRECTION('ref_axis',(-0.612372435695795,-0.353553390593274,0.707106781186547));
#4028=DIRECTION('',(0.500000000000001,-0.866025403784438,0.));
#4029=DIRECTION('center_axis',(-0.499999999999999,0.866025403784439,0.));
#4030=DIRECTION('ref_axis',(-0.612372435695795,-0.353553390593274,0.707106781186547));
#4031=DIRECTION('',(-0.500000000000001,0.866025403784438,0.));
#4032=DIRECTION('center_axis',(0.,0.,1.));
#4033=DIRECTION('ref_axis',(1.,0.,0.));
#4034=DIRECTION('',(0.866025403784439,0.499999999999999,0.));
#4035=DIRECTION('',(1.,0.,0.));
#4036=DIRECTION('',(0.866025403784438,-0.500000000000001,0.));
#4037=DIRECTION('',(-0.500000000000009,-0.866025403784433,0.));
#4038=DIRECTION('center_axis',(0.499999999999999,-0.866025403784439,0.));
#4039=DIRECTION('ref_axis',(0.866025403784439,0.499999999999999,0.));
#4040=DIRECTION('',(0.,0.,1.));
#4041=DIRECTION('center_axis',(0.500000000000009,0.866025403784433,0.));
#4042=DIRECTION('ref_axis',(0.612372435695791,-0.353553390593281,0.707106781186547));
#4043=DIRECTION('center_axis',(0.500000000000001,0.866025403784438,0.));
#4044=DIRECTION('ref_axis',(0.612372435695791,-0.353553390593281,0.707106781186547));
#4045=DIRECTION('',(0.500000000000009,0.866025403784433,0.));
#4046=DIRECTION('center_axis',(0.866025403784433,-0.500000000000009,0.));
#4047=DIRECTION('ref_axis',(-0.500000000000009,-0.866025403784433,0.));
#4048=DIRECTION('',(0.,0.,-1.));
#4049=DIRECTION('center_axis',(-0.500000000000001,-0.866025403784438,0.));
#4050=DIRECTION('ref_axis',(0.866025403784438,-0.500000000000001,0.));
#4051=DIRECTION('',(0.,0.,1.));
#4052=DIRECTION('center_axis',(-0.500000000000002,-0.866025403784438,0.));
#4053=DIRECTION('ref_axis',(-0.612372435695794,0.353553390593274,0.707106781186548));
#4054=DIRECTION('',(-0.500000000000002,-0.866025403784437,0.));
#4055=DIRECTION('center_axis',(0.500000000000001,0.866025403784438,0.));
#4056=DIRECTION('ref_axis',(-0.612372435695794,0.353553390593274,0.707106781186548));
#4057=DIRECTION('center_axis',(-0.500000000000001,-0.866025403784438,0.));
#4058=DIRECTION('ref_axis',(0.866025403784438,-0.500000000000001,0.));
#4059=DIRECTION('',(0.,0.,1.));
#4060=DIRECTION('center_axis',(0.,-1.,0.));
#4061=DIRECTION('ref_axis',(1.,0.,0.));
#4062=DIRECTION('center_axis',(0.866025403784438,-0.500000000000001,0.));
#4063=DIRECTION('ref_axis',(0.500000000000001,0.866025403784438,0.));
#4064=DIRECTION('center_axis',(0.5,0.866025403784439,0.));
#4065=DIRECTION('ref_axis',(-0.866025403784439,0.5,0.));
#4066=DIRECTION('',(0.,0.,1.));
#4067=DIRECTION('',(0.,0.,1.));
#4068=DIRECTION('center_axis',(0.,1.,0.));
#4069=DIRECTION('ref_axis',(-1.,0.,0.));
#4070=DIRECTION('',(0.,0.,1.));
#4071=DIRECTION('center_axis',(-0.499999999999999,0.866025403784439,0.));
#4072=DIRECTION('ref_axis',(-0.866025403784439,-0.499999999999999,0.));
#4073=DIRECTION('',(0.,0.,1.));
#4074=DIRECTION('center_axis',(-0.866025403784439,0.5,0.));
#4075=DIRECTION('ref_axis',(-0.5,-0.866025403784438,0.));
#4076=DIRECTION('',(0.,0.,1.));
#4077=DIRECTION('center_axis',(-1.,8.49219124263876E-16,0.));
#4078=DIRECTION('ref_axis',(-8.49219124263876E-16,-1.,0.));
#4079=DIRECTION('',(0.,0.,1.));
#4080=DIRECTION('center_axis',(-0.866025403784439,-0.5,0.));
#4081=DIRECTION('ref_axis',(0.5,-0.866025403784439,0.));
#4082=DIRECTION('center_axis',(1.,-8.49219124263875E-16,0.));
#4083=DIRECTION('ref_axis',(8.49219124263875E-16,1.,0.));
#4084=DIRECTION('',(0.,0.,1.));
#4085=DIRECTION('center_axis',(0.86602540378444,0.499999999999998,0.));
#4086=DIRECTION('ref_axis',(-0.499999999999998,0.86602540378444,0.));
#4087=DIRECTION('center_axis',(-1.,6.67705756790156E-16,0.));
#4088=DIRECTION('ref_axis',(6.67705756790156E-16,1.,0.));
#4089=DIRECTION('',(0.,0.,-1.));
#4090=DIRECTION('center_axis',(-0.866025403784439,0.499999999999999,0.));
#4091=DIRECTION('ref_axis',(0.499999999999999,0.866025403784439,0.));
#4092=DIRECTION('',(0.,0.,-1.));
#4093=DIRECTION('center_axis',(-0.5,0.866025403784439,0.));
#4094=DIRECTION('ref_axis',(0.866025403784439,0.499999999999999,0.));
#4095=DIRECTION('',(0.,0.,-1.));
#4096=DIRECTION('center_axis',(0.866025403782174,0.500000000003922,0.));
#4097=DIRECTION('ref_axis',(0.500000000003922,-0.866025403782174,0.));
#4098=DIRECTION('',(0.,0.,-1.));
#4099=DIRECTION('center_axis',(-1.32369758739152E-12,1.,0.));
#4100=DIRECTION('ref_axis',(1.,1.32369758739152E-12,0.));
#4101=DIRECTION('',(0.,0.,-1.));
#4102=DIRECTION('center_axis',(-0.866025403784472,0.499999999999943,0.));
#4103=DIRECTION('ref_axis',(0.499999999999943,0.866025403784471,0.));
#4104=DIRECTION('center_axis',(-0.499999999999999,0.866025403784439,0.));
#4105=DIRECTION('ref_axis',(0.866025403784439,0.499999999999999,0.));
#4106=DIRECTION('',(0.,0.,-1.));
#4107=DIRECTION('center_axis',(-0.866025403784438,0.500000000000002,0.));
#4108=DIRECTION('ref_axis',(0.500000000000002,0.866025403784437,0.));
#4109=DIRECTION('',(0.,0.,-1.));
#4110=DIRECTION('center_axis',(0.500000000000001,0.866025403784438,0.));
#4111=DIRECTION('ref_axis',(0.866025403784438,-0.500000000000001,0.));
#4112=DIRECTION('center_axis',(0.500000000000001,0.866025403784438,0.));
#4113=DIRECTION('ref_axis',(0.866025403784438,-0.500000000000001,0.));
#4114=DIRECTION('center_axis',(-0.866025403784438,-0.500000000000001,0.));
#4115=DIRECTION('ref_axis',(-0.500000000000001,0.866025403784438,0.));
#4116=DIRECTION('',(0.,0.,1.));
#4117=DIRECTION('',(1.,0.,0.));
#4118=CARTESIAN_POINT('',(0.,0.,0.));
#4119=CARTESIAN_POINT('',(0.,0.,0.));
#4120=CARTESIAN_POINT('Origin',(-30.025101369228,19.4711963539712,-15.08));
#4121=CARTESIAN_POINT('',(-35.6748801259582,22.7330976400313,-15.24));
#4122=CARTESIAN_POINT('',(-34.4521377445943,22.0271469970012,-15.24));
#4123=CARTESIAN_POINT('',(-32.6499816237088,20.9866716754862,-15.24));
#4124=CARTESIAN_POINT('',(-35.6748801259582,22.7330976400313,-15.4));
#4125=CARTESIAN_POINT('',(-35.674880253276,22.7330977135382,-15.8));
#4126=CARTESIAN_POINT('',(-30.025101369228,19.4711963539712,-15.4));
#4127=CARTESIAN_POINT('',(-29.6023954834014,19.2271469970012,-15.4));
#4128=CARTESIAN_POINT('',(-30.025101369228,19.4711963539712,-15.24));
#4129=CARTESIAN_POINT('',(-30.0251016205205,19.471196499055,-15.8));
#4130=CARTESIAN_POINT('',(-31.2478437505919,20.1771469970012,-15.24));
#4131=CARTESIAN_POINT('',(-30.2251104931123,19.5866716754862,-15.24));
#4132=CARTESIAN_POINT('',(-31.2478437505919,20.1771469970012,-15.08));
#4133=CARTESIAN_POINT('',(-31.2478437505919,20.1771469970012,-15.08));
#4134=CARTESIAN_POINT('',(-32.8499909368983,21.1021471062966,-15.08));
#4135=CARTESIAN_POINT('',(-31.4375461530631,20.2866717301339,-15.08));
#4136=CARTESIAN_POINT('',(-34.4521377445943,22.0271469970012,-15.08));
#4137=CARTESIAN_POINT('',(-31.4375461530631,20.2866717301339,-15.08));
#4138=CARTESIAN_POINT('',(-34.4521377445943,22.0271469970012,-15.08));
#4139=CARTESIAN_POINT('Origin',(-32.3749907475931,21.9248711305965,-15.4));
#4140=CARTESIAN_POINT('',(-30.024991,19.5,-15.4));
#4141=CARTESIAN_POINT('Origin',(-33.774991,19.5,-15.4));
#4142=CARTESIAN_POINT('Origin',(-33.774991,19.5,-15.4));
#4143=CARTESIAN_POINT('Origin',(-36.1998618781895,20.9,-15.24));
#4144=CARTESIAN_POINT('',(-36.3021377445943,18.8228530029988,-15.24));
#4145=CARTESIAN_POINT('',(-33.5021377445943,23.6725952641916,-15.24));
#4146=CARTESIAN_POINT('',(-37.5248801259582,19.5288036460288,-15.24));
#4147=CARTESIAN_POINT('',(-37.3248710020739,19.4133283245138,-15.24));
#4148=CARTESIAN_POINT('Origin',(-33.774991,19.5,-15.24));
#4149=CARTESIAN_POINT('Origin',(-33.7461871015643,23.2498893783651,-15.08));
#4150=CARTESIAN_POINT('',(-35.377137807696,20.4249998907046,-15.08));
#4151=CARTESIAN_POINT('',(-34.5616624546302,21.8374446345349,-15.08));
#4152=CARTESIAN_POINT('',(-36.3021377445943,18.8228530029988,-15.08));
#4153=CARTESIAN_POINT('',(-34.5616624546302,21.8374446345349,-15.08));
#4154=CARTESIAN_POINT('',(-36.3021377445943,18.8228530029988,-15.08));
#4155=CARTESIAN_POINT('Origin',(-31.3501196169967,18.1,-15.24));
#4156=CARTESIAN_POINT('',(-31.875101369228,16.2669023599688,-15.24));
#4157=CARTESIAN_POINT('Origin',(-33.774991,19.5,-15.24));
#4158=CARTESIAN_POINT('',(-33.0978437505919,16.9728530029988,-15.24));
#4159=CARTESIAN_POINT('',(-34.8999998714774,18.0133283245138,-15.24));
#4160=CARTESIAN_POINT('',(-34.0478437505919,15.3274047358084,-15.24));
#4161=CARTESIAN_POINT('Origin',(-37.5248801259582,19.5288036460288,-15.08));
#4162=CARTESIAN_POINT('',(-31.875101369228,16.2669023599688,-15.4));
#4163=CARTESIAN_POINT('',(-31.8751014965459,16.2669024334758,-15.8));
#4164=CARTESIAN_POINT('',(-37.5248801259582,19.5288036460288,-15.4));
#4165=CARTESIAN_POINT('',(-37.9475860117847,19.7728530029988,-15.4));
#4166=CARTESIAN_POINT('',(-37.5248803772507,19.5288037911126,-15.8));
#4167=CARTESIAN_POINT('',(-34.6999909368983,17.8978531122942,-15.08));
#4168=CARTESIAN_POINT('',(-36.1124355314282,18.7133283791615,-15.08));
#4169=CARTESIAN_POINT('',(-33.0978437505919,16.9728530029988,-15.08));
#4170=CARTESIAN_POINT('',(-36.1124355314282,18.7133283791615,-15.08));
#4171=CARTESIAN_POINT('',(-33.0978437505919,16.9728530029988,-15.08));
#4172=CARTESIAN_POINT('Origin',(-35.1749907475931,17.0751288694036,-15.4));
#4173=CARTESIAN_POINT('Origin',(-33.774991,19.5,-15.4));
#4174=CARTESIAN_POINT('Origin',(-33.8037943936219,15.7501106216349,-15.08));
#4175=CARTESIAN_POINT('',(-32.1728438136936,18.5749998907046,-15.08));
#4176=CARTESIAN_POINT('',(-32.9883191036578,17.1625552561698,-15.08));
#4177=CARTESIAN_POINT('',(-32.9883191036578,17.1625552561698,-15.08));
#4178=CARTESIAN_POINT('Origin',(-33.774991,19.5,-12.52));
#4179=CARTESIAN_POINT('',(-31.924991,19.5,-15.08));
#4180=CARTESIAN_POINT('Origin',(-33.774991,19.5,-15.08));
#4181=CARTESIAN_POINT('Origin',(-33.774991,19.5,-15.08));
#4182=CARTESIAN_POINT('Origin',(-33.774991,19.5,-15.08));
#4183=CARTESIAN_POINT('Origin',(-33.774991,19.5,-15.08));
#4184=CARTESIAN_POINT('Origin',(-33.774991,19.5,-15.08));
#4185=CARTESIAN_POINT('',(-31.924991,19.5,-14.6));
#4186=CARTESIAN_POINT('',(-31.924991,19.5,-12.52));
#4187=CARTESIAN_POINT('Origin',(-33.774991,19.5,-14.6));
#4188=CARTESIAN_POINT('Origin',(8.88178419700125E-15,0.,-14.6));
#4189=CARTESIAN_POINT('',(-3.17299704486726,47.3308565348538,-14.6));
#4190=CARTESIAN_POINT('',(-15.2259335057558,40.3720904246344,-14.6));
#4191=CARTESIAN_POINT('',(-18.2570224190013,38.6220904246344,-14.6));
#4192=CARTESIAN_POINT('',(-27.3502891587379,33.3720904246344,-14.6));
#4193=CARTESIAN_POINT('',(-3.17299704486726,47.3308565348538,-14.6));
#4194=CARTESIAN_POINT('',(-39.4032256196264,26.413324314415,-14.6));
#4195=CARTESIAN_POINT('',(-30.3456684759366,31.6427073695247,-14.6));
#4196=CARTESIAN_POINT('',(-42.5762226644937,20.9175322204389,-14.6));
#4197=CARTESIAN_POINT('',(-41.7829734032769,22.2914802439329,-14.6));
#4198=CARTESIAN_POINT('',(-42.5762226644937,10.9175322204389,-14.6));
#4199=CARTESIAN_POINT('',(-42.5762226644937,5.45876611021948,-14.6));
#4200=CARTESIAN_POINT('',(-43.8562226644939,10.9175322204389,-14.6));
#4201=CARTESIAN_POINT('',(-22.1281113322469,10.917532220439,-14.6));
#4202=CARTESIAN_POINT('',(-44.2562226644937,11.3175322204389,-14.6));
#4203=CARTESIAN_POINT('',(-44.0562226644938,11.1175322204389,-14.6));
#4204=CARTESIAN_POINT('',(-44.2562226644937,-11.3175322204389,-14.6));
#4205=CARTESIAN_POINT('',(-44.2562226644937,21.3676868637232,-14.6));
#4206=CARTESIAN_POINT('',(-43.8562226644938,-10.9175322204389,-14.6));
#4207=CARTESIAN_POINT('',(-44.0562226644938,-11.1175322204389,-14.6));
#4208=CARTESIAN_POINT('',(-42.5762226644937,-10.9175322204389,-14.6));
#4209=CARTESIAN_POINT('',(-21.2881113322469,-10.9175322204388,-14.6));
#4210=CARTESIAN_POINT('',(-42.5762226644938,-20.9175322204389,-14.6));
#4211=CARTESIAN_POINT('',(-42.5762226644937,-10.4587661102194,-14.6));
#4212=CARTESIAN_POINT('',(-39.4032256196265,-26.4133243144149,-14.6));
#4213=CARTESIAN_POINT('',(-40.1964748808433,-25.0393762909209,-14.6));
#4214=CARTESIAN_POINT('',(-3.17299704486731,-47.3308565348538,-14.6));
#4215=CARTESIAN_POINT('',(-12.2305541885571,-42.1014734797441,-14.6));
#4216=CARTESIAN_POINT('',(3.17299704486726,-47.3308565348538,-14.6));
#4217=CARTESIAN_POINT('',(1.58649852243364,-47.3308565348538,-14.6));
#4218=CARTESIAN_POINT('',(39.4032256196265,-26.4133243144149,-14.6));
#4219=CARTESIAN_POINT('',(30.3456684759367,-31.6427073695247,-14.6));
#4220=CARTESIAN_POINT('',(42.5762226644937,-20.9175322204389,-14.6));
#4221=CARTESIAN_POINT('',(41.7829734032769,-22.2914802439329,-14.6));
#4222=CARTESIAN_POINT('',(42.5762226644938,20.9175322204388,-14.6));
#4223=CARTESIAN_POINT('',(42.5762226644938,10.4587661102194,-14.6));
#4224=CARTESIAN_POINT('',(39.4032256196265,26.4133243144149,-14.6));
#4225=CARTESIAN_POINT('',(40.1964748808433,25.0393762909209,-14.6));
#4226=CARTESIAN_POINT('',(27.350289158738,33.3720904246344,-14.6));
#4227=CARTESIAN_POINT('',(24.3192002454924,35.1220904246344,-14.6));
#4228=CARTESIAN_POINT('',(15.2259335057558,40.3720904246344,-14.6));
#4229=CARTESIAN_POINT('',(39.4032256196265,26.4133243144149,-14.6));
#4230=CARTESIAN_POINT('',(3.17299704486733,47.3308565348538,-14.6));
#4231=CARTESIAN_POINT('',(12.2305541885571,42.1014734797441,-14.6));
#4232=CARTESIAN_POINT('',(-1.58649852243363,47.3308565348538,-14.6));
#4233=CARTESIAN_POINT('',(35.624991,19.5,-14.6));
#4234=CARTESIAN_POINT('Origin',(33.774991,19.5,-14.6));
#4235=CARTESIAN_POINT('',(1.85,-39.,-14.6));
#4236=CARTESIAN_POINT('Origin',(0.,-39.,-14.6));
#4237=CARTESIAN_POINT('',(-7.36375548995239,-40.7543990803099,-14.6));
#4238=CARTESIAN_POINT('',(-3.1754263543348,-33.5000002185989,-14.6));
#4239=CARTESIAN_POINT('',(-6.35085283487304,-39.0000002185908,-14.6));
#4240=CARTESIAN_POINT('',(-36.7678427123785,-23.777941407167,-14.6));
#4241=CARTESIAN_POINT('',(-36.7678427123785,-23.777941407167,-14.6));
#4242=CARTESIAN_POINT('',(-38.9762226644938,-19.9529151276868,-14.6));
#4243=CARTESIAN_POINT('',(-38.9762226644938,-19.9529151276868,-14.6));
#4244=CARTESIAN_POINT('',(-38.9762226644937,14.0000000000081,-14.6));
#4245=CARTESIAN_POINT('',(-38.9762226644937,19.9529151276869,-14.6));
#4246=CARTESIAN_POINT('',(-30.5995645194617,14.0000000000081,-14.6));
#4247=CARTESIAN_POINT('',(-36.9504174805382,14.0000000000081,-14.6));
#4248=CARTESIAN_POINT('',(-27.4241380389235,19.5,-14.6));
#4249=CARTESIAN_POINT('',(-27.4241380389235,19.5,-14.6));
#4250=CARTESIAN_POINT('',(-31.6124671745414,26.7543988617109,-14.6));
#4251=CARTESIAN_POINT('',(-30.5995645194618,24.9999999999919,-14.6));
#4252=CARTESIAN_POINT('',(-2.2083799521152,43.7308565348538,-14.6));
#4253=CARTESIAN_POINT('',(-2.2083799521152,43.7308565348538,-14.6));
#4254=CARTESIAN_POINT('',(2.20837995211528,43.7308565348538,-14.6));
#4255=CARTESIAN_POINT('',(2.20837995211528,43.7308565348538,-14.6));
#4256=CARTESIAN_POINT('',(31.6124669852378,26.7543989709995,-14.6));
#4257=CARTESIAN_POINT('',(36.7678427123785,23.7779414071669,-14.6));
#4258=CARTESIAN_POINT('',(27.4241379127201,19.5000002185908,-14.6));
#4259=CARTESIAN_POINT('',(30.5995643932583,25.0000002185826,-14.6));
#4260=CARTESIAN_POINT('',(30.5995643932583,14.0000002185989,-14.6));
#4261=CARTESIAN_POINT('',(30.5995643932583,14.0000002185989,-14.6));
#4262=CARTESIAN_POINT('',(38.9762226644938,14.0000002185991,-14.6));
#4263=CARTESIAN_POINT('',(36.9504173543348,14.0000002185989,-14.6));
#4264=CARTESIAN_POINT('',(38.9762226644938,-19.9529151276869,-14.6));
#4265=CARTESIAN_POINT('',(38.9762226644938,-19.9529151276869,-14.6));
#4266=CARTESIAN_POINT('',(36.7678427123785,-23.777941407167,-14.6));
#4267=CARTESIAN_POINT('',(36.7678427123785,-23.777941407167,-14.6));
#4268=CARTESIAN_POINT('',(7.36375567926827,-40.7543989710144,-14.6));
#4269=CARTESIAN_POINT('',(2.20837995211514,-43.7308565348539,-14.6));
#4270=CARTESIAN_POINT('',(3.17542660674654,-33.5000002185905,-14.6));
#4271=CARTESIAN_POINT('',(6.35085308727995,-39.0000002185908,-14.6));
#4272=CARTESIAN_POINT('',(-3.1754263543348,-33.5000002185989,-14.6));
#4273=CARTESIAN_POINT('Origin',(-33.774991,19.5,-15.08));
#4274=CARTESIAN_POINT('Origin',(-33.774991,19.5,-15.08));
#4275=CARTESIAN_POINT('Origin',(-33.774991,19.5,-15.08));
#4276=CARTESIAN_POINT('Origin',(-33.774991,19.5,-15.08));
#4277=CARTESIAN_POINT('Origin',(-31.6124671745412,26.7543988617109,-14.6));
#4278=CARTESIAN_POINT('',(-27.4241380389235,19.5,-15.72));
#4279=CARTESIAN_POINT('',(-27.4241380389235,19.5,-14.6));
#4280=CARTESIAN_POINT('',(-31.6124671745414,26.7543988617109,-15.72));
#4281=CARTESIAN_POINT('',(-21.8684115084177,9.87719937620576,-15.72));
#4282=CARTESIAN_POINT('',(-31.6124671745414,26.7543988617109,-14.6));
#4283=CARTESIAN_POINT('Origin',(-27.4241380389235,19.5,-14.6));
#4284=CARTESIAN_POINT('',(-30.5995645194617,14.0000000000081,-15.72));
#4285=CARTESIAN_POINT('',(-30.5995645194617,14.0000000000081,-14.6));
#4286=CARTESIAN_POINT('',(-28.2179946275072,18.1250000546497,-15.72));
#4287=CARTESIAN_POINT('Origin',(-30.5995645194617,14.0000000000082,-14.6));
#4288=CARTESIAN_POINT('',(-38.9762226644937,14.0000000000081,-15.72));
#4289=CARTESIAN_POINT('',(-38.9762226644937,14.0000000000081,-14.6));
#4290=CARTESIAN_POINT('',(-15.299782259731,14.0000000000084,-15.72));
#4291=CARTESIAN_POINT('Origin',(-28.1902891587379,34.8270131029923,-14.6));
#4292=CARTESIAN_POINT('',(-27.9902891587379,34.4806029414785,-14.6));
#4293=CARTESIAN_POINT('',(-27.9902891587379,34.4806029414785,-15.72));
#4294=CARTESIAN_POINT('',(-27.9902891587379,34.4806029414785,-14.6));
#4295=CARTESIAN_POINT('',(-26.553632773399,31.9922410890532,-14.6));
#4296=CARTESIAN_POINT('',(-27.3502891587379,33.3720904246344,-15.72));
#4297=CARTESIAN_POINT('',(-27.3502891587379,33.3720904246344,-14.6));
#4298=CARTESIAN_POINT('',(-17.1262334926145,15.6635065514961,-15.72));
#4299=CARTESIAN_POINT('Origin',(-28.2634942394948,34.5538080222354,-14.6));
#4300=CARTESIAN_POINT('',(-28.5366993202517,34.6270131029923,-15.72));
#4301=CARTESIAN_POINT('',(-28.5366993202517,34.6270131029923,-14.6));
#4302=CARTESIAN_POINT('',(-28.5366993202517,34.6270131029923,-14.6));
#4303=CARTESIAN_POINT('',(-27.9902891587379,34.4806029414785,-14.6));
#4304=CARTESIAN_POINT('',(-27.9902891587379,34.4806029414785,-15.72));
#4305=CARTESIAN_POINT('Origin',(-40.6330709763421,27.6431696711307,-14.6));
#4306=CARTESIAN_POINT('',(-40.6330709763421,27.6431696711307,-13.4));
#4307=CARTESIAN_POINT('',(-40.6330709763421,27.6431696711307,-15.72));
#4308=CARTESIAN_POINT('',(-40.6330709763421,27.6431696711307,-14.6));
#4309=CARTESIAN_POINT('',(-29.575929804793,34.0270131029923,-13.4));
#4310=CARTESIAN_POINT('',(-39.8548198293179,28.0924931803622,-13.4));
#4311=CARTESIAN_POINT('Origin',(-29.575929804793,34.0270131029923,-14.6));
#4312=CARTESIAN_POINT('',(-31.3805911542945,32.9850913870615,-15.72));
#4313=CARTESIAN_POINT('Origin',(-44.2562226644937,21.3676868637232,-14.6));
#4314=CARTESIAN_POINT('',(-44.2562226644937,21.3676868637232,-13.4));
#4315=CARTESIAN_POINT('',(-44.2562226644937,21.3676868637232,-15.72));
#4316=CARTESIAN_POINT('',(-44.2562226644937,21.3676868637232,-14.6));
#4317=CARTESIAN_POINT('',(-42.8738494395753,23.7620275243047,-13.4));
#4318=CARTESIAN_POINT('',(-43.3504347424558,22.9365575655751,-15.72));
#4319=CARTESIAN_POINT('Origin',(31.875101369228,16.2669023599688,-15.08));
#4320=CARTESIAN_POINT('',(37.5248801259582,19.5288036460288,-15.24));
#4321=CARTESIAN_POINT('',(36.3021377445943,18.8228530029988,-15.24));
#4322=CARTESIAN_POINT('',(34.4999816237088,17.7823776814838,-15.24));
#4323=CARTESIAN_POINT('',(37.5248801259582,19.5288036460288,-15.4));
#4324=CARTESIAN_POINT('',(37.5248803772507,19.5288037911125,-15.8));
#4325=CARTESIAN_POINT('',(31.875101369228,16.2669023599688,-15.4));
#4326=CARTESIAN_POINT('',(31.4523954834015,16.0228530029988,-15.4));
#4327=CARTESIAN_POINT('',(31.875101369228,16.2669023599688,-15.24));
#4328=CARTESIAN_POINT('',(31.8751014965459,16.2669024334758,-15.8));
#4329=CARTESIAN_POINT('',(33.0978437505919,16.9728530029988,-15.24));
#4330=CARTESIAN_POINT('',(32.0751104931124,16.3823776814838,-15.24));
#4331=CARTESIAN_POINT('',(33.0978437505919,16.9728530029988,-15.08));
#4332=CARTESIAN_POINT('',(33.0978437505919,16.9728530029988,-15.08));
#4333=CARTESIAN_POINT('',(34.6999909368983,17.8978531122942,-15.08));
#4334=CARTESIAN_POINT('',(33.2875461530632,17.0823777361315,-15.08));
#4335=CARTESIAN_POINT('',(36.3021377445943,18.8228530029988,-15.08));
#4336=CARTESIAN_POINT('',(33.2875461530632,17.0823777361315,-15.08));
#4337=CARTESIAN_POINT('',(36.3021377445943,18.8228530029988,-15.08));
#4338=CARTESIAN_POINT('Origin',(35.1749907475931,17.0751288694036,-15.4));
#4339=CARTESIAN_POINT('',(37.524991,19.5,-15.4));
#4340=CARTESIAN_POINT('Origin',(33.774991,19.5,-15.4));
#4341=CARTESIAN_POINT('Origin',(33.774991,19.5,-15.4));
#4342=CARTESIAN_POINT('Origin',(36.1998618781895,20.9,-15.24));
#4343=CARTESIAN_POINT('',(34.4521377445943,22.0271469970012,-15.24));
#4344=CARTESIAN_POINT('',(37.2521377445943,17.1774047358084,-15.24));
#4345=CARTESIAN_POINT('',(35.6748801259582,22.7330976400312,-15.24));
#4346=CARTESIAN_POINT('',(35.4748710020739,22.6176223185162,-15.24));
#4347=CARTESIAN_POINT('Origin',(33.774991,19.5,-15.24));
#4348=CARTESIAN_POINT('Origin',(37.0080883876243,17.6001106216349,-15.08));
#4349=CARTESIAN_POINT('',(35.377137807696,20.4249998907046,-15.08));
#4350=CARTESIAN_POINT('',(36.1926130976602,19.0125552561697,-15.08));
#4351=CARTESIAN_POINT('',(34.4521377445943,22.0271469970012,-15.08));
#4352=CARTESIAN_POINT('',(36.1926130976602,19.0125552561697,-15.08));
#4353=CARTESIAN_POINT('',(34.4521377445943,22.0271469970012,-15.08));
#4354=CARTESIAN_POINT('Origin',(31.3501196169967,18.1,-15.24));
#4355=CARTESIAN_POINT('',(30.025101369228,19.4711963539712,-15.24));
#4356=CARTESIAN_POINT('Origin',(33.774991,19.5,-15.24));
#4357=CARTESIAN_POINT('',(31.2478437505919,20.1771469970012,-15.24));
#4358=CARTESIAN_POINT('',(33.0499998714775,21.2176223185162,-15.24));
#4359=CARTESIAN_POINT('',(30.2978437505919,21.8225952641916,-15.24));
#4360=CARTESIAN_POINT('Origin',(35.6748801259582,22.7330976400312,-15.08));
#4361=CARTESIAN_POINT('',(30.025101369228,19.4711963539712,-15.4));
#4362=CARTESIAN_POINT('',(30.0251016205205,19.471196499055,-15.8));
#4363=CARTESIAN_POINT('',(35.6748801259582,22.7330976400312,-15.4));
#4364=CARTESIAN_POINT('',(36.0975860117847,22.9771469970012,-15.4));
#4365=CARTESIAN_POINT('',(35.6748802532761,22.7330977135382,-15.8));
#4366=CARTESIAN_POINT('',(32.8499909368983,21.1021471062966,-15.08));
#4367=CARTESIAN_POINT('',(34.2624355314283,21.9176223731639,-15.08));
#4368=CARTESIAN_POINT('',(31.2478437505919,20.1771469970012,-15.08));
#4369=CARTESIAN_POINT('',(34.2624355314283,21.9176223731639,-15.08));
#4370=CARTESIAN_POINT('',(31.2478437505919,20.1771469970012,-15.08));
#4371=CARTESIAN_POINT('Origin',(32.3749907475931,21.9248711305964,-15.4));
#4372=CARTESIAN_POINT('Origin',(33.774991,19.5,-15.4));
#4373=CARTESIAN_POINT('Origin',(30.5418931075619,21.3998893783651,-15.08));
#4374=CARTESIAN_POINT('',(32.1728438136936,18.5749998907046,-15.08));
#4375=CARTESIAN_POINT('',(31.3573684606278,19.9874446345349,-15.08));
#4376=CARTESIAN_POINT('',(31.3573684606278,19.9874446345349,-15.08));
#4377=CARTESIAN_POINT('Origin',(33.774991,19.5,-12.52));
#4378=CARTESIAN_POINT('Origin',(33.774991,19.5,-15.08));
#4379=CARTESIAN_POINT('Origin',(33.774991,19.5,-15.08));
#4380=CARTESIAN_POINT('Origin',(33.774991,19.5,-15.08));
#4381=CARTESIAN_POINT('',(35.624991,19.5,-15.08));
#4382=CARTESIAN_POINT('Origin',(33.774991,19.5,-15.08));
#4383=CARTESIAN_POINT('',(35.624991,19.5,-12.52));
#4384=CARTESIAN_POINT('Origin',(33.774991,19.5,-15.08));
#4385=CARTESIAN_POINT('Origin',(33.774991,19.5,-15.08));
#4386=CARTESIAN_POINT('Origin',(33.774991,19.5,-15.08));
#4387=CARTESIAN_POINT('Origin',(33.774991,19.5,-15.08));
#4388=CARTESIAN_POINT('Origin',(33.774991,19.5,-15.08));
#4389=CARTESIAN_POINT('Origin',(38.9762226644938,14.0000002185989,-14.6));
#4390=CARTESIAN_POINT('',(30.5995643932583,14.0000002185989,-15.72));
#4391=CARTESIAN_POINT('',(30.5995643932583,14.0000002185989,-14.6));
#4392=CARTESIAN_POINT('',(38.9762226644938,14.0000002185991,-15.72));
#4393=CARTESIAN_POINT('',(19.4881113322469,14.0000002185989,-15.72));
#4394=CARTESIAN_POINT('',(38.9762226644938,14.0000002185991,-14.6));
#4395=CARTESIAN_POINT('Origin',(30.5995643932583,14.0000002185989,-14.6));
#4396=CARTESIAN_POINT('',(27.4241379127201,19.5000002185908,-15.72));
#4397=CARTESIAN_POINT('',(27.4241379127201,19.5000002185908,-14.6));
#4398=CARTESIAN_POINT('',(29.8057078046746,15.3750001639492,-15.72));
#4399=CARTESIAN_POINT('Origin',(27.4241379127066,19.5000002185985,-14.6));
#4400=CARTESIAN_POINT('',(31.6124669852378,26.7543989709995,-15.72));
#4401=CARTESIAN_POINT('',(31.6124669852378,26.7543989709995,-14.6));
#4402=CARTESIAN_POINT('',(19.7742467828003,6.25000010930498,-15.72));
#4403=CARTESIAN_POINT('Origin',(40.6330709763422,27.6431696711306,-14.6));
#4404=CARTESIAN_POINT('',(40.6330709763422,27.6431696711306,-13.4));
#4405=CARTESIAN_POINT('',(40.6330709763422,27.6431696711306,-15.72));
#4406=CARTESIAN_POINT('',(40.6330709763422,27.6431696711306,-14.6));
#4407=CARTESIAN_POINT('',(44.2562226644938,21.3676868637231,-13.4));
#4408=CARTESIAN_POINT('',(43.0743049902917,23.4148283258047,-13.4));
#4409=CARTESIAN_POINT('',(44.2562226644938,21.3676868637231,-15.72));
#4410=CARTESIAN_POINT('',(44.2562226644938,21.3676868637231,-14.6));
#4411=CARTESIAN_POINT('',(41.5388588983801,26.0742989692788,-15.72));
#4412=CARTESIAN_POINT('Origin',(28.190289158738,34.8270131029922,-14.6));
#4413=CARTESIAN_POINT('',(28.5366993202517,34.6270131029922,-14.6));
#4414=CARTESIAN_POINT('',(28.5366993202517,34.6270131029922,-15.72));
#4415=CARTESIAN_POINT('',(28.5366993202517,34.6270131029922,-14.6));
#4416=CARTESIAN_POINT('',(29.5759298047931,34.0270131029922,-13.4));
#4417=CARTESIAN_POINT('Origin',(29.5759298047931,34.0270131029922,-14.6));
#4418=CARTESIAN_POINT('',(26.6946463374041,35.6905228885009,-13.4));
#4419=CARTESIAN_POINT('',(25.1592002454924,36.5770131029922,-15.72));
#4420=CARTESIAN_POINT('Origin',(28.2634942394948,34.5538080222353,-14.6));
#4421=CARTESIAN_POINT('',(27.990289158738,34.4806029414784,-15.72));
#4422=CARTESIAN_POINT('',(27.990289158738,34.4806029414785,-14.6));
#4423=CARTESIAN_POINT('',(27.990289158738,34.4806029414784,-14.6));
#4424=CARTESIAN_POINT('',(28.5366993202517,34.6270131029922,-14.6));
#4425=CARTESIAN_POINT('',(28.5366993202517,34.6270131029922,-15.72));
#4426=CARTESIAN_POINT('Origin',(-1.85000000000002,-35.73809871394,-15.08));
#4427=CARTESIAN_POINT('',(-1.85000000000002,-42.26190128606,-15.24));
#4428=CARTESIAN_POINT('',(-1.85000000000002,-40.85,-15.24));
#4429=CARTESIAN_POINT('',(-1.85000000000002,-38.76904935697,-15.24));
#4430=CARTESIAN_POINT('',(-1.85000000000002,-42.26190128606,-15.4));
#4431=CARTESIAN_POINT('',(-1.85000000000002,-42.26190128606,-15.8));
#4432=CARTESIAN_POINT('',(-1.85000000000002,-35.73809871394,-15.4));
#4433=CARTESIAN_POINT('',(-1.85000000000002,-35.25,-15.4));
#4434=CARTESIAN_POINT('',(-1.85000000000002,-35.73809871394,-15.24));
#4435=CARTESIAN_POINT('',(-1.85000000000002,-35.73809871394,-15.8));
#4436=CARTESIAN_POINT('',(-1.85000000000002,-37.15,-15.24));
#4437=CARTESIAN_POINT('',(-1.85000000000002,-35.96904935697,-15.24));
#4438=CARTESIAN_POINT('',(-1.85000000000002,-37.15,-15.08));
#4439=CARTESIAN_POINT('',(-1.85000000000002,-37.15,-15.08));
#4440=CARTESIAN_POINT('',(-1.85000000000002,-39.,-15.08));
#4441=CARTESIAN_POINT('',(-1.85000000000002,-37.36904935697,-15.08));
#4442=CARTESIAN_POINT('',(-1.85000000000002,-40.85,-15.08));
#4443=CARTESIAN_POINT('',(-1.85000000000002,-37.36904935697,-15.08));
#4444=CARTESIAN_POINT('',(-1.85000000000002,-40.85,-15.08));
#4445=CARTESIAN_POINT('Origin',(-2.80000000000001,-39.,-15.4));
#4446=CARTESIAN_POINT('Origin',(0.,-39.,-15.4));
#4447=CARTESIAN_POINT('Origin',(0.,-41.8,-15.24));
#4448=CARTESIAN_POINT('',(1.85,-40.85,-15.24));
#4449=CARTESIAN_POINT('',(-3.74999999999999,-40.85,-15.24));
#4450=CARTESIAN_POINT('',(1.85,-42.26190128606,-15.24));
#4451=CARTESIAN_POINT('',(1.85,-42.03095064303,-15.24));
#4452=CARTESIAN_POINT('Origin',(0.,-39.,-15.24));
#4453=CARTESIAN_POINT('Origin',(-3.26190128606002,-40.85,-15.08));
#4454=CARTESIAN_POINT('',(0.,-40.85,-15.08));
#4455=CARTESIAN_POINT('',(-1.63095064303001,-40.85,-15.08));
#4456=CARTESIAN_POINT('',(1.85,-40.85,-15.08));
#4457=CARTESIAN_POINT('',(-1.63095064303001,-40.85,-15.08));
#4458=CARTESIAN_POINT('',(1.85,-40.85,-15.08));
#4459=CARTESIAN_POINT('Origin',(0.,-39.,-15.08));
#4460=CARTESIAN_POINT('',(0.,-37.15,-15.08));
#4461=CARTESIAN_POINT('',(1.63095064303001,-37.15,-15.08));
#4462=CARTESIAN_POINT('Origin',(0.,-39.,-15.08));
#4463=CARTESIAN_POINT('Origin',(0.,-39.,-15.08));
#4464=CARTESIAN_POINT('Origin',(0.,-39.,-15.08));
#4465=CARTESIAN_POINT('Origin',(-1.11022302462516E-15,-36.2,-15.24));
#4466=CARTESIAN_POINT('',(1.85,-35.73809871394,-15.24));
#4467=CARTESIAN_POINT('Origin',(0.,-39.,-15.24));
#4468=CARTESIAN_POINT('',(1.85,-37.15,-15.24));
#4469=CARTESIAN_POINT('',(1.85,-39.23095064303,-15.24));
#4470=CARTESIAN_POINT('',(3.75,-37.15,-15.24));
#4471=CARTESIAN_POINT('Origin',(1.85,-42.26190128606,-15.08));
#4472=CARTESIAN_POINT('',(1.85,-35.73809871394,-15.4));
#4473=CARTESIAN_POINT('',(1.85,-35.73809871394,-15.8));
#4474=CARTESIAN_POINT('',(1.85,-42.26190128606,-15.4));
#4475=CARTESIAN_POINT('',(1.85,-42.75,-15.4));
#4476=CARTESIAN_POINT('',(1.85,-42.26190128606,-15.8));
#4477=CARTESIAN_POINT('',(1.85,-39.,-15.08));
#4478=CARTESIAN_POINT('',(1.85,-40.63095064303,-15.08));
#4479=CARTESIAN_POINT('',(1.85,-37.15,-15.08));
#4480=CARTESIAN_POINT('',(1.85,-40.63095064303,-15.08));
#4481=CARTESIAN_POINT('',(1.85,-37.15,-15.08));
#4482=CARTESIAN_POINT('Origin',(2.8,-39.,-15.4));
#4483=CARTESIAN_POINT('',(3.75,-39.,-15.4));
#4484=CARTESIAN_POINT('Origin',(0.,-39.,-15.4));
#4485=CARTESIAN_POINT('Origin',(0.,-39.,-15.4));
#4486=CARTESIAN_POINT('Origin',(3.26190128606002,-37.15,-15.08));
#4487=CARTESIAN_POINT('',(1.63095064303001,-37.15,-15.08));
#4488=CARTESIAN_POINT('Origin',(0.,-39.,-15.08));
#4489=CARTESIAN_POINT('Origin',(0.,-39.,-15.08));
#4490=CARTESIAN_POINT('Origin',(0.,-39.,-15.08));
#4491=CARTESIAN_POINT('Origin',(0.,-39.,-15.08));
#4492=CARTESIAN_POINT('Origin',(0.,-39.,-15.8));
#4493=CARTESIAN_POINT('',(3.75,-39.,-16.52));
#4494=CARTESIAN_POINT('Origin',(0.,-39.,-16.52));
#4495=CARTESIAN_POINT('',(3.75,-39.,-15.8));
#4496=CARTESIAN_POINT('Origin',(-33.774991,19.5,-15.8));
#4497=CARTESIAN_POINT('',(-30.024991,19.5,-16.52));
#4498=CARTESIAN_POINT('Origin',(-33.774991,19.5,-16.52));
#4499=CARTESIAN_POINT('',(-30.024991,19.5,-15.8));
#4500=CARTESIAN_POINT('Origin',(0.,-39.,-12.52));
#4501=CARTESIAN_POINT('',(1.85,-39.,-12.52));
#4502=CARTESIAN_POINT('Origin',(33.774991,19.5,-15.8));
#4503=CARTESIAN_POINT('',(37.524991,19.5,-16.52));
#4504=CARTESIAN_POINT('Origin',(33.774991,19.5,-16.52));
#4505=CARTESIAN_POINT('',(37.524991,19.5,-15.8));
#4506=CARTESIAN_POINT('Origin',(25.7502891587436,30.6008091325209,-16.12));
#4507=CARTESIAN_POINT('',(2.42273930606018,44.5308565348538,-16.52));
#4508=CARTESIAN_POINT('',(32.7052873082696,27.0472192940304,-16.52));
#4509=CARTESIAN_POINT('',(25.9502891587436,30.9472192940347,-16.52));
#4510=CARTESIAN_POINT('',(32.7052873082696,27.0472192940304,-16.52));
#4511=CARTESIAN_POINT('',(2.20837995211528,43.7308565348538,-15.72));
#4512=CARTESIAN_POINT('',(25.5502891587436,30.2543989710071,-15.72));
#4513=CARTESIAN_POINT('',(2.42273930606018,44.5308565348538,-16.52));
#4514=CARTESIAN_POINT('Origin',(20.1206569443136,6.05000010930414,-16.12));
#4515=CARTESIAN_POINT('',(28.3478983434152,19.5000002186052,-16.52));
#4516=CARTESIAN_POINT('',(20.4670671058269,5.85000010930329,-16.52));
#4517=CARTESIAN_POINT('',(28.3478983434152,19.5000002186052,-16.52));
#4518=CARTESIAN_POINT('Origin',(30.1521179661884,15.5750001639492,-16.12));
#4519=CARTESIAN_POINT('',(31.06144460861,14.8000002185989,-16.52));
#4520=CARTESIAN_POINT('',(30.4985281277022,15.7750001639492,-16.52));
#4521=CARTESIAN_POINT('',(31.06144460861,14.8000002185989,-16.52));
#4522=CARTESIAN_POINT('Origin',(19.4881113322469,14.4000002185989,-16.12));
#4523=CARTESIAN_POINT('',(39.7762226644938,14.8000002185989,-16.52));
#4524=CARTESIAN_POINT('',(19.4881113322469,14.8000002185989,-16.52));
#4525=CARTESIAN_POINT('',(39.7762226644938,14.8000002185989,-16.52));
#4526=CARTESIAN_POINT('Origin',(39.3762226644938,-9.97645756384344,-16.12));
#4527=CARTESIAN_POINT('',(39.7762226644937,-20.1672744816318,-16.52));
#4528=CARTESIAN_POINT('',(39.7762226644938,-9.97645756384344,-16.52));
#4529=CARTESIAN_POINT('',(38.9762226644938,-19.9529151276869,-15.72));
#4530=CARTESIAN_POINT('',(39.7762226644937,-20.1672744816318,-16.52));
#4531=CARTESIAN_POINT('',(38.9762226644938,-9.97645756384344,-15.72));
#4532=CARTESIAN_POINT('Origin',(37.6663478619211,-23.0216848372969,-16.12));
#4533=CARTESIAN_POINT('',(37.3534833584336,-24.3635820532221,-16.52));
#4534=CARTESIAN_POINT('',(38.0127580234349,-23.2216848372969,-16.52));
#4535=CARTESIAN_POINT('',(36.7678427123785,-23.777941407167,-15.72));
#4536=CARTESIAN_POINT('',(37.3534833584336,-24.3635820532221,-16.52));
#4537=CARTESIAN_POINT('',(37.3199377004074,-22.8216848372969,-15.72));
#4538=CARTESIAN_POINT('Origin',(13.6259335057563,-37.6008091325239,-16.12));
#4539=CARTESIAN_POINT('',(7.07093535624125,-41.8472192940356,-16.52));
#4540=CARTESIAN_POINT('',(13.8259335057563,-37.9472192940377,-16.52));
#4541=CARTESIAN_POINT('',(7.36375567926827,-40.7543989710144,-15.72));
#4542=CARTESIAN_POINT('',(7.07093535624124,-41.8472192940356,-16.52));
#4543=CARTESIAN_POINT('',(13.4259335057563,-37.2543989710101,-15.72));
#4544=CARTESIAN_POINT('Origin',(-4.82087468470687,-20.4500001093774,-16.12));
#4545=CARTESIAN_POINT('',(2.71354639135473,-34.3000002185911,-16.52));
#4546=CARTESIAN_POINT('',(-5.16728484621973,-20.650000109379,-16.52));
#4547=CARTESIAN_POINT('',(3.17542660674654,-33.5000002185905,-15.72));
#4548=CARTESIAN_POINT('',(2.71354639135473,-34.3000002185911,-16.52));
#4549=CARTESIAN_POINT('',(-4.474464523194,-20.2500001093759,-15.72));
#4550=CARTESIAN_POINT('Origin',(-1.5877131771447,-33.9000002185968,-16.12));
#4551=CARTESIAN_POINT('',(-2.71354613898318,-34.3000002185983,-16.52));
#4552=CARTESIAN_POINT('',(-1.58771317714417,-34.3000002185968,-16.52));
#4553=CARTESIAN_POINT('',(-3.1754263543348,-33.5000002185989,-15.72));
#4554=CARTESIAN_POINT('',(-2.71354613898318,-34.3000002185983,-16.52));
#4555=CARTESIAN_POINT('',(-1.58771317714523,-33.5000002185968,-15.72));
#4556=CARTESIAN_POINT('Origin',(2.72671033768396,-24.0771995948037,-16.12));
#4557=CARTESIAN_POINT('',(-7.07093516692479,-41.8472194033375,-16.52));
#4558=CARTESIAN_POINT('',(3.07312049919775,-24.2771995948036,-16.52));
#4559=CARTESIAN_POINT('',(-7.36375548995239,-40.7543990803099,-15.72));
#4560=CARTESIAN_POINT('',(-7.07093516692479,-41.8472194033375,-16.52));
#4561=CARTESIAN_POINT('',(2.38030017617017,-23.8771995948037,-15.72));
#4562=CARTESIAN_POINT('Origin',(-28.3279770223127,-29.1125803506025,-16.12));
#4563=CARTESIAN_POINT('',(-36.7678427123785,-23.777941407167,-15.72));
#4564=CARTESIAN_POINT('',(-28.1279770223127,-28.7661701890887,-15.72));
#4565=CARTESIAN_POINT('',(-37.3534833584336,-24.3635820532221,-16.52));
#4566=CARTESIAN_POINT('',(-28.5279770223127,-29.4589905121162,-16.52));
#4567=CARTESIAN_POINT('',(-37.3534833584336,-24.3635820532221,-16.52));
#4568=CARTESIAN_POINT('Origin',(-38.7705378379787,-21.1091716975569,-16.12));
#4569=CARTESIAN_POINT('',(-38.9762226644938,-19.9529151276868,-15.72));
#4570=CARTESIAN_POINT('',(-38.424127676465,-20.9091716975569,-15.72));
#4571=CARTESIAN_POINT('',(-39.7762226644938,-20.1672744816317,-16.52));
#4572=CARTESIAN_POINT('',(-39.1169479994925,-21.3091716975569,-16.52));
#4573=CARTESIAN_POINT('',(-39.7762226644938,-20.1672744816317,-16.52));
#4574=CARTESIAN_POINT('Origin',(-39.3762226644937,7.00000000000405,-16.12));
#4575=CARTESIAN_POINT('',(-38.9762226644937,7.00000000000405,-15.72));
#4576=CARTESIAN_POINT('',(-39.7762226644937,14.8000000000081,-16.52));
#4577=CARTESIAN_POINT('',(-39.7762226644937,7.00000000000405,-16.52));
#4578=CARTESIAN_POINT('',(-39.7762226644937,14.8000000000081,-16.52));
#4579=CARTESIAN_POINT('Origin',(-15.299782259731,14.4000000000084,-16.12));
#4580=CARTESIAN_POINT('',(-31.0614447348134,14.8000000000082,-16.52));
#4581=CARTESIAN_POINT('',(-15.299782259731,14.8000000000084,-16.52));
#4582=CARTESIAN_POINT('',(-31.0614447348134,14.8000000000082,-16.52));
#4583=CARTESIAN_POINT('Origin',(-28.564404789021,18.3250000546497,-16.12));
#4584=CARTESIAN_POINT('',(-28.3478984696269,19.5,-16.52));
#4585=CARTESIAN_POINT('',(-28.9108149505347,18.5250000546497,-16.52));
#4586=CARTESIAN_POINT('',(-28.3478984696269,19.5,-16.52));
#4587=CARTESIAN_POINT('Origin',(-22.2148216699315,9.67719937620575,-16.12));
#4588=CARTESIAN_POINT('',(-32.7052874975688,27.0472191847385,-16.52));
#4589=CARTESIAN_POINT('',(-22.5612318314453,9.47719937620575,-16.52));
#4590=CARTESIAN_POINT('',(-32.7052874975688,27.0472191847385,-16.52));
#4591=CARTESIAN_POINT('Origin',(-11.048245642181,39.0890379144459,-16.12));
#4592=CARTESIAN_POINT('',(-2.2083799521152,43.7308565348538,-15.72));
#4593=CARTESIAN_POINT('',(-10.848245642181,38.7426277529321,-15.72));
#4594=CARTESIAN_POINT('',(-2.42273930606008,44.5308565348538,-16.52));
#4595=CARTESIAN_POINT('',(-11.248245642181,39.4354480759597,-16.52));
#4596=CARTESIAN_POINT('',(-2.42273930606008,44.5308565348538,-16.52));
#4597=CARTESIAN_POINT('Origin',(1.10418997605765,44.1308565348538,-16.12));
#4598=CARTESIAN_POINT('',(1.10418997605765,43.7308565348538,-15.72));
#4599=CARTESIAN_POINT('',(1.10418997605765,44.5308565348538,-16.52));
#4600=CARTESIAN_POINT('Origin',(-36.7678427123785,-23.777941407167,-14.6));
#4601=CARTESIAN_POINT('',(-36.7678427123785,-23.777941407167,-14.6));
#4602=CARTESIAN_POINT('',(-7.36375548995239,-40.7543990803099,-14.6));
#4603=CARTESIAN_POINT('Origin',(-38.9762226644938,-19.9529151276868,-14.6));
#4604=CARTESIAN_POINT('',(-38.9762226644938,-19.9529151276868,-14.6));
#4605=CARTESIAN_POINT('Origin',(-38.9762226644937,14.0000000000081,-14.6));
#4606=CARTESIAN_POINT('Origin',(-2.2083799521152,43.7308565348538,-14.6));
#4607=CARTESIAN_POINT('',(-2.2083799521152,43.7308565348538,-14.6));
#4608=CARTESIAN_POINT('Origin',(2.20837995211528,43.7308565348538,-14.6));
#4609=CARTESIAN_POINT('',(2.20837995211528,43.7308565348538,-14.6));
#4610=CARTESIAN_POINT('Origin',(31.6124669852403,26.7543989710039,-14.6));
#4611=CARTESIAN_POINT('Origin',(8.88178419700125E-15,0.,-16.52));
#4612=CARTESIAN_POINT('',(14.9731131827283,41.5341927799647,-16.52));
#4613=CARTESIAN_POINT('',(3.40879233420672,48.2108565348538,-16.52));
#4614=CARTESIAN_POINT('',(12.4756315101993,42.9761144958955,-16.52));
#4615=CARTESIAN_POINT('',(14.1331131827282,40.0792701016068,-16.52));
#4616=CARTESIAN_POINT('',(4.30905751660465,23.0635065514963,-16.52));
#4617=CARTESIAN_POINT('',(27.6431094817655,32.2792701016068,-16.52));
#4618=CARTESIAN_POINT('',(17.8570224190014,37.9292701016068,-16.52));
#4619=CARTESIAN_POINT('',(28.4831094817655,33.7341927799647,-16.52));
#4620=CARTESIAN_POINT('',(17.399053815642,14.5360452123172,-16.52));
#4621=CARTESIAN_POINT('',(40.0474303302871,27.0575290250755,-16.52));
#4622=CARTESIAN_POINT('',(24.7592002454924,35.8841927799647,-16.52));
#4623=CARTESIAN_POINT('',(43.4562226644938,21.1533275097782,-16.52));
#4624=CARTESIAN_POINT('',(40.8460385753525,25.6742989692788,-16.52));
#4625=CARTESIAN_POINT('',(43.4562226644937,-21.1533275097783,-16.52));
#4626=CARTESIAN_POINT('',(43.4562226644938,10.6838434318616,-16.52));
#4627=CARTESIAN_POINT('',(40.0474303302871,-27.0575290250756,-16.52));
#4628=CARTESIAN_POINT('',(42.6576144194283,-22.5365575655751,-16.52));
#4629=CARTESIAN_POINT('',(3.4087923342067,-48.2108565348538,-16.52));
#4630=CARTESIAN_POINT('',(30.9805911542945,-32.2922710640339,-16.52));
#4631=CARTESIAN_POINT('',(-3.40879233420671,-48.2108565348538,-16.52));
#4632=CARTESIAN_POINT('',(1.81157584407579,-48.2108565348538,-16.52));
#4633=CARTESIAN_POINT('',(-40.0474303302871,-27.0575290250755,-16.52));
#4634=CARTESIAN_POINT('',(-12.4756315101992,-42.9761144958955,-16.52));
#4635=CARTESIAN_POINT('',(-43.4562226644938,-21.1533275097783,-16.52));
#4636=CARTESIAN_POINT('',(-40.8460385753525,-25.6742989692788,-16.52));
#4637=CARTESIAN_POINT('',(-43.4562226644937,21.1533275097783,-16.52));
#4638=CARTESIAN_POINT('',(-43.4562226644938,-10.6838434318616,-16.52));
#4639=CARTESIAN_POINT('',(-40.047430330287,27.0575290250756,-16.52));
#4640=CARTESIAN_POINT('',(-42.6576144194283,22.5365575655751,-16.52));
#4641=CARTESIAN_POINT('',(-28.4831094817655,33.7341927799647,-16.52));
#4642=CARTESIAN_POINT('',(-30.9805911542945,32.2922710640339,-16.52));
#4643=CARTESIAN_POINT('',(-27.6431094817655,32.2792701016069,-16.52));
#4644=CARTESIAN_POINT('',(-17.819053815642,15.2635065514961,-16.52));
#4645=CARTESIAN_POINT('',(-14.1331131827282,40.0792701016069,-16.52));
#4646=CARTESIAN_POINT('',(-23.9192002454924,34.4292701016069,-16.52));
#4647=CARTESIAN_POINT('',(-14.9731131827282,41.5341927799647,-16.52));
#4648=CARTESIAN_POINT('',(-3.88905751660476,22.3360452123172,-16.52));
#4649=CARTESIAN_POINT('',(-3.40879233420664,48.2108565348538,-16.52));
#4650=CARTESIAN_POINT('',(-18.6970224190013,39.3841927799647,-16.52));
#4651=CARTESIAN_POINT('',(-1.81157584407577,48.2108565348538,-16.52));
#4652=CARTESIAN_POINT('Origin',(31.1805911542945,-32.6386812255477,-16.12));
#4653=CARTESIAN_POINT('',(40.6330709763422,-27.6431696711307,-15.72));
#4654=CARTESIAN_POINT('',(40.0474303302871,-27.0575290250756,-16.52));
#4655=CARTESIAN_POINT('',(3.62315168815158,-49.0108565348538,-15.72));
#4656=CARTESIAN_POINT('',(31.3805911542945,-32.9850913870615,-15.72));
#4657=CARTESIAN_POINT('',(3.40879233420669,-48.2108565348538,-16.52));
#4658=CARTESIAN_POINT('Origin',(43.0040245809421,-22.7365575655751,-16.12));
#4659=CARTESIAN_POINT('',(44.2562226644937,-21.3676868637232,-15.72));
#4660=CARTESIAN_POINT('',(43.4562226644937,-21.1533275097783,-16.52));
#4661=CARTESIAN_POINT('',(43.3504347424559,-22.9365575655751,-15.72));
#4662=CARTESIAN_POINT('Origin',(43.8562226644938,10.6838434318616,-16.12));
#4663=CARTESIAN_POINT('',(43.4562226644938,21.1533275097782,-16.52));
#4664=CARTESIAN_POINT('',(44.2562226644938,10.6838434318616,-15.72));
#4665=CARTESIAN_POINT('Origin',(41.1924487368663,25.8742989692788,-16.12));
#4666=CARTESIAN_POINT('',(40.0474303302871,27.0575290250755,-16.52));
#4667=CARTESIAN_POINT('Origin',(-44.0562226644937,0.752292898996217,-13.2));
#4668=CARTESIAN_POINT('',(-44.2562226644937,12.5175322204389,-13.4));
#4669=CARTESIAN_POINT('',(-44.2562226644937,0.752292898996217,-13.4));
#4670=CARTESIAN_POINT('',(-43.8562226644937,12.5175322204389,-13.));
#4671=CARTESIAN_POINT('',(-44.2562226644937,12.5175322204389,-13.4));
#4672=CARTESIAN_POINT('',(-43.8562226644937,21.2605071867508,-13.));
#4673=CARTESIAN_POINT('',(-43.8562226644937,0.752292898996217,-13.));
#4674=CARTESIAN_POINT('',(-43.8562226644937,21.2605071867508,-13.));
#4675=CARTESIAN_POINT('Origin',(28.5366993202517,34.6270131029922,-15.72));
#4676=CARTESIAN_POINT('',(27.990289158738,34.4806029414785,-15.72));
#4677=CARTESIAN_POINT('',(28.4831094817655,33.7341927799647,-16.52));
#4678=CARTESIAN_POINT('Origin',(26.5946463374041,35.517317807744,-13.2));
#4679=CARTESIAN_POINT('',(29.3759298047931,33.6806029414784,-13.));
#4680=CARTESIAN_POINT('',(29.5759298047931,34.0270131029922,-13.4));
#4681=CARTESIAN_POINT('',(40.3402506533146,27.3503493481031,-13.));
#4682=CARTESIAN_POINT('',(26.4946463374041,35.3441127269871,-13.));
#4683=CARTESIAN_POINT('',(40.3402506533146,27.3503493481031,-13.));
#4684=CARTESIAN_POINT('Origin',(29.4759298047931,33.8538080222353,-14.6));
#4685=CARTESIAN_POINT('Origin',(29.3759298047931,33.6806029414785,-14.6));
#4686=CARTESIAN_POINT('Origin',(24.9592002454924,36.2306029414784,-16.12));
#4687=CARTESIAN_POINT('Origin',(-42.7006443588184,23.6620275243047,-13.2));
#4688=CARTESIAN_POINT('',(-40.3402506533146,27.3503493481031,-13.));
#4689=CARTESIAN_POINT('',(-42.5274392780615,23.5620275243047,-13.));
#4690=CARTESIAN_POINT('',(-40.3402506533146,27.3503493481031,-13.));
#4691=CARTESIAN_POINT('Origin',(17.0526436541282,14.7360452123172,-16.12));
#4692=CARTESIAN_POINT('',(27.350289158738,33.3720904246344,-15.72));
#4693=CARTESIAN_POINT('',(16.7062334926145,14.9360452123172,-15.72));
#4694=CARTESIAN_POINT('',(27.6431094817655,32.2792701016068,-16.52));
#4695=CARTESIAN_POINT('Origin',(-27.9902891587379,34.4806029414785,-15.72));
#4696=CARTESIAN_POINT('',(-28.5366993202517,34.6270131029923,-15.72));
#4697=CARTESIAN_POINT('',(-28.4831094817655,33.7341927799647,-16.52));
#4698=CARTESIAN_POINT('Origin',(-39.7548198293179,27.9192880996054,-13.2));
#4699=CARTESIAN_POINT('',(-29.375929804793,33.6806029414785,-13.));
#4700=CARTESIAN_POINT('',(-39.6548198293179,27.7460830188485,-13.));
#4701=CARTESIAN_POINT('',(-29.375929804793,33.6806029414785,-13.));
#4702=CARTESIAN_POINT('Origin',(-29.475929804793,33.8538080222354,-14.6));
#4703=CARTESIAN_POINT('Origin',(-29.375929804793,33.6806029414785,-14.6));
#4704=CARTESIAN_POINT('Origin',(18.0570224190014,38.2756802631206,-16.12));
#4705=CARTESIAN_POINT('',(15.2259335057558,40.3720904246344,-15.72));
#4706=CARTESIAN_POINT('',(14.1331131827282,40.0792701016068,-16.52));
#4707=CARTESIAN_POINT('',(18.2570224190014,38.6220904246344,-15.72));
#4708=CARTESIAN_POINT('Origin',(15.8659335057558,41.4806029414785,-15.72));
#4709=CARTESIAN_POINT('',(15.719523344242,42.0270131029922,-15.72));
#4710=CARTESIAN_POINT('',(15.719523344242,42.0270131029922,-15.72));
#4711=CARTESIAN_POINT('',(15.8659335057558,41.4806029414785,-15.72));
#4712=CARTESIAN_POINT('',(15.8659335057558,41.4806029414785,-15.72));
#4713=CARTESIAN_POINT('',(14.9731131827283,41.5341927799647,-16.52));
#4714=CARTESIAN_POINT('Origin',(12.6756315101993,43.3225246574092,-16.12));
#4715=CARTESIAN_POINT('',(3.62315168815162,49.0108565348538,-15.72));
#4716=CARTESIAN_POINT('',(12.8756315101993,43.668934818923,-15.72));
#4717=CARTESIAN_POINT('',(3.40879233420672,48.2108565348538,-16.52));
#4718=CARTESIAN_POINT('Origin',(-1.81157584407577,48.6108565348538,-16.12));
#4719=CARTESIAN_POINT('',(-3.62315168815154,49.0108565348538,-15.72));
#4720=CARTESIAN_POINT('',(-3.40879233420664,48.2108565348538,-16.52));
#4721=CARTESIAN_POINT('',(-1.81157584407577,49.0108565348538,-15.72));
#4722=CARTESIAN_POINT('Origin',(-15.719523344242,42.0270131029922,-15.72));
#4723=CARTESIAN_POINT('',(-15.8659335057558,41.4806029414785,-15.72));
#4724=CARTESIAN_POINT('',(-15.8659335057558,41.4806029414785,-15.72));
#4725=CARTESIAN_POINT('',(-15.719523344242,42.0270131029922,-15.72));
#4726=CARTESIAN_POINT('',(-15.719523344242,42.0270131029922,-15.72));
#4727=CARTESIAN_POINT('',(-14.9731131827282,41.5341927799647,-16.52));
#4728=CARTESIAN_POINT('Origin',(-9.32103457749707,45.4902422072034,-13.2));
#4729=CARTESIAN_POINT('',(-3.62315168815154,49.0108565348538,-13.4));
#4730=CARTESIAN_POINT('',(-14.6802928597007,42.6270131029923,-13.4));
#4731=CARTESIAN_POINT('',(-9.42103457749707,45.6634472879603,-13.4));
#4732=CARTESIAN_POINT('',(-14.4802928597007,42.2806029414785,-13.));
#4733=CARTESIAN_POINT('',(-14.6802928597007,42.6270131029923,-13.4));
#4734=CARTESIAN_POINT('',(-3.51597201117909,48.6108565348538,-13.));
#4735=CARTESIAN_POINT('',(-9.22103457749707,45.3170371264465,-13.));
#4736=CARTESIAN_POINT('',(-3.51597201117909,48.6108565348538,-13.));
#4737=CARTESIAN_POINT('Origin',(-14.5802928597007,42.4538080222354,-14.6));
#4738=CARTESIAN_POINT('',(-15.719523344242,42.0270131029922,-14.6));
#4739=CARTESIAN_POINT('',(-15.8659335057558,41.4806029414785,-14.6));
#4740=CARTESIAN_POINT('',(-15.719523344242,42.0270131029922,-14.6));
#4741=CARTESIAN_POINT('Origin',(-14.4802928597007,42.2806029414785,-14.6));
#4742=CARTESIAN_POINT('Origin',(-14.6802928597007,42.6270131029923,-14.6));
#4743=CARTESIAN_POINT('Origin',(-15.7927284249989,41.7538080222354,-14.6));
#4744=CARTESIAN_POINT('',(-15.719523344242,42.0270131029922,-14.6));
#4745=CARTESIAN_POINT('',(-15.8659335057558,41.4806029414785,-14.6));
#4746=CARTESIAN_POINT('Origin',(-1.81157584407575,48.8108565348538,-13.2));
#4747=CARTESIAN_POINT('',(3.62315168815162,49.0108565348538,-13.4));
#4748=CARTESIAN_POINT('',(-1.81157584407575,49.0108565348538,-13.4));
#4749=CARTESIAN_POINT('',(3.51597201117917,48.6108565348538,-13.));
#4750=CARTESIAN_POINT('',(-1.81157584407575,48.6108565348538,-13.));
#4751=CARTESIAN_POINT('',(3.51597201117917,48.6108565348538,-13.));
#4752=CARTESIAN_POINT('Origin',(-18.8970224190013,39.7306029414785,-16.12));
#4753=CARTESIAN_POINT('',(-19.0970224190013,40.0770131029923,-15.72));
#4754=CARTESIAN_POINT('Origin',(-4.23546767811853,22.1360452123172,-16.12));
#4755=CARTESIAN_POINT('',(-15.2259335057558,40.3720904246344,-15.72));
#4756=CARTESIAN_POINT('',(-4.5818778396323,21.9360452123172,-15.72));
#4757=CARTESIAN_POINT('',(-14.1331131827282,40.0792701016069,-16.52));
#4758=CARTESIAN_POINT('Origin',(3.09964366869504,49.0821639231341,-13.2));
#4759=CARTESIAN_POINT('',(14.4802928597007,42.2806029414785,-13.));
#4760=CARTESIAN_POINT('',(2.99964366869504,48.9089588423773,-13.));
#4761=CARTESIAN_POINT('',(14.6802928597007,42.6270131029922,-13.4));
#4762=CARTESIAN_POINT('',(14.4802928597007,42.2806029414785,-13.));
#4763=CARTESIAN_POINT('',(3.19964366869504,49.255369003891,-13.4));
#4764=CARTESIAN_POINT('Origin',(14.5802928597007,42.4538080222352,-14.6));
#4765=CARTESIAN_POINT('',(15.8659335057557,41.4806029414782,-14.6));
#4766=CARTESIAN_POINT('Origin',(14.4802928597006,42.2806029414782,-14.6));
#4767=CARTESIAN_POINT('',(15.719523344242,42.0270131029922,-14.6));
#4768=CARTESIAN_POINT('',(15.8659335057557,41.4806029414782,-14.6));
#4769=CARTESIAN_POINT('Origin',(14.6802928597007,42.6270131029922,-14.6));
#4770=CARTESIAN_POINT('Origin',(15.7927284249989,41.7538080222353,-14.6));
#4771=CARTESIAN_POINT('',(15.8659335057558,41.4806029414785,-14.6));
#4772=CARTESIAN_POINT('',(15.719523344242,42.0270131029922,-14.6));
#4773=CARTESIAN_POINT('Origin',(-24.1192002454924,34.7756802631206,-16.12));
#4774=CARTESIAN_POINT('',(-24.3192002454924,35.1220904246344,-15.72));
#4775=CARTESIAN_POINT('',(-27.6431094817655,32.2792701016069,-16.52));
#4776=CARTESIAN_POINT('Origin',(4.65546767811842,22.8635065514963,-16.12));
#4777=CARTESIAN_POINT('',(5.0018778396322,22.6635065514963,-15.72));
#4778=CARTESIAN_POINT('Origin',(-17.4726436541283,15.4635065514961,-16.12));
#4779=CARTESIAN_POINT('Origin',(-31.1805911542945,32.6386812255477,-16.12));
#4780=CARTESIAN_POINT('',(-40.047430330287,27.0575290250756,-16.52));
#4781=CARTESIAN_POINT('Origin',(-43.004024580942,22.7365575655751,-16.12));
#4782=CARTESIAN_POINT('',(-43.4562226644937,21.1533275097783,-16.52));
#4783=CARTESIAN_POINT('Origin',(-44.0562226644938,12.5175322204389,-14.6));
#4784=CARTESIAN_POINT('Origin',(-43.8562226644939,12.5175322204389,-14.6));
#4785=CARTESIAN_POINT('Origin',(-44.2562226644937,12.5175322204389,-14.6));
#4786=CARTESIAN_POINT('Origin',(-43.8562226644937,-10.6838434318616,-16.12));
#4787=CARTESIAN_POINT('',(-44.2562226644938,-21.3676868637232,-15.72));
#4788=CARTESIAN_POINT('',(-44.2562226644937,-10.6838434318616,-15.72));
#4789=CARTESIAN_POINT('',(-43.4562226644938,-21.1533275097783,-16.52));
#4790=CARTESIAN_POINT('Origin',(42.9010999095348,23.3148283258047,-13.2));
#4791=CARTESIAN_POINT('',(43.8562226644938,21.2605071867507,-13.));
#4792=CARTESIAN_POINT('',(42.727894828778,23.2148283258047,-13.));
#4793=CARTESIAN_POINT('',(43.8562226644938,21.2605071867507,-13.));
#4794=CARTESIAN_POINT('Origin',(-41.1924487368663,-25.8742989692788,-16.12));
#4795=CARTESIAN_POINT('',(-40.6330709763422,-27.6431696711306,-15.72));
#4796=CARTESIAN_POINT('',(-41.5388588983801,-26.0742989692788,-15.72));
#4797=CARTESIAN_POINT('',(-40.0474303302871,-27.0575290250755,-16.52));
#4798=CARTESIAN_POINT('Origin',(44.0562226644938,7.13788257389616,-13.2));
#4799=CARTESIAN_POINT('',(44.2562226644937,-21.3676868637232,-13.4));
#4800=CARTESIAN_POINT('',(44.2562226644938,7.13788257389616,-13.4));
#4801=CARTESIAN_POINT('',(43.8562226644937,-21.2605071867508,-13.));
#4802=CARTESIAN_POINT('',(43.8562226644938,7.13788257389616,-13.));
#4803=CARTESIAN_POINT('',(43.8562226644937,-21.2605071867508,-13.));
#4804=CARTESIAN_POINT('Origin',(-12.6756315101992,-43.3225246574092,-16.12));
#4805=CARTESIAN_POINT('',(-3.62315168815161,-49.0108565348538,-15.72));
#4806=CARTESIAN_POINT('',(-12.8756315101992,-43.668934818923,-15.72));
#4807=CARTESIAN_POINT('',(-3.40879233420671,-48.2108565348538,-16.52));
#4808=CARTESIAN_POINT('Origin',(41.6417835697873,-25.4960282090491,-13.2));
#4809=CARTESIAN_POINT('',(40.6330709763422,-27.6431696711307,-13.4));
#4810=CARTESIAN_POINT('',(41.8149886505442,-25.5960282090491,-13.4));
#4811=CARTESIAN_POINT('',(40.3402506533147,-27.3503493481031,-13.));
#4812=CARTESIAN_POINT('',(41.4685784890304,-25.3960282090491,-13.));
#4813=CARTESIAN_POINT('',(40.3402506533147,-27.3503493481031,-13.));
#4814=CARTESIAN_POINT('Origin',(1.81157584407579,-48.6108565348538,-16.12));
#4815=CARTESIAN_POINT('',(1.81157584407579,-49.0108565348538,-15.72));
#4816=CARTESIAN_POINT('Origin',(29.7451450623829,-33.6983765207959,-13.2));
#4817=CARTESIAN_POINT('',(3.62315168815158,-49.0108565348538,-13.4));
#4818=CARTESIAN_POINT('',(29.8451450623829,-33.8715816015528,-13.4));
#4819=CARTESIAN_POINT('',(3.51597201117912,-48.6108565348538,-13.));
#4820=CARTESIAN_POINT('',(29.6451450623829,-33.525171440039,-13.));
#4821=CARTESIAN_POINT('',(3.51597201117912,-48.6108565348538,-13.));
#4822=CARTESIAN_POINT('Origin',(1.81157584407579,-48.8108565348538,-13.2));
#4823=CARTESIAN_POINT('',(-3.62315168815161,-49.0108565348538,-13.4));
#4824=CARTESIAN_POINT('',(1.81157584407579,-49.0108565348538,-13.4));
#4825=CARTESIAN_POINT('',(-3.51597201117916,-48.6108565348538,-13.));
#4826=CARTESIAN_POINT('',(1.81157584407579,-48.6108565348538,-13.));
#4827=CARTESIAN_POINT('',(-3.51597201117917,-48.6108565348538,-13.));
#4828=CARTESIAN_POINT('Origin',(-11.2401854182876,-44.3822199526575,-13.2));
#4829=CARTESIAN_POINT('',(-40.6330709763422,-27.6431696711306,-13.4));
#4830=CARTESIAN_POINT('',(-11.3401854182876,-44.5554250334144,-13.4));
#4831=CARTESIAN_POINT('',(-40.3402506533146,-27.3503493481031,-13.));
#4832=CARTESIAN_POINT('',(-11.1401854182876,-44.2090148719006,-13.));
#4833=CARTESIAN_POINT('',(-40.3402506533146,-27.3503493481031,-13.));
#4834=CARTESIAN_POINT('Origin',(-39.8302077257116,-28.6337696127528,-13.2));
#4835=CARTESIAN_POINT('',(-44.2562226644938,-21.3676868637232,-13.4));
#4836=CARTESIAN_POINT('',(-40.0034128064684,-28.7337696127528,-13.4));
#4837=CARTESIAN_POINT('',(-43.8562226644938,-21.2605071867507,-13.));
#4838=CARTESIAN_POINT('',(-39.6570026449547,-28.5337696127528,-13.));
#4839=CARTESIAN_POINT('',(-43.8562226644938,-21.2605071867507,-13.));
#4840=CARTESIAN_POINT('Origin',(-44.0562226644938,-12.5175322204389,-14.6));
#4841=CARTESIAN_POINT('',(-44.2562226644937,-12.5175322204389,-13.4));
#4842=CARTESIAN_POINT('Origin',(-44.2562226644937,-12.5175322204389,-14.6));
#4843=CARTESIAN_POINT('',(-43.8562226644938,-12.5175322204389,-13.));
#4844=CARTESIAN_POINT('',(-44.2562226644937,-12.5175322204389,-13.4));
#4845=CARTESIAN_POINT('Origin',(-43.8562226644938,-12.5175322204389,-14.6));
#4846=CARTESIAN_POINT('Origin',(-44.0562226644938,-14.229804289827,-13.2));
#4847=CARTESIAN_POINT('',(-43.8562226644938,-14.229804289827,-13.));
#4848=CARTESIAN_POINT('',(-44.2562226644937,-14.229804289827,-13.4));
#4849=CARTESIAN_POINT('Origin',(-16.0659335057558,41.8270131029923,-14.6));
#4850=CARTESIAN_POINT('',(-3.62315168815154,49.0108565348538,-14.6));
#4851=CARTESIAN_POINT('Origin',(-3.62315168815154,49.0108565348538,-14.6));
#4852=CARTESIAN_POINT('',(3.62315168815162,49.0108565348538,-14.6));
#4853=CARTESIAN_POINT('Origin',(44.2562226644938,21.3676868637231,-14.6));
#4854=CARTESIAN_POINT('',(44.2562226644937,-21.3676868637232,-14.6));
#4855=CARTESIAN_POINT('Origin',(44.2562226644937,-21.3676868637232,-14.6));
#4856=CARTESIAN_POINT('',(40.6330709763422,-27.6431696711307,-14.6));
#4857=CARTESIAN_POINT('Origin',(40.6330709763422,-27.6431696711307,-14.6));
#4858=CARTESIAN_POINT('',(3.62315168815158,-49.0108565348538,-14.6));
#4859=CARTESIAN_POINT('Origin',(3.62315168815158,-49.0108565348538,-14.6));
#4860=CARTESIAN_POINT('',(-3.62315168815161,-49.0108565348538,-14.6));
#4861=CARTESIAN_POINT('Origin',(-3.62315168815161,-49.0108565348538,-14.6));
#4862=CARTESIAN_POINT('',(-40.6330709763422,-27.6431696711306,-14.6));
#4863=CARTESIAN_POINT('Origin',(-40.6330709763422,-27.6431696711306,-14.6));
#4864=CARTESIAN_POINT('',(-44.2562226644938,-21.3676868637232,-14.6));
#4865=CARTESIAN_POINT('Origin',(-44.2562226644938,-21.3676868637232,-14.6));
#4866=CARTESIAN_POINT('Origin',(-40.0297392880548,12.5175322204389,-14.6));
#4867=CARTESIAN_POINT('',(-42.5762226644937,12.5175322204389,-13.));
#4868=CARTESIAN_POINT('Origin',(-42.5762226644937,12.5175322204389,-14.6));
#4869=CARTESIAN_POINT('',(-40.0297392880548,12.5175322204389,-13.));
#4870=CARTESIAN_POINT('Origin',(-35.8032559116158,22.8722726617156,-13.));
#4871=CARTESIAN_POINT('',(-42.5762226644937,20.9175322204389,-13.));
#4872=CARTESIAN_POINT('',(-42.5762226644937,20.9175322204389,-13.));
#4873=CARTESIAN_POINT('',(-39.4032256196264,26.413324314415,-13.));
#4874=CARTESIAN_POINT('',(-39.4032256196264,26.413324314415,-13.));
#4875=CARTESIAN_POINT('',(-28.735929804793,32.5720904246344,-13.));
#4876=CARTESIAN_POINT('',(-3.17299704486726,47.3308565348538,-13.));
#4877=CARTESIAN_POINT('',(-27.9392734194541,31.1922410890532,-13.));
#4878=CARTESIAN_POINT('Origin',(-42.5762226644937,10.9175322204389,-14.6));
#4879=CARTESIAN_POINT('',(-42.5762226644937,20.9175322204389,-14.6));
#4880=CARTESIAN_POINT('Origin',(-21.2881113322469,-12.5175322204388,-14.6));
#4881=CARTESIAN_POINT('',(-42.5762226644937,-12.5175322204389,-13.));
#4882=CARTESIAN_POINT('',(-21.2881113322469,-12.5175322204388,-13.));
#4883=CARTESIAN_POINT('Origin',(-42.5762226644938,-12.5175322204389,-14.6));
#4884=CARTESIAN_POINT('Origin',(8.88178419700125E-15,-7.09192171593079,
-13.));
#4885=CARTESIAN_POINT('',(28.7359298047931,32.5720904246344,-13.));
#4886=CARTESIAN_POINT('',(16.5564280467579,11.4765745688432,-13.));
#4887=CARTESIAN_POINT('',(39.4032256196265,26.4133243144149,-13.));
#4888=CARTESIAN_POINT('',(39.4032256196265,26.4133243144149,-13.));
#4889=CARTESIAN_POINT('',(42.5762226644938,20.9175322204388,-13.));
#4890=CARTESIAN_POINT('',(42.5762226644938,20.9175322204388,-13.));
#4891=CARTESIAN_POINT('',(42.5762226644938,-20.9175322204389,-13.));
#4892=CARTESIAN_POINT('',(42.5762226644937,-20.9175322204389,-13.));
#4893=CARTESIAN_POINT('',(39.4032256196265,-26.4133243144149,-13.));
#4894=CARTESIAN_POINT('',(39.4032256196265,-26.4133243144149,-13.));
#4895=CARTESIAN_POINT('',(3.17299704486726,-47.3308565348538,-13.));
#4896=CARTESIAN_POINT('',(3.17299704486726,-47.3308565348538,-13.));
#4897=CARTESIAN_POINT('',(-3.17299704486731,-47.3308565348538,-13.));
#4898=CARTESIAN_POINT('',(-3.17299704486731,-47.3308565348538,-13.));
#4899=CARTESIAN_POINT('',(-39.4032256196265,-26.4133243144149,-13.));
#4900=CARTESIAN_POINT('',(-39.4032256196265,-26.4133243144149,-13.));
#4901=CARTESIAN_POINT('',(-42.5762226644938,-20.9175322204389,-13.));
#4902=CARTESIAN_POINT('',(-42.5762226644938,-20.9175322204389,-13.));
#4903=CARTESIAN_POINT('',(-42.5762226644937,20.9175322204389,-13.));
#4904=CARTESIAN_POINT('Origin',(-27.9392734194541,31.1922410890532,-14.6));
#4905=CARTESIAN_POINT('Origin',(-28.735929804793,32.5720904246344,-14.6));
#4906=CARTESIAN_POINT('Origin',(-39.4032256196264,26.413324314415,-14.6));
#4907=CARTESIAN_POINT('',(-39.4032256196264,26.413324314415,-14.6));
#4908=CARTESIAN_POINT('Origin',(-12.8722250350814,39.4953477672212,-14.6));
#4909=CARTESIAN_POINT('',(-14.2578656811365,38.6953477672212,-14.6));
#4910=CARTESIAN_POINT('',(-13.8402928597007,41.1720904246344,-13.));
#4911=CARTESIAN_POINT('Origin',(-13.8402928597007,41.1720904246344,-14.6));
#4912=CARTESIAN_POINT('',(-12.8722250350814,39.4953477672212,-13.));
#4913=CARTESIAN_POINT('Origin',(3.33066907387547E-14,44.6914734797441,-13.));
#4914=CARTESIAN_POINT('',(-3.17299704486726,47.3308565348538,-13.));
#4915=CARTESIAN_POINT('',(-3.17299704486726,47.3308565348538,-13.));
#4916=CARTESIAN_POINT('',(3.17299704486733,47.3308565348538,-13.));
#4917=CARTESIAN_POINT('',(3.17299704486733,47.3308565348538,-13.));
#4918=CARTESIAN_POINT('',(13.8402928597007,41.1720904246344,-13.));
#4919=CARTESIAN_POINT('',(39.4032256196265,26.4133243144149,-13.));
#4920=CARTESIAN_POINT('',(13.2922250350815,40.2228091064001,-13.));
#4921=CARTESIAN_POINT('Origin',(-15.2259335057558,40.3720904246344,-14.6));
#4922=CARTESIAN_POINT('',(-3.17299704486726,47.3308565348538,-14.6));
#4923=CARTESIAN_POINT('Origin',(13.2922250350815,40.2228091064001,-14.6));
#4924=CARTESIAN_POINT('Origin',(13.8402928597006,41.1720904246343,-14.6));
#4925=CARTESIAN_POINT('',(14.6778656811365,39.4228091064001,-14.6));
#4926=CARTESIAN_POINT('Origin',(16.0659335057558,41.8270131029922,-14.6));
#4927=CARTESIAN_POINT('',(15.2259335057558,40.3720904246344,-14.6));
#4928=CARTESIAN_POINT('Origin',(3.17299704486733,47.3308565348538,-14.6));
#4929=CARTESIAN_POINT('',(3.17299704486733,47.3308565348538,-14.6));
#4930=CARTESIAN_POINT('Origin',(16.5564280467579,11.4765745688432,-14.6));
#4931=CARTESIAN_POINT('',(15.1707874007028,12.2765745688432,-14.6));
#4932=CARTESIAN_POINT('Origin',(28.7359298047931,32.5720904246344,-14.6));
#4933=CARTESIAN_POINT('Origin',(27.350289158738,33.3720904246344,-14.6));
#4934=CARTESIAN_POINT('',(39.4032256196265,26.4133243144149,-14.6));
#4935=CARTESIAN_POINT('Origin',(-3.17299704486726,47.3308565348538,-14.6));
#4936=CARTESIAN_POINT('Origin',(-42.5762226644937,20.9175322204389,-14.6));
#4937=CARTESIAN_POINT('Origin',(-3.17299704486731,-47.3308565348538,-14.6));
#4938=CARTESIAN_POINT('',(-39.4032256196265,-26.4133243144149,-14.6));
#4939=CARTESIAN_POINT('',(-3.17299704486731,-47.3308565348538,-14.6));
#4940=CARTESIAN_POINT('Origin',(3.17299704486726,-47.3308565348538,-14.6));
#4941=CARTESIAN_POINT('',(3.17299704486726,-47.3308565348538,-14.6));
#4942=CARTESIAN_POINT('Origin',(39.4032256196265,-26.4133243144149,-14.6));
#4943=CARTESIAN_POINT('',(39.4032256196265,-26.4133243144149,-14.6));
#4944=CARTESIAN_POINT('Origin',(42.5762226644937,-20.9175322204389,-14.6));
#4945=CARTESIAN_POINT('',(42.5762226644937,-20.9175322204389,-14.6));
#4946=CARTESIAN_POINT('Origin',(42.5762226644938,20.9175322204388,-14.6));
#4947=CARTESIAN_POINT('',(42.5762226644938,20.9175322204388,-14.6));
#4948=CARTESIAN_POINT('Origin',(39.4032256196265,26.4133243144149,-14.6));
#4949=CARTESIAN_POINT('Origin',(-42.5762226644938,-20.9175322204389,-14.6));
#4950=CARTESIAN_POINT('',(-42.5762226644938,-20.9175322204389,-14.6));
#4951=CARTESIAN_POINT('Origin',(-39.4032256196265,-26.4133243144149,-14.6));
#4952=CARTESIAN_POINT('Origin',(38.9762226644938,-19.9529151276869,-14.6));
#4953=CARTESIAN_POINT('',(38.9762226644938,-19.9529151276869,-14.6));
#4954=CARTESIAN_POINT('Origin',(36.7678427123785,-23.777941407167,-14.6));
#4955=CARTESIAN_POINT('',(36.7678427123785,-23.777941407167,-14.6));
#4956=CARTESIAN_POINT('Origin',(7.36375567926565,-40.7543989710098,-14.6));
#4957=CARTESIAN_POINT('',(7.36375567926827,-40.7543989710144,-14.6));
#4958=CARTESIAN_POINT('Origin',(3.17542660671438,-33.5000002186091,-14.6));
#4959=CARTESIAN_POINT('',(3.17542660674654,-33.5000002185905,-14.6));
#4960=CARTESIAN_POINT('Origin',(-3.1754263543348,-33.5000002185989,-14.6));
#4961=CARTESIAN_POINT('',(-3.1754263543348,-33.5000002185989,-14.6));
#4962=CARTESIAN_POINT('Origin',(-7.36375548995239,-40.7543990803099,-14.6));
#4963=CARTESIAN_POINT('Origin',(-27.3502891587379,33.3720904246344,-14.6));
#4964=CARTESIAN_POINT('',(-15.2259335057558,40.3720904246344,-14.6));
#4965=CARTESIAN_POINT('Origin',(27.350289158738,33.3720904246344,-14.6));
#4966=CARTESIAN_POINT('',(27.350289158738,33.3720904246344,-14.6));
#4967=CARTESIAN_POINT('Origin',(15.2259335057558,40.3720904246344,-14.6));
#4968=CARTESIAN_POINT('Origin',(3.62315168815162,49.0108565348538,-14.6));
#4969=CARTESIAN_POINT('Origin',(-15.2259335057558,40.3720904246344,-14.6));
#4970=CARTESIAN_POINT('',(0.,0.,0.));
#4971=UNCERTAINTY_MEASURE_WITH_UNIT(LENGTH_MEASURE(0.01),#4977,
'DISTANCE_ACCURACY_VALUE',
'Maximum model space distance between geometric entities at asserted c
onnectivities');
#4972=UNCERTAINTY_MEASURE_WITH_UNIT(LENGTH_MEASURE(0.01),#4977,
'DISTANCE_ACCURACY_VALUE',
'Maximum model space distance between geometric entities at asserted c
onnectivities');
#4973=UNCERTAINTY_MEASURE_WITH_UNIT(LENGTH_MEASURE(0.01),#4977,
'DISTANCE_ACCURACY_VALUE',
'Maximum model space distance between geometric entities at asserted c
onnectivities');
#4974=(
GEOMETRIC_REPRESENTATION_CONTEXT(3)
GLOBAL_UNCERTAINTY_ASSIGNED_CONTEXT((#4971))
GLOBAL_UNIT_ASSIGNED_CONTEXT((#4977,#4979,#4980))
REPRESENTATION_CONTEXT('','3D')
);
#4975=(
GEOMETRIC_REPRESENTATION_CONTEXT(3)
GLOBAL_UNCERTAINTY_ASSIGNED_CONTEXT((#4972))
GLOBAL_UNIT_ASSIGNED_CONTEXT((#4977,#4979,#4980))
REPRESENTATION_CONTEXT('','3D')
);
#4976=(
GEOMETRIC_REPRESENTATION_CONTEXT(3)
GLOBAL_UNCERTAINTY_ASSIGNED_CONTEXT((#4973))
GLOBAL_UNIT_ASSIGNED_CONTEXT((#4977,#4979,#4980))
REPRESENTATION_CONTEXT('','3D')
);
#4977=(
LENGTH_UNIT()
NAMED_UNIT(*)
SI_UNIT(.MILLI.,.METRE.)
);
#4978=(
LENGTH_UNIT()
NAMED_UNIT(*)
SI_UNIT($,.METRE.)
);
#4979=(
NAMED_UNIT(*)
PLANE_ANGLE_UNIT()
SI_UNIT($,.RADIAN.)
);
#4980=(
NAMED_UNIT(*)
SI_UNIT($,.STERADIAN.)
SOLID_ANGLE_UNIT()
);
#4981=SHAPE_DEFINITION_REPRESENTATION(#4983,#4986);
#4982=SHAPE_DEFINITION_REPRESENTATION(#4984,#4987);
#4983=PRODUCT_DEFINITION_SHAPE('',$,#4989);
#4984=PRODUCT_DEFINITION_SHAPE('',$,#4990);
#4985=PRODUCT_DEFINITION_SHAPE($,$,#14);
#4986=SHAPE_REPRESENTATION('',(#3060,#3288),#4974);
#4987=SHAPE_REPRESENTATION('',(#3061),#4975);
#4988=PRODUCT_DEFINITION_CONTEXT('part definition',#4996,'design');
#4989=PRODUCT_DEFINITION('SMTSO','Frame Case - Tildagon 2026 v14',#4991,
#4988);
#4990=PRODUCT_DEFINITION('Case Bottom','Case Bottom',#4992,#4988);
#4991=PRODUCT_DEFINITION_FORMATION('',$,#4998);
#4992=PRODUCT_DEFINITION_FORMATION('',$,#4999);
#4993=PRODUCT_RELATED_PRODUCT_CATEGORY('Frame Case - Tildagon 2026 v14',
'Frame Case - Tildagon 2026 v14',(#4998));
#4994=PRODUCT_RELATED_PRODUCT_CATEGORY('Case Bottom','Case Bottom',(#4999));
#4995=APPLICATION_PROTOCOL_DEFINITION('international standard',
'automotive_design',2009,#4996);
#4996=APPLICATION_CONTEXT(
'Core Data for Automotive Mechanical Design Process');
#4997=PRODUCT_CONTEXT('part definition',#4996,'mechanical');
#4998=PRODUCT('SMTSO','Frame Case - Tildagon 2026 v14','FreeCAD Model',
(#4997));
#4999=PRODUCT('Case Bottom','Case Bottom',$,(#4997));
#5000=PRESENTATION_STYLE_ASSIGNMENT((#5002));
#5001=PRESENTATION_STYLE_ASSIGNMENT((#5003));
#5002=SURFACE_STYLE_USAGE(.BOTH.,#5004);
#5003=SURFACE_STYLE_USAGE(.BOTH.,#5005);
#5004=SURFACE_SIDE_STYLE('',(#5006));
#5005=SURFACE_SIDE_STYLE('',(#5007));
#5006=SURFACE_STYLE_FILL_AREA(#5008);
#5007=SURFACE_STYLE_FILL_AREA(#5009);
#5008=FILL_AREA_STYLE('Steel - Satin',(#5010));
#5009=FILL_AREA_STYLE('Opaque(18,119,189)',(#5011));
#5010=FILL_AREA_STYLE_COLOUR('Steel - Satin',#5012);
#5011=FILL_AREA_STYLE_COLOUR('Opaque(18,119,189)',#5013);
#5012=COLOUR_RGB('Steel - Satin',0.627450980392157,0.627450980392157,0.627450980392157);
#5013=COLOUR_RGB('Opaque(18,119,189)',0.0705882352941176,0.466666666666667,
0.741176470588235);
ENDSEC;
END-ISO-10303-21;
