ISO-10303-21;
HEADER;
/* Generated by software containing ST-Developer
 * from STEP Tools, Inc. (www.steptools.com) 
 */

FILE_DESCRIPTION(
/* description */ ('FreeCAD Model'),
/* implementation_level */ '2;1');

FILE_NAME(
/* name */ 'frame-case-v14.step',
/* time_stamp */ '2026-07-23T15:29:19+01:00',
/* author */ (''),
/* organization */ (''),
/* preprocessor_version */ 'ST-DEVELOPER v20.1',
/* originating_system */ 'Autodesk Translation Framework v15.8.0.0',
/* authorisation */ '');

FILE_SCHEMA (('AUTOMOTIVE_DESIGN { 1 0 10303 214 3 1 1 }'));
ENDSEC;

DATA;
#10=MECHANICAL_DESIGN_GEOMETRIC_PRESENTATION_REPRESENTATION('',(#17),#7713);
#11=ITEM_DEFINED_TRANSFORMATION($,$,#4446,#4836);
#12=(
REPRESENTATION_RELATIONSHIP($,$,#7724,#7723)
REPRESENTATION_RELATIONSHIP_WITH_TRANSFORMATION(#11)
SHAPE_REPRESENTATION_RELATIONSHIP()
);
#13=CONTEXT_DEPENDENT_SHAPE_REPRESENTATION(#12,#7722);
#14=NEXT_ASSEMBLY_USAGE_OCCURRENCE('Frame Case:1','Frame Case:1',
'Frame Case:1',#7726,#7727,'Frame Case:1');
#15=SHAPE_REPRESENTATION_RELATIONSHIP('SRR','None',#7724,#16);
#16=ADVANCED_BREP_SHAPE_REPRESENTATION('',(#18),#7712);
#17=STYLED_ITEM('',(#7738),#18);
#18=MANIFOLD_SOLID_BREP('Body1',#4432);
#19=B_SPLINE_SURFACE_WITH_KNOTS('',3,3,((#7364,#7365,#7366,#7367,#7368,
#7369),(#7370,#7371,#7372,#7373,#7374,#7375),(#7376,#7377,#7378,#7379,#7380,
#7381),(#7382,#7383,#7384,#7385,#7386,#7387)),.UNSPECIFIED.,.F.,.F.,.F.,
(4,4),(4,2,4),(0.,1.),(-0.168067581523257,-0.0840337892111764,0.),
 .UNSPECIFIED.);
#20=B_SPLINE_SURFACE_WITH_KNOTS('',3,3,((#7409,#7410,#7411,#7412,#7413,
#7414),(#7415,#7416,#7417,#7418,#7419,#7420),(#7421,#7422,#7423,#7424,#7425,
#7426),(#7427,#7428,#7429,#7430,#7431,#7432)),.UNSPECIFIED.,.F.,.F.,.F.,
(4,4),(4,2,4),(0.,1.),(-0.168062875558189,-0.0840313986702165,8.74340678456663E-15),
 .UNSPECIFIED.);
#21=B_SPLINE_SURFACE_WITH_KNOTS('',3,3,((#7450,#7451,#7452,#7453,#7454,
#7455,#7456,#7457,#7458,#7459),(#7460,#7461,#7462,#7463,#7464,#7465,#7466,
#7467,#7468,#7469),(#7470,#7471,#7472,#7473,#7474,#7475,#7476,#7477,#7478,
#7479),(#7480,#7481,#7482,#7483,#7484,#7485,#7486,#7487,#7488,#7489)),
 .UNSPECIFIED.,.F.,.F.,.F.,(4,4),(4,2,2,2,4),(-1.59748898408094E-15,1.00000000000053),
(-0.168479812272071,-0.168057859105705,-0.0840289308028519,0.,0.000504917277210215),
 .UNSPECIFIED.);
#22=B_SPLINE_SURFACE_WITH_KNOTS('',3,3,((#7514,#7515,#7516,#7517,#7518,
#7519,#7520,#7521,#7522,#7523),(#7524,#7525,#7526,#7527,#7528,#7529,#7530,
#7531,#7532,#7533),(#7534,#7535,#7536,#7537,#7538,#7539,#7540,#7541,#7542,
#7543),(#7544,#7545,#7546,#7547,#7548,#7549,#7550,#7551,#7552,#7553)),
 .UNSPECIFIED.,.F.,.F.,.F.,(4,4),(4,2,2,2,4),(-1.7531746806395E-15,1.),
(-0.169525318887129,-0.168062404349307,-0.0840311623594043,0.,0.00146887877352397),
 .UNSPECIFIED.);
#23=B_SPLINE_SURFACE_WITH_KNOTS('',3,3,((#7570,#7571,#7572,#7573,#7574,
#7575),(#7576,#7577,#7578,#7579,#7580,#7581),(#7582,#7583,#7584,#7585,#7586,
#7587),(#7588,#7589,#7590,#7591,#7592,#7593)),.UNSPECIFIED.,.F.,.F.,.F.,
(4,4),(4,2,4),(0.,1.),(-0.168096138487349,-0.0840481078644497,-3.20942040554293E-17),
 .UNSPECIFIED.);
#24=B_SPLINE_SURFACE_WITH_KNOTS('',3,3,((#7609,#7610,#7611,#7612,#7613,
#7614),(#7615,#7616,#7617,#7618,#7619,#7620),(#7621,#7622,#7623,#7624,#7625,
#7626),(#7627,#7628,#7629,#7630,#7631,#7632)),.UNSPECIFIED.,.F.,.F.,.F.,
(4,4),(4,2,4),(0.,1.),(-0.168059293865214,-0.0840296071377151,5.19584375524573E-14),
 .UNSPECIFIED.);
#25=FACE_BOUND('',#430,.T.);
#26=FACE_BOUND('',#431,.T.);
#27=FACE_BOUND('',#432,.T.);
#28=FACE_BOUND('',#433,.T.);
#29=FACE_BOUND('',#434,.T.);
#30=FACE_BOUND('',#435,.T.);
#31=FACE_BOUND('',#436,.T.);
#32=FACE_BOUND('',#437,.T.);
#33=FACE_BOUND('',#438,.T.);
#34=FACE_BOUND('',#439,.T.);
#35=FACE_BOUND('',#440,.T.);
#36=FACE_BOUND('',#441,.T.);
#37=FACE_BOUND('',#442,.T.);
#38=FACE_BOUND('',#443,.T.);
#39=FACE_BOUND('',#444,.T.);
#40=FACE_BOUND('',#445,.T.);
#41=FACE_BOUND('',#569,.T.);
#42=FACE_BOUND('',#596,.T.);
#43=B_SPLINE_CURVE_WITH_KNOTS('',3,(#6198,#6199,#6200,#6201,#6202,#6203),
 .UNSPECIFIED.,.F.,.F.,(4,2,4),(0.,0.127338018014783,0.254678407507723),
 .UNSPECIFIED.);
#44=B_SPLINE_CURVE_WITH_KNOTS('',3,(#6235,#6236,#6237,#6238,#6239,#6240),
 .UNSPECIFIED.,.F.,.F.,(4,2,4),(0.,0.127301221521271,0.22833455692837),
 .UNSPECIFIED.);
#45=B_SPLINE_CURVE_WITH_KNOTS('',3,(#6704,#6705,#6706,#6707,#6708,#6709),
 .UNSPECIFIED.,.F.,.F.,(4,2,4),(0.,0.127247825943658,0.254501657564616),
 .UNSPECIFIED.);
#46=B_SPLINE_CURVE_WITH_KNOTS('',3,(#6742,#6743,#6744,#6745,#6746,#6747),
 .UNSPECIFIED.,.F.,.F.,(4,2,4),(0.,0.12729645460359,0.254591528837617),
 .UNSPECIFIED.);
#47=B_SPLINE_CURVE_WITH_KNOTS('',3,(#6810,#6811,#6812,#6813,#6814,#6815),
 .UNSPECIFIED.,.F.,.F.,(4,2,4),(0.0154949453740641,0.127296130375621,0.25459953092624),
 .UNSPECIFIED.);
#48=B_SPLINE_CURVE_WITH_KNOTS('',3,(#6934,#6935,#6936,#6937,#6938,#6939),
 .UNSPECIFIED.,.F.,.F.,(4,2,4),(0.,0.127243940691425,0.254495060913212),
 .UNSPECIFIED.);
#49=B_SPLINE_CURVE_WITH_KNOTS('',3,(#6978,#6979,#6980,#6981,#6982,#6983,
#6984),.UNSPECIFIED.,.F.,.F.,(4,3,4),(-0.448572931947362,-0.436739784428655,
-0.421976334873491),.UNSPECIFIED.);
#50=B_SPLINE_CURVE_WITH_KNOTS('',3,(#6988,#6989,#6990,#6991,#6992,#6993),
 .UNSPECIFIED.,.F.,.F.,(4,2,4),(0.0263960213639023,0.127248222052777,0.254502422060128),
 .UNSPECIFIED.);
#51=B_SPLINE_CURVE_WITH_KNOTS('',3,(#6996,#6997,#6998,#6999,#7000,#7001,
#7002,#7003,#7004,#7005),.UNSPECIFIED.,.F.,.F.,(4,3,3,4),(-0.0205643861070427,
-0.00848737628276865,0.,0.00596176092237366),.UNSPECIFIED.);
#52=B_SPLINE_CURVE_WITH_KNOTS('',3,(#7044,#7045,#7046,#7047,#7048,#7049,
#7050),.UNSPECIFIED.,.F.,.F.,(4,3,4),(-0.453544485436545,-0.443803079420189,
-0.438064282607688),.UNSPECIFIED.);
#53=B_SPLINE_CURVE_WITH_KNOTS('',3,(#7068,#7069,#7070,#7071,#7072,#7073,
#7074),.UNSPECIFIED.,.F.,.F.,(4,3,4),(-0.480233097597159,-0.473955273881381,
-0.465884745800412),.UNSPECIFIED.);
#54=B_SPLINE_CURVE_WITH_KNOTS('',3,(#7093,#7094,#7095,#7096,#7097,#7098),
 .UNSPECIFIED.,.F.,.F.,(4,2,4),(0.,0.127251135096035,0.254508032719857),
 .UNSPECIFIED.);
#55=B_SPLINE_CURVE_WITH_KNOTS('',3,(#7284,#7285,#7286,#7287,#7288,#7289),
 .UNSPECIFIED.,.F.,.F.,(4,2,4),(0.00460791277601902,0.0840313986702165,
0.159403833331239),.UNSPECIFIED.);
#56=B_SPLINE_CURVE_WITH_KNOTS('',3,(#7295,#7296,#7297,#7298,#7299,#7300),
 .UNSPECIFIED.,.F.,.F.,(4,2,4),(0.00492275055034552,0.0840296071377151,
0.159715242434882),.UNSPECIFIED.);
#57=B_SPLINE_CURVE_WITH_KNOTS('',3,(#7308,#7309,#7310,#7311,#7312,#7313),
 .UNSPECIFIED.,.F.,.F.,(4,2,4),(0.00820029672114692,0.0840289308028519,
0.162991347654854),.UNSPECIFIED.);
#58=B_SPLINE_CURVE_WITH_KNOTS('',3,(#7317,#7318,#7319,#7320,#7321,#7322),
 .UNSPECIFIED.,.F.,.F.,(4,2,4),(0.00276334989229321,0.0840481078644497,
0.157584574412919),.UNSPECIFIED.);
#59=B_SPLINE_CURVE_WITH_KNOTS('',3,(#7334,#7335,#7336,#7337,#7338,#7339),
 .UNSPECIFIED.,.F.,.F.,(4,2,4),(0.00425900390804989,0.0840337892111764,
0.159057643599025),.UNSPECIFIED.);
#60=B_SPLINE_CURVE_WITH_KNOTS('',3,(#7346,#7347,#7348,#7349,#7350,#7351),
 .UNSPECIFIED.,.F.,.F.,(4,2,4),(0.00464721941502089,0.0840311623594043,
0.159442139488863),.UNSPECIFIED.);
#61=B_SPLINE_CURVE_WITH_KNOTS('',3,(#7389,#7390,#7391,#7392,#7393,#7394),
 .UNSPECIFIED.,.F.,.F.,(4,2,4),(0.,0.127306600006947,0.25461609051618),
 .UNSPECIFIED.);
#62=B_SPLINE_CURVE_WITH_KNOTS('',3,(#7395,#7396,#7397,#7398,#7399,#7400),
 .UNSPECIFIED.,.F.,.F.,(4,2,4),(0.,0.0840337892111764,0.168067581523256),
 .UNSPECIFIED.);
#63=B_SPLINE_CURVE_WITH_KNOTS('',3,(#7434,#7435,#7436,#7437,#7438,#7439),
 .UNSPECIFIED.,.F.,.F.,(4,2,4),(0.,0.127301909588538,0.254602927120671),
 .UNSPECIFIED.);
#64=B_SPLINE_CURVE_WITH_KNOTS('',3,(#7440,#7441,#7442,#7443,#7444,#7445),
 .UNSPECIFIED.,.F.,.F.,(4,2,4),(0.,0.0840313986702165,0.168062875558188),
 .UNSPECIFIED.);
#65=B_SPLINE_CURVE_WITH_KNOTS('',3,(#7490,#7491,#7492,#7493,#7494,#7495),
 .UNSPECIFIED.,.F.,.F.,(4,2,4),(0.,0.127250975322062,0.24030657902503),
 .UNSPECIFIED.);
#66=B_SPLINE_CURVE_WITH_KNOTS('',3,(#7497,#7498,#7499,#7500),
 .UNSPECIFIED.,.F.,.F.,(4,4),(-0.289530705149389,-0.289107378216746),
 .UNSPECIFIED.);
#67=B_SPLINE_CURVE_WITH_KNOTS('',3,(#7502,#7503,#7504,#7505,#7506,#7507),
 .UNSPECIFIED.,.F.,.F.,(4,2,4),(0.,0.0840289308028519,0.168057859105705),
 .UNSPECIFIED.);
#68=B_SPLINE_CURVE_WITH_KNOTS('',3,(#7508,#7509,#7510,#7511),
 .UNSPECIFIED.,.F.,.F.,(4,4),(-0.403648395413108,-0.403141790712593),
 .UNSPECIFIED.);
#69=B_SPLINE_CURVE_WITH_KNOTS('',3,(#7555,#7556,#7557,#7558),
 .UNSPECIFIED.,.F.,.F.,(4,4),(-0.401804430121669,-0.400340386313957),
 .UNSPECIFIED.);
#70=B_SPLINE_CURVE_WITH_KNOTS('',3,(#7560,#7561,#7562,#7563,#7564,#7565),
 .UNSPECIFIED.,.F.,.F.,(4,2,4),(0.,0.0840311623594043,0.168062404349307),
 .UNSPECIFIED.);
#71=B_SPLINE_CURVE_WITH_KNOTS('',3,(#7566,#7567,#7568,#7569),
 .UNSPECIFIED.,.F.,.F.,(4,4),(-0.539464368655657,-0.537994703945304),
 .UNSPECIFIED.);
#72=B_SPLINE_CURVE_WITH_KNOTS('',3,(#7595,#7596,#7597,#7598,#7599,#7600),
 .UNSPECIFIED.,.F.,.F.,(4,2,4),(0.,0.127232798385798,0.254472715764345),
 .UNSPECIFIED.);
#73=B_SPLINE_CURVE_WITH_KNOTS('',3,(#7601,#7602,#7603,#7604,#7605,#7606),
 .UNSPECIFIED.,.F.,.F.,(4,2,4),(0.,0.0840481078644497,0.168096138487301),
 .UNSPECIFIED.);
#74=B_SPLINE_CURVE_WITH_KNOTS('',3,(#7633,#7634,#7635,#7636,#7637,#7638),
 .UNSPECIFIED.,.F.,.F.,(4,2,4),(0.,0.0840296071377151,0.168059293865214),
 .UNSPECIFIED.);
#75=PLANE('',#4450);
#76=PLANE('',#4454);
#77=PLANE('',#4458);
#78=PLANE('',#4465);
#79=PLANE('',#4469);
#80=PLANE('',#4473);
#81=PLANE('',#4477);
#82=PLANE('',#4481);
#83=PLANE('',#4488);
#84=PLANE('',#4492);
#85=PLANE('',#4499);
#86=PLANE('',#4576);
#87=PLANE('',#4586);
#88=PLANE('',#4591);
#89=PLANE('',#4596);
#90=PLANE('',#4601);
#91=PLANE('',#4604);
#92=PLANE('',#4606);
#93=PLANE('',#4611);
#94=PLANE('',#4614);
#95=PLANE('',#4619);
#96=PLANE('',#4628);
#97=PLANE('',#4631);
#98=PLANE('',#4634);
#99=PLANE('',#4637);
#100=PLANE('',#4642);
#101=PLANE('',#4645);
#102=PLANE('',#4648);
#103=PLANE('',#4653);
#104=PLANE('',#4664);
#105=PLANE('',#4667);
#106=PLANE('',#4670);
#107=PLANE('',#4687);
#108=PLANE('',#4702);
#109=PLANE('',#4719);
#110=PLANE('',#4738);
#111=PLANE('',#4739);
#112=PLANE('',#4740);
#113=PLANE('',#4741);
#114=PLANE('',#4742);
#115=PLANE('',#4743);
#116=PLANE('',#4744);
#117=PLANE('',#4745);
#118=PLANE('',#4746);
#119=PLANE('',#4747);
#120=PLANE('',#4748);
#121=PLANE('',#4749);
#122=PLANE('',#4750);
#123=PLANE('',#4751);
#124=PLANE('',#4752);
#125=PLANE('',#4753);
#126=PLANE('',#4754);
#127=PLANE('',#4755);
#128=PLANE('',#4756);
#129=PLANE('',#4757);
#130=PLANE('',#4758);
#131=PLANE('',#4759);
#132=PLANE('',#4760);
#133=PLANE('',#4761);
#134=PLANE('',#4762);
#135=PLANE('',#4763);
#136=PLANE('',#4764);
#137=PLANE('',#4765);
#138=PLANE('',#4766);
#139=PLANE('',#4767);
#140=PLANE('',#4768);
#141=PLANE('',#4769);
#142=PLANE('',#4770);
#143=PLANE('',#4771);
#144=PLANE('',#4772);
#145=PLANE('',#4773);
#146=PLANE('',#4774);
#147=PLANE('',#4775);
#148=PLANE('',#4776);
#149=PLANE('',#4778);
#150=PLANE('',#4779);
#151=PLANE('',#4780);
#152=PLANE('',#4782);
#153=PLANE('',#4783);
#154=PLANE('',#4784);
#155=PLANE('',#4785);
#156=PLANE('',#4786);
#157=PLANE('',#4787);
#158=PLANE('',#4788);
#159=PLANE('',#4789);
#160=PLANE('',#4790);
#161=PLANE('',#4801);
#162=PLANE('',#4802);
#163=PLANE('',#4803);
#164=PLANE('',#4804);
#165=PLANE('',#4805);
#166=PLANE('',#4807);
#167=PLANE('',#4808);
#168=PLANE('',#4809);
#169=PLANE('',#4810);
#170=PLANE('',#4811);
#171=PLANE('',#4814);
#172=PLANE('',#4815);
#173=PLANE('',#4816);
#174=PLANE('',#4817);
#175=PLANE('',#4818);
#176=PLANE('',#4819);
#177=PLANE('',#4820);
#178=PLANE('',#4821);
#179=PLANE('',#4822);
#180=PLANE('',#4823);
#181=PLANE('',#4824);
#182=PLANE('',#4826);
#183=PLANE('',#4827);
#184=PLANE('',#4828);
#185=PLANE('',#4829);
#186=PLANE('',#4830);
#187=PLANE('',#4831);
#188=PLANE('',#4832);
#189=PLANE('',#4833);
#190=PLANE('',#4834);
#191=PLANE('',#4835);
#192=FACE_OUTER_BOUND('',#405,.T.);
#193=FACE_OUTER_BOUND('',#406,.T.);
#194=FACE_OUTER_BOUND('',#407,.T.);
#195=FACE_OUTER_BOUND('',#408,.T.);
#196=FACE_OUTER_BOUND('',#409,.T.);
#197=FACE_OUTER_BOUND('',#410,.T.);
#198=FACE_OUTER_BOUND('',#411,.T.);
#199=FACE_OUTER_BOUND('',#412,.T.);
#200=FACE_OUTER_BOUND('',#413,.T.);
#201=FACE_OUTER_BOUND('',#414,.T.);
#202=FACE_OUTER_BOUND('',#415,.T.);
#203=FACE_OUTER_BOUND('',#416,.T.);
#204=FACE_OUTER_BOUND('',#417,.T.);
#205=FACE_OUTER_BOUND('',#418,.T.);
#206=FACE_OUTER_BOUND('',#419,.T.);
#207=FACE_OUTER_BOUND('',#420,.T.);
#208=FACE_OUTER_BOUND('',#421,.T.);
#209=FACE_OUTER_BOUND('',#422,.T.);
#210=FACE_OUTER_BOUND('',#423,.T.);
#211=FACE_OUTER_BOUND('',#424,.T.);
#212=FACE_OUTER_BOUND('',#425,.T.);
#213=FACE_OUTER_BOUND('',#426,.T.);
#214=FACE_OUTER_BOUND('',#427,.T.);
#215=FACE_OUTER_BOUND('',#428,.T.);
#216=FACE_OUTER_BOUND('',#429,.T.);
#217=FACE_OUTER_BOUND('',#446,.T.);
#218=FACE_OUTER_BOUND('',#447,.T.);
#219=FACE_OUTER_BOUND('',#448,.T.);
#220=FACE_OUTER_BOUND('',#449,.T.);
#221=FACE_OUTER_BOUND('',#450,.T.);
#222=FACE_OUTER_BOUND('',#451,.T.);
#223=FACE_OUTER_BOUND('',#452,.T.);
#224=FACE_OUTER_BOUND('',#453,.T.);
#225=FACE_OUTER_BOUND('',#454,.T.);
#226=FACE_OUTER_BOUND('',#455,.T.);
#227=FACE_OUTER_BOUND('',#456,.T.);
#228=FACE_OUTER_BOUND('',#457,.T.);
#229=FACE_OUTER_BOUND('',#458,.T.);
#230=FACE_OUTER_BOUND('',#459,.T.);
#231=FACE_OUTER_BOUND('',#460,.T.);
#232=FACE_OUTER_BOUND('',#461,.T.);
#233=FACE_OUTER_BOUND('',#462,.T.);
#234=FACE_OUTER_BOUND('',#463,.T.);
#235=FACE_OUTER_BOUND('',#464,.T.);
#236=FACE_OUTER_BOUND('',#465,.T.);
#237=FACE_OUTER_BOUND('',#466,.T.);
#238=FACE_OUTER_BOUND('',#467,.T.);
#239=FACE_OUTER_BOUND('',#468,.T.);
#240=FACE_OUTER_BOUND('',#469,.T.);
#241=FACE_OUTER_BOUND('',#470,.T.);
#242=FACE_OUTER_BOUND('',#471,.T.);
#243=FACE_OUTER_BOUND('',#472,.T.);
#244=FACE_OUTER_BOUND('',#473,.T.);
#245=FACE_OUTER_BOUND('',#474,.T.);
#246=FACE_OUTER_BOUND('',#475,.T.);
#247=FACE_OUTER_BOUND('',#476,.T.);
#248=FACE_OUTER_BOUND('',#477,.T.);
#249=FACE_OUTER_BOUND('',#478,.T.);
#250=FACE_OUTER_BOUND('',#479,.T.);
#251=FACE_OUTER_BOUND('',#480,.T.);
#252=FACE_OUTER_BOUND('',#481,.T.);
#253=FACE_OUTER_BOUND('',#482,.T.);
#254=FACE_OUTER_BOUND('',#483,.T.);
#255=FACE_OUTER_BOUND('',#484,.T.);
#256=FACE_OUTER_BOUND('',#485,.T.);
#257=FACE_OUTER_BOUND('',#486,.T.);
#258=FACE_OUTER_BOUND('',#487,.T.);
#259=FACE_OUTER_BOUND('',#488,.T.);
#260=FACE_OUTER_BOUND('',#489,.T.);
#261=FACE_OUTER_BOUND('',#490,.T.);
#262=FACE_OUTER_BOUND('',#491,.T.);
#263=FACE_OUTER_BOUND('',#492,.T.);
#264=FACE_OUTER_BOUND('',#493,.T.);
#265=FACE_OUTER_BOUND('',#494,.T.);
#266=FACE_OUTER_BOUND('',#495,.T.);
#267=FACE_OUTER_BOUND('',#496,.T.);
#268=FACE_OUTER_BOUND('',#497,.T.);
#269=FACE_OUTER_BOUND('',#498,.T.);
#270=FACE_OUTER_BOUND('',#499,.T.);
#271=FACE_OUTER_BOUND('',#500,.T.);
#272=FACE_OUTER_BOUND('',#501,.T.);
#273=FACE_OUTER_BOUND('',#502,.T.);
#274=FACE_OUTER_BOUND('',#503,.T.);
#275=FACE_OUTER_BOUND('',#504,.T.);
#276=FACE_OUTER_BOUND('',#505,.T.);
#277=FACE_OUTER_BOUND('',#506,.T.);
#278=FACE_OUTER_BOUND('',#507,.T.);
#279=FACE_OUTER_BOUND('',#508,.T.);
#280=FACE_OUTER_BOUND('',#509,.T.);
#281=FACE_OUTER_BOUND('',#510,.T.);
#282=FACE_OUTER_BOUND('',#511,.T.);
#283=FACE_OUTER_BOUND('',#512,.T.);
#284=FACE_OUTER_BOUND('',#513,.T.);
#285=FACE_OUTER_BOUND('',#514,.T.);
#286=FACE_OUTER_BOUND('',#515,.T.);
#287=FACE_OUTER_BOUND('',#516,.T.);
#288=FACE_OUTER_BOUND('',#517,.T.);
#289=FACE_OUTER_BOUND('',#518,.T.);
#290=FACE_OUTER_BOUND('',#519,.T.);
#291=FACE_OUTER_BOUND('',#520,.T.);
#292=FACE_OUTER_BOUND('',#521,.T.);
#293=FACE_OUTER_BOUND('',#522,.T.);
#294=FACE_OUTER_BOUND('',#523,.T.);
#295=FACE_OUTER_BOUND('',#524,.T.);
#296=FACE_OUTER_BOUND('',#525,.T.);
#297=FACE_OUTER_BOUND('',#526,.T.);
#298=FACE_OUTER_BOUND('',#527,.T.);
#299=FACE_OUTER_BOUND('',#528,.T.);
#300=FACE_OUTER_BOUND('',#529,.T.);
#301=FACE_OUTER_BOUND('',#530,.T.);
#302=FACE_OUTER_BOUND('',#531,.T.);
#303=FACE_OUTER_BOUND('',#532,.T.);
#304=FACE_OUTER_BOUND('',#533,.T.);
#305=FACE_OUTER_BOUND('',#534,.T.);
#306=FACE_OUTER_BOUND('',#535,.T.);
#307=FACE_OUTER_BOUND('',#536,.T.);
#308=FACE_OUTER_BOUND('',#537,.T.);
#309=FACE_OUTER_BOUND('',#538,.T.);
#310=FACE_OUTER_BOUND('',#539,.T.);
#311=FACE_OUTER_BOUND('',#540,.T.);
#312=FACE_OUTER_BOUND('',#541,.T.);
#313=FACE_OUTER_BOUND('',#542,.T.);
#314=FACE_OUTER_BOUND('',#543,.T.);
#315=FACE_OUTER_BOUND('',#544,.T.);
#316=FACE_OUTER_BOUND('',#545,.T.);
#317=FACE_OUTER_BOUND('',#546,.T.);
#318=FACE_OUTER_BOUND('',#547,.T.);
#319=FACE_OUTER_BOUND('',#548,.T.);
#320=FACE_OUTER_BOUND('',#549,.T.);
#321=FACE_OUTER_BOUND('',#550,.T.);
#322=FACE_OUTER_BOUND('',#551,.T.);
#323=FACE_OUTER_BOUND('',#552,.T.);
#324=FACE_OUTER_BOUND('',#553,.T.);
#325=FACE_OUTER_BOUND('',#554,.T.);
#326=FACE_OUTER_BOUND('',#555,.T.);
#327=FACE_OUTER_BOUND('',#556,.T.);
#328=FACE_OUTER_BOUND('',#557,.T.);
#329=FACE_OUTER_BOUND('',#558,.T.);
#330=FACE_OUTER_BOUND('',#559,.T.);
#331=FACE_OUTER_BOUND('',#560,.T.);
#332=FACE_OUTER_BOUND('',#561,.T.);
#333=FACE_OUTER_BOUND('',#562,.T.);
#334=FACE_OUTER_BOUND('',#563,.T.);
#335=FACE_OUTER_BOUND('',#564,.T.);
#336=FACE_OUTER_BOUND('',#565,.T.);
#337=FACE_OUTER_BOUND('',#566,.T.);
#338=FACE_OUTER_BOUND('',#567,.T.);
#339=FACE_OUTER_BOUND('',#568,.T.);
#340=FACE_OUTER_BOUND('',#570,.T.);
#341=FACE_OUTER_BOUND('',#571,.T.);
#342=FACE_OUTER_BOUND('',#572,.T.);
#343=FACE_OUTER_BOUND('',#573,.T.);
#344=FACE_OUTER_BOUND('',#574,.T.);
#345=FACE_OUTER_BOUND('',#575,.T.);
#346=FACE_OUTER_BOUND('',#576,.T.);
#347=FACE_OUTER_BOUND('',#577,.T.);
#348=FACE_OUTER_BOUND('',#578,.T.);
#349=FACE_OUTER_BOUND('',#579,.T.);
#350=FACE_OUTER_BOUND('',#580,.T.);
#351=FACE_OUTER_BOUND('',#581,.T.);
#352=FACE_OUTER_BOUND('',#582,.T.);
#353=FACE_OUTER_BOUND('',#583,.T.);
#354=FACE_OUTER_BOUND('',#584,.T.);
#355=FACE_OUTER_BOUND('',#585,.T.);
#356=FACE_OUTER_BOUND('',#586,.T.);
#357=FACE_OUTER_BOUND('',#587,.T.);
#358=FACE_OUTER_BOUND('',#588,.T.);
#359=FACE_OUTER_BOUND('',#589,.T.);
#360=FACE_OUTER_BOUND('',#590,.T.);
#361=FACE_OUTER_BOUND('',#591,.T.);
#362=FACE_OUTER_BOUND('',#592,.T.);
#363=FACE_OUTER_BOUND('',#593,.T.);
#364=FACE_OUTER_BOUND('',#594,.T.);
#365=FACE_OUTER_BOUND('',#595,.T.);
#366=FACE_OUTER_BOUND('',#597,.T.);
#367=FACE_OUTER_BOUND('',#598,.T.);
#368=FACE_OUTER_BOUND('',#599,.T.);
#369=FACE_OUTER_BOUND('',#600,.T.);
#370=FACE_OUTER_BOUND('',#601,.T.);
#371=FACE_OUTER_BOUND('',#602,.T.);
#372=FACE_OUTER_BOUND('',#603,.T.);
#373=FACE_OUTER_BOUND('',#604,.T.);
#374=FACE_OUTER_BOUND('',#605,.T.);
#375=FACE_OUTER_BOUND('',#606,.T.);
#376=FACE_OUTER_BOUND('',#607,.T.);
#377=FACE_OUTER_BOUND('',#608,.T.);
#378=FACE_OUTER_BOUND('',#609,.T.);
#379=FACE_OUTER_BOUND('',#610,.T.);
#380=FACE_OUTER_BOUND('',#611,.T.);
#381=FACE_OUTER_BOUND('',#612,.T.);
#382=FACE_OUTER_BOUND('',#613,.T.);
#383=FACE_OUTER_BOUND('',#614,.T.);
#384=FACE_OUTER_BOUND('',#615,.T.);
#385=FACE_OUTER_BOUND('',#616,.T.);
#386=FACE_OUTER_BOUND('',#617,.T.);
#387=FACE_OUTER_BOUND('',#618,.T.);
#388=FACE_OUTER_BOUND('',#619,.T.);
#389=FACE_OUTER_BOUND('',#620,.T.);
#390=FACE_OUTER_BOUND('',#621,.T.);
#391=FACE_OUTER_BOUND('',#622,.T.);
#392=FACE_OUTER_BOUND('',#623,.T.);
#393=FACE_OUTER_BOUND('',#624,.T.);
#394=FACE_OUTER_BOUND('',#625,.T.);
#395=FACE_OUTER_BOUND('',#626,.T.);
#396=FACE_OUTER_BOUND('',#627,.T.);
#397=FACE_OUTER_BOUND('',#628,.T.);
#398=FACE_OUTER_BOUND('',#629,.T.);
#399=FACE_OUTER_BOUND('',#630,.T.);
#400=FACE_OUTER_BOUND('',#631,.T.);
#401=FACE_OUTER_BOUND('',#632,.T.);
#402=FACE_OUTER_BOUND('',#633,.T.);
#403=FACE_OUTER_BOUND('',#634,.T.);
#404=FACE_OUTER_BOUND('',#635,.T.);
#405=EDGE_LOOP('',(#2807,#2808,#2809,#2810));
#406=EDGE_LOOP('',(#2811,#2812,#2813,#2814,#2815,#2816,#2817,#2818,#2819,
#2820,#2821,#2822,#2823,#2824,#2825,#2826));
#407=EDGE_LOOP('',(#2827,#2828,#2829,#2830));
#408=EDGE_LOOP('',(#2831,#2832,#2833,#2834,#2835,#2836,#2837,#2838,#2839,
#2840,#2841,#2842,#2843,#2844,#2845,#2846));
#409=EDGE_LOOP('',(#2847,#2848,#2849,#2850));
#410=EDGE_LOOP('',(#2851,#2852,#2853,#2854));
#411=EDGE_LOOP('',(#2855,#2856,#2857,#2858));
#412=EDGE_LOOP('',(#2859,#2860,#2861,#2862));
#413=EDGE_LOOP('',(#2863,#2864,#2865,#2866));
#414=EDGE_LOOP('',(#2867,#2868,#2869,#2870));
#415=EDGE_LOOP('',(#2871,#2872,#2873,#2874,#2875,#2876));
#416=EDGE_LOOP('',(#2877,#2878,#2879,#2880));
#417=EDGE_LOOP('',(#2881,#2882,#2883,#2884));
#418=EDGE_LOOP('',(#2885,#2886,#2887,#2888));
#419=EDGE_LOOP('',(#2889,#2890,#2891,#2892,#2893));
#420=EDGE_LOOP('',(#2894,#2895,#2896,#2897));
#421=EDGE_LOOP('',(#2898,#2899,#2900,#2901));
#422=EDGE_LOOP('',(#2902,#2903,#2904,#2905));
#423=EDGE_LOOP('',(#2906,#2907,#2908,#2909));
#424=EDGE_LOOP('',(#2910,#2911,#2912,#2913,#2914,#2915,#2916,#2917,#2918,
#2919,#2920,#2921,#2922,#2923,#2924,#2925));
#425=EDGE_LOOP('',(#2926,#2927,#2928,#2929));
#426=EDGE_LOOP('',(#2930,#2931,#2932,#2933,#2934,#2935,#2936,#2937));
#427=EDGE_LOOP('',(#2938,#2939,#2940,#2941));
#428=EDGE_LOOP('',(#2942,#2943,#2944,#2945));
#429=EDGE_LOOP('',(#2946,#2947,#2948,#2949,#2950,#2951,#2952,#2953,#2954,
#2955,#2956,#2957));
#430=EDGE_LOOP('',(#2958,#2959,#2960,#2961));
#431=EDGE_LOOP('',(#2962,#2963,#2964,#2965,#2966,#2967,#2968,#2969));
#432=EDGE_LOOP('',(#2970,#2971,#2972,#2973,#2974,#2975,#2976,#2977,#2978,
#2979,#2980));
#433=EDGE_LOOP('',(#2981,#2982,#2983,#2984,#2985,#2986,#2987,#2988,#2989,
#2990));
#434=EDGE_LOOP('',(#2991,#2992,#2993,#2994,#2995,#2996,#2997,#2998,#2999,
#3000));
#435=EDGE_LOOP('',(#3001,#3002,#3003,#3004,#3005,#3006,#3007,#3008));
#436=EDGE_LOOP('',(#3009,#3010,#3011,#3012,#3013,#3014,#3015,#3016,#3017,
#3018,#3019));
#437=EDGE_LOOP('',(#3020,#3021,#3022,#3023,#3024,#3025,#3026,#3027,#3028,
#3029));
#438=EDGE_LOOP('',(#3030,#3031,#3032,#3033,#3034,#3035,#3036,#3037,#3038,
#3039,#3040,#3041,#3042,#3043,#3044,#3045,#3046,#3047,#3048,#3049,#3050,
#3051,#3052,#3053,#3054,#3055,#3056,#3057,#3058));
#439=EDGE_LOOP('',(#3059,#3060,#3061,#3062,#3063,#3064,#3065,#3066,#3067,
#3068));
#440=EDGE_LOOP('',(#3069,#3070,#3071,#3072,#3073,#3074,#3075,#3076,#3077,
#3078,#3079,#3080));
#441=EDGE_LOOP('',(#3081,#3082,#3083,#3084,#3085,#3086,#3087,#3088,#3089,
#3090));
#442=EDGE_LOOP('',(#3091,#3092,#3093,#3094,#3095,#3096,#3097,#3098));
#443=EDGE_LOOP('',(#3099,#3100,#3101,#3102,#3103,#3104));
#444=EDGE_LOOP('',(#3105,#3106,#3107,#3108,#3109,#3110,#3111,#3112,#3113));
#445=EDGE_LOOP('',(#3114,#3115,#3116,#3117,#3118,#3119,#3120,#3121,#3122,
#3123));
#446=EDGE_LOOP('',(#3124,#3125,#3126,#3127));
#447=EDGE_LOOP('',(#3128,#3129,#3130,#3131,#3132,#3133,#3134,#3135,#3136,
#3137,#3138,#3139,#3140,#3141,#3142,#3143,#3144,#3145,#3146,#3147,#3148));
#448=EDGE_LOOP('',(#3149,#3150,#3151,#3152));
#449=EDGE_LOOP('',(#3153,#3154,#3155,#3156));
#450=EDGE_LOOP('',(#3157,#3158,#3159,#3160));
#451=EDGE_LOOP('',(#3161,#3162,#3163,#3164));
#452=EDGE_LOOP('',(#3165,#3166,#3167,#3168));
#453=EDGE_LOOP('',(#3169,#3170,#3171,#3172,#3173));
#454=EDGE_LOOP('',(#3174,#3175,#3176,#3177));
#455=EDGE_LOOP('',(#3178,#3179,#3180,#3181));
#456=EDGE_LOOP('',(#3182,#3183,#3184,#3185));
#457=EDGE_LOOP('',(#3186,#3187,#3188,#3189));
#458=EDGE_LOOP('',(#3190,#3191,#3192,#3193,#3194,#3195,#3196,#3197,#3198,
#3199,#3200,#3201,#3202,#3203,#3204,#3205));
#459=EDGE_LOOP('',(#3206,#3207,#3208,#3209));
#460=EDGE_LOOP('',(#3210,#3211,#3212,#3213));
#461=EDGE_LOOP('',(#3214,#3215,#3216,#3217));
#462=EDGE_LOOP('',(#3218,#3219,#3220,#3221));
#463=EDGE_LOOP('',(#3222,#3223,#3224,#3225,#3226,#3227));
#464=EDGE_LOOP('',(#3228,#3229,#3230,#3231));
#465=EDGE_LOOP('',(#3232,#3233,#3234,#3235));
#466=EDGE_LOOP('',(#3236,#3237,#3238,#3239));
#467=EDGE_LOOP('',(#3240,#3241,#3242,#3243));
#468=EDGE_LOOP('',(#3244,#3245,#3246,#3247));
#469=EDGE_LOOP('',(#3248,#3249,#3250,#3251));
#470=EDGE_LOOP('',(#3252,#3253,#3254,#3255,#3256,#3257));
#471=EDGE_LOOP('',(#3258,#3259,#3260,#3261));
#472=EDGE_LOOP('',(#3262,#3263,#3264,#3265));
#473=EDGE_LOOP('',(#3266,#3267,#3268,#3269,#3270,#3271,#3272,#3273,#3274,
#3275,#3276,#3277,#3278,#3279,#3280,#3281));
#474=EDGE_LOOP('',(#3282,#3283,#3284,#3285));
#475=EDGE_LOOP('',(#3286,#3287,#3288,#3289));
#476=EDGE_LOOP('',(#3290,#3291,#3292,#3293));
#477=EDGE_LOOP('',(#3294,#3295,#3296,#3297));
#478=EDGE_LOOP('',(#3298,#3299,#3300,#3301,#3302,#3303));
#479=EDGE_LOOP('',(#3304,#3305,#3306,#3307));
#480=EDGE_LOOP('',(#3308,#3309,#3310,#3311,#3312));
#481=EDGE_LOOP('',(#3313,#3314,#3315,#3316));
#482=EDGE_LOOP('',(#3317,#3318,#3319,#3320));
#483=EDGE_LOOP('',(#3321,#3322,#3323,#3324));
#484=EDGE_LOOP('',(#3325,#3326,#3327,#3328));
#485=EDGE_LOOP('',(#3329,#3330,#3331,#3332));
#486=EDGE_LOOP('',(#3333,#3334,#3335,#3336));
#487=EDGE_LOOP('',(#3337,#3338,#3339,#3340,#3341,#3342,#3343,#3344,#3345,
#3346,#3347,#3348,#3349,#3350,#3351,#3352));
#488=EDGE_LOOP('',(#3353,#3354,#3355,#3356));
#489=EDGE_LOOP('',(#3357,#3358,#3359,#3360));
#490=EDGE_LOOP('',(#3361,#3362,#3363,#3364));
#491=EDGE_LOOP('',(#3365,#3366,#3367,#3368,#3369,#3370));
#492=EDGE_LOOP('',(#3371,#3372,#3373,#3374));
#493=EDGE_LOOP('',(#3375,#3376,#3377,#3378));
#494=EDGE_LOOP('',(#3379,#3380,#3381,#3382));
#495=EDGE_LOOP('',(#3383,#3384,#3385,#3386));
#496=EDGE_LOOP('',(#3387,#3388,#3389,#3390));
#497=EDGE_LOOP('',(#3391,#3392,#3393,#3394));
#498=EDGE_LOOP('',(#3395,#3396,#3397,#3398));
#499=EDGE_LOOP('',(#3399,#3400,#3401,#3402));
#500=EDGE_LOOP('',(#3403,#3404,#3405,#3406,#3407,#3408));
#501=EDGE_LOOP('',(#3409,#3410,#3411,#3412));
#502=EDGE_LOOP('',(#3413,#3414,#3415,#3416));
#503=EDGE_LOOP('',(#3417,#3418,#3419,#3420));
#504=EDGE_LOOP('',(#3421,#3422,#3423,#3424,#3425,#3426));
#505=EDGE_LOOP('',(#3427,#3428,#3429,#3430));
#506=EDGE_LOOP('',(#3431,#3432,#3433,#3434));
#507=EDGE_LOOP('',(#3435,#3436,#3437,#3438));
#508=EDGE_LOOP('',(#3439,#3440,#3441,#3442));
#509=EDGE_LOOP('',(#3443,#3444,#3445,#3446));
#510=EDGE_LOOP('',(#3447,#3448,#3449,#3450));
#511=EDGE_LOOP('',(#3451,#3452,#3453,#3454));
#512=EDGE_LOOP('',(#3455,#3456,#3457,#3458,#3459));
#513=EDGE_LOOP('',(#3460,#3461,#3462,#3463,#3464));
#514=EDGE_LOOP('',(#3465,#3466,#3467,#3468,#3469));
#515=EDGE_LOOP('',(#3470,#3471,#3472,#3473));
#516=EDGE_LOOP('',(#3474,#3475,#3476,#3477));
#517=EDGE_LOOP('',(#3478,#3479,#3480,#3481));
#518=EDGE_LOOP('',(#3482,#3483,#3484,#3485));
#519=EDGE_LOOP('',(#3486,#3487,#3488,#3489));
#520=EDGE_LOOP('',(#3490,#3491,#3492,#3493));
#521=EDGE_LOOP('',(#3494,#3495,#3496,#3497,#3498,#3499));
#522=EDGE_LOOP('',(#3500,#3501,#3502,#3503,#3504));
#523=EDGE_LOOP('',(#3505,#3506,#3507,#3508));
#524=EDGE_LOOP('',(#3509,#3510,#3511,#3512));
#525=EDGE_LOOP('',(#3513,#3514,#3515,#3516));
#526=EDGE_LOOP('',(#3517,#3518,#3519,#3520));
#527=EDGE_LOOP('',(#3521,#3522,#3523,#3524,#3525));
#528=EDGE_LOOP('',(#3526,#3527,#3528,#3529));
#529=EDGE_LOOP('',(#3530,#3531,#3532,#3533));
#530=EDGE_LOOP('',(#3534,#3535,#3536,#3537,#3538,#3539));
#531=EDGE_LOOP('',(#3540,#3541,#3542,#3543));
#532=EDGE_LOOP('',(#3544,#3545,#3546,#3547));
#533=EDGE_LOOP('',(#3548,#3549,#3550,#3551));
#534=EDGE_LOOP('',(#3552,#3553,#3554,#3555));
#535=EDGE_LOOP('',(#3556,#3557,#3558,#3559,#3560,#3561,#3562,#3563));
#536=EDGE_LOOP('',(#3564,#3565,#3566,#3567));
#537=EDGE_LOOP('',(#3568,#3569,#3570,#3571));
#538=EDGE_LOOP('',(#3572,#3573,#3574,#3575));
#539=EDGE_LOOP('',(#3576,#3577,#3578,#3579));
#540=EDGE_LOOP('',(#3580,#3581,#3582,#3583));
#541=EDGE_LOOP('',(#3584,#3585,#3586,#3587));
#542=EDGE_LOOP('',(#3588,#3589,#3590,#3591));
#543=EDGE_LOOP('',(#3592,#3593,#3594,#3595));
#544=EDGE_LOOP('',(#3596,#3597,#3598,#3599));
#545=EDGE_LOOP('',(#3600,#3601,#3602,#3603));
#546=EDGE_LOOP('',(#3604,#3605,#3606,#3607));
#547=EDGE_LOOP('',(#3608,#3609,#3610,#3611));
#548=EDGE_LOOP('',(#3612,#3613,#3614,#3615));
#549=EDGE_LOOP('',(#3616,#3617,#3618,#3619));
#550=EDGE_LOOP('',(#3620,#3621,#3622,#3623));
#551=EDGE_LOOP('',(#3624,#3625,#3626,#3627));
#552=EDGE_LOOP('',(#3628,#3629,#3630,#3631));
#553=EDGE_LOOP('',(#3632,#3633,#3634,#3635));
#554=EDGE_LOOP('',(#3636,#3637,#3638,#3639));
#555=EDGE_LOOP('',(#3640,#3641,#3642,#3643));
#556=EDGE_LOOP('',(#3644,#3645,#3646,#3647));
#557=EDGE_LOOP('',(#3648,#3649,#3650,#3651));
#558=EDGE_LOOP('',(#3652,#3653,#3654,#3655));
#559=EDGE_LOOP('',(#3656,#3657,#3658,#3659));
#560=EDGE_LOOP('',(#3660,#3661,#3662,#3663));
#561=EDGE_LOOP('',(#3664,#3665,#3666,#3667));
#562=EDGE_LOOP('',(#3668,#3669,#3670,#3671));
#563=EDGE_LOOP('',(#3672,#3673,#3674,#3675));
#564=EDGE_LOOP('',(#3676,#3677,#3678,#3679));
#565=EDGE_LOOP('',(#3680,#3681,#3682,#3683));
#566=EDGE_LOOP('',(#3684,#3685,#3686,#3687));
#567=EDGE_LOOP('',(#3688,#3689,#3690,#3691));
#568=EDGE_LOOP('',(#3692,#3693,#3694,#3695,#3696,#3697,#3698,#3699,#3700,
#3701,#3702,#3703));
#569=EDGE_LOOP('',(#3704,#3705,#3706,#3707,#3708,#3709,#3710,#3711,#3712,
#3713,#3714,#3715));
#570=EDGE_LOOP('',(#3716,#3717,#3718,#3719));
#571=EDGE_LOOP('',(#3720,#3721,#3722,#3723,#3724,#3725));
#572=EDGE_LOOP('',(#3726,#3727,#3728,#3729,#3730,#3731));
#573=EDGE_LOOP('',(#3732,#3733,#3734,#3735,#3736,#3737,#3738,#3739,#3740,
#3741,#3742,#3743,#3744,#3745,#3746,#3747));
#574=EDGE_LOOP('',(#3748,#3749,#3750,#3751,#3752,#3753));
#575=EDGE_LOOP('',(#3754,#3755,#3756,#3757,#3758,#3759));
#576=EDGE_LOOP('',(#3760,#3761,#3762,#3763,#3764,#3765,#3766,#3767,#3768,
#3769,#3770,#3771,#3772,#3773,#3774,#3775,#3776));
#577=EDGE_LOOP('',(#3777,#3778,#3779,#3780,#3781,#3782,#3783,#3784,#3785,
#3786,#3787,#3788,#3789,#3790,#3791,#3792));
#578=EDGE_LOOP('',(#3793,#3794,#3795,#3796,#3797,#3798));
#579=EDGE_LOOP('',(#3799,#3800,#3801,#3802,#3803,#3804));
#580=EDGE_LOOP('',(#3805,#3806,#3807,#3808,#3809,#3810,#3811,#3812,#3813,
#3814,#3815,#3816,#3817,#3818,#3819,#3820));
#581=EDGE_LOOP('',(#3821,#3822,#3823,#3824,#3825,#3826));
#582=EDGE_LOOP('',(#3827,#3828,#3829,#3830,#3831,#3832,#3833,#3834));
#583=EDGE_LOOP('',(#3835,#3836,#3837,#3838));
#584=EDGE_LOOP('',(#3839,#3840,#3841,#3842));
#585=EDGE_LOOP('',(#3843,#3844,#3845,#3846));
#586=EDGE_LOOP('',(#3847,#3848,#3849,#3850));
#587=EDGE_LOOP('',(#3851,#3852,#3853,#3854));
#588=EDGE_LOOP('',(#3855,#3856,#3857,#3858));
#589=EDGE_LOOP('',(#3859,#3860,#3861,#3862,#3863,#3864,#3865,#3866));
#590=EDGE_LOOP('',(#3867,#3868,#3869,#3870));
#591=EDGE_LOOP('',(#3871,#3872,#3873,#3874,#3875,#3876,#3877,#3878));
#592=EDGE_LOOP('',(#3879,#3880,#3881,#3882));
#593=EDGE_LOOP('',(#3883,#3884,#3885,#3886,#3887,#3888));
#594=EDGE_LOOP('',(#3889,#3890,#3891,#3892));
#595=EDGE_LOOP('',(#3893,#3894,#3895,#3896,#3897,#3898,#3899,#3900,#3901,
#3902,#3903,#3904,#3905,#3906,#3907,#3908,#3909,#3910,#3911,#3912,#3913,
#3914,#3915,#3916,#3917,#3918,#3919,#3920,#3921,#3922,#3923,#3924,#3925,
#3926,#3927,#3928,#3929,#3930,#3931,#3932,#3933,#3934,#3935,#3936,#3937,
#3938,#3939,#3940,#3941,#3942,#3943,#3944,#3945,#3946,#3947,#3948,#3949,
#3950,#3951,#3952,#3953,#3954));
#596=EDGE_LOOP('',(#3955,#3956,#3957,#3958));
#597=EDGE_LOOP('',(#3959,#3960,#3961,#3962));
#598=EDGE_LOOP('',(#3963,#3964,#3965,#3966));
#599=EDGE_LOOP('',(#3967,#3968,#3969,#3970));
#600=EDGE_LOOP('',(#3971,#3972,#3973,#3974));
#601=EDGE_LOOP('',(#3975,#3976,#3977,#3978));
#602=EDGE_LOOP('',(#3979,#3980,#3981,#3982));
#603=EDGE_LOOP('',(#3983,#3984,#3985,#3986));
#604=EDGE_LOOP('',(#3987,#3988,#3989,#3990));
#605=EDGE_LOOP('',(#3991,#3992,#3993,#3994));
#606=EDGE_LOOP('',(#3995,#3996,#3997,#3998));
#607=EDGE_LOOP('',(#3999,#4000,#4001,#4002,#4003));
#608=EDGE_LOOP('',(#4004,#4005,#4006,#4007,#4008,#4009));
#609=EDGE_LOOP('',(#4010,#4011,#4012,#4013));
#610=EDGE_LOOP('',(#4014,#4015,#4016,#4017));
#611=EDGE_LOOP('',(#4018,#4019,#4020,#4021));
#612=EDGE_LOOP('',(#4022,#4023,#4024,#4025));
#613=EDGE_LOOP('',(#4026,#4027,#4028,#4029));
#614=EDGE_LOOP('',(#4030,#4031,#4032,#4033,#4034,#4035));
#615=EDGE_LOOP('',(#4036,#4037,#4038,#4039));
#616=EDGE_LOOP('',(#4040,#4041,#4042,#4043));
#617=EDGE_LOOP('',(#4044,#4045,#4046,#4047,#4048,#4049));
#618=EDGE_LOOP('',(#4050,#4051,#4052,#4053,#4054));
#619=EDGE_LOOP('',(#4055,#4056,#4057,#4058));
#620=EDGE_LOOP('',(#4059,#4060,#4061,#4062));
#621=EDGE_LOOP('',(#4063,#4064,#4065,#4066,#4067,#4068));
#622=EDGE_LOOP('',(#4069,#4070,#4071,#4072));
#623=EDGE_LOOP('',(#4073,#4074,#4075,#4076));
#624=EDGE_LOOP('',(#4077,#4078,#4079,#4080));
#625=EDGE_LOOP('',(#4081,#4082,#4083,#4084));
#626=EDGE_LOOP('',(#4085,#4086,#4087,#4088));
#627=EDGE_LOOP('',(#4089,#4090,#4091,#4092));
#628=EDGE_LOOP('',(#4093,#4094,#4095,#4096));
#629=EDGE_LOOP('',(#4097,#4098,#4099,#4100,#4101,#4102,#4103,#4104));
#630=EDGE_LOOP('',(#4105,#4106,#4107,#4108));
#631=EDGE_LOOP('',(#4109,#4110,#4111,#4112));
#632=EDGE_LOOP('',(#4113,#4114,#4115,#4116));
#633=EDGE_LOOP('',(#4117,#4118,#4119,#4120));
#634=EDGE_LOOP('',(#4121,#4122,#4123,#4124));
#635=EDGE_LOOP('',(#4125,#4126,#4127,#4128));
#636=LINE('',#6075,#1083);
#637=LINE('',#6078,#1084);
#638=LINE('',#6081,#1085);
#639=LINE('',#6083,#1086);
#640=LINE('',#6085,#1087);
#641=LINE('',#6087,#1088);
#642=LINE('',#6089,#1089);
#643=LINE('',#6091,#1090);
#644=LINE('',#6093,#1091);
#645=LINE('',#6095,#1092);
#646=LINE('',#6097,#1093);
#647=LINE('',#6099,#1094);
#648=LINE('',#6101,#1095);
#649=LINE('',#6103,#1096);
#650=LINE('',#6105,#1097);
#651=LINE('',#6107,#1098);
#652=LINE('',#6108,#1099);
#653=LINE('',#6114,#1100);
#654=LINE('',#6117,#1101);
#655=LINE('',#6120,#1102);
#656=LINE('',#6122,#1103);
#657=LINE('',#6124,#1104);
#658=LINE('',#6126,#1105);
#659=LINE('',#6128,#1106);
#660=LINE('',#6130,#1107);
#661=LINE('',#6132,#1108);
#662=LINE('',#6134,#1109);
#663=LINE('',#6136,#1110);
#664=LINE('',#6138,#1111);
#665=LINE('',#6140,#1112);
#666=LINE('',#6142,#1113);
#667=LINE('',#6144,#1114);
#668=LINE('',#6146,#1115);
#669=LINE('',#6147,#1116);
#670=LINE('',#6153,#1117);
#671=LINE('',#6156,#1118);
#672=LINE('',#6159,#1119);
#673=LINE('',#6161,#1120);
#674=LINE('',#6162,#1121);
#675=LINE('',#6168,#1122);
#676=LINE('',#6174,#1123);
#677=LINE('',#6177,#1124);
#678=LINE('',#6179,#1125);
#679=LINE('',#6180,#1126);
#680=LINE('',#6186,#1127);
#681=LINE('',#6189,#1128);
#682=LINE('',#6192,#1129);
#683=LINE('',#6194,#1130);
#684=LINE('',#6196,#1131);
#685=LINE('',#6204,#1132);
#686=LINE('',#6210,#1133);
#687=LINE('',#6213,#1134);
#688=LINE('',#6216,#1135);
#689=LINE('',#6218,#1136);
#690=LINE('',#6219,#1137);
#691=LINE('',#6225,#1138);
#692=LINE('',#6228,#1139);
#693=LINE('',#6231,#1140);
#694=LINE('',#6233,#1141);
#695=LINE('',#6241,#1142);
#696=LINE('',#6247,#1143);
#697=LINE('',#6250,#1144);
#698=LINE('',#6253,#1145);
#699=LINE('',#6255,#1146);
#700=LINE('',#6256,#1147);
#701=LINE('',#6265,#1148);
#702=LINE('',#6268,#1149);
#703=LINE('',#6271,#1150);
#704=LINE('',#6273,#1151);
#705=LINE('',#6275,#1152);
#706=LINE('',#6277,#1153);
#707=LINE('',#6279,#1154);
#708=LINE('',#6281,#1155);
#709=LINE('',#6283,#1156);
#710=LINE('',#6285,#1157);
#711=LINE('',#6287,#1158);
#712=LINE('',#6289,#1159);
#713=LINE('',#6291,#1160);
#714=LINE('',#6293,#1161);
#715=LINE('',#6294,#1162);
#716=LINE('',#6295,#1163);
#717=LINE('',#6300,#1164);
#718=LINE('',#6304,#1165);
#719=LINE('',#6306,#1166);
#720=LINE('',#6308,#1167);
#721=LINE('',#6310,#1168);
#722=LINE('',#6312,#1169);
#723=LINE('',#6314,#1170);
#724=LINE('',#6315,#1171);
#725=LINE('',#6321,#1172);
#726=LINE('',#6324,#1173);
#727=LINE('',#6329,#1174);
#728=LINE('',#6334,#1175);
#729=LINE('',#6336,#1176);
#730=LINE('',#6338,#1177);
#731=LINE('',#6340,#1178);
#732=LINE('',#6342,#1179);
#733=LINE('',#6344,#1180);
#734=LINE('',#6346,#1181);
#735=LINE('',#6348,#1182);
#736=LINE('',#6350,#1183);
#737=LINE('',#6352,#1184);
#738=LINE('',#6354,#1185);
#739=LINE('',#6355,#1186);
#740=LINE('',#6366,#1187);
#741=LINE('',#6368,#1188);
#742=LINE('',#6370,#1189);
#743=LINE('',#6374,#1190);
#744=LINE('',#6376,#1191);
#745=LINE('',#6378,#1192);
#746=LINE('',#6384,#1193);
#747=LINE('',#6388,#1194);
#748=LINE('',#6392,#1195);
#749=LINE('',#6401,#1196);
#750=LINE('',#6405,#1197);
#751=LINE('',#6409,#1198);
#752=LINE('',#6416,#1199);
#753=LINE('',#6421,#1200);
#754=LINE('',#6425,#1201);
#755=LINE('',#6429,#1202);
#756=LINE('',#6433,#1203);
#757=LINE('',#6441,#1204);
#758=LINE('',#6444,#1205);
#759=LINE('',#6446,#1206);
#760=LINE('',#6449,#1207);
#761=LINE('',#6452,#1208);
#762=LINE('',#6462,#1209);
#763=LINE('',#6467,#1210);
#764=LINE('',#6471,#1211);
#765=LINE('',#6475,#1212);
#766=LINE('',#6483,#1213);
#767=LINE('',#6487,#1214);
#768=LINE('',#6493,#1215);
#769=LINE('',#6495,#1216);
#770=LINE('',#6497,#1217);
#771=LINE('',#6505,#1218);
#772=LINE('',#6508,#1219);
#773=LINE('',#6509,#1220);
#774=LINE('',#6511,#1221);
#775=LINE('',#6518,#1222);
#776=LINE('',#6521,#1223);
#777=LINE('',#6525,#1224);
#778=LINE('',#6533,#1225);
#779=LINE('',#6537,#1226);
#780=LINE('',#6542,#1227);
#781=LINE('',#6549,#1228);
#782=LINE('',#6554,#1229);
#783=LINE('',#6558,#1230);
#784=LINE('',#6562,#1231);
#785=LINE('',#6566,#1232);
#786=LINE('',#6574,#1233);
#787=LINE('',#6577,#1234);
#788=LINE('',#6579,#1235);
#789=LINE('',#6582,#1236);
#790=LINE('',#6585,#1237);
#791=LINE('',#6586,#1238);
#792=LINE('',#6590,#1239);
#793=LINE('',#6592,#1240);
#794=LINE('',#6593,#1241);
#795=LINE('',#6595,#1242);
#796=LINE('',#6599,#1243);
#797=LINE('',#6600,#1244);
#798=LINE('',#6604,#1245);
#799=LINE('',#6609,#1246);
#800=LINE('',#6612,#1247);
#801=LINE('',#6617,#1248);
#802=LINE('',#6625,#1249);
#803=LINE('',#6627,#1250);
#804=LINE('',#6629,#1251);
#805=LINE('',#6635,#1252);
#806=LINE('',#6639,#1253);
#807=LINE('',#6642,#1254);
#808=LINE('',#6644,#1255);
#809=LINE('',#6647,#1256);
#810=LINE('',#6648,#1257);
#811=LINE('',#6650,#1258);
#812=LINE('',#6652,#1259);
#813=LINE('',#6653,#1260);
#814=LINE('',#6656,#1261);
#815=LINE('',#6657,#1262);
#816=LINE('',#6659,#1263);
#817=LINE('',#6660,#1264);
#818=LINE('',#6663,#1265);
#819=LINE('',#6665,#1266);
#820=LINE('',#6666,#1267);
#821=LINE('',#6668,#1268);
#822=LINE('',#6670,#1269);
#823=LINE('',#6672,#1270);
#824=LINE('',#6673,#1271);
#825=LINE('',#6675,#1272);
#826=LINE('',#6677,#1273);
#827=LINE('',#6678,#1274);
#828=LINE('',#6680,#1275);
#829=LINE('',#6682,#1276);
#830=LINE('',#6683,#1277);
#831=LINE('',#6687,#1278);
#832=LINE('',#6691,#1279);
#833=LINE('',#6694,#1280);
#834=LINE('',#6695,#1281);
#835=LINE('',#6699,#1282);
#836=LINE('',#6702,#1283);
#837=LINE('',#6711,#1284);
#838=LINE('',#6712,#1285);
#839=LINE('',#6714,#1286);
#840=LINE('',#6719,#1287);
#841=LINE('',#6722,#1288);
#842=LINE('',#6725,#1289);
#843=LINE('',#6728,#1290);
#844=LINE('',#6729,#1291);
#845=LINE('',#6732,#1292);
#846=LINE('',#6735,#1293);
#847=LINE('',#6738,#1294);
#848=LINE('',#6740,#1295);
#849=LINE('',#6748,#1296);
#850=LINE('',#6752,#1297);
#851=LINE('',#6757,#1298);
#852=LINE('',#6758,#1299);
#853=LINE('',#6761,#1300);
#854=LINE('',#6763,#1301);
#855=LINE('',#6764,#1302);
#856=LINE('',#6766,#1303);
#857=LINE('',#6768,#1304);
#858=LINE('',#6769,#1305);
#859=LINE('',#6771,#1306);
#860=LINE('',#6773,#1307);
#861=LINE('',#6774,#1308);
#862=LINE('',#6775,#1309);
#863=LINE('',#6779,#1310);
#864=LINE('',#6783,#1311);
#865=LINE('',#6787,#1312);
#866=LINE('',#6790,#1313);
#867=LINE('',#6793,#1314);
#868=LINE('',#6796,#1315);
#869=LINE('',#6798,#1316);
#870=LINE('',#6800,#1317);
#871=LINE('',#6801,#1318);
#872=LINE('',#6805,#1319);
#873=LINE('',#6808,#1320);
#874=LINE('',#6816,#1321);
#875=LINE('',#6820,#1322);
#876=LINE('',#6823,#1323);
#877=LINE('',#6824,#1324);
#878=LINE('',#6828,#1325);
#879=LINE('',#6831,#1326);
#880=LINE('',#6832,#1327);
#881=LINE('',#6836,#1328);
#882=LINE('',#6841,#1329);
#883=LINE('',#6842,#1330);
#884=LINE('',#6845,#1331);
#885=LINE('',#6846,#1332);
#886=LINE('',#6848,#1333);
#887=LINE('',#6850,#1334);
#888=LINE('',#6851,#1335);
#889=LINE('',#6853,#1336);
#890=LINE('',#6855,#1337);
#891=LINE('',#6856,#1338);
#892=LINE('',#6858,#1339);
#893=LINE('',#6860,#1340);
#894=LINE('',#6861,#1341);
#895=LINE('',#6865,#1342);
#896=LINE('',#6867,#1343);
#897=LINE('',#6871,#1344);
#898=LINE('',#6874,#1345);
#899=LINE('',#6876,#1346);
#900=LINE('',#6878,#1347);
#901=LINE('',#6879,#1348);
#902=LINE('',#6883,#1349);
#903=LINE('',#6887,#1350);
#904=LINE('',#6889,#1351);
#905=LINE('',#6893,#1352);
#906=LINE('',#6897,#1353);
#907=LINE('',#6901,#1354);
#908=LINE('',#6905,#1355);
#909=LINE('',#6909,#1356);
#910=LINE('',#6912,#1357);
#911=LINE('',#6914,#1358);
#912=LINE('',#6916,#1359);
#913=LINE('',#6917,#1360);
#914=LINE('',#6921,#1361);
#915=LINE('',#6924,#1362);
#916=LINE('',#6925,#1363);
#917=LINE('',#6929,#1364);
#918=LINE('',#6932,#1365);
#919=LINE('',#6941,#1366);
#920=LINE('',#6942,#1367);
#921=LINE('',#6949,#1368);
#922=LINE('',#6950,#1369);
#923=LINE('',#6953,#1370);
#924=LINE('',#6957,#1371);
#925=LINE('',#6963,#1372);
#926=LINE('',#6966,#1373);
#927=LINE('',#6969,#1374);
#928=LINE('',#6975,#1375);
#929=LINE('',#6977,#1376);
#930=LINE('',#6987,#1377);
#931=LINE('',#7007,#1378);
#932=LINE('',#7011,#1379);
#933=LINE('',#7017,#1380);
#934=LINE('',#7020,#1381);
#935=LINE('',#7023,#1382);
#936=LINE('',#7029,#1383);
#937=LINE('',#7032,#1384);
#938=LINE('',#7035,#1385);
#939=LINE('',#7037,#1386);
#940=LINE('',#7038,#1387);
#941=LINE('',#7043,#1388);
#942=LINE('',#7053,#1389);
#943=LINE('',#7056,#1390);
#944=LINE('',#7061,#1391);
#945=LINE('',#7075,#1392);
#946=LINE('',#7077,#1393);
#947=LINE('',#7081,#1394);
#948=LINE('',#7085,#1395);
#949=LINE('',#7088,#1396);
#950=LINE('',#7091,#1397);
#951=LINE('',#7099,#1398);
#952=LINE('',#7102,#1399);
#953=LINE('',#7106,#1400);
#954=LINE('',#7112,#1401);
#955=LINE('',#7115,#1402);
#956=LINE('',#7120,#1403);
#957=LINE('',#7124,#1404);
#958=LINE('',#7134,#1405);
#959=LINE('',#7137,#1406);
#960=LINE('',#7139,#1407);
#961=LINE('',#7140,#1408);
#962=LINE('',#7143,#1409);
#963=LINE('',#7144,#1410);
#964=LINE('',#7147,#1411);
#965=LINE('',#7148,#1412);
#966=LINE('',#7151,#1413);
#967=LINE('',#7152,#1414);
#968=LINE('',#7156,#1415);
#969=LINE('',#7157,#1416);
#970=LINE('',#7158,#1417);
#971=LINE('',#7160,#1418);
#972=LINE('',#7163,#1419);
#973=LINE('',#7164,#1420);
#974=LINE('',#7167,#1421);
#975=LINE('',#7168,#1422);
#976=LINE('',#7171,#1423);
#977=LINE('',#7172,#1424);
#978=LINE('',#7175,#1425);
#979=LINE('',#7176,#1426);
#980=LINE('',#7179,#1427);
#981=LINE('',#7180,#1428);
#982=LINE('',#7182,#1429);
#983=LINE('',#7185,#1430);
#984=LINE('',#7187,#1431);
#985=LINE('',#7188,#1432);
#986=LINE('',#7191,#1433);
#987=LINE('',#7192,#1434);
#988=LINE('',#7195,#1435);
#989=LINE('',#7196,#1436);
#990=LINE('',#7199,#1437);
#991=LINE('',#7200,#1438);
#992=LINE('',#7203,#1439);
#993=LINE('',#7204,#1440);
#994=LINE('',#7207,#1441);
#995=LINE('',#7208,#1442);
#996=LINE('',#7212,#1443);
#997=LINE('',#7213,#1444);
#998=LINE('',#7214,#1445);
#999=LINE('',#7217,#1446);
#1000=LINE('',#7219,#1447);
#1001=LINE('',#7220,#1448);
#1002=LINE('',#7223,#1449);
#1003=LINE('',#7225,#1450);
#1004=LINE('',#7226,#1451);
#1005=LINE('',#7229,#1452);
#1006=LINE('',#7231,#1453);
#1007=LINE('',#7232,#1454);
#1008=LINE('',#7235,#1455);
#1009=LINE('',#7237,#1456);
#1010=LINE('',#7238,#1457);
#1011=LINE('',#7241,#1458);
#1012=LINE('',#7243,#1459);
#1013=LINE('',#7244,#1460);
#1014=LINE('',#7247,#1461);
#1015=LINE('',#7248,#1462);
#1016=LINE('',#7249,#1463);
#1017=LINE('',#7252,#1464);
#1018=LINE('',#7253,#1465);
#1019=LINE('',#7256,#1466);
#1020=LINE('',#7257,#1467);
#1021=LINE('',#7260,#1468);
#1022=LINE('',#7261,#1469);
#1023=LINE('',#7264,#1470);
#1024=LINE('',#7265,#1471);
#1025=LINE('',#7267,#1472);
#1026=LINE('',#7269,#1473);
#1027=LINE('',#7270,#1474);
#1028=LINE('',#7271,#1475);
#1029=LINE('',#7272,#1476);
#1030=LINE('',#7273,#1477);
#1031=LINE('',#7274,#1478);
#1032=LINE('',#7277,#1479);
#1033=LINE('',#7278,#1480);
#1034=LINE('',#7280,#1481);
#1035=LINE('',#7283,#1482);
#1036=LINE('',#7292,#1483);
#1037=LINE('',#7293,#1484);
#1038=LINE('',#7294,#1485);
#1039=LINE('',#7303,#1486);
#1040=LINE('',#7304,#1487);
#1041=LINE('',#7307,#1488);
#1042=LINE('',#7315,#1489);
#1043=LINE('',#7323,#1490);
#1044=LINE('',#7324,#1491);
#1045=LINE('',#7327,#1492);
#1046=LINE('',#7329,#1493);
#1047=LINE('',#7330,#1494);
#1048=LINE('',#7333,#1495);
#1049=LINE('',#7342,#1496);
#1050=LINE('',#7343,#1497);
#1051=LINE('',#7345,#1498);
#1052=LINE('',#7353,#1499);
#1053=LINE('',#7357,#1500);
#1054=LINE('',#7358,#1501);
#1055=LINE('',#7362,#1502);
#1056=LINE('',#7363,#1503);
#1057=LINE('',#7403,#1504);
#1058=LINE('',#7404,#1505);
#1059=LINE('',#7407,#1506);
#1060=LINE('',#7408,#1507);
#1061=LINE('',#7448,#1508);
#1062=LINE('',#7449,#1509);
#1063=LINE('',#7513,#1510);
#1064=LINE('',#7608,#1511);
#1065=LINE('',#7640,#1512);
#1066=LINE('',#7641,#1513);
#1067=LINE('',#7643,#1514);
#1068=LINE('',#7644,#1515);
#1069=LINE('',#7646,#1516);
#1070=LINE('',#7656,#1517);
#1071=LINE('',#7657,#1518);
#1072=LINE('',#7659,#1519);
#1073=LINE('',#7661,#1520);
#1074=LINE('',#7665,#1521);
#1075=LINE('',#7674,#1522);
#1076=LINE('',#7683,#1523);
#1077=LINE('',#7689,#1524);
#1078=LINE('',#7697,#1525);
#1079=LINE('',#7699,#1526);
#1080=LINE('',#7701,#1527);
#1081=LINE('',#7703,#1528);
#1082=LINE('',#7705,#1529);
#1083=VECTOR('',#4845,10.);
#1084=VECTOR('',#4848,10.);
#1085=VECTOR('',#4851,10.);
#1086=VECTOR('',#4852,10.);
#1087=VECTOR('',#4853,10.);
#1088=VECTOR('',#4854,10.);
#1089=VECTOR('',#4855,10.);
#1090=VECTOR('',#4856,10.);
#1091=VECTOR('',#4857,10.);
#1092=VECTOR('',#4858,10.);
#1093=VECTOR('',#4859,10.);
#1094=VECTOR('',#4860,10.);
#1095=VECTOR('',#4861,10.);
#1096=VECTOR('',#4862,10.);
#1097=VECTOR('',#4863,10.);
#1098=VECTOR('',#4864,10.);
#1099=VECTOR('',#4865,10.);
#1100=VECTOR('',#4870,10.);
#1101=VECTOR('',#4873,10.);
#1102=VECTOR('',#4876,10.);
#1103=VECTOR('',#4877,10.);
#1104=VECTOR('',#4878,10.);
#1105=VECTOR('',#4879,10.);
#1106=VECTOR('',#4880,10.);
#1107=VECTOR('',#4881,10.);
#1108=VECTOR('',#4882,10.);
#1109=VECTOR('',#4883,10.);
#1110=VECTOR('',#4884,10.);
#1111=VECTOR('',#4885,10.);
#1112=VECTOR('',#4886,10.);
#1113=VECTOR('',#4887,10.);
#1114=VECTOR('',#4888,10.);
#1115=VECTOR('',#4889,10.);
#1116=VECTOR('',#4890,10.);
#1117=VECTOR('',#4895,10.);
#1118=VECTOR('',#4898,10.);
#1119=VECTOR('',#4901,10.);
#1120=VECTOR('',#4902,10.);
#1121=VECTOR('',#4903,10.);
#1122=VECTOR('',#4910,10.);
#1123=VECTOR('',#4915,10.);
#1124=VECTOR('',#4918,10.);
#1125=VECTOR('',#4921,10.);
#1126=VECTOR('',#4922,10.);
#1127=VECTOR('',#4927,10.);
#1128=VECTOR('',#4930,10.);
#1129=VECTOR('',#4933,10.);
#1130=VECTOR('',#4934,10.);
#1131=VECTOR('',#4935,10.);
#1132=VECTOR('',#4936,10.);
#1133=VECTOR('',#4941,10.);
#1134=VECTOR('',#4944,10.);
#1135=VECTOR('',#4947,10.);
#1136=VECTOR('',#4948,10.);
#1137=VECTOR('',#4949,10.);
#1138=VECTOR('',#4954,10.);
#1139=VECTOR('',#4957,10.);
#1140=VECTOR('',#4960,10.);
#1141=VECTOR('',#4961,10.);
#1142=VECTOR('',#4962,10.);
#1143=VECTOR('',#4967,10.);
#1144=VECTOR('',#4970,10.);
#1145=VECTOR('',#4973,10.);
#1146=VECTOR('',#4974,10.);
#1147=VECTOR('',#4975,10.);
#1148=VECTOR('',#4986,10.);
#1149=VECTOR('',#4989,10.);
#1150=VECTOR('',#4992,10.);
#1151=VECTOR('',#4993,10.);
#1152=VECTOR('',#4994,10.);
#1153=VECTOR('',#4995,10.);
#1154=VECTOR('',#4996,10.);
#1155=VECTOR('',#4997,10.);
#1156=VECTOR('',#4998,10.);
#1157=VECTOR('',#4999,10.);
#1158=VECTOR('',#5000,10.);
#1159=VECTOR('',#5001,10.);
#1160=VECTOR('',#5002,10.);
#1161=VECTOR('',#5003,10.);
#1162=VECTOR('',#5004,10.);
#1163=VECTOR('',#5005,10.);
#1164=VECTOR('',#5010,10.);
#1165=VECTOR('',#5015,10.);
#1166=VECTOR('',#5016,10.);
#1167=VECTOR('',#5017,10.);
#1168=VECTOR('',#5018,10.);
#1169=VECTOR('',#5019,10.);
#1170=VECTOR('',#5020,10.);
#1171=VECTOR('',#5021,10.);
#1172=VECTOR('',#5026,10.);
#1173=VECTOR('',#5029,10.);
#1174=VECTOR('',#5034,10.);
#1175=VECTOR('',#5039,10.);
#1176=VECTOR('',#5040,10.);
#1177=VECTOR('',#5041,10.);
#1178=VECTOR('',#5042,10.);
#1179=VECTOR('',#5043,10.);
#1180=VECTOR('',#5044,10.);
#1181=VECTOR('',#5045,10.);
#1182=VECTOR('',#5046,10.);
#1183=VECTOR('',#5047,10.);
#1184=VECTOR('',#5048,10.);
#1185=VECTOR('',#5049,10.);
#1186=VECTOR('',#5050,10.);
#1187=VECTOR('',#5059,10.);
#1188=VECTOR('',#5060,10.);
#1189=VECTOR('',#5061,10.);
#1190=VECTOR('',#5064,10.);
#1191=VECTOR('',#5065,10.);
#1192=VECTOR('',#5066,10.);
#1193=VECTOR('',#5071,10.);
#1194=VECTOR('',#5074,10.);
#1195=VECTOR('',#5077,10.);
#1196=VECTOR('',#5086,10.);
#1197=VECTOR('',#5089,10.);
#1198=VECTOR('',#5092,10.);
#1199=VECTOR('',#5099,10.);
#1200=VECTOR('',#5102,10.);
#1201=VECTOR('',#5105,10.);
#1202=VECTOR('',#5108,10.);
#1203=VECTOR('',#5111,10.);
#1204=VECTOR('',#5118,10.);
#1205=VECTOR('',#5121,10.);
#1206=VECTOR('',#5122,10.);
#1207=VECTOR('',#5125,10.);
#1208=VECTOR('',#5128,10.);
#1209=VECTOR('',#5137,10.);
#1210=VECTOR('',#5142,10.);
#1211=VECTOR('',#5145,10.);
#1212=VECTOR('',#5148,10.);
#1213=VECTOR('',#5155,10.);
#1214=VECTOR('',#5158,10.);
#1215=VECTOR('',#5163,10.);
#1216=VECTOR('',#5164,10.);
#1217=VECTOR('',#5165,10.);
#1218=VECTOR('',#5172,10.);
#1219=VECTOR('',#5175,10.);
#1220=VECTOR('',#5176,10.);
#1221=VECTOR('',#5177,10.);
#1222=VECTOR('',#5184,10.);
#1223=VECTOR('',#5187,10.);
#1224=VECTOR('',#5190,10.);
#1225=VECTOR('',#5197,10.);
#1226=VECTOR('',#5200,10.);
#1227=VECTOR('',#5205,10.);
#1228=VECTOR('',#5212,10.);
#1229=VECTOR('',#5215,10.);
#1230=VECTOR('',#5218,10.);
#1231=VECTOR('',#5221,10.);
#1232=VECTOR('',#5224,10.);
#1233=VECTOR('',#5231,10.);
#1234=VECTOR('',#5234,10.);
#1235=VECTOR('',#5235,10.);
#1236=VECTOR('',#5238,10.);
#1237=VECTOR('',#5239,10.);
#1238=VECTOR('',#5240,10.);
#1239=VECTOR('',#5243,10.);
#1240=VECTOR('',#5246,10.);
#1241=VECTOR('',#5247,10.);
#1242=VECTOR('',#5248,10.);
#1243=VECTOR('',#5251,10.);
#1244=VECTOR('',#5252,10.);
#1245=VECTOR('',#5255,10.);
#1246=VECTOR('',#5262,10.);
#1247=VECTOR('',#5265,10.);
#1248=VECTOR('',#5270,10.);
#1249=VECTOR('',#5277,10.);
#1250=VECTOR('',#5278,10.);
#1251=VECTOR('',#5279,10.);
#1252=VECTOR('',#5284,10.);
#1253=VECTOR('',#5287,10.);
#1254=VECTOR('',#5290,10.);
#1255=VECTOR('',#5293,10.);
#1256=VECTOR('',#5298,10.);
#1257=VECTOR('',#5299,10.);
#1258=VECTOR('',#5302,10.);
#1259=VECTOR('',#5305,10.);
#1260=VECTOR('',#5306,10.);
#1261=VECTOR('',#5309,10.);
#1262=VECTOR('',#5310,10.);
#1263=VECTOR('',#5313,10.);
#1264=VECTOR('',#5314,10.);
#1265=VECTOR('',#5319,10.);
#1266=VECTOR('',#5322,10.);
#1267=VECTOR('',#5323,10.);
#1268=VECTOR('',#5326,10.);
#1269=VECTOR('',#5327,10.);
#1270=VECTOR('',#5328,10.);
#1271=VECTOR('',#5329,10.);
#1272=VECTOR('',#5330,10.);
#1273=VECTOR('',#5331,10.);
#1274=VECTOR('',#5332,10.);
#1275=VECTOR('',#5333,10.);
#1276=VECTOR('',#5334,10.);
#1277=VECTOR('',#5335,10.);
#1278=VECTOR('',#5340,10.);
#1279=VECTOR('',#5345,10.);
#1280=VECTOR('',#5348,10.);
#1281=VECTOR('',#5349,10.);
#1282=VECTOR('',#5354,10.);
#1283=VECTOR('',#5357,10.);
#1284=VECTOR('',#5358,10.);
#1285=VECTOR('',#5359,10.);
#1286=VECTOR('',#5362,10.);
#1287=VECTOR('',#5369,10.);
#1288=VECTOR('',#5372,10.);
#1289=VECTOR('',#5375,10.);
#1290=VECTOR('',#5378,10.);
#1291=VECTOR('',#5379,10.);
#1292=VECTOR('',#5382,10.);
#1293=VECTOR('',#5385,10.);
#1294=VECTOR('',#5388,10.);
#1295=VECTOR('',#5389,10.);
#1296=VECTOR('',#5390,10.);
#1297=VECTOR('',#5395,10.);
#1298=VECTOR('',#5400,10.);
#1299=VECTOR('',#5401,10.);
#1300=VECTOR('',#5404,10.);
#1301=VECTOR('',#5405,10.);
#1302=VECTOR('',#5406,10.);
#1303=VECTOR('',#5407,10.);
#1304=VECTOR('',#5408,10.);
#1305=VECTOR('',#5409,10.);
#1306=VECTOR('',#5410,10.);
#1307=VECTOR('',#5411,10.);
#1308=VECTOR('',#5412,10.);
#1309=VECTOR('',#5413,10.);
#1310=VECTOR('',#5418,10.);
#1311=VECTOR('',#5423,10.);
#1312=VECTOR('',#5428,10.);
#1313=VECTOR('',#5431,10.);
#1314=VECTOR('',#5434,10.);
#1315=VECTOR('',#5437,10.);
#1316=VECTOR('',#5438,10.);
#1317=VECTOR('',#5439,10.);
#1318=VECTOR('',#5440,10.);
#1319=VECTOR('',#5445,10.);
#1320=VECTOR('',#5448,10.);
#1321=VECTOR('',#5449,10.);
#1322=VECTOR('',#5454,10.);
#1323=VECTOR('',#5457,10.);
#1324=VECTOR('',#5458,10.);
#1325=VECTOR('',#5463,10.);
#1326=VECTOR('',#5466,10.);
#1327=VECTOR('',#5467,10.);
#1328=VECTOR('',#5472,10.);
#1329=VECTOR('',#5477,10.);
#1330=VECTOR('',#5478,10.);
#1331=VECTOR('',#5481,10.);
#1332=VECTOR('',#5482,10.);
#1333=VECTOR('',#5483,10.);
#1334=VECTOR('',#5484,10.);
#1335=VECTOR('',#5485,10.);
#1336=VECTOR('',#5486,10.);
#1337=VECTOR('',#5487,10.);
#1338=VECTOR('',#5488,10.);
#1339=VECTOR('',#5489,10.);
#1340=VECTOR('',#5490,10.);
#1341=VECTOR('',#5491,10.);
#1342=VECTOR('',#5496,10.);
#1343=VECTOR('',#5499,10.);
#1344=VECTOR('',#5504,10.);
#1345=VECTOR('',#5507,10.);
#1346=VECTOR('',#5508,10.);
#1347=VECTOR('',#5509,10.);
#1348=VECTOR('',#5510,10.);
#1349=VECTOR('',#5515,10.);
#1350=VECTOR('',#5520,10.);
#1351=VECTOR('',#5523,10.);
#1352=VECTOR('',#5528,10.);
#1353=VECTOR('',#5533,10.);
#1354=VECTOR('',#5538,10.);
#1355=VECTOR('',#5543,10.);
#1356=VECTOR('',#5548,10.);
#1357=VECTOR('',#5551,10.);
#1358=VECTOR('',#5552,10.);
#1359=VECTOR('',#5553,10.);
#1360=VECTOR('',#5554,10.);
#1361=VECTOR('',#5559,10.);
#1362=VECTOR('',#5562,10.);
#1363=VECTOR('',#5563,10.);
#1364=VECTOR('',#5568,10.);
#1365=VECTOR('',#5571,10.);
#1366=VECTOR('',#5572,10.);
#1367=VECTOR('',#5573,10.);
#1368=VECTOR('',#5582,1.2);
#1369=VECTOR('',#5583,10.);
#1370=VECTOR('',#5586,10.);
#1371=VECTOR('',#5591,10.);
#1372=VECTOR('',#5600,10.);
#1373=VECTOR('',#5603,10.);
#1374=VECTOR('',#5606,10.);
#1375=VECTOR('',#5613,10.);
#1376=VECTOR('',#5614,10.);
#1377=VECTOR('',#5617,10.);
#1378=VECTOR('',#5620,10.);
#1379=VECTOR('',#5625,10.);
#1380=VECTOR('',#5634,10.);
#1381=VECTOR('',#5637,10.);
#1382=VECTOR('',#5640,10.);
#1383=VECTOR('',#5649,10.);
#1384=VECTOR('',#5652,10.);
#1385=VECTOR('',#5655,10.);
#1386=VECTOR('',#5656,10.);
#1387=VECTOR('',#5657,10.);
#1388=VECTOR('',#5662,10.);
#1389=VECTOR('',#5665,10.);
#1390=VECTOR('',#5668,10.);
#1391=VECTOR('',#5675,10.);
#1392=VECTOR('',#5684,10.);
#1393=VECTOR('',#5685,10.);
#1394=VECTOR('',#5690,10.);
#1395=VECTOR('',#5695,10.);
#1396=VECTOR('',#5698,10.);
#1397=VECTOR('',#5701,10.);
#1398=VECTOR('',#5702,10.);
#1399=VECTOR('',#5705,10.);
#1400=VECTOR('',#5710,10.);
#1401=VECTOR('',#5719,10.);
#1402=VECTOR('',#5722,10.);
#1403=VECTOR('',#5727,10.);
#1404=VECTOR('',#5730,10.);
#1405=VECTOR('',#5745,10.);
#1406=VECTOR('',#5748,10.);
#1407=VECTOR('',#5749,10.);
#1408=VECTOR('',#5750,10.);
#1409=VECTOR('',#5753,10.);
#1410=VECTOR('',#5754,10.);
#1411=VECTOR('',#5757,10.);
#1412=VECTOR('',#5758,10.);
#1413=VECTOR('',#5761,10.);
#1414=VECTOR('',#5762,10.);
#1415=VECTOR('',#5765,10.);
#1416=VECTOR('',#5766,10.);
#1417=VECTOR('',#5767,10.);
#1418=VECTOR('',#5770,10.);
#1419=VECTOR('',#5773,10.);
#1420=VECTOR('',#5774,10.);
#1421=VECTOR('',#5777,10.);
#1422=VECTOR('',#5778,10.);
#1423=VECTOR('',#5781,10.);
#1424=VECTOR('',#5782,10.);
#1425=VECTOR('',#5785,10.);
#1426=VECTOR('',#5786,10.);
#1427=VECTOR('',#5789,10.);
#1428=VECTOR('',#5790,10.);
#1429=VECTOR('',#5793,10.);
#1430=VECTOR('',#5796,10.);
#1431=VECTOR('',#5797,10.);
#1432=VECTOR('',#5798,10.);
#1433=VECTOR('',#5801,10.);
#1434=VECTOR('',#5802,10.);
#1435=VECTOR('',#5805,10.);
#1436=VECTOR('',#5806,10.);
#1437=VECTOR('',#5809,10.);
#1438=VECTOR('',#5810,10.);
#1439=VECTOR('',#5813,10.);
#1440=VECTOR('',#5814,10.);
#1441=VECTOR('',#5817,10.);
#1442=VECTOR('',#5818,10.);
#1443=VECTOR('',#5821,10.);
#1444=VECTOR('',#5822,10.);
#1445=VECTOR('',#5823,10.);
#1446=VECTOR('',#5826,10.);
#1447=VECTOR('',#5827,10.);
#1448=VECTOR('',#5828,10.);
#1449=VECTOR('',#5831,10.);
#1450=VECTOR('',#5832,10.);
#1451=VECTOR('',#5833,10.);
#1452=VECTOR('',#5836,10.);
#1453=VECTOR('',#5837,10.);
#1454=VECTOR('',#5838,10.);
#1455=VECTOR('',#5841,10.);
#1456=VECTOR('',#5842,10.);
#1457=VECTOR('',#5843,10.);
#1458=VECTOR('',#5846,10.);
#1459=VECTOR('',#5847,10.);
#1460=VECTOR('',#5848,10.);
#1461=VECTOR('',#5851,10.);
#1462=VECTOR('',#5852,10.);
#1463=VECTOR('',#5853,10.);
#1464=VECTOR('',#5856,10.);
#1465=VECTOR('',#5857,10.);
#1466=VECTOR('',#5860,10.);
#1467=VECTOR('',#5861,10.);
#1468=VECTOR('',#5864,10.);
#1469=VECTOR('',#5865,10.);
#1470=VECTOR('',#5868,10.);
#1471=VECTOR('',#5869,10.);
#1472=VECTOR('',#5872,10.);
#1473=VECTOR('',#5875,10.);
#1474=VECTOR('',#5876,10.);
#1475=VECTOR('',#5877,10.);
#1476=VECTOR('',#5878,10.);
#1477=VECTOR('',#5879,10.);
#1478=VECTOR('',#5880,10.);
#1479=VECTOR('',#5883,10.);
#1480=VECTOR('',#5884,10.);
#1481=VECTOR('',#5887,10.);
#1482=VECTOR('',#5890,10.);
#1483=VECTOR('',#5893,10.);
#1484=VECTOR('',#5894,10.);
#1485=VECTOR('',#5895,10.);
#1486=VECTOR('',#5898,10.);
#1487=VECTOR('',#5899,10.);
#1488=VECTOR('',#5902,10.);
#1489=VECTOR('',#5905,10.);
#1490=VECTOR('',#5906,10.);
#1491=VECTOR('',#5907,10.);
#1492=VECTOR('',#5910,10.);
#1493=VECTOR('',#5913,10.);
#1494=VECTOR('',#5914,10.);
#1495=VECTOR('',#5917,10.);
#1496=VECTOR('',#5920,10.);
#1497=VECTOR('',#5921,10.);
#1498=VECTOR('',#5924,10.);
#1499=VECTOR('',#5925,10.);
#1500=VECTOR('',#5930,10.);
#1501=VECTOR('',#5931,10.);
#1502=VECTOR('',#5936,10.);
#1503=VECTOR('',#5937,10.);
#1504=VECTOR('',#5940,10.);
#1505=VECTOR('',#5941,10.);
#1506=VECTOR('',#5944,10.);
#1507=VECTOR('',#5945,10.);
#1508=VECTOR('',#5948,10.);
#1509=VECTOR('',#5949,10.);
#1510=VECTOR('',#5952,10.);
#1511=VECTOR('',#5955,10.);
#1512=VECTOR('',#5958,10.);
#1513=VECTOR('',#5959,10.);
#1514=VECTOR('',#5962,10.);
#1515=VECTOR('',#5963,10.);
#1516=VECTOR('',#5966,10.);
#1517=VECTOR('',#5977,10.);
#1518=VECTOR('',#5978,10.);
#1519=VECTOR('',#5981,10.);
#1520=VECTOR('',#5984,10.);
#1521=VECTOR('',#5991,10.);
#1522=VECTOR('',#6008,10.);
#1523=VECTOR('',#6025,10.);
#1524=VECTOR('',#6036,10.);
#1525=VECTOR('',#6051,10.);
#1526=VECTOR('',#6054,10.);
#1527=VECTOR('',#6057,10.);
#1528=VECTOR('',#6060,10.);
#1529=VECTOR('',#6063,10.);
#1530=CIRCLE('',#4448,1.2);
#1531=CIRCLE('',#4449,1.2);
#1532=CIRCLE('',#4452,1.2);
#1533=CIRCLE('',#4453,1.2);
#1534=CIRCLE('',#4456,1.2);
#1535=CIRCLE('',#4457,1.2);
#1536=CIRCLE('',#4460,1.2);
#1537=CIRCLE('',#4461,1.2);
#1538=CIRCLE('',#4463,1.2);
#1539=CIRCLE('',#4464,1.2);
#1540=CIRCLE('',#4467,1.2);
#1541=CIRCLE('',#4468,1.2);
#1542=CIRCLE('',#4471,1.2);
#1543=CIRCLE('',#4472,1.2);
#1544=CIRCLE('',#4475,1.2);
#1545=CIRCLE('',#4476,1.2);
#1546=CIRCLE('',#4479,1.2);
#1547=CIRCLE('',#4480,1.2);
#1548=CIRCLE('',#4483,1.2);
#1549=CIRCLE('',#4484,1.2);
#1550=CIRCLE('',#4486,1.2);
#1551=CIRCLE('',#4487,1.2);
#1552=CIRCLE('',#4490,1.2);
#1553=CIRCLE('',#4491,1.2);
#1554=CIRCLE('',#4494,1.2);
#1555=CIRCLE('',#4495,1.2);
#1556=CIRCLE('',#4497,2.98);
#1557=CIRCLE('',#4498,2.98);
#1558=CIRCLE('',#4500,6.03634357106366);
#1559=CIRCLE('',#4501,16.5000588809659);
#1560=CIRCLE('',#4502,10.2847624490453);
#1561=CIRCLE('',#4503,3.50018491795778);
#1562=CIRCLE('',#4504,1.2);
#1563=CIRCLE('',#4505,1.2);
#1564=CIRCLE('',#4506,1.2);
#1565=CIRCLE('',#4507,1.2);
#1566=CIRCLE('',#4508,1.2);
#1567=CIRCLE('',#4509,1.2);
#1568=CIRCLE('',#4510,13.7848585180386);
#1569=CIRCLE('',#4511,20.0001247965971);
#1570=CIRCLE('',#4512,1.2);
#1571=CIRCLE('',#4513,1.2);
#1572=CIRCLE('',#4514,1.2);
#1573=CIRCLE('',#4515,1.2);
#1574=CIRCLE('',#4516,20.0001247965971);
#1575=CIRCLE('',#4517,1.2);
#1576=CIRCLE('',#4518,1.2);
#1577=CIRCLE('',#4519,1.2);
#1578=CIRCLE('',#4520,1.2);
#1579=CIRCLE('',#4521,1.2);
#1580=CIRCLE('',#4522,1.2);
#1581=CIRCLE('',#4523,20.0001247965971);
#1582=CIRCLE('',#4524,2.98);
#1583=CIRCLE('',#4525,1.2);
#1584=CIRCLE('',#4526,1.2);
#1585=CIRCLE('',#4527,1.2);
#1586=CIRCLE('',#4528,1.2);
#1587=CIRCLE('',#4529,20.0001247965971);
#1588=CIRCLE('',#4530,9.53665329327062);
#1589=CIRCLE('',#4531,1.2);
#1590=CIRCLE('',#4532,1.2);
#1591=CIRCLE('',#4533,1.2);
#1592=CIRCLE('',#4534,1.2);
#1593=CIRCLE('',#4535,1.2);
#1594=CIRCLE('',#4536,1.2);
#1595=CIRCLE('',#4537,20.0001247965971);
#1596=CIRCLE('',#4538,1.2);
#1597=CIRCLE('',#4539,1.2);
#1598=CIRCLE('',#4540,4.66);
#1599=CIRCLE('',#4541,1.2);
#1600=CIRCLE('',#4542,1.2);
#1601=CIRCLE('',#4543,4.66);
#1602=CIRCLE('',#4544,1.2);
#1603=CIRCLE('',#4545,1.2);
#1604=CIRCLE('',#4546,1.2);
#1605=CIRCLE('',#4547,13.7848585180386);
#1606=CIRCLE('',#4548,1.2);
#1607=CIRCLE('',#4549,1.2);
#1608=CIRCLE('',#4550,1.2);
#1609=CIRCLE('',#4551,1.2);
#1610=CIRCLE('',#4552,9.53665329327062);
#1611=CIRCLE('',#4553,1.2);
#1612=CIRCLE('',#4554,1.2);
#1613=CIRCLE('',#4555,1.2);
#1614=CIRCLE('',#4556,1.2);
#1615=CIRCLE('',#4557,1.2);
#1616=CIRCLE('',#4558,20.0001247965971);
#1617=CIRCLE('',#4559,1.2);
#1618=CIRCLE('',#4560,1.2);
#1619=CIRCLE('',#4561,1.2);
#1620=CIRCLE('',#4562,1.2);
#1621=CIRCLE('',#4563,1.2);
#1622=CIRCLE('',#4564,1.2);
#1623=CIRCLE('',#4565,13.7848585180386);
#1624=CIRCLE('',#4566,2.98);
#1625=CIRCLE('',#4567,1.2);
#1626=CIRCLE('',#4568,1.2);
#1627=CIRCLE('',#4569,1.2);
#1628=CIRCLE('',#4570,1.2);
#1629=CIRCLE('',#4571,1.2);
#1630=CIRCLE('',#4572,1.2);
#1631=CIRCLE('',#4573,1.2);
#1632=CIRCLE('',#4575,1.2);
#1633=CIRCLE('',#4577,1.2);
#1634=CIRCLE('',#4578,1.2);
#1635=CIRCLE('',#4579,1.2);
#1636=CIRCLE('',#4580,4.66);
#1637=CIRCLE('',#4581,1.2);
#1638=CIRCLE('',#4582,1.2);
#1639=CIRCLE('',#4583,4.66);
#1640=CIRCLE('',#4584,1.2);
#1641=CIRCLE('',#4585,1.2);
#1642=CIRCLE('',#4598,1.2);
#1643=CIRCLE('',#4600,1.2);
#1644=CIRCLE('',#4603,1.2);
#1645=CIRCLE('',#4608,1.2);
#1646=CIRCLE('',#4610,1.2);
#1647=CIRCLE('',#4613,1.2);
#1648=CIRCLE('',#4616,1.2);
#1649=CIRCLE('',#4618,1.2);
#1650=CIRCLE('',#4621,1.2);
#1651=CIRCLE('',#4623,1.2);
#1652=CIRCLE('',#4625,1.2);
#1653=CIRCLE('',#4627,1.2);
#1654=CIRCLE('',#4630,1.2);
#1655=CIRCLE('',#4633,1.2);
#1656=CIRCLE('',#4636,1.2);
#1657=CIRCLE('',#4639,1.2);
#1658=CIRCLE('',#4641,1.2);
#1659=CIRCLE('',#4644,1.2);
#1660=CIRCLE('',#4647,1.2);
#1661=CIRCLE('',#4650,1.2);
#1662=CIRCLE('',#4652,1.2);
#1663=CIRCLE('',#4655,1.2);
#1664=CIRCLE('',#4657,1.2);
#1665=CIRCLE('',#4659,1.2);
#1666=CIRCLE('',#4661,1.2);
#1667=CIRCLE('',#4663,1.2);
#1668=CIRCLE('',#4666,1.2);
#1669=CIRCLE('',#4669,1.2);
#1670=CIRCLE('',#4672,1.2);
#1671=CIRCLE('',#4674,1.2);
#1672=CIRCLE('',#4676,1.2);
#1673=CIRCLE('',#4678,9.53665329327062);
#1674=CIRCLE('',#4680,1.2);
#1675=CIRCLE('',#4682,1.2);
#1676=CIRCLE('',#4684,9.53665329327062);
#1677=CIRCLE('',#4686,1.2);
#1678=CIRCLE('',#4689,1.2);
#1679=CIRCLE('',#4691,20.0001247965971);
#1680=CIRCLE('',#4693,1.2);
#1681=CIRCLE('',#4695,1.2);
#1682=CIRCLE('',#4697,20.0001247965971);
#1683=CIRCLE('',#4699,1.2);
#1684=CIRCLE('',#4701,1.2);
#1685=CIRCLE('',#4704,1.2);
#1686=CIRCLE('',#4706,1.2);
#1687=CIRCLE('',#4708,20.0001247965971);
#1688=CIRCLE('',#4710,1.2);
#1689=CIRCLE('',#4712,20.0001247965971);
#1690=CIRCLE('',#4714,1.2);
#1691=CIRCLE('',#4716,20.0001247965971);
#1692=CIRCLE('',#4718,1.2);
#1693=CIRCLE('',#4721,1.2);
#1694=CIRCLE('',#4723,13.7848585180386);
#1695=CIRCLE('',#4725,1.2);
#1696=CIRCLE('',#4727,1.2);
#1697=CIRCLE('',#4729,13.7848585180386);
#1698=CIRCLE('',#4730,13.7848585180386);
#1699=CIRCLE('',#4731,13.7848585180386);
#1700=CIRCLE('',#4733,1.2);
#1701=CIRCLE('',#4734,1.2);
#1702=CIRCLE('',#4736,1.2);
#1703=CIRCLE('',#4737,1.2);
#1704=CIRCLE('',#4777,2.98);
#1705=CIRCLE('',#4781,2.98);
#1706=CIRCLE('',#4791,20.0001247965971);
#1707=CIRCLE('',#4792,13.7848585180386);
#1708=CIRCLE('',#4793,6.03634357106366);
#1709=CIRCLE('',#4794,3.50018491795778);
#1710=CIRCLE('',#4795,10.2847624490453);
#1711=CIRCLE('',#4796,16.5000588809659);
#1712=VERTEX_POINT('',#6071);
#1713=VERTEX_POINT('',#6072);
#1714=VERTEX_POINT('',#6074);
#1715=VERTEX_POINT('',#6076);
#1716=VERTEX_POINT('',#6080);
#1717=VERTEX_POINT('',#6082);
#1718=VERTEX_POINT('',#6084);
#1719=VERTEX_POINT('',#6086);
#1720=VERTEX_POINT('',#6088);
#1721=VERTEX_POINT('',#6090);
#1722=VERTEX_POINT('',#6092);
#1723=VERTEX_POINT('',#6094);
#1724=VERTEX_POINT('',#6096);
#1725=VERTEX_POINT('',#6098);
#1726=VERTEX_POINT('',#6100);
#1727=VERTEX_POINT('',#6102);
#1728=VERTEX_POINT('',#6104);
#1729=VERTEX_POINT('',#6106);
#1730=VERTEX_POINT('',#6110);
#1731=VERTEX_POINT('',#6111);
#1732=VERTEX_POINT('',#6113);
#1733=VERTEX_POINT('',#6115);
#1734=VERTEX_POINT('',#6119);
#1735=VERTEX_POINT('',#6121);
#1736=VERTEX_POINT('',#6123);
#1737=VERTEX_POINT('',#6125);
#1738=VERTEX_POINT('',#6127);
#1739=VERTEX_POINT('',#6129);
#1740=VERTEX_POINT('',#6131);
#1741=VERTEX_POINT('',#6133);
#1742=VERTEX_POINT('',#6135);
#1743=VERTEX_POINT('',#6137);
#1744=VERTEX_POINT('',#6139);
#1745=VERTEX_POINT('',#6141);
#1746=VERTEX_POINT('',#6143);
#1747=VERTEX_POINT('',#6145);
#1748=VERTEX_POINT('',#6149);
#1749=VERTEX_POINT('',#6150);
#1750=VERTEX_POINT('',#6152);
#1751=VERTEX_POINT('',#6154);
#1752=VERTEX_POINT('',#6158);
#1753=VERTEX_POINT('',#6160);
#1754=VERTEX_POINT('',#6164);
#1755=VERTEX_POINT('',#6166);
#1756=VERTEX_POINT('',#6170);
#1757=VERTEX_POINT('',#6171);
#1758=VERTEX_POINT('',#6173);
#1759=VERTEX_POINT('',#6175);
#1760=VERTEX_POINT('',#6182);
#1761=VERTEX_POINT('',#6183);
#1762=VERTEX_POINT('',#6185);
#1763=VERTEX_POINT('',#6187);
#1764=VERTEX_POINT('',#6191);
#1765=VERTEX_POINT('',#6193);
#1766=VERTEX_POINT('',#6195);
#1767=VERTEX_POINT('',#6197);
#1768=VERTEX_POINT('',#6206);
#1769=VERTEX_POINT('',#6207);
#1770=VERTEX_POINT('',#6209);
#1771=VERTEX_POINT('',#6211);
#1772=VERTEX_POINT('',#6215);
#1773=VERTEX_POINT('',#6217);
#1774=VERTEX_POINT('',#6221);
#1775=VERTEX_POINT('',#6222);
#1776=VERTEX_POINT('',#6224);
#1777=VERTEX_POINT('',#6226);
#1778=VERTEX_POINT('',#6230);
#1779=VERTEX_POINT('',#6232);
#1780=VERTEX_POINT('',#6234);
#1781=VERTEX_POINT('',#6243);
#1782=VERTEX_POINT('',#6244);
#1783=VERTEX_POINT('',#6246);
#1784=VERTEX_POINT('',#6248);
#1785=VERTEX_POINT('',#6252);
#1786=VERTEX_POINT('',#6254);
#1787=VERTEX_POINT('',#6261);
#1788=VERTEX_POINT('',#6262);
#1789=VERTEX_POINT('',#6264);
#1790=VERTEX_POINT('',#6266);
#1791=VERTEX_POINT('',#6270);
#1792=VERTEX_POINT('',#6272);
#1793=VERTEX_POINT('',#6274);
#1794=VERTEX_POINT('',#6276);
#1795=VERTEX_POINT('',#6278);
#1796=VERTEX_POINT('',#6280);
#1797=VERTEX_POINT('',#6282);
#1798=VERTEX_POINT('',#6284);
#1799=VERTEX_POINT('',#6286);
#1800=VERTEX_POINT('',#6288);
#1801=VERTEX_POINT('',#6290);
#1802=VERTEX_POINT('',#6292);
#1803=VERTEX_POINT('',#6297);
#1804=VERTEX_POINT('',#6299);
#1805=VERTEX_POINT('',#6303);
#1806=VERTEX_POINT('',#6305);
#1807=VERTEX_POINT('',#6307);
#1808=VERTEX_POINT('',#6309);
#1809=VERTEX_POINT('',#6311);
#1810=VERTEX_POINT('',#6313);
#1811=VERTEX_POINT('',#6317);
#1812=VERTEX_POINT('',#6318);
#1813=VERTEX_POINT('',#6320);
#1814=VERTEX_POINT('',#6322);
#1815=VERTEX_POINT('',#6326);
#1816=VERTEX_POINT('',#6328);
#1817=VERTEX_POINT('',#6332);
#1818=VERTEX_POINT('',#6333);
#1819=VERTEX_POINT('',#6335);
#1820=VERTEX_POINT('',#6337);
#1821=VERTEX_POINT('',#6339);
#1822=VERTEX_POINT('',#6341);
#1823=VERTEX_POINT('',#6343);
#1824=VERTEX_POINT('',#6345);
#1825=VERTEX_POINT('',#6347);
#1826=VERTEX_POINT('',#6349);
#1827=VERTEX_POINT('',#6351);
#1828=VERTEX_POINT('',#6353);
#1829=VERTEX_POINT('',#6356);
#1830=VERTEX_POINT('',#6357);
#1831=VERTEX_POINT('',#6359);
#1832=VERTEX_POINT('',#6361);
#1833=VERTEX_POINT('',#6364);
#1834=VERTEX_POINT('',#6365);
#1835=VERTEX_POINT('',#6367);
#1836=VERTEX_POINT('',#6369);
#1837=VERTEX_POINT('',#6371);
#1838=VERTEX_POINT('',#6373);
#1839=VERTEX_POINT('',#6375);
#1840=VERTEX_POINT('',#6377);
#1841=VERTEX_POINT('',#6380);
#1842=VERTEX_POINT('',#6381);
#1843=VERTEX_POINT('',#6383);
#1844=VERTEX_POINT('',#6385);
#1845=VERTEX_POINT('',#6387);
#1846=VERTEX_POINT('',#6389);
#1847=VERTEX_POINT('',#6391);
#1848=VERTEX_POINT('',#6393);
#1849=VERTEX_POINT('',#6395);
#1850=VERTEX_POINT('',#6397);
#1851=VERTEX_POINT('',#6399);
#1852=VERTEX_POINT('',#6402);
#1853=VERTEX_POINT('',#6404);
#1854=VERTEX_POINT('',#6406);
#1855=VERTEX_POINT('',#6408);
#1856=VERTEX_POINT('',#6410);
#1857=VERTEX_POINT('',#6412);
#1858=VERTEX_POINT('',#6414);
#1859=VERTEX_POINT('',#6417);
#1860=VERTEX_POINT('',#6418);
#1861=VERTEX_POINT('',#6420);
#1862=VERTEX_POINT('',#6422);
#1863=VERTEX_POINT('',#6424);
#1864=VERTEX_POINT('',#6426);
#1865=VERTEX_POINT('',#6428);
#1866=VERTEX_POINT('',#6430);
#1867=VERTEX_POINT('',#6432);
#1868=VERTEX_POINT('',#6434);
#1869=VERTEX_POINT('',#6437);
#1870=VERTEX_POINT('',#6438);
#1871=VERTEX_POINT('',#6440);
#1872=VERTEX_POINT('',#6443);
#1873=VERTEX_POINT('',#6445);
#1874=VERTEX_POINT('',#6447);
#1875=VERTEX_POINT('',#6451);
#1876=VERTEX_POINT('',#6453);
#1877=VERTEX_POINT('',#6455);
#1878=VERTEX_POINT('',#6457);
#1879=VERTEX_POINT('',#6459);
#1880=VERTEX_POINT('',#6461);
#1881=VERTEX_POINT('',#6464);
#1882=VERTEX_POINT('',#6466);
#1883=VERTEX_POINT('',#6468);
#1884=VERTEX_POINT('',#6470);
#1885=VERTEX_POINT('',#6472);
#1886=VERTEX_POINT('',#6474);
#1887=VERTEX_POINT('',#6476);
#1888=VERTEX_POINT('',#6479);
#1889=VERTEX_POINT('',#6480);
#1890=VERTEX_POINT('',#6482);
#1891=VERTEX_POINT('',#6484);
#1892=VERTEX_POINT('',#6486);
#1893=VERTEX_POINT('',#6488);
#1894=VERTEX_POINT('',#6490);
#1895=VERTEX_POINT('',#6492);
#1896=VERTEX_POINT('',#6494);
#1897=VERTEX_POINT('',#6496);
#1898=VERTEX_POINT('',#6498);
#1899=VERTEX_POINT('',#6500);
#1900=VERTEX_POINT('',#6502);
#1901=VERTEX_POINT('',#6504);
#1902=VERTEX_POINT('',#6507);
#1903=VERTEX_POINT('',#6510);
#1904=VERTEX_POINT('',#6512);
#1905=VERTEX_POINT('',#6514);
#1906=VERTEX_POINT('',#6516);
#1907=VERTEX_POINT('',#6519);
#1908=VERTEX_POINT('',#6522);
#1909=VERTEX_POINT('',#6524);
#1910=VERTEX_POINT('',#6526);
#1911=VERTEX_POINT('',#6529);
#1912=VERTEX_POINT('',#6530);
#1913=VERTEX_POINT('',#6532);
#1914=VERTEX_POINT('',#6534);
#1915=VERTEX_POINT('',#6536);
#1916=VERTEX_POINT('',#6539);
#1917=VERTEX_POINT('',#6541);
#1918=VERTEX_POINT('',#6543);
#1919=VERTEX_POINT('',#6545);
#1920=VERTEX_POINT('',#6547);
#1921=VERTEX_POINT('',#6550);
#1922=VERTEX_POINT('',#6551);
#1923=VERTEX_POINT('',#6553);
#1924=VERTEX_POINT('',#6555);
#1925=VERTEX_POINT('',#6557);
#1926=VERTEX_POINT('',#6559);
#1927=VERTEX_POINT('',#6561);
#1928=VERTEX_POINT('',#6563);
#1929=VERTEX_POINT('',#6565);
#1930=VERTEX_POINT('',#6567);
#1931=VERTEX_POINT('',#6570);
#1932=VERTEX_POINT('',#6571);
#1933=VERTEX_POINT('',#6573);
#1934=VERTEX_POINT('',#6576);
#1935=VERTEX_POINT('',#6578);
#1936=VERTEX_POINT('',#6580);
#1937=VERTEX_POINT('',#6583);
#1938=VERTEX_POINT('',#6584);
#1939=VERTEX_POINT('',#6587);
#1940=VERTEX_POINT('',#6589);
#1941=VERTEX_POINT('',#6594);
#1942=VERTEX_POINT('',#6596);
#1943=VERTEX_POINT('',#6598);
#1944=VERTEX_POINT('',#6601);
#1945=VERTEX_POINT('',#6603);
#1946=VERTEX_POINT('',#6607);
#1947=VERTEX_POINT('',#6611);
#1948=VERTEX_POINT('',#6614);
#1949=VERTEX_POINT('',#6616);
#1950=VERTEX_POINT('',#6618);
#1951=VERTEX_POINT('',#6620);
#1952=VERTEX_POINT('',#6622);
#1953=VERTEX_POINT('',#6624);
#1954=VERTEX_POINT('',#6626);
#1955=VERTEX_POINT('',#6628);
#1956=VERTEX_POINT('',#6630);
#1957=VERTEX_POINT('',#6632);
#1958=VERTEX_POINT('',#6634);
#1959=VERTEX_POINT('',#6636);
#1960=VERTEX_POINT('',#6638);
#1961=VERTEX_POINT('',#6640);
#1962=VERTEX_POINT('',#6655);
#1963=VERTEX_POINT('',#6669);
#1964=VERTEX_POINT('',#6671);
#1965=VERTEX_POINT('',#6674);
#1966=VERTEX_POINT('',#6676);
#1967=VERTEX_POINT('',#6679);
#1968=VERTEX_POINT('',#6681);
#1969=VERTEX_POINT('',#6685);
#1970=VERTEX_POINT('',#6689);
#1971=VERTEX_POINT('',#6693);
#1972=VERTEX_POINT('',#6697);
#1973=VERTEX_POINT('',#6701);
#1974=VERTEX_POINT('',#6703);
#1975=VERTEX_POINT('',#6710);
#1976=VERTEX_POINT('',#6717);
#1977=VERTEX_POINT('',#6721);
#1978=VERTEX_POINT('',#6723);
#1979=VERTEX_POINT('',#6727);
#1980=VERTEX_POINT('',#6731);
#1981=VERTEX_POINT('',#6733);
#1982=VERTEX_POINT('',#6737);
#1983=VERTEX_POINT('',#6739);
#1984=VERTEX_POINT('',#6741);
#1985=VERTEX_POINT('',#6750);
#1986=VERTEX_POINT('',#6754);
#1987=VERTEX_POINT('',#6755);
#1988=VERTEX_POINT('',#6760);
#1989=VERTEX_POINT('',#6762);
#1990=VERTEX_POINT('',#6765);
#1991=VERTEX_POINT('',#6767);
#1992=VERTEX_POINT('',#6770);
#1993=VERTEX_POINT('',#6772);
#1994=VERTEX_POINT('',#6777);
#1995=VERTEX_POINT('',#6781);
#1996=VERTEX_POINT('',#6785);
#1997=VERTEX_POINT('',#6789);
#1998=VERTEX_POINT('',#6791);
#1999=VERTEX_POINT('',#6795);
#2000=VERTEX_POINT('',#6797);
#2001=VERTEX_POINT('',#6799);
#2002=VERTEX_POINT('',#6803);
#2003=VERTEX_POINT('',#6807);
#2004=VERTEX_POINT('',#6809);
#2005=VERTEX_POINT('',#6818);
#2006=VERTEX_POINT('',#6822);
#2007=VERTEX_POINT('',#6826);
#2008=VERTEX_POINT('',#6830);
#2009=VERTEX_POINT('',#6834);
#2010=VERTEX_POINT('',#6838);
#2011=VERTEX_POINT('',#6839);
#2012=VERTEX_POINT('',#6844);
#2013=VERTEX_POINT('',#6847);
#2014=VERTEX_POINT('',#6849);
#2015=VERTEX_POINT('',#6852);
#2016=VERTEX_POINT('',#6854);
#2017=VERTEX_POINT('',#6857);
#2018=VERTEX_POINT('',#6859);
#2019=VERTEX_POINT('',#6863);
#2020=VERTEX_POINT('',#6869);
#2021=VERTEX_POINT('',#6873);
#2022=VERTEX_POINT('',#6875);
#2023=VERTEX_POINT('',#6877);
#2024=VERTEX_POINT('',#6881);
#2025=VERTEX_POINT('',#6885);
#2026=VERTEX_POINT('',#6891);
#2027=VERTEX_POINT('',#6895);
#2028=VERTEX_POINT('',#6899);
#2029=VERTEX_POINT('',#6903);
#2030=VERTEX_POINT('',#6907);
#2031=VERTEX_POINT('',#6911);
#2032=VERTEX_POINT('',#6913);
#2033=VERTEX_POINT('',#6915);
#2034=VERTEX_POINT('',#6919);
#2035=VERTEX_POINT('',#6923);
#2036=VERTEX_POINT('',#6927);
#2037=VERTEX_POINT('',#6931);
#2038=VERTEX_POINT('',#6933);
#2039=VERTEX_POINT('',#6940);
#2040=VERTEX_POINT('',#6946);
#2041=VERTEX_POINT('',#6947);
#2042=VERTEX_POINT('',#6952);
#2043=VERTEX_POINT('',#6956);
#2044=VERTEX_POINT('',#6962);
#2045=VERTEX_POINT('',#6964);
#2046=VERTEX_POINT('',#6968);
#2047=VERTEX_POINT('',#6972);
#2048=VERTEX_POINT('',#6973);
#2049=VERTEX_POINT('',#6976);
#2050=VERTEX_POINT('',#6986);
#2051=VERTEX_POINT('',#6995);
#2052=VERTEX_POINT('',#7006);
#2053=VERTEX_POINT('',#7010);
#2054=VERTEX_POINT('',#7016);
#2055=VERTEX_POINT('',#7018);
#2056=VERTEX_POINT('',#7022);
#2057=VERTEX_POINT('',#7028);
#2058=VERTEX_POINT('',#7030);
#2059=VERTEX_POINT('',#7034);
#2060=VERTEX_POINT('',#7036);
#2061=VERTEX_POINT('',#7040);
#2062=VERTEX_POINT('',#7041);
#2063=VERTEX_POINT('',#7052);
#2064=VERTEX_POINT('',#7054);
#2065=VERTEX_POINT('',#7060);
#2066=VERTEX_POINT('',#7066);
#2067=VERTEX_POINT('',#7067);
#2068=VERTEX_POINT('',#7076);
#2069=VERTEX_POINT('',#7080);
#2070=VERTEX_POINT('',#7084);
#2071=VERTEX_POINT('',#7086);
#2072=VERTEX_POINT('',#7090);
#2073=VERTEX_POINT('',#7092);
#2074=VERTEX_POINT('',#7101);
#2075=VERTEX_POINT('',#7105);
#2076=VERTEX_POINT('',#7111);
#2077=VERTEX_POINT('',#7113);
#2078=VERTEX_POINT('',#7117);
#2079=VERTEX_POINT('',#7119);
#2080=VERTEX_POINT('',#7121);
#2081=VERTEX_POINT('',#7123);
#2082=VERTEX_POINT('',#7130);
#2083=VERTEX_POINT('',#7132);
#2084=VERTEX_POINT('',#7136);
#2085=VERTEX_POINT('',#7138);
#2086=VERTEX_POINT('',#7142);
#2087=VERTEX_POINT('',#7146);
#2088=VERTEX_POINT('',#7150);
#2089=VERTEX_POINT('',#7154);
#2090=VERTEX_POINT('',#7155);
#2091=VERTEX_POINT('',#7162);
#2092=VERTEX_POINT('',#7166);
#2093=VERTEX_POINT('',#7170);
#2094=VERTEX_POINT('',#7174);
#2095=VERTEX_POINT('',#7178);
#2096=VERTEX_POINT('',#7184);
#2097=VERTEX_POINT('',#7186);
#2098=VERTEX_POINT('',#7190);
#2099=VERTEX_POINT('',#7194);
#2100=VERTEX_POINT('',#7198);
#2101=VERTEX_POINT('',#7202);
#2102=VERTEX_POINT('',#7206);
#2103=VERTEX_POINT('',#7210);
#2104=VERTEX_POINT('',#7211);
#2105=VERTEX_POINT('',#7216);
#2106=VERTEX_POINT('',#7218);
#2107=VERTEX_POINT('',#7222);
#2108=VERTEX_POINT('',#7224);
#2109=VERTEX_POINT('',#7228);
#2110=VERTEX_POINT('',#7230);
#2111=VERTEX_POINT('',#7234);
#2112=VERTEX_POINT('',#7236);
#2113=VERTEX_POINT('',#7240);
#2114=VERTEX_POINT('',#7242);
#2115=VERTEX_POINT('',#7246);
#2116=VERTEX_POINT('',#7251);
#2117=VERTEX_POINT('',#7255);
#2118=VERTEX_POINT('',#7259);
#2119=VERTEX_POINT('',#7263);
#2120=VERTEX_POINT('',#7276);
#2121=VERTEX_POINT('',#7282);
#2122=VERTEX_POINT('',#7291);
#2123=VERTEX_POINT('',#7302);
#2124=VERTEX_POINT('',#7306);
#2125=VERTEX_POINT('',#7316);
#2126=VERTEX_POINT('',#7326);
#2127=VERTEX_POINT('',#7332);
#2128=VERTEX_POINT('',#7341);
#2129=VERTEX_POINT('',#7352);
#2130=VERTEX_POINT('',#7356);
#2131=VERTEX_POINT('',#7361);
#2132=VERTEX_POINT('',#7388);
#2133=VERTEX_POINT('',#7402);
#2134=VERTEX_POINT('',#7406);
#2135=VERTEX_POINT('',#7433);
#2136=VERTEX_POINT('',#7447);
#2137=VERTEX_POINT('',#7496);
#2138=VERTEX_POINT('',#7501);
#2139=VERTEX_POINT('',#7554);
#2140=VERTEX_POINT('',#7559);
#2141=VERTEX_POINT('',#7594);
#2142=VERTEX_POINT('',#7647);
#2143=VERTEX_POINT('',#7648);
#2144=VERTEX_POINT('',#7650);
#2145=VERTEX_POINT('',#7652);
#2146=EDGE_CURVE('',#1712,#1713,#1530,.T.);
#2147=EDGE_CURVE('',#1713,#1714,#636,.T.);
#2148=EDGE_CURVE('',#1714,#1715,#1531,.T.);
#2149=EDGE_CURVE('',#1715,#1712,#637,.T.);
#2150=EDGE_CURVE('',#1716,#1713,#638,.T.);
#2151=EDGE_CURVE('',#1717,#1716,#639,.T.);
#2152=EDGE_CURVE('',#1717,#1718,#640,.T.);
#2153=EDGE_CURVE('',#1719,#1718,#641,.T.);
#2154=EDGE_CURVE('',#1720,#1719,#642,.F.);
#2155=EDGE_CURVE('',#1721,#1720,#643,.T.);
#2156=EDGE_CURVE('',#1721,#1722,#644,.T.);
#2157=EDGE_CURVE('',#1722,#1723,#645,.T.);
#2158=EDGE_CURVE('',#1724,#1723,#646,.T.);
#2159=EDGE_CURVE('',#1725,#1724,#647,.T.);
#2160=EDGE_CURVE('',#1725,#1726,#648,.T.);
#2161=EDGE_CURVE('',#1727,#1726,#649,.T.);
#2162=EDGE_CURVE('',#1728,#1727,#650,.T.);
#2163=EDGE_CURVE('',#1729,#1728,#651,.T.);
#2164=EDGE_CURVE('',#1729,#1714,#652,.T.);
#2165=EDGE_CURVE('',#1730,#1731,#1532,.T.);
#2166=EDGE_CURVE('',#1731,#1732,#653,.T.);
#2167=EDGE_CURVE('',#1732,#1733,#1533,.T.);
#2168=EDGE_CURVE('',#1733,#1730,#654,.T.);
#2169=EDGE_CURVE('',#1734,#1731,#655,.T.);
#2170=EDGE_CURVE('',#1735,#1734,#656,.T.);
#2171=EDGE_CURVE('',#1735,#1736,#657,.T.);
#2172=EDGE_CURVE('',#1737,#1736,#658,.T.);
#2173=EDGE_CURVE('',#1738,#1737,#659,.T.);
#2174=EDGE_CURVE('',#1739,#1738,#660,.T.);
#2175=EDGE_CURVE('',#1739,#1740,#661,.T.);
#2176=EDGE_CURVE('',#1740,#1741,#662,.T.);
#2177=EDGE_CURVE('',#1742,#1741,#663,.T.);
#2178=EDGE_CURVE('',#1743,#1742,#664,.T.);
#2179=EDGE_CURVE('',#1743,#1744,#665,.T.);
#2180=EDGE_CURVE('',#1744,#1745,#666,.T.);
#2181=EDGE_CURVE('',#1746,#1745,#667,.T.);
#2182=EDGE_CURVE('',#1747,#1746,#668,.T.);
#2183=EDGE_CURVE('',#1747,#1732,#669,.T.);
#2184=EDGE_CURVE('',#1748,#1749,#1534,.T.);
#2185=EDGE_CURVE('',#1749,#1750,#670,.T.);
#2186=EDGE_CURVE('',#1750,#1751,#1535,.T.);
#2187=EDGE_CURVE('',#1751,#1748,#671,.T.);
#2188=EDGE_CURVE('',#1752,#1749,#672,.T.);
#2189=EDGE_CURVE('',#1753,#1752,#673,.T.);
#2190=EDGE_CURVE('',#1753,#1750,#674,.T.);
#2191=EDGE_CURVE('',#1754,#1753,#1536,.T.);
#2192=EDGE_CURVE('',#1752,#1755,#1537,.T.);
#2193=EDGE_CURVE('',#1755,#1754,#675,.T.);
#2194=EDGE_CURVE('',#1756,#1757,#1538,.T.);
#2195=EDGE_CURVE('',#1757,#1758,#676,.T.);
#2196=EDGE_CURVE('',#1758,#1759,#1539,.T.);
#2197=EDGE_CURVE('',#1759,#1756,#677,.T.);
#2198=EDGE_CURVE('',#1758,#1755,#678,.T.);
#2199=EDGE_CURVE('',#1757,#1754,#679,.T.);
#2200=EDGE_CURVE('',#1760,#1761,#1540,.T.);
#2201=EDGE_CURVE('',#1761,#1762,#680,.T.);
#2202=EDGE_CURVE('',#1762,#1763,#1541,.T.);
#2203=EDGE_CURVE('',#1763,#1760,#681,.T.);
#2204=EDGE_CURVE('',#1761,#1764,#682,.T.);
#2205=EDGE_CURVE('',#1765,#1764,#683,.T.);
#2206=EDGE_CURVE('',#1766,#1765,#684,.T.);
#2207=EDGE_CURVE('',#1767,#1766,#43,.T.);
#2208=EDGE_CURVE('',#1762,#1767,#685,.T.);
#2209=EDGE_CURVE('',#1768,#1769,#1542,.T.);
#2210=EDGE_CURVE('',#1769,#1770,#686,.T.);
#2211=EDGE_CURVE('',#1770,#1771,#1543,.T.);
#2212=EDGE_CURVE('',#1771,#1768,#687,.T.);
#2213=EDGE_CURVE('',#1769,#1772,#688,.T.);
#2214=EDGE_CURVE('',#1773,#1772,#689,.T.);
#2215=EDGE_CURVE('',#1770,#1773,#690,.T.);
#2216=EDGE_CURVE('',#1774,#1775,#1544,.T.);
#2217=EDGE_CURVE('',#1775,#1776,#691,.T.);
#2218=EDGE_CURVE('',#1776,#1777,#1545,.T.);
#2219=EDGE_CURVE('',#1777,#1774,#692,.T.);
#2220=EDGE_CURVE('',#1775,#1778,#693,.T.);
#2221=EDGE_CURVE('',#1779,#1778,#694,.T.);
#2222=EDGE_CURVE('',#1780,#1779,#44,.T.);
#2223=EDGE_CURVE('',#1776,#1780,#695,.T.);
#2224=EDGE_CURVE('',#1781,#1782,#1546,.T.);
#2225=EDGE_CURVE('',#1782,#1783,#696,.T.);
#2226=EDGE_CURVE('',#1783,#1784,#1547,.T.);
#2227=EDGE_CURVE('',#1784,#1781,#697,.T.);
#2228=EDGE_CURVE('',#1782,#1785,#698,.T.);
#2229=EDGE_CURVE('',#1786,#1785,#699,.T.);
#2230=EDGE_CURVE('',#1783,#1786,#700,.T.);
#2231=EDGE_CURVE('',#1746,#1786,#1548,.T.);
#2232=EDGE_CURVE('',#1785,#1747,#1549,.T.);
#2233=EDGE_CURVE('',#1787,#1788,#1550,.T.);
#2234=EDGE_CURVE('',#1788,#1789,#701,.T.);
#2235=EDGE_CURVE('',#1789,#1790,#1551,.T.);
#2236=EDGE_CURVE('',#1790,#1787,#702,.T.);
#2237=EDGE_CURVE('',#1751,#1791,#703,.T.);
#2238=EDGE_CURVE('',#1791,#1792,#704,.T.);
#2239=EDGE_CURVE('',#1793,#1792,#705,.T.);
#2240=EDGE_CURVE('',#1794,#1793,#706,.T.);
#2241=EDGE_CURVE('',#1794,#1795,#707,.T.);
#2242=EDGE_CURVE('',#1796,#1795,#708,.T.);
#2243=EDGE_CURVE('',#1797,#1796,#709,.T.);
#2244=EDGE_CURVE('',#1798,#1797,#710,.T.);
#2245=EDGE_CURVE('',#1798,#1799,#711,.T.);
#2246=EDGE_CURVE('',#1800,#1799,#712,.T.);
#2247=EDGE_CURVE('',#1801,#1800,#713,.T.);
#2248=EDGE_CURVE('',#1802,#1801,#714,.T.);
#2249=EDGE_CURVE('',#1802,#1789,#715,.T.);
#2250=EDGE_CURVE('',#1748,#1788,#716,.T.);
#2251=EDGE_CURVE('',#1734,#1803,#1552,.T.);
#2252=EDGE_CURVE('',#1803,#1804,#717,.T.);
#2253=EDGE_CURVE('',#1804,#1735,#1553,.T.);
#2254=EDGE_CURVE('',#1805,#1803,#718,.T.);
#2255=EDGE_CURVE('',#1806,#1805,#719,.T.);
#2256=EDGE_CURVE('',#1807,#1806,#720,.T.);
#2257=EDGE_CURVE('',#1808,#1807,#721,.T.);
#2258=EDGE_CURVE('',#1808,#1809,#722,.T.);
#2259=EDGE_CURVE('',#1809,#1810,#723,.T.);
#2260=EDGE_CURVE('',#1810,#1804,#724,.T.);
#2261=EDGE_CURVE('',#1811,#1812,#1554,.T.);
#2262=EDGE_CURVE('',#1812,#1813,#725,.T.);
#2263=EDGE_CURVE('',#1813,#1814,#1555,.T.);
#2264=EDGE_CURVE('',#1814,#1811,#726,.T.);
#2265=EDGE_CURVE('',#1814,#1815,#1556,.T.);
#2266=EDGE_CURVE('',#1816,#1815,#727,.T.);
#2267=EDGE_CURVE('',#1811,#1816,#1557,.T.);
#2268=EDGE_CURVE('',#1817,#1818,#728,.T.);
#2269=EDGE_CURVE('',#1819,#1817,#729,.T.);
#2270=EDGE_CURVE('',#1820,#1819,#730,.T.);
#2271=EDGE_CURVE('',#1821,#1820,#731,.T.);
#2272=EDGE_CURVE('',#1822,#1821,#732,.T.);
#2273=EDGE_CURVE('',#1823,#1822,#733,.T.);
#2274=EDGE_CURVE('',#1824,#1823,#734,.T.);
#2275=EDGE_CURVE('',#1825,#1824,#735,.T.);
#2276=EDGE_CURVE('',#1826,#1825,#736,.T.);
#2277=EDGE_CURVE('',#1827,#1826,#737,.T.);
#2278=EDGE_CURVE('',#1828,#1827,#738,.T.);
#2279=EDGE_CURVE('',#1818,#1828,#739,.T.);
#2280=EDGE_CURVE('',#1829,#1830,#1558,.T.);
#2281=EDGE_CURVE('',#1831,#1829,#1559,.T.);
#2282=EDGE_CURVE('',#1832,#1831,#1560,.T.);
#2283=EDGE_CURVE('',#1830,#1832,#1561,.T.);
#2284=EDGE_CURVE('',#1833,#1834,#740,.T.);
#2285=EDGE_CURVE('',#1835,#1833,#741,.T.);
#2286=EDGE_CURVE('',#1836,#1835,#742,.T.);
#2287=EDGE_CURVE('',#1837,#1836,#1562,.T.);
#2288=EDGE_CURVE('',#1838,#1837,#743,.T.);
#2289=EDGE_CURVE('',#1839,#1838,#744,.T.);
#2290=EDGE_CURVE('',#1840,#1839,#745,.T.);
#2291=EDGE_CURVE('',#1834,#1840,#1563,.T.);
#2292=EDGE_CURVE('',#1841,#1842,#1564,.T.);
#2293=EDGE_CURVE('',#1843,#1841,#746,.T.);
#2294=EDGE_CURVE('',#1844,#1843,#1565,.T.);
#2295=EDGE_CURVE('',#1845,#1844,#747,.T.);
#2296=EDGE_CURVE('',#1846,#1845,#1566,.T.);
#2297=EDGE_CURVE('',#1847,#1846,#748,.T.);
#2298=EDGE_CURVE('',#1848,#1847,#1567,.T.);
#2299=EDGE_CURVE('',#1849,#1848,#1568,.T.);
#2300=EDGE_CURVE('',#1850,#1849,#1569,.T.);
#2301=EDGE_CURVE('',#1851,#1850,#1570,.T.);
#2302=EDGE_CURVE('',#1842,#1851,#749,.T.);
#2303=EDGE_CURVE('',#1852,#1729,#1571,.T.);
#2304=EDGE_CURVE('',#1853,#1852,#750,.T.);
#2305=EDGE_CURVE('',#1854,#1853,#1572,.T.);
#2306=EDGE_CURVE('',#1855,#1854,#751,.T.);
#2307=EDGE_CURVE('',#1856,#1855,#1573,.T.);
#2308=EDGE_CURVE('',#1857,#1856,#1574,.T.);
#2309=EDGE_CURVE('',#1858,#1857,#1575,.T.);
#2310=EDGE_CURVE('',#1715,#1858,#752,.T.);
#2311=EDGE_CURVE('',#1859,#1860,#1576,.T.);
#2312=EDGE_CURVE('',#1861,#1859,#753,.T.);
#2313=EDGE_CURVE('',#1862,#1861,#1577,.T.);
#2314=EDGE_CURVE('',#1863,#1862,#754,.T.);
#2315=EDGE_CURVE('',#1864,#1863,#1578,.T.);
#2316=EDGE_CURVE('',#1865,#1864,#755,.T.);
#2317=EDGE_CURVE('',#1866,#1865,#1579,.T.);
#2318=EDGE_CURVE('',#1867,#1866,#756,.T.);
#2319=EDGE_CURVE('',#1868,#1867,#1580,.T.);
#2320=EDGE_CURVE('',#1860,#1868,#1581,.T.);
#2321=EDGE_CURVE('',#1869,#1870,#1582,.T.);
#2322=EDGE_CURVE('',#1871,#1869,#757,.T.);
#2323=EDGE_CURVE('',#1726,#1871,#1583,.T.);
#2324=EDGE_CURVE('',#1872,#1725,#758,.T.);
#2325=EDGE_CURVE('',#1873,#1872,#759,.T.);
#2326=EDGE_CURVE('',#1874,#1873,#1584,.T.);
#2327=EDGE_CURVE('',#1870,#1874,#760,.T.);
#2328=EDGE_CURVE('',#1772,#1798,#1585,.T.);
#2329=EDGE_CURVE('',#1875,#1768,#761,.T.);
#2330=EDGE_CURVE('',#1876,#1875,#1586,.T.);
#2331=EDGE_CURVE('',#1877,#1876,#1587,.T.);
#2332=EDGE_CURVE('',#1878,#1877,#1588,.T.);
#2333=EDGE_CURVE('',#1879,#1878,#1589,.T.);
#2334=EDGE_CURVE('',#1880,#1879,#762,.T.);
#2335=EDGE_CURVE('',#1799,#1880,#1590,.T.);
#2336=EDGE_CURVE('',#1778,#1881,#1591,.T.);
#2337=EDGE_CURVE('',#1882,#1774,#763,.T.);
#2338=EDGE_CURVE('',#1883,#1882,#1592,.T.);
#2339=EDGE_CURVE('',#1884,#1883,#764,.T.);
#2340=EDGE_CURVE('',#1885,#1884,#1593,.T.);
#2341=EDGE_CURVE('',#1886,#1885,#765,.T.);
#2342=EDGE_CURVE('',#1887,#1886,#1594,.T.);
#2343=EDGE_CURVE('',#1881,#1887,#1595,.T.);
#2344=EDGE_CURVE('',#1888,#1889,#1596,.T.);
#2345=EDGE_CURVE('',#1890,#1888,#766,.T.);
#2346=EDGE_CURVE('',#1891,#1890,#1597,.T.);
#2347=EDGE_CURVE('',#1892,#1891,#767,.T.);
#2348=EDGE_CURVE('',#1893,#1892,#1598,.T.);
#2349=EDGE_CURVE('',#1894,#1893,#1599,.T.);
#2350=EDGE_CURVE('',#1895,#1894,#768,.T.);
#2351=EDGE_CURVE('',#1896,#1895,#769,.T.);
#2352=EDGE_CURVE('',#1897,#1896,#770,.T.);
#2353=EDGE_CURVE('',#1898,#1897,#1600,.T.);
#2354=EDGE_CURVE('',#1899,#1898,#1601,.T.);
#2355=EDGE_CURVE('',#1900,#1899,#1602,.T.);
#2356=EDGE_CURVE('',#1901,#1900,#771,.T.);
#2357=EDGE_CURVE('',#1736,#1901,#1603,.T.);
#2358=EDGE_CURVE('',#1810,#1902,#772,.T.);
#2359=EDGE_CURVE('',#1733,#1902,#773,.T.);
#2360=EDGE_CURVE('',#1903,#1781,#774,.T.);
#2361=EDGE_CURVE('',#1903,#1904,#1604,.F.);
#2362=EDGE_CURVE('',#1905,#1904,#1605,.T.);
#2363=EDGE_CURVE('',#1906,#1905,#1606,.T.);
#2364=EDGE_CURVE('',#1889,#1906,#775,.T.);
#2365=EDGE_CURVE('',#1764,#1907,#1607,.T.);
#2366=EDGE_CURVE('',#1790,#1760,#776,.T.);
#2367=EDGE_CURVE('',#1908,#1802,#1608,.T.);
#2368=EDGE_CURVE('',#1909,#1908,#777,.T.);
#2369=EDGE_CURVE('',#1910,#1909,#1609,.T.);
#2370=EDGE_CURVE('',#1907,#1910,#1610,.T.);
#2371=EDGE_CURVE('',#1911,#1912,#1611,.T.);
#2372=EDGE_CURVE('',#1913,#1911,#778,.T.);
#2373=EDGE_CURVE('',#1914,#1913,#1612,.T.);
#2374=EDGE_CURVE('',#1915,#1914,#779,.T.);
#2375=EDGE_CURVE('',#1718,#1915,#1613,.T.);
#2376=EDGE_CURVE('',#1916,#1717,#1614,.T.);
#2377=EDGE_CURVE('',#1917,#1916,#780,.T.);
#2378=EDGE_CURVE('',#1918,#1917,#1615,.T.);
#2379=EDGE_CURVE('',#1919,#1918,#1616,.T.);
#2380=EDGE_CURVE('',#1920,#1919,#1617,.T.);
#2381=EDGE_CURVE('',#1912,#1920,#781,.T.);
#2382=EDGE_CURVE('',#1921,#1922,#1618,.T.);
#2383=EDGE_CURVE('',#1923,#1921,#782,.T.);
#2384=EDGE_CURVE('',#1924,#1923,#1619,.T.);
#2385=EDGE_CURVE('',#1925,#1924,#783,.T.);
#2386=EDGE_CURVE('',#1926,#1925,#1620,.T.);
#2387=EDGE_CURVE('',#1927,#1926,#784,.T.);
#2388=EDGE_CURVE('',#1928,#1927,#1621,.T.);
#2389=EDGE_CURVE('',#1929,#1928,#785,.T.);
#2390=EDGE_CURVE('',#1930,#1929,#1622,.T.);
#2391=EDGE_CURVE('',#1922,#1930,#1623,.T.);
#2392=EDGE_CURVE('',#1931,#1932,#1624,.T.);
#2393=EDGE_CURVE('',#1933,#1931,#786,.T.);
#2394=EDGE_CURVE('',#1795,#1933,#1625,.T.);
#2395=EDGE_CURVE('',#1934,#1794,#787,.T.);
#2396=EDGE_CURVE('',#1935,#1934,#788,.T.);
#2397=EDGE_CURVE('',#1936,#1935,#1626,.T.);
#2398=EDGE_CURVE('',#1932,#1936,#789,.T.);
#2399=EDGE_CURVE('',#1937,#1938,#790,.T.);
#2400=EDGE_CURVE('',#1722,#1937,#791,.T.);
#2401=EDGE_CURVE('',#1939,#1721,#1627,.T.);
#2402=EDGE_CURVE('',#1940,#1939,#792,.T.);
#2403=EDGE_CURVE('',#1938,#1940,#1628,.T.);
#2404=EDGE_CURVE('',#1791,#1743,#793,.T.);
#2405=EDGE_CURVE('',#1744,#1756,#794,.T.);
#2406=EDGE_CURVE('',#1941,#1813,#795,.T.);
#2407=EDGE_CURVE('',#1942,#1941,#1629,.T.);
#2408=EDGE_CURVE('',#1943,#1942,#796,.T.);
#2409=EDGE_CURVE('',#1740,#1943,#797,.T.);
#2410=EDGE_CURVE('',#1944,#1739,#1630,.T.);
#2411=EDGE_CURVE('',#1945,#1944,#798,.T.);
#2412=EDGE_CURVE('',#1815,#1945,#1631,.T.);
#2413=EDGE_CURVE('',#1946,#1816,#1632,.T.);
#2414=EDGE_CURVE('',#1945,#1946,#799,.T.);
#2415=EDGE_CURVE('',#1946,#1947,#800,.T.);
#2416=EDGE_CURVE('',#1738,#1947,#1633,.T.);
#2417=EDGE_CURVE('',#1948,#1737,#1634,.T.);
#2418=EDGE_CURVE('',#1948,#1949,#801,.T.);
#2419=EDGE_CURVE('',#1950,#1949,#1635,.T.);
#2420=EDGE_CURVE('',#1950,#1951,#1636,.T.);
#2421=EDGE_CURVE('',#1952,#1951,#1637,.T.);
#2422=EDGE_CURVE('',#1952,#1953,#802,.T.);
#2423=EDGE_CURVE('',#1954,#1953,#803,.T.);
#2424=EDGE_CURVE('',#1954,#1955,#804,.T.);
#2425=EDGE_CURVE('',#1956,#1955,#1638,.T.);
#2426=EDGE_CURVE('',#1956,#1957,#1639,.T.);
#2427=EDGE_CURVE('',#1957,#1958,#805,.T.);
#2428=EDGE_CURVE('',#1959,#1958,#1640,.T.);
#2429=EDGE_CURVE('',#1959,#1960,#806,.T.);
#2430=EDGE_CURVE('',#1961,#1960,#1641,.T.);
#2431=EDGE_CURVE('',#1961,#1812,#807,.T.);
#2432=EDGE_CURVE('',#1947,#1944,#808,.T.);
#2433=EDGE_CURVE('',#1893,#1956,#809,.T.);
#2434=EDGE_CURVE('',#1955,#1894,#810,.T.);
#2435=EDGE_CURVE('',#1892,#1957,#811,.T.);
#2436=EDGE_CURVE('',#1897,#1952,#812,.T.);
#2437=EDGE_CURVE('',#1951,#1898,#813,.T.);
#2438=EDGE_CURVE('',#1896,#1962,#814,.T.);
#2439=EDGE_CURVE('',#1953,#1962,#815,.T.);
#2440=EDGE_CURVE('',#1899,#1950,#816,.T.);
#2441=EDGE_CURVE('',#1949,#1900,#817,.T.);
#2442=EDGE_CURVE('',#1901,#1948,#818,.T.);
#2443=EDGE_CURVE('',#1960,#1942,#819,.T.);
#2444=EDGE_CURVE('',#1941,#1961,#820,.T.);
#2445=EDGE_CURVE('',#1890,#1959,#821,.T.);
#2446=EDGE_CURVE('',#1963,#1888,#822,.T.);
#2447=EDGE_CURVE('',#1964,#1963,#823,.T.);
#2448=EDGE_CURVE('',#1927,#1964,#824,.T.);
#2449=EDGE_CURVE('',#1965,#1926,#825,.T.);
#2450=EDGE_CURVE('',#1966,#1965,#826,.T.);
#2451=EDGE_CURVE('',#1836,#1966,#827,.T.);
#2452=EDGE_CURVE('',#1835,#1967,#828,.T.);
#2453=EDGE_CURVE('',#1968,#1967,#829,.T.);
#2454=EDGE_CURVE('',#1943,#1968,#830,.T.);
#2455=EDGE_CURVE('',#1969,#1963,#1642,.T.);
#2456=EDGE_CURVE('',#1889,#1969,#831,.T.);
#2457=EDGE_CURVE('',#1966,#1970,#1643,.T.);
#2458=EDGE_CURVE('',#1970,#1837,#832,.T.);
#2459=EDGE_CURVE('',#1971,#1970,#833,.T.);
#2460=EDGE_CURVE('',#1838,#1971,#834,.T.);
#2461=EDGE_CURVE('',#1964,#1972,#1644,.T.);
#2462=EDGE_CURVE('',#1972,#1928,#835,.T.);
#2463=EDGE_CURVE('',#1973,#1972,#836,.T.);
#2464=EDGE_CURVE('',#1974,#1973,#45,.T.);
#2465=EDGE_CURVE('',#1975,#1974,#837,.T.);
#2466=EDGE_CURVE('',#1929,#1975,#838,.T.);
#2467=EDGE_CURVE('',#1958,#1891,#839,.T.);
#2468=EDGE_CURVE('',#1976,#1965,#1645,.T.);
#2469=EDGE_CURVE('',#1925,#1976,#840,.T.);
#2470=EDGE_CURVE('',#1845,#1977,#841,.T.);
#2471=EDGE_CURVE('',#1977,#1978,#1646,.T.);
#2472=EDGE_CURVE('',#1978,#1846,#842,.T.);
#2473=EDGE_CURVE('',#1979,#1844,#843,.T.);
#2474=EDGE_CURVE('',#1977,#1979,#844,.T.);
#2475=EDGE_CURVE('',#1923,#1980,#845,.T.);
#2476=EDGE_CURVE('',#1980,#1981,#1647,.T.);
#2477=EDGE_CURVE('',#1981,#1924,#846,.T.);
#2478=EDGE_CURVE('',#1982,#1921,#847,.T.);
#2479=EDGE_CURVE('',#1983,#1982,#848,.T.);
#2480=EDGE_CURVE('',#1984,#1983,#46,.T.);
#2481=EDGE_CURVE('',#1980,#1984,#849,.T.);
#2482=EDGE_CURVE('',#1985,#1979,#1648,.T.);
#2483=EDGE_CURVE('',#1843,#1985,#850,.T.);
#2484=EDGE_CURVE('',#1986,#1987,#1649,.T.);
#2485=EDGE_CURVE('',#1987,#1834,#851,.T.);
#2486=EDGE_CURVE('',#1840,#1986,#852,.T.);
#2487=EDGE_CURVE('',#1988,#1841,#853,.T.);
#2488=EDGE_CURVE('',#1989,#1988,#854,.T.);
#2489=EDGE_CURVE('',#1865,#1989,#855,.T.);
#2490=EDGE_CURVE('',#1990,#1864,#856,.T.);
#2491=EDGE_CURVE('',#1991,#1990,#857,.T.);
#2492=EDGE_CURVE('',#1873,#1991,#858,.T.);
#2493=EDGE_CURVE('',#1872,#1992,#859,.T.);
#2494=EDGE_CURVE('',#1993,#1992,#860,.T.);
#2495=EDGE_CURVE('',#1833,#1993,#861,.T.);
#2496=EDGE_CURVE('',#1985,#1987,#862,.T.);
#2497=EDGE_CURVE('',#1994,#1988,#1650,.T.);
#2498=EDGE_CURVE('',#1842,#1994,#863,.T.);
#2499=EDGE_CURVE('',#1995,#1990,#1651,.T.);
#2500=EDGE_CURVE('',#1863,#1995,#864,.T.);
#2501=EDGE_CURVE('',#1996,#1727,#1652,.T.);
#2502=EDGE_CURVE('',#1871,#1996,#865,.T.);
#2503=EDGE_CURVE('',#1861,#1997,#866,.T.);
#2504=EDGE_CURVE('',#1997,#1998,#1653,.T.);
#2505=EDGE_CURVE('',#1998,#1862,#867,.T.);
#2506=EDGE_CURVE('',#1999,#1859,#868,.T.);
#2507=EDGE_CURVE('',#2000,#1999,#869,.T.);
#2508=EDGE_CURVE('',#2001,#2000,#870,.T.);
#2509=EDGE_CURVE('',#1997,#2001,#871,.T.);
#2510=EDGE_CURVE('',#1989,#2002,#1654,.T.);
#2511=EDGE_CURVE('',#2002,#1866,#872,.T.);
#2512=EDGE_CURVE('',#2003,#2002,#873,.T.);
#2513=EDGE_CURVE('',#2004,#2003,#47,.T.);
#2514=EDGE_CURVE('',#1867,#2004,#874,.T.);
#2515=EDGE_CURVE('',#1991,#2005,#1655,.T.);
#2516=EDGE_CURVE('',#2005,#1874,#875,.T.);
#2517=EDGE_CURVE('',#2006,#2005,#876,.T.);
#2518=EDGE_CURVE('',#1870,#2006,#877,.T.);
#2519=EDGE_CURVE('',#1728,#2007,#1656,.T.);
#2520=EDGE_CURVE('',#2007,#1852,#878,.T.);
#2521=EDGE_CURVE('',#2008,#2007,#879,.T.);
#2522=EDGE_CURVE('',#1853,#2008,#880,.T.);
#2523=EDGE_CURVE('',#2008,#2009,#1657,.T.);
#2524=EDGE_CURVE('',#2009,#1854,#881,.T.);
#2525=EDGE_CURVE('',#2010,#2011,#1658,.F.);
#2526=EDGE_CURVE('',#2011,#1938,#882,.T.);
#2527=EDGE_CURVE('',#1940,#2010,#883,.T.);
#2528=EDGE_CURVE('',#2012,#2011,#884,.F.);
#2529=EDGE_CURVE('',#1913,#2012,#885,.T.);
#2530=EDGE_CURVE('',#2013,#1911,#886,.T.);
#2531=EDGE_CURVE('',#2014,#2013,#887,.T.);
#2532=EDGE_CURVE('',#1884,#2014,#888,.T.);
#2533=EDGE_CURVE('',#2015,#1883,#889,.T.);
#2534=EDGE_CURVE('',#2016,#2015,#890,.T.);
#2535=EDGE_CURVE('',#1935,#2016,#891,.T.);
#2536=EDGE_CURVE('',#1934,#2017,#892,.T.);
#2537=EDGE_CURVE('',#2018,#2017,#893,.T.);
#2538=EDGE_CURVE('',#1937,#2018,#894,.T.);
#2539=EDGE_CURVE('',#1720,#2019,#1659,.F.);
#2540=EDGE_CURVE('',#2019,#1939,#895,.T.);
#2541=EDGE_CURVE('',#2010,#2019,#896,.T.);
#2542=EDGE_CURVE('',#1716,#2020,#1660,.T.);
#2543=EDGE_CURVE('',#2020,#1916,#897,.T.);
#2544=EDGE_CURVE('',#2021,#2020,#898,.T.);
#2545=EDGE_CURVE('',#2022,#2021,#899,.T.);
#2546=EDGE_CURVE('',#2023,#2022,#900,.T.);
#2547=EDGE_CURVE('',#1917,#2023,#901,.T.);
#2548=EDGE_CURVE('',#2024,#1719,#1661,.F.);
#2549=EDGE_CURVE('',#1915,#2024,#902,.T.);
#2550=EDGE_CURVE('',#2012,#2025,#1662,.F.);
#2551=EDGE_CURVE('',#2025,#1914,#903,.T.);
#2552=EDGE_CURVE('',#2024,#2025,#904,.T.);
#2553=EDGE_CURVE('',#2026,#2013,#1663,.T.);
#2554=EDGE_CURVE('',#1912,#2026,#905,.T.);
#2555=EDGE_CURVE('',#2027,#2015,#1664,.T.);
#2556=EDGE_CURVE('',#1882,#2027,#906,.T.);
#2557=EDGE_CURVE('',#2028,#1796,#1665,.T.);
#2558=EDGE_CURVE('',#1933,#2028,#907,.T.);
#2559=EDGE_CURVE('',#2029,#1800,#1666,.T.);
#2560=EDGE_CURVE('',#1880,#2029,#908,.T.);
#2561=EDGE_CURVE('',#2014,#2030,#1667,.T.);
#2562=EDGE_CURVE('',#2030,#1885,#909,.T.);
#2563=EDGE_CURVE('',#2031,#2030,#910,.T.);
#2564=EDGE_CURVE('',#2032,#2031,#911,.T.);
#2565=EDGE_CURVE('',#2033,#2032,#912,.T.);
#2566=EDGE_CURVE('',#1886,#2033,#913,.T.);
#2567=EDGE_CURVE('',#2016,#2034,#1668,.T.);
#2568=EDGE_CURVE('',#2034,#1936,#914,.T.);
#2569=EDGE_CURVE('',#2035,#2034,#915,.T.);
#2570=EDGE_CURVE('',#1932,#2035,#916,.T.);
#2571=EDGE_CURVE('',#1801,#2036,#1669,.T.);
#2572=EDGE_CURVE('',#2036,#1908,#917,.T.);
#2573=EDGE_CURVE('',#2037,#2036,#918,.T.);
#2574=EDGE_CURVE('',#2038,#2037,#48,.T.);
#2575=EDGE_CURVE('',#2039,#2038,#919,.T.);
#2576=EDGE_CURVE('',#1909,#2039,#920,.T.);
#2577=EDGE_CURVE('',#1797,#1773,#1670,.T.);
#2578=EDGE_CURVE('',#2040,#2041,#1671,.T.);
#2579=EDGE_CURVE('',#2041,#1904,#921,.T.);
#2580=EDGE_CURVE('',#1903,#2040,#922,.T.);
#2581=EDGE_CURVE('',#1907,#2042,#923,.T.);
#2582=EDGE_CURVE('',#2042,#1765,#1672,.T.);
#2583=EDGE_CURVE('',#2043,#1910,#924,.T.);
#2584=EDGE_CURVE('',#2042,#2043,#1673,.T.);
#2585=EDGE_CURVE('',#2039,#2043,#1674,.T.);
#2586=EDGE_CURVE('',#1878,#2044,#925,.T.);
#2587=EDGE_CURVE('',#2044,#2045,#1675,.T.);
#2588=EDGE_CURVE('',#2045,#1879,#926,.T.);
#2589=EDGE_CURVE('',#1877,#2046,#927,.T.);
#2590=EDGE_CURVE('',#2044,#2046,#1676,.T.);
#2591=EDGE_CURVE('',#2047,#2048,#1677,.T.);
#2592=EDGE_CURVE('',#2048,#1876,#928,.T.);
#2593=EDGE_CURVE('',#1875,#2049,#929,.T.);
#2594=EDGE_CURVE('',#2049,#2047,#49,.T.);
#2595=EDGE_CURVE('',#2050,#1771,#930,.T.);
#2596=EDGE_CURVE('',#2049,#2050,#50,.T.);
#2597=EDGE_CURVE('',#1779,#2051,#51,.F.);
#2598=EDGE_CURVE('',#1881,#2052,#931,.T.);
#2599=EDGE_CURVE('',#2051,#2052,#1678,.F.);
#2600=EDGE_CURVE('',#2053,#1887,#932,.T.);
#2601=EDGE_CURVE('',#2052,#2053,#1679,.T.);
#2602=EDGE_CURVE('',#2033,#2053,#1680,.T.);
#2603=EDGE_CURVE('',#1919,#2054,#933,.T.);
#2604=EDGE_CURVE('',#2054,#2055,#1681,.T.);
#2605=EDGE_CURVE('',#2055,#1920,#934,.T.);
#2606=EDGE_CURVE('',#2056,#1918,#935,.T.);
#2607=EDGE_CURVE('',#2054,#2056,#1682,.T.);
#2608=EDGE_CURVE('',#2023,#2056,#1683,.T.);
#2609=EDGE_CURVE('',#1855,#2057,#936,.T.);
#2610=EDGE_CURVE('',#2057,#2058,#1684,.T.);
#2611=EDGE_CURVE('',#2058,#1856,#937,.T.);
#2612=EDGE_CURVE('',#2059,#2009,#938,.T.);
#2613=EDGE_CURVE('',#2060,#2059,#939,.T.);
#2614=EDGE_CURVE('',#2057,#2060,#940,.T.);
#2615=EDGE_CURVE('',#2061,#2062,#1685,.T.);
#2616=EDGE_CURVE('',#2062,#1868,#941,.T.);
#2617=EDGE_CURVE('',#2004,#2061,#52,.T.);
#2618=EDGE_CURVE('',#1857,#2063,#942,.T.);
#2619=EDGE_CURVE('',#2063,#2064,#1686,.T.);
#2620=EDGE_CURVE('',#2064,#1858,#943,.T.);
#2621=EDGE_CURVE('',#2063,#2058,#1687,.T.);
#2622=EDGE_CURVE('',#1860,#2065,#944,.T.);
#2623=EDGE_CURVE('',#2065,#1999,#1688,.T.);
#2624=EDGE_CURVE('',#2065,#2062,#1689,.T.);
#2625=EDGE_CURVE('',#2066,#2067,#53,.F.);
#2626=EDGE_CURVE('',#2066,#1851,#945,.T.);
#2627=EDGE_CURVE('',#1850,#2068,#946,.T.);
#2628=EDGE_CURVE('',#2067,#2068,#1690,.F.);
#2629=EDGE_CURVE('',#1849,#2069,#947,.T.);
#2630=EDGE_CURVE('',#2068,#2069,#1691,.T.);
#2631=EDGE_CURVE('',#1847,#2070,#948,.T.);
#2632=EDGE_CURVE('',#2070,#2071,#1692,.T.);
#2633=EDGE_CURVE('',#2071,#1848,#949,.T.);
#2634=EDGE_CURVE('',#2072,#1978,#950,.T.);
#2635=EDGE_CURVE('',#2073,#2072,#54,.T.);
#2636=EDGE_CURVE('',#2070,#2073,#951,.T.);
#2637=EDGE_CURVE('',#1922,#2074,#952,.T.);
#2638=EDGE_CURVE('',#2074,#1982,#1693,.T.);
#2639=EDGE_CURVE('',#2075,#1930,#953,.T.);
#2640=EDGE_CURVE('',#2074,#2075,#1694,.T.);
#2641=EDGE_CURVE('',#1975,#2075,#1695,.T.);
#2642=EDGE_CURVE('',#1905,#2076,#954,.T.);
#2643=EDGE_CURVE('',#2076,#2077,#1696,.T.);
#2644=EDGE_CURVE('',#2077,#1906,#955,.T.);
#2645=EDGE_CURVE('',#2078,#2041,#1697,.T.);
#2646=EDGE_CURVE('',#2079,#2078,#956,.T.);
#2647=EDGE_CURVE('',#2079,#2080,#1698,.T.);
#2648=EDGE_CURVE('',#2081,#2080,#957,.T.);
#2649=EDGE_CURVE('',#2076,#2081,#1699,.T.);
#2650=EDGE_CURVE('',#2080,#1808,#1700,.T.);
#2651=EDGE_CURVE('',#1807,#2081,#1701,.T.);
#2652=EDGE_CURVE('',#2082,#2079,#1702,.T.);
#2653=EDGE_CURVE('',#2078,#2083,#1703,.T.);
#2654=EDGE_CURVE('',#2083,#2082,#958,.T.);
#2655=EDGE_CURVE('',#1822,#2084,#959,.T.);
#2656=EDGE_CURVE('',#2084,#2085,#960,.T.);
#2657=EDGE_CURVE('',#1823,#2085,#961,.T.);
#2658=EDGE_CURVE('',#1821,#2086,#962,.T.);
#2659=EDGE_CURVE('',#2086,#2084,#963,.T.);
#2660=EDGE_CURVE('',#1820,#2087,#964,.T.);
#2661=EDGE_CURVE('',#2087,#2086,#965,.T.);
#2662=EDGE_CURVE('',#1819,#2088,#966,.T.);
#2663=EDGE_CURVE('',#2088,#2087,#967,.T.);
#2664=EDGE_CURVE('',#2089,#2090,#968,.T.);
#2665=EDGE_CURVE('',#2090,#1817,#969,.T.);
#2666=EDGE_CURVE('',#1818,#2089,#970,.T.);
#2667=EDGE_CURVE('',#2090,#2088,#971,.T.);
#2668=EDGE_CURVE('',#2091,#2089,#972,.T.);
#2669=EDGE_CURVE('',#1828,#2091,#973,.T.);
#2670=EDGE_CURVE('',#2092,#2091,#974,.T.);
#2671=EDGE_CURVE('',#1827,#2092,#975,.T.);
#2672=EDGE_CURVE('',#2093,#2092,#976,.T.);
#2673=EDGE_CURVE('',#1826,#2093,#977,.T.);
#2674=EDGE_CURVE('',#2094,#2093,#978,.T.);
#2675=EDGE_CURVE('',#1825,#2094,#979,.T.);
#2676=EDGE_CURVE('',#2095,#2094,#980,.T.);
#2677=EDGE_CURVE('',#1824,#2095,#981,.T.);
#2678=EDGE_CURVE('',#2085,#2095,#982,.T.);
#2679=EDGE_CURVE('',#2084,#2096,#983,.T.);
#2680=EDGE_CURVE('',#2097,#2096,#984,.T.);
#2681=EDGE_CURVE('',#2085,#2097,#985,.T.);
#2682=EDGE_CURVE('',#2086,#2098,#986,.T.);
#2683=EDGE_CURVE('',#2096,#2098,#987,.T.);
#2684=EDGE_CURVE('',#2087,#2099,#988,.T.);
#2685=EDGE_CURVE('',#2098,#2099,#989,.T.);
#2686=EDGE_CURVE('',#2088,#2100,#990,.T.);
#2687=EDGE_CURVE('',#2099,#2100,#991,.T.);
#2688=EDGE_CURVE('',#2090,#2101,#992,.T.);
#2689=EDGE_CURVE('',#2100,#2101,#993,.T.);
#2690=EDGE_CURVE('',#2089,#2102,#994,.T.);
#2691=EDGE_CURVE('',#2101,#2102,#995,.T.);
#2692=EDGE_CURVE('',#2103,#2104,#996,.T.);
#2693=EDGE_CURVE('',#2104,#2097,#997,.T.);
#2694=EDGE_CURVE('',#2103,#2096,#998,.T.);
#2695=EDGE_CURVE('',#2104,#2105,#999,.T.);
#2696=EDGE_CURVE('',#2105,#2106,#1000,.T.);
#2697=EDGE_CURVE('',#2106,#2097,#1001,.T.);
#2698=EDGE_CURVE('',#2105,#2107,#1002,.T.);
#2699=EDGE_CURVE('',#2107,#2108,#1003,.T.);
#2700=EDGE_CURVE('',#2108,#2106,#1004,.T.);
#2701=EDGE_CURVE('',#2107,#2109,#1005,.T.);
#2702=EDGE_CURVE('',#2109,#2110,#1006,.T.);
#2703=EDGE_CURVE('',#2110,#2108,#1007,.T.);
#2704=EDGE_CURVE('',#2109,#2111,#1008,.T.);
#2705=EDGE_CURVE('',#2111,#2112,#1009,.T.);
#2706=EDGE_CURVE('',#2112,#2110,#1010,.T.);
#2707=EDGE_CURVE('',#2111,#2113,#1011,.T.);
#2708=EDGE_CURVE('',#2113,#2114,#1012,.T.);
#2709=EDGE_CURVE('',#2114,#2112,#1013,.T.);
#2710=EDGE_CURVE('',#2113,#2115,#1014,.T.);
#2711=EDGE_CURVE('',#2115,#2102,#1015,.T.);
#2712=EDGE_CURVE('',#2102,#2114,#1016,.T.);
#2713=EDGE_CURVE('',#2115,#2116,#1017,.T.);
#2714=EDGE_CURVE('',#2116,#2101,#1018,.T.);
#2715=EDGE_CURVE('',#2116,#2117,#1019,.T.);
#2716=EDGE_CURVE('',#2117,#2100,#1020,.T.);
#2717=EDGE_CURVE('',#2117,#2118,#1021,.T.);
#2718=EDGE_CURVE('',#2118,#2099,#1022,.T.);
#2719=EDGE_CURVE('',#2118,#2119,#1023,.T.);
#2720=EDGE_CURVE('',#2119,#2098,#1024,.T.);
#2721=EDGE_CURVE('',#2119,#2103,#1025,.T.);
#2722=EDGE_CURVE('',#1967,#1993,#1026,.T.);
#2723=EDGE_CURVE('',#1992,#1724,#1027,.T.);
#2724=EDGE_CURVE('',#1723,#2018,#1028,.T.);
#2725=EDGE_CURVE('',#2017,#1793,#1029,.T.);
#2726=EDGE_CURVE('',#1792,#1742,#1030,.T.);
#2727=EDGE_CURVE('',#1741,#1968,#1031,.T.);
#2728=EDGE_CURVE('',#1809,#2120,#1032,.T.);
#2729=EDGE_CURVE('',#1902,#2120,#1033,.T.);
#2730=EDGE_CURVE('',#2120,#2082,#1034,.T.);
#2731=EDGE_CURVE('',#1969,#2121,#1035,.T.);
#2732=EDGE_CURVE('',#1973,#2121,#55,.T.);
#2733=EDGE_CURVE('',#1986,#2122,#1036,.T.);
#2734=EDGE_CURVE('',#2122,#1971,#1037,.T.);
#2735=EDGE_CURVE('',#1976,#1981,#1038,.T.);
#2736=EDGE_CURVE('',#2072,#1984,#56,.T.);
#2737=EDGE_CURVE('',#1730,#2123,#1039,.T.);
#2738=EDGE_CURVE('',#1805,#2123,#1040,.T.);
#2739=EDGE_CURVE('',#1994,#2124,#1041,.T.);
#2740=EDGE_CURVE('',#2003,#2124,#57,.T.);
#2741=EDGE_CURVE('',#1787,#1763,#1042,.T.);
#2742=EDGE_CURVE('',#2125,#1767,#58,.T.);
#2743=EDGE_CURVE('',#2125,#1784,#1043,.T.);
#2744=EDGE_CURVE('',#1745,#1759,#1044,.T.);
#2745=EDGE_CURVE('',#1996,#2126,#1045,.T.);
#2746=EDGE_CURVE('',#2126,#2006,#1704,.T.);
#2747=EDGE_CURVE('',#1995,#1998,#1046,.T.);
#2748=EDGE_CURVE('',#2059,#2001,#1047,.T.);
#2749=EDGE_CURVE('',#2029,#2127,#1048,.T.);
#2750=EDGE_CURVE('',#2037,#2127,#59,.T.);
#2751=EDGE_CURVE('',#1712,#2128,#1049,.T.);
#2752=EDGE_CURVE('',#2021,#2128,#1050,.T.);
#2753=EDGE_CURVE('',#2027,#1777,#1051,.T.);
#2754=EDGE_CURVE('',#2050,#1780,#60,.T.);
#2755=EDGE_CURVE('',#2028,#2129,#1052,.T.);
#2756=EDGE_CURVE('',#2129,#2035,#1705,.T.);
#2757=EDGE_CURVE('',#2026,#2130,#1053,.T.);
#2758=EDGE_CURVE('',#2031,#2130,#1054,.T.);
#2759=EDGE_CURVE('',#2131,#1954,#1055,.T.);
#2760=EDGE_CURVE('',#1962,#2131,#1056,.T.);
#2761=EDGE_CURVE('',#2127,#2132,#61,.T.);
#2762=EDGE_CURVE('',#2038,#2132,#62,.T.);
#2763=EDGE_CURVE('',#2128,#2133,#1057,.T.);
#2764=EDGE_CURVE('',#2022,#2133,#1058,.T.);
#2765=EDGE_CURVE('',#2130,#2134,#1059,.T.);
#2766=EDGE_CURVE('',#2032,#2134,#1060,.T.);
#2767=EDGE_CURVE('',#2121,#2135,#63,.T.);
#2768=EDGE_CURVE('',#1974,#2135,#64,.T.);
#2769=EDGE_CURVE('',#2123,#2136,#1061,.T.);
#2770=EDGE_CURVE('',#1806,#2136,#1062,.T.);
#2771=EDGE_CURVE('',#2124,#2066,#65,.T.);
#2772=EDGE_CURVE('',#2067,#2137,#66,.T.);
#2773=EDGE_CURVE('',#2138,#2137,#67,.T.);
#2774=EDGE_CURVE('',#2061,#2138,#68,.F.);
#2775=EDGE_CURVE('',#2060,#2000,#1063,.T.);
#2776=EDGE_CURVE('',#2051,#2139,#69,.T.);
#2777=EDGE_CURVE('',#2140,#2139,#70,.T.);
#2778=EDGE_CURVE('',#2047,#2140,#71,.F.);
#2779=EDGE_CURVE('',#2141,#2125,#72,.T.);
#2780=EDGE_CURVE('',#2141,#1766,#73,.T.);
#2781=EDGE_CURVE('',#2040,#2141,#1064,.T.);
#2782=EDGE_CURVE('',#2073,#1983,#74,.T.);
#2783=EDGE_CURVE('',#2136,#2083,#1065,.T.);
#2784=EDGE_CURVE('',#2132,#2045,#1066,.T.);
#2785=EDGE_CURVE('',#2046,#2048,#1706,.T.);
#2786=EDGE_CURVE('',#2134,#2055,#1067,.T.);
#2787=EDGE_CURVE('',#2133,#2064,#1068,.T.);
#2788=EDGE_CURVE('',#2069,#2071,#1707,.T.);
#2789=EDGE_CURVE('',#2135,#2077,#1069,.T.);
#2790=EDGE_CURVE('',#2142,#2143,#1708,.T.);
#2791=EDGE_CURVE('',#2143,#2144,#1709,.T.);
#2792=EDGE_CURVE('',#2144,#2145,#1710,.T.);
#2793=EDGE_CURVE('',#2145,#2142,#1711,.T.);
#2794=EDGE_CURVE('',#1829,#2142,#1070,.T.);
#2795=EDGE_CURVE('',#1831,#2145,#1071,.T.);
#2796=EDGE_CURVE('',#1832,#2144,#1072,.T.);
#2797=EDGE_CURVE('',#1830,#2143,#1073,.T.);
#2798=EDGE_CURVE('',#1839,#2122,#1074,.T.);
#2799=EDGE_CURVE('',#1869,#2126,#1075,.T.);
#2800=EDGE_CURVE('',#1895,#2131,#1076,.T.);
#2801=EDGE_CURVE('',#1931,#2129,#1077,.T.);
#2802=EDGE_CURVE('',#2095,#2106,#1078,.T.);
#2803=EDGE_CURVE('',#2094,#2108,#1079,.T.);
#2804=EDGE_CURVE('',#2093,#2110,#1080,.T.);
#2805=EDGE_CURVE('',#2092,#2112,#1081,.T.);
#2806=EDGE_CURVE('',#2091,#2114,#1082,.T.);
#2807=ORIENTED_EDGE('',*,*,#2146,.T.);
#2808=ORIENTED_EDGE('',*,*,#2147,.T.);
#2809=ORIENTED_EDGE('',*,*,#2148,.T.);
#2810=ORIENTED_EDGE('',*,*,#2149,.T.);
#2811=ORIENTED_EDGE('',*,*,#2147,.F.);
#2812=ORIENTED_EDGE('',*,*,#2150,.F.);
#2813=ORIENTED_EDGE('',*,*,#2151,.F.);
#2814=ORIENTED_EDGE('',*,*,#2152,.T.);
#2815=ORIENTED_EDGE('',*,*,#2153,.F.);
#2816=ORIENTED_EDGE('',*,*,#2154,.F.);
#2817=ORIENTED_EDGE('',*,*,#2155,.F.);
#2818=ORIENTED_EDGE('',*,*,#2156,.T.);
#2819=ORIENTED_EDGE('',*,*,#2157,.T.);
#2820=ORIENTED_EDGE('',*,*,#2158,.F.);
#2821=ORIENTED_EDGE('',*,*,#2159,.F.);
#2822=ORIENTED_EDGE('',*,*,#2160,.T.);
#2823=ORIENTED_EDGE('',*,*,#2161,.F.);
#2824=ORIENTED_EDGE('',*,*,#2162,.F.);
#2825=ORIENTED_EDGE('',*,*,#2163,.F.);
#2826=ORIENTED_EDGE('',*,*,#2164,.T.);
#2827=ORIENTED_EDGE('',*,*,#2165,.T.);
#2828=ORIENTED_EDGE('',*,*,#2166,.T.);
#2829=ORIENTED_EDGE('',*,*,#2167,.T.);
#2830=ORIENTED_EDGE('',*,*,#2168,.T.);
#2831=ORIENTED_EDGE('',*,*,#2166,.F.);
#2832=ORIENTED_EDGE('',*,*,#2169,.F.);
#2833=ORIENTED_EDGE('',*,*,#2170,.F.);
#2834=ORIENTED_EDGE('',*,*,#2171,.T.);
#2835=ORIENTED_EDGE('',*,*,#2172,.F.);
#2836=ORIENTED_EDGE('',*,*,#2173,.F.);
#2837=ORIENTED_EDGE('',*,*,#2174,.F.);
#2838=ORIENTED_EDGE('',*,*,#2175,.T.);
#2839=ORIENTED_EDGE('',*,*,#2176,.T.);
#2840=ORIENTED_EDGE('',*,*,#2177,.F.);
#2841=ORIENTED_EDGE('',*,*,#2178,.F.);
#2842=ORIENTED_EDGE('',*,*,#2179,.T.);
#2843=ORIENTED_EDGE('',*,*,#2180,.T.);
#2844=ORIENTED_EDGE('',*,*,#2181,.F.);
#2845=ORIENTED_EDGE('',*,*,#2182,.F.);
#2846=ORIENTED_EDGE('',*,*,#2183,.T.);
#2847=ORIENTED_EDGE('',*,*,#2184,.T.);
#2848=ORIENTED_EDGE('',*,*,#2185,.T.);
#2849=ORIENTED_EDGE('',*,*,#2186,.T.);
#2850=ORIENTED_EDGE('',*,*,#2187,.T.);
#2851=ORIENTED_EDGE('',*,*,#2185,.F.);
#2852=ORIENTED_EDGE('',*,*,#2188,.F.);
#2853=ORIENTED_EDGE('',*,*,#2189,.F.);
#2854=ORIENTED_EDGE('',*,*,#2190,.T.);
#2855=ORIENTED_EDGE('',*,*,#2191,.T.);
#2856=ORIENTED_EDGE('',*,*,#2189,.T.);
#2857=ORIENTED_EDGE('',*,*,#2192,.T.);
#2858=ORIENTED_EDGE('',*,*,#2193,.T.);
#2859=ORIENTED_EDGE('',*,*,#2194,.T.);
#2860=ORIENTED_EDGE('',*,*,#2195,.T.);
#2861=ORIENTED_EDGE('',*,*,#2196,.T.);
#2862=ORIENTED_EDGE('',*,*,#2197,.T.);
#2863=ORIENTED_EDGE('',*,*,#2193,.F.);
#2864=ORIENTED_EDGE('',*,*,#2198,.F.);
#2865=ORIENTED_EDGE('',*,*,#2195,.F.);
#2866=ORIENTED_EDGE('',*,*,#2199,.T.);
#2867=ORIENTED_EDGE('',*,*,#2200,.T.);
#2868=ORIENTED_EDGE('',*,*,#2201,.T.);
#2869=ORIENTED_EDGE('',*,*,#2202,.T.);
#2870=ORIENTED_EDGE('',*,*,#2203,.T.);
#2871=ORIENTED_EDGE('',*,*,#2201,.F.);
#2872=ORIENTED_EDGE('',*,*,#2204,.T.);
#2873=ORIENTED_EDGE('',*,*,#2205,.F.);
#2874=ORIENTED_EDGE('',*,*,#2206,.F.);
#2875=ORIENTED_EDGE('',*,*,#2207,.F.);
#2876=ORIENTED_EDGE('',*,*,#2208,.F.);
#2877=ORIENTED_EDGE('',*,*,#2209,.T.);
#2878=ORIENTED_EDGE('',*,*,#2210,.T.);
#2879=ORIENTED_EDGE('',*,*,#2211,.T.);
#2880=ORIENTED_EDGE('',*,*,#2212,.T.);
#2881=ORIENTED_EDGE('',*,*,#2210,.F.);
#2882=ORIENTED_EDGE('',*,*,#2213,.T.);
#2883=ORIENTED_EDGE('',*,*,#2214,.F.);
#2884=ORIENTED_EDGE('',*,*,#2215,.F.);
#2885=ORIENTED_EDGE('',*,*,#2216,.T.);
#2886=ORIENTED_EDGE('',*,*,#2217,.T.);
#2887=ORIENTED_EDGE('',*,*,#2218,.T.);
#2888=ORIENTED_EDGE('',*,*,#2219,.T.);
#2889=ORIENTED_EDGE('',*,*,#2217,.F.);
#2890=ORIENTED_EDGE('',*,*,#2220,.T.);
#2891=ORIENTED_EDGE('',*,*,#2221,.F.);
#2892=ORIENTED_EDGE('',*,*,#2222,.F.);
#2893=ORIENTED_EDGE('',*,*,#2223,.F.);
#2894=ORIENTED_EDGE('',*,*,#2224,.T.);
#2895=ORIENTED_EDGE('',*,*,#2225,.T.);
#2896=ORIENTED_EDGE('',*,*,#2226,.T.);
#2897=ORIENTED_EDGE('',*,*,#2227,.T.);
#2898=ORIENTED_EDGE('',*,*,#2225,.F.);
#2899=ORIENTED_EDGE('',*,*,#2228,.T.);
#2900=ORIENTED_EDGE('',*,*,#2229,.F.);
#2901=ORIENTED_EDGE('',*,*,#2230,.F.);
#2902=ORIENTED_EDGE('',*,*,#2231,.T.);
#2903=ORIENTED_EDGE('',*,*,#2229,.T.);
#2904=ORIENTED_EDGE('',*,*,#2232,.T.);
#2905=ORIENTED_EDGE('',*,*,#2182,.T.);
#2906=ORIENTED_EDGE('',*,*,#2233,.T.);
#2907=ORIENTED_EDGE('',*,*,#2234,.T.);
#2908=ORIENTED_EDGE('',*,*,#2235,.T.);
#2909=ORIENTED_EDGE('',*,*,#2236,.T.);
#2910=ORIENTED_EDGE('',*,*,#2187,.F.);
#2911=ORIENTED_EDGE('',*,*,#2237,.T.);
#2912=ORIENTED_EDGE('',*,*,#2238,.T.);
#2913=ORIENTED_EDGE('',*,*,#2239,.F.);
#2914=ORIENTED_EDGE('',*,*,#2240,.F.);
#2915=ORIENTED_EDGE('',*,*,#2241,.T.);
#2916=ORIENTED_EDGE('',*,*,#2242,.F.);
#2917=ORIENTED_EDGE('',*,*,#2243,.F.);
#2918=ORIENTED_EDGE('',*,*,#2244,.F.);
#2919=ORIENTED_EDGE('',*,*,#2245,.T.);
#2920=ORIENTED_EDGE('',*,*,#2246,.F.);
#2921=ORIENTED_EDGE('',*,*,#2247,.F.);
#2922=ORIENTED_EDGE('',*,*,#2248,.F.);
#2923=ORIENTED_EDGE('',*,*,#2249,.T.);
#2924=ORIENTED_EDGE('',*,*,#2234,.F.);
#2925=ORIENTED_EDGE('',*,*,#2250,.F.);
#2926=ORIENTED_EDGE('',*,*,#2251,.T.);
#2927=ORIENTED_EDGE('',*,*,#2252,.T.);
#2928=ORIENTED_EDGE('',*,*,#2253,.T.);
#2929=ORIENTED_EDGE('',*,*,#2170,.T.);
#2930=ORIENTED_EDGE('',*,*,#2252,.F.);
#2931=ORIENTED_EDGE('',*,*,#2254,.F.);
#2932=ORIENTED_EDGE('',*,*,#2255,.F.);
#2933=ORIENTED_EDGE('',*,*,#2256,.F.);
#2934=ORIENTED_EDGE('',*,*,#2257,.F.);
#2935=ORIENTED_EDGE('',*,*,#2258,.T.);
#2936=ORIENTED_EDGE('',*,*,#2259,.T.);
#2937=ORIENTED_EDGE('',*,*,#2260,.T.);
#2938=ORIENTED_EDGE('',*,*,#2261,.T.);
#2939=ORIENTED_EDGE('',*,*,#2262,.T.);
#2940=ORIENTED_EDGE('',*,*,#2263,.T.);
#2941=ORIENTED_EDGE('',*,*,#2264,.T.);
#2942=ORIENTED_EDGE('',*,*,#2264,.F.);
#2943=ORIENTED_EDGE('',*,*,#2265,.T.);
#2944=ORIENTED_EDGE('',*,*,#2266,.F.);
#2945=ORIENTED_EDGE('',*,*,#2267,.F.);
#2946=ORIENTED_EDGE('',*,*,#2268,.F.);
#2947=ORIENTED_EDGE('',*,*,#2269,.F.);
#2948=ORIENTED_EDGE('',*,*,#2270,.F.);
#2949=ORIENTED_EDGE('',*,*,#2271,.F.);
#2950=ORIENTED_EDGE('',*,*,#2272,.F.);
#2951=ORIENTED_EDGE('',*,*,#2273,.F.);
#2952=ORIENTED_EDGE('',*,*,#2274,.F.);
#2953=ORIENTED_EDGE('',*,*,#2275,.F.);
#2954=ORIENTED_EDGE('',*,*,#2276,.F.);
#2955=ORIENTED_EDGE('',*,*,#2277,.F.);
#2956=ORIENTED_EDGE('',*,*,#2278,.F.);
#2957=ORIENTED_EDGE('',*,*,#2279,.F.);
#2958=ORIENTED_EDGE('',*,*,#2280,.F.);
#2959=ORIENTED_EDGE('',*,*,#2281,.F.);
#2960=ORIENTED_EDGE('',*,*,#2282,.F.);
#2961=ORIENTED_EDGE('',*,*,#2283,.F.);
#2962=ORIENTED_EDGE('',*,*,#2284,.F.);
#2963=ORIENTED_EDGE('',*,*,#2285,.F.);
#2964=ORIENTED_EDGE('',*,*,#2286,.F.);
#2965=ORIENTED_EDGE('',*,*,#2287,.F.);
#2966=ORIENTED_EDGE('',*,*,#2288,.F.);
#2967=ORIENTED_EDGE('',*,*,#2289,.F.);
#2968=ORIENTED_EDGE('',*,*,#2290,.F.);
#2969=ORIENTED_EDGE('',*,*,#2291,.F.);
#2970=ORIENTED_EDGE('',*,*,#2292,.F.);
#2971=ORIENTED_EDGE('',*,*,#2293,.F.);
#2972=ORIENTED_EDGE('',*,*,#2294,.F.);
#2973=ORIENTED_EDGE('',*,*,#2295,.F.);
#2974=ORIENTED_EDGE('',*,*,#2296,.F.);
#2975=ORIENTED_EDGE('',*,*,#2297,.F.);
#2976=ORIENTED_EDGE('',*,*,#2298,.F.);
#2977=ORIENTED_EDGE('',*,*,#2299,.F.);
#2978=ORIENTED_EDGE('',*,*,#2300,.F.);
#2979=ORIENTED_EDGE('',*,*,#2301,.F.);
#2980=ORIENTED_EDGE('',*,*,#2302,.F.);
#2981=ORIENTED_EDGE('',*,*,#2148,.F.);
#2982=ORIENTED_EDGE('',*,*,#2164,.F.);
#2983=ORIENTED_EDGE('',*,*,#2303,.F.);
#2984=ORIENTED_EDGE('',*,*,#2304,.F.);
#2985=ORIENTED_EDGE('',*,*,#2305,.F.);
#2986=ORIENTED_EDGE('',*,*,#2306,.F.);
#2987=ORIENTED_EDGE('',*,*,#2307,.F.);
#2988=ORIENTED_EDGE('',*,*,#2308,.F.);
#2989=ORIENTED_EDGE('',*,*,#2309,.F.);
#2990=ORIENTED_EDGE('',*,*,#2310,.F.);
#2991=ORIENTED_EDGE('',*,*,#2311,.F.);
#2992=ORIENTED_EDGE('',*,*,#2312,.F.);
#2993=ORIENTED_EDGE('',*,*,#2313,.F.);
#2994=ORIENTED_EDGE('',*,*,#2314,.F.);
#2995=ORIENTED_EDGE('',*,*,#2315,.F.);
#2996=ORIENTED_EDGE('',*,*,#2316,.F.);
#2997=ORIENTED_EDGE('',*,*,#2317,.F.);
#2998=ORIENTED_EDGE('',*,*,#2318,.F.);
#2999=ORIENTED_EDGE('',*,*,#2319,.F.);
#3000=ORIENTED_EDGE('',*,*,#2320,.F.);
#3001=ORIENTED_EDGE('',*,*,#2321,.F.);
#3002=ORIENTED_EDGE('',*,*,#2322,.F.);
#3003=ORIENTED_EDGE('',*,*,#2323,.F.);
#3004=ORIENTED_EDGE('',*,*,#2160,.F.);
#3005=ORIENTED_EDGE('',*,*,#2324,.F.);
#3006=ORIENTED_EDGE('',*,*,#2325,.F.);
#3007=ORIENTED_EDGE('',*,*,#2326,.F.);
#3008=ORIENTED_EDGE('',*,*,#2327,.F.);
#3009=ORIENTED_EDGE('',*,*,#2245,.F.);
#3010=ORIENTED_EDGE('',*,*,#2328,.F.);
#3011=ORIENTED_EDGE('',*,*,#2213,.F.);
#3012=ORIENTED_EDGE('',*,*,#2209,.F.);
#3013=ORIENTED_EDGE('',*,*,#2329,.F.);
#3014=ORIENTED_EDGE('',*,*,#2330,.F.);
#3015=ORIENTED_EDGE('',*,*,#2331,.F.);
#3016=ORIENTED_EDGE('',*,*,#2332,.F.);
#3017=ORIENTED_EDGE('',*,*,#2333,.F.);
#3018=ORIENTED_EDGE('',*,*,#2334,.F.);
#3019=ORIENTED_EDGE('',*,*,#2335,.F.);
#3020=ORIENTED_EDGE('',*,*,#2336,.F.);
#3021=ORIENTED_EDGE('',*,*,#2220,.F.);
#3022=ORIENTED_EDGE('',*,*,#2216,.F.);
#3023=ORIENTED_EDGE('',*,*,#2337,.F.);
#3024=ORIENTED_EDGE('',*,*,#2338,.F.);
#3025=ORIENTED_EDGE('',*,*,#2339,.F.);
#3026=ORIENTED_EDGE('',*,*,#2340,.F.);
#3027=ORIENTED_EDGE('',*,*,#2341,.F.);
#3028=ORIENTED_EDGE('',*,*,#2342,.F.);
#3029=ORIENTED_EDGE('',*,*,#2343,.F.);
#3030=ORIENTED_EDGE('',*,*,#2344,.F.);
#3031=ORIENTED_EDGE('',*,*,#2345,.F.);
#3032=ORIENTED_EDGE('',*,*,#2346,.F.);
#3033=ORIENTED_EDGE('',*,*,#2347,.F.);
#3034=ORIENTED_EDGE('',*,*,#2348,.F.);
#3035=ORIENTED_EDGE('',*,*,#2349,.F.);
#3036=ORIENTED_EDGE('',*,*,#2350,.F.);
#3037=ORIENTED_EDGE('',*,*,#2351,.F.);
#3038=ORIENTED_EDGE('',*,*,#2352,.F.);
#3039=ORIENTED_EDGE('',*,*,#2353,.F.);
#3040=ORIENTED_EDGE('',*,*,#2354,.F.);
#3041=ORIENTED_EDGE('',*,*,#2355,.F.);
#3042=ORIENTED_EDGE('',*,*,#2356,.F.);
#3043=ORIENTED_EDGE('',*,*,#2357,.F.);
#3044=ORIENTED_EDGE('',*,*,#2171,.F.);
#3045=ORIENTED_EDGE('',*,*,#2253,.F.);
#3046=ORIENTED_EDGE('',*,*,#2260,.F.);
#3047=ORIENTED_EDGE('',*,*,#2358,.T.);
#3048=ORIENTED_EDGE('',*,*,#2359,.F.);
#3049=ORIENTED_EDGE('',*,*,#2167,.F.);
#3050=ORIENTED_EDGE('',*,*,#2183,.F.);
#3051=ORIENTED_EDGE('',*,*,#2232,.F.);
#3052=ORIENTED_EDGE('',*,*,#2228,.F.);
#3053=ORIENTED_EDGE('',*,*,#2224,.F.);
#3054=ORIENTED_EDGE('',*,*,#2360,.F.);
#3055=ORIENTED_EDGE('',*,*,#2361,.T.);
#3056=ORIENTED_EDGE('',*,*,#2362,.F.);
#3057=ORIENTED_EDGE('',*,*,#2363,.F.);
#3058=ORIENTED_EDGE('',*,*,#2364,.F.);
#3059=ORIENTED_EDGE('',*,*,#2365,.F.);
#3060=ORIENTED_EDGE('',*,*,#2204,.F.);
#3061=ORIENTED_EDGE('',*,*,#2200,.F.);
#3062=ORIENTED_EDGE('',*,*,#2366,.F.);
#3063=ORIENTED_EDGE('',*,*,#2235,.F.);
#3064=ORIENTED_EDGE('',*,*,#2249,.F.);
#3065=ORIENTED_EDGE('',*,*,#2367,.F.);
#3066=ORIENTED_EDGE('',*,*,#2368,.F.);
#3067=ORIENTED_EDGE('',*,*,#2369,.F.);
#3068=ORIENTED_EDGE('',*,*,#2370,.F.);
#3069=ORIENTED_EDGE('',*,*,#2371,.F.);
#3070=ORIENTED_EDGE('',*,*,#2372,.F.);
#3071=ORIENTED_EDGE('',*,*,#2373,.F.);
#3072=ORIENTED_EDGE('',*,*,#2374,.F.);
#3073=ORIENTED_EDGE('',*,*,#2375,.F.);
#3074=ORIENTED_EDGE('',*,*,#2152,.F.);
#3075=ORIENTED_EDGE('',*,*,#2376,.F.);
#3076=ORIENTED_EDGE('',*,*,#2377,.F.);
#3077=ORIENTED_EDGE('',*,*,#2378,.F.);
#3078=ORIENTED_EDGE('',*,*,#2379,.F.);
#3079=ORIENTED_EDGE('',*,*,#2380,.F.);
#3080=ORIENTED_EDGE('',*,*,#2381,.F.);
#3081=ORIENTED_EDGE('',*,*,#2382,.F.);
#3082=ORIENTED_EDGE('',*,*,#2383,.F.);
#3083=ORIENTED_EDGE('',*,*,#2384,.F.);
#3084=ORIENTED_EDGE('',*,*,#2385,.F.);
#3085=ORIENTED_EDGE('',*,*,#2386,.F.);
#3086=ORIENTED_EDGE('',*,*,#2387,.F.);
#3087=ORIENTED_EDGE('',*,*,#2388,.F.);
#3088=ORIENTED_EDGE('',*,*,#2389,.F.);
#3089=ORIENTED_EDGE('',*,*,#2390,.F.);
#3090=ORIENTED_EDGE('',*,*,#2391,.F.);
#3091=ORIENTED_EDGE('',*,*,#2392,.F.);
#3092=ORIENTED_EDGE('',*,*,#2393,.F.);
#3093=ORIENTED_EDGE('',*,*,#2394,.F.);
#3094=ORIENTED_EDGE('',*,*,#2241,.F.);
#3095=ORIENTED_EDGE('',*,*,#2395,.F.);
#3096=ORIENTED_EDGE('',*,*,#2396,.F.);
#3097=ORIENTED_EDGE('',*,*,#2397,.F.);
#3098=ORIENTED_EDGE('',*,*,#2398,.F.);
#3099=ORIENTED_EDGE('',*,*,#2399,.F.);
#3100=ORIENTED_EDGE('',*,*,#2400,.F.);
#3101=ORIENTED_EDGE('',*,*,#2156,.F.);
#3102=ORIENTED_EDGE('',*,*,#2401,.F.);
#3103=ORIENTED_EDGE('',*,*,#2402,.F.);
#3104=ORIENTED_EDGE('',*,*,#2403,.F.);
#3105=ORIENTED_EDGE('',*,*,#2179,.F.);
#3106=ORIENTED_EDGE('',*,*,#2404,.F.);
#3107=ORIENTED_EDGE('',*,*,#2237,.F.);
#3108=ORIENTED_EDGE('',*,*,#2186,.F.);
#3109=ORIENTED_EDGE('',*,*,#2190,.F.);
#3110=ORIENTED_EDGE('',*,*,#2191,.F.);
#3111=ORIENTED_EDGE('',*,*,#2199,.F.);
#3112=ORIENTED_EDGE('',*,*,#2194,.F.);
#3113=ORIENTED_EDGE('',*,*,#2405,.F.);
#3114=ORIENTED_EDGE('',*,*,#2263,.F.);
#3115=ORIENTED_EDGE('',*,*,#2406,.F.);
#3116=ORIENTED_EDGE('',*,*,#2407,.F.);
#3117=ORIENTED_EDGE('',*,*,#2408,.F.);
#3118=ORIENTED_EDGE('',*,*,#2409,.F.);
#3119=ORIENTED_EDGE('',*,*,#2175,.F.);
#3120=ORIENTED_EDGE('',*,*,#2410,.F.);
#3121=ORIENTED_EDGE('',*,*,#2411,.F.);
#3122=ORIENTED_EDGE('',*,*,#2412,.F.);
#3123=ORIENTED_EDGE('',*,*,#2265,.F.);
#3124=ORIENTED_EDGE('',*,*,#2413,.T.);
#3125=ORIENTED_EDGE('',*,*,#2266,.T.);
#3126=ORIENTED_EDGE('',*,*,#2412,.T.);
#3127=ORIENTED_EDGE('',*,*,#2414,.T.);
#3128=ORIENTED_EDGE('',*,*,#2261,.F.);
#3129=ORIENTED_EDGE('',*,*,#2267,.T.);
#3130=ORIENTED_EDGE('',*,*,#2413,.F.);
#3131=ORIENTED_EDGE('',*,*,#2415,.T.);
#3132=ORIENTED_EDGE('',*,*,#2416,.F.);
#3133=ORIENTED_EDGE('',*,*,#2173,.T.);
#3134=ORIENTED_EDGE('',*,*,#2417,.F.);
#3135=ORIENTED_EDGE('',*,*,#2418,.T.);
#3136=ORIENTED_EDGE('',*,*,#2419,.F.);
#3137=ORIENTED_EDGE('',*,*,#2420,.T.);
#3138=ORIENTED_EDGE('',*,*,#2421,.F.);
#3139=ORIENTED_EDGE('',*,*,#2422,.T.);
#3140=ORIENTED_EDGE('',*,*,#2423,.F.);
#3141=ORIENTED_EDGE('',*,*,#2424,.T.);
#3142=ORIENTED_EDGE('',*,*,#2425,.F.);
#3143=ORIENTED_EDGE('',*,*,#2426,.T.);
#3144=ORIENTED_EDGE('',*,*,#2427,.T.);
#3145=ORIENTED_EDGE('',*,*,#2428,.F.);
#3146=ORIENTED_EDGE('',*,*,#2429,.T.);
#3147=ORIENTED_EDGE('',*,*,#2430,.F.);
#3148=ORIENTED_EDGE('',*,*,#2431,.T.);
#3149=ORIENTED_EDGE('',*,*,#2414,.F.);
#3150=ORIENTED_EDGE('',*,*,#2411,.T.);
#3151=ORIENTED_EDGE('',*,*,#2432,.F.);
#3152=ORIENTED_EDGE('',*,*,#2415,.F.);
#3153=ORIENTED_EDGE('',*,*,#2416,.T.);
#3154=ORIENTED_EDGE('',*,*,#2432,.T.);
#3155=ORIENTED_EDGE('',*,*,#2410,.T.);
#3156=ORIENTED_EDGE('',*,*,#2174,.T.);
#3157=ORIENTED_EDGE('',*,*,#2349,.T.);
#3158=ORIENTED_EDGE('',*,*,#2433,.T.);
#3159=ORIENTED_EDGE('',*,*,#2425,.T.);
#3160=ORIENTED_EDGE('',*,*,#2434,.T.);
#3161=ORIENTED_EDGE('',*,*,#2433,.F.);
#3162=ORIENTED_EDGE('',*,*,#2348,.T.);
#3163=ORIENTED_EDGE('',*,*,#2435,.T.);
#3164=ORIENTED_EDGE('',*,*,#2426,.F.);
#3165=ORIENTED_EDGE('',*,*,#2353,.T.);
#3166=ORIENTED_EDGE('',*,*,#2436,.T.);
#3167=ORIENTED_EDGE('',*,*,#2421,.T.);
#3168=ORIENTED_EDGE('',*,*,#2437,.T.);
#3169=ORIENTED_EDGE('',*,*,#2436,.F.);
#3170=ORIENTED_EDGE('',*,*,#2352,.T.);
#3171=ORIENTED_EDGE('',*,*,#2438,.T.);
#3172=ORIENTED_EDGE('',*,*,#2439,.F.);
#3173=ORIENTED_EDGE('',*,*,#2422,.F.);
#3174=ORIENTED_EDGE('',*,*,#2355,.T.);
#3175=ORIENTED_EDGE('',*,*,#2440,.T.);
#3176=ORIENTED_EDGE('',*,*,#2419,.T.);
#3177=ORIENTED_EDGE('',*,*,#2441,.T.);
#3178=ORIENTED_EDGE('',*,*,#2437,.F.);
#3179=ORIENTED_EDGE('',*,*,#2420,.F.);
#3180=ORIENTED_EDGE('',*,*,#2440,.F.);
#3181=ORIENTED_EDGE('',*,*,#2354,.T.);
#3182=ORIENTED_EDGE('',*,*,#2417,.T.);
#3183=ORIENTED_EDGE('',*,*,#2172,.T.);
#3184=ORIENTED_EDGE('',*,*,#2357,.T.);
#3185=ORIENTED_EDGE('',*,*,#2442,.T.);
#3186=ORIENTED_EDGE('',*,*,#2430,.T.);
#3187=ORIENTED_EDGE('',*,*,#2443,.T.);
#3188=ORIENTED_EDGE('',*,*,#2407,.T.);
#3189=ORIENTED_EDGE('',*,*,#2444,.T.);
#3190=ORIENTED_EDGE('',*,*,#2443,.F.);
#3191=ORIENTED_EDGE('',*,*,#2429,.F.);
#3192=ORIENTED_EDGE('',*,*,#2445,.F.);
#3193=ORIENTED_EDGE('',*,*,#2345,.T.);
#3194=ORIENTED_EDGE('',*,*,#2446,.F.);
#3195=ORIENTED_EDGE('',*,*,#2447,.F.);
#3196=ORIENTED_EDGE('',*,*,#2448,.F.);
#3197=ORIENTED_EDGE('',*,*,#2387,.T.);
#3198=ORIENTED_EDGE('',*,*,#2449,.F.);
#3199=ORIENTED_EDGE('',*,*,#2450,.F.);
#3200=ORIENTED_EDGE('',*,*,#2451,.F.);
#3201=ORIENTED_EDGE('',*,*,#2286,.T.);
#3202=ORIENTED_EDGE('',*,*,#2452,.T.);
#3203=ORIENTED_EDGE('',*,*,#2453,.F.);
#3204=ORIENTED_EDGE('',*,*,#2454,.F.);
#3205=ORIENTED_EDGE('',*,*,#2408,.T.);
#3206=ORIENTED_EDGE('',*,*,#2455,.T.);
#3207=ORIENTED_EDGE('',*,*,#2446,.T.);
#3208=ORIENTED_EDGE('',*,*,#2344,.T.);
#3209=ORIENTED_EDGE('',*,*,#2456,.T.);
#3210=ORIENTED_EDGE('',*,*,#2457,.T.);
#3211=ORIENTED_EDGE('',*,*,#2458,.T.);
#3212=ORIENTED_EDGE('',*,*,#2287,.T.);
#3213=ORIENTED_EDGE('',*,*,#2451,.T.);
#3214=ORIENTED_EDGE('',*,*,#2458,.F.);
#3215=ORIENTED_EDGE('',*,*,#2459,.F.);
#3216=ORIENTED_EDGE('',*,*,#2460,.F.);
#3217=ORIENTED_EDGE('',*,*,#2288,.T.);
#3218=ORIENTED_EDGE('',*,*,#2461,.T.);
#3219=ORIENTED_EDGE('',*,*,#2462,.T.);
#3220=ORIENTED_EDGE('',*,*,#2388,.T.);
#3221=ORIENTED_EDGE('',*,*,#2448,.T.);
#3222=ORIENTED_EDGE('',*,*,#2462,.F.);
#3223=ORIENTED_EDGE('',*,*,#2463,.F.);
#3224=ORIENTED_EDGE('',*,*,#2464,.F.);
#3225=ORIENTED_EDGE('',*,*,#2465,.F.);
#3226=ORIENTED_EDGE('',*,*,#2466,.F.);
#3227=ORIENTED_EDGE('',*,*,#2389,.T.);
#3228=ORIENTED_EDGE('',*,*,#2428,.T.);
#3229=ORIENTED_EDGE('',*,*,#2467,.T.);
#3230=ORIENTED_EDGE('',*,*,#2346,.T.);
#3231=ORIENTED_EDGE('',*,*,#2445,.T.);
#3232=ORIENTED_EDGE('',*,*,#2467,.F.);
#3233=ORIENTED_EDGE('',*,*,#2427,.F.);
#3234=ORIENTED_EDGE('',*,*,#2435,.F.);
#3235=ORIENTED_EDGE('',*,*,#2347,.T.);
#3236=ORIENTED_EDGE('',*,*,#2468,.T.);
#3237=ORIENTED_EDGE('',*,*,#2449,.T.);
#3238=ORIENTED_EDGE('',*,*,#2386,.T.);
#3239=ORIENTED_EDGE('',*,*,#2469,.T.);
#3240=ORIENTED_EDGE('',*,*,#2296,.T.);
#3241=ORIENTED_EDGE('',*,*,#2470,.T.);
#3242=ORIENTED_EDGE('',*,*,#2471,.T.);
#3243=ORIENTED_EDGE('',*,*,#2472,.T.);
#3244=ORIENTED_EDGE('',*,*,#2470,.F.);
#3245=ORIENTED_EDGE('',*,*,#2295,.T.);
#3246=ORIENTED_EDGE('',*,*,#2473,.F.);
#3247=ORIENTED_EDGE('',*,*,#2474,.F.);
#3248=ORIENTED_EDGE('',*,*,#2384,.T.);
#3249=ORIENTED_EDGE('',*,*,#2475,.T.);
#3250=ORIENTED_EDGE('',*,*,#2476,.T.);
#3251=ORIENTED_EDGE('',*,*,#2477,.T.);
#3252=ORIENTED_EDGE('',*,*,#2475,.F.);
#3253=ORIENTED_EDGE('',*,*,#2383,.T.);
#3254=ORIENTED_EDGE('',*,*,#2478,.F.);
#3255=ORIENTED_EDGE('',*,*,#2479,.F.);
#3256=ORIENTED_EDGE('',*,*,#2480,.F.);
#3257=ORIENTED_EDGE('',*,*,#2481,.F.);
#3258=ORIENTED_EDGE('',*,*,#2482,.T.);
#3259=ORIENTED_EDGE('',*,*,#2473,.T.);
#3260=ORIENTED_EDGE('',*,*,#2294,.T.);
#3261=ORIENTED_EDGE('',*,*,#2483,.T.);
#3262=ORIENTED_EDGE('',*,*,#2484,.T.);
#3263=ORIENTED_EDGE('',*,*,#2485,.T.);
#3264=ORIENTED_EDGE('',*,*,#2291,.T.);
#3265=ORIENTED_EDGE('',*,*,#2486,.T.);
#3266=ORIENTED_EDGE('',*,*,#2483,.F.);
#3267=ORIENTED_EDGE('',*,*,#2293,.T.);
#3268=ORIENTED_EDGE('',*,*,#2487,.F.);
#3269=ORIENTED_EDGE('',*,*,#2488,.F.);
#3270=ORIENTED_EDGE('',*,*,#2489,.F.);
#3271=ORIENTED_EDGE('',*,*,#2316,.T.);
#3272=ORIENTED_EDGE('',*,*,#2490,.F.);
#3273=ORIENTED_EDGE('',*,*,#2491,.F.);
#3274=ORIENTED_EDGE('',*,*,#2492,.F.);
#3275=ORIENTED_EDGE('',*,*,#2325,.T.);
#3276=ORIENTED_EDGE('',*,*,#2493,.T.);
#3277=ORIENTED_EDGE('',*,*,#2494,.F.);
#3278=ORIENTED_EDGE('',*,*,#2495,.F.);
#3279=ORIENTED_EDGE('',*,*,#2284,.T.);
#3280=ORIENTED_EDGE('',*,*,#2485,.F.);
#3281=ORIENTED_EDGE('',*,*,#2496,.F.);
#3282=ORIENTED_EDGE('',*,*,#2497,.T.);
#3283=ORIENTED_EDGE('',*,*,#2487,.T.);
#3284=ORIENTED_EDGE('',*,*,#2292,.T.);
#3285=ORIENTED_EDGE('',*,*,#2498,.T.);
#3286=ORIENTED_EDGE('',*,*,#2499,.T.);
#3287=ORIENTED_EDGE('',*,*,#2490,.T.);
#3288=ORIENTED_EDGE('',*,*,#2315,.T.);
#3289=ORIENTED_EDGE('',*,*,#2500,.T.);
#3290=ORIENTED_EDGE('',*,*,#2501,.T.);
#3291=ORIENTED_EDGE('',*,*,#2161,.T.);
#3292=ORIENTED_EDGE('',*,*,#2323,.T.);
#3293=ORIENTED_EDGE('',*,*,#2502,.T.);
#3294=ORIENTED_EDGE('',*,*,#2313,.T.);
#3295=ORIENTED_EDGE('',*,*,#2503,.T.);
#3296=ORIENTED_EDGE('',*,*,#2504,.T.);
#3297=ORIENTED_EDGE('',*,*,#2505,.T.);
#3298=ORIENTED_EDGE('',*,*,#2503,.F.);
#3299=ORIENTED_EDGE('',*,*,#2312,.T.);
#3300=ORIENTED_EDGE('',*,*,#2506,.F.);
#3301=ORIENTED_EDGE('',*,*,#2507,.F.);
#3302=ORIENTED_EDGE('',*,*,#2508,.F.);
#3303=ORIENTED_EDGE('',*,*,#2509,.F.);
#3304=ORIENTED_EDGE('',*,*,#2510,.T.);
#3305=ORIENTED_EDGE('',*,*,#2511,.T.);
#3306=ORIENTED_EDGE('',*,*,#2317,.T.);
#3307=ORIENTED_EDGE('',*,*,#2489,.T.);
#3308=ORIENTED_EDGE('',*,*,#2511,.F.);
#3309=ORIENTED_EDGE('',*,*,#2512,.F.);
#3310=ORIENTED_EDGE('',*,*,#2513,.F.);
#3311=ORIENTED_EDGE('',*,*,#2514,.F.);
#3312=ORIENTED_EDGE('',*,*,#2318,.T.);
#3313=ORIENTED_EDGE('',*,*,#2515,.T.);
#3314=ORIENTED_EDGE('',*,*,#2516,.T.);
#3315=ORIENTED_EDGE('',*,*,#2326,.T.);
#3316=ORIENTED_EDGE('',*,*,#2492,.T.);
#3317=ORIENTED_EDGE('',*,*,#2516,.F.);
#3318=ORIENTED_EDGE('',*,*,#2517,.F.);
#3319=ORIENTED_EDGE('',*,*,#2518,.F.);
#3320=ORIENTED_EDGE('',*,*,#2327,.T.);
#3321=ORIENTED_EDGE('',*,*,#2519,.T.);
#3322=ORIENTED_EDGE('',*,*,#2520,.T.);
#3323=ORIENTED_EDGE('',*,*,#2303,.T.);
#3324=ORIENTED_EDGE('',*,*,#2163,.T.);
#3325=ORIENTED_EDGE('',*,*,#2520,.F.);
#3326=ORIENTED_EDGE('',*,*,#2521,.F.);
#3327=ORIENTED_EDGE('',*,*,#2522,.F.);
#3328=ORIENTED_EDGE('',*,*,#2304,.T.);
#3329=ORIENTED_EDGE('',*,*,#2305,.T.);
#3330=ORIENTED_EDGE('',*,*,#2522,.T.);
#3331=ORIENTED_EDGE('',*,*,#2523,.T.);
#3332=ORIENTED_EDGE('',*,*,#2524,.T.);
#3333=ORIENTED_EDGE('',*,*,#2525,.T.);
#3334=ORIENTED_EDGE('',*,*,#2526,.T.);
#3335=ORIENTED_EDGE('',*,*,#2403,.T.);
#3336=ORIENTED_EDGE('',*,*,#2527,.T.);
#3337=ORIENTED_EDGE('',*,*,#2526,.F.);
#3338=ORIENTED_EDGE('',*,*,#2528,.F.);
#3339=ORIENTED_EDGE('',*,*,#2529,.F.);
#3340=ORIENTED_EDGE('',*,*,#2372,.T.);
#3341=ORIENTED_EDGE('',*,*,#2530,.F.);
#3342=ORIENTED_EDGE('',*,*,#2531,.F.);
#3343=ORIENTED_EDGE('',*,*,#2532,.F.);
#3344=ORIENTED_EDGE('',*,*,#2339,.T.);
#3345=ORIENTED_EDGE('',*,*,#2533,.F.);
#3346=ORIENTED_EDGE('',*,*,#2534,.F.);
#3347=ORIENTED_EDGE('',*,*,#2535,.F.);
#3348=ORIENTED_EDGE('',*,*,#2396,.T.);
#3349=ORIENTED_EDGE('',*,*,#2536,.T.);
#3350=ORIENTED_EDGE('',*,*,#2537,.F.);
#3351=ORIENTED_EDGE('',*,*,#2538,.F.);
#3352=ORIENTED_EDGE('',*,*,#2399,.T.);
#3353=ORIENTED_EDGE('',*,*,#2539,.T.);
#3354=ORIENTED_EDGE('',*,*,#2540,.T.);
#3355=ORIENTED_EDGE('',*,*,#2401,.T.);
#3356=ORIENTED_EDGE('',*,*,#2155,.T.);
#3357=ORIENTED_EDGE('',*,*,#2527,.F.);
#3358=ORIENTED_EDGE('',*,*,#2402,.T.);
#3359=ORIENTED_EDGE('',*,*,#2540,.F.);
#3360=ORIENTED_EDGE('',*,*,#2541,.F.);
#3361=ORIENTED_EDGE('',*,*,#2542,.T.);
#3362=ORIENTED_EDGE('',*,*,#2543,.T.);
#3363=ORIENTED_EDGE('',*,*,#2376,.T.);
#3364=ORIENTED_EDGE('',*,*,#2151,.T.);
#3365=ORIENTED_EDGE('',*,*,#2543,.F.);
#3366=ORIENTED_EDGE('',*,*,#2544,.F.);
#3367=ORIENTED_EDGE('',*,*,#2545,.F.);
#3368=ORIENTED_EDGE('',*,*,#2546,.F.);
#3369=ORIENTED_EDGE('',*,*,#2547,.F.);
#3370=ORIENTED_EDGE('',*,*,#2377,.T.);
#3371=ORIENTED_EDGE('',*,*,#2548,.T.);
#3372=ORIENTED_EDGE('',*,*,#2153,.T.);
#3373=ORIENTED_EDGE('',*,*,#2375,.T.);
#3374=ORIENTED_EDGE('',*,*,#2549,.T.);
#3375=ORIENTED_EDGE('',*,*,#2550,.T.);
#3376=ORIENTED_EDGE('',*,*,#2551,.T.);
#3377=ORIENTED_EDGE('',*,*,#2373,.T.);
#3378=ORIENTED_EDGE('',*,*,#2529,.T.);
#3379=ORIENTED_EDGE('',*,*,#2549,.F.);
#3380=ORIENTED_EDGE('',*,*,#2374,.T.);
#3381=ORIENTED_EDGE('',*,*,#2551,.F.);
#3382=ORIENTED_EDGE('',*,*,#2552,.F.);
#3383=ORIENTED_EDGE('',*,*,#2553,.T.);
#3384=ORIENTED_EDGE('',*,*,#2530,.T.);
#3385=ORIENTED_EDGE('',*,*,#2371,.T.);
#3386=ORIENTED_EDGE('',*,*,#2554,.T.);
#3387=ORIENTED_EDGE('',*,*,#2555,.T.);
#3388=ORIENTED_EDGE('',*,*,#2533,.T.);
#3389=ORIENTED_EDGE('',*,*,#2338,.T.);
#3390=ORIENTED_EDGE('',*,*,#2556,.T.);
#3391=ORIENTED_EDGE('',*,*,#2557,.T.);
#3392=ORIENTED_EDGE('',*,*,#2242,.T.);
#3393=ORIENTED_EDGE('',*,*,#2394,.T.);
#3394=ORIENTED_EDGE('',*,*,#2558,.T.);
#3395=ORIENTED_EDGE('',*,*,#2559,.T.);
#3396=ORIENTED_EDGE('',*,*,#2246,.T.);
#3397=ORIENTED_EDGE('',*,*,#2335,.T.);
#3398=ORIENTED_EDGE('',*,*,#2560,.T.);
#3399=ORIENTED_EDGE('',*,*,#2561,.T.);
#3400=ORIENTED_EDGE('',*,*,#2562,.T.);
#3401=ORIENTED_EDGE('',*,*,#2340,.T.);
#3402=ORIENTED_EDGE('',*,*,#2532,.T.);
#3403=ORIENTED_EDGE('',*,*,#2562,.F.);
#3404=ORIENTED_EDGE('',*,*,#2563,.F.);
#3405=ORIENTED_EDGE('',*,*,#2564,.F.);
#3406=ORIENTED_EDGE('',*,*,#2565,.F.);
#3407=ORIENTED_EDGE('',*,*,#2566,.F.);
#3408=ORIENTED_EDGE('',*,*,#2341,.T.);
#3409=ORIENTED_EDGE('',*,*,#2567,.T.);
#3410=ORIENTED_EDGE('',*,*,#2568,.T.);
#3411=ORIENTED_EDGE('',*,*,#2397,.T.);
#3412=ORIENTED_EDGE('',*,*,#2535,.T.);
#3413=ORIENTED_EDGE('',*,*,#2568,.F.);
#3414=ORIENTED_EDGE('',*,*,#2569,.F.);
#3415=ORIENTED_EDGE('',*,*,#2570,.F.);
#3416=ORIENTED_EDGE('',*,*,#2398,.T.);
#3417=ORIENTED_EDGE('',*,*,#2571,.T.);
#3418=ORIENTED_EDGE('',*,*,#2572,.T.);
#3419=ORIENTED_EDGE('',*,*,#2367,.T.);
#3420=ORIENTED_EDGE('',*,*,#2248,.T.);
#3421=ORIENTED_EDGE('',*,*,#2572,.F.);
#3422=ORIENTED_EDGE('',*,*,#2573,.F.);
#3423=ORIENTED_EDGE('',*,*,#2574,.F.);
#3424=ORIENTED_EDGE('',*,*,#2575,.F.);
#3425=ORIENTED_EDGE('',*,*,#2576,.F.);
#3426=ORIENTED_EDGE('',*,*,#2368,.T.);
#3427=ORIENTED_EDGE('',*,*,#2577,.T.);
#3428=ORIENTED_EDGE('',*,*,#2214,.T.);
#3429=ORIENTED_EDGE('',*,*,#2328,.T.);
#3430=ORIENTED_EDGE('',*,*,#2244,.T.);
#3431=ORIENTED_EDGE('',*,*,#2578,.T.);
#3432=ORIENTED_EDGE('',*,*,#2579,.T.);
#3433=ORIENTED_EDGE('',*,*,#2361,.F.);
#3434=ORIENTED_EDGE('',*,*,#2580,.T.);
#3435=ORIENTED_EDGE('',*,*,#2365,.T.);
#3436=ORIENTED_EDGE('',*,*,#2581,.T.);
#3437=ORIENTED_EDGE('',*,*,#2582,.T.);
#3438=ORIENTED_EDGE('',*,*,#2205,.T.);
#3439=ORIENTED_EDGE('',*,*,#2581,.F.);
#3440=ORIENTED_EDGE('',*,*,#2370,.T.);
#3441=ORIENTED_EDGE('',*,*,#2583,.F.);
#3442=ORIENTED_EDGE('',*,*,#2584,.F.);
#3443=ORIENTED_EDGE('',*,*,#2369,.T.);
#3444=ORIENTED_EDGE('',*,*,#2576,.T.);
#3445=ORIENTED_EDGE('',*,*,#2585,.T.);
#3446=ORIENTED_EDGE('',*,*,#2583,.T.);
#3447=ORIENTED_EDGE('',*,*,#2333,.T.);
#3448=ORIENTED_EDGE('',*,*,#2586,.T.);
#3449=ORIENTED_EDGE('',*,*,#2587,.T.);
#3450=ORIENTED_EDGE('',*,*,#2588,.T.);
#3451=ORIENTED_EDGE('',*,*,#2586,.F.);
#3452=ORIENTED_EDGE('',*,*,#2332,.T.);
#3453=ORIENTED_EDGE('',*,*,#2589,.T.);
#3454=ORIENTED_EDGE('',*,*,#2590,.F.);
#3455=ORIENTED_EDGE('',*,*,#2591,.T.);
#3456=ORIENTED_EDGE('',*,*,#2592,.T.);
#3457=ORIENTED_EDGE('',*,*,#2330,.T.);
#3458=ORIENTED_EDGE('',*,*,#2593,.T.);
#3459=ORIENTED_EDGE('',*,*,#2594,.T.);
#3460=ORIENTED_EDGE('',*,*,#2212,.F.);
#3461=ORIENTED_EDGE('',*,*,#2595,.F.);
#3462=ORIENTED_EDGE('',*,*,#2596,.F.);
#3463=ORIENTED_EDGE('',*,*,#2593,.F.);
#3464=ORIENTED_EDGE('',*,*,#2329,.T.);
#3465=ORIENTED_EDGE('',*,*,#2597,.F.);
#3466=ORIENTED_EDGE('',*,*,#2221,.T.);
#3467=ORIENTED_EDGE('',*,*,#2336,.T.);
#3468=ORIENTED_EDGE('',*,*,#2598,.T.);
#3469=ORIENTED_EDGE('',*,*,#2599,.F.);
#3470=ORIENTED_EDGE('',*,*,#2598,.F.);
#3471=ORIENTED_EDGE('',*,*,#2343,.T.);
#3472=ORIENTED_EDGE('',*,*,#2600,.F.);
#3473=ORIENTED_EDGE('',*,*,#2601,.F.);
#3474=ORIENTED_EDGE('',*,*,#2342,.T.);
#3475=ORIENTED_EDGE('',*,*,#2566,.T.);
#3476=ORIENTED_EDGE('',*,*,#2602,.T.);
#3477=ORIENTED_EDGE('',*,*,#2600,.T.);
#3478=ORIENTED_EDGE('',*,*,#2380,.T.);
#3479=ORIENTED_EDGE('',*,*,#2603,.T.);
#3480=ORIENTED_EDGE('',*,*,#2604,.T.);
#3481=ORIENTED_EDGE('',*,*,#2605,.T.);
#3482=ORIENTED_EDGE('',*,*,#2603,.F.);
#3483=ORIENTED_EDGE('',*,*,#2379,.T.);
#3484=ORIENTED_EDGE('',*,*,#2606,.F.);
#3485=ORIENTED_EDGE('',*,*,#2607,.F.);
#3486=ORIENTED_EDGE('',*,*,#2378,.T.);
#3487=ORIENTED_EDGE('',*,*,#2547,.T.);
#3488=ORIENTED_EDGE('',*,*,#2608,.T.);
#3489=ORIENTED_EDGE('',*,*,#2606,.T.);
#3490=ORIENTED_EDGE('',*,*,#2307,.T.);
#3491=ORIENTED_EDGE('',*,*,#2609,.T.);
#3492=ORIENTED_EDGE('',*,*,#2610,.T.);
#3493=ORIENTED_EDGE('',*,*,#2611,.T.);
#3494=ORIENTED_EDGE('',*,*,#2524,.F.);
#3495=ORIENTED_EDGE('',*,*,#2612,.F.);
#3496=ORIENTED_EDGE('',*,*,#2613,.F.);
#3497=ORIENTED_EDGE('',*,*,#2614,.F.);
#3498=ORIENTED_EDGE('',*,*,#2609,.F.);
#3499=ORIENTED_EDGE('',*,*,#2306,.T.);
#3500=ORIENTED_EDGE('',*,*,#2615,.T.);
#3501=ORIENTED_EDGE('',*,*,#2616,.T.);
#3502=ORIENTED_EDGE('',*,*,#2319,.T.);
#3503=ORIENTED_EDGE('',*,*,#2514,.T.);
#3504=ORIENTED_EDGE('',*,*,#2617,.T.);
#3505=ORIENTED_EDGE('',*,*,#2309,.T.);
#3506=ORIENTED_EDGE('',*,*,#2618,.T.);
#3507=ORIENTED_EDGE('',*,*,#2619,.T.);
#3508=ORIENTED_EDGE('',*,*,#2620,.T.);
#3509=ORIENTED_EDGE('',*,*,#2611,.F.);
#3510=ORIENTED_EDGE('',*,*,#2621,.F.);
#3511=ORIENTED_EDGE('',*,*,#2618,.F.);
#3512=ORIENTED_EDGE('',*,*,#2308,.T.);
#3513=ORIENTED_EDGE('',*,*,#2311,.T.);
#3514=ORIENTED_EDGE('',*,*,#2622,.T.);
#3515=ORIENTED_EDGE('',*,*,#2623,.T.);
#3516=ORIENTED_EDGE('',*,*,#2506,.T.);
#3517=ORIENTED_EDGE('',*,*,#2616,.F.);
#3518=ORIENTED_EDGE('',*,*,#2624,.F.);
#3519=ORIENTED_EDGE('',*,*,#2622,.F.);
#3520=ORIENTED_EDGE('',*,*,#2320,.T.);
#3521=ORIENTED_EDGE('',*,*,#2625,.F.);
#3522=ORIENTED_EDGE('',*,*,#2626,.T.);
#3523=ORIENTED_EDGE('',*,*,#2301,.T.);
#3524=ORIENTED_EDGE('',*,*,#2627,.T.);
#3525=ORIENTED_EDGE('',*,*,#2628,.F.);
#3526=ORIENTED_EDGE('',*,*,#2627,.F.);
#3527=ORIENTED_EDGE('',*,*,#2300,.T.);
#3528=ORIENTED_EDGE('',*,*,#2629,.T.);
#3529=ORIENTED_EDGE('',*,*,#2630,.F.);
#3530=ORIENTED_EDGE('',*,*,#2298,.T.);
#3531=ORIENTED_EDGE('',*,*,#2631,.T.);
#3532=ORIENTED_EDGE('',*,*,#2632,.T.);
#3533=ORIENTED_EDGE('',*,*,#2633,.T.);
#3534=ORIENTED_EDGE('',*,*,#2472,.F.);
#3535=ORIENTED_EDGE('',*,*,#2634,.F.);
#3536=ORIENTED_EDGE('',*,*,#2635,.F.);
#3537=ORIENTED_EDGE('',*,*,#2636,.F.);
#3538=ORIENTED_EDGE('',*,*,#2631,.F.);
#3539=ORIENTED_EDGE('',*,*,#2297,.T.);
#3540=ORIENTED_EDGE('',*,*,#2382,.T.);
#3541=ORIENTED_EDGE('',*,*,#2637,.T.);
#3542=ORIENTED_EDGE('',*,*,#2638,.T.);
#3543=ORIENTED_EDGE('',*,*,#2478,.T.);
#3544=ORIENTED_EDGE('',*,*,#2637,.F.);
#3545=ORIENTED_EDGE('',*,*,#2391,.T.);
#3546=ORIENTED_EDGE('',*,*,#2639,.F.);
#3547=ORIENTED_EDGE('',*,*,#2640,.F.);
#3548=ORIENTED_EDGE('',*,*,#2390,.T.);
#3549=ORIENTED_EDGE('',*,*,#2466,.T.);
#3550=ORIENTED_EDGE('',*,*,#2641,.T.);
#3551=ORIENTED_EDGE('',*,*,#2639,.T.);
#3552=ORIENTED_EDGE('',*,*,#2363,.T.);
#3553=ORIENTED_EDGE('',*,*,#2642,.T.);
#3554=ORIENTED_EDGE('',*,*,#2643,.T.);
#3555=ORIENTED_EDGE('',*,*,#2644,.T.);
#3556=ORIENTED_EDGE('',*,*,#2579,.F.);
#3557=ORIENTED_EDGE('',*,*,#2645,.F.);
#3558=ORIENTED_EDGE('',*,*,#2646,.F.);
#3559=ORIENTED_EDGE('',*,*,#2647,.T.);
#3560=ORIENTED_EDGE('',*,*,#2648,.F.);
#3561=ORIENTED_EDGE('',*,*,#2649,.F.);
#3562=ORIENTED_EDGE('',*,*,#2642,.F.);
#3563=ORIENTED_EDGE('',*,*,#2362,.T.);
#3564=ORIENTED_EDGE('',*,*,#2650,.T.);
#3565=ORIENTED_EDGE('',*,*,#2257,.T.);
#3566=ORIENTED_EDGE('',*,*,#2651,.T.);
#3567=ORIENTED_EDGE('',*,*,#2648,.T.);
#3568=ORIENTED_EDGE('',*,*,#2652,.T.);
#3569=ORIENTED_EDGE('',*,*,#2646,.T.);
#3570=ORIENTED_EDGE('',*,*,#2653,.T.);
#3571=ORIENTED_EDGE('',*,*,#2654,.T.);
#3572=ORIENTED_EDGE('',*,*,#2273,.T.);
#3573=ORIENTED_EDGE('',*,*,#2655,.T.);
#3574=ORIENTED_EDGE('',*,*,#2656,.T.);
#3575=ORIENTED_EDGE('',*,*,#2657,.F.);
#3576=ORIENTED_EDGE('',*,*,#2272,.T.);
#3577=ORIENTED_EDGE('',*,*,#2658,.T.);
#3578=ORIENTED_EDGE('',*,*,#2659,.T.);
#3579=ORIENTED_EDGE('',*,*,#2655,.F.);
#3580=ORIENTED_EDGE('',*,*,#2271,.T.);
#3581=ORIENTED_EDGE('',*,*,#2660,.T.);
#3582=ORIENTED_EDGE('',*,*,#2661,.T.);
#3583=ORIENTED_EDGE('',*,*,#2658,.F.);
#3584=ORIENTED_EDGE('',*,*,#2270,.T.);
#3585=ORIENTED_EDGE('',*,*,#2662,.T.);
#3586=ORIENTED_EDGE('',*,*,#2663,.T.);
#3587=ORIENTED_EDGE('',*,*,#2660,.F.);
#3588=ORIENTED_EDGE('',*,*,#2664,.T.);
#3589=ORIENTED_EDGE('',*,*,#2665,.T.);
#3590=ORIENTED_EDGE('',*,*,#2268,.T.);
#3591=ORIENTED_EDGE('',*,*,#2666,.T.);
#3592=ORIENTED_EDGE('',*,*,#2269,.T.);
#3593=ORIENTED_EDGE('',*,*,#2665,.F.);
#3594=ORIENTED_EDGE('',*,*,#2667,.T.);
#3595=ORIENTED_EDGE('',*,*,#2662,.F.);
#3596=ORIENTED_EDGE('',*,*,#2668,.T.);
#3597=ORIENTED_EDGE('',*,*,#2666,.F.);
#3598=ORIENTED_EDGE('',*,*,#2279,.T.);
#3599=ORIENTED_EDGE('',*,*,#2669,.T.);
#3600=ORIENTED_EDGE('',*,*,#2670,.T.);
#3601=ORIENTED_EDGE('',*,*,#2669,.F.);
#3602=ORIENTED_EDGE('',*,*,#2278,.T.);
#3603=ORIENTED_EDGE('',*,*,#2671,.T.);
#3604=ORIENTED_EDGE('',*,*,#2672,.T.);
#3605=ORIENTED_EDGE('',*,*,#2671,.F.);
#3606=ORIENTED_EDGE('',*,*,#2277,.T.);
#3607=ORIENTED_EDGE('',*,*,#2673,.T.);
#3608=ORIENTED_EDGE('',*,*,#2674,.T.);
#3609=ORIENTED_EDGE('',*,*,#2673,.F.);
#3610=ORIENTED_EDGE('',*,*,#2276,.T.);
#3611=ORIENTED_EDGE('',*,*,#2675,.T.);
#3612=ORIENTED_EDGE('',*,*,#2676,.T.);
#3613=ORIENTED_EDGE('',*,*,#2675,.F.);
#3614=ORIENTED_EDGE('',*,*,#2275,.T.);
#3615=ORIENTED_EDGE('',*,*,#2677,.T.);
#3616=ORIENTED_EDGE('',*,*,#2678,.T.);
#3617=ORIENTED_EDGE('',*,*,#2677,.F.);
#3618=ORIENTED_EDGE('',*,*,#2274,.T.);
#3619=ORIENTED_EDGE('',*,*,#2657,.T.);
#3620=ORIENTED_EDGE('',*,*,#2656,.F.);
#3621=ORIENTED_EDGE('',*,*,#2679,.T.);
#3622=ORIENTED_EDGE('',*,*,#2680,.F.);
#3623=ORIENTED_EDGE('',*,*,#2681,.F.);
#3624=ORIENTED_EDGE('',*,*,#2659,.F.);
#3625=ORIENTED_EDGE('',*,*,#2682,.T.);
#3626=ORIENTED_EDGE('',*,*,#2683,.F.);
#3627=ORIENTED_EDGE('',*,*,#2679,.F.);
#3628=ORIENTED_EDGE('',*,*,#2661,.F.);
#3629=ORIENTED_EDGE('',*,*,#2684,.T.);
#3630=ORIENTED_EDGE('',*,*,#2685,.F.);
#3631=ORIENTED_EDGE('',*,*,#2682,.F.);
#3632=ORIENTED_EDGE('',*,*,#2663,.F.);
#3633=ORIENTED_EDGE('',*,*,#2686,.T.);
#3634=ORIENTED_EDGE('',*,*,#2687,.F.);
#3635=ORIENTED_EDGE('',*,*,#2684,.F.);
#3636=ORIENTED_EDGE('',*,*,#2667,.F.);
#3637=ORIENTED_EDGE('',*,*,#2688,.T.);
#3638=ORIENTED_EDGE('',*,*,#2689,.F.);
#3639=ORIENTED_EDGE('',*,*,#2686,.F.);
#3640=ORIENTED_EDGE('',*,*,#2664,.F.);
#3641=ORIENTED_EDGE('',*,*,#2690,.T.);
#3642=ORIENTED_EDGE('',*,*,#2691,.F.);
#3643=ORIENTED_EDGE('',*,*,#2688,.F.);
#3644=ORIENTED_EDGE('',*,*,#2692,.T.);
#3645=ORIENTED_EDGE('',*,*,#2693,.T.);
#3646=ORIENTED_EDGE('',*,*,#2680,.T.);
#3647=ORIENTED_EDGE('',*,*,#2694,.F.);
#3648=ORIENTED_EDGE('',*,*,#2695,.T.);
#3649=ORIENTED_EDGE('',*,*,#2696,.T.);
#3650=ORIENTED_EDGE('',*,*,#2697,.T.);
#3651=ORIENTED_EDGE('',*,*,#2693,.F.);
#3652=ORIENTED_EDGE('',*,*,#2698,.T.);
#3653=ORIENTED_EDGE('',*,*,#2699,.T.);
#3654=ORIENTED_EDGE('',*,*,#2700,.T.);
#3655=ORIENTED_EDGE('',*,*,#2696,.F.);
#3656=ORIENTED_EDGE('',*,*,#2701,.T.);
#3657=ORIENTED_EDGE('',*,*,#2702,.T.);
#3658=ORIENTED_EDGE('',*,*,#2703,.T.);
#3659=ORIENTED_EDGE('',*,*,#2699,.F.);
#3660=ORIENTED_EDGE('',*,*,#2704,.T.);
#3661=ORIENTED_EDGE('',*,*,#2705,.T.);
#3662=ORIENTED_EDGE('',*,*,#2706,.T.);
#3663=ORIENTED_EDGE('',*,*,#2702,.F.);
#3664=ORIENTED_EDGE('',*,*,#2707,.T.);
#3665=ORIENTED_EDGE('',*,*,#2708,.T.);
#3666=ORIENTED_EDGE('',*,*,#2709,.T.);
#3667=ORIENTED_EDGE('',*,*,#2705,.F.);
#3668=ORIENTED_EDGE('',*,*,#2710,.T.);
#3669=ORIENTED_EDGE('',*,*,#2711,.T.);
#3670=ORIENTED_EDGE('',*,*,#2712,.T.);
#3671=ORIENTED_EDGE('',*,*,#2708,.F.);
#3672=ORIENTED_EDGE('',*,*,#2691,.T.);
#3673=ORIENTED_EDGE('',*,*,#2711,.F.);
#3674=ORIENTED_EDGE('',*,*,#2713,.T.);
#3675=ORIENTED_EDGE('',*,*,#2714,.T.);
#3676=ORIENTED_EDGE('',*,*,#2689,.T.);
#3677=ORIENTED_EDGE('',*,*,#2714,.F.);
#3678=ORIENTED_EDGE('',*,*,#2715,.T.);
#3679=ORIENTED_EDGE('',*,*,#2716,.T.);
#3680=ORIENTED_EDGE('',*,*,#2687,.T.);
#3681=ORIENTED_EDGE('',*,*,#2716,.F.);
#3682=ORIENTED_EDGE('',*,*,#2717,.T.);
#3683=ORIENTED_EDGE('',*,*,#2718,.T.);
#3684=ORIENTED_EDGE('',*,*,#2685,.T.);
#3685=ORIENTED_EDGE('',*,*,#2718,.F.);
#3686=ORIENTED_EDGE('',*,*,#2719,.T.);
#3687=ORIENTED_EDGE('',*,*,#2720,.T.);
#3688=ORIENTED_EDGE('',*,*,#2683,.T.);
#3689=ORIENTED_EDGE('',*,*,#2720,.F.);
#3690=ORIENTED_EDGE('',*,*,#2721,.T.);
#3691=ORIENTED_EDGE('',*,*,#2694,.T.);
#3692=ORIENTED_EDGE('',*,*,#2692,.F.);
#3693=ORIENTED_EDGE('',*,*,#2721,.F.);
#3694=ORIENTED_EDGE('',*,*,#2719,.F.);
#3695=ORIENTED_EDGE('',*,*,#2717,.F.);
#3696=ORIENTED_EDGE('',*,*,#2715,.F.);
#3697=ORIENTED_EDGE('',*,*,#2713,.F.);
#3698=ORIENTED_EDGE('',*,*,#2710,.F.);
#3699=ORIENTED_EDGE('',*,*,#2707,.F.);
#3700=ORIENTED_EDGE('',*,*,#2704,.F.);
#3701=ORIENTED_EDGE('',*,*,#2701,.F.);
#3702=ORIENTED_EDGE('',*,*,#2698,.F.);
#3703=ORIENTED_EDGE('',*,*,#2695,.F.);
#3704=ORIENTED_EDGE('',*,*,#2453,.T.);
#3705=ORIENTED_EDGE('',*,*,#2722,.T.);
#3706=ORIENTED_EDGE('',*,*,#2494,.T.);
#3707=ORIENTED_EDGE('',*,*,#2723,.T.);
#3708=ORIENTED_EDGE('',*,*,#2158,.T.);
#3709=ORIENTED_EDGE('',*,*,#2724,.T.);
#3710=ORIENTED_EDGE('',*,*,#2537,.T.);
#3711=ORIENTED_EDGE('',*,*,#2725,.T.);
#3712=ORIENTED_EDGE('',*,*,#2239,.T.);
#3713=ORIENTED_EDGE('',*,*,#2726,.T.);
#3714=ORIENTED_EDGE('',*,*,#2177,.T.);
#3715=ORIENTED_EDGE('',*,*,#2727,.T.);
#3716=ORIENTED_EDGE('',*,*,#2358,.F.);
#3717=ORIENTED_EDGE('',*,*,#2259,.F.);
#3718=ORIENTED_EDGE('',*,*,#2728,.T.);
#3719=ORIENTED_EDGE('',*,*,#2729,.F.);
#3720=ORIENTED_EDGE('',*,*,#2647,.F.);
#3721=ORIENTED_EDGE('',*,*,#2652,.F.);
#3722=ORIENTED_EDGE('',*,*,#2730,.F.);
#3723=ORIENTED_EDGE('',*,*,#2728,.F.);
#3724=ORIENTED_EDGE('',*,*,#2258,.F.);
#3725=ORIENTED_EDGE('',*,*,#2650,.F.);
#3726=ORIENTED_EDGE('',*,*,#2447,.T.);
#3727=ORIENTED_EDGE('',*,*,#2455,.F.);
#3728=ORIENTED_EDGE('',*,*,#2731,.T.);
#3729=ORIENTED_EDGE('',*,*,#2732,.F.);
#3730=ORIENTED_EDGE('',*,*,#2463,.T.);
#3731=ORIENTED_EDGE('',*,*,#2461,.F.);
#3732=ORIENTED_EDGE('',*,*,#2496,.T.);
#3733=ORIENTED_EDGE('',*,*,#2484,.F.);
#3734=ORIENTED_EDGE('',*,*,#2733,.T.);
#3735=ORIENTED_EDGE('',*,*,#2734,.T.);
#3736=ORIENTED_EDGE('',*,*,#2459,.T.);
#3737=ORIENTED_EDGE('',*,*,#2457,.F.);
#3738=ORIENTED_EDGE('',*,*,#2450,.T.);
#3739=ORIENTED_EDGE('',*,*,#2468,.F.);
#3740=ORIENTED_EDGE('',*,*,#2735,.T.);
#3741=ORIENTED_EDGE('',*,*,#2476,.F.);
#3742=ORIENTED_EDGE('',*,*,#2481,.T.);
#3743=ORIENTED_EDGE('',*,*,#2736,.F.);
#3744=ORIENTED_EDGE('',*,*,#2634,.T.);
#3745=ORIENTED_EDGE('',*,*,#2471,.F.);
#3746=ORIENTED_EDGE('',*,*,#2474,.T.);
#3747=ORIENTED_EDGE('',*,*,#2482,.F.);
#3748=ORIENTED_EDGE('',*,*,#2169,.T.);
#3749=ORIENTED_EDGE('',*,*,#2165,.F.);
#3750=ORIENTED_EDGE('',*,*,#2737,.T.);
#3751=ORIENTED_EDGE('',*,*,#2738,.F.);
#3752=ORIENTED_EDGE('',*,*,#2254,.T.);
#3753=ORIENTED_EDGE('',*,*,#2251,.F.);
#3754=ORIENTED_EDGE('',*,*,#2488,.T.);
#3755=ORIENTED_EDGE('',*,*,#2497,.F.);
#3756=ORIENTED_EDGE('',*,*,#2739,.T.);
#3757=ORIENTED_EDGE('',*,*,#2740,.F.);
#3758=ORIENTED_EDGE('',*,*,#2512,.T.);
#3759=ORIENTED_EDGE('',*,*,#2510,.F.);
#3760=ORIENTED_EDGE('',*,*,#2250,.T.);
#3761=ORIENTED_EDGE('',*,*,#2233,.F.);
#3762=ORIENTED_EDGE('',*,*,#2741,.T.);
#3763=ORIENTED_EDGE('',*,*,#2202,.F.);
#3764=ORIENTED_EDGE('',*,*,#2208,.T.);
#3765=ORIENTED_EDGE('',*,*,#2742,.F.);
#3766=ORIENTED_EDGE('',*,*,#2743,.T.);
#3767=ORIENTED_EDGE('',*,*,#2226,.F.);
#3768=ORIENTED_EDGE('',*,*,#2230,.T.);
#3769=ORIENTED_EDGE('',*,*,#2231,.F.);
#3770=ORIENTED_EDGE('',*,*,#2181,.T.);
#3771=ORIENTED_EDGE('',*,*,#2744,.T.);
#3772=ORIENTED_EDGE('',*,*,#2196,.F.);
#3773=ORIENTED_EDGE('',*,*,#2198,.T.);
#3774=ORIENTED_EDGE('',*,*,#2192,.F.);
#3775=ORIENTED_EDGE('',*,*,#2188,.T.);
#3776=ORIENTED_EDGE('',*,*,#2184,.F.);
#3777=ORIENTED_EDGE('',*,*,#2162,.T.);
#3778=ORIENTED_EDGE('',*,*,#2501,.F.);
#3779=ORIENTED_EDGE('',*,*,#2745,.T.);
#3780=ORIENTED_EDGE('',*,*,#2746,.T.);
#3781=ORIENTED_EDGE('',*,*,#2517,.T.);
#3782=ORIENTED_EDGE('',*,*,#2515,.F.);
#3783=ORIENTED_EDGE('',*,*,#2491,.T.);
#3784=ORIENTED_EDGE('',*,*,#2499,.F.);
#3785=ORIENTED_EDGE('',*,*,#2747,.T.);
#3786=ORIENTED_EDGE('',*,*,#2504,.F.);
#3787=ORIENTED_EDGE('',*,*,#2509,.T.);
#3788=ORIENTED_EDGE('',*,*,#2748,.F.);
#3789=ORIENTED_EDGE('',*,*,#2612,.T.);
#3790=ORIENTED_EDGE('',*,*,#2523,.F.);
#3791=ORIENTED_EDGE('',*,*,#2521,.T.);
#3792=ORIENTED_EDGE('',*,*,#2519,.F.);
#3793=ORIENTED_EDGE('',*,*,#2247,.T.);
#3794=ORIENTED_EDGE('',*,*,#2559,.F.);
#3795=ORIENTED_EDGE('',*,*,#2749,.T.);
#3796=ORIENTED_EDGE('',*,*,#2750,.F.);
#3797=ORIENTED_EDGE('',*,*,#2573,.T.);
#3798=ORIENTED_EDGE('',*,*,#2571,.F.);
#3799=ORIENTED_EDGE('',*,*,#2150,.T.);
#3800=ORIENTED_EDGE('',*,*,#2146,.F.);
#3801=ORIENTED_EDGE('',*,*,#2751,.T.);
#3802=ORIENTED_EDGE('',*,*,#2752,.F.);
#3803=ORIENTED_EDGE('',*,*,#2544,.T.);
#3804=ORIENTED_EDGE('',*,*,#2542,.F.);
#3805=ORIENTED_EDGE('',*,*,#2534,.T.);
#3806=ORIENTED_EDGE('',*,*,#2555,.F.);
#3807=ORIENTED_EDGE('',*,*,#2753,.T.);
#3808=ORIENTED_EDGE('',*,*,#2218,.F.);
#3809=ORIENTED_EDGE('',*,*,#2223,.T.);
#3810=ORIENTED_EDGE('',*,*,#2754,.F.);
#3811=ORIENTED_EDGE('',*,*,#2595,.T.);
#3812=ORIENTED_EDGE('',*,*,#2211,.F.);
#3813=ORIENTED_EDGE('',*,*,#2215,.T.);
#3814=ORIENTED_EDGE('',*,*,#2577,.F.);
#3815=ORIENTED_EDGE('',*,*,#2243,.T.);
#3816=ORIENTED_EDGE('',*,*,#2557,.F.);
#3817=ORIENTED_EDGE('',*,*,#2755,.T.);
#3818=ORIENTED_EDGE('',*,*,#2756,.T.);
#3819=ORIENTED_EDGE('',*,*,#2569,.T.);
#3820=ORIENTED_EDGE('',*,*,#2567,.F.);
#3821=ORIENTED_EDGE('',*,*,#2531,.T.);
#3822=ORIENTED_EDGE('',*,*,#2553,.F.);
#3823=ORIENTED_EDGE('',*,*,#2757,.T.);
#3824=ORIENTED_EDGE('',*,*,#2758,.F.);
#3825=ORIENTED_EDGE('',*,*,#2563,.T.);
#3826=ORIENTED_EDGE('',*,*,#2561,.F.);
#3827=ORIENTED_EDGE('',*,*,#2528,.T.);
#3828=ORIENTED_EDGE('',*,*,#2525,.F.);
#3829=ORIENTED_EDGE('',*,*,#2541,.T.);
#3830=ORIENTED_EDGE('',*,*,#2539,.F.);
#3831=ORIENTED_EDGE('',*,*,#2154,.T.);
#3832=ORIENTED_EDGE('',*,*,#2548,.F.);
#3833=ORIENTED_EDGE('',*,*,#2552,.T.);
#3834=ORIENTED_EDGE('',*,*,#2550,.F.);
#3835=ORIENTED_EDGE('',*,*,#2759,.T.);
#3836=ORIENTED_EDGE('',*,*,#2423,.T.);
#3837=ORIENTED_EDGE('',*,*,#2439,.T.);
#3838=ORIENTED_EDGE('',*,*,#2760,.T.);
#3839=ORIENTED_EDGE('',*,*,#2574,.T.);
#3840=ORIENTED_EDGE('',*,*,#2750,.T.);
#3841=ORIENTED_EDGE('',*,*,#2761,.T.);
#3842=ORIENTED_EDGE('',*,*,#2762,.F.);
#3843=ORIENTED_EDGE('',*,*,#2545,.T.);
#3844=ORIENTED_EDGE('',*,*,#2752,.T.);
#3845=ORIENTED_EDGE('',*,*,#2763,.T.);
#3846=ORIENTED_EDGE('',*,*,#2764,.F.);
#3847=ORIENTED_EDGE('',*,*,#2564,.T.);
#3848=ORIENTED_EDGE('',*,*,#2758,.T.);
#3849=ORIENTED_EDGE('',*,*,#2765,.T.);
#3850=ORIENTED_EDGE('',*,*,#2766,.F.);
#3851=ORIENTED_EDGE('',*,*,#2464,.T.);
#3852=ORIENTED_EDGE('',*,*,#2732,.T.);
#3853=ORIENTED_EDGE('',*,*,#2767,.T.);
#3854=ORIENTED_EDGE('',*,*,#2768,.F.);
#3855=ORIENTED_EDGE('',*,*,#2255,.T.);
#3856=ORIENTED_EDGE('',*,*,#2738,.T.);
#3857=ORIENTED_EDGE('',*,*,#2769,.T.);
#3858=ORIENTED_EDGE('',*,*,#2770,.F.);
#3859=ORIENTED_EDGE('',*,*,#2513,.T.);
#3860=ORIENTED_EDGE('',*,*,#2740,.T.);
#3861=ORIENTED_EDGE('',*,*,#2771,.T.);
#3862=ORIENTED_EDGE('',*,*,#2625,.T.);
#3863=ORIENTED_EDGE('',*,*,#2772,.T.);
#3864=ORIENTED_EDGE('',*,*,#2773,.F.);
#3865=ORIENTED_EDGE('',*,*,#2774,.F.);
#3866=ORIENTED_EDGE('',*,*,#2617,.F.);
#3867=ORIENTED_EDGE('',*,*,#2613,.T.);
#3868=ORIENTED_EDGE('',*,*,#2748,.T.);
#3869=ORIENTED_EDGE('',*,*,#2508,.T.);
#3870=ORIENTED_EDGE('',*,*,#2775,.F.);
#3871=ORIENTED_EDGE('',*,*,#2222,.T.);
#3872=ORIENTED_EDGE('',*,*,#2597,.T.);
#3873=ORIENTED_EDGE('',*,*,#2776,.T.);
#3874=ORIENTED_EDGE('',*,*,#2777,.F.);
#3875=ORIENTED_EDGE('',*,*,#2778,.F.);
#3876=ORIENTED_EDGE('',*,*,#2594,.F.);
#3877=ORIENTED_EDGE('',*,*,#2596,.T.);
#3878=ORIENTED_EDGE('',*,*,#2754,.T.);
#3879=ORIENTED_EDGE('',*,*,#2779,.T.);
#3880=ORIENTED_EDGE('',*,*,#2742,.T.);
#3881=ORIENTED_EDGE('',*,*,#2207,.T.);
#3882=ORIENTED_EDGE('',*,*,#2780,.F.);
#3883=ORIENTED_EDGE('',*,*,#2227,.F.);
#3884=ORIENTED_EDGE('',*,*,#2743,.F.);
#3885=ORIENTED_EDGE('',*,*,#2779,.F.);
#3886=ORIENTED_EDGE('',*,*,#2781,.F.);
#3887=ORIENTED_EDGE('',*,*,#2580,.F.);
#3888=ORIENTED_EDGE('',*,*,#2360,.T.);
#3889=ORIENTED_EDGE('',*,*,#2635,.T.);
#3890=ORIENTED_EDGE('',*,*,#2736,.T.);
#3891=ORIENTED_EDGE('',*,*,#2480,.T.);
#3892=ORIENTED_EDGE('',*,*,#2782,.F.);
#3893=ORIENTED_EDGE('',*,*,#2770,.T.);
#3894=ORIENTED_EDGE('',*,*,#2783,.T.);
#3895=ORIENTED_EDGE('',*,*,#2653,.F.);
#3896=ORIENTED_EDGE('',*,*,#2645,.T.);
#3897=ORIENTED_EDGE('',*,*,#2578,.F.);
#3898=ORIENTED_EDGE('',*,*,#2781,.T.);
#3899=ORIENTED_EDGE('',*,*,#2780,.T.);
#3900=ORIENTED_EDGE('',*,*,#2206,.T.);
#3901=ORIENTED_EDGE('',*,*,#2582,.F.);
#3902=ORIENTED_EDGE('',*,*,#2584,.T.);
#3903=ORIENTED_EDGE('',*,*,#2585,.F.);
#3904=ORIENTED_EDGE('',*,*,#2575,.T.);
#3905=ORIENTED_EDGE('',*,*,#2762,.T.);
#3906=ORIENTED_EDGE('',*,*,#2784,.T.);
#3907=ORIENTED_EDGE('',*,*,#2587,.F.);
#3908=ORIENTED_EDGE('',*,*,#2590,.T.);
#3909=ORIENTED_EDGE('',*,*,#2785,.T.);
#3910=ORIENTED_EDGE('',*,*,#2591,.F.);
#3911=ORIENTED_EDGE('',*,*,#2778,.T.);
#3912=ORIENTED_EDGE('',*,*,#2777,.T.);
#3913=ORIENTED_EDGE('',*,*,#2776,.F.);
#3914=ORIENTED_EDGE('',*,*,#2599,.T.);
#3915=ORIENTED_EDGE('',*,*,#2601,.T.);
#3916=ORIENTED_EDGE('',*,*,#2602,.F.);
#3917=ORIENTED_EDGE('',*,*,#2565,.T.);
#3918=ORIENTED_EDGE('',*,*,#2766,.T.);
#3919=ORIENTED_EDGE('',*,*,#2786,.T.);
#3920=ORIENTED_EDGE('',*,*,#2604,.F.);
#3921=ORIENTED_EDGE('',*,*,#2607,.T.);
#3922=ORIENTED_EDGE('',*,*,#2608,.F.);
#3923=ORIENTED_EDGE('',*,*,#2546,.T.);
#3924=ORIENTED_EDGE('',*,*,#2764,.T.);
#3925=ORIENTED_EDGE('',*,*,#2787,.T.);
#3926=ORIENTED_EDGE('',*,*,#2619,.F.);
#3927=ORIENTED_EDGE('',*,*,#2621,.T.);
#3928=ORIENTED_EDGE('',*,*,#2610,.F.);
#3929=ORIENTED_EDGE('',*,*,#2614,.T.);
#3930=ORIENTED_EDGE('',*,*,#2775,.T.);
#3931=ORIENTED_EDGE('',*,*,#2507,.T.);
#3932=ORIENTED_EDGE('',*,*,#2623,.F.);
#3933=ORIENTED_EDGE('',*,*,#2624,.T.);
#3934=ORIENTED_EDGE('',*,*,#2615,.F.);
#3935=ORIENTED_EDGE('',*,*,#2774,.T.);
#3936=ORIENTED_EDGE('',*,*,#2773,.T.);
#3937=ORIENTED_EDGE('',*,*,#2772,.F.);
#3938=ORIENTED_EDGE('',*,*,#2628,.T.);
#3939=ORIENTED_EDGE('',*,*,#2630,.T.);
#3940=ORIENTED_EDGE('',*,*,#2788,.T.);
#3941=ORIENTED_EDGE('',*,*,#2632,.F.);
#3942=ORIENTED_EDGE('',*,*,#2636,.T.);
#3943=ORIENTED_EDGE('',*,*,#2782,.T.);
#3944=ORIENTED_EDGE('',*,*,#2479,.T.);
#3945=ORIENTED_EDGE('',*,*,#2638,.F.);
#3946=ORIENTED_EDGE('',*,*,#2640,.T.);
#3947=ORIENTED_EDGE('',*,*,#2641,.F.);
#3948=ORIENTED_EDGE('',*,*,#2465,.T.);
#3949=ORIENTED_EDGE('',*,*,#2768,.T.);
#3950=ORIENTED_EDGE('',*,*,#2789,.T.);
#3951=ORIENTED_EDGE('',*,*,#2643,.F.);
#3952=ORIENTED_EDGE('',*,*,#2649,.T.);
#3953=ORIENTED_EDGE('',*,*,#2651,.F.);
#3954=ORIENTED_EDGE('',*,*,#2256,.T.);
#3955=ORIENTED_EDGE('',*,*,#2790,.T.);
#3956=ORIENTED_EDGE('',*,*,#2791,.T.);
#3957=ORIENTED_EDGE('',*,*,#2792,.T.);
#3958=ORIENTED_EDGE('',*,*,#2793,.T.);
#3959=ORIENTED_EDGE('',*,*,#2281,.T.);
#3960=ORIENTED_EDGE('',*,*,#2794,.T.);
#3961=ORIENTED_EDGE('',*,*,#2793,.F.);
#3962=ORIENTED_EDGE('',*,*,#2795,.F.);
#3963=ORIENTED_EDGE('',*,*,#2282,.T.);
#3964=ORIENTED_EDGE('',*,*,#2795,.T.);
#3965=ORIENTED_EDGE('',*,*,#2792,.F.);
#3966=ORIENTED_EDGE('',*,*,#2796,.F.);
#3967=ORIENTED_EDGE('',*,*,#2283,.T.);
#3968=ORIENTED_EDGE('',*,*,#2796,.T.);
#3969=ORIENTED_EDGE('',*,*,#2791,.F.);
#3970=ORIENTED_EDGE('',*,*,#2797,.F.);
#3971=ORIENTED_EDGE('',*,*,#2280,.T.);
#3972=ORIENTED_EDGE('',*,*,#2797,.T.);
#3973=ORIENTED_EDGE('',*,*,#2790,.F.);
#3974=ORIENTED_EDGE('',*,*,#2794,.F.);
#3975=ORIENTED_EDGE('',*,*,#2285,.T.);
#3976=ORIENTED_EDGE('',*,*,#2495,.T.);
#3977=ORIENTED_EDGE('',*,*,#2722,.F.);
#3978=ORIENTED_EDGE('',*,*,#2452,.F.);
#3979=ORIENTED_EDGE('',*,*,#2289,.T.);
#3980=ORIENTED_EDGE('',*,*,#2460,.T.);
#3981=ORIENTED_EDGE('',*,*,#2734,.F.);
#3982=ORIENTED_EDGE('',*,*,#2798,.F.);
#3983=ORIENTED_EDGE('',*,*,#2486,.F.);
#3984=ORIENTED_EDGE('',*,*,#2290,.T.);
#3985=ORIENTED_EDGE('',*,*,#2798,.T.);
#3986=ORIENTED_EDGE('',*,*,#2733,.F.);
#3987=ORIENTED_EDGE('',*,*,#2262,.F.);
#3988=ORIENTED_EDGE('',*,*,#2431,.F.);
#3989=ORIENTED_EDGE('',*,*,#2444,.F.);
#3990=ORIENTED_EDGE('',*,*,#2406,.T.);
#3991=ORIENTED_EDGE('',*,*,#2409,.T.);
#3992=ORIENTED_EDGE('',*,*,#2454,.T.);
#3993=ORIENTED_EDGE('',*,*,#2727,.F.);
#3994=ORIENTED_EDGE('',*,*,#2176,.F.);
#3995=ORIENTED_EDGE('',*,*,#2633,.F.);
#3996=ORIENTED_EDGE('',*,*,#2788,.F.);
#3997=ORIENTED_EDGE('',*,*,#2629,.F.);
#3998=ORIENTED_EDGE('',*,*,#2299,.T.);
#3999=ORIENTED_EDGE('',*,*,#2498,.F.);
#4000=ORIENTED_EDGE('',*,*,#2302,.T.);
#4001=ORIENTED_EDGE('',*,*,#2626,.F.);
#4002=ORIENTED_EDGE('',*,*,#2771,.F.);
#4003=ORIENTED_EDGE('',*,*,#2739,.F.);
#4004=ORIENTED_EDGE('',*,*,#2149,.F.);
#4005=ORIENTED_EDGE('',*,*,#2310,.T.);
#4006=ORIENTED_EDGE('',*,*,#2620,.F.);
#4007=ORIENTED_EDGE('',*,*,#2787,.F.);
#4008=ORIENTED_EDGE('',*,*,#2763,.F.);
#4009=ORIENTED_EDGE('',*,*,#2751,.F.);
#4010=ORIENTED_EDGE('',*,*,#2500,.F.);
#4011=ORIENTED_EDGE('',*,*,#2314,.T.);
#4012=ORIENTED_EDGE('',*,*,#2505,.F.);
#4013=ORIENTED_EDGE('',*,*,#2747,.F.);
#4014=ORIENTED_EDGE('',*,*,#2502,.F.);
#4015=ORIENTED_EDGE('',*,*,#2322,.T.);
#4016=ORIENTED_EDGE('',*,*,#2799,.T.);
#4017=ORIENTED_EDGE('',*,*,#2745,.F.);
#4018=ORIENTED_EDGE('',*,*,#2324,.T.);
#4019=ORIENTED_EDGE('',*,*,#2159,.T.);
#4020=ORIENTED_EDGE('',*,*,#2723,.F.);
#4021=ORIENTED_EDGE('',*,*,#2493,.F.);
#4022=ORIENTED_EDGE('',*,*,#2321,.T.);
#4023=ORIENTED_EDGE('',*,*,#2518,.T.);
#4024=ORIENTED_EDGE('',*,*,#2746,.F.);
#4025=ORIENTED_EDGE('',*,*,#2799,.F.);
#4026=ORIENTED_EDGE('',*,*,#2592,.F.);
#4027=ORIENTED_EDGE('',*,*,#2785,.F.);
#4028=ORIENTED_EDGE('',*,*,#2589,.F.);
#4029=ORIENTED_EDGE('',*,*,#2331,.T.);
#4030=ORIENTED_EDGE('',*,*,#2560,.F.);
#4031=ORIENTED_EDGE('',*,*,#2334,.T.);
#4032=ORIENTED_EDGE('',*,*,#2588,.F.);
#4033=ORIENTED_EDGE('',*,*,#2784,.F.);
#4034=ORIENTED_EDGE('',*,*,#2761,.F.);
#4035=ORIENTED_EDGE('',*,*,#2749,.F.);
#4036=ORIENTED_EDGE('',*,*,#2219,.F.);
#4037=ORIENTED_EDGE('',*,*,#2753,.F.);
#4038=ORIENTED_EDGE('',*,*,#2556,.F.);
#4039=ORIENTED_EDGE('',*,*,#2337,.T.);
#4040=ORIENTED_EDGE('',*,*,#2441,.F.);
#4041=ORIENTED_EDGE('',*,*,#2418,.F.);
#4042=ORIENTED_EDGE('',*,*,#2442,.F.);
#4043=ORIENTED_EDGE('',*,*,#2356,.T.);
#4044=ORIENTED_EDGE('',*,*,#2456,.F.);
#4045=ORIENTED_EDGE('',*,*,#2364,.T.);
#4046=ORIENTED_EDGE('',*,*,#2644,.F.);
#4047=ORIENTED_EDGE('',*,*,#2789,.F.);
#4048=ORIENTED_EDGE('',*,*,#2767,.F.);
#4049=ORIENTED_EDGE('',*,*,#2731,.F.);
#4050=ORIENTED_EDGE('',*,*,#2434,.F.);
#4051=ORIENTED_EDGE('',*,*,#2424,.F.);
#4052=ORIENTED_EDGE('',*,*,#2759,.F.);
#4053=ORIENTED_EDGE('',*,*,#2800,.F.);
#4054=ORIENTED_EDGE('',*,*,#2350,.T.);
#4055=ORIENTED_EDGE('',*,*,#2760,.F.);
#4056=ORIENTED_EDGE('',*,*,#2438,.F.);
#4057=ORIENTED_EDGE('',*,*,#2351,.T.);
#4058=ORIENTED_EDGE('',*,*,#2800,.T.);
#4059=ORIENTED_EDGE('',*,*,#2203,.F.);
#4060=ORIENTED_EDGE('',*,*,#2741,.F.);
#4061=ORIENTED_EDGE('',*,*,#2236,.F.);
#4062=ORIENTED_EDGE('',*,*,#2366,.T.);
#4063=ORIENTED_EDGE('',*,*,#2554,.F.);
#4064=ORIENTED_EDGE('',*,*,#2381,.T.);
#4065=ORIENTED_EDGE('',*,*,#2605,.F.);
#4066=ORIENTED_EDGE('',*,*,#2786,.F.);
#4067=ORIENTED_EDGE('',*,*,#2765,.F.);
#4068=ORIENTED_EDGE('',*,*,#2757,.F.);
#4069=ORIENTED_EDGE('',*,*,#2469,.F.);
#4070=ORIENTED_EDGE('',*,*,#2385,.T.);
#4071=ORIENTED_EDGE('',*,*,#2477,.F.);
#4072=ORIENTED_EDGE('',*,*,#2735,.F.);
#4073=ORIENTED_EDGE('',*,*,#2558,.F.);
#4074=ORIENTED_EDGE('',*,*,#2393,.T.);
#4075=ORIENTED_EDGE('',*,*,#2801,.T.);
#4076=ORIENTED_EDGE('',*,*,#2755,.F.);
#4077=ORIENTED_EDGE('',*,*,#2395,.T.);
#4078=ORIENTED_EDGE('',*,*,#2240,.T.);
#4079=ORIENTED_EDGE('',*,*,#2725,.F.);
#4080=ORIENTED_EDGE('',*,*,#2536,.F.);
#4081=ORIENTED_EDGE('',*,*,#2392,.T.);
#4082=ORIENTED_EDGE('',*,*,#2570,.T.);
#4083=ORIENTED_EDGE('',*,*,#2756,.F.);
#4084=ORIENTED_EDGE('',*,*,#2801,.F.);
#4085=ORIENTED_EDGE('',*,*,#2400,.T.);
#4086=ORIENTED_EDGE('',*,*,#2538,.T.);
#4087=ORIENTED_EDGE('',*,*,#2724,.F.);
#4088=ORIENTED_EDGE('',*,*,#2157,.F.);
#4089=ORIENTED_EDGE('',*,*,#2404,.T.);
#4090=ORIENTED_EDGE('',*,*,#2178,.T.);
#4091=ORIENTED_EDGE('',*,*,#2726,.F.);
#4092=ORIENTED_EDGE('',*,*,#2238,.F.);
#4093=ORIENTED_EDGE('',*,*,#2197,.F.);
#4094=ORIENTED_EDGE('',*,*,#2744,.F.);
#4095=ORIENTED_EDGE('',*,*,#2180,.F.);
#4096=ORIENTED_EDGE('',*,*,#2405,.T.);
#4097=ORIENTED_EDGE('',*,*,#2168,.F.);
#4098=ORIENTED_EDGE('',*,*,#2359,.T.);
#4099=ORIENTED_EDGE('',*,*,#2729,.T.);
#4100=ORIENTED_EDGE('',*,*,#2730,.T.);
#4101=ORIENTED_EDGE('',*,*,#2654,.F.);
#4102=ORIENTED_EDGE('',*,*,#2783,.F.);
#4103=ORIENTED_EDGE('',*,*,#2769,.F.);
#4104=ORIENTED_EDGE('',*,*,#2737,.F.);
#4105=ORIENTED_EDGE('',*,*,#2678,.F.);
#4106=ORIENTED_EDGE('',*,*,#2681,.T.);
#4107=ORIENTED_EDGE('',*,*,#2697,.F.);
#4108=ORIENTED_EDGE('',*,*,#2802,.F.);
#4109=ORIENTED_EDGE('',*,*,#2676,.F.);
#4110=ORIENTED_EDGE('',*,*,#2802,.T.);
#4111=ORIENTED_EDGE('',*,*,#2700,.F.);
#4112=ORIENTED_EDGE('',*,*,#2803,.F.);
#4113=ORIENTED_EDGE('',*,*,#2674,.F.);
#4114=ORIENTED_EDGE('',*,*,#2803,.T.);
#4115=ORIENTED_EDGE('',*,*,#2703,.F.);
#4116=ORIENTED_EDGE('',*,*,#2804,.F.);
#4117=ORIENTED_EDGE('',*,*,#2672,.F.);
#4118=ORIENTED_EDGE('',*,*,#2804,.T.);
#4119=ORIENTED_EDGE('',*,*,#2706,.F.);
#4120=ORIENTED_EDGE('',*,*,#2805,.F.);
#4121=ORIENTED_EDGE('',*,*,#2670,.F.);
#4122=ORIENTED_EDGE('',*,*,#2805,.T.);
#4123=ORIENTED_EDGE('',*,*,#2709,.F.);
#4124=ORIENTED_EDGE('',*,*,#2806,.F.);
#4125=ORIENTED_EDGE('',*,*,#2668,.F.);
#4126=ORIENTED_EDGE('',*,*,#2806,.T.);
#4127=ORIENTED_EDGE('',*,*,#2712,.F.);
#4128=ORIENTED_EDGE('',*,*,#2690,.F.);
#4129=CYLINDRICAL_SURFACE('',#4447,1.2);
#4130=CYLINDRICAL_SURFACE('',#4451,1.2);
#4131=CYLINDRICAL_SURFACE('',#4455,1.2);
#4132=CYLINDRICAL_SURFACE('',#4459,1.2);
#4133=CYLINDRICAL_SURFACE('',#4462,1.2);
#4134=CYLINDRICAL_SURFACE('',#4466,1.2);
#4135=CYLINDRICAL_SURFACE('',#4470,1.2);
#4136=CYLINDRICAL_SURFACE('',#4474,1.2);
#4137=CYLINDRICAL_SURFACE('',#4478,1.2);
#4138=CYLINDRICAL_SURFACE('',#4482,1.2);
#4139=CYLINDRICAL_SURFACE('',#4485,1.2);
#4140=CYLINDRICAL_SURFACE('',#4489,1.2);
#4141=CYLINDRICAL_SURFACE('',#4493,1.2);
#4142=CYLINDRICAL_SURFACE('',#4496,2.98);
#4143=CYLINDRICAL_SURFACE('',#4574,1.2);
#4144=CYLINDRICAL_SURFACE('',#4587,1.2);
#4145=CYLINDRICAL_SURFACE('',#4588,1.2);
#4146=CYLINDRICAL_SURFACE('',#4589,4.66);
#4147=CYLINDRICAL_SURFACE('',#4590,1.2);
#4148=CYLINDRICAL_SURFACE('',#4592,1.2);
#4149=CYLINDRICAL_SURFACE('',#4593,4.66);
#4150=CYLINDRICAL_SURFACE('',#4594,1.2);
#4151=CYLINDRICAL_SURFACE('',#4595,1.2);
#4152=CYLINDRICAL_SURFACE('',#4597,1.2);
#4153=CYLINDRICAL_SURFACE('',#4599,1.2);
#4154=CYLINDRICAL_SURFACE('',#4602,1.2);
#4155=CYLINDRICAL_SURFACE('',#4605,1.2);
#4156=CYLINDRICAL_SURFACE('',#4607,1.2);
#4157=CYLINDRICAL_SURFACE('',#4609,1.2);
#4158=CYLINDRICAL_SURFACE('',#4612,1.2);
#4159=CYLINDRICAL_SURFACE('',#4615,1.2);
#4160=CYLINDRICAL_SURFACE('',#4617,1.2);
#4161=CYLINDRICAL_SURFACE('',#4620,1.2);
#4162=CYLINDRICAL_SURFACE('',#4622,1.2);
#4163=CYLINDRICAL_SURFACE('',#4624,1.2);
#4164=CYLINDRICAL_SURFACE('',#4626,1.2);
#4165=CYLINDRICAL_SURFACE('',#4629,1.2);
#4166=CYLINDRICAL_SURFACE('',#4632,1.2);
#4167=CYLINDRICAL_SURFACE('',#4635,1.2);
#4168=CYLINDRICAL_SURFACE('',#4638,1.2);
#4169=CYLINDRICAL_SURFACE('',#4640,1.2);
#4170=CYLINDRICAL_SURFACE('',#4643,1.2);
#4171=CYLINDRICAL_SURFACE('',#4646,1.2);
#4172=CYLINDRICAL_SURFACE('',#4649,1.2);
#4173=CYLINDRICAL_SURFACE('',#4651,1.2);
#4174=CYLINDRICAL_SURFACE('',#4654,1.2);
#4175=CYLINDRICAL_SURFACE('',#4656,1.2);
#4176=CYLINDRICAL_SURFACE('',#4658,1.2);
#4177=CYLINDRICAL_SURFACE('',#4660,1.2);
#4178=CYLINDRICAL_SURFACE('',#4662,1.2);
#4179=CYLINDRICAL_SURFACE('',#4665,1.2);
#4180=CYLINDRICAL_SURFACE('',#4668,1.2);
#4181=CYLINDRICAL_SURFACE('',#4671,1.2);
#4182=CYLINDRICAL_SURFACE('',#4673,1.2);
#4183=CYLINDRICAL_SURFACE('',#4675,1.2);
#4184=CYLINDRICAL_SURFACE('',#4677,9.53665329327062);
#4185=CYLINDRICAL_SURFACE('',#4679,1.2);
#4186=CYLINDRICAL_SURFACE('',#4681,1.2);
#4187=CYLINDRICAL_SURFACE('',#4683,9.53665329327062);
#4188=CYLINDRICAL_SURFACE('',#4685,1.2);
#4189=CYLINDRICAL_SURFACE('',#4688,1.2);
#4190=CYLINDRICAL_SURFACE('',#4690,20.0001247965971);
#4191=CYLINDRICAL_SURFACE('',#4692,1.2);
#4192=CYLINDRICAL_SURFACE('',#4694,1.2);
#4193=CYLINDRICAL_SURFACE('',#4696,20.0001247965971);
#4194=CYLINDRICAL_SURFACE('',#4698,1.2);
#4195=CYLINDRICAL_SURFACE('',#4700,1.2);
#4196=CYLINDRICAL_SURFACE('',#4703,1.2);
#4197=CYLINDRICAL_SURFACE('',#4705,1.2);
#4198=CYLINDRICAL_SURFACE('',#4707,20.0001247965971);
#4199=CYLINDRICAL_SURFACE('',#4709,1.2);
#4200=CYLINDRICAL_SURFACE('',#4711,20.0001247965971);
#4201=CYLINDRICAL_SURFACE('',#4713,1.2);
#4202=CYLINDRICAL_SURFACE('',#4715,20.0001247965971);
#4203=CYLINDRICAL_SURFACE('',#4717,1.2);
#4204=CYLINDRICAL_SURFACE('',#4720,1.2);
#4205=CYLINDRICAL_SURFACE('',#4722,13.7848585180386);
#4206=CYLINDRICAL_SURFACE('',#4724,1.2);
#4207=CYLINDRICAL_SURFACE('',#4726,1.2);
#4208=CYLINDRICAL_SURFACE('',#4728,13.7848585180386);
#4209=CYLINDRICAL_SURFACE('',#4732,1.2);
#4210=CYLINDRICAL_SURFACE('',#4735,1.2);
#4211=CYLINDRICAL_SURFACE('',#4797,16.5000588809659);
#4212=CYLINDRICAL_SURFACE('',#4798,10.2847624490453);
#4213=CYLINDRICAL_SURFACE('',#4799,3.50018491795778);
#4214=CYLINDRICAL_SURFACE('',#4800,6.03634357106366);
#4215=CYLINDRICAL_SURFACE('',#4806,13.7848585180386);
#4216=CYLINDRICAL_SURFACE('',#4812,2.98);
#4217=CYLINDRICAL_SURFACE('',#4813,20.0001247965971);
#4218=CYLINDRICAL_SURFACE('',#4825,2.98);
#4219=ADVANCED_FACE('',(#192),#4129,.F.);
#4220=ADVANCED_FACE('',(#193),#75,.T.);
#4221=ADVANCED_FACE('',(#194),#4130,.F.);
#4222=ADVANCED_FACE('',(#195),#76,.T.);
#4223=ADVANCED_FACE('',(#196),#4131,.F.);
#4224=ADVANCED_FACE('',(#197),#77,.T.);
#4225=ADVANCED_FACE('',(#198),#4132,.F.);
#4226=ADVANCED_FACE('',(#199),#4133,.F.);
#4227=ADVANCED_FACE('',(#200),#78,.T.);
#4228=ADVANCED_FACE('',(#201),#4134,.F.);
#4229=ADVANCED_FACE('',(#202),#79,.T.);
#4230=ADVANCED_FACE('',(#203),#4135,.F.);
#4231=ADVANCED_FACE('',(#204),#80,.T.);
#4232=ADVANCED_FACE('',(#205),#4136,.F.);
#4233=ADVANCED_FACE('',(#206),#81,.T.);
#4234=ADVANCED_FACE('',(#207),#4137,.F.);
#4235=ADVANCED_FACE('',(#208),#82,.T.);
#4236=ADVANCED_FACE('',(#209),#4138,.F.);
#4237=ADVANCED_FACE('',(#210),#4139,.F.);
#4238=ADVANCED_FACE('',(#211),#83,.T.);
#4239=ADVANCED_FACE('',(#212),#4140,.F.);
#4240=ADVANCED_FACE('',(#213),#84,.T.);
#4241=ADVANCED_FACE('',(#214),#4141,.T.);
#4242=ADVANCED_FACE('',(#215),#4142,.F.);
#4243=ADVANCED_FACE('',(#216,#25,#26,#27,#28,#29,#30,#31,#32,#33,#34,#35,
#36,#37,#38,#39,#40),#85,.F.);
#4244=ADVANCED_FACE('',(#217),#4143,.T.);
#4245=ADVANCED_FACE('',(#218),#86,.T.);
#4246=ADVANCED_FACE('',(#219),#87,.T.);
#4247=ADVANCED_FACE('',(#220),#4144,.F.);
#4248=ADVANCED_FACE('',(#221),#4145,.F.);
#4249=ADVANCED_FACE('',(#222),#4146,.T.);
#4250=ADVANCED_FACE('',(#223),#4147,.F.);
#4251=ADVANCED_FACE('',(#224),#88,.T.);
#4252=ADVANCED_FACE('',(#225),#4148,.F.);
#4253=ADVANCED_FACE('',(#226),#4149,.T.);
#4254=ADVANCED_FACE('',(#227),#4150,.F.);
#4255=ADVANCED_FACE('',(#228),#4151,.F.);
#4256=ADVANCED_FACE('',(#229),#89,.T.);
#4257=ADVANCED_FACE('',(#230),#4152,.F.);
#4258=ADVANCED_FACE('',(#231),#4153,.F.);
#4259=ADVANCED_FACE('',(#232),#90,.T.);
#4260=ADVANCED_FACE('',(#233),#4154,.F.);
#4261=ADVANCED_FACE('',(#234),#91,.T.);
#4262=ADVANCED_FACE('',(#235),#4155,.F.);
#4263=ADVANCED_FACE('',(#236),#92,.T.);
#4264=ADVANCED_FACE('',(#237),#4156,.F.);
#4265=ADVANCED_FACE('',(#238),#4157,.F.);
#4266=ADVANCED_FACE('',(#239),#93,.T.);
#4267=ADVANCED_FACE('',(#240),#4158,.F.);
#4268=ADVANCED_FACE('',(#241),#94,.T.);
#4269=ADVANCED_FACE('',(#242),#4159,.F.);
#4270=ADVANCED_FACE('',(#243),#4160,.F.);
#4271=ADVANCED_FACE('',(#244),#95,.T.);
#4272=ADVANCED_FACE('',(#245),#4161,.F.);
#4273=ADVANCED_FACE('',(#246),#4162,.F.);
#4274=ADVANCED_FACE('',(#247),#4163,.F.);
#4275=ADVANCED_FACE('',(#248),#4164,.F.);
#4276=ADVANCED_FACE('',(#249),#96,.T.);
#4277=ADVANCED_FACE('',(#250),#4165,.F.);
#4278=ADVANCED_FACE('',(#251),#97,.T.);
#4279=ADVANCED_FACE('',(#252),#4166,.F.);
#4280=ADVANCED_FACE('',(#253),#98,.T.);
#4281=ADVANCED_FACE('',(#254),#4167,.F.);
#4282=ADVANCED_FACE('',(#255),#99,.T.);
#4283=ADVANCED_FACE('',(#256),#4168,.F.);
#4284=ADVANCED_FACE('',(#257),#4169,.F.);
#4285=ADVANCED_FACE('',(#258),#100,.T.);
#4286=ADVANCED_FACE('',(#259),#4170,.F.);
#4287=ADVANCED_FACE('',(#260),#101,.T.);
#4288=ADVANCED_FACE('',(#261),#4171,.F.);
#4289=ADVANCED_FACE('',(#262),#102,.T.);
#4290=ADVANCED_FACE('',(#263),#4172,.F.);
#4291=ADVANCED_FACE('',(#264),#4173,.F.);
#4292=ADVANCED_FACE('',(#265),#103,.T.);
#4293=ADVANCED_FACE('',(#266),#4174,.F.);
#4294=ADVANCED_FACE('',(#267),#4175,.F.);
#4295=ADVANCED_FACE('',(#268),#4176,.F.);
#4296=ADVANCED_FACE('',(#269),#4177,.F.);
#4297=ADVANCED_FACE('',(#270),#4178,.F.);
#4298=ADVANCED_FACE('',(#271),#104,.T.);
#4299=ADVANCED_FACE('',(#272),#4179,.F.);
#4300=ADVANCED_FACE('',(#273),#105,.T.);
#4301=ADVANCED_FACE('',(#274),#4180,.F.);
#4302=ADVANCED_FACE('',(#275),#106,.T.);
#4303=ADVANCED_FACE('',(#276),#4181,.F.);
#4304=ADVANCED_FACE('',(#277),#4182,.F.);
#4305=ADVANCED_FACE('',(#278),#4183,.F.);
#4306=ADVANCED_FACE('',(#279),#4184,.T.);
#4307=ADVANCED_FACE('',(#280),#4185,.F.);
#4308=ADVANCED_FACE('',(#281),#4186,.F.);
#4309=ADVANCED_FACE('',(#282),#4187,.T.);
#4310=ADVANCED_FACE('',(#283),#4188,.F.);
#4311=ADVANCED_FACE('',(#284),#107,.T.);
#4312=ADVANCED_FACE('',(#285),#4189,.F.);
#4313=ADVANCED_FACE('',(#286),#4190,.T.);
#4314=ADVANCED_FACE('',(#287),#4191,.F.);
#4315=ADVANCED_FACE('',(#288),#4192,.F.);
#4316=ADVANCED_FACE('',(#289),#4193,.T.);
#4317=ADVANCED_FACE('',(#290),#4194,.F.);
#4318=ADVANCED_FACE('',(#291),#4195,.F.);
#4319=ADVANCED_FACE('',(#292),#108,.T.);
#4320=ADVANCED_FACE('',(#293),#4196,.F.);
#4321=ADVANCED_FACE('',(#294),#4197,.F.);
#4322=ADVANCED_FACE('',(#295),#4198,.T.);
#4323=ADVANCED_FACE('',(#296),#4199,.F.);
#4324=ADVANCED_FACE('',(#297),#4200,.T.);
#4325=ADVANCED_FACE('',(#298),#4201,.F.);
#4326=ADVANCED_FACE('',(#299),#4202,.T.);
#4327=ADVANCED_FACE('',(#300),#4203,.F.);
#4328=ADVANCED_FACE('',(#301),#109,.T.);
#4329=ADVANCED_FACE('',(#302),#4204,.F.);
#4330=ADVANCED_FACE('',(#303),#4205,.T.);
#4331=ADVANCED_FACE('',(#304),#4206,.F.);
#4332=ADVANCED_FACE('',(#305),#4207,.F.);
#4333=ADVANCED_FACE('',(#306),#4208,.T.);
#4334=ADVANCED_FACE('',(#307),#4209,.F.);
#4335=ADVANCED_FACE('',(#308),#4210,.F.);
#4336=ADVANCED_FACE('',(#309),#110,.T.);
#4337=ADVANCED_FACE('',(#310),#111,.T.);
#4338=ADVANCED_FACE('',(#311),#112,.T.);
#4339=ADVANCED_FACE('',(#312),#113,.T.);
#4340=ADVANCED_FACE('',(#313),#114,.T.);
#4341=ADVANCED_FACE('',(#314),#115,.T.);
#4342=ADVANCED_FACE('',(#315),#116,.T.);
#4343=ADVANCED_FACE('',(#316),#117,.T.);
#4344=ADVANCED_FACE('',(#317),#118,.T.);
#4345=ADVANCED_FACE('',(#318),#119,.T.);
#4346=ADVANCED_FACE('',(#319),#120,.T.);
#4347=ADVANCED_FACE('',(#320),#121,.T.);
#4348=ADVANCED_FACE('',(#321),#122,.T.);
#4349=ADVANCED_FACE('',(#322),#123,.T.);
#4350=ADVANCED_FACE('',(#323),#124,.T.);
#4351=ADVANCED_FACE('',(#324),#125,.T.);
#4352=ADVANCED_FACE('',(#325),#126,.T.);
#4353=ADVANCED_FACE('',(#326),#127,.T.);
#4354=ADVANCED_FACE('',(#327),#128,.T.);
#4355=ADVANCED_FACE('',(#328),#129,.T.);
#4356=ADVANCED_FACE('',(#329),#130,.T.);
#4357=ADVANCED_FACE('',(#330),#131,.T.);
#4358=ADVANCED_FACE('',(#331),#132,.T.);
#4359=ADVANCED_FACE('',(#332),#133,.T.);
#4360=ADVANCED_FACE('',(#333),#134,.T.);
#4361=ADVANCED_FACE('',(#334),#135,.T.);
#4362=ADVANCED_FACE('',(#335),#136,.T.);
#4363=ADVANCED_FACE('',(#336),#137,.T.);
#4364=ADVANCED_FACE('',(#337),#138,.T.);
#4365=ADVANCED_FACE('',(#338),#139,.T.);
#4366=ADVANCED_FACE('',(#339,#41),#140,.T.);
#4367=ADVANCED_FACE('',(#340),#141,.F.);
#4368=ADVANCED_FACE('',(#341),#142,.F.);
#4369=ADVANCED_FACE('',(#342),#143,.T.);
#4370=ADVANCED_FACE('',(#343),#144,.T.);
#4371=ADVANCED_FACE('',(#344),#145,.T.);
#4372=ADVANCED_FACE('',(#345),#146,.T.);
#4373=ADVANCED_FACE('',(#346),#147,.T.);
#4374=ADVANCED_FACE('',(#347),#148,.T.);
#4375=ADVANCED_FACE('',(#348),#149,.T.);
#4376=ADVANCED_FACE('',(#349),#150,.T.);
#4377=ADVANCED_FACE('',(#350),#151,.T.);
#4378=ADVANCED_FACE('',(#351),#152,.T.);
#4379=ADVANCED_FACE('',(#352),#153,.T.);
#4380=ADVANCED_FACE('',(#353),#154,.T.);
#4381=ADVANCED_FACE('',(#354),#19,.T.);
#4382=ADVANCED_FACE('',(#355),#155,.T.);
#4383=ADVANCED_FACE('',(#356),#156,.T.);
#4384=ADVANCED_FACE('',(#357),#20,.T.);
#4385=ADVANCED_FACE('',(#358),#157,.T.);
#4386=ADVANCED_FACE('',(#359),#21,.T.);
#4387=ADVANCED_FACE('',(#360),#158,.T.);
#4388=ADVANCED_FACE('',(#361),#22,.T.);
#4389=ADVANCED_FACE('',(#362),#23,.T.);
#4390=ADVANCED_FACE('',(#363),#159,.T.);
#4391=ADVANCED_FACE('',(#364),#24,.T.);
#4392=ADVANCED_FACE('',(#365,#42),#160,.T.);
#4393=ADVANCED_FACE('',(#366),#4211,.F.);
#4394=ADVANCED_FACE('',(#367),#4212,.F.);
#4395=ADVANCED_FACE('',(#368),#4213,.T.);
#4396=ADVANCED_FACE('',(#369),#4214,.F.);
#4397=ADVANCED_FACE('',(#370),#161,.T.);
#4398=ADVANCED_FACE('',(#371),#162,.T.);
#4399=ADVANCED_FACE('',(#372),#163,.T.);
#4400=ADVANCED_FACE('',(#373),#164,.T.);
#4401=ADVANCED_FACE('',(#374),#165,.T.);
#4402=ADVANCED_FACE('',(#375),#4215,.T.);
#4403=ADVANCED_FACE('',(#376),#166,.T.);
#4404=ADVANCED_FACE('',(#377),#167,.T.);
#4405=ADVANCED_FACE('',(#378),#168,.T.);
#4406=ADVANCED_FACE('',(#379),#169,.T.);
#4407=ADVANCED_FACE('',(#380),#170,.T.);
#4408=ADVANCED_FACE('',(#381),#4216,.F.);
#4409=ADVANCED_FACE('',(#382),#4217,.T.);
#4410=ADVANCED_FACE('',(#383),#171,.T.);
#4411=ADVANCED_FACE('',(#384),#172,.T.);
#4412=ADVANCED_FACE('',(#385),#173,.T.);
#4413=ADVANCED_FACE('',(#386),#174,.T.);
#4414=ADVANCED_FACE('',(#387),#175,.T.);
#4415=ADVANCED_FACE('',(#388),#176,.T.);
#4416=ADVANCED_FACE('',(#389),#177,.T.);
#4417=ADVANCED_FACE('',(#390),#178,.T.);
#4418=ADVANCED_FACE('',(#391),#179,.T.);
#4419=ADVANCED_FACE('',(#392),#180,.T.);
#4420=ADVANCED_FACE('',(#393),#181,.T.);
#4421=ADVANCED_FACE('',(#394),#4218,.F.);
#4422=ADVANCED_FACE('',(#395),#182,.T.);
#4423=ADVANCED_FACE('',(#396),#183,.T.);
#4424=ADVANCED_FACE('',(#397),#184,.T.);
#4425=ADVANCED_FACE('',(#398),#185,.T.);
#4426=ADVANCED_FACE('',(#399),#186,.T.);
#4427=ADVANCED_FACE('',(#400),#187,.T.);
#4428=ADVANCED_FACE('',(#401),#188,.T.);
#4429=ADVANCED_FACE('',(#402),#189,.T.);
#4430=ADVANCED_FACE('',(#403),#190,.T.);
#4431=ADVANCED_FACE('',(#404),#191,.T.);
#4432=CLOSED_SHELL('',(#4219,#4220,#4221,#4222,#4223,#4224,#4225,#4226,
#4227,#4228,#4229,#4230,#4231,#4232,#4233,#4234,#4235,#4236,#4237,#4238,
#4239,#4240,#4241,#4242,#4243,#4244,#4245,#4246,#4247,#4248,#4249,#4250,
#4251,#4252,#4253,#4254,#4255,#4256,#4257,#4258,#4259,#4260,#4261,#4262,
#4263,#4264,#4265,#4266,#4267,#4268,#4269,#4270,#4271,#4272,#4273,#4274,
#4275,#4276,#4277,#4278,#4279,#4280,#4281,#4282,#4283,#4284,#4285,#4286,
#4287,#4288,#4289,#4290,#4291,#4292,#4293,#4294,#4295,#4296,#4297,#4298,
#4299,#4300,#4301,#4302,#4303,#4304,#4305,#4306,#4307,#4308,#4309,#4310,
#4311,#4312,#4313,#4314,#4315,#4316,#4317,#4318,#4319,#4320,#4321,#4322,
#4323,#4324,#4325,#4326,#4327,#4328,#4329,#4330,#4331,#4332,#4333,#4334,
#4335,#4336,#4337,#4338,#4339,#4340,#4341,#4342,#4343,#4344,#4345,#4346,
#4347,#4348,#4349,#4350,#4351,#4352,#4353,#4354,#4355,#4356,#4357,#4358,
#4359,#4360,#4361,#4362,#4363,#4364,#4365,#4366,#4367,#4368,#4369,#4370,
#4371,#4372,#4373,#4374,#4375,#4376,#4377,#4378,#4379,#4380,#4381,#4382,
#4383,#4384,#4385,#4386,#4387,#4388,#4389,#4390,#4391,#4392,#4393,#4394,
#4395,#4396,#4397,#4398,#4399,#4400,#4401,#4402,#4403,#4404,#4405,#4406,
#4407,#4408,#4409,#4410,#4411,#4412,#4413,#4414,#4415,#4416,#4417,#4418,
#4419,#4420,#4421,#4422,#4423,#4424,#4425,#4426,#4427,#4428,#4429,#4430,
#4431));
#4433=DERIVED_UNIT_ELEMENT(#4435,1.);
#4434=DERIVED_UNIT_ELEMENT(#7715,-3.);
#4435=(
MASS_UNIT()
NAMED_UNIT(*)
SI_UNIT(.KILO.,.GRAM.)
);
#4436=DERIVED_UNIT((#4433,#4434));
#4437=MEASURE_REPRESENTATION_ITEM('density measure',
POSITIVE_RATIO_MEASURE(7850.),#4436);
#4438=PROPERTY_DEFINITION_REPRESENTATION(#4443,#4440);
#4439=PROPERTY_DEFINITION_REPRESENTATION(#4444,#4441);
#4440=REPRESENTATION('material name',(#4442),#7712);
#4441=REPRESENTATION('density',(#4437),#7712);
#4442=DESCRIPTIVE_REPRESENTATION_ITEM('Steel','Steel');
#4443=PROPERTY_DEFINITION('material property','material name',#7727);
#4444=PROPERTY_DEFINITION('material property','density of part',#7727);
#4445=AXIS2_PLACEMENT_3D('',#6068,#4837,#4838);
#4446=AXIS2_PLACEMENT_3D('',#6069,#4839,#4840);
#4447=AXIS2_PLACEMENT_3D('',#6070,#4841,#4842);
#4448=AXIS2_PLACEMENT_3D('',#6073,#4843,#4844);
#4449=AXIS2_PLACEMENT_3D('',#6077,#4846,#4847);
#4450=AXIS2_PLACEMENT_3D('',#6079,#4849,#4850);
#4451=AXIS2_PLACEMENT_3D('',#6109,#4866,#4867);
#4452=AXIS2_PLACEMENT_3D('',#6112,#4868,#4869);
#4453=AXIS2_PLACEMENT_3D('',#6116,#4871,#4872);
#4454=AXIS2_PLACEMENT_3D('',#6118,#4874,#4875);
#4455=AXIS2_PLACEMENT_3D('',#6148,#4891,#4892);
#4456=AXIS2_PLACEMENT_3D('',#6151,#4893,#4894);
#4457=AXIS2_PLACEMENT_3D('',#6155,#4896,#4897);
#4458=AXIS2_PLACEMENT_3D('',#6157,#4899,#4900);
#4459=AXIS2_PLACEMENT_3D('',#6163,#4904,#4905);
#4460=AXIS2_PLACEMENT_3D('',#6165,#4906,#4907);
#4461=AXIS2_PLACEMENT_3D('',#6167,#4908,#4909);
#4462=AXIS2_PLACEMENT_3D('',#6169,#4911,#4912);
#4463=AXIS2_PLACEMENT_3D('',#6172,#4913,#4914);
#4464=AXIS2_PLACEMENT_3D('',#6176,#4916,#4917);
#4465=AXIS2_PLACEMENT_3D('',#6178,#4919,#4920);
#4466=AXIS2_PLACEMENT_3D('',#6181,#4923,#4924);
#4467=AXIS2_PLACEMENT_3D('',#6184,#4925,#4926);
#4468=AXIS2_PLACEMENT_3D('',#6188,#4928,#4929);
#4469=AXIS2_PLACEMENT_3D('',#6190,#4931,#4932);
#4470=AXIS2_PLACEMENT_3D('',#6205,#4937,#4938);
#4471=AXIS2_PLACEMENT_3D('',#6208,#4939,#4940);
#4472=AXIS2_PLACEMENT_3D('',#6212,#4942,#4943);
#4473=AXIS2_PLACEMENT_3D('',#6214,#4945,#4946);
#4474=AXIS2_PLACEMENT_3D('',#6220,#4950,#4951);
#4475=AXIS2_PLACEMENT_3D('',#6223,#4952,#4953);
#4476=AXIS2_PLACEMENT_3D('',#6227,#4955,#4956);
#4477=AXIS2_PLACEMENT_3D('',#6229,#4958,#4959);
#4478=AXIS2_PLACEMENT_3D('',#6242,#4963,#4964);
#4479=AXIS2_PLACEMENT_3D('',#6245,#4965,#4966);
#4480=AXIS2_PLACEMENT_3D('',#6249,#4968,#4969);
#4481=AXIS2_PLACEMENT_3D('',#6251,#4971,#4972);
#4482=AXIS2_PLACEMENT_3D('',#6257,#4976,#4977);
#4483=AXIS2_PLACEMENT_3D('',#6258,#4978,#4979);
#4484=AXIS2_PLACEMENT_3D('',#6259,#4980,#4981);
#4485=AXIS2_PLACEMENT_3D('',#6260,#4982,#4983);
#4486=AXIS2_PLACEMENT_3D('',#6263,#4984,#4985);
#4487=AXIS2_PLACEMENT_3D('',#6267,#4987,#4988);
#4488=AXIS2_PLACEMENT_3D('',#6269,#4990,#4991);
#4489=AXIS2_PLACEMENT_3D('',#6296,#5006,#5007);
#4490=AXIS2_PLACEMENT_3D('',#6298,#5008,#5009);
#4491=AXIS2_PLACEMENT_3D('',#6301,#5011,#5012);
#4492=AXIS2_PLACEMENT_3D('',#6302,#5013,#5014);
#4493=AXIS2_PLACEMENT_3D('',#6316,#5022,#5023);
#4494=AXIS2_PLACEMENT_3D('',#6319,#5024,#5025);
#4495=AXIS2_PLACEMENT_3D('',#6323,#5027,#5028);
#4496=AXIS2_PLACEMENT_3D('',#6325,#5030,#5031);
#4497=AXIS2_PLACEMENT_3D('',#6327,#5032,#5033);
#4498=AXIS2_PLACEMENT_3D('',#6330,#5035,#5036);
#4499=AXIS2_PLACEMENT_3D('',#6331,#5037,#5038);
#4500=AXIS2_PLACEMENT_3D('',#6358,#5051,#5052);
#4501=AXIS2_PLACEMENT_3D('',#6360,#5053,#5054);
#4502=AXIS2_PLACEMENT_3D('',#6362,#5055,#5056);
#4503=AXIS2_PLACEMENT_3D('',#6363,#5057,#5058);
#4504=AXIS2_PLACEMENT_3D('',#6372,#5062,#5063);
#4505=AXIS2_PLACEMENT_3D('',#6379,#5067,#5068);
#4506=AXIS2_PLACEMENT_3D('',#6382,#5069,#5070);
#4507=AXIS2_PLACEMENT_3D('',#6386,#5072,#5073);
#4508=AXIS2_PLACEMENT_3D('',#6390,#5075,#5076);
#4509=AXIS2_PLACEMENT_3D('',#6394,#5078,#5079);
#4510=AXIS2_PLACEMENT_3D('',#6396,#5080,#5081);
#4511=AXIS2_PLACEMENT_3D('',#6398,#5082,#5083);
#4512=AXIS2_PLACEMENT_3D('',#6400,#5084,#5085);
#4513=AXIS2_PLACEMENT_3D('',#6403,#5087,#5088);
#4514=AXIS2_PLACEMENT_3D('',#6407,#5090,#5091);
#4515=AXIS2_PLACEMENT_3D('',#6411,#5093,#5094);
#4516=AXIS2_PLACEMENT_3D('',#6413,#5095,#5096);
#4517=AXIS2_PLACEMENT_3D('',#6415,#5097,#5098);
#4518=AXIS2_PLACEMENT_3D('',#6419,#5100,#5101);
#4519=AXIS2_PLACEMENT_3D('',#6423,#5103,#5104);
#4520=AXIS2_PLACEMENT_3D('',#6427,#5106,#5107);
#4521=AXIS2_PLACEMENT_3D('',#6431,#5109,#5110);
#4522=AXIS2_PLACEMENT_3D('',#6435,#5112,#5113);
#4523=AXIS2_PLACEMENT_3D('',#6436,#5114,#5115);
#4524=AXIS2_PLACEMENT_3D('',#6439,#5116,#5117);
#4525=AXIS2_PLACEMENT_3D('',#6442,#5119,#5120);
#4526=AXIS2_PLACEMENT_3D('',#6448,#5123,#5124);
#4527=AXIS2_PLACEMENT_3D('',#6450,#5126,#5127);
#4528=AXIS2_PLACEMENT_3D('',#6454,#5129,#5130);
#4529=AXIS2_PLACEMENT_3D('',#6456,#5131,#5132);
#4530=AXIS2_PLACEMENT_3D('',#6458,#5133,#5134);
#4531=AXIS2_PLACEMENT_3D('',#6460,#5135,#5136);
#4532=AXIS2_PLACEMENT_3D('',#6463,#5138,#5139);
#4533=AXIS2_PLACEMENT_3D('',#6465,#5140,#5141);
#4534=AXIS2_PLACEMENT_3D('',#6469,#5143,#5144);
#4535=AXIS2_PLACEMENT_3D('',#6473,#5146,#5147);
#4536=AXIS2_PLACEMENT_3D('',#6477,#5149,#5150);
#4537=AXIS2_PLACEMENT_3D('',#6478,#5151,#5152);
#4538=AXIS2_PLACEMENT_3D('',#6481,#5153,#5154);
#4539=AXIS2_PLACEMENT_3D('',#6485,#5156,#5157);
#4540=AXIS2_PLACEMENT_3D('',#6489,#5159,#5160);
#4541=AXIS2_PLACEMENT_3D('',#6491,#5161,#5162);
#4542=AXIS2_PLACEMENT_3D('',#6499,#5166,#5167);
#4543=AXIS2_PLACEMENT_3D('',#6501,#5168,#5169);
#4544=AXIS2_PLACEMENT_3D('',#6503,#5170,#5171);
#4545=AXIS2_PLACEMENT_3D('',#6506,#5173,#5174);
#4546=AXIS2_PLACEMENT_3D('',#6513,#5178,#5179);
#4547=AXIS2_PLACEMENT_3D('',#6515,#5180,#5181);
#4548=AXIS2_PLACEMENT_3D('',#6517,#5182,#5183);
#4549=AXIS2_PLACEMENT_3D('',#6520,#5185,#5186);
#4550=AXIS2_PLACEMENT_3D('',#6523,#5188,#5189);
#4551=AXIS2_PLACEMENT_3D('',#6527,#5191,#5192);
#4552=AXIS2_PLACEMENT_3D('',#6528,#5193,#5194);
#4553=AXIS2_PLACEMENT_3D('',#6531,#5195,#5196);
#4554=AXIS2_PLACEMENT_3D('',#6535,#5198,#5199);
#4555=AXIS2_PLACEMENT_3D('',#6538,#5201,#5202);
#4556=AXIS2_PLACEMENT_3D('',#6540,#5203,#5204);
#4557=AXIS2_PLACEMENT_3D('',#6544,#5206,#5207);
#4558=AXIS2_PLACEMENT_3D('',#6546,#5208,#5209);
#4559=AXIS2_PLACEMENT_3D('',#6548,#5210,#5211);
#4560=AXIS2_PLACEMENT_3D('',#6552,#5213,#5214);
#4561=AXIS2_PLACEMENT_3D('',#6556,#5216,#5217);
#4562=AXIS2_PLACEMENT_3D('',#6560,#5219,#5220);
#4563=AXIS2_PLACEMENT_3D('',#6564,#5222,#5223);
#4564=AXIS2_PLACEMENT_3D('',#6568,#5225,#5226);
#4565=AXIS2_PLACEMENT_3D('',#6569,#5227,#5228);
#4566=AXIS2_PLACEMENT_3D('',#6572,#5229,#5230);
#4567=AXIS2_PLACEMENT_3D('',#6575,#5232,#5233);
#4568=AXIS2_PLACEMENT_3D('',#6581,#5236,#5237);
#4569=AXIS2_PLACEMENT_3D('',#6588,#5241,#5242);
#4570=AXIS2_PLACEMENT_3D('',#6591,#5244,#5245);
#4571=AXIS2_PLACEMENT_3D('',#6597,#5249,#5250);
#4572=AXIS2_PLACEMENT_3D('',#6602,#5253,#5254);
#4573=AXIS2_PLACEMENT_3D('',#6605,#5256,#5257);
#4574=AXIS2_PLACEMENT_3D('',#6606,#5258,#5259);
#4575=AXIS2_PLACEMENT_3D('',#6608,#5260,#5261);
#4576=AXIS2_PLACEMENT_3D('',#6610,#5263,#5264);
#4577=AXIS2_PLACEMENT_3D('',#6613,#5266,#5267);
#4578=AXIS2_PLACEMENT_3D('',#6615,#5268,#5269);
#4579=AXIS2_PLACEMENT_3D('',#6619,#5271,#5272);
#4580=AXIS2_PLACEMENT_3D('',#6621,#5273,#5274);
#4581=AXIS2_PLACEMENT_3D('',#6623,#5275,#5276);
#4582=AXIS2_PLACEMENT_3D('',#6631,#5280,#5281);
#4583=AXIS2_PLACEMENT_3D('',#6633,#5282,#5283);
#4584=AXIS2_PLACEMENT_3D('',#6637,#5285,#5286);
#4585=AXIS2_PLACEMENT_3D('',#6641,#5288,#5289);
#4586=AXIS2_PLACEMENT_3D('',#6643,#5291,#5292);
#4587=AXIS2_PLACEMENT_3D('',#6645,#5294,#5295);
#4588=AXIS2_PLACEMENT_3D('',#6646,#5296,#5297);
#4589=AXIS2_PLACEMENT_3D('',#6649,#5300,#5301);
#4590=AXIS2_PLACEMENT_3D('',#6651,#5303,#5304);
#4591=AXIS2_PLACEMENT_3D('',#6654,#5307,#5308);
#4592=AXIS2_PLACEMENT_3D('',#6658,#5311,#5312);
#4593=AXIS2_PLACEMENT_3D('',#6661,#5315,#5316);
#4594=AXIS2_PLACEMENT_3D('',#6662,#5317,#5318);
#4595=AXIS2_PLACEMENT_3D('',#6664,#5320,#5321);
#4596=AXIS2_PLACEMENT_3D('',#6667,#5324,#5325);
#4597=AXIS2_PLACEMENT_3D('',#6684,#5336,#5337);
#4598=AXIS2_PLACEMENT_3D('',#6686,#5338,#5339);
#4599=AXIS2_PLACEMENT_3D('',#6688,#5341,#5342);
#4600=AXIS2_PLACEMENT_3D('',#6690,#5343,#5344);
#4601=AXIS2_PLACEMENT_3D('',#6692,#5346,#5347);
#4602=AXIS2_PLACEMENT_3D('',#6696,#5350,#5351);
#4603=AXIS2_PLACEMENT_3D('',#6698,#5352,#5353);
#4604=AXIS2_PLACEMENT_3D('',#6700,#5355,#5356);
#4605=AXIS2_PLACEMENT_3D('',#6713,#5360,#5361);
#4606=AXIS2_PLACEMENT_3D('',#6715,#5363,#5364);
#4607=AXIS2_PLACEMENT_3D('',#6716,#5365,#5366);
#4608=AXIS2_PLACEMENT_3D('',#6718,#5367,#5368);
#4609=AXIS2_PLACEMENT_3D('',#6720,#5370,#5371);
#4610=AXIS2_PLACEMENT_3D('',#6724,#5373,#5374);
#4611=AXIS2_PLACEMENT_3D('',#6726,#5376,#5377);
#4612=AXIS2_PLACEMENT_3D('',#6730,#5380,#5381);
#4613=AXIS2_PLACEMENT_3D('',#6734,#5383,#5384);
#4614=AXIS2_PLACEMENT_3D('',#6736,#5386,#5387);
#4615=AXIS2_PLACEMENT_3D('',#6749,#5391,#5392);
#4616=AXIS2_PLACEMENT_3D('',#6751,#5393,#5394);
#4617=AXIS2_PLACEMENT_3D('',#6753,#5396,#5397);
#4618=AXIS2_PLACEMENT_3D('',#6756,#5398,#5399);
#4619=AXIS2_PLACEMENT_3D('',#6759,#5402,#5403);
#4620=AXIS2_PLACEMENT_3D('',#6776,#5414,#5415);
#4621=AXIS2_PLACEMENT_3D('',#6778,#5416,#5417);
#4622=AXIS2_PLACEMENT_3D('',#6780,#5419,#5420);
#4623=AXIS2_PLACEMENT_3D('',#6782,#5421,#5422);
#4624=AXIS2_PLACEMENT_3D('',#6784,#5424,#5425);
#4625=AXIS2_PLACEMENT_3D('',#6786,#5426,#5427);
#4626=AXIS2_PLACEMENT_3D('',#6788,#5429,#5430);
#4627=AXIS2_PLACEMENT_3D('',#6792,#5432,#5433);
#4628=AXIS2_PLACEMENT_3D('',#6794,#5435,#5436);
#4629=AXIS2_PLACEMENT_3D('',#6802,#5441,#5442);
#4630=AXIS2_PLACEMENT_3D('',#6804,#5443,#5444);
#4631=AXIS2_PLACEMENT_3D('',#6806,#5446,#5447);
#4632=AXIS2_PLACEMENT_3D('',#6817,#5450,#5451);
#4633=AXIS2_PLACEMENT_3D('',#6819,#5452,#5453);
#4634=AXIS2_PLACEMENT_3D('',#6821,#5455,#5456);
#4635=AXIS2_PLACEMENT_3D('',#6825,#5459,#5460);
#4636=AXIS2_PLACEMENT_3D('',#6827,#5461,#5462);
#4637=AXIS2_PLACEMENT_3D('',#6829,#5464,#5465);
#4638=AXIS2_PLACEMENT_3D('',#6833,#5468,#5469);
#4639=AXIS2_PLACEMENT_3D('',#6835,#5470,#5471);
#4640=AXIS2_PLACEMENT_3D('',#6837,#5473,#5474);
#4641=AXIS2_PLACEMENT_3D('',#6840,#5475,#5476);
#4642=AXIS2_PLACEMENT_3D('',#6843,#5479,#5480);
#4643=AXIS2_PLACEMENT_3D('',#6862,#5492,#5493);
#4644=AXIS2_PLACEMENT_3D('',#6864,#5494,#5495);
#4645=AXIS2_PLACEMENT_3D('',#6866,#5497,#5498);
#4646=AXIS2_PLACEMENT_3D('',#6868,#5500,#5501);
#4647=AXIS2_PLACEMENT_3D('',#6870,#5502,#5503);
#4648=AXIS2_PLACEMENT_3D('',#6872,#5505,#5506);
#4649=AXIS2_PLACEMENT_3D('',#6880,#5511,#5512);
#4650=AXIS2_PLACEMENT_3D('',#6882,#5513,#5514);
#4651=AXIS2_PLACEMENT_3D('',#6884,#5516,#5517);
#4652=AXIS2_PLACEMENT_3D('',#6886,#5518,#5519);
#4653=AXIS2_PLACEMENT_3D('',#6888,#5521,#5522);
#4654=AXIS2_PLACEMENT_3D('',#6890,#5524,#5525);
#4655=AXIS2_PLACEMENT_3D('',#6892,#5526,#5527);
#4656=AXIS2_PLACEMENT_3D('',#6894,#5529,#5530);
#4657=AXIS2_PLACEMENT_3D('',#6896,#5531,#5532);
#4658=AXIS2_PLACEMENT_3D('',#6898,#5534,#5535);
#4659=AXIS2_PLACEMENT_3D('',#6900,#5536,#5537);
#4660=AXIS2_PLACEMENT_3D('',#6902,#5539,#5540);
#4661=AXIS2_PLACEMENT_3D('',#6904,#5541,#5542);
#4662=AXIS2_PLACEMENT_3D('',#6906,#5544,#5545);
#4663=AXIS2_PLACEMENT_3D('',#6908,#5546,#5547);
#4664=AXIS2_PLACEMENT_3D('',#6910,#5549,#5550);
#4665=AXIS2_PLACEMENT_3D('',#6918,#5555,#5556);
#4666=AXIS2_PLACEMENT_3D('',#6920,#5557,#5558);
#4667=AXIS2_PLACEMENT_3D('',#6922,#5560,#5561);
#4668=AXIS2_PLACEMENT_3D('',#6926,#5564,#5565);
#4669=AXIS2_PLACEMENT_3D('',#6928,#5566,#5567);
#4670=AXIS2_PLACEMENT_3D('',#6930,#5569,#5570);
#4671=AXIS2_PLACEMENT_3D('',#6943,#5574,#5575);
#4672=AXIS2_PLACEMENT_3D('',#6944,#5576,#5577);
#4673=AXIS2_PLACEMENT_3D('',#6945,#5578,#5579);
#4674=AXIS2_PLACEMENT_3D('',#6948,#5580,#5581);
#4675=AXIS2_PLACEMENT_3D('',#6951,#5584,#5585);
#4676=AXIS2_PLACEMENT_3D('',#6954,#5587,#5588);
#4677=AXIS2_PLACEMENT_3D('',#6955,#5589,#5590);
#4678=AXIS2_PLACEMENT_3D('',#6958,#5592,#5593);
#4679=AXIS2_PLACEMENT_3D('',#6959,#5594,#5595);
#4680=AXIS2_PLACEMENT_3D('',#6960,#5596,#5597);
#4681=AXIS2_PLACEMENT_3D('',#6961,#5598,#5599);
#4682=AXIS2_PLACEMENT_3D('',#6965,#5601,#5602);
#4683=AXIS2_PLACEMENT_3D('',#6967,#5604,#5605);
#4684=AXIS2_PLACEMENT_3D('',#6970,#5607,#5608);
#4685=AXIS2_PLACEMENT_3D('',#6971,#5609,#5610);
#4686=AXIS2_PLACEMENT_3D('',#6974,#5611,#5612);
#4687=AXIS2_PLACEMENT_3D('',#6985,#5615,#5616);
#4688=AXIS2_PLACEMENT_3D('',#6994,#5618,#5619);
#4689=AXIS2_PLACEMENT_3D('',#7008,#5621,#5622);
#4690=AXIS2_PLACEMENT_3D('',#7009,#5623,#5624);
#4691=AXIS2_PLACEMENT_3D('',#7012,#5626,#5627);
#4692=AXIS2_PLACEMENT_3D('',#7013,#5628,#5629);
#4693=AXIS2_PLACEMENT_3D('',#7014,#5630,#5631);
#4694=AXIS2_PLACEMENT_3D('',#7015,#5632,#5633);
#4695=AXIS2_PLACEMENT_3D('',#7019,#5635,#5636);
#4696=AXIS2_PLACEMENT_3D('',#7021,#5638,#5639);
#4697=AXIS2_PLACEMENT_3D('',#7024,#5641,#5642);
#4698=AXIS2_PLACEMENT_3D('',#7025,#5643,#5644);
#4699=AXIS2_PLACEMENT_3D('',#7026,#5645,#5646);
#4700=AXIS2_PLACEMENT_3D('',#7027,#5647,#5648);
#4701=AXIS2_PLACEMENT_3D('',#7031,#5650,#5651);
#4702=AXIS2_PLACEMENT_3D('',#7033,#5653,#5654);
#4703=AXIS2_PLACEMENT_3D('',#7039,#5658,#5659);
#4704=AXIS2_PLACEMENT_3D('',#7042,#5660,#5661);
#4705=AXIS2_PLACEMENT_3D('',#7051,#5663,#5664);
#4706=AXIS2_PLACEMENT_3D('',#7055,#5666,#5667);
#4707=AXIS2_PLACEMENT_3D('',#7057,#5669,#5670);
#4708=AXIS2_PLACEMENT_3D('',#7058,#5671,#5672);
#4709=AXIS2_PLACEMENT_3D('',#7059,#5673,#5674);
#4710=AXIS2_PLACEMENT_3D('',#7062,#5676,#5677);
#4711=AXIS2_PLACEMENT_3D('',#7063,#5678,#5679);
#4712=AXIS2_PLACEMENT_3D('',#7064,#5680,#5681);
#4713=AXIS2_PLACEMENT_3D('',#7065,#5682,#5683);
#4714=AXIS2_PLACEMENT_3D('',#7078,#5686,#5687);
#4715=AXIS2_PLACEMENT_3D('',#7079,#5688,#5689);
#4716=AXIS2_PLACEMENT_3D('',#7082,#5691,#5692);
#4717=AXIS2_PLACEMENT_3D('',#7083,#5693,#5694);
#4718=AXIS2_PLACEMENT_3D('',#7087,#5696,#5697);
#4719=AXIS2_PLACEMENT_3D('',#7089,#5699,#5700);
#4720=AXIS2_PLACEMENT_3D('',#7100,#5703,#5704);
#4721=AXIS2_PLACEMENT_3D('',#7103,#5706,#5707);
#4722=AXIS2_PLACEMENT_3D('',#7104,#5708,#5709);
#4723=AXIS2_PLACEMENT_3D('',#7107,#5711,#5712);
#4724=AXIS2_PLACEMENT_3D('',#7108,#5713,#5714);
#4725=AXIS2_PLACEMENT_3D('',#7109,#5715,#5716);
#4726=AXIS2_PLACEMENT_3D('',#7110,#5717,#5718);
#4727=AXIS2_PLACEMENT_3D('',#7114,#5720,#5721);
#4728=AXIS2_PLACEMENT_3D('',#7116,#5723,#5724);
#4729=AXIS2_PLACEMENT_3D('',#7118,#5725,#5726);
#4730=AXIS2_PLACEMENT_3D('',#7122,#5728,#5729);
#4731=AXIS2_PLACEMENT_3D('',#7125,#5731,#5732);
#4732=AXIS2_PLACEMENT_3D('',#7126,#5733,#5734);
#4733=AXIS2_PLACEMENT_3D('',#7127,#5735,#5736);
#4734=AXIS2_PLACEMENT_3D('',#7128,#5737,#5738);
#4735=AXIS2_PLACEMENT_3D('',#7129,#5739,#5740);
#4736=AXIS2_PLACEMENT_3D('',#7131,#5741,#5742);
#4737=AXIS2_PLACEMENT_3D('',#7133,#5743,#5744);
#4738=AXIS2_PLACEMENT_3D('',#7135,#5746,#5747);
#4739=AXIS2_PLACEMENT_3D('',#7141,#5751,#5752);
#4740=AXIS2_PLACEMENT_3D('',#7145,#5755,#5756);
#4741=AXIS2_PLACEMENT_3D('',#7149,#5759,#5760);
#4742=AXIS2_PLACEMENT_3D('',#7153,#5763,#5764);
#4743=AXIS2_PLACEMENT_3D('',#7159,#5768,#5769);
#4744=AXIS2_PLACEMENT_3D('',#7161,#5771,#5772);
#4745=AXIS2_PLACEMENT_3D('',#7165,#5775,#5776);
#4746=AXIS2_PLACEMENT_3D('',#7169,#5779,#5780);
#4747=AXIS2_PLACEMENT_3D('',#7173,#5783,#5784);
#4748=AXIS2_PLACEMENT_3D('',#7177,#5787,#5788);
#4749=AXIS2_PLACEMENT_3D('',#7181,#5791,#5792);
#4750=AXIS2_PLACEMENT_3D('',#7183,#5794,#5795);
#4751=AXIS2_PLACEMENT_3D('',#7189,#5799,#5800);
#4752=AXIS2_PLACEMENT_3D('',#7193,#5803,#5804);
#4753=AXIS2_PLACEMENT_3D('',#7197,#5807,#5808);
#4754=AXIS2_PLACEMENT_3D('',#7201,#5811,#5812);
#4755=AXIS2_PLACEMENT_3D('',#7205,#5815,#5816);
#4756=AXIS2_PLACEMENT_3D('',#7209,#5819,#5820);
#4757=AXIS2_PLACEMENT_3D('',#7215,#5824,#5825);
#4758=AXIS2_PLACEMENT_3D('',#7221,#5829,#5830);
#4759=AXIS2_PLACEMENT_3D('',#7227,#5834,#5835);
#4760=AXIS2_PLACEMENT_3D('',#7233,#5839,#5840);
#4761=AXIS2_PLACEMENT_3D('',#7239,#5844,#5845);
#4762=AXIS2_PLACEMENT_3D('',#7245,#5849,#5850);
#4763=AXIS2_PLACEMENT_3D('',#7250,#5854,#5855);
#4764=AXIS2_PLACEMENT_3D('',#7254,#5858,#5859);
#4765=AXIS2_PLACEMENT_3D('',#7258,#5862,#5863);
#4766=AXIS2_PLACEMENT_3D('',#7262,#5866,#5867);
#4767=AXIS2_PLACEMENT_3D('',#7266,#5870,#5871);
#4768=AXIS2_PLACEMENT_3D('',#7268,#5873,#5874);
#4769=AXIS2_PLACEMENT_3D('',#7275,#5881,#5882);
#4770=AXIS2_PLACEMENT_3D('',#7279,#5885,#5886);
#4771=AXIS2_PLACEMENT_3D('',#7281,#5888,#5889);
#4772=AXIS2_PLACEMENT_3D('',#7290,#5891,#5892);
#4773=AXIS2_PLACEMENT_3D('',#7301,#5896,#5897);
#4774=AXIS2_PLACEMENT_3D('',#7305,#5900,#5901);
#4775=AXIS2_PLACEMENT_3D('',#7314,#5903,#5904);
#4776=AXIS2_PLACEMENT_3D('',#7325,#5908,#5909);
#4777=AXIS2_PLACEMENT_3D('',#7328,#5911,#5912);
#4778=AXIS2_PLACEMENT_3D('',#7331,#5915,#5916);
#4779=AXIS2_PLACEMENT_3D('',#7340,#5918,#5919);
#4780=AXIS2_PLACEMENT_3D('',#7344,#5922,#5923);
#4781=AXIS2_PLACEMENT_3D('',#7354,#5926,#5927);
#4782=AXIS2_PLACEMENT_3D('',#7355,#5928,#5929);
#4783=AXIS2_PLACEMENT_3D('',#7359,#5932,#5933);
#4784=AXIS2_PLACEMENT_3D('',#7360,#5934,#5935);
#4785=AXIS2_PLACEMENT_3D('',#7401,#5938,#5939);
#4786=AXIS2_PLACEMENT_3D('',#7405,#5942,#5943);
#4787=AXIS2_PLACEMENT_3D('',#7446,#5946,#5947);
#4788=AXIS2_PLACEMENT_3D('',#7512,#5950,#5951);
#4789=AXIS2_PLACEMENT_3D('',#7607,#5953,#5954);
#4790=AXIS2_PLACEMENT_3D('',#7639,#5956,#5957);
#4791=AXIS2_PLACEMENT_3D('',#7642,#5960,#5961);
#4792=AXIS2_PLACEMENT_3D('',#7645,#5964,#5965);
#4793=AXIS2_PLACEMENT_3D('',#7649,#5967,#5968);
#4794=AXIS2_PLACEMENT_3D('',#7651,#5969,#5970);
#4795=AXIS2_PLACEMENT_3D('',#7653,#5971,#5972);
#4796=AXIS2_PLACEMENT_3D('',#7654,#5973,#5974);
#4797=AXIS2_PLACEMENT_3D('',#7655,#5975,#5976);
#4798=AXIS2_PLACEMENT_3D('',#7658,#5979,#5980);
#4799=AXIS2_PLACEMENT_3D('',#7660,#5982,#5983);
#4800=AXIS2_PLACEMENT_3D('',#7662,#5985,#5986);
#4801=AXIS2_PLACEMENT_3D('',#7663,#5987,#5988);
#4802=AXIS2_PLACEMENT_3D('',#7664,#5989,#5990);
#4803=AXIS2_PLACEMENT_3D('',#7666,#5992,#5993);
#4804=AXIS2_PLACEMENT_3D('',#7667,#5994,#5995);
#4805=AXIS2_PLACEMENT_3D('',#7668,#5996,#5997);
#4806=AXIS2_PLACEMENT_3D('',#7669,#5998,#5999);
#4807=AXIS2_PLACEMENT_3D('',#7670,#6000,#6001);
#4808=AXIS2_PLACEMENT_3D('',#7671,#6002,#6003);
#4809=AXIS2_PLACEMENT_3D('',#7672,#6004,#6005);
#4810=AXIS2_PLACEMENT_3D('',#7673,#6006,#6007);
#4811=AXIS2_PLACEMENT_3D('',#7675,#6009,#6010);
#4812=AXIS2_PLACEMENT_3D('',#7676,#6011,#6012);
#4813=AXIS2_PLACEMENT_3D('',#7677,#6013,#6014);
#4814=AXIS2_PLACEMENT_3D('',#7678,#6015,#6016);
#4815=AXIS2_PLACEMENT_3D('',#7679,#6017,#6018);
#4816=AXIS2_PLACEMENT_3D('',#7680,#6019,#6020);
#4817=AXIS2_PLACEMENT_3D('',#7681,#6021,#6022);
#4818=AXIS2_PLACEMENT_3D('',#7682,#6023,#6024);
#4819=AXIS2_PLACEMENT_3D('',#7684,#6026,#6027);
#4820=AXIS2_PLACEMENT_3D('',#7685,#6028,#6029);
#4821=AXIS2_PLACEMENT_3D('',#7686,#6030,#6031);
#4822=AXIS2_PLACEMENT_3D('',#7687,#6032,#6033);
#4823=AXIS2_PLACEMENT_3D('',#7688,#6034,#6035);
#4824=AXIS2_PLACEMENT_3D('',#7690,#6037,#6038);
#4825=AXIS2_PLACEMENT_3D('',#7691,#6039,#6040);
#4826=AXIS2_PLACEMENT_3D('',#7692,#6041,#6042);
#4827=AXIS2_PLACEMENT_3D('',#7693,#6043,#6044);
#4828=AXIS2_PLACEMENT_3D('',#7694,#6045,#6046);
#4829=AXIS2_PLACEMENT_3D('',#7695,#6047,#6048);
#4830=AXIS2_PLACEMENT_3D('',#7696,#6049,#6050);
#4831=AXIS2_PLACEMENT_3D('',#7698,#6052,#6053);
#4832=AXIS2_PLACEMENT_3D('',#7700,#6055,#6056);
#4833=AXIS2_PLACEMENT_3D('',#7702,#6058,#6059);
#4834=AXIS2_PLACEMENT_3D('',#7704,#6061,#6062);
#4835=AXIS2_PLACEMENT_3D('',#7706,#6064,#6065);
#4836=AXIS2_PLACEMENT_3D('',#7707,#6066,#6067);
#4837=DIRECTION('axis',(0.,0.,1.));
#4838=DIRECTION('refdir',(1.,0.,0.));
#4839=DIRECTION('axis',(0.,0.,1.));
#4840=DIRECTION('refdir',(1.,0.,0.));
#4841=DIRECTION('center_axis',(0.,0.,1.));
#4842=DIRECTION('ref_axis',(0.258816687293531,0.965926458058999,0.));
#4843=DIRECTION('center_axis',(0.,0.,1.));
#4844=DIRECTION('ref_axis',(0.258816687293531,0.965926458058999,0.));
#4845=DIRECTION('',(0.,0.,-1.));
#4846=DIRECTION('center_axis',(0.,0.,-1.));
#4847=DIRECTION('ref_axis',(0.258816687293531,0.965926458058999,0.));
#4848=DIRECTION('',(0.,0.,1.));
#4849=DIRECTION('center_axis',(0.499999999999999,-0.866025403784439,0.));
#4850=DIRECTION('ref_axis',(0.866025403784439,0.499999999999999,0.));
#4851=DIRECTION('',(-0.866025403784439,-0.499999999999999,0.));
#4852=DIRECTION('',(0.,0.,1.));
#4853=DIRECTION('',(0.866025403784439,0.499999999999999,0.));
#4854=DIRECTION('',(0.,0.,-1.));
#4855=DIRECTION('',(0.866025403784439,0.499999999999999,0.));
#4856=DIRECTION('',(0.,0.,1.));
#4857=DIRECTION('',(0.866025403784439,0.499999999999999,0.));
#4858=DIRECTION('',(0.,0.,1.));
#4859=DIRECTION('',(0.866025403784439,0.499999999999999,0.));
#4860=DIRECTION('',(0.,0.,1.));
#4861=DIRECTION('',(0.866025403784439,0.499999999999999,0.));
#4862=DIRECTION('',(0.,0.,-1.));
#4863=DIRECTION('',(-0.866025403784439,-0.499999999999999,0.));
#4864=DIRECTION('',(0.,0.,1.));
#4865=DIRECTION('',(0.866025403784439,0.499999999999999,0.));
#4866=DIRECTION('center_axis',(0.,0.,1.));
#4867=DIRECTION('ref_axis',(-0.259908836642177,-0.965633158417476,0.));
#4868=DIRECTION('center_axis',(0.,0.,1.));
#4869=DIRECTION('ref_axis',(-0.259908836642177,-0.965633158417476,0.));
#4870=DIRECTION('',(0.,0.,-1.));
#4871=DIRECTION('center_axis',(0.,0.,-1.));
#4872=DIRECTION('ref_axis',(-0.259908836642177,-0.965633158417476,0.));
#4873=DIRECTION('',(0.,0.,1.));
#4874=DIRECTION('center_axis',(-0.5,0.866025403784439,0.));
#4875=DIRECTION('ref_axis',(-0.866025403784439,-0.5,0.));
#4876=DIRECTION('',(0.866025403784439,0.5,0.));
#4877=DIRECTION('',(0.,0.,1.));
#4878=DIRECTION('',(-0.866025403784439,-0.5,0.));
#4879=DIRECTION('',(0.,0.,-1.));
#4880=DIRECTION('',(0.866025403784439,0.5,0.));
#4881=DIRECTION('',(0.,0.,1.));
#4882=DIRECTION('',(-0.866025403784439,-0.5,0.));
#4883=DIRECTION('',(0.,0.,1.));
#4884=DIRECTION('',(-0.866025403784439,-0.5,0.));
#4885=DIRECTION('',(0.,0.,1.));
#4886=DIRECTION('',(-0.866025403784439,-0.5,0.));
#4887=DIRECTION('',(0.,0.,1.));
#4888=DIRECTION('',(0.866025403784439,0.5,0.));
#4889=DIRECTION('',(0.,0.,1.));
#4890=DIRECTION('',(-0.866025403784439,-0.5,0.));
#4891=DIRECTION('center_axis',(0.,0.,1.));
#4892=DIRECTION('ref_axis',(0.500000000000001,0.866025403784438,0.));
#4893=DIRECTION('center_axis',(0.,0.,1.));
#4894=DIRECTION('ref_axis',(0.500000000000001,0.866025403784438,0.));
#4895=DIRECTION('',(0.,0.,-1.));
#4896=DIRECTION('center_axis',(0.,0.,-1.));
#4897=DIRECTION('ref_axis',(0.500000000000001,0.866025403784438,0.));
#4898=DIRECTION('',(0.,0.,1.));
#4899=DIRECTION('center_axis',(0.500000000000001,-0.866025403784438,0.));
#4900=DIRECTION('ref_axis',(0.866025403784438,0.500000000000001,0.));
#4901=DIRECTION('',(0.866025403784438,0.500000000000001,0.));
#4902=DIRECTION('',(0.,0.,1.));
#4903=DIRECTION('',(0.866025403784438,0.500000000000001,0.));
#4904=DIRECTION('center_axis',(0.,0.,1.));
#4905=DIRECTION('ref_axis',(-0.707106781186471,0.707106781186624,0.));
#4906=DIRECTION('center_axis',(0.,0.,-1.));
#4907=DIRECTION('ref_axis',(-0.707106781186471,0.707106781186624,0.));
#4908=DIRECTION('center_axis',(0.,0.,1.));
#4909=DIRECTION('ref_axis',(-0.707106781186471,0.707106781186624,0.));
#4910=DIRECTION('',(0.,0.,-1.));
#4911=DIRECTION('center_axis',(0.,0.,1.));
#4912=DIRECTION('ref_axis',(-0.96592582628904,0.258819045102627,0.));
#4913=DIRECTION('center_axis',(0.,0.,-1.));
#4914=DIRECTION('ref_axis',(-0.96592582628904,0.258819045102627,0.));
#4915=DIRECTION('',(0.,0.,1.));
#4916=DIRECTION('center_axis',(0.,0.,1.));
#4917=DIRECTION('ref_axis',(-0.96592582628904,0.258819045102627,0.));
#4918=DIRECTION('',(0.,0.,-1.));
#4919=DIRECTION('center_axis',(0.86602540378433,-0.500000000000189,0.));
#4920=DIRECTION('ref_axis',(0.500000000000189,0.86602540378433,0.));
#4921=DIRECTION('',(0.500000000000189,0.86602540378433,0.));
#4922=DIRECTION('',(0.500000000000189,0.86602540378433,0.));
#4923=DIRECTION('center_axis',(0.,0.,1.));
#4924=DIRECTION('ref_axis',(-0.00204625591897169,-0.999997906416165,0.));
#4925=DIRECTION('center_axis',(0.,0.,-1.));
#4926=DIRECTION('ref_axis',(-0.00204625591897169,-0.999997906416165,0.));
#4927=DIRECTION('',(0.,0.,1.));
#4928=DIRECTION('center_axis',(0.,0.,1.));
#4929=DIRECTION('ref_axis',(-0.00204625591897169,-0.999997906416165,0.));
#4930=DIRECTION('',(0.,0.,-1.));
#4931=DIRECTION('center_axis',(0.503540024633542,0.863971899769924,0.));
#4932=DIRECTION('ref_axis',(-0.863971899769924,0.503540024633542,0.));
#4933=DIRECTION('',(-0.863971899769924,0.503540024633542,0.));
#4934=DIRECTION('',(0.,0.,-1.));
#4935=DIRECTION('',(-0.863971899769924,0.503540024633542,0.));
#4936=DIRECTION('',(-0.863971899769924,0.503540024633542,0.));
#4937=DIRECTION('center_axis',(0.,0.,1.));
#4938=DIRECTION('ref_axis',(-0.256288065603474,0.966600448701132,0.));
#4939=DIRECTION('center_axis',(0.,0.,-1.));
#4940=DIRECTION('ref_axis',(-0.256288065603474,0.966600448701132,0.));
#4941=DIRECTION('',(0.,0.,1.));
#4942=DIRECTION('center_axis',(0.,0.,1.));
#4943=DIRECTION('ref_axis',(-0.256288065603474,0.966600448701132,0.));
#4944=DIRECTION('',(0.,0.,-1.));
#4945=DIRECTION('center_axis',(-1.17877719714707E-15,-1.,0.));
#4946=DIRECTION('ref_axis',(1.,-1.17877719714707E-15,0.));
#4947=DIRECTION('',(1.,-1.17877719714707E-15,0.));
#4948=DIRECTION('',(0.,0.,-1.));
#4949=DIRECTION('',(1.,-1.17877719714707E-15,0.));
#4950=DIRECTION('center_axis',(0.,0.,1.));
#4951=DIRECTION('ref_axis',(0.705252199849949,-0.708956511082879,0.));
#4952=DIRECTION('center_axis',(0.,0.,-1.));
#4953=DIRECTION('ref_axis',(0.705252199849949,-0.708956511082879,0.));
#4954=DIRECTION('',(0.,0.,1.));
#4955=DIRECTION('center_axis',(0.,0.,1.));
#4956=DIRECTION('ref_axis',(0.705252199849949,-0.708956511082879,0.));
#4957=DIRECTION('',(0.,0.,-1.));
#4958=DIRECTION('center_axis',(-0.495456318418127,0.868632854858458,0.));
#4959=DIRECTION('ref_axis',(-0.868632854858458,-0.495456318418127,0.));
#4960=DIRECTION('',(-0.868632854858458,-0.495456318418127,0.));
#4961=DIRECTION('',(0.,0.,-1.));
#4962=DIRECTION('',(-0.868632854858458,-0.495456318418127,0.));
#4963=DIRECTION('center_axis',(0.,0.,1.));
#4964=DIRECTION('ref_axis',(0.867046718647139,0.498226843599609,0.));
#4965=DIRECTION('center_axis',(0.,0.,-1.));
#4966=DIRECTION('ref_axis',(0.867046718647139,0.498226843599609,0.));
#4967=DIRECTION('',(0.,0.,1.));
#4968=DIRECTION('center_axis',(0.,0.,1.));
#4969=DIRECTION('ref_axis',(0.867046718647139,0.498226843599609,0.));
#4970=DIRECTION('',(0.,0.,-1.));
#4971=DIRECTION('center_axis',(-1.,2.03839146917674E-15,0.));
#4972=DIRECTION('ref_axis',(-2.03839146917674E-15,-1.,0.));
#4973=DIRECTION('',(-2.03839146917674E-15,-1.,0.));
#4974=DIRECTION('',(0.,0.,-1.));
#4975=DIRECTION('',(-2.03839146917674E-15,-1.,0.));
#4976=DIRECTION('center_axis',(0.,0.,1.));
#4977=DIRECTION('ref_axis',(0.866025403784437,-0.500000000000002,0.));
#4978=DIRECTION('center_axis',(0.,0.,1.));
#4979=DIRECTION('ref_axis',(0.866025403784437,-0.500000000000002,0.));
#4980=DIRECTION('center_axis',(0.,0.,-1.));
#4981=DIRECTION('ref_axis',(0.866025403784437,-0.500000000000002,0.));
#4982=DIRECTION('center_axis',(0.,0.,1.));
#4983=DIRECTION('ref_axis',(0.866025403784439,-0.499999999999999,0.));
#4984=DIRECTION('center_axis',(0.,0.,1.));
#4985=DIRECTION('ref_axis',(0.866025403784439,-0.499999999999999,0.));
#4986=DIRECTION('',(0.,0.,-1.));
#4987=DIRECTION('center_axis',(0.,0.,-1.));
#4988=DIRECTION('ref_axis',(0.866025403784439,-0.499999999999999,0.));
#4989=DIRECTION('',(0.,0.,1.));
#4990=DIRECTION('center_axis',(-1.,6.36914343197906E-16,0.));
#4991=DIRECTION('ref_axis',(-6.36914343197906E-16,-1.,0.));
#4992=DIRECTION('',(-6.36914343197906E-16,-1.,0.));
#4993=DIRECTION('',(0.,0.,1.));
#4994=DIRECTION('',(-6.36914343197906E-16,-1.,0.));
#4995=DIRECTION('',(0.,0.,1.));
#4996=DIRECTION('',(-6.36914343197906E-16,-1.,0.));
#4997=DIRECTION('',(0.,0.,-1.));
#4998=DIRECTION('',(6.36914343197906E-16,1.,0.));
#4999=DIRECTION('',(0.,0.,1.));
#5000=DIRECTION('',(-6.36914343197906E-16,-1.,0.));
#5001=DIRECTION('',(0.,0.,-1.));
#5002=DIRECTION('',(6.36914343197906E-16,1.,0.));
#5003=DIRECTION('',(0.,0.,1.));
#5004=DIRECTION('',(-6.36914343197906E-16,-1.,0.));
#5005=DIRECTION('',(6.36914343197906E-16,1.,0.));
#5006=DIRECTION('center_axis',(0.,0.,1.));
#5007=DIRECTION('ref_axis',(0.965633158417475,-0.259908836642182,0.));
#5008=DIRECTION('center_axis',(0.,0.,1.));
#5009=DIRECTION('ref_axis',(0.965633158417475,-0.259908836642182,0.));
#5010=DIRECTION('',(0.,0.,-1.));
#5011=DIRECTION('center_axis',(0.,0.,-1.));
#5012=DIRECTION('ref_axis',(0.965633158417475,-0.259908836642182,0.));
#5013=DIRECTION('center_axis',(-0.867151603458792,-0.498044271745842,0.));
#5014=DIRECTION('ref_axis',(0.498044271745843,-0.867151603458792,0.));
#5015=DIRECTION('',(0.498044271745843,-0.867151603458792,0.));
#5016=DIRECTION('',(0.352170481882601,-0.6131687791225,0.707106781186547));
#5017=DIRECTION('',(0.498044271745843,-0.867151603458792,0.));
#5018=DIRECTION('',(0.,0.,1.));
#5019=DIRECTION('',(0.498044271745843,-0.867151603458792,0.));
#5020=DIRECTION('',(0.,0.,-1.));
#5021=DIRECTION('',(0.498044271745843,-0.867151603458792,0.));
#5022=DIRECTION('center_axis',(0.,0.,1.));
#5023=DIRECTION('ref_axis',(0.918158603182261,-0.396213047996151,0.));
#5024=DIRECTION('center_axis',(0.,0.,-1.));
#5025=DIRECTION('ref_axis',(0.918158603182261,-0.396213047996151,0.));
#5026=DIRECTION('',(0.,0.,-1.));
#5027=DIRECTION('center_axis',(0.,0.,1.));
#5028=DIRECTION('ref_axis',(0.918158603182261,-0.396213047996151,0.));
#5029=DIRECTION('',(0.,0.,1.));
#5030=DIRECTION('center_axis',(0.,0.,1.));
#5031=DIRECTION('ref_axis',(-9.49410759657493E-16,1.,0.));
#5032=DIRECTION('center_axis',(0.,0.,-1.));
#5033=DIRECTION('ref_axis',(-1.,0.,0.));
#5034=DIRECTION('',(0.,0.,-1.));
#5035=DIRECTION('center_axis',(0.,0.,-1.));
#5036=DIRECTION('ref_axis',(-1.,0.,0.));
#5037=DIRECTION('center_axis',(0.,0.,1.));
#5038=DIRECTION('ref_axis',(-1.,0.,0.));
#5039=DIRECTION('',(-0.5,0.866025403784439,0.));
#5040=DIRECTION('',(6.23496421511134E-16,1.,0.));
#5041=DIRECTION('',(0.5,0.866025403784439,0.));
#5042=DIRECTION('',(0.866025403784439,0.5,0.));
#5043=DIRECTION('',(1.,0.,0.));
#5044=DIRECTION('',(0.866025403784439,-0.5,0.));
#5045=DIRECTION('',(0.499999999999998,-0.86602540378444,0.));
#5046=DIRECTION('',(-6.23496421511135E-16,-1.,0.));
#5047=DIRECTION('',(-0.500000000000001,-0.866025403784438,0.));
#5048=DIRECTION('',(-0.866025403784439,-0.499999999999999,0.));
#5049=DIRECTION('',(-1.,0.,0.));
#5050=DIRECTION('',(-0.866025403784438,0.500000000000001,0.));
#5051=DIRECTION('center_axis',(0.,0.,-1.));
#5052=DIRECTION('ref_axis',(-0.233174537501873,-0.972434900165964,0.));
#5053=DIRECTION('center_axis',(0.,0.,-1.));
#5054=DIRECTION('ref_axis',(0.922249535038505,0.386595130752137,0.));
#5055=DIRECTION('center_axis',(0.,0.,-1.));
#5056=DIRECTION('ref_axis',(-0.955064136811237,-0.296399214872452,0.));
#5057=DIRECTION('center_axis',(0.,0.,1.));
#5058=DIRECTION('ref_axis',(0.233152443480741,0.972440197698018,0.));
#5059=DIRECTION('',(6.36914343197906E-16,1.,0.));
#5060=DIRECTION('',(-0.499999999999999,0.866025403784439,0.));
#5061=DIRECTION('',(-0.866025403784439,0.5,0.));
#5062=DIRECTION('center_axis',(0.,0.,-1.));
#5063=DIRECTION('ref_axis',(0.499999999999999,-0.866025403784439,0.));
#5064=DIRECTION('',(-5.22380479048378E-16,-1.,0.));
#5065=DIRECTION('',(0.500000000000189,-0.866025403784329,0.));
#5066=DIRECTION('',(0.866025403784438,-0.500000000000001,0.));
#5067=DIRECTION('center_axis',(0.,0.,-1.));
#5068=DIRECTION('ref_axis',(-0.499999999999993,0.866025403784442,0.));
#5069=DIRECTION('center_axis',(0.,0.,-1.));
#5070=DIRECTION('ref_axis',(-0.705598407464394,0.708611944144121,0.));
#5071=DIRECTION('',(6.36914343197906E-16,1.,0.));
#5072=DIRECTION('center_axis',(0.,0.,-1.));
#5073=DIRECTION('ref_axis',(-0.866025403784439,-0.499999999999999,0.));
#5074=DIRECTION('',(-0.866025403784436,0.500000000000004,0.));
#5075=DIRECTION('center_axis',(0.,0.,-1.));
#5076=DIRECTION('ref_axis',(-0.00200051756688149,-0.99999799896273,0.));
#5077=DIRECTION('',(-0.868018985558706,-0.496531006795784,0.));
#5078=DIRECTION('center_axis',(0.,0.,-1.));
#5079=DIRECTION('ref_axis',(0.96189804771884,-0.273408386474672,0.));
#5080=DIRECTION('center_axis',(0.,0.,1.));
#5081=DIRECTION('ref_axis',(-0.955064136811237,-0.296399214872452,0.));
#5082=DIRECTION('center_axis',(0.,0.,1.));
#5083=DIRECTION('ref_axis',(0.922249535038505,0.386595130752137,0.));
#5084=DIRECTION('center_axis',(0.,0.,-1.));
#5085=DIRECTION('ref_axis',(0.675970480719549,0.736928700211751,0.));
#5086=DIRECTION('',(0.99999091859668,-0.00426177476741629,0.));
#5087=DIRECTION('center_axis',(0.,0.,-1.));
#5088=DIRECTION('ref_axis',(-0.965925826289068,0.258819045102521,0.));
#5089=DIRECTION('',(-0.5,0.866025403784439,0.));
#5090=DIRECTION('center_axis',(0.,0.,-1.));
#5091=DIRECTION('ref_axis',(-0.713350470839985,-0.70080746696391,0.));
#5092=DIRECTION('',(-0.857020260404668,0.515282711970734,0.));
#5093=DIRECTION('center_axis',(0.,0.,-1.));
#5094=DIRECTION('ref_axis',(0.20880898601359,-0.977956444510683,0.));
#5095=DIRECTION('center_axis',(0.,0.,1.));
#5096=DIRECTION('ref_axis',(0.922249535038505,0.386595130752137,0.));
#5097=DIRECTION('center_axis',(0.,0.,-1.));
#5098=DIRECTION('ref_axis',(0.978315704412178,-0.207119247054698,0.));
#5099=DIRECTION('',(0.500004227900078,-0.86602296279143,0.));
#5100=DIRECTION('center_axis',(0.,0.,-1.));
#5101=DIRECTION('ref_axis',(0.953313154593485,0.301983491732609,0.));
#5102=DIRECTION('',(0.857020260404484,-0.51528271197104,0.));
#5103=DIRECTION('center_axis',(0.,0.,-1.));
#5104=DIRECTION('ref_axis',(0.267375896067237,0.963592304972514,0.));
#5105=DIRECTION('',(1.,-8.86112222438665E-16,0.));
#5106=DIRECTION('center_axis',(0.,0.,-1.));
#5107=DIRECTION('ref_axis',(-0.707106781186546,0.707106781186549,0.));
#5108=DIRECTION('',(6.36914343197906E-16,1.,0.));
#5109=DIRECTION('center_axis',(0.,0.,-1.));
#5110=DIRECTION('ref_axis',(-0.708611944532667,-0.705598407074188,0.));
#5111=DIRECTION('',(-0.999990918591986,0.00426177586873502,0.));
#5112=DIRECTION('center_axis',(0.,0.,-1.));
#5113=DIRECTION('ref_axis',(0.668463074394129,-0.743745331529246,0.));
#5114=DIRECTION('center_axis',(0.,0.,1.));
#5115=DIRECTION('ref_axis',(0.922249535038505,0.386595130752137,0.));
#5116=DIRECTION('center_axis',(0.,0.,-1.));
#5117=DIRECTION('ref_axis',(-1.,0.,0.));
#5118=DIRECTION('',(0.5,-0.866025403784439,0.));
#5119=DIRECTION('center_axis',(0.,0.,-1.));
#5120=DIRECTION('ref_axis',(0.258819045102522,0.965925826289068,0.));
#5121=DIRECTION('',(0.500000000000001,0.866025403784438,0.));
#5122=DIRECTION('',(6.36914343197906E-16,1.,0.));
#5123=DIRECTION('center_axis',(0.,0.,-1.));
#5124=DIRECTION('ref_axis',(-0.707106781186551,-0.707106781186544,0.));
#5125=DIRECTION('',(-1.,7.25588916726705E-16,0.));
#5126=DIRECTION('center_axis',(0.,0.,-1.));
#5127=DIRECTION('ref_axis',(0.707106781186545,0.70710678118655,0.));
#5128=DIRECTION('',(0.868632854858458,0.495456318418127,0.));
#5129=DIRECTION('center_axis',(0.,0.,-1.));
#5130=DIRECTION('ref_axis',(-0.951517829640416,0.307593595311072,0.));
#5131=DIRECTION('center_axis',(0.,0.,1.));
#5132=DIRECTION('ref_axis',(0.922249535038505,0.386595130752137,0.));
#5133=DIRECTION('center_axis',(0.,0.,1.));
#5134=DIRECTION('ref_axis',(-0.233153164042029,-0.972440024935826,0.));
#5135=DIRECTION('center_axis',(0.,0.,-1.));
#5136=DIRECTION('ref_axis',(-0.763658943350903,-0.645619871317621,0.));
#5137=DIRECTION('',(-0.999996397000704,-0.00268439669376895,0.));
#5138=DIRECTION('center_axis',(0.,0.,-1.));
#5139=DIRECTION('ref_axis',(0.708055222667614,-0.706157065852291,0.));
#5140=DIRECTION('center_axis',(0.,0.,-1.));
#5141=DIRECTION('ref_axis',(-0.214604363836238,-0.976701063285202,0.));
#5142=DIRECTION('',(-0.499999999999999,-0.866025403784439,0.));
#5143=DIRECTION('center_axis',(0.,0.,-1.));
#5144=DIRECTION('ref_axis',(0.965925826289069,0.258819045102517,0.));
#5145=DIRECTION('',(0.866025403784438,-0.500000000000001,0.));
#5146=DIRECTION('center_axis',(0.,0.,-1.));
#5147=DIRECTION('ref_axis',(-0.262589437117761,0.964907657506239,0.));
#5148=DIRECTION('',(0.493220377758715,0.869904396450294,0.));
#5149=DIRECTION('center_axis',(0.,0.,-1.));
#5150=DIRECTION('ref_axis',(-0.976437474175913,-0.215800507471516,0.));
#5151=DIRECTION('center_axis',(0.,0.,1.));
#5152=DIRECTION('ref_axis',(0.922249535038505,0.386595130752137,0.));
#5153=DIRECTION('center_axis',(0.,0.,-1.));
#5154=DIRECTION('ref_axis',(-0.966376131728647,-0.257132596193437,0.));
#5155=DIRECTION('',(-0.866025403784439,0.5,0.));
#5156=DIRECTION('center_axis',(0.,0.,-1.));
#5157=DIRECTION('ref_axis',(-2.13662520709286E-15,-1.,0.));
#5158=DIRECTION('',(-0.86602540378444,-0.499999999999998,0.));
#5159=DIRECTION('center_axis',(0.,0.,1.));
#5160=DIRECTION('ref_axis',(-1.,0.,0.));
#5161=DIRECTION('center_axis',(0.,0.,-1.));
#5162=DIRECTION('ref_axis',(0.821012444148748,-0.570910296415207,0.));
#5163=DIRECTION('',(2.54506288724343E-17,-1.,0.));
#5164=DIRECTION('',(-1.,0.,0.));
#5165=DIRECTION('',(2.54506288724343E-17,1.,0.));
#5166=DIRECTION('center_axis',(0.,0.,-1.));
#5167=DIRECTION('ref_axis',(-0.821012444148747,-0.570910296415207,0.));
#5168=DIRECTION('center_axis',(0.,0.,1.));
#5169=DIRECTION('ref_axis',(-1.,0.,0.));
#5170=DIRECTION('center_axis',(0.,0.,-1.));
#5171=DIRECTION('ref_axis',(-0.868471116777039,-0.495739769762365,0.));
#5172=DIRECTION('',(-0.866025403784439,0.5,0.));
#5173=DIRECTION('center_axis',(0.,0.,-1.));
#5174=DIRECTION('ref_axis',(0.,-1.,0.));
#5175=DIRECTION('',(0.867151603458762,0.498044271745893,0.));
#5176=DIRECTION('',(-0.498044271745843,0.867151603458791,0.));
#5177=DIRECTION('',(0.863971899769924,-0.503540024633543,0.));
#5178=DIRECTION('center_axis',(0.,0.,-1.));
#5179=DIRECTION('ref_axis',(-0.948434246916302,0.316973941005104,0.));
#5180=DIRECTION('center_axis',(0.,0.,1.));
#5181=DIRECTION('ref_axis',(-0.955064136811237,-0.296399214872452,0.));
#5182=DIRECTION('center_axis',(0.,0.,-1.));
#5183=DIRECTION('ref_axis',(-0.466801339754665,0.884362204757332,0.));
#5184=DIRECTION('',(0.503020298933298,0.86427459690833,0.));
#5185=DIRECTION('center_axis',(0.,0.,-1.));
#5186=DIRECTION('ref_axis',(-0.999321542401544,0.0368300813493362,0.));
#5187=DIRECTION('',(-0.866025403784439,-0.5,0.));
#5188=DIRECTION('center_axis',(0.,0.,-1.));
#5189=DIRECTION('ref_axis',(0.706157065852292,0.708055222667612,0.));
#5190=DIRECTION('',(0.999996397000704,0.00268439669376898,0.));
#5191=DIRECTION('center_axis',(0.,0.,-1.));
#5192=DIRECTION('ref_axis',(-0.475834899022943,0.879534620621511,0.));
#5193=DIRECTION('center_axis',(0.,0.,1.));
#5194=DIRECTION('ref_axis',(-0.233153164042029,-0.972440024935826,0.));
#5195=DIRECTION('center_axis',(0.,0.,-1.));
#5196=DIRECTION('ref_axis',(0.964907657506238,0.262589437117764,0.));
#5197=DIRECTION('',(0.866025403784438,-0.500000000000001,0.));
#5198=DIRECTION('center_axis',(0.,0.,-1.));
#5199=DIRECTION('ref_axis',(0.258819045102521,0.965925826289068,0.));
#5200=DIRECTION('',(1.,0.,0.));
#5201=DIRECTION('center_axis',(0.,0.,-1.));
#5202=DIRECTION('ref_axis',(-0.258819045102519,0.965925826289069,0.));
#5203=DIRECTION('center_axis',(0.,0.,-1.));
#5204=DIRECTION('ref_axis',(-0.965926458059,0.258816687293527,0.));
#5205=DIRECTION('',(-0.500004227900078,0.86602296279143,0.));
#5206=DIRECTION('center_axis',(0.,0.,-1.));
#5207=DIRECTION('ref_axis',(-0.300301939661414,-0.953844193270364,0.));
#5208=DIRECTION('center_axis',(0.,0.,1.));
#5209=DIRECTION('ref_axis',(0.922249535038505,0.386595130752137,0.));
#5210=DIRECTION('center_axis',(0.,0.,-1.));
#5211=DIRECTION('ref_axis',(0.30876042665523,-0.951139841943171,0.));
#5212=DIRECTION('',(-0.493220377758716,-0.869904396450294,0.));
#5213=DIRECTION('center_axis',(0.,0.,-1.));
#5214=DIRECTION('ref_axis',(0.139004464934668,0.990291754347287,0.));
#5215=DIRECTION('',(0.868018985558706,0.496531006795785,0.));
#5216=DIRECTION('center_axis',(0.,0.,-1.));
#5217=DIRECTION('ref_axis',(-0.865023412051888,0.501731498515001,0.));
#5218=DIRECTION('',(0.,1.,0.));
#5219=DIRECTION('center_axis',(0.,0.,-1.));
#5220=DIRECTION('ref_axis',(-0.866025403784438,-0.500000000000001,0.));
#5221=DIRECTION('',(-0.866025403784439,0.5,0.));
#5222=DIRECTION('center_axis',(0.,0.,-1.));
#5223=DIRECTION('ref_axis',(0.257132596193441,-0.966376131728646,0.));
#5224=DIRECTION('',(-0.503020298933298,-0.86427459690833,0.));
#5225=DIRECTION('center_axis',(0.,0.,-1.));
#5226=DIRECTION('ref_axis',(0.942028509700865,0.335532840286562,0.));
#5227=DIRECTION('center_axis',(0.,0.,1.));
#5228=DIRECTION('ref_axis',(-0.955064136811237,-0.296399214872452,0.));
#5229=DIRECTION('center_axis',(0.,0.,-1.));
#5230=DIRECTION('ref_axis',(-1.,0.,0.));
#5231=DIRECTION('',(-1.,9.15714649684269E-16,0.));
#5232=DIRECTION('center_axis',(0.,0.,-1.));
#5233=DIRECTION('ref_axis',(0.707106781186551,-0.707106781186544,0.));
#5234=DIRECTION('',(0.5,-0.866025403784439,0.));
#5235=DIRECTION('',(0.866025403784438,-0.500000000000001,0.));
#5236=DIRECTION('center_axis',(0.,0.,-1.));
#5237=DIRECTION('ref_axis',(-0.258819045102527,0.965925826289067,0.));
#5238=DIRECTION('',(0.5,0.866025403784439,0.));
#5239=DIRECTION('',(0.866025403784438,-0.500000000000001,0.));
#5240=DIRECTION('',(1.,0.,0.));
#5241=DIRECTION('center_axis',(0.,0.,-1.));
#5242=DIRECTION('ref_axis',(-0.965925826289059,-0.258819045102556,0.));
#5243=DIRECTION('',(-1.,0.,0.));
#5244=DIRECTION('center_axis',(0.,0.,-1.));
#5245=DIRECTION('ref_axis',(0.965925826289067,-0.258819045102527,0.));
#5246=DIRECTION('',(-0.5,-0.866025403784439,0.));
#5247=DIRECTION('',(4.96519552496167E-16,1.,0.));
#5248=DIRECTION('',(0.866025403784439,0.5,0.));
#5249=DIRECTION('center_axis',(0.,0.,-1.));
#5250=DIRECTION('ref_axis',(-1.,0.,0.));
#5251=DIRECTION('',(-0.866025403784439,0.5,0.));
#5252=DIRECTION('',(-1.,0.,0.));
#5253=DIRECTION('center_axis',(0.,0.,-1.));
#5254=DIRECTION('ref_axis',(1.,0.,0.));
#5255=DIRECTION('',(0.866025403784438,-0.5,0.));
#5256=DIRECTION('center_axis',(0.,0.,1.));
#5257=DIRECTION('ref_axis',(-0.918158603182259,-0.396213047996154,0.));
#5258=DIRECTION('center_axis',(0.,0.,1.));
#5259=DIRECTION('ref_axis',(-0.918158603182259,-0.396213047996154,0.));
#5260=DIRECTION('center_axis',(0.,0.,-1.));
#5261=DIRECTION('ref_axis',(-0.918158603182259,-0.396213047996154,0.));
#5262=DIRECTION('',(0.,0.,1.));
#5263=DIRECTION('center_axis',(0.,0.,1.));
#5264=DIRECTION('ref_axis',(1.,0.,0.));
#5265=DIRECTION('',(0.866025403784438,-0.5,0.));
#5266=DIRECTION('center_axis',(0.,0.,1.));
#5267=DIRECTION('ref_axis',(1.,0.,0.));
#5268=DIRECTION('center_axis',(0.,0.,1.));
#5269=DIRECTION('ref_axis',(0.,-1.,0.));
#5270=DIRECTION('',(-0.866025403784439,0.5,0.));
#5271=DIRECTION('center_axis',(0.,0.,1.));
#5272=DIRECTION('ref_axis',(-0.868471116777039,-0.495739769762365,0.));
#5273=DIRECTION('center_axis',(0.,0.,1.));
#5274=DIRECTION('ref_axis',(-1.,0.,0.));
#5275=DIRECTION('center_axis',(0.,0.,1.));
#5276=DIRECTION('ref_axis',(-0.821012444148747,-0.570910296415207,0.));
#5277=DIRECTION('',(2.54506288724343E-17,1.,0.));
#5278=DIRECTION('',(1.,0.,0.));
#5279=DIRECTION('',(2.54506288724343E-17,-1.,0.));
#5280=DIRECTION('center_axis',(0.,0.,1.));
#5281=DIRECTION('ref_axis',(0.821012444148748,-0.570910296415207,0.));
#5282=DIRECTION('center_axis',(0.,0.,1.));
#5283=DIRECTION('ref_axis',(-1.,0.,0.));
#5284=DIRECTION('',(-0.86602540378444,-0.499999999999998,0.));
#5285=DIRECTION('center_axis',(0.,0.,1.));
#5286=DIRECTION('ref_axis',(-2.13662520709286E-15,-1.,0.));
#5287=DIRECTION('',(0.866025403784439,-0.5,0.));
#5288=DIRECTION('center_axis',(0.,0.,1.));
#5289=DIRECTION('ref_axis',(-1.,0.,0.));
#5290=DIRECTION('',(0.866025403784439,0.5,0.));
#5291=DIRECTION('center_axis',(-0.5,-0.866025403784438,0.));
#5292=DIRECTION('ref_axis',(0.866025403784438,-0.5,0.));
#5293=DIRECTION('',(0.,0.,-1.));
#5294=DIRECTION('center_axis',(0.,0.,1.));
#5295=DIRECTION('ref_axis',(1.,0.,0.));
#5296=DIRECTION('center_axis',(0.,0.,1.));
#5297=DIRECTION('ref_axis',(0.821012444148748,-0.570910296415207,0.));
#5298=DIRECTION('',(0.,0.,1.));
#5299=DIRECTION('',(0.,0.,-1.));
#5300=DIRECTION('center_axis',(0.,0.,1.));
#5301=DIRECTION('ref_axis',(-1.,0.,0.));
#5302=DIRECTION('',(0.,0.,1.));
#5303=DIRECTION('center_axis',(0.,0.,1.));
#5304=DIRECTION('ref_axis',(-0.821012444148747,-0.570910296415207,0.));
#5305=DIRECTION('',(0.,0.,1.));
#5306=DIRECTION('',(0.,0.,-1.));
#5307=DIRECTION('center_axis',(1.,-2.54506288724343E-17,0.));
#5308=DIRECTION('ref_axis',(2.54506288724343E-17,1.,0.));
#5309=DIRECTION('',(0.,0.,1.));
#5310=DIRECTION('',(1.79963122611604E-17,0.707106781186548,-0.707106781186547));
#5311=DIRECTION('center_axis',(0.,0.,1.));
#5312=DIRECTION('ref_axis',(-0.868471116777039,-0.495739769762365,0.));
#5313=DIRECTION('',(0.,0.,1.));
#5314=DIRECTION('',(0.,0.,-1.));
#5315=DIRECTION('center_axis',(0.,0.,1.));
#5316=DIRECTION('ref_axis',(0.823807034605459,0.566870328853575,0.));
#5317=DIRECTION('center_axis',(0.,0.,1.));
#5318=DIRECTION('ref_axis',(0.,-1.,0.));
#5319=DIRECTION('',(0.,0.,1.));
#5320=DIRECTION('center_axis',(0.,0.,1.));
#5321=DIRECTION('ref_axis',(-1.,0.,0.));
#5322=DIRECTION('',(0.,0.,-1.));
#5323=DIRECTION('',(0.,0.,1.));
#5324=DIRECTION('center_axis',(0.5,0.866025403784439,0.));
#5325=DIRECTION('ref_axis',(-0.866025403784439,0.5,0.));
#5326=DIRECTION('',(0.,0.,1.));
#5327=DIRECTION('',(0.,0.,-1.));
#5328=DIRECTION('',(0.866025403784438,-0.5,0.));
#5329=DIRECTION('',(0.,0.,1.));
#5330=DIRECTION('',(0.,0.,-1.));
#5331=DIRECTION('',(0.866025403784439,-0.5,0.));
#5332=DIRECTION('',(0.,0.,1.));
#5333=DIRECTION('',(0.,0.,1.));
#5334=DIRECTION('',(-0.866025403784439,0.5,0.));
#5335=DIRECTION('',(0.,0.,1.));
#5336=DIRECTION('center_axis',(0.,0.,1.));
#5337=DIRECTION('ref_axis',(-0.966376131728647,-0.257132596193437,0.));
#5338=DIRECTION('center_axis',(0.,0.,1.));
#5339=DIRECTION('ref_axis',(-0.966376131728647,-0.257132596193437,0.));
#5340=DIRECTION('',(0.,0.,1.));
#5341=DIRECTION('center_axis',(0.,0.,1.));
#5342=DIRECTION('ref_axis',(0.499999999999999,-0.866025403784439,0.));
#5343=DIRECTION('center_axis',(0.,0.,1.));
#5344=DIRECTION('ref_axis',(0.499999999999999,-0.866025403784439,0.));
#5345=DIRECTION('',(0.,0.,-1.));
#5346=DIRECTION('center_axis',(-1.,5.22380479048378E-16,0.));
#5347=DIRECTION('ref_axis',(-5.22380479048378E-16,-1.,0.));
#5348=DIRECTION('',(-5.22380479048378E-16,-1.,0.));
#5349=DIRECTION('',(0.,0.,1.));
#5350=DIRECTION('center_axis',(0.,0.,1.));
#5351=DIRECTION('ref_axis',(0.257132596193441,-0.966376131728646,0.));
#5352=DIRECTION('center_axis',(0.,0.,1.));
#5353=DIRECTION('ref_axis',(0.257132596193441,-0.966376131728646,0.));
#5354=DIRECTION('',(0.,0.,-1.));
#5355=DIRECTION('center_axis',(-0.86427459690833,0.503020298933298,0.));
#5356=DIRECTION('ref_axis',(-0.503020298933298,-0.86427459690833,0.));
#5357=DIRECTION('',(-0.503020298933298,-0.86427459690833,0.));
#5358=DIRECTION('',(-0.503020298933298,-0.86427459690833,0.));
#5359=DIRECTION('',(0.,0.,1.));
#5360=DIRECTION('center_axis',(0.,0.,1.));
#5361=DIRECTION('ref_axis',(-2.13662520709286E-15,-1.,0.));
#5362=DIRECTION('',(0.,0.,-1.));
#5363=DIRECTION('center_axis',(-0.499999999999998,0.86602540378444,0.));
#5364=DIRECTION('ref_axis',(-0.86602540378444,-0.499999999999998,0.));
#5365=DIRECTION('center_axis',(0.,0.,1.));
#5366=DIRECTION('ref_axis',(-0.866025403784438,-0.500000000000001,0.));
#5367=DIRECTION('center_axis',(0.,0.,1.));
#5368=DIRECTION('ref_axis',(-0.866025403784438,-0.500000000000001,0.));
#5369=DIRECTION('',(0.,0.,1.));
#5370=DIRECTION('center_axis',(0.,0.,1.));
#5371=DIRECTION('ref_axis',(-0.00200051756688149,-0.99999799896273,0.));
#5372=DIRECTION('',(0.,0.,1.));
#5373=DIRECTION('center_axis',(0.,0.,1.));
#5374=DIRECTION('ref_axis',(-0.00200051756688149,-0.99999799896273,0.));
#5375=DIRECTION('',(0.,0.,-1.));
#5376=DIRECTION('center_axis',(0.500000000000004,0.866025403784436,0.));
#5377=DIRECTION('ref_axis',(-0.866025403784436,0.500000000000004,0.));
#5378=DIRECTION('',(0.,0.,-1.));
#5379=DIRECTION('',(-0.866025403784436,0.500000000000004,0.));
#5380=DIRECTION('center_axis',(0.,0.,1.));
#5381=DIRECTION('ref_axis',(-0.865023412051888,0.501731498515001,0.));
#5382=DIRECTION('',(0.,0.,1.));
#5383=DIRECTION('center_axis',(0.,0.,1.));
#5384=DIRECTION('ref_axis',(-0.865023412051888,0.501731498515001,0.));
#5385=DIRECTION('',(0.,0.,-1.));
#5386=DIRECTION('center_axis',(0.496531006795785,-0.868018985558706,0.));
#5387=DIRECTION('ref_axis',(0.868018985558706,0.496531006795785,0.));
#5388=DIRECTION('',(0.,0.,-1.));
#5389=DIRECTION('',(0.868018985558706,0.496531006795785,0.));
#5390=DIRECTION('',(0.868018985558706,0.496531006795785,0.));
#5391=DIRECTION('center_axis',(0.,0.,1.));
#5392=DIRECTION('ref_axis',(-0.866025403784439,-0.499999999999999,0.));
#5393=DIRECTION('center_axis',(0.,0.,1.));
#5394=DIRECTION('ref_axis',(-0.866025403784439,-0.499999999999999,0.));
#5395=DIRECTION('',(0.,0.,1.));
#5396=DIRECTION('center_axis',(0.,0.,1.));
#5397=DIRECTION('ref_axis',(-0.499999999999993,0.866025403784442,0.));
#5398=DIRECTION('center_axis',(0.,0.,1.));
#5399=DIRECTION('ref_axis',(-0.499999999999993,0.866025403784442,0.));
#5400=DIRECTION('',(0.,0.,-1.));
#5401=DIRECTION('',(0.,0.,1.));
#5402=DIRECTION('center_axis',(1.,-6.36914343197906E-16,0.));
#5403=DIRECTION('ref_axis',(6.36914343197906E-16,1.,0.));
#5404=DIRECTION('',(0.,0.,-1.));
#5405=DIRECTION('',(-6.36914343197906E-16,-1.,0.));
#5406=DIRECTION('',(0.,0.,1.));
#5407=DIRECTION('',(0.,0.,-1.));
#5408=DIRECTION('',(-6.36914343197906E-16,-1.,0.));
#5409=DIRECTION('',(0.,0.,1.));
#5410=DIRECTION('',(0.,0.,1.));
#5411=DIRECTION('',(6.36914343197906E-16,1.,0.));
#5412=DIRECTION('',(0.,0.,1.));
#5413=DIRECTION('',(-6.36914343197906E-16,-1.,0.));
#5414=DIRECTION('center_axis',(0.,0.,1.));
#5415=DIRECTION('ref_axis',(-0.705598407464394,0.708611944144121,0.));
#5416=DIRECTION('center_axis',(0.,0.,1.));
#5417=DIRECTION('ref_axis',(-0.705598407464394,0.708611944144121,0.));
#5418=DIRECTION('',(0.,0.,1.));
#5419=DIRECTION('center_axis',(0.,0.,1.));
#5420=DIRECTION('ref_axis',(-0.707106781186546,0.707106781186549,0.));
#5421=DIRECTION('center_axis',(0.,0.,1.));
#5422=DIRECTION('ref_axis',(-0.707106781186546,0.707106781186549,0.));
#5423=DIRECTION('',(0.,0.,1.));
#5424=DIRECTION('center_axis',(0.,0.,1.));
#5425=DIRECTION('ref_axis',(0.258819045102522,0.965925826289068,0.));
#5426=DIRECTION('center_axis',(0.,0.,1.));
#5427=DIRECTION('ref_axis',(0.258819045102522,0.965925826289068,0.));
#5428=DIRECTION('',(0.,0.,1.));
#5429=DIRECTION('center_axis',(0.,0.,1.));
#5430=DIRECTION('ref_axis',(0.267375896067237,0.963592304972514,0.));
#5431=DIRECTION('',(0.,0.,1.));
#5432=DIRECTION('center_axis',(0.,0.,1.));
#5433=DIRECTION('ref_axis',(0.267375896067237,0.963592304972514,0.));
#5434=DIRECTION('',(0.,0.,-1.));
#5435=DIRECTION('center_axis',(-0.51528271197104,-0.857020260404485,0.));
#5436=DIRECTION('ref_axis',(0.857020260404484,-0.51528271197104,0.));
#5437=DIRECTION('',(0.,0.,-1.));
#5438=DIRECTION('',(0.857020260404484,-0.51528271197104,0.));
#5439=DIRECTION('',(0.606004837746271,-0.364359899862917,-0.707106781186548));
#5440=DIRECTION('',(0.857020260404484,-0.51528271197104,0.));
#5441=DIRECTION('center_axis',(0.,0.,1.));
#5442=DIRECTION('ref_axis',(-0.708611944532667,-0.705598407074188,0.));
#5443=DIRECTION('center_axis',(0.,0.,1.));
#5444=DIRECTION('ref_axis',(-0.708611944532667,-0.705598407074188,0.));
#5445=DIRECTION('',(0.,0.,-1.));
#5446=DIRECTION('center_axis',(0.00426177586873503,0.999990918591986,0.));
#5447=DIRECTION('ref_axis',(-0.999990918591986,0.00426177586873502,0.));
#5448=DIRECTION('',(-0.999990918591986,0.00426177586873502,0.));
#5449=DIRECTION('',(0.,0.,1.));
#5450=DIRECTION('center_axis',(0.,0.,1.));
#5451=DIRECTION('ref_axis',(-0.707106781186551,-0.707106781186544,0.));
#5452=DIRECTION('center_axis',(0.,0.,1.));
#5453=DIRECTION('ref_axis',(-0.707106781186551,-0.707106781186544,0.));
#5454=DIRECTION('',(0.,0.,-1.));
#5455=DIRECTION('center_axis',(7.25588916726705E-16,1.,0.));
#5456=DIRECTION('ref_axis',(-1.,7.25588916726705E-16,0.));
#5457=DIRECTION('',(-1.,7.25588916726705E-16,0.));
#5458=DIRECTION('',(0.,0.,1.));
#5459=DIRECTION('center_axis',(0.,0.,1.));
#5460=DIRECTION('ref_axis',(-0.965925826289068,0.258819045102521,0.));
#5461=DIRECTION('center_axis',(0.,0.,1.));
#5462=DIRECTION('ref_axis',(-0.965925826289068,0.258819045102521,0.));
#5463=DIRECTION('',(0.,0.,-1.));
#5464=DIRECTION('center_axis',(0.866025403784439,0.5,0.));
#5465=DIRECTION('ref_axis',(-0.5,0.866025403784439,0.));
#5466=DIRECTION('',(-0.5,0.866025403784439,0.));
#5467=DIRECTION('',(0.,0.,1.));
#5468=DIRECTION('center_axis',(0.,0.,1.));
#5469=DIRECTION('ref_axis',(-0.713350470839985,-0.70080746696391,0.));
#5470=DIRECTION('center_axis',(0.,0.,1.));
#5471=DIRECTION('ref_axis',(-0.713350470839985,-0.70080746696391,0.));
#5472=DIRECTION('',(0.,0.,-1.));
#5473=DIRECTION('center_axis',(0.,0.,1.));
#5474=DIRECTION('ref_axis',(0.965925826289067,-0.258819045102527,0.));
#5475=DIRECTION('center_axis',(0.,0.,-1.));
#5476=DIRECTION('ref_axis',(0.965925826289067,-0.258819045102527,0.));
#5477=DIRECTION('',(0.,0.,-1.));
#5478=DIRECTION('',(0.,0.,1.));
#5479=DIRECTION('center_axis',(-0.500000000000001,-0.866025403784438,0.));
#5480=DIRECTION('ref_axis',(0.866025403784438,-0.500000000000001,0.));
#5481=DIRECTION('',(0.866025403784438,-0.500000000000001,0.));
#5482=DIRECTION('',(0.,0.,1.));
#5483=DIRECTION('',(0.,0.,-1.));
#5484=DIRECTION('',(-0.866025403784438,0.500000000000001,0.));
#5485=DIRECTION('',(0.,0.,1.));
#5486=DIRECTION('',(0.,0.,-1.));
#5487=DIRECTION('',(-0.866025403784438,0.500000000000001,0.));
#5488=DIRECTION('',(0.,0.,1.));
#5489=DIRECTION('',(0.,0.,1.));
#5490=DIRECTION('',(0.866025403784438,-0.500000000000001,0.));
#5491=DIRECTION('',(0.,0.,1.));
#5492=DIRECTION('center_axis',(0.,0.,1.));
#5493=DIRECTION('ref_axis',(-0.965925826289059,-0.258819045102556,0.));
#5494=DIRECTION('center_axis',(0.,0.,-1.));
#5495=DIRECTION('ref_axis',(-0.965925826289059,-0.258819045102556,0.));
#5496=DIRECTION('',(0.,0.,-1.));
#5497=DIRECTION('center_axis',(0.,1.,0.));
#5498=DIRECTION('ref_axis',(-1.,0.,0.));
#5499=DIRECTION('',(-1.,0.,0.));
#5500=DIRECTION('center_axis',(0.,0.,1.));
#5501=DIRECTION('ref_axis',(-0.965926458059,0.258816687293527,0.));
#5502=DIRECTION('center_axis',(0.,0.,1.));
#5503=DIRECTION('ref_axis',(-0.965926458059,0.258816687293527,0.));
#5504=DIRECTION('',(0.,0.,-1.));
#5505=DIRECTION('center_axis',(0.86602296279143,0.500004227900078,0.));
#5506=DIRECTION('ref_axis',(-0.500004227900078,0.86602296279143,0.));
#5507=DIRECTION('',(-0.500004227900078,0.86602296279143,0.));
#5508=DIRECTION('',(-0.353558817864636,0.612374931816291,0.707101905805064));
#5509=DIRECTION('',(-0.500004227900078,0.86602296279143,0.));
#5510=DIRECTION('',(0.,0.,1.));
#5511=DIRECTION('center_axis',(0.,0.,1.));
#5512=DIRECTION('ref_axis',(-0.258819045102519,0.965925826289069,0.));
#5513=DIRECTION('center_axis',(0.,0.,-1.));
#5514=DIRECTION('ref_axis',(-0.258819045102519,0.965925826289069,0.));
#5515=DIRECTION('',(0.,0.,1.));
#5516=DIRECTION('center_axis',(0.,0.,1.));
#5517=DIRECTION('ref_axis',(0.258819045102521,0.965925826289068,0.));
#5518=DIRECTION('center_axis',(0.,0.,-1.));
#5519=DIRECTION('ref_axis',(0.258819045102521,0.965925826289068,0.));
#5520=DIRECTION('',(0.,0.,-1.));
#5521=DIRECTION('center_axis',(0.,-1.,0.));
#5522=DIRECTION('ref_axis',(1.,0.,0.));
#5523=DIRECTION('',(1.,0.,0.));
#5524=DIRECTION('center_axis',(0.,0.,1.));
#5525=DIRECTION('ref_axis',(0.964907657506238,0.262589437117764,0.));
#5526=DIRECTION('center_axis',(0.,0.,1.));
#5527=DIRECTION('ref_axis',(0.964907657506238,0.262589437117764,0.));
#5528=DIRECTION('',(0.,0.,1.));
#5529=DIRECTION('center_axis',(0.,0.,1.));
#5530=DIRECTION('ref_axis',(0.965925826289069,0.258819045102517,0.));
#5531=DIRECTION('center_axis',(0.,0.,1.));
#5532=DIRECTION('ref_axis',(0.965925826289069,0.258819045102517,0.));
#5533=DIRECTION('',(0.,0.,1.));
#5534=DIRECTION('center_axis',(0.,0.,1.));
#5535=DIRECTION('ref_axis',(0.707106781186551,-0.707106781186544,0.));
#5536=DIRECTION('center_axis',(0.,0.,1.));
#5537=DIRECTION('ref_axis',(0.707106781186551,-0.707106781186544,0.));
#5538=DIRECTION('',(0.,0.,1.));
#5539=DIRECTION('center_axis',(0.,0.,1.));
#5540=DIRECTION('ref_axis',(0.708055222667614,-0.706157065852291,0.));
#5541=DIRECTION('center_axis',(0.,0.,1.));
#5542=DIRECTION('ref_axis',(0.708055222667614,-0.706157065852291,0.));
#5543=DIRECTION('',(0.,0.,1.));
#5544=DIRECTION('center_axis',(0.,0.,1.));
#5545=DIRECTION('ref_axis',(-0.262589437117761,0.964907657506239,0.));
#5546=DIRECTION('center_axis',(0.,0.,1.));
#5547=DIRECTION('ref_axis',(-0.262589437117761,0.964907657506239,0.));
#5548=DIRECTION('',(0.,0.,-1.));
#5549=DIRECTION('center_axis',(0.869904396450294,-0.493220377758715,0.));
#5550=DIRECTION('ref_axis',(0.493220377758715,0.869904396450294,0.));
#5551=DIRECTION('',(0.493220377758715,0.869904396450294,0.));
#5552=DIRECTION('',(0.348759473732578,0.615115297713994,0.707106781186547));
#5553=DIRECTION('',(0.493220377758715,0.869904396450294,0.));
#5554=DIRECTION('',(0.,0.,1.));
#5555=DIRECTION('center_axis',(0.,0.,1.));
#5556=DIRECTION('ref_axis',(-0.258819045102527,0.965925826289067,0.));
#5557=DIRECTION('center_axis',(0.,0.,1.));
#5558=DIRECTION('ref_axis',(-0.258819045102527,0.965925826289067,0.));
#5559=DIRECTION('',(0.,0.,-1.));
#5560=DIRECTION('center_axis',(0.866025403784439,-0.5,0.));
#5561=DIRECTION('ref_axis',(0.5,0.866025403784439,0.));
#5562=DIRECTION('',(0.5,0.866025403784439,0.));
#5563=DIRECTION('',(0.,0.,1.));
#5564=DIRECTION('center_axis',(0.,0.,1.));
#5565=DIRECTION('ref_axis',(0.706157065852292,0.708055222667612,0.));
#5566=DIRECTION('center_axis',(0.,0.,1.));
#5567=DIRECTION('ref_axis',(0.706157065852292,0.708055222667612,0.));
#5568=DIRECTION('',(0.,0.,-1.));
#5569=DIRECTION('center_axis',(0.00268439669376898,-0.999996397000704,0.));
#5570=DIRECTION('ref_axis',(0.999996397000704,0.00268439669376898,0.));
#5571=DIRECTION('',(0.999996397000704,0.00268439669376898,0.));
#5572=DIRECTION('',(0.999996397000704,0.00268439669376898,0.));
#5573=DIRECTION('',(0.,0.,1.));
#5574=DIRECTION('center_axis',(0.,0.,1.));
#5575=DIRECTION('ref_axis',(0.707106781186545,0.70710678118655,0.));
#5576=DIRECTION('center_axis',(0.,0.,1.));
#5577=DIRECTION('ref_axis',(0.707106781186545,0.70710678118655,0.));
#5578=DIRECTION('center_axis',(0.,0.,1.));
#5579=DIRECTION('ref_axis',(-0.948434246916302,0.316973941005104,0.));
#5580=DIRECTION('center_axis',(0.,0.,1.));
#5581=DIRECTION('ref_axis',(-0.948434246916302,0.316973941005104,0.));
#5582=DIRECTION('',(0.,0.,-1.));
#5583=DIRECTION('',(0.,0.,1.));
#5584=DIRECTION('center_axis',(0.,0.,1.));
#5585=DIRECTION('ref_axis',(-0.999321542401544,0.0368300813493362,0.));
#5586=DIRECTION('',(0.,0.,1.));
#5587=DIRECTION('center_axis',(0.,0.,1.));
#5588=DIRECTION('ref_axis',(-0.999321542401544,0.0368300813493362,0.));
#5589=DIRECTION('center_axis',(0.,0.,1.));
#5590=DIRECTION('ref_axis',(-0.233153164042029,-0.972440024935826,0.));
#5591=DIRECTION('',(0.,0.,-1.));
#5592=DIRECTION('center_axis',(0.,0.,1.));
#5593=DIRECTION('ref_axis',(-0.233153164042029,-0.972440024935826,0.));
#5594=DIRECTION('center_axis',(0.,0.,1.));
#5595=DIRECTION('ref_axis',(-0.475834899022943,0.879534620621511,0.));
#5596=DIRECTION('center_axis',(0.,0.,1.));
#5597=DIRECTION('ref_axis',(-0.475834899022943,0.879534620621511,0.));
#5598=DIRECTION('center_axis',(0.,0.,1.));
#5599=DIRECTION('ref_axis',(-0.763658943350903,-0.645619871317621,0.));
#5600=DIRECTION('',(0.,0.,1.));
#5601=DIRECTION('center_axis',(0.,0.,1.));
#5602=DIRECTION('ref_axis',(-0.763658943350903,-0.645619871317621,0.));
#5603=DIRECTION('',(0.,0.,-1.));
#5604=DIRECTION('center_axis',(0.,0.,1.));
#5605=DIRECTION('ref_axis',(-0.233153164042029,-0.972440024935826,0.));
#5606=DIRECTION('',(0.,0.,1.));
#5607=DIRECTION('center_axis',(0.,0.,1.));
#5608=DIRECTION('ref_axis',(-0.233153164042029,-0.972440024935826,0.));
#5609=DIRECTION('center_axis',(0.,0.,1.));
#5610=DIRECTION('ref_axis',(-0.951517829640416,0.307593595311072,0.));
#5611=DIRECTION('center_axis',(0.,0.,1.));
#5612=DIRECTION('ref_axis',(-0.951517829640416,0.307593595311072,0.));
#5613=DIRECTION('',(0.,0.,-1.));
#5614=DIRECTION('',(0.,0.,1.));
#5615=DIRECTION('center_axis',(0.495456318418127,-0.868632854858458,0.));
#5616=DIRECTION('ref_axis',(0.868632854858458,0.495456318418127,0.));
#5617=DIRECTION('',(0.868632854858458,0.495456318418127,0.));
#5618=DIRECTION('center_axis',(0.,0.,1.));
#5619=DIRECTION('ref_axis',(-0.214604363836238,-0.976701063285202,0.));
#5620=DIRECTION('',(0.,0.,1.));
#5621=DIRECTION('center_axis',(0.,0.,1.));
#5622=DIRECTION('ref_axis',(-0.214604363836238,-0.976701063285202,0.));
#5623=DIRECTION('center_axis',(0.,0.,1.));
#5624=DIRECTION('ref_axis',(0.922249535038505,0.386595130752137,0.));
#5625=DIRECTION('',(0.,0.,-1.));
#5626=DIRECTION('center_axis',(0.,0.,1.));
#5627=DIRECTION('ref_axis',(0.922249535038505,0.386595130752137,0.));
#5628=DIRECTION('center_axis',(0.,0.,1.));
#5629=DIRECTION('ref_axis',(-0.976437474175913,-0.215800507471516,0.));
#5630=DIRECTION('center_axis',(0.,0.,1.));
#5631=DIRECTION('ref_axis',(-0.976437474175913,-0.215800507471516,0.));
#5632=DIRECTION('center_axis',(0.,0.,1.));
#5633=DIRECTION('ref_axis',(0.30876042665523,-0.951139841943171,0.));
#5634=DIRECTION('',(0.,0.,1.));
#5635=DIRECTION('center_axis',(0.,0.,1.));
#5636=DIRECTION('ref_axis',(0.30876042665523,-0.951139841943171,0.));
#5637=DIRECTION('',(0.,0.,-1.));
#5638=DIRECTION('center_axis',(0.,0.,1.));
#5639=DIRECTION('ref_axis',(0.922249535038505,0.386595130752137,0.));
#5640=DIRECTION('',(0.,0.,-1.));
#5641=DIRECTION('center_axis',(0.,0.,1.));
#5642=DIRECTION('ref_axis',(0.922249535038505,0.386595130752137,0.));
#5643=DIRECTION('center_axis',(0.,0.,1.));
#5644=DIRECTION('ref_axis',(-0.300301939661414,-0.953844193270364,0.));
#5645=DIRECTION('center_axis',(0.,0.,1.));
#5646=DIRECTION('ref_axis',(-0.300301939661414,-0.953844193270364,0.));
#5647=DIRECTION('center_axis',(0.,0.,1.));
#5648=DIRECTION('ref_axis',(0.20880898601359,-0.977956444510683,0.));
#5649=DIRECTION('',(0.,0.,1.));
#5650=DIRECTION('center_axis',(0.,0.,1.));
#5651=DIRECTION('ref_axis',(0.20880898601359,-0.977956444510683,0.));
#5652=DIRECTION('',(0.,0.,-1.));
#5653=DIRECTION('center_axis',(0.515282711970734,0.857020260404668,0.));
#5654=DIRECTION('ref_axis',(-0.857020260404668,0.515282711970734,0.));
#5655=DIRECTION('',(-0.857020260404668,0.515282711970734,0.));
#5656=DIRECTION('',(-0.606004837746401,0.3643598998627,0.707106781186548));
#5657=DIRECTION('',(-0.857020260404668,0.515282711970734,0.));
#5658=DIRECTION('center_axis',(0.,0.,1.));
#5659=DIRECTION('ref_axis',(0.668463074394129,-0.743745331529246,0.));
#5660=DIRECTION('center_axis',(0.,0.,1.));
#5661=DIRECTION('ref_axis',(0.668463074394129,-0.743745331529246,0.));
#5662=DIRECTION('',(0.,0.,-1.));
#5663=DIRECTION('center_axis',(0.,0.,1.));
#5664=DIRECTION('ref_axis',(0.978315704412178,-0.207119247054698,0.));
#5665=DIRECTION('',(0.,0.,1.));
#5666=DIRECTION('center_axis',(0.,0.,1.));
#5667=DIRECTION('ref_axis',(0.978315704412178,-0.207119247054698,0.));
#5668=DIRECTION('',(0.,0.,-1.));
#5669=DIRECTION('center_axis',(0.,0.,1.));
#5670=DIRECTION('ref_axis',(0.922249535038505,0.386595130752137,0.));
#5671=DIRECTION('center_axis',(0.,0.,1.));
#5672=DIRECTION('ref_axis',(0.922249535038505,0.386595130752137,0.));
#5673=DIRECTION('center_axis',(0.,0.,1.));
#5674=DIRECTION('ref_axis',(0.953313154593485,0.301983491732609,0.));
#5675=DIRECTION('',(0.,0.,1.));
#5676=DIRECTION('center_axis',(0.,0.,1.));
#5677=DIRECTION('ref_axis',(0.953313154593485,0.301983491732609,0.));
#5678=DIRECTION('center_axis',(0.,0.,1.));
#5679=DIRECTION('ref_axis',(0.922249535038505,0.386595130752137,0.));
#5680=DIRECTION('center_axis',(0.,0.,1.));
#5681=DIRECTION('ref_axis',(0.922249535038505,0.386595130752137,0.));
#5682=DIRECTION('center_axis',(0.,0.,1.));
#5683=DIRECTION('ref_axis',(0.675970480719549,0.736928700211751,0.));
#5684=DIRECTION('',(0.,0.,-1.));
#5685=DIRECTION('',(0.,0.,1.));
#5686=DIRECTION('center_axis',(0.,0.,1.));
#5687=DIRECTION('ref_axis',(0.675970480719549,0.736928700211751,0.));
#5688=DIRECTION('center_axis',(0.,0.,1.));
#5689=DIRECTION('ref_axis',(0.922249535038505,0.386595130752137,0.));
#5690=DIRECTION('',(0.,0.,1.));
#5691=DIRECTION('center_axis',(0.,0.,1.));
#5692=DIRECTION('ref_axis',(0.922249535038505,0.386595130752137,0.));
#5693=DIRECTION('center_axis',(0.,0.,1.));
#5694=DIRECTION('ref_axis',(0.96189804771884,-0.273408386474672,0.));
#5695=DIRECTION('',(0.,0.,1.));
#5696=DIRECTION('center_axis',(0.,0.,1.));
#5697=DIRECTION('ref_axis',(0.96189804771884,-0.273408386474672,0.));
#5698=DIRECTION('',(0.,0.,-1.));
#5699=DIRECTION('center_axis',(-0.496531006795784,0.868018985558706,0.));
#5700=DIRECTION('ref_axis',(-0.868018985558706,-0.496531006795784,0.));
#5701=DIRECTION('',(-0.868018985558706,-0.496531006795784,0.));
#5702=DIRECTION('',(-0.868018985558706,-0.496531006795784,0.));
#5703=DIRECTION('center_axis',(0.,0.,1.));
#5704=DIRECTION('ref_axis',(0.139004464934668,0.990291754347287,0.));
#5705=DIRECTION('',(0.,0.,1.));
#5706=DIRECTION('center_axis',(0.,0.,1.));
#5707=DIRECTION('ref_axis',(0.139004464934668,0.990291754347287,0.));
#5708=DIRECTION('center_axis',(0.,0.,1.));
#5709=DIRECTION('ref_axis',(-0.955064136811237,-0.296399214872452,0.));
#5710=DIRECTION('',(0.,0.,-1.));
#5711=DIRECTION('center_axis',(0.,0.,1.));
#5712=DIRECTION('ref_axis',(-0.955064136811237,-0.296399214872452,0.));
#5713=DIRECTION('center_axis',(0.,0.,1.));
#5714=DIRECTION('ref_axis',(0.942028509700865,0.335532840286562,0.));
#5715=DIRECTION('center_axis',(0.,0.,1.));
#5716=DIRECTION('ref_axis',(0.942028509700865,0.335532840286562,0.));
#5717=DIRECTION('center_axis',(0.,0.,1.));
#5718=DIRECTION('ref_axis',(-0.466801339754665,0.884362204757332,0.));
#5719=DIRECTION('',(0.,0.,1.));
#5720=DIRECTION('center_axis',(0.,0.,1.));
#5721=DIRECTION('ref_axis',(-0.466801339754665,0.884362204757332,0.));
#5722=DIRECTION('',(0.,0.,-1.));
#5723=DIRECTION('center_axis',(0.,0.,1.));
#5724=DIRECTION('ref_axis',(-0.955064136811237,-0.296399214872452,0.));
#5725=DIRECTION('center_axis',(0.,0.,1.));
#5726=DIRECTION('ref_axis',(-0.955064136811237,-0.296399214872452,0.));
#5727=DIRECTION('',(0.,0.,1.));
#5728=DIRECTION('center_axis',(0.,0.,-1.));
#5729=DIRECTION('ref_axis',(-0.955064136811237,-0.296399214872452,0.));
#5730=DIRECTION('',(0.,0.,-1.));
#5731=DIRECTION('center_axis',(0.,0.,1.));
#5732=DIRECTION('ref_axis',(-0.955064136811237,-0.296399214872452,0.));
#5733=DIRECTION('center_axis',(0.,0.,1.));
#5734=DIRECTION('ref_axis',(0.174075657922905,0.984732281038206,0.));
#5735=DIRECTION('center_axis',(0.,0.,-1.));
#5736=DIRECTION('ref_axis',(0.174075657922905,0.984732281038206,0.));
#5737=DIRECTION('center_axis',(0.,0.,1.));
#5738=DIRECTION('ref_axis',(0.174075657922905,0.984732281038206,0.));
#5739=DIRECTION('center_axis',(0.,0.,1.));
#5740=DIRECTION('ref_axis',(-0.997631498557951,-0.0687851225558055,0.));
#5741=DIRECTION('center_axis',(0.,0.,-1.));
#5742=DIRECTION('ref_axis',(-0.997631498557951,-0.0687851225558055,0.));
#5743=DIRECTION('center_axis',(0.,0.,1.));
#5744=DIRECTION('ref_axis',(-0.997631498557951,-0.0687851225558055,0.));
#5745=DIRECTION('',(0.,0.,-1.));
#5746=DIRECTION('center_axis',(-0.353553390593271,-0.612372435695789,-0.707106781186554));
#5747=DIRECTION('ref_axis',(-0.894427190999919,0.,0.447213595499951));
#5748=DIRECTION('',(-0.186156787897403,-0.694746590606864,0.694746590606863));
#5749=DIRECTION('',(-0.866025403784439,0.5,0.));
#5750=DIRECTION('',(-0.508589802709467,-0.508589802709498,0.694746590606862));
#5751=DIRECTION('center_axis',(0.,-0.707106781186547,-0.707106781186548));
#5752=DIRECTION('ref_axis',(-1.,0.,0.));
#5753=DIRECTION('',(0.186156787897372,-0.694746590606868,0.694746590606867));
#5754=DIRECTION('',(-1.,0.,0.));
#5755=DIRECTION('center_axis',(0.353553390593277,-0.6123724356958,-0.707106781186541));
#5756=DIRECTION('ref_axis',(-0.894427190999913,0.,-0.447213595499964));
#5757=DIRECTION('',(0.5085898027095,-0.508589802709462,0.694746590606865));
#5758=DIRECTION('',(-0.866025403784439,-0.5,0.));
#5759=DIRECTION('center_axis',(0.612372435695792,-0.353553390593272,-0.707106781186551));
#5760=DIRECTION('ref_axis',(-0.755928946018457,0.,-0.654653670707974));
#5761=DIRECTION('',(0.694746590606863,-0.186156787897411,0.694746590606862));
#5762=DIRECTION('',(-0.5,-0.866025403784439,0.));
#5763=DIRECTION('center_axis',(0.612372435695793,0.353553390593273,-0.707106781186549));
#5764=DIRECTION('ref_axis',(-0.755928946018456,0.,-0.654653670707976));
#5765=DIRECTION('',(0.5,-0.866025403784439,0.));
#5766=DIRECTION('',(-0.694746590606866,-0.186156787897388,-0.694746590606865));
#5767=DIRECTION('',(0.508589802709469,0.508589802709492,0.694746590606865));
#5768=DIRECTION('center_axis',(0.707106781186547,-4.40878547696069E-16,
-0.707106781186548));
#5769=DIRECTION('ref_axis',(-0.707106781186548,0.,-0.707106781186547));
#5770=DIRECTION('',(-6.23496421511134E-16,-1.,0.));
#5771=DIRECTION('center_axis',(0.353553390593274,0.612372435695793,-0.707106781186549));
#5772=DIRECTION('ref_axis',(-0.894427190999916,0.,-0.447213595499957));
#5773=DIRECTION('',(0.866025403784438,-0.500000000000001,0.));
#5774=DIRECTION('',(0.186156787897388,0.694746590606866,0.694746590606865));
#5775=DIRECTION('center_axis',(0.,0.707106781186547,-0.707106781186548));
#5776=DIRECTION('ref_axis',(-1.,0.,0.));
#5777=DIRECTION('',(1.,0.,0.));
#5778=DIRECTION('',(-0.186156787897388,0.694746590606866,0.694746590606865));
#5779=DIRECTION('center_axis',(-0.353553390593273,0.612372435695794,-0.707106781186549));
#5780=DIRECTION('ref_axis',(-0.894427190999917,0.,0.447213595499956));
#5781=DIRECTION('',(0.866025403784439,0.499999999999999,0.));
#5782=DIRECTION('',(-0.508589802709483,0.508589802709483,0.694746590606862));
#5783=DIRECTION('center_axis',(-0.612372435695791,0.353553390593273,-0.707106781186551));
#5784=DIRECTION('ref_axis',(-0.755928946018458,0.,0.654653670707973));
#5785=DIRECTION('',(0.500000000000001,0.866025403784438,0.));
#5786=DIRECTION('',(-0.694746590606863,0.186156787897411,0.694746590606862));
#5787=DIRECTION('center_axis',(-0.707106781186547,4.40878547696069E-16,
-0.707106781186548));
#5788=DIRECTION('ref_axis',(-0.707106781186548,0.,0.707106781186547));
#5789=DIRECTION('',(6.23496421511135E-16,1.,0.));
#5790=DIRECTION('',(-0.694746590606867,-0.186156787897381,0.694746590606866));
#5791=DIRECTION('center_axis',(-0.612372435695796,-0.353553390593273,-0.707106781186547));
#5792=DIRECTION('ref_axis',(-0.755928946018454,0.,0.654653670707978));
#5793=DIRECTION('',(-0.499999999999998,0.86602540378444,0.));
#5794=DIRECTION('center_axis',(-0.5,-0.866025403784439,0.));
#5795=DIRECTION('ref_axis',(0.866025403784439,-0.5,0.));
#5796=DIRECTION('',(0.,0.,1.));
#5797=DIRECTION('',(0.866025403784439,-0.5,0.));
#5798=DIRECTION('',(0.,0.,1.));
#5799=DIRECTION('center_axis',(0.,-1.,0.));
#5800=DIRECTION('ref_axis',(1.,0.,0.));
#5801=DIRECTION('',(0.,0.,1.));
#5802=DIRECTION('',(1.,0.,0.));
#5803=DIRECTION('center_axis',(0.5,-0.866025403784439,0.));
#5804=DIRECTION('ref_axis',(0.866025403784439,0.5,0.));
#5805=DIRECTION('',(0.,0.,1.));
#5806=DIRECTION('',(0.866025403784439,0.5,0.));
#5807=DIRECTION('center_axis',(0.866025403784439,-0.5,0.));
#5808=DIRECTION('ref_axis',(0.5,0.866025403784439,0.));
#5809=DIRECTION('',(0.,0.,1.));
#5810=DIRECTION('',(0.5,0.866025403784439,0.));
#5811=DIRECTION('center_axis',(1.,-6.23496421511134E-16,0.));
#5812=DIRECTION('ref_axis',(6.23496421511134E-16,1.,0.));
#5813=DIRECTION('',(0.,0.,1.));
#5814=DIRECTION('',(6.23496421511134E-16,1.,0.));
#5815=DIRECTION('center_axis',(0.866025403784439,0.5,0.));
#5816=DIRECTION('ref_axis',(-0.5,0.866025403784439,0.));
#5817=DIRECTION('',(0.,0.,1.));
#5818=DIRECTION('',(-0.5,0.866025403784439,0.));
#5819=DIRECTION('center_axis',(-0.353553390593275,-0.612372435695796,0.707106781186546));
#5820=DIRECTION('ref_axis',(0.894427190999915,0.,0.44721359549996));
#5821=DIRECTION('',(-0.866025403784439,0.5,0.));
#5822=DIRECTION('',(-0.508589802709469,-0.508589802709488,-0.694746590606869));
#5823=DIRECTION('',(-0.186156787897381,-0.694746590606865,-0.694746590606867));
#5824=DIRECTION('center_axis',(-0.6123724356958,-0.353553390593276,0.707106781186542));
#5825=DIRECTION('ref_axis',(0.755928946018449,0.,0.654653670707984));
#5826=DIRECTION('',(-0.499999999999998,0.86602540378444,0.));
#5827=DIRECTION('',(-0.694746590606866,-0.186156787897375,-0.694746590606868));
#5828=DIRECTION('',(0.499999999999998,-0.86602540378444,0.));
#5829=DIRECTION('center_axis',(-0.707106781186549,4.4087854769607E-16,0.707106781186546));
#5830=DIRECTION('ref_axis',(0.707106781186546,0.,0.707106781186549));
#5831=DIRECTION('',(6.23496421511135E-16,1.,0.));
#5832=DIRECTION('',(-0.694746590606865,0.186156787897381,-0.694746590606867));
#5833=DIRECTION('',(-6.23496421511135E-16,-1.,0.));
#5834=DIRECTION('center_axis',(-0.612372435695795,0.353553390593276,0.707106781186546));
#5835=DIRECTION('ref_axis',(0.755928946018453,0.,0.654653670707979));
#5836=DIRECTION('',(0.500000000000001,0.866025403784438,0.));
#5837=DIRECTION('',(-0.508589802709475,0.508589802709484,-0.694746590606867));
#5838=DIRECTION('',(-0.500000000000001,-0.866025403784438,0.));
#5839=DIRECTION('center_axis',(-0.353553390593274,0.612372435695797,0.707106781186545));
#5840=DIRECTION('ref_axis',(0.894427190999915,0.,0.44721359549996));
#5841=DIRECTION('',(0.866025403784439,0.499999999999999,0.));
#5842=DIRECTION('',(-0.186156787897384,0.694746590606865,-0.694746590606867));
#5843=DIRECTION('',(-0.866025403784439,-0.499999999999999,0.));
#5844=DIRECTION('center_axis',(0.,0.707106781186549,0.707106781186546));
#5845=DIRECTION('ref_axis',(1.,0.,0.));
#5846=DIRECTION('',(1.,0.,0.));
#5847=DIRECTION('',(0.18615678789739,0.694746590606864,-0.694746590606866));
#5848=DIRECTION('',(-1.,0.,0.));
#5849=DIRECTION('center_axis',(0.353553390593274,0.612372435695794,0.707106781186548));
#5850=DIRECTION('ref_axis',(0.894427190999916,0.,-0.447213595499958));
#5851=DIRECTION('',(0.866025403784438,-0.500000000000001,0.));
#5852=DIRECTION('',(0.508589802709471,0.508589802709487,-0.694746590606868));
#5853=DIRECTION('',(-0.866025403784438,0.500000000000001,0.));
#5854=DIRECTION('center_axis',(0.612372435695797,0.353553390593275,0.707106781186545));
#5855=DIRECTION('ref_axis',(0.755928946018452,0.,-0.65465367070798));
#5856=DIRECTION('',(0.5,-0.866025403784439,0.));
#5857=DIRECTION('',(0.694746590606861,0.186156787897391,-0.694746590606869));
#5858=DIRECTION('center_axis',(0.707106781186552,-4.40878547696072E-16,
0.707106781186543));
#5859=DIRECTION('ref_axis',(0.707106781186543,0.,-0.707106781186552));
#5860=DIRECTION('',(-6.23496421511134E-16,-1.,0.));
#5861=DIRECTION('',(0.694746590606858,-0.186156787897409,-0.694746590606867));
#5862=DIRECTION('center_axis',(0.612372435695793,-0.353553390593273,0.707106781186549));
#5863=DIRECTION('ref_axis',(0.755928946018456,0.,-0.654653670707975));
#5864=DIRECTION('',(-0.5,-0.866025403784439,0.));
#5865=DIRECTION('',(0.508589802709488,-0.508589802709473,-0.694746590606865));
#5866=DIRECTION('center_axis',(0.353553390593274,-0.612372435695796,0.707106781186546));
#5867=DIRECTION('ref_axis',(0.894427190999915,0.,-0.447213595499959));
#5868=DIRECTION('',(-0.866025403784439,-0.5,0.));
#5869=DIRECTION('',(0.186156787897382,-0.694746590606865,-0.694746590606867));
#5870=DIRECTION('center_axis',(0.,-0.707106781186549,0.707106781186546));
#5871=DIRECTION('ref_axis',(1.,0.,0.));
#5872=DIRECTION('',(-1.,0.,0.));
#5873=DIRECTION('center_axis',(0.,0.,1.));
#5874=DIRECTION('ref_axis',(1.,0.,0.));
#5875=DIRECTION('',(-0.499999999999999,0.866025403784439,0.));
#5876=DIRECTION('',(0.500000000000001,0.866025403784438,0.));
#5877=DIRECTION('',(1.,0.,0.));
#5878=DIRECTION('',(0.5,-0.866025403784439,0.));
#5879=DIRECTION('',(-0.5,-0.866025403784439,0.));
#5880=DIRECTION('',(-1.,0.,0.));
#5881=DIRECTION('center_axis',(0.498044271745893,-0.867151603458762,0.));
#5882=DIRECTION('ref_axis',(0.867151603458762,0.498044271745893,0.));
#5883=DIRECTION('',(0.867151603458762,0.498044271745893,0.));
#5884=DIRECTION('',(0.,0.,1.));
#5885=DIRECTION('center_axis',(0.,0.,1.));
#5886=DIRECTION('ref_axis',(-1.,0.,0.));
#5887=DIRECTION('',(-0.498044271745843,0.867151603458791,0.));
#5888=DIRECTION('center_axis',(0.,0.,1.));
#5889=DIRECTION('ref_axis',(1.,0.,0.));
#5890=DIRECTION('',(0.503020298933298,0.86427459690833,0.));
#5891=DIRECTION('center_axis',(0.,0.,1.));
#5892=DIRECTION('ref_axis',(1.,0.,0.));
#5893=DIRECTION('',(0.866025403784438,-0.500000000000001,0.));
#5894=DIRECTION('',(0.500000000000189,-0.866025403784329,0.));
#5895=DIRECTION('',(0.,1.,0.));
#5896=DIRECTION('center_axis',(0.,0.,1.));
#5897=DIRECTION('ref_axis',(1.,0.,0.));
#5898=DIRECTION('',(-0.498044271745843,0.867151603458791,0.));
#5899=DIRECTION('',(0.867151603458762,0.498044271745893,0.));
#5900=DIRECTION('center_axis',(0.,0.,1.));
#5901=DIRECTION('ref_axis',(1.,0.,0.));
#5902=DIRECTION('',(0.99999091859668,-0.00426177476741629,0.));
#5903=DIRECTION('center_axis',(0.,0.,1.));
#5904=DIRECTION('ref_axis',(1.,0.,0.));
#5905=DIRECTION('',(-0.866025403784438,-0.5,0.));
#5906=DIRECTION('',(0.863971899769924,-0.503540024633543,0.));
#5907=DIRECTION('',(4.96519552496167E-16,1.,0.));
#5908=DIRECTION('center_axis',(0.,0.,1.));
#5909=DIRECTION('ref_axis',(1.,0.,0.));
#5910=DIRECTION('',(0.5,-0.866025403784439,0.));
#5911=DIRECTION('center_axis',(0.,0.,-1.));
#5912=DIRECTION('ref_axis',(-1.,0.,0.));
#5913=DIRECTION('',(1.,-8.86112222438665E-16,0.));
#5914=DIRECTION('',(-0.515282711971675,-0.857020260404103,0.));
#5915=DIRECTION('center_axis',(0.,0.,1.));
#5916=DIRECTION('ref_axis',(1.,0.,0.));
#5917=DIRECTION('',(-0.999996397000704,-0.00268439669376895,0.));
#5918=DIRECTION('center_axis',(0.,0.,1.));
#5919=DIRECTION('ref_axis',(1.,0.,0.));
#5920=DIRECTION('',(0.500004227900078,-0.86602296279143,0.));
#5921=DIRECTION('',(-0.863385220231571,-0.504545301717975,0.));
#5922=DIRECTION('center_axis',(0.,0.,1.));
#5923=DIRECTION('ref_axis',(1.,0.,0.));
#5924=DIRECTION('',(-0.499999999999999,-0.866025403784439,0.));
#5925=DIRECTION('',(-1.,9.15714649684269E-16,0.));
#5926=DIRECTION('center_axis',(0.,0.,-1.));
#5927=DIRECTION('ref_axis',(-1.,0.,0.));
#5928=DIRECTION('center_axis',(0.,0.,1.));
#5929=DIRECTION('ref_axis',(1.,0.,0.));
#5930=DIRECTION('',(-0.493220377758716,-0.869904396450294,0.));
#5931=DIRECTION('',(-0.869904396450298,0.493220377758708,0.));
#5932=DIRECTION('center_axis',(0.,0.,1.));
#5933=DIRECTION('ref_axis',(1.,0.,0.));
#5934=DIRECTION('center_axis',(0.,0.707106781186547,0.707106781186548));
#5935=DIRECTION('ref_axis',(1.,0.,0.));
#5936=DIRECTION('',(1.79963122611604E-17,-0.707106781186548,0.707106781186547));
#5937=DIRECTION('',(-1.,0.,0.));
#5938=DIRECTION('center_axis',(0.356767404260592,-0.610505544001984,0.707106781186548));
#5939=DIRECTION('ref_axis',(0.892798084663579,0.,-0.450457078999815));
#5940=DIRECTION('',(0.353558817864636,-0.612374931816291,-0.707101905805064));
#5941=DIRECTION('',(-0.863385220231571,-0.504545301717975,0.));
#5942=DIRECTION('center_axis',(-0.348759473732573,-0.615115297713997,0.707106781186548));
#5943=DIRECTION('ref_axis',(0.896846075232538,0.,0.442342760017606));
#5944=DIRECTION('',(-0.348759473732578,-0.615115297713994,-0.707106781186547));
#5945=DIRECTION('',(-0.869904396450298,0.493220377758708,0.));
#5946=DIRECTION('center_axis',(-0.352170481882636,0.613168779122478,0.707106781186548));
#5947=DIRECTION('ref_axis',(0.895126344097431,0.,0.445812548166568));
#5948=DIRECTION('',(-0.352170481882601,0.6131687791225,-0.707106781186547));
#5949=DIRECTION('',(0.867151603458762,0.498044271745893,0.));
#5950=DIRECTION('center_axis',(0.606004837746002,-0.364359899863366,0.707106781186547));
#5951=DIRECTION('ref_axis',(0.759302596903378,0.,-0.650737709323646));
#5952=DIRECTION('',(-0.515282711971675,-0.857020260404103,0.));
#5953=DIRECTION('center_axis',(-0.503540024633543,-0.863971899769924,0.));
#5954=DIRECTION('ref_axis',(0.863971899769924,-0.503540024633543,0.));
#5955=DIRECTION('',(0.863971899769924,-0.503540024633543,0.));
#5956=DIRECTION('center_axis',(0.,0.,1.));
#5957=DIRECTION('ref_axis',(-1.,0.,0.));
#5958=DIRECTION('',(-0.498044271745843,0.867151603458791,0.));
#5959=DIRECTION('',(-0.999996397000704,-0.00268439669376895,0.));
#5960=DIRECTION('center_axis',(0.,0.,1.));
#5961=DIRECTION('ref_axis',(0.922249535038505,0.386595130752137,0.));
#5962=DIRECTION('',(-0.493220377758716,-0.869904396450294,0.));
#5963=DIRECTION('',(0.500004227900078,-0.86602296279143,0.));
#5964=DIRECTION('center_axis',(0.,0.,1.));
#5965=DIRECTION('ref_axis',(-0.955064136811237,-0.296399214872452,0.));
#5966=DIRECTION('',(0.503020298933298,0.86427459690833,0.));
#5967=DIRECTION('center_axis',(0.,0.,-1.));
#5968=DIRECTION('ref_axis',(-0.233174537501873,-0.972434900165964,0.));
#5969=DIRECTION('center_axis',(0.,0.,1.));
#5970=DIRECTION('ref_axis',(0.233152443480741,0.972440197698018,0.));
#5971=DIRECTION('center_axis',(0.,0.,-1.));
#5972=DIRECTION('ref_axis',(-0.955064136811237,-0.296399214872452,0.));
#5973=DIRECTION('center_axis',(0.,0.,-1.));
#5974=DIRECTION('ref_axis',(0.922249535038505,0.386595130752137,0.));
#5975=DIRECTION('center_axis',(0.,0.,1.));
#5976=DIRECTION('ref_axis',(0.922249535038505,0.386595130752137,0.));
#5977=DIRECTION('',(0.,0.,1.));
#5978=DIRECTION('',(0.,0.,1.));
#5979=DIRECTION('center_axis',(0.,0.,1.));
#5980=DIRECTION('ref_axis',(-0.955064136811237,-0.296399214872452,0.));
#5981=DIRECTION('',(0.,0.,1.));
#5982=DIRECTION('center_axis',(0.,0.,1.));
#5983=DIRECTION('ref_axis',(0.233152443480741,0.972440197698018,0.));
#5984=DIRECTION('',(0.,0.,1.));
#5985=DIRECTION('center_axis',(0.,0.,1.));
#5986=DIRECTION('ref_axis',(-0.233174537501873,-0.972434900165964,0.));
#5987=DIRECTION('center_axis',(0.866025403784439,0.499999999999999,0.));
#5988=DIRECTION('ref_axis',(-0.499999999999999,0.866025403784439,0.));
#5989=DIRECTION('center_axis',(-0.866025403784329,-0.500000000000189,0.));
#5990=DIRECTION('ref_axis',(0.500000000000189,-0.866025403784329,0.));
#5991=DIRECTION('',(0.,0.,1.));
#5992=DIRECTION('center_axis',(-0.500000000000001,-0.866025403784438,0.));
#5993=DIRECTION('ref_axis',(0.866025403784438,-0.500000000000001,0.));
#5994=DIRECTION('center_axis',(0.5,-0.866025403784439,0.));
#5995=DIRECTION('ref_axis',(0.866025403784439,0.5,0.));
#5996=DIRECTION('center_axis',(0.,1.,0.));
#5997=DIRECTION('ref_axis',(-1.,0.,0.));
#5998=DIRECTION('center_axis',(0.,0.,1.));
#5999=DIRECTION('ref_axis',(-0.955064136811237,-0.296399214872452,0.));
#6000=DIRECTION('center_axis',(-0.00426177476741629,-0.99999091859668,0.));
#6001=DIRECTION('ref_axis',(0.99999091859668,-0.00426177476741629,0.));
#6002=DIRECTION('center_axis',(-0.86602296279143,-0.500004227900078,0.));
#6003=DIRECTION('ref_axis',(0.500004227900078,-0.86602296279143,0.));
#6004=DIRECTION('center_axis',(-8.86112222438665E-16,-1.,0.));
#6005=DIRECTION('ref_axis',(1.,-8.86112222438665E-16,0.));
#6006=DIRECTION('center_axis',(-0.866025403784439,-0.5,0.));
#6007=DIRECTION('ref_axis',(0.5,-0.866025403784439,0.));
#6008=DIRECTION('',(0.,0.,1.));
#6009=DIRECTION('center_axis',(0.866025403784438,-0.500000000000001,0.));
#6010=DIRECTION('ref_axis',(0.500000000000001,0.866025403784438,0.));
#6011=DIRECTION('center_axis',(0.,0.,1.));
#6012=DIRECTION('ref_axis',(0.866024689940462,-0.500001236411997,0.));
#6013=DIRECTION('center_axis',(0.,0.,1.));
#6014=DIRECTION('ref_axis',(0.922249535038505,0.386595130752137,0.));
#6015=DIRECTION('center_axis',(-0.00268439669376895,0.999996397000705,0.));
#6016=DIRECTION('ref_axis',(-0.999996397000704,-0.00268439669376895,0.));
#6017=DIRECTION('center_axis',(-0.866025403784439,0.499999999999999,0.));
#6018=DIRECTION('ref_axis',(-0.499999999999999,-0.866025403784439,0.));
#6019=DIRECTION('center_axis',(0.5,0.866025403784439,0.));
#6020=DIRECTION('ref_axis',(-0.866025403784439,0.5,0.));
#6021=DIRECTION('center_axis',(0.86427459690833,-0.503020298933298,0.));
#6022=DIRECTION('ref_axis',(0.503020298933298,0.86427459690833,0.));
#6023=DIRECTION('center_axis',(-1.,-2.54506288724343E-17,0.));
#6024=DIRECTION('ref_axis',(2.54506288724343E-17,-1.,0.));
#6025=DIRECTION('',(0.,0.,1.));
#6026=DIRECTION('center_axis',(0.,1.,0.));
#6027=DIRECTION('ref_axis',(-1.,0.,0.));
#6028=DIRECTION('center_axis',(-0.5,0.866025403784439,0.));
#6029=DIRECTION('ref_axis',(-0.866025403784438,-0.5,0.));
#6030=DIRECTION('center_axis',(-0.869904396450294,0.493220377758716,0.));
#6031=DIRECTION('ref_axis',(-0.493220377758716,-0.869904396450294,0.));
#6032=DIRECTION('center_axis',(1.,0.,0.));
#6033=DIRECTION('ref_axis',(0.,1.,0.));
#6034=DIRECTION('center_axis',(9.15714649684269E-16,1.,0.));
#6035=DIRECTION('ref_axis',(-1.,9.15714649684269E-16,0.));
#6036=DIRECTION('',(0.,0.,1.));
#6037=DIRECTION('center_axis',(-0.866025403784439,-0.5,0.));
#6038=DIRECTION('ref_axis',(0.5,-0.866025403784439,0.));
#6039=DIRECTION('center_axis',(0.,0.,1.));
#6040=DIRECTION('ref_axis',(-1.,0.,0.));
#6041=DIRECTION('center_axis',(0.,-1.,0.));
#6042=DIRECTION('ref_axis',(1.,0.,0.));
#6043=DIRECTION('center_axis',(-0.866025403784439,0.5,0.));
#6044=DIRECTION('ref_axis',(-0.5,-0.866025403784439,0.));
#6045=DIRECTION('center_axis',(1.,-4.96519552496167E-16,0.));
#6046=DIRECTION('ref_axis',(4.96519552496167E-16,1.,0.));
#6047=DIRECTION('center_axis',(0.867151603458792,0.498044271745843,0.));
#6048=DIRECTION('ref_axis',(-0.498044271745843,0.867151603458791,0.));
#6049=DIRECTION('center_axis',(-0.86602540378444,-0.499999999999998,0.));
#6050=DIRECTION('ref_axis',(0.499999999999998,-0.86602540378444,0.));
#6051=DIRECTION('',(0.,0.,1.));
#6052=DIRECTION('center_axis',(-1.,6.23496421511135E-16,0.));
#6053=DIRECTION('ref_axis',(-6.23496421511135E-16,-1.,0.));
#6054=DIRECTION('',(0.,0.,1.));
#6055=DIRECTION('center_axis',(-0.866025403784438,0.500000000000001,0.));
#6056=DIRECTION('ref_axis',(-0.500000000000001,-0.866025403784438,0.));
#6057=DIRECTION('',(0.,0.,1.));
#6058=DIRECTION('center_axis',(-0.499999999999999,0.866025403784439,0.));
#6059=DIRECTION('ref_axis',(-0.866025403784439,-0.499999999999999,0.));
#6060=DIRECTION('',(0.,0.,1.));
#6061=DIRECTION('center_axis',(0.,1.,0.));
#6062=DIRECTION('ref_axis',(-1.,0.,0.));
#6063=DIRECTION('',(0.,0.,1.));
#6064=DIRECTION('center_axis',(0.500000000000001,0.866025403784438,0.));
#6065=DIRECTION('ref_axis',(-0.866025403784438,0.500000000000001,0.));
#6066=DIRECTION('',(0.,0.,1.));
#6067=DIRECTION('',(1.,0.,0.));
#6068=CARTESIAN_POINT('',(0.,0.,0.));
#6069=CARTESIAN_POINT('',(0.,0.,0.));
#6070=CARTESIAN_POINT('Origin',(-22.6366939376184,34.7078452483436,1.51));
#6071=CARTESIAN_POINT('',(-21.5974663822687,35.3078503218237,5.565));
#6072=CARTESIAN_POINT('',(-23.2366939376184,35.7470757328849,5.565));
#6073=CARTESIAN_POINT('Origin',(-22.6366939376184,34.7078452483436,5.565));
#6074=CARTESIAN_POINT('',(-23.2366939376184,35.7470757328849,1.51));
#6075=CARTESIAN_POINT('',(-23.2366939376184,35.7470757328849,1.51));
#6076=CARTESIAN_POINT('',(-21.5974663822687,35.3078503218237,1.51));
#6077=CARTESIAN_POINT('Origin',(-22.6366939376184,34.7078452483436,1.51));
#6078=CARTESIAN_POINT('',(-21.5974663822687,35.3078503218237,1.51));
#6079=CARTESIAN_POINT('Origin',(-13.5653018902805,41.3308565348538,1.51));
#6080=CARTESIAN_POINT('',(-19.7033102901358,37.7870757329092,5.565));
#6081=CARTESIAN_POINT('',(-30.3456684759366,31.6427073695247,5.565));
#6082=CARTESIAN_POINT('',(-19.7033102901358,37.7870757329092,1.51));
#6083=CARTESIAN_POINT('',(-19.7033102901358,37.7870757329092,1.51));
#6084=CARTESIAN_POINT('',(-16.7536082160789,39.4900870193951,1.51));
#6085=CARTESIAN_POINT('',(-3.17299704486726,47.3308565348538,1.51));
#6086=CARTESIAN_POINT('',(-16.7536082160789,39.4900870193951,5.765));
#6087=CARTESIAN_POINT('',(-16.7536082160789,39.4900870193951,1.51));
#6088=CARTESIAN_POINT('',(-9.68684092119788,43.5700870193951,5.765));
#6089=CARTESIAN_POINT('',(-17.4267066112637,39.1014734797441,5.765));
#6090=CARTESIAN_POINT('',(-9.68684092119788,43.5700870193951,1.51));
#6091=CARTESIAN_POINT('',(-9.68684092119788,43.5700870193951,1.51));
#6092=CARTESIAN_POINT('',(-3.17299704486726,47.3308565348538,1.51));
#6093=CARTESIAN_POINT('',(-3.17299704486726,47.3308565348538,1.51));
#6094=CARTESIAN_POINT('',(-3.17299704486726,47.3308565348538,7.165));
#6095=CARTESIAN_POINT('',(-3.17299704486726,47.3308565348538,1.51));
#6096=CARTESIAN_POINT('',(-39.4032256196264,26.413324314415,7.165));
#6097=CARTESIAN_POINT('',(-30.3456684759366,31.6427073695247,7.165));
#6098=CARTESIAN_POINT('',(-39.4032256196264,26.413324314415,1.51));
#6099=CARTESIAN_POINT('',(-39.4032256196264,26.413324314415,1.51));
#6100=CARTESIAN_POINT('',(-36.642013109065,28.0075111006774,1.51));
#6101=CARTESIAN_POINT('',(-3.17299704486726,47.3308565348538,1.51));
#6102=CARTESIAN_POINT('',(-36.642013109065,28.0075111006774,5.565));
#6103=CARTESIAN_POINT('',(-36.642013109065,28.0075111006774,1.51));
#6104=CARTESIAN_POINT('',(-33.1086294616245,30.0475111006774,5.565));
#6105=CARTESIAN_POINT('',(-30.3456684759366,31.6427073695247,5.565));
#6106=CARTESIAN_POINT('',(-33.1086294616245,30.0475111006774,1.51));
#6107=CARTESIAN_POINT('',(-33.1086294616245,30.0475111006774,1.51));
#6108=CARTESIAN_POINT('',(-3.17299704486726,47.3308565348538,1.51));
#6109=CARTESIAN_POINT('Origin',(23.3708431310659,-34.2839840138813,1.51));
#6110=CARTESIAN_POINT('',(22.3302612069154,-34.8816371399763,5.565));
#6111=CARTESIAN_POINT('',(23.9708431310659,-35.3232144984226,5.565));
#6112=CARTESIAN_POINT('Origin',(23.3708431310659,-34.2839840138813,5.565));
#6113=CARTESIAN_POINT('',(23.9708431310659,-35.3232144984226,1.51));
#6114=CARTESIAN_POINT('',(23.9708431310659,-35.3232144984226,1.51));
#6115=CARTESIAN_POINT('',(22.3302612069154,-34.8816371399763,1.51));
#6116=CARTESIAN_POINT('Origin',(23.3708431310659,-34.2839840138813,1.51));
#6117=CARTESIAN_POINT('',(22.3302612069154,-34.8816371399763,1.51));
#6118=CARTESIAN_POINT('Origin',(39.4032256196265,-26.4133243144149,1.51));
#6119=CARTESIAN_POINT('',(18.2550609102813,-38.6232229022219,5.565));
#6120=CARTESIAN_POINT('',(30.3456684759367,-31.6427073695247,5.565));
#6121=CARTESIAN_POINT('',(18.2550609102813,-38.6232229022219,1.51));
#6122=CARTESIAN_POINT('',(18.2550609102813,-38.6232229022219,1.51));
#6123=CARTESIAN_POINT('',(11.0836448293553,-42.7636419070153,1.51));
#6124=CARTESIAN_POINT('',(3.1729970448673,-47.3308565348538,1.51));
#6125=CARTESIAN_POINT('',(11.0836448293553,-42.7636419070153,5.565));
#6126=CARTESIAN_POINT('',(11.0836448293553,-42.7636419070153,1.51));
#6127=CARTESIAN_POINT('',(7.00364482935533,-45.119231005309,5.565));
#6128=CARTESIAN_POINT('',(30.3456684759367,-31.6427073695247,5.565));
#6129=CARTESIAN_POINT('',(7.00364482935533,-45.119231005309,1.51));
#6130=CARTESIAN_POINT('',(7.00364482935533,-45.119231005309,1.51));
#6131=CARTESIAN_POINT('',(3.1729970448673,-47.3308565348538,1.51));
#6132=CARTESIAN_POINT('',(3.1729970448673,-47.3308565348538,1.51));
#6133=CARTESIAN_POINT('',(3.1729970448673,-47.3308565348538,7.165));
#6134=CARTESIAN_POINT('',(3.1729970448673,-47.3308565348538,1.51));
#6135=CARTESIAN_POINT('',(39.4032256196265,-26.4133243144149,7.165));
#6136=CARTESIAN_POINT('',(30.3456684759367,-31.6427073695247,7.165));
#6137=CARTESIAN_POINT('',(39.4032256196265,-26.4133243144149,1.51));
#6138=CARTESIAN_POINT('',(39.4032256196265,-26.4133243144149,1.51));
#6139=CARTESIAN_POINT('',(34.1761755433768,-29.4311630830053,1.51));
#6140=CARTESIAN_POINT('',(3.1729970448673,-47.3308565348538,1.51));
#6141=CARTESIAN_POINT('',(34.1761755433768,-29.4311630830053,5.565));
#6142=CARTESIAN_POINT('',(34.1761755433768,-29.4311630830053,1.51));
#6143=CARTESIAN_POINT('',(31.8961755433768,-30.7475216967577,5.565));
#6144=CARTESIAN_POINT('',(30.3456684759367,-31.6427073695247,5.565));
#6145=CARTESIAN_POINT('',(31.8961755433768,-30.7475216967577,1.51));
#6146=CARTESIAN_POINT('',(31.8961755433768,-30.7475216967577,1.51));
#6147=CARTESIAN_POINT('',(3.1729970448673,-47.3308565348538,1.51));
#6148=CARTESIAN_POINT('Origin',(41.3762226644937,-16.9603158295269,1.51));
#6149=CARTESIAN_POINT('',(42.5762226644937,-16.9603158295269,5.565));
#6150=CARTESIAN_POINT('',(40.7762226644937,-15.9210853449855,5.565));
#6151=CARTESIAN_POINT('Origin',(41.3762226644937,-16.9603158295269,5.565));
#6152=CARTESIAN_POINT('',(40.7762226644937,-15.9210853449855,1.51));
#6153=CARTESIAN_POINT('',(40.7762226644937,-15.9210853449855,1.51));
#6154=CARTESIAN_POINT('',(42.5762226644937,-16.9603158295269,1.51));
#6155=CARTESIAN_POINT('Origin',(41.3762226644937,-16.9603158295269,1.51));
#6156=CARTESIAN_POINT('',(42.5762226644937,-16.9603158295269,1.51));
#6157=CARTESIAN_POINT('Origin',(37.4441247358092,-17.8448729810777,1.51));
#6158=CARTESIAN_POINT('',(37.7225857048917,-17.6841034656191,5.565));
#6159=CARTESIAN_POINT('',(27.2661062921108,-23.721154669364,5.565));
#6160=CARTESIAN_POINT('',(37.7225857048917,-17.6841034656191,1.51));
#6161=CARTESIAN_POINT('',(37.7225857048917,-17.6841034656191,1.51));
#6162=CARTESIAN_POINT('',(35.2010352506455,-19.1399212991535,1.51));
#6163=CARTESIAN_POINT('Origin',(38.3225857048917,-18.7233339501605,1.51));
#6164=CARTESIAN_POINT('',(37.2833552203506,-18.1233339501602,1.51));
#6165=CARTESIAN_POINT('Origin',(38.3225857048917,-18.7233339501605,1.51));
#6166=CARTESIAN_POINT('',(37.2833552203506,-18.1233339501602,5.565));
#6167=CARTESIAN_POINT('Origin',(38.3225857048917,-18.7233339501605,5.565));
#6168=CARTESIAN_POINT('',(37.2833552203506,-18.1233339501602,1.51));
#6169=CARTESIAN_POINT('Origin',(35.3761755433769,-23.8266660498389,1.51));
#6170=CARTESIAN_POINT('',(34.1761755433769,-23.8266660498389,1.51));
#6171=CARTESIAN_POINT('',(34.3369450588357,-23.2266660498387,1.51));
#6172=CARTESIAN_POINT('Origin',(35.3761755433769,-23.8266660498389,1.51));
#6173=CARTESIAN_POINT('',(34.3369450588357,-23.2266660498387,5.565));
#6174=CARTESIAN_POINT('',(34.3369450588357,-23.2266660498387,1.51));
#6175=CARTESIAN_POINT('',(34.1761755433769,-23.8266660498389,5.565));
#6176=CARTESIAN_POINT('Origin',(35.3761755433769,-23.8266660498389,5.565));
#6177=CARTESIAN_POINT('',(34.1761755433769,-23.8266660498389,1.51));
#6178=CARTESIAN_POINT('Origin',(34.1761755433769,-23.5051270189214,1.51));
#6179=CARTESIAN_POINT('',(34.9931628798443,-22.0900634430202,5.565));
#6180=CARTESIAN_POINT('',(34.1761755433769,-23.5051270189214,1.51));
#6181=CARTESIAN_POINT('Origin',(33.5317943720634,-16.7781204192129,1.51));
#6182=CARTESIAN_POINT('',(34.1317943720634,-17.8173509037542,1.51));
#6183=CARTESIAN_POINT('',(32.9275463425032,-17.8148866989368,1.51));
#6184=CARTESIAN_POINT('Origin',(33.5317943720634,-16.7781204192129,1.51));
#6185=CARTESIAN_POINT('',(32.9275463425032,-17.8148866989368,5.565));
#6186=CARTESIAN_POINT('',(32.9275463425032,-17.8148866989368,1.51));
#6187=CARTESIAN_POINT('',(34.1317943720634,-17.8173509037542,5.565));
#6188=CARTESIAN_POINT('Origin',(33.5317943720634,-16.7781204192129,5.565));
#6189=CARTESIAN_POINT('',(34.1317943720634,-17.8173509037542,1.51));
#6190=CARTESIAN_POINT('Origin',(33.528955637047,-18.1654000096939,1.51));
#6191=CARTESIAN_POINT('',(13.7546609431945,-6.64054736123967,1.51));
#6192=CARTESIAN_POINT('',(11.4792635864057,-5.31440047915514,1.51));
#6193=CARTESIAN_POINT('',(13.7546609431945,-6.64054736123967,3.765));
#6194=CARTESIAN_POINT('',(13.7546609431945,-6.64054736123967,1.51));
#6195=CARTESIAN_POINT('',(18.7897490449512,-9.57509695419033,3.765));
#6196=CARTESIAN_POINT('',(11.4792635864057,-5.31440047915514,3.765));
#6197=CARTESIAN_POINT('',(20.3477746192443,-10.4831452787575,5.565));
#6198=CARTESIAN_POINT('Ctrl Pts',(20.3477746192443,-10.4831452787576,5.565));
#6199=CARTESIAN_POINT('Ctrl Pts',(20.0882427747024,-10.3318849525495,5.26511689283804));
#6200=CARTESIAN_POINT('Ctrl Pts',(19.8283791259254,-10.180431244227,4.96487055127599));
#6201=CARTESIAN_POINT('Ctrl Pts',(19.3092610500261,-9.87787889409198,4.36512720901137));
#6202=CARTESIAN_POINT('Ctrl Pts',(19.0493385323591,-9.72639087580835,4.0648583554087));
#6203=CARTESIAN_POINT('Ctrl Pts',(18.7897490449512,-9.57509695419033,3.765));
#6204=CARTESIAN_POINT('',(17.0637759644093,-8.56916547919175,5.565));
#6205=CARTESIAN_POINT('Origin',(27.8249075292625,13.646946,1.51));
#6206=CARTESIAN_POINT('',(27.2303599471608,14.6893054258302,1.51));
#6207=CARTESIAN_POINT('',(27.8249075292625,14.846946,1.51));
#6208=CARTESIAN_POINT('Origin',(27.8249075292625,13.646946,1.51));
#6209=CARTESIAN_POINT('',(27.8249075292625,14.846946,5.565));
#6210=CARTESIAN_POINT('',(27.8249075292625,14.846946,1.51));
#6211=CARTESIAN_POINT('',(27.2303599471608,14.6893054258302,5.565));
#6212=CARTESIAN_POINT('Origin',(27.8249075292625,13.646946,5.565));
#6213=CARTESIAN_POINT('',(27.2303599471608,14.6893054258302,1.51));
#6214=CARTESIAN_POINT('Origin',(27.5067350318905,14.846946,1.51));
#6215=CARTESIAN_POINT('',(41.3762226644938,14.846946,1.51));
#6216=CARTESIAN_POINT('',(27.5067350318905,14.846946,1.51));
#6217=CARTESIAN_POINT('',(41.3762226644938,14.846946,5.565));
#6218=CARTESIAN_POINT('',(41.3762226644938,14.846946,1.51));
#6219=CARTESIAN_POINT('',(13.7533675159453,14.846946,5.565));
#6220=CARTESIAN_POINT('Origin',(25.5956955793953,17.0724701874658,1.51));
#6221=CARTESIAN_POINT('',(26.6349260639367,16.4724701874658,1.51));
#6222=CARTESIAN_POINT('',(26.1902431614971,16.0301107616357,1.51));
#6223=CARTESIAN_POINT('Origin',(25.5956955793953,17.0724701874658,1.51));
#6224=CARTESIAN_POINT('',(26.1902431614971,16.0301107616356,5.565));
#6225=CARTESIAN_POINT('',(26.1902431614971,16.0301107616357,1.51));
#6226=CARTESIAN_POINT('',(26.6349260639367,16.4724701874658,5.565));
#6227=CARTESIAN_POINT('Origin',(25.5956955793953,17.0724701874658,5.565));
#6228=CARTESIAN_POINT('',(26.6349260639367,16.4724701874658,1.51));
#6229=CARTESIAN_POINT('Origin',(26.4724709172328,16.1910896194236,1.51));
#6230=CARTESIAN_POINT('',(17.8506925386735,11.2733449707319,1.51));
#6231=CARTESIAN_POINT('',(16.8835811028573,10.7217178145525,1.51));
#6232=CARTESIAN_POINT('',(17.8506925386735,11.2733449707319,3.95066415426781));
#6233=CARTESIAN_POINT('',(17.8506925386735,11.2733449707319,1.51));
#6234=CARTESIAN_POINT('',(19.2546870398239,12.0741642613315,5.565));
#6235=CARTESIAN_POINT('Ctrl Pts',(19.2546870398239,12.0741642613315,5.565));
#6236=CARTESIAN_POINT('Ctrl Pts',(18.9939029451681,11.9254165749903,5.26511999879114));
#6237=CARTESIAN_POINT('Ctrl Pts',(18.7327886940082,11.7764805718877,4.96487390264761));
#6238=CARTESIAN_POINT('Ctrl Pts',(18.264998103302,11.5096592070665,4.4270053613354));
#6239=CARTESIAN_POINT('Ctrl Pts',(18.0577842121006,11.3914672332245,4.18875917284784));
#6240=CARTESIAN_POINT('Ctrl Pts',(17.8506925386735,11.2733449707319,3.95066415426781));
#6241=CARTESIAN_POINT('',(13.001349671035,8.50734602133816,5.565));
#6242=CARTESIAN_POINT('Origin',(31.2961755433769,-20.197533065294,1.51));
#6243=CARTESIAN_POINT('',(31.9004235729371,-19.1607667855701,1.51));
#6244=CARTESIAN_POINT('',(32.4961755433769,-20.197533065294,1.51));
#6245=CARTESIAN_POINT('Origin',(31.2961755433769,-20.197533065294,1.51));
#6246=CARTESIAN_POINT('',(32.4961755433769,-20.197533065294,5.565));
#6247=CARTESIAN_POINT('',(32.4961755433769,-20.197533065294,1.51));
#6248=CARTESIAN_POINT('',(31.9004235729371,-19.1607667855701,5.565));
#6249=CARTESIAN_POINT('Origin',(31.2961755433769,-20.197533065294,5.565));
#6250=CARTESIAN_POINT('',(31.9004235729371,-19.1607667855701,1.51));
#6251=CARTESIAN_POINT('Origin',(32.4961755433769,-19.5079828952035,1.51));
#6252=CARTESIAN_POINT('',(32.4961755433768,-29.7082912122163,1.51));
#6253=CARTESIAN_POINT('',(32.4961755433769,-19.5079828952035,1.51));
#6254=CARTESIAN_POINT('',(32.4961755433768,-29.7082912122163,5.565));
#6255=CARTESIAN_POINT('',(32.4961755433768,-29.7082912122163,1.51));
#6256=CARTESIAN_POINT('',(32.4961755433769,-9.75399144760178,5.565));
#6257=CARTESIAN_POINT('Origin',(31.2961755433768,-29.7082912122163,1.51));
#6258=CARTESIAN_POINT('Origin',(31.2961755433768,-29.7082912122163,5.565));
#6259=CARTESIAN_POINT('Origin',(31.2961755433768,-29.7082912122163,1.51));
#6260=CARTESIAN_POINT('Origin',(41.3762226644938,-12.2491376329395,1.51));
#6261=CARTESIAN_POINT('',(41.9762226644938,-13.2883681174809,5.565));
#6262=CARTESIAN_POINT('',(42.5762226644937,-12.2491376329395,5.565));
#6263=CARTESIAN_POINT('Origin',(41.3762226644938,-12.2491376329395,5.565));
#6264=CARTESIAN_POINT('',(42.5762226644937,-12.2491376329395,1.51));
#6265=CARTESIAN_POINT('',(42.5762226644937,-12.2491376329395,1.51));
#6266=CARTESIAN_POINT('',(41.9762226644937,-13.2883681174808,1.51));
#6267=CARTESIAN_POINT('Origin',(41.3762226644938,-12.2491376329395,1.51));
#6268=CARTESIAN_POINT('',(41.9762226644937,-13.2883681174808,1.51));
#6269=CARTESIAN_POINT('Origin',(42.5762226644938,20.9175322204389,1.51));
#6270=CARTESIAN_POINT('',(42.5762226644937,-20.9175322204389,1.51));
#6271=CARTESIAN_POINT('',(42.5762226644937,-20.9175322204389,1.51));
#6272=CARTESIAN_POINT('',(42.5762226644937,-20.9175322204389,7.165));
#6273=CARTESIAN_POINT('',(42.5762226644937,-20.9175322204389,1.51));
#6274=CARTESIAN_POINT('',(42.5762226644938,20.9175322204389,7.165));
#6275=CARTESIAN_POINT('',(42.5762226644938,10.4587661102194,7.165));
#6276=CARTESIAN_POINT('',(42.5762226644938,20.9175322204389,1.51));
#6277=CARTESIAN_POINT('',(42.5762226644938,20.9175322204389,1.51));
#6278=CARTESIAN_POINT('',(42.5762226644938,17.726946,1.51));
#6279=CARTESIAN_POINT('',(42.5762226644937,-20.9175322204389,1.51));
#6280=CARTESIAN_POINT('',(42.5762226644938,17.726946,5.565));
#6281=CARTESIAN_POINT('',(42.5762226644938,17.726946,1.51));
#6282=CARTESIAN_POINT('',(42.5762226644938,13.646946,5.565));
#6283=CARTESIAN_POINT('',(42.5762226644938,10.4587661102194,5.565));
#6284=CARTESIAN_POINT('',(42.5762226644938,13.646946,1.51));
#6285=CARTESIAN_POINT('',(42.5762226644938,13.646946,1.51));
#6286=CARTESIAN_POINT('',(42.5762226644938,2.28748517391686,1.51));
#6287=CARTESIAN_POINT('',(42.5762226644937,-20.9175322204389,1.51));
#6288=CARTESIAN_POINT('',(42.5762226644938,2.28748517391686,5.565));
#6289=CARTESIAN_POINT('',(42.5762226644938,2.28748517391686,1.51));
#6290=CARTESIAN_POINT('',(42.5762226644937,-1.79252952637323,5.565));
#6291=CARTESIAN_POINT('',(42.5762226644938,10.4587661102194,5.565));
#6292=CARTESIAN_POINT('',(42.5762226644937,-1.79252952637323,1.51));
#6293=CARTESIAN_POINT('',(42.5762226644937,-1.79252952637323,1.51));
#6294=CARTESIAN_POINT('',(42.5762226644937,-20.9175322204389,1.51));
#6295=CARTESIAN_POINT('',(42.5762226644938,10.4587661102194,5.565));
#6296=CARTESIAN_POINT('Origin',(17.6550609102813,-37.5839924176806,1.51));
#6297=CARTESIAN_POINT('',(18.6956428344319,-36.9863392915856,5.565));
#6298=CARTESIAN_POINT('Origin',(17.6550609102813,-37.5839924176806,5.565));
#6299=CARTESIAN_POINT('',(18.6956428344319,-36.9863392915856,1.51));
#6300=CARTESIAN_POINT('',(18.6956428344319,-36.9863392915856,1.51));
#6301=CARTESIAN_POINT('Origin',(17.6550609102813,-37.5839924176806,1.51));
#6302=CARTESIAN_POINT('Origin',(3.9991934263543,-11.3981528745578,1.51));
#6303=CARTESIAN_POINT('',(11.5526175383619,-24.5495215417878,5.565));
#6304=CARTESIAN_POINT('',(4.37035298086739,-12.0443837843258,5.565));
#6305=CARTESIAN_POINT('',(10.6561378492194,-22.988648655562,3.765));
#6306=CARTESIAN_POINT('',(8.93524920759199,-19.9923862154175,0.309707490370319));
#6307=CARTESIAN_POINT('',(4.75274611628376,-12.7101736334201,3.765));
#6308=CARTESIAN_POINT('',(3.9991934263543,-11.3981528745578,3.765));
#6309=CARTESIAN_POINT('',(4.75274611628376,-12.7101736334201,2.51));
#6310=CARTESIAN_POINT('',(4.75274611628376,-12.7101736334201,1.51));
#6311=CARTESIAN_POINT('',(10.6561378492194,-22.988648655562,2.51));
#6312=CARTESIAN_POINT('',(5.47162119154235,-13.9618167293478,2.51));
#6313=CARTESIAN_POINT('',(10.6561378492194,-22.988648655562,1.51));
#6314=CARTESIAN_POINT('',(10.6561378492194,-22.988648655562,1.51));
#6315=CARTESIAN_POINT('',(3.9991934263543,-11.3981528745578,1.51));
#6316=CARTESIAN_POINT('Origin',(-4.07481224419592,-39.9558474913391,1.51));
#6317=CARTESIAN_POINT('',(-2.90707810710618,-39.6794474459786,5.565));
#6318=CARTESIAN_POINT('',(-3.47481224419592,-40.9950779758804,5.565));
#6319=CARTESIAN_POINT('Origin',(-4.07481224419592,-39.9558474913391,5.565));
#6320=CARTESIAN_POINT('',(-3.47481224419592,-40.9950779758804,1.51));
#6321=CARTESIAN_POINT('',(-3.47481224419592,-40.9950779758804,1.51));
#6322=CARTESIAN_POINT('',(-2.90707810710618,-39.6794474459786,1.51));
#6323=CARTESIAN_POINT('Origin',(-4.07481224419592,-39.9558474913391,1.51));
#6324=CARTESIAN_POINT('',(-2.90707810710618,-39.6794474459786,1.51));
#6325=CARTESIAN_POINT('Origin',(-0.007205,-38.993054,1.51));
#6326=CARTESIAN_POINT('',(2.89266810710618,-39.6794474459786,1.51));
#6327=CARTESIAN_POINT('Origin',(-0.007205,-38.993054,1.51));
#6328=CARTESIAN_POINT('',(2.89266810710618,-39.6794474459786,5.565));
#6329=CARTESIAN_POINT('',(2.89266810710618,-39.6794474459786,1.51));
#6330=CARTESIAN_POINT('Origin',(-0.007205,-38.993054,5.565));
#6331=CARTESIAN_POINT('Origin',(0.,0.,1.51));
#6332=CARTESIAN_POINT('',(43.8562226644938,21.2605071867507,1.51));
#6333=CARTESIAN_POINT('',(40.3402506533147,27.3503493481031,1.51));
#6334=CARTESIAN_POINT('',(43.0040245809421,22.736557565575,1.51));
#6335=CARTESIAN_POINT('',(43.8562226644937,-21.2605071867507,1.51));
#6336=CARTESIAN_POINT('',(43.8562226644937,-10.6838434318616,1.51));
#6337=CARTESIAN_POINT('',(40.3402506533146,-27.3503493481031,1.51));
#6338=CARTESIAN_POINT('',(41.1924487368663,-25.8742989692788,1.51));
#6339=CARTESIAN_POINT('',(3.51597201117913,-48.6108565348538,1.51));
#6340=CARTESIAN_POINT('',(12.6756315101992,-43.3225246574093,1.51));
#6341=CARTESIAN_POINT('',(-3.51597201117914,-48.6108565348538,1.51));
#6342=CARTESIAN_POINT('',(-1.8115758440758,-48.6108565348538,1.51));
#6343=CARTESIAN_POINT('',(-40.3402506533146,-27.3503493481031,1.51));
#6344=CARTESIAN_POINT('',(-31.1805911542945,-32.6386812255477,1.51));
#6345=CARTESIAN_POINT('',(-43.8562226644938,-21.2605071867507,1.51));
#6346=CARTESIAN_POINT('',(-43.0040245809421,-22.736557565575,1.51));
#6347=CARTESIAN_POINT('',(-43.8562226644937,21.2605071867507,1.51));
#6348=CARTESIAN_POINT('',(-43.8562226644937,10.6838434318616,1.51));
#6349=CARTESIAN_POINT('',(-40.3402506533146,27.3503493481031,1.51));
#6350=CARTESIAN_POINT('',(-41.1924487368663,25.8742989692788,1.51));
#6351=CARTESIAN_POINT('',(-3.51597201117909,48.6108565348538,1.51));
#6352=CARTESIAN_POINT('',(-12.6756315101992,43.3225246574093,1.51));
#6353=CARTESIAN_POINT('',(3.51597201117917,48.6108565348538,1.51));
#6354=CARTESIAN_POINT('',(1.81157584407581,48.6108565348538,1.51));
#6355=CARTESIAN_POINT('',(31.1805911542946,32.6386812255476,1.51));
#6356=CARTESIAN_POINT('',(15.2171740281937,6.37865090298077,1.51));
#6357=CARTESIAN_POINT('',(8.24263735606239,-1.82492128703415,1.51));
#6358=CARTESIAN_POINT('Origin',(9.65015897644756,4.0450298708606,1.51));
#6359=CARTESIAN_POINT('',(-15.7586120953693,-4.89079601519169,1.51));
#6360=CARTESIAN_POINT('Origin',(2.39711498434416E-6,-0.000191517524176974,
1.51));
#6361=CARTESIAN_POINT('',(4.03362437429779,-4.36882925198962,1.51));
#6362=CARTESIAN_POINT('Origin',(-5.93600432466315,-1.84240050014497,1.51));
#6363=CARTESIAN_POINT('Origin',(7.4265606898061,-5.22864180063263,1.51));
#6364=CARTESIAN_POINT('',(-42.5762226644938,-20.9175322204389,1.51));
#6365=CARTESIAN_POINT('',(-42.5762226644938,-16.9603158295269,1.51));
#6366=CARTESIAN_POINT('',(-42.5762226644937,20.9175322204389,1.51));
#6367=CARTESIAN_POINT('',(-39.4032256196265,-26.4133243144149,1.51));
#6368=CARTESIAN_POINT('',(-42.5762226644938,-20.9175322204389,1.51));
#6369=CARTESIAN_POINT('',(-35.9761755433769,-28.391932598464,1.51));
#6370=CARTESIAN_POINT('',(-39.4032256196265,-26.4133243144149,1.51));
#6371=CARTESIAN_POINT('',(-34.1761755433769,-27.3527021139226,1.51));
#6372=CARTESIAN_POINT('Origin',(-35.3761755433769,-27.3527021139226,1.51));
#6373=CARTESIAN_POINT('',(-34.1761755433769,-23.5051270189214,1.51));
#6374=CARTESIAN_POINT('',(-34.1761755433769,-20.9299034138258,1.51));
#6375=CARTESIAN_POINT('',(-37.4441247358092,-17.8448729810778,1.51));
#6376=CARTESIAN_POINT('',(-37.4441247358092,-17.8448729810778,1.51));
#6377=CARTESIAN_POINT('',(-40.7762226644938,-15.9210853449855,1.51));
#6378=CARTESIAN_POINT('',(-34.8175332119779,-19.3613363044129,1.51));
#6379=CARTESIAN_POINT('Origin',(-41.3762226644938,-16.9603158295269,1.51));
#6380=CARTESIAN_POINT('',(-42.5762226644937,-1.82950687293652,1.51));
#6381=CARTESIAN_POINT('',(-41.3711085347729,-0.629517770620503,1.51));
#6382=CARTESIAN_POINT('Origin',(-41.3762226644938,-1.82950687293652,1.51));
#6383=CARTESIAN_POINT('',(-42.5762226644937,-12.2491376329395,1.51));
#6384=CARTESIAN_POINT('',(-42.5762226644937,20.9175322204389,1.51));
#6385=CARTESIAN_POINT('',(-41.9762226644938,-13.2883681174808,1.51));
#6386=CARTESIAN_POINT('Origin',(-41.3762226644938,-12.2491376329395,1.51));
#6387=CARTESIAN_POINT('',(-33.7269847926836,-18.0510678233797,1.51));
#6388=CARTESIAN_POINT('',(-42.5762226644937,-12.941957955967,1.51));
#6389=CARTESIAN_POINT('',(-32.5311475845286,-18.0534601215089,1.51));
#6390=CARTESIAN_POINT('Origin',(-33.1269847926836,-17.0118373388384,1.51));
#6391=CARTESIAN_POINT('',(-18.5096012330565,-10.032745548948,1.51));
#6392=CARTESIAN_POINT('',(-17.4475495273053,-9.42522242848719,1.51));
#6393=CARTESIAN_POINT('',(-18.0508066324975,-8.41862669812602,1.51));
#6394=CARTESIAN_POINT('Origin',(-19.1054384412114,-8.99112276627751,1.51));
#6395=CARTESIAN_POINT('',(-19.1012720743066,-5.92796685533243,1.51));
#6396=CARTESIAN_POINT('Origin',(-5.93584807271099,-1.84214561345795,1.51));
#6397=CARTESIAN_POINT('',(-19.9181542443649,-1.80741633949745,1.51));
#6398=CARTESIAN_POINT('Origin',(0.000129850672473471,5.44317300206672E-5,
1.51));
#6399=CARTESIAN_POINT('',(-21.1081297031905,-0.715874806760705,1.51));
#6400=CARTESIAN_POINT('Origin',(-21.1132438329114,-1.91586390907672,1.51));
#6401=CARTESIAN_POINT('',(-19.9870053348109,-0.720652829696154,1.51));
#6402=CARTESIAN_POINT('',(-33.5478599461658,28.4082806161361,1.51));
#6403=CARTESIAN_POINT('Origin',(-32.5086294616245,29.0082806161361,1.51));
#6404=CARTESIAN_POINT('',(-26.6534898775014,16.4668813710271,1.51));
#6405=CARTESIAN_POINT('',(-26.4984106784441,16.1982763190628,1.51));
#6406=CARTESIAN_POINT('',(-26.2325986473249,16.0384570585415,1.51));
#6407=CARTESIAN_POINT('Origin',(-25.61425939296,17.0668813710271,1.51));
#6408=CARTESIAN_POINT('',(-18.0100783882784,11.0946736568338,1.51));
#6409=CARTESIAN_POINT('',(-17.0218026721456,10.5004737123153,1.51));
#6410=CARTESIAN_POINT('',(-16.4072995147254,11.4368919971997,1.51));
#6411=CARTESIAN_POINT('Origin',(-17.3917391339135,12.1230979693194,1.51));
#6412=CARTESIAN_POINT('',(-11.7817690400277,16.1614853834984,1.51));
#6413=CARTESIAN_POINT('Origin',(0.000129850672473471,5.44317300206672E-5,
1.51));
#6414=CARTESIAN_POINT('',(-11.4494510071249,17.7311702634476,1.51));
#6415=CARTESIAN_POINT('Origin',(-12.4886785624746,17.1311651899675,1.51));
#6416=CARTESIAN_POINT('',(-10.8955227630491,16.7717492179036,1.51));
#6417=CARTESIAN_POINT('',(-18.7742935634905,9.5938770112798,1.51));
#6418=CARTESIAN_POINT('',(-18.2949357323193,8.08062168864268,1.51));
#6419=CARTESIAN_POINT('Origin',(-19.3926328178558,8.56545269879442,1.51));
#6420=CARTESIAN_POINT('',(-27.2558809610312,14.6934243124854,1.51));
#6421=CARTESIAN_POINT('',(-17.8433580029804,9.03415278718323,1.51));
#6422=CARTESIAN_POINT('',(-27.8742202153965,14.865,1.51));
#6423=CARTESIAN_POINT('Origin',(-27.8742202153965,13.665,1.51));
#6424=CARTESIAN_POINT('',(-41.3762226644937,14.865,1.51));
#6425=CARTESIAN_POINT('',(-27.5412463283852,14.865,1.51));
#6426=CARTESIAN_POINT('',(-42.5762226644937,13.665,1.51));
#6427=CARTESIAN_POINT('Origin',(-41.3762226644937,13.665,1.51));
#6428=CARTESIAN_POINT('',(-42.5762226644937,2.25053019065569,1.51));
#6429=CARTESIAN_POINT('',(-42.5762226644937,20.9175322204389,1.51));
#6430=CARTESIAN_POINT('',(-41.3813367955362,1.05054108834531,1.51));
#6431=CARTESIAN_POINT('Origin',(-41.3762226644937,2.25053019065569,1.51));
#6432=CARTESIAN_POINT('',(-21.094373177585,0.964081811176445,1.51));
#6433=CARTESIAN_POINT('',(-19.9769770987846,0.959319676285104,1.51));
#6434=CARTESIAN_POINT('',(-19.8955270794213,2.04158013557758,1.51));
#6435=CARTESIAN_POINT('Origin',(-21.0892590465426,2.16407091348683,1.51));
#6436=CARTESIAN_POINT('Origin',(0.000129850672473471,5.44317300206672E-5,
1.51));
#6437=CARTESIAN_POINT('',(-31.2192400422175,21.0149926309815,1.51));
#6438=CARTESIAN_POINT('',(-33.8,16.545,1.51));
#6439=CARTESIAN_POINT('Origin',(-33.8,19.525,1.51));
#6440=CARTESIAN_POINT('',(-35.0027826245237,27.5682806161361,1.51));
#6441=CARTESIAN_POINT('',(-29.4697540685618,17.9847940374807,1.51));
#6442=CARTESIAN_POINT('Origin',(-36.042013109065,26.9682806161361,1.51));
#6443=CARTESIAN_POINT('',(-42.5762226644937,20.9175322204389,1.51));
#6444=CARTESIAN_POINT('',(-39.4032256196264,26.413324314415,1.51));
#6445=CARTESIAN_POINT('',(-42.5762226644937,17.745,1.51));
#6446=CARTESIAN_POINT('',(-42.5762226644937,20.9175322204389,1.51));
#6447=CARTESIAN_POINT('',(-41.3762226644937,16.545,1.51));
#6448=CARTESIAN_POINT('Origin',(-41.3762226644937,17.745,1.51));
#6449=CARTESIAN_POINT('',(-30.3354290246612,16.545,1.51));
#6450=CARTESIAN_POINT('Origin',(41.3762226644938,13.646946,1.51));
#6451=CARTESIAN_POINT('',(18.7012275501427,9.82440477984209,1.51));
#6452=CARTESIAN_POINT('',(17.7238478690101,9.26692075675671,1.51));
#6453=CARTESIAN_POINT('',(18.2035752249305,8.28495445441357,1.51));
#6454=CARTESIAN_POINT('Origin',(19.2957751322444,8.78204535401195,1.51));
#6455=CARTESIAN_POINT('',(18.4452356450462,7.73200529252954,1.51));
#6456=CARTESIAN_POINT('Origin',(0.000129850672473471,5.44317300206672E-5,
1.51));
#6457=CARTESIAN_POINT('',(19.0495460927028,2.43352188628577,1.51));
#6458=CARTESIAN_POINT('Origin',(9.65006157950398,4.04518156567979,1.51));
#6459=CARTESIAN_POINT('',(20.2355073791956,1.03073057961518,1.51));
#6460=CARTESIAN_POINT('Origin',(20.2322861031631,2.23072625601603,1.51));
#6461=CARTESIAN_POINT('',(41.3794439405263,1.08748949751602,1.51));
#6462=CARTESIAN_POINT('',(18.6963821011079,1.0265989419211,1.51));
#6463=CARTESIAN_POINT('Origin',(41.3762226644938,2.28748517391686,1.51));
#6464=CARTESIAN_POINT('',(16.2793951343064,11.6185962380209,1.51));
#6465=CARTESIAN_POINT('Origin',(17.2561449565718,12.3157043965621,1.51));
#6466=CARTESIAN_POINT('',(33.5315170574858,28.4177161873148,1.51));
#6467=CARTESIAN_POINT('',(26.4724709172328,16.1910896194236,1.51));
#6468=CARTESIAN_POINT('',(33.0922865729444,30.0569466718561,1.51));
#6469=CARTESIAN_POINT('Origin',(32.4922865729444,29.0177161873148,1.51));
#6470=CARTESIAN_POINT('',(22.9179403300167,35.9311082140389,1.51));
#6471=CARTESIAN_POINT('',(39.4032256196265,26.4133243144149,1.51));
#6472=CARTESIAN_POINT('',(21.2740550542763,35.4837421828081,1.51));
#6473=CARTESIAN_POINT('Origin',(22.3179403300167,34.8918777294976,1.51));
#6474=CARTESIAN_POINT('',(11.2740087024491,17.846424913616,1.51));
#6475=CARTESIAN_POINT('',(10.7263936534901,16.8805833544807,1.51));
#6476=CARTESIAN_POINT('',(11.6206661507668,16.2778960570085,1.51));
#6477=CARTESIAN_POINT('Origin',(12.3178939781894,17.2545604603055,1.51));
#6478=CARTESIAN_POINT('Origin',(0.000129850672473471,5.44317300206672E-5,
1.51));
#6479=CARTESIAN_POINT('',(-19.3537846254021,-37.9888744695319,1.51));
#6480=CARTESIAN_POINT('',(-19.7909141416921,-36.3460196262706,1.51));
#6481=CARTESIAN_POINT('Origin',(-18.7537846254021,-36.9496439849906,1.51));
#6482=CARTESIAN_POINT('',(-11.0908498293553,-42.7594820983258,1.51));
#6483=CARTESIAN_POINT('',(-39.4032256196265,-26.4133243144149,1.51));
#6484=CARTESIAN_POINT('',(-9.89084982935534,-42.7594820983258,1.51));
#6485=CARTESIAN_POINT('Origin',(-10.4908498293553,-41.7202516137845,1.51));
#6486=CARTESIAN_POINT('',(-4.6114977622596,-39.7114467612413,1.51));
#6487=CARTESIAN_POINT('',(-10.4908498293553,-43.1058922598396,1.51));
#6488=CARTESIAN_POINT('',(-1.62945755972696,-34.6245420528423,1.51));
#6489=CARTESIAN_POINT('Origin',(-0.007205,-38.993054,1.51));
#6490=CARTESIAN_POINT('',(-0.847205,-33.4996033540034,1.51));
#6491=CARTESIAN_POINT('Origin',(-2.047205,-33.4996033540034,1.51));
#6492=CARTESIAN_POINT('',(-0.847205,-28.0873998588989,1.51));
#6493=CARTESIAN_POINT('',(-0.847205,-38.993054,1.51));
#6494=CARTESIAN_POINT('',(0.832795,-28.0873998588989,1.51));
#6495=CARTESIAN_POINT('',(-0.847205,-28.0873998588989,1.51));
#6496=CARTESIAN_POINT('',(0.832795,-33.4996033540034,1.51));
#6497=CARTESIAN_POINT('',(0.832795,-28.0873998588989,1.51));
#6498=CARTESIAN_POINT('',(1.61504755972696,-34.6245420528423,1.51));
#6499=CARTESIAN_POINT('Origin',(2.032795,-33.4996033540034,1.51));
#6500=CARTESIAN_POINT('',(4.65257009974971,-39.0388363082923,1.51));
#6501=CARTESIAN_POINT('Origin',(-0.007205,-38.993054,1.51));
#6502=CARTESIAN_POINT('',(5.25251218552217,-40.0898562284454,1.51));
#6503=CARTESIAN_POINT('Origin',(5.85251218552217,-39.0506257439041,1.51));
#6504=CARTESIAN_POINT('',(9.88364482935532,-42.7636419070153,1.51));
#6505=CARTESIAN_POINT('',(4.5970877622596,-39.7114467612413,1.51));
#6506=CARTESIAN_POINT('Origin',(10.4836448293553,-41.724411422474,1.51));
#6507=CARTESIAN_POINT('',(14.2981745837462,-20.8968627142292,1.51));
#6508=CARTESIAN_POINT('',(11.6138537929623,-22.4385891990168,1.51));
#6509=CARTESIAN_POINT('',(6.62090777235744,-7.52986985164689,1.51));
#6510=CARTESIAN_POINT('',(8.27595730051287,-5.39195748524596,1.51));
#6511=CARTESIAN_POINT('',(8.27595730051287,-5.39195748524596,1.51));
#6512=CARTESIAN_POINT('',(7.13818383469275,-6.21158654411844,1.51));
#6513=CARTESIAN_POINT('Origin',(8.27630493099231,-6.59195527332456,1.51));
#6514=CARTESIAN_POINT('',(-6.93252839997622,-15.5909256570685,1.51));
#6515=CARTESIAN_POINT('Origin',(-5.93584807271099,-1.84214561345795,1.51));
#6516=CARTESIAN_POINT('',(-8.05642096799817,-16.1841605936938,1.51));
#6517=CARTESIAN_POINT('Origin',(-7.01929145170817,-16.7877849524137,1.51));
#6518=CARTESIAN_POINT('',(-7.66851830526147,-15.5176777138033,1.51));
#6519=CARTESIAN_POINT('',(13.8326167737282,-4.52534864448327,1.51));
#6520=CARTESIAN_POINT('Origin',(14.3589089727547,-5.60378108151576,1.51));
#6521=CARTESIAN_POINT('',(33.528955637047,-18.1654000096939,1.51));
#6522=CARTESIAN_POINT('',(41.3730013884612,-0.592533849972383,1.51));
#6523=CARTESIAN_POINT('Origin',(41.3762226644938,-1.79252952637323,1.51));
#6524=CARTESIAN_POINT('',(18.617901621546,-0.653617784638447,1.51));
#6525=CARTESIAN_POINT('',(17.9477800808151,-0.655416663168166,1.51));
#6526=CARTESIAN_POINT('',(17.6184572356039,-1.19432477594228,1.51));
#6527=CARTESIAN_POINT('Origin',(18.6211228975785,-1.85361346103929,1.51));
#6528=CARTESIAN_POINT('Origin',(9.65006157950398,4.04518156567979,1.51));
#6529=CARTESIAN_POINT('',(19.384448893664,37.9711704459964,1.51));
#6530=CARTESIAN_POINT('',(19.8283341694044,36.3400755081446,1.51));
#6531=CARTESIAN_POINT('Origin',(18.784448893664,36.9319399614551,1.51));
#6532=CARTESIAN_POINT('',(16.753608216079,39.4900870193951,1.51));
#6533=CARTESIAN_POINT('',(39.4032256196265,26.4133243144149,1.51));
#6534=CARTESIAN_POINT('',(16.1536082160789,39.6508565348538,1.51));
#6535=CARTESIAN_POINT('Origin',(16.153608216079,38.4508565348538,1.51));
#6536=CARTESIAN_POINT('',(-16.1536082160789,39.6508565348538,1.51));
#6537=CARTESIAN_POINT('',(-16.4751472469963,39.6508565348538,1.51));
#6538=CARTESIAN_POINT('Origin',(-16.1536082160789,38.4508565348538,1.51));
#6539=CARTESIAN_POINT('',(-20.1425378454855,36.1478401748878,1.51));
#6540=CARTESIAN_POINT('Origin',(-19.1033102901358,36.7478452483679,1.51));
#6541=CARTESIAN_POINT('',(-10.0148320681826,18.6063369752539,1.51));
#6542=CARTESIAN_POINT('',(-9.44943109785494,17.6270448089761,1.51));
#6543=CARTESIAN_POINT('',(-8.46754706790999,18.1192000926591,1.51));
#6544=CARTESIAN_POINT('Origin',(-8.97560451283293,19.206342048734,1.51));
#6545=CARTESIAN_POINT('',(8.28719879527772,18.2025125126272,1.51));
#6546=CARTESIAN_POINT('Origin',(0.000129850672473471,5.44317300206672E-5,
1.51));
#6547=CARTESIAN_POINT('',(9.82830510511973,18.7027887293986,1.51));
#6548=CARTESIAN_POINT('Origin',(8.78441982937938,19.294653182709,1.51));
#6549=CARTESIAN_POINT('',(9.27179666235686,17.7212616821565,1.51));
#6550=CARTESIAN_POINT('',(-17.2655954873957,-11.2565811934685,1.51));
#6551=CARTESIAN_POINT('',(-15.8101777745379,-11.4608740794227,1.51));
#6552=CARTESIAN_POINT('Origin',(-16.6697582792407,-12.298203976139,1.51));
#6553=CARTESIAN_POINT('',(-31.8920127515318,-19.6232987547235,1.51));
#6554=CARTESIAN_POINT('',(-16.4311190772255,-10.7792374729018,1.51));
#6555=CARTESIAN_POINT('',(-32.4961755433769,-20.6649215373939,1.51));
#6556=CARTESIAN_POINT('Origin',(-31.2961755433769,-20.6649215373939,1.51));
#6557=CARTESIAN_POINT('',(-32.4961755433769,-29.7082912122163,1.51));
#6558=CARTESIAN_POINT('',(-32.4961755433769,-30.4011115352439,1.51));
#6559=CARTESIAN_POINT('',(-31.8961755433769,-30.7475216967577,1.51));
#6560=CARTESIAN_POINT('Origin',(-31.2961755433769,-29.7082912122163,1.51));
#6561=CARTESIAN_POINT('',(-22.887189804584,-35.9488620381752,1.51));
#6562=CARTESIAN_POINT('',(-39.4032256196265,-26.4133243144149,1.51));
#6563=CARTESIAN_POINT('',(-21.250060288294,-35.5132559123538,1.51));
#6564=CARTESIAN_POINT('Origin',(-22.287189804584,-34.9096315536339,1.51));
#6565=CARTESIAN_POINT('',(-10.1685898972303,-16.4734013066888,1.51));
#6566=CARTESIAN_POINT('',(-9.41607339099183,-15.1804497071701,1.51));
#6567=CARTESIAN_POINT('',(-10.7837037100448,-14.7464325012295,1.51));
#6568=CARTESIAN_POINT('Origin',(-11.2057194135203,-15.8697769479688,1.51));
#6569=CARTESIAN_POINT('Origin',(-5.93584807271099,-1.84214561345795,1.51));
#6570=CARTESIAN_POINT('',(33.7677859186566,16.526946,1.51));
#6571=CARTESIAN_POINT('',(31.1870302285153,20.9969458818619,1.51));
#6572=CARTESIAN_POINT('Origin',(33.767786,19.506946,1.51));
#6573=CARTESIAN_POINT('',(41.3762226644938,16.526946,1.51));
#6574=CARTESIAN_POINT('',(30.4521070897571,16.526946,1.51));
#6575=CARTESIAN_POINT('Origin',(41.3762226644938,17.726946,1.51));
#6576=CARTESIAN_POINT('',(39.4032256196265,26.4133243144149,1.51));
#6577=CARTESIAN_POINT('',(42.5762226644938,20.9175322204389,1.51));
#6578=CARTESIAN_POINT('',(36.625670220385,28.0169466718561,1.51));
#6579=CARTESIAN_POINT('',(39.4032256196265,26.4133243144149,1.51));
#6580=CARTESIAN_POINT('',(34.9864397358436,27.5777161873148,1.51));
#6581=CARTESIAN_POINT('Origin',(36.025670220385,26.9777161873148,1.51));
#6582=CARTESIAN_POINT('',(29.3648723856117,17.8408759185427,1.51));
#6583=CARTESIAN_POINT('',(3.17299704486733,47.3308565348538,1.51));
#6584=CARTESIAN_POINT('',(9.68684092119793,43.5700870193951,1.51));
#6585=CARTESIAN_POINT('',(39.4032256196265,26.4133243144149,1.51));
#6586=CARTESIAN_POINT('',(3.17299704486733,47.3308565348538,1.51));
#6587=CARTESIAN_POINT('',(-9.08684092119788,41.3308565348538,1.51));
#6588=CARTESIAN_POINT('Origin',(-9.08684092119788,42.5308565348538,1.51));
#6589=CARTESIAN_POINT('',(9.08684092119793,41.3308565348538,1.51));
#6590=CARTESIAN_POINT('',(-13.5653018902805,41.3308565348538,1.51));
#6591=CARTESIAN_POINT('Origin',(9.08684092119793,42.5308565348538,1.51));
#6592=CARTESIAN_POINT('',(39.4032256196265,-26.4133243144149,1.51));
#6593=CARTESIAN_POINT('',(34.1761755433768,-29.4311630830053,1.51));
#6594=CARTESIAN_POINT('',(-7.01084982935535,-43.0366102275368,1.51));
#6595=CARTESIAN_POINT('',(-0.007205,-38.993054,1.51));
#6596=CARTESIAN_POINT('',(-7.01084982935535,-45.1150711966195,1.51));
#6597=CARTESIAN_POINT('Origin',(-6.41084982935535,-44.0758407120782,1.51));
#6598=CARTESIAN_POINT('',(-3.17299704486732,-47.3308565348538,1.51));
#6599=CARTESIAN_POINT('',(-39.4032256196265,-26.4133243144149,1.51));
#6600=CARTESIAN_POINT('',(-3.17299704486732,-47.3308565348538,1.51));
#6601=CARTESIAN_POINT('',(7.00364482935533,-43.0407700362263,1.51));
#6602=CARTESIAN_POINT('Origin',(6.40364482935533,-44.0800005207677,1.51));
#6603=CARTESIAN_POINT('',(3.46040224419591,-40.9950779758804,1.51));
#6604=CARTESIAN_POINT('',(-0.007205,-38.993054,1.51));
#6605=CARTESIAN_POINT('Origin',(4.06040224419592,-39.9558474913391,1.51));
#6606=CARTESIAN_POINT('Origin',(4.06040224419592,-39.9558474913391,1.51));
#6607=CARTESIAN_POINT('',(3.46040224419592,-40.9950779758804,5.565));
#6608=CARTESIAN_POINT('Origin',(4.06040224419592,-39.9558474913391,5.565));
#6609=CARTESIAN_POINT('',(3.46040224419592,-40.9950779758804,1.51));
#6610=CARTESIAN_POINT('Origin',(4.44089209850063E-15,4.44089209850063E-15,
5.565));
#6611=CARTESIAN_POINT('',(7.00364482935533,-43.0407700362263,5.565));
#6612=CARTESIAN_POINT('',(-7.15636910714579,-34.8654821782586,5.565));
#6613=CARTESIAN_POINT('Origin',(6.40364482935533,-44.0800005207677,5.565));
#6614=CARTESIAN_POINT('',(9.88364482935532,-42.7636419070153,5.565));
#6615=CARTESIAN_POINT('Origin',(10.4836448293553,-41.724411422474,5.565));
#6616=CARTESIAN_POINT('',(5.25251218552217,-40.0898562284454,5.565));
#6617=CARTESIAN_POINT('',(-2.78132204410694,-35.4515198733442,5.565));
#6618=CARTESIAN_POINT('',(4.65257009974971,-39.0388363082923,5.565));
#6619=CARTESIAN_POINT('Origin',(5.85251218552217,-39.0506257439041,5.565));
#6620=CARTESIAN_POINT('',(1.61504755972696,-34.6245420528423,5.565));
#6621=CARTESIAN_POINT('Origin',(-0.007205,-38.993054,5.565));
#6622=CARTESIAN_POINT('',(0.832795,-33.4996033540034,5.565));
#6623=CARTESIAN_POINT('Origin',(2.032795,-33.4996033540034,5.565));
#6624=CARTESIAN_POINT('',(0.832795,-29.8873998588989,5.565));
#6625=CARTESIAN_POINT('',(0.832795,-17.2046936727268,5.565));
#6626=CARTESIAN_POINT('',(-0.847205,-29.8873998588989,5.565));
#6627=CARTESIAN_POINT('',(0.416397500000002,-29.8873998588989,5.565));
#6628=CARTESIAN_POINT('',(-0.847205,-33.4996033540034,5.565));
#6629=CARTESIAN_POINT('',(-0.847205,-14.0436999294495,5.565));
#6630=CARTESIAN_POINT('',(-1.62945755972696,-34.6245420528423,5.565));
#6631=CARTESIAN_POINT('Origin',(-2.047205,-33.4996033540034,5.565));
#6632=CARTESIAN_POINT('',(-4.6114977622596,-39.7114467612413,5.565));
#6633=CARTESIAN_POINT('Origin',(-0.007205,-38.993054,5.565));
#6634=CARTESIAN_POINT('',(-9.89084982935534,-42.7594820983258,5.565));
#6635=CARTESIAN_POINT('',(5.71559432765479,-33.7490973631832,5.565));
#6636=CARTESIAN_POINT('',(-11.0908498293553,-42.7594820983258,5.565));
#6637=CARTESIAN_POINT('Origin',(-10.4908498293553,-41.7202516137845,5.565));
#6638=CARTESIAN_POINT('',(-7.01084982935535,-45.1150711966195,5.565));
#6639=CARTESIAN_POINT('',(-12.2305541885571,-42.1014734797441,5.565));
#6640=CARTESIAN_POINT('',(-7.01084982935535,-43.0366102275368,5.565));
#6641=CARTESIAN_POINT('Origin',(-6.41084982935535,-44.0758407120782,5.565));
#6642=CARTESIAN_POINT('',(4.03591829410693,-36.6587556777805,5.565));
#6643=CARTESIAN_POINT('Origin',(2.57355070327763,-40.483054,1.51));
#6644=CARTESIAN_POINT('',(7.00364482935533,-43.0407700362263,1.51));
#6645=CARTESIAN_POINT('Origin',(6.40364482935533,-44.0800005207677,1.51));
#6646=CARTESIAN_POINT('Origin',(-2.047205,-33.4996033540034,1.51));
#6647=CARTESIAN_POINT('',(-1.62945755972696,-34.6245420528423,1.51));
#6648=CARTESIAN_POINT('',(-0.847205,-33.4996033540034,1.51));
#6649=CARTESIAN_POINT('Origin',(-0.007205,-38.993054,1.51));
#6650=CARTESIAN_POINT('',(-4.6114977622596,-39.7114467612413,1.51));
#6651=CARTESIAN_POINT('Origin',(2.032795,-33.4996033540034,1.51));
#6652=CARTESIAN_POINT('',(0.832795,-33.4996033540034,1.51));
#6653=CARTESIAN_POINT('',(1.61504755972696,-34.6245420528423,1.51));
#6654=CARTESIAN_POINT('Origin',(0.832795,-34.4093873454537,1.51));
#6655=CARTESIAN_POINT('',(0.832795,-28.0873998588989,3.765));
#6656=CARTESIAN_POINT('',(0.832795,-28.0873998588989,1.51));
#6657=CARTESIAN_POINT('',(0.832795,-29.5541467305376,5.23174687163868));
#6658=CARTESIAN_POINT('Origin',(5.85251218552217,-39.0506257439041,1.51));
#6659=CARTESIAN_POINT('',(4.65257009974971,-39.0388363082923,1.51));
#6660=CARTESIAN_POINT('',(5.25251218552217,-40.0898562284454,1.51));
#6661=CARTESIAN_POINT('Origin',(-0.007205,-38.993054,1.51));
#6662=CARTESIAN_POINT('Origin',(10.4836448293553,-41.724411422474,1.51));
#6663=CARTESIAN_POINT('',(9.88364482935532,-42.7636419070153,1.51));
#6664=CARTESIAN_POINT('Origin',(-6.41084982935535,-44.0758407120782,1.51));
#6665=CARTESIAN_POINT('',(-7.01084982935535,-45.1150711966195,1.51));
#6666=CARTESIAN_POINT('',(-7.01084982935535,-43.0366102275368,1.51));
#6667=CARTESIAN_POINT('Origin',(-34.1761755433769,-29.4311630830053,1.51));
#6668=CARTESIAN_POINT('',(-11.0908498293553,-42.7594820983258,1.51));
#6669=CARTESIAN_POINT('',(-19.3537846254021,-37.9888744695319,5.565));
#6670=CARTESIAN_POINT('',(-19.3537846254021,-37.9888744695319,1.51));
#6671=CARTESIAN_POINT('',(-22.887189804584,-35.9488620381752,5.565));
#6672=CARTESIAN_POINT('',(-12.2305541885571,-42.1014734797441,5.565));
#6673=CARTESIAN_POINT('',(-22.887189804584,-35.9488620381752,1.51));
#6674=CARTESIAN_POINT('',(-31.8961755433769,-30.7475216967577,5.565));
#6675=CARTESIAN_POINT('',(-31.8961755433769,-30.7475216967577,1.51));
#6676=CARTESIAN_POINT('',(-35.9761755433769,-28.391932598464,5.565));
#6677=CARTESIAN_POINT('',(-12.2305541885571,-42.1014734797441,5.565));
#6678=CARTESIAN_POINT('',(-35.9761755433769,-28.391932598464,1.51));
#6679=CARTESIAN_POINT('',(-39.4032256196265,-26.4133243144149,7.165));
#6680=CARTESIAN_POINT('',(-39.4032256196265,-26.4133243144149,1.51));
#6681=CARTESIAN_POINT('',(-3.17299704486732,-47.3308565348538,7.165));
#6682=CARTESIAN_POINT('',(-12.2305541885571,-42.1014734797441,7.165));
#6683=CARTESIAN_POINT('',(-3.17299704486732,-47.3308565348538,1.51));
#6684=CARTESIAN_POINT('Origin',(-18.7537846254021,-36.9496439849906,1.51));
#6685=CARTESIAN_POINT('',(-19.7909141416921,-36.3460196262706,5.565));
#6686=CARTESIAN_POINT('Origin',(-18.7537846254021,-36.9496439849906,5.565));
#6687=CARTESIAN_POINT('',(-19.7909141416921,-36.3460196262706,1.51));
#6688=CARTESIAN_POINT('Origin',(-35.3761755433769,-27.3527021139226,1.51));
#6689=CARTESIAN_POINT('',(-34.1761755433769,-27.3527021139226,5.565));
#6690=CARTESIAN_POINT('Origin',(-35.3761755433769,-27.3527021139226,5.565));
#6691=CARTESIAN_POINT('',(-34.1761755433769,-27.3527021139226,1.51));
#6692=CARTESIAN_POINT('Origin',(-34.1761755433769,-23.5051270189214,1.51));
#6693=CARTESIAN_POINT('',(-34.1761755433769,-23.5051270189214,5.565));
#6694=CARTESIAN_POINT('',(-34.1761755433768,-11.7525635094607,5.565));
#6695=CARTESIAN_POINT('',(-34.1761755433769,-23.5051270189214,1.51));
#6696=CARTESIAN_POINT('Origin',(-22.287189804584,-34.9096315536339,1.51));
#6697=CARTESIAN_POINT('',(-21.250060288294,-35.5132559123538,5.565));
#6698=CARTESIAN_POINT('Origin',(-22.287189804584,-34.9096315536339,5.565));
#6699=CARTESIAN_POINT('',(-21.250060288294,-35.5132559123538,1.51));
#6700=CARTESIAN_POINT('Origin',(-9.41607339099183,-15.1804497071701,1.51));
#6701=CARTESIAN_POINT('',(-11.9775247121211,-19.5814595923853,5.565));
#6702=CARTESIAN_POINT('',(-5.75281542599561,-8.88634824092261,5.565));
#6703=CARTESIAN_POINT('',(-11.0717661410233,-18.0252120103455,3.765));
#6704=CARTESIAN_POINT('Ctrl Pts',(-11.0717661410233,-18.0252120103455,3.765));
#6705=CARTESIAN_POINT('Ctrl Pts',(-11.2226641285749,-18.2844804685808,4.0648680998916));
#6706=CARTESIAN_POINT('Ctrl Pts',(-11.3737602952842,-18.544089432382,4.36513498410529));
#6707=CARTESIAN_POINT('Ctrl Pts',(-11.6755505082064,-19.0626164484434,4.96487836686348));
#6708=CARTESIAN_POINT('Ctrl Pts',(-11.8266317420109,-19.3221997549694,5.26512431833383));
#6709=CARTESIAN_POINT('Ctrl Pts',(-11.9775247121211,-19.5814595923853,5.565));
#6710=CARTESIAN_POINT('',(-10.1685898972303,-16.4734013066888,3.765));
#6711=CARTESIAN_POINT('',(-9.41607339099183,-15.1804497071701,3.765));
#6712=CARTESIAN_POINT('',(-10.1685898972303,-16.4734013066888,1.51));
#6713=CARTESIAN_POINT('Origin',(-10.4908498293553,-41.7202516137845,1.51));
#6714=CARTESIAN_POINT('',(-9.89084982935534,-42.7594820983258,1.51));
#6715=CARTESIAN_POINT('Origin',(-4.6114977622596,-39.7114467612413,1.51));
#6716=CARTESIAN_POINT('Origin',(-31.2961755433769,-29.7082912122163,1.51));
#6717=CARTESIAN_POINT('',(-32.4961755433769,-29.7082912122163,5.565));
#6718=CARTESIAN_POINT('Origin',(-31.2961755433769,-29.7082912122163,5.565));
#6719=CARTESIAN_POINT('',(-32.4961755433769,-29.7082912122163,1.51));
#6720=CARTESIAN_POINT('Origin',(-33.1269847926836,-17.0118373388384,1.51));
#6721=CARTESIAN_POINT('',(-33.7269847926836,-18.0510678233797,5.565));
#6722=CARTESIAN_POINT('',(-33.7269847926836,-18.0510678233797,1.51));
#6723=CARTESIAN_POINT('',(-32.5311475845286,-18.0534601215089,5.565));
#6724=CARTESIAN_POINT('Origin',(-33.1269847926836,-17.0118373388384,5.565));
#6725=CARTESIAN_POINT('',(-32.5311475845286,-18.0534601215089,1.51));
#6726=CARTESIAN_POINT('Origin',(-33.1297535987087,-18.3958794139896,1.51));
#6727=CARTESIAN_POINT('',(-41.9762226644938,-13.2883681174808,5.565));
#6728=CARTESIAN_POINT('',(-41.9762226644938,-13.2883681174808,1.51));
#6729=CARTESIAN_POINT('',(-24.6889207235606,-23.269196546641,5.565));
#6730=CARTESIAN_POINT('Origin',(-31.2961755433769,-20.6649215373939,1.51));
#6731=CARTESIAN_POINT('',(-31.8920127515318,-19.6232987547235,5.565));
#6732=CARTESIAN_POINT('',(-31.8920127515318,-19.6232987547235,1.51));
#6733=CARTESIAN_POINT('',(-32.4961755433769,-20.6649215373939,5.565));
#6734=CARTESIAN_POINT('Origin',(-31.2961755433769,-20.6649215373939,5.565));
#6735=CARTESIAN_POINT('',(-32.4961755433769,-20.6649215373939,1.51));
#6736=CARTESIAN_POINT('Origin',(-32.4961755433769,-19.9688966786102,1.51));
#6737=CARTESIAN_POINT('',(-17.2655954873957,-11.2565811934685,3.765));
#6738=CARTESIAN_POINT('',(-17.2655954873957,-11.2565811934685,1.51));
#6739=CARTESIAN_POINT('',(-17.6940162924162,-11.501649811999,3.765));
#6740=CARTESIAN_POINT('',(-16.4311190772255,-10.7792374729018,3.765));
#6741=CARTESIAN_POINT('',(-19.2582718918633,-12.3964475302534,5.565));
#6742=CARTESIAN_POINT('Ctrl Pts',(-19.2582718918633,-12.3964475302534,5.565));
#6743=CARTESIAN_POINT('Ctrl Pts',(-18.9976912400755,-12.2473881484468,5.26512040250429));
#6744=CARTESIAN_POINT('Ctrl Pts',(-18.7367811089002,-12.098140295265,4.96487433863734));
#6745=CARTESIAN_POINT('Ctrl Pts',(-18.2155866370783,-11.8000025584924,4.3651309848327));
#6746=CARTESIAN_POINT('Ctrl Pts',(-17.9546324735335,-11.6507295175704,4.06486292265434));
#6747=CARTESIAN_POINT('Ctrl Pts',(-17.6940162924162,-11.501649811999,3.765));
#6748=CARTESIAN_POINT('',(-15.9506600684208,-10.5044015541778,5.565));
#6749=CARTESIAN_POINT('Origin',(-41.3762226644938,-12.2491376329395,1.51));
#6750=CARTESIAN_POINT('',(-42.5762226644937,-12.2491376329395,5.565));
#6751=CARTESIAN_POINT('Origin',(-41.3762226644938,-12.2491376329395,5.565));
#6752=CARTESIAN_POINT('',(-42.5762226644937,-12.2491376329395,1.51));
#6753=CARTESIAN_POINT('Origin',(-41.3762226644938,-16.9603158295269,1.51));
#6754=CARTESIAN_POINT('',(-40.7762226644938,-15.9210853449855,5.565));
#6755=CARTESIAN_POINT('',(-42.5762226644937,-16.9603158295269,5.565));
#6756=CARTESIAN_POINT('Origin',(-41.3762226644938,-16.9603158295269,5.565));
#6757=CARTESIAN_POINT('',(-42.5762226644937,-16.9603158295269,1.51));
#6758=CARTESIAN_POINT('',(-40.7762226644938,-15.9210853449855,1.51));
#6759=CARTESIAN_POINT('Origin',(-42.5762226644937,16.545,1.51));
#6760=CARTESIAN_POINT('',(-42.5762226644937,-1.82950687293652,5.565));
#6761=CARTESIAN_POINT('',(-42.5762226644937,-1.82950687293652,1.51));
#6762=CARTESIAN_POINT('',(-42.5762226644937,2.25053019065569,5.565));
#6763=CARTESIAN_POINT('',(-42.5762226644938,-10.4587661102194,5.565));
#6764=CARTESIAN_POINT('',(-42.5762226644937,2.25053019065569,1.51));
#6765=CARTESIAN_POINT('',(-42.5762226644937,13.665,5.565));
#6766=CARTESIAN_POINT('',(-42.5762226644937,13.665,1.51));
#6767=CARTESIAN_POINT('',(-42.5762226644937,17.745,5.565));
#6768=CARTESIAN_POINT('',(-42.5762226644938,-10.4587661102194,5.565));
#6769=CARTESIAN_POINT('',(-42.5762226644937,17.745,1.51));
#6770=CARTESIAN_POINT('',(-42.5762226644937,20.9175322204389,7.165));
#6771=CARTESIAN_POINT('',(-42.5762226644937,20.9175322204389,1.51));
#6772=CARTESIAN_POINT('',(-42.5762226644938,-20.9175322204389,7.165));
#6773=CARTESIAN_POINT('',(-42.5762226644938,-10.4587661102194,7.165));
#6774=CARTESIAN_POINT('',(-42.5762226644938,-20.9175322204389,1.51));
#6775=CARTESIAN_POINT('',(-42.5762226644938,-10.4587661102194,5.565));
#6776=CARTESIAN_POINT('Origin',(-41.3762226644938,-1.82950687293652,1.51));
#6777=CARTESIAN_POINT('',(-41.3711085347729,-0.629517770620502,5.565));
#6778=CARTESIAN_POINT('Origin',(-41.3762226644938,-1.82950687293652,5.565));
#6779=CARTESIAN_POINT('',(-41.3711085347729,-0.629517770620502,1.51));
#6780=CARTESIAN_POINT('Origin',(-41.3762226644937,13.665,1.51));
#6781=CARTESIAN_POINT('',(-41.3762226644937,14.865,5.565));
#6782=CARTESIAN_POINT('Origin',(-41.3762226644937,13.665,5.565));
#6783=CARTESIAN_POINT('',(-41.3762226644937,14.865,1.51));
#6784=CARTESIAN_POINT('Origin',(-36.042013109065,26.9682806161361,1.51));
#6785=CARTESIAN_POINT('',(-35.0027826245237,27.5682806161361,5.565));
#6786=CARTESIAN_POINT('Origin',(-36.042013109065,26.9682806161361,5.565));
#6787=CARTESIAN_POINT('',(-35.0027826245237,27.5682806161361,1.51));
#6788=CARTESIAN_POINT('Origin',(-27.8742202153965,13.665,1.51));
#6789=CARTESIAN_POINT('',(-27.2558809610312,14.6934243124854,5.565));
#6790=CARTESIAN_POINT('',(-27.2558809610312,14.6934243124854,1.51));
#6791=CARTESIAN_POINT('',(-27.8742202153965,14.865,5.565));
#6792=CARTESIAN_POINT('Origin',(-27.8742202153965,13.665,5.565));
#6793=CARTESIAN_POINT('',(-27.8742202153965,14.865,1.51));
#6794=CARTESIAN_POINT('Origin',(-27.5412463283852,14.8649999999999,1.51));
#6795=CARTESIAN_POINT('',(-18.7742935634905,9.5938770112798,3.765));
#6796=CARTESIAN_POINT('',(-18.7742935634905,9.5938770112798,1.51));
#6797=CARTESIAN_POINT('',(-22.3421989237322,11.7390771133333,3.765));
#6798=CARTESIAN_POINT('',(-17.8433580029804,9.03415278718323,3.765));
#6799=CARTESIAN_POINT('',(-23.8848353924604,12.6665859948809,5.565));
#6800=CARTESIAN_POINT('',(-23.5444747202744,12.461944426513,5.1678557457611));
#6801=CARTESIAN_POINT('',(-14.1446982985695,6.81033674548625,5.565));
#6802=CARTESIAN_POINT('Origin',(-41.3762226644937,2.25053019065569,1.51));
#6803=CARTESIAN_POINT('',(-41.3813367955362,1.05054108834531,5.565));
#6804=CARTESIAN_POINT('Origin',(-41.3762226644937,2.25053019065569,5.565));
#6805=CARTESIAN_POINT('',(-41.3813367955362,1.05054108834531,1.51));
#6806=CARTESIAN_POINT('Origin',(-19.9769770987846,0.959319676285104,1.51));
#6807=CARTESIAN_POINT('',(-22.7867359484445,0.971294347494431,5.565));
#6808=CARTESIAN_POINT('',(-10.4905000228389,0.918890070045781,5.565));
#6809=CARTESIAN_POINT('',(-21.094373177585,0.964081811176448,3.87451539937293));
#6810=CARTESIAN_POINT('Ctrl Pts',(-21.094373177585,0.964081811176448,3.87451539937293));
#6811=CARTESIAN_POINT('Ctrl Pts',(-21.3581225050225,0.965205861903479,4.13794838973521));
#6812=CARTESIAN_POINT('Ctrl Pts',(-21.6220970400945,0.966330872423687,4.40161824995553));
#6813=CARTESIAN_POINT('Ctrl Pts',(-22.1859679549474,0.968733985705341,4.96486116698812));
#6814=CARTESIAN_POINT('Ctrl Pts',(-22.4865416323976,0.970014974983862,5.26511393452276));
#6815=CARTESIAN_POINT('Ctrl Pts',(-22.7867359484445,0.971294347494426,5.565));
#6816=CARTESIAN_POINT('',(-21.094373177585,0.964081811176445,1.51));
#6817=CARTESIAN_POINT('Origin',(-41.3762226644937,17.745,1.51));
#6818=CARTESIAN_POINT('',(-41.3762226644937,16.545,5.565));
#6819=CARTESIAN_POINT('Origin',(-41.3762226644937,17.745,5.565));
#6820=CARTESIAN_POINT('',(-41.3762226644937,16.545,1.51));
#6821=CARTESIAN_POINT('Origin',(-33.8,16.545,1.51));
#6822=CARTESIAN_POINT('',(-33.8,16.545,5.565));
#6823=CARTESIAN_POINT('',(-16.9,16.545,5.565));
#6824=CARTESIAN_POINT('',(-33.8,16.545,1.51));
#6825=CARTESIAN_POINT('Origin',(-32.5086294616245,29.0082806161361,1.51));
#6826=CARTESIAN_POINT('',(-33.5478599461658,28.4082806161361,5.565));
#6827=CARTESIAN_POINT('Origin',(-32.5086294616245,29.0082806161361,5.565));
#6828=CARTESIAN_POINT('',(-33.5478599461658,28.4082806161361,1.51));
#6829=CARTESIAN_POINT('Origin',(-26.4984106784441,16.1982763190628,1.51));
#6830=CARTESIAN_POINT('',(-26.6534898775014,16.4668813710271,5.565));
#6831=CARTESIAN_POINT('',(-19.6790796461815,4.38684849755288,5.565));
#6832=CARTESIAN_POINT('',(-26.6534898775014,16.4668813710271,1.51));
#6833=CARTESIAN_POINT('Origin',(-25.61425939296,17.0668813710271,1.51));
#6834=CARTESIAN_POINT('',(-26.2325986473249,16.0384570585415,5.565));
#6835=CARTESIAN_POINT('Origin',(-25.61425939296,17.0668813710271,5.565));
#6836=CARTESIAN_POINT('',(-26.2325986473249,16.0384570585415,1.51));
#6837=CARTESIAN_POINT('Origin',(9.08684092119793,42.5308565348538,1.51));
#6838=CARTESIAN_POINT('',(9.08684092119793,41.3308565348538,5.765));
#6839=CARTESIAN_POINT('',(9.68684092119793,43.5700870193951,5.765));
#6840=CARTESIAN_POINT('Origin',(9.08684092119793,42.5308565348538,5.765));
#6841=CARTESIAN_POINT('',(9.68684092119793,43.5700870193951,1.51));
#6842=CARTESIAN_POINT('',(9.08684092119793,41.3308565348538,1.51));
#6843=CARTESIAN_POINT('Origin',(3.17299704486733,47.3308565348538,1.51));
#6844=CARTESIAN_POINT('',(16.753608216079,39.4900870193951,5.765));
#6845=CARTESIAN_POINT('',(12.2305541885571,42.1014734797441,5.765));
#6846=CARTESIAN_POINT('',(16.753608216079,39.4900870193951,1.51));
#6847=CARTESIAN_POINT('',(19.384448893664,37.9711704459964,5.565));
#6848=CARTESIAN_POINT('',(19.384448893664,37.9711704459964,1.51));
#6849=CARTESIAN_POINT('',(22.9179403300167,35.9311082140389,5.565));
#6850=CARTESIAN_POINT('',(12.2305541885571,42.1014734797441,5.565));
#6851=CARTESIAN_POINT('',(22.9179403300167,35.9311082140389,1.51));
#6852=CARTESIAN_POINT('',(33.0922865729444,30.0569466718561,5.565));
#6853=CARTESIAN_POINT('',(33.0922865729444,30.0569466718561,1.51));
#6854=CARTESIAN_POINT('',(36.625670220385,28.0169466718561,5.565));
#6855=CARTESIAN_POINT('',(12.2305541885571,42.1014734797441,5.565));
#6856=CARTESIAN_POINT('',(36.625670220385,28.0169466718561,1.51));
#6857=CARTESIAN_POINT('',(39.4032256196265,26.4133243144149,7.165));
#6858=CARTESIAN_POINT('',(39.4032256196265,26.4133243144149,1.51));
#6859=CARTESIAN_POINT('',(3.17299704486733,47.3308565348538,7.165));
#6860=CARTESIAN_POINT('',(12.2305541885571,42.1014734797441,7.165));
#6861=CARTESIAN_POINT('',(3.17299704486733,47.3308565348538,1.51));
#6862=CARTESIAN_POINT('Origin',(-9.08684092119788,42.5308565348538,1.51));
#6863=CARTESIAN_POINT('',(-9.08684092119788,41.3308565348538,5.765));
#6864=CARTESIAN_POINT('Origin',(-9.08684092119788,42.5308565348538,5.765));
#6865=CARTESIAN_POINT('',(-9.08684092119788,41.3308565348538,1.51));
#6866=CARTESIAN_POINT('Origin',(13.5653018902806,41.3308565348538,1.51));
#6867=CARTESIAN_POINT('',(6.78265094514029,41.3308565348538,5.765));
#6868=CARTESIAN_POINT('Origin',(-19.1033102901358,36.7478452483679,1.51));
#6869=CARTESIAN_POINT('',(-20.1425378454855,36.1478401748878,5.565));
#6870=CARTESIAN_POINT('Origin',(-19.1033102901358,36.7478452483679,5.565));
#6871=CARTESIAN_POINT('',(-20.1425378454855,36.1478401748878,1.51));
#6872=CARTESIAN_POINT('Origin',(-9.44943109785494,17.6270448089761,1.51));
#6873=CARTESIAN_POINT('',(-15.9960084940788,28.965921635342,5.565));
#6874=CARTESIAN_POINT('',(-7.27512225946515,13.8610738887817,5.565));
#6875=CARTESIAN_POINT('',(-15.0959884730158,27.4070588063495,3.765));
#6876=CARTESIAN_POINT('',(-13.6266419872201,24.8621047319805,0.82637240001764));
#6877=CARTESIAN_POINT('',(-10.0148320681826,18.6063369752539,3.765));
#6878=CARTESIAN_POINT('',(-9.44943109785494,17.6270448089761,3.765));
#6879=CARTESIAN_POINT('',(-10.0148320681826,18.6063369752539,1.51));
#6880=CARTESIAN_POINT('Origin',(-16.1536082160789,38.4508565348538,1.51));
#6881=CARTESIAN_POINT('',(-16.1536082160789,39.6508565348538,5.765));
#6882=CARTESIAN_POINT('Origin',(-16.1536082160789,38.4508565348538,5.765));
#6883=CARTESIAN_POINT('',(-16.1536082160789,39.6508565348538,1.51));
#6884=CARTESIAN_POINT('Origin',(16.153608216079,38.4508565348538,1.51));
#6885=CARTESIAN_POINT('',(16.153608216079,39.6508565348538,5.765));
#6886=CARTESIAN_POINT('Origin',(16.153608216079,38.4508565348538,5.765));
#6887=CARTESIAN_POINT('',(16.153608216079,39.6508565348538,1.51));
#6888=CARTESIAN_POINT('Origin',(-16.4751472469963,39.6508565348538,1.51));
#6889=CARTESIAN_POINT('',(-8.23757362349813,39.6508565348538,5.765));
#6890=CARTESIAN_POINT('Origin',(18.784448893664,36.9319399614551,1.51));
#6891=CARTESIAN_POINT('',(19.8283341694044,36.3400755081446,5.565));
#6892=CARTESIAN_POINT('Origin',(18.784448893664,36.9319399614551,5.565));
#6893=CARTESIAN_POINT('',(19.8283341694044,36.3400755081446,1.51));
#6894=CARTESIAN_POINT('Origin',(32.4922865729444,29.0177161873148,1.51));
#6895=CARTESIAN_POINT('',(33.5315170574858,28.4177161873148,5.565));
#6896=CARTESIAN_POINT('Origin',(32.4922865729444,29.0177161873148,5.565));
#6897=CARTESIAN_POINT('',(33.5315170574858,28.4177161873148,1.51));
#6898=CARTESIAN_POINT('Origin',(41.3762226644938,17.726946,1.51));
#6899=CARTESIAN_POINT('',(41.3762226644938,16.526946,5.565));
#6900=CARTESIAN_POINT('Origin',(41.3762226644938,17.726946,5.565));
#6901=CARTESIAN_POINT('',(41.3762226644938,16.526946,1.51));
#6902=CARTESIAN_POINT('Origin',(41.3762226644938,2.28748517391686,1.51));
#6903=CARTESIAN_POINT('',(41.3794439405263,1.08748949751602,5.565));
#6904=CARTESIAN_POINT('Origin',(41.3762226644938,2.28748517391686,5.565));
#6905=CARTESIAN_POINT('',(41.3794439405263,1.08748949751602,1.51));
#6906=CARTESIAN_POINT('Origin',(22.3179403300167,34.8918777294976,1.51));
#6907=CARTESIAN_POINT('',(21.2740550542763,35.4837421828081,5.565));
#6908=CARTESIAN_POINT('Origin',(22.3179403300167,34.8918777294976,5.565));
#6909=CARTESIAN_POINT('',(21.2740550542763,35.4837421828081,1.51));
#6910=CARTESIAN_POINT('Origin',(10.7263936534901,16.8805833544807,1.51));
#6911=CARTESIAN_POINT('',(15.8492360660026,25.9158611692728,5.565));
#6912=CARTESIAN_POINT('',(7.91788549274539,11.9271513661261,5.565));
#6913=CARTESIAN_POINT('',(14.9614393860369,24.3500332556622,3.765));
#6914=CARTESIAN_POINT('',(13.8465741349302,22.3837191552706,1.5046204589662));
#6915=CARTESIAN_POINT('',(11.2740087024491,17.846424913616,3.765));
#6916=CARTESIAN_POINT('',(10.7263936534901,16.8805833544807,3.765));
#6917=CARTESIAN_POINT('',(11.2740087024491,17.846424913616,1.51));
#6918=CARTESIAN_POINT('Origin',(36.025670220385,26.9777161873148,1.51));
#6919=CARTESIAN_POINT('',(34.9864397358436,27.5777161873148,5.565));
#6920=CARTESIAN_POINT('Origin',(36.025670220385,26.9777161873148,5.565));
#6921=CARTESIAN_POINT('',(34.9864397358436,27.5777161873148,1.51));
#6922=CARTESIAN_POINT('Origin',(31.1870302285153,20.9969458818619,1.51));
#6923=CARTESIAN_POINT('',(31.1870302285153,20.9969458818619,5.565));
#6924=CARTESIAN_POINT('',(22.7426793160561,6.37090106454183,5.565));
#6925=CARTESIAN_POINT('',(31.1870302285153,20.9969458818619,1.51));
#6926=CARTESIAN_POINT('Origin',(41.3762226644938,-1.79252952637323,1.51));
#6927=CARTESIAN_POINT('',(41.3730013884612,-0.592533849972383,5.565));
#6928=CARTESIAN_POINT('Origin',(41.3762226644938,-1.79252952637323,5.565));
#6929=CARTESIAN_POINT('',(41.3730013884612,-0.592533849972383,1.51));
#6930=CARTESIAN_POINT('Origin',(17.9477800808151,-0.655416663168166,1.51));
#6931=CARTESIAN_POINT('',(22.8099833828508,-0.642364533672937,5.565));
#6932=CARTESIAN_POINT('',(10.5056658287444,-0.675394322040567,5.565));
#6933=CARTESIAN_POINT('',(21.0094429340592,-0.647197915915345,3.765));
#6934=CARTESIAN_POINT('Ctrl Pts',(21.0094429340592,-0.647197915915342,3.765));
#6935=CARTESIAN_POINT('Ctrl Pts',(21.3094081558145,-0.646392687364578,4.06486737816104));
#6936=CARTESIAN_POINT('Ctrl Pts',(21.6097677037588,-0.645586400282082,4.36513318974725));
#6937=CARTESIAN_POINT('Ctrl Pts',(22.2096908155917,-0.643975962861758,4.96487653669831));
#6938=CARTESIAN_POINT('Ctrl Pts',(22.5100240911074,-0.643169746305135,5.26512355358863));
#6939=CARTESIAN_POINT('Ctrl Pts',(22.8099833828508,-0.642364533672934,5.565));
#6940=CARTESIAN_POINT('',(18.617901621546,-0.653617784638447,3.765));
#6941=CARTESIAN_POINT('',(17.9477800808151,-0.655416663168166,3.765));
#6942=CARTESIAN_POINT('',(18.617901621546,-0.653617784638447,1.51));
#6943=CARTESIAN_POINT('Origin',(41.3762226644938,13.646946,1.51));
#6944=CARTESIAN_POINT('Origin',(41.3762226644938,13.646946,5.565));
#6945=CARTESIAN_POINT('Origin',(8.27630493099231,-6.59195527332456,1.51));
#6946=CARTESIAN_POINT('',(8.27595730051287,-5.39195748524596,3.765));
#6947=CARTESIAN_POINT('',(7.13818383469275,-6.21158654411844,3.765));
#6948=CARTESIAN_POINT('Origin',(8.27630493099231,-6.59195527332456,3.765));
#6949=CARTESIAN_POINT('',(7.13818383469275,-6.21158654411844,1.51));
#6950=CARTESIAN_POINT('',(8.27595730051287,-5.39195748524596,1.51));
#6951=CARTESIAN_POINT('Origin',(14.3589089727547,-5.60378108151576,1.51));
#6952=CARTESIAN_POINT('',(13.8326167737282,-4.52534864448327,3.765));
#6953=CARTESIAN_POINT('',(13.8326167737282,-4.52534864448327,1.51));
#6954=CARTESIAN_POINT('Origin',(14.3589089727547,-5.60378108151576,3.765));
#6955=CARTESIAN_POINT('Origin',(9.65006157950398,4.04518156567979,1.51));
#6956=CARTESIAN_POINT('',(17.6184572356039,-1.19432477594228,3.765));
#6957=CARTESIAN_POINT('',(17.6184572356039,-1.19432477594228,1.51));
#6958=CARTESIAN_POINT('Origin',(9.65006157950398,4.04518156567979,3.765));
#6959=CARTESIAN_POINT('Origin',(18.6211228975785,-1.85361346103929,1.51));
#6960=CARTESIAN_POINT('Origin',(18.6211228975785,-1.85361346103929,3.765));
#6961=CARTESIAN_POINT('Origin',(20.2322861031631,2.23072625601603,1.51));
#6962=CARTESIAN_POINT('',(19.0495460927028,2.43352188628577,3.765));
#6963=CARTESIAN_POINT('',(19.0495460927028,2.43352188628577,1.51));
#6964=CARTESIAN_POINT('',(20.2355073791956,1.03073057961518,3.765));
#6965=CARTESIAN_POINT('Origin',(20.2322861031631,2.23072625601603,3.765));
#6966=CARTESIAN_POINT('',(20.2355073791956,1.03073057961518,1.51));
#6967=CARTESIAN_POINT('Origin',(9.65006157950398,4.04518156567979,1.51));
#6968=CARTESIAN_POINT('',(18.4452356450462,7.73200529252954,3.765));
#6969=CARTESIAN_POINT('',(18.4452356450462,7.73200529252954,1.51));
#6970=CARTESIAN_POINT('Origin',(9.65006157950398,4.04518156567979,3.765));
#6971=CARTESIAN_POINT('Origin',(19.2957751322444,8.78204535401195,1.51));
#6972=CARTESIAN_POINT('',(18.5459418784142,9.71892853320256,3.765));
#6973=CARTESIAN_POINT('',(18.2035752249305,8.28495445441357,3.765));
#6974=CARTESIAN_POINT('Origin',(19.2957751322444,8.78204535401195,3.765));
#6975=CARTESIAN_POINT('',(18.2035752249305,8.28495445441357,1.51));
#6976=CARTESIAN_POINT('',(18.7012275501427,9.82440477984209,3.95165574572542));
#6977=CARTESIAN_POINT('',(18.7012275501427,9.82440477984209,1.51));
#6978=CARTESIAN_POINT('Ctrl Pts',(18.7012275501474,9.82440477984532,3.95165574571969));
#6979=CARTESIAN_POINT('Ctrl Pts',(18.6771121626913,9.81064969215852,3.92390399148857));
#6980=CARTESIAN_POINT('Ctrl Pts',(18.6534422895263,9.79603932100173,3.89614222196373));
#6981=CARTESIAN_POINT('Ctrl Pts',(18.630268273107,9.78059443690169,3.8684253470707));
#6982=CARTESIAN_POINT('Ctrl Pts',(18.6013555580532,9.76132485820879,3.83384480257372));
#6983=CARTESIAN_POINT('Ctrl Pts',(18.5732147373,9.74075633091933,3.79933414075575));
#6984=CARTESIAN_POINT('Ctrl Pts',(18.5459418784142,9.71892853320256,3.765));
#6985=CARTESIAN_POINT('Origin',(17.7238478690101,9.26692075675671,1.51));
#6986=CARTESIAN_POINT('',(20.1031338815558,10.6240330069395,5.565));
#6987=CARTESIAN_POINT('',(9.45081207826688,4.54809411774944,5.565));
#6988=CARTESIAN_POINT('Ctrl Pts',(18.7012275501427,9.82440477984209,3.95165574572542));
#6989=CARTESIAN_POINT('Ctrl Pts',(18.907840404706,9.94225393059344,4.18942381690769));
#6990=CARTESIAN_POINT('Ctrl Pts',(19.1145775860446,10.0601739956397,4.42733804963503));
#6991=CARTESIAN_POINT('Ctrl Pts',(19.5816713474119,10.3265978985219,4.96487831091316));
#6992=CARTESIAN_POINT('Ctrl Pts',(19.8425651976156,10.4754081879288,5.26512429400786));
#6993=CARTESIAN_POINT('Ctrl Pts',(20.1031338815558,10.6240330069395,5.565));
#6994=CARTESIAN_POINT('Origin',(17.2561449565718,12.3157043965621,1.51));
#6995=CARTESIAN_POINT('',(17.6813001309973,11.1935443911888,3.765));
#6996=CARTESIAN_POINT('Ctrl Pts',(17.6813001309973,11.1935443911888,3.765));
#6997=CARTESIAN_POINT('Ctrl Pts',(17.7078097954712,11.2035881647768,3.79273255086511));
#6998=CARTESIAN_POINT('Ctrl Pts',(17.7339955203317,11.2145834327769,3.82070921452882));
#6999=CARTESIAN_POINT('Ctrl Pts',(17.7598051693221,11.2265182944785,3.8488776103485));
#7000=CARTESIAN_POINT('Ctrl Pts',(17.7779434507258,11.2349057731358,3.86867355140364));
#7001=CARTESIAN_POINT('Ctrl Pts',(17.7958959692235,11.2437573118643,3.88856418658266));
#7002=CARTESIAN_POINT('Ctrl Pts',(17.8136443356872,11.2530687853166,3.90853133508789));
#7003=CARTESIAN_POINT('Ctrl Pts',(17.8261112646996,11.2596094142117,3.92255679616369));
#7004=CARTESIAN_POINT('Ctrl Pts',(17.8384625951572,11.2663691779605,3.93660328649816));
#7005=CARTESIAN_POINT('Ctrl Pts',(17.8506925386909,11.2733449707411,3.95066415424814));
#7006=CARTESIAN_POINT('',(16.2793951343064,11.6185962380209,3.765));
#7007=CARTESIAN_POINT('',(16.2793951343064,11.6185962380209,1.51));
#7008=CARTESIAN_POINT('Origin',(17.2561449565718,12.3157043965621,3.765));
#7009=CARTESIAN_POINT('Origin',(0.000129850672473471,5.44317300206672E-5,
1.51));
#7010=CARTESIAN_POINT('',(11.6206661507668,16.2778960570085,3.765));
#7011=CARTESIAN_POINT('',(11.6206661507668,16.2778960570085,1.51));
#7012=CARTESIAN_POINT('Origin',(0.000129850672473471,5.44317300206672E-5,
3.765));
#7013=CARTESIAN_POINT('Origin',(12.3178939781894,17.2545604603055,1.51));
#7014=CARTESIAN_POINT('Origin',(12.3178939781894,17.2545604603055,3.765));
#7015=CARTESIAN_POINT('Origin',(8.78441982937938,19.294653182709,1.51));
#7016=CARTESIAN_POINT('',(8.28719879527772,18.2025125126272,3.765));
#7017=CARTESIAN_POINT('',(8.28719879527772,18.2025125126272,1.51));
#7018=CARTESIAN_POINT('',(9.82830510511973,18.7027887293986,3.765));
#7019=CARTESIAN_POINT('Origin',(8.78441982937938,19.294653182709,3.765));
#7020=CARTESIAN_POINT('',(9.82830510511973,18.7027887293986,1.51));
#7021=CARTESIAN_POINT('Origin',(0.000129850672473471,5.44317300206672E-5,
1.51));
#7022=CARTESIAN_POINT('',(-8.46754706790999,18.1192000926591,3.765));
#7023=CARTESIAN_POINT('',(-8.46754706790999,18.1192000926591,1.51));
#7024=CARTESIAN_POINT('Origin',(0.000129850672473471,5.44317300206672E-5,
3.765));
#7025=CARTESIAN_POINT('Origin',(-8.97560451283293,19.206342048734,1.51));
#7026=CARTESIAN_POINT('Origin',(-8.97560451283293,19.206342048734,3.765));
#7027=CARTESIAN_POINT('Origin',(-17.3917391339135,12.1230979693194,1.51));
#7028=CARTESIAN_POINT('',(-18.0100783882784,11.0946736568338,3.765));
#7029=CARTESIAN_POINT('',(-18.0100783882784,11.0946736568338,1.51));
#7030=CARTESIAN_POINT('',(-16.4072995147254,11.4368919971997,3.765));
#7031=CARTESIAN_POINT('Origin',(-17.3917391339135,12.1230979693194,3.765));
#7032=CARTESIAN_POINT('',(-16.4072995147254,11.4368919971997,1.51));
#7033=CARTESIAN_POINT('Origin',(-17.0218026721456,10.5004737123153,1.51));
#7034=CARTESIAN_POINT('',(-23.0191604363493,14.1063800323577,5.565));
#7035=CARTESIAN_POINT('',(-10.6794996401299,6.68716933963433,5.565));
#7036=CARTESIAN_POINT('',(-21.4765239676207,13.1788711508106,3.765));
#7037=CARTESIAN_POINT('',(-20.2653575891313,12.4506583827001,2.35177042486985));
#7038=CARTESIAN_POINT('',(-17.0218026721456,10.5004737123153,3.765));
#7039=CARTESIAN_POINT('Origin',(-21.0892590465426,2.16407091348683,1.51));
#7040=CARTESIAN_POINT('',(-20.9844540356437,0.968656378820929,3.765));
#7041=CARTESIAN_POINT('',(-19.8955270794213,2.04158013557758,3.765));
#7042=CARTESIAN_POINT('Origin',(-21.0892590465426,2.16407091348683,3.765));
#7043=CARTESIAN_POINT('',(-19.8955270794213,2.04158013557758,1.51));
#7044=CARTESIAN_POINT('Ctrl Pts',(-21.0943731775933,0.964081811176219,3.87451539936432));
#7045=CARTESIAN_POINT('Ctrl Pts',(-21.0712659543795,0.963983332475543,3.85143589062078));
#7046=CARTESIAN_POINT('Ctrl Pts',(-21.048175155261,0.964552388476148,3.82840849129869));
#7047=CARTESIAN_POINT('Ctrl Pts',(-21.0251298205158,0.965785713304068,3.80546253778313));
#7048=CARTESIAN_POINT('Ctrl Pts',(-21.0115534955627,0.966512281992342,3.79194475968479));
#7049=CARTESIAN_POINT('Ctrl Pts',(-20.997992942096,0.967469388703995,3.77845524776743));
#7050=CARTESIAN_POINT('Ctrl Pts',(-20.9844540356436,0.968656378820938,3.76499999999994));
#7051=CARTESIAN_POINT('Origin',(-12.4886785624746,17.1311651899675,1.51));
#7052=CARTESIAN_POINT('',(-11.7817690400277,16.1614853834984,3.765));
#7053=CARTESIAN_POINT('',(-11.7817690400277,16.1614853834984,1.51));
#7054=CARTESIAN_POINT('',(-11.4494510071249,17.7311702634476,3.765));
#7055=CARTESIAN_POINT('Origin',(-12.4886785624746,17.1311651899675,3.765));
#7056=CARTESIAN_POINT('',(-11.4494510071248,17.7311702634476,1.51));
#7057=CARTESIAN_POINT('Origin',(0.000129850672473471,5.44317300206672E-5,
1.51));
#7058=CARTESIAN_POINT('Origin',(0.000129850672473471,5.44317300206672E-5,
3.765));
#7059=CARTESIAN_POINT('Origin',(-19.3926328178558,8.56545269879442,1.51));
#7060=CARTESIAN_POINT('',(-18.2949357323193,8.08062168864268,3.765));
#7061=CARTESIAN_POINT('',(-18.2949357323193,8.08062168864268,1.51));
#7062=CARTESIAN_POINT('Origin',(-19.3926328178558,8.56545269879442,3.765));
#7063=CARTESIAN_POINT('Origin',(0.000129850672473471,5.44317300206672E-5,
1.51));
#7064=CARTESIAN_POINT('Origin',(0.000129850672473471,5.44317300206672E-5,
3.765));
#7065=CARTESIAN_POINT('Origin',(-21.1132438329114,-1.91586390907672,1.51));
#7066=CARTESIAN_POINT('',(-21.1081297031905,-0.715874806760704,3.86534436611532));
#7067=CARTESIAN_POINT('',(-21.007628294573,-0.720520712307906,3.765));
#7068=CARTESIAN_POINT('Ctrl Pts',(-21.007628294572,-0.720520712307993,3.76499999999904));
#7069=CARTESIAN_POINT('Ctrl Pts',(-21.0222216151294,-0.719231307381447,
3.77955405034654));
#7070=CARTESIAN_POINT('Ctrl Pts',(-21.0368485057676,-0.718208267230436,
3.79414890920135));
#7071=CARTESIAN_POINT('Ctrl Pts',(-21.0515017348814,-0.717453332928297,
3.80877723208141));
#7072=CARTESIAN_POINT('Ctrl Pts',(-21.0703393611661,-0.716482818501555,
3.82758283987258));
#7073=CARTESIAN_POINT('Ctrl Pts',(-21.0892205218323,-0.715955394164387,
3.84644375259444));
#7074=CARTESIAN_POINT('Ctrl Pts',(-21.1081297031933,-0.715874806760539,
3.86534436611253));
#7075=CARTESIAN_POINT('',(-21.1081297031905,-0.715874806760705,1.51));
#7076=CARTESIAN_POINT('',(-19.9181542443649,-1.80741633949745,3.765));
#7077=CARTESIAN_POINT('',(-19.9181542443649,-1.80741633949745,1.51));
#7078=CARTESIAN_POINT('Origin',(-21.1132438329114,-1.91586390907672,3.765));
#7079=CARTESIAN_POINT('Origin',(0.000129850672473471,5.44317300206672E-5,
1.51));
#7080=CARTESIAN_POINT('',(-19.1012720743066,-5.92796685533243,3.765));
#7081=CARTESIAN_POINT('',(-19.1012720743066,-5.92796685533243,1.51));
#7082=CARTESIAN_POINT('Origin',(0.000129850672473471,5.44317300206672E-5,
3.765));
#7083=CARTESIAN_POINT('Origin',(-19.1054384412114,-8.99112276627751,1.51));
#7084=CARTESIAN_POINT('',(-18.5096012330565,-10.032745548948,3.765));
#7085=CARTESIAN_POINT('',(-18.5096012330565,-10.032745548948,1.51));
#7086=CARTESIAN_POINT('',(-18.0508066324975,-8.41862669812602,3.765));
#7087=CARTESIAN_POINT('Origin',(-19.1054384412114,-8.99112276627751,3.765));
#7088=CARTESIAN_POINT('',(-18.0508066324975,-8.41862669812602,1.51));
#7089=CARTESIAN_POINT('Origin',(-17.4475495273053,-9.42522242848719,1.51));
#7090=CARTESIAN_POINT('',(-20.1062813598327,-10.946090998839,5.565));
#7091=CARTESIAN_POINT('',(-9.39126482398231,-4.81680346378024,5.565));
#7092=CARTESIAN_POINT('',(-18.543212963083,-10.0519723935538,3.765));
#7093=CARTESIAN_POINT('Ctrl Pts',(-18.543212963083,-10.0519723935538,3.765));
#7094=CARTESIAN_POINT('Ctrl Pts',(-18.8036185477829,-10.2009316321159,4.06486771688338));
#7095=CARTESIAN_POINT('Ctrl Pts',(-19.0643658982955,-10.3500863702303,4.36513465009385));
#7096=CARTESIAN_POINT('Ctrl Pts',(-19.585165478237,-10.647998217862,4.96487800637636));
#7097=CARTESIAN_POINT('Ctrl Pts',(-19.845886012395,-10.7971376162756,5.26512403767079));
#7098=CARTESIAN_POINT('Ctrl Pts',(-20.1062813598327,-10.946090998839,5.565));
#7099=CARTESIAN_POINT('',(-17.4475495273053,-9.42522242848719,3.765));
#7100=CARTESIAN_POINT('Origin',(-16.6697582792407,-12.298203976139,1.51));
#7101=CARTESIAN_POINT('',(-15.8101777745379,-11.4608740794227,3.765));
#7102=CARTESIAN_POINT('',(-15.8101777745379,-11.4608740794227,1.51));
#7103=CARTESIAN_POINT('Origin',(-16.6697582792407,-12.298203976139,3.765));
#7104=CARTESIAN_POINT('Origin',(-5.93584807271099,-1.84214561345795,1.51));
#7105=CARTESIAN_POINT('',(-10.7837037100448,-14.7464325012295,3.765));
#7106=CARTESIAN_POINT('',(-10.7837037100448,-14.7464325012295,1.51));
#7107=CARTESIAN_POINT('Origin',(-5.93584807271099,-1.84214561345795,3.765));
#7108=CARTESIAN_POINT('Origin',(-11.2057194135203,-15.8697769479688,1.51));
#7109=CARTESIAN_POINT('Origin',(-11.2057194135203,-15.8697769479688,3.765));
#7110=CARTESIAN_POINT('Origin',(-7.01929145170817,-16.7877849524137,1.51));
#7111=CARTESIAN_POINT('',(-6.93252839997622,-15.5909256570685,3.765));
#7112=CARTESIAN_POINT('',(-6.93252839997622,-15.5909256570685,1.51));
#7113=CARTESIAN_POINT('',(-8.05642096799817,-16.1841605936938,3.765));
#7114=CARTESIAN_POINT('Origin',(-7.01929145170817,-16.7877849524137,3.765));
#7115=CARTESIAN_POINT('',(-8.05642096799817,-16.1841605936938,1.51));
#7116=CARTESIAN_POINT('Origin',(-5.93584807271099,-1.84214561345795,1.51));
#7117=CARTESIAN_POINT('',(6.84684744549807,-7.002089377793,3.765));
#7118=CARTESIAN_POINT('Origin',(-5.93584807271099,-1.84214561345795,3.765));
#7119=CARTESIAN_POINT('',(6.84684744549807,-7.002089377793,2.51));
#7120=CARTESIAN_POINT('',(6.84684744549807,-7.002089377793,1.51));
#7121=CARTESIAN_POINT('',(2.93954330259488,-12.3896454260907,2.51));
#7122=CARTESIAN_POINT('Origin',(-5.93584807271099,-1.84214561345795,2.51));
#7123=CARTESIAN_POINT('',(2.93954330259488,-12.3896454260907,3.765));
#7124=CARTESIAN_POINT('',(2.93954330259488,-12.3896454260907,1.51));
#7125=CARTESIAN_POINT('Origin',(-5.93584807271099,-1.84214561345795,3.765));
#7126=CARTESIAN_POINT('Origin',(3.71216419213321,-13.3078267595151,1.51));
#7127=CARTESIAN_POINT('Origin',(3.71216419213321,-13.3078267595151,2.51));
#7128=CARTESIAN_POINT('Origin',(3.71216419213321,-13.3078267595151,3.765));
#7129=CARTESIAN_POINT('Origin',(7.95960711595665,-7.45127298813615,1.51));
#7130=CARTESIAN_POINT('',(6.91902519180611,-8.04892611423116,2.51));
#7131=CARTESIAN_POINT('Origin',(7.95960711595665,-7.45127298813615,2.51));
#7132=CARTESIAN_POINT('',(6.91902519180611,-8.04892611423116,3.765));
#7133=CARTESIAN_POINT('Origin',(7.95960711595665,-7.45127298813615,3.765));
#7134=CARTESIAN_POINT('',(6.91902519180611,-8.04892611423116,1.51));
#7135=CARTESIAN_POINT('Origin',(-31.2805911542945,-32.8118863063045,1.71));
#7136=CARTESIAN_POINT('',(-3.6231516881516,-49.0108565348538,1.91));
#7137=CARTESIAN_POINT('',(-3.51597201117914,-48.6108565348538,1.51));
#7138=CARTESIAN_POINT('',(-40.6330709763422,-27.6431696711306,1.91));
#7139=CARTESIAN_POINT('',(-31.3805911542945,-32.9850913870614,1.91));
#7140=CARTESIAN_POINT('',(-40.3402506533146,-27.3503493481031,1.51));
#7141=CARTESIAN_POINT('Origin',(-1.8115758440758,-48.8108565348538,1.71));
#7142=CARTESIAN_POINT('',(3.62315168815158,-49.0108565348538,1.91));
#7143=CARTESIAN_POINT('',(3.51597201117913,-48.6108565348538,1.51));
#7144=CARTESIAN_POINT('',(-1.8115758440758,-49.0108565348538,1.91));
#7145=CARTESIAN_POINT('Origin',(12.7756315101992,-43.4957297381661,1.71));
#7146=CARTESIAN_POINT('',(40.6330709763422,-27.6431696711307,1.91));
#7147=CARTESIAN_POINT('',(40.3402506533146,-27.3503493481031,1.51));
#7148=CARTESIAN_POINT('',(12.8756315101992,-43.668934818923,1.91));
#7149=CARTESIAN_POINT('Origin',(41.3656538176232,-25.9742989692788,1.71));
#7150=CARTESIAN_POINT('',(44.2562226644937,-21.3676868637232,1.91));
#7151=CARTESIAN_POINT('',(43.8562226644937,-21.2605071867507,1.51));
#7152=CARTESIAN_POINT('',(41.5388588983801,-26.0742989692788,1.91));
#7153=CARTESIAN_POINT('Origin',(43.177229661699,22.836557565575,1.71));
#7154=CARTESIAN_POINT('',(40.6330709763422,27.6431696711306,1.91));
#7155=CARTESIAN_POINT('',(44.2562226644938,21.3676868637232,1.91));
#7156=CARTESIAN_POINT('',(43.3504347424559,22.936557565575,1.91));
#7157=CARTESIAN_POINT('',(44.2562226644938,21.3676868637232,1.91));
#7158=CARTESIAN_POINT('',(40.3402506533147,27.3503493481031,1.51));
#7159=CARTESIAN_POINT('Origin',(44.0562226644938,-10.6838434318616,1.71));
#7160=CARTESIAN_POINT('',(44.2562226644937,-10.6838434318616,1.91));
#7161=CARTESIAN_POINT('Origin',(31.2805911542946,32.8118863063045,1.71));
#7162=CARTESIAN_POINT('',(3.62315168815162,49.0108565348538,1.91));
#7163=CARTESIAN_POINT('',(31.3805911542946,32.9850913870614,1.91));
#7164=CARTESIAN_POINT('',(3.51597201117917,48.6108565348538,1.51));
#7165=CARTESIAN_POINT('Origin',(1.81157584407581,48.8108565348538,1.71));
#7166=CARTESIAN_POINT('',(-3.62315168815154,49.0108565348538,1.91));
#7167=CARTESIAN_POINT('',(1.81157584407581,49.0108565348538,1.91));
#7168=CARTESIAN_POINT('',(-3.51597201117909,48.6108565348538,1.51));
#7169=CARTESIAN_POINT('Origin',(-12.7756315101992,43.4957297381661,1.71));
#7170=CARTESIAN_POINT('',(-40.6330709763421,27.6431696711307,1.91));
#7171=CARTESIAN_POINT('',(-12.8756315101992,43.668934818923,1.91));
#7172=CARTESIAN_POINT('',(-40.3402506533146,27.3503493481031,1.51));
#7173=CARTESIAN_POINT('Origin',(-41.3656538176231,25.9742989692788,1.71));
#7174=CARTESIAN_POINT('',(-44.2562226644937,21.3676868637232,1.91));
#7175=CARTESIAN_POINT('',(-41.53885889838,26.0742989692788,1.91));
#7176=CARTESIAN_POINT('',(-43.8562226644937,21.2605071867507,1.51));
#7177=CARTESIAN_POINT('Origin',(-44.0562226644937,10.6838434318616,1.71));
#7178=CARTESIAN_POINT('',(-44.2562226644938,-21.3676868637231,1.91));
#7179=CARTESIAN_POINT('',(-44.2562226644937,10.6838434318616,1.91));
#7180=CARTESIAN_POINT('',(-43.8562226644938,-21.2605071867507,1.51));
#7181=CARTESIAN_POINT('Origin',(-43.177229661699,-22.836557565575,1.71));
#7182=CARTESIAN_POINT('',(-43.3504347424559,-22.936557565575,1.91));
#7183=CARTESIAN_POINT('Origin',(-40.6330709763422,-27.6431696711306,1.51));
#7184=CARTESIAN_POINT('',(-3.6231516881516,-49.0108565348538,6.165));
#7185=CARTESIAN_POINT('',(-3.6231516881516,-49.0108565348538,1.51));
#7186=CARTESIAN_POINT('',(-40.6330709763422,-27.6431696711306,6.165));
#7187=CARTESIAN_POINT('',(-31.3805911542945,-32.9850913870614,6.165));
#7188=CARTESIAN_POINT('',(-40.6330709763422,-27.6431696711306,1.51));
#7189=CARTESIAN_POINT('Origin',(-3.6231516881516,-49.0108565348538,1.51));
#7190=CARTESIAN_POINT('',(3.62315168815158,-49.0108565348538,6.165));
#7191=CARTESIAN_POINT('',(3.62315168815158,-49.0108565348538,1.51));
#7192=CARTESIAN_POINT('',(-1.8115758440758,-49.0108565348538,6.165));
#7193=CARTESIAN_POINT('Origin',(3.62315168815158,-49.0108565348538,1.51));
#7194=CARTESIAN_POINT('',(40.6330709763422,-27.6431696711307,6.165));
#7195=CARTESIAN_POINT('',(40.6330709763422,-27.6431696711307,1.51));
#7196=CARTESIAN_POINT('',(12.8756315101992,-43.668934818923,6.165));
#7197=CARTESIAN_POINT('Origin',(40.6330709763422,-27.6431696711307,1.51));
#7198=CARTESIAN_POINT('',(44.2562226644937,-21.3676868637232,6.165));
#7199=CARTESIAN_POINT('',(44.2562226644937,-21.3676868637232,1.51));
#7200=CARTESIAN_POINT('',(41.5388588983801,-26.0742989692788,6.165));
#7201=CARTESIAN_POINT('Origin',(44.2562226644937,-21.3676868637232,1.51));
#7202=CARTESIAN_POINT('',(44.2562226644938,21.3676868637232,6.165));
#7203=CARTESIAN_POINT('',(44.2562226644938,21.3676868637232,1.51));
#7204=CARTESIAN_POINT('',(44.2562226644937,-10.6838434318616,6.165));
#7205=CARTESIAN_POINT('Origin',(44.2562226644938,21.3676868637232,1.51));
#7206=CARTESIAN_POINT('',(40.6330709763422,27.6431696711306,6.165));
#7207=CARTESIAN_POINT('',(40.6330709763422,27.6431696711306,1.51));
#7208=CARTESIAN_POINT('',(43.3504347424559,22.936557565575,6.165));
#7209=CARTESIAN_POINT('Origin',(-31.1305911542945,-32.5520786851692,6.665));
#7210=CARTESIAN_POINT('',(-3.35520249572049,-48.0108565348538,7.165));
#7211=CARTESIAN_POINT('',(-39.9010201687733,-26.9111188635618,7.165));
#7212=CARTESIAN_POINT('',(-30.8805911542945,-32.119065983277,7.165));
#7213=CARTESIAN_POINT('',(-39.9010201687733,-26.9111188635618,7.165));
#7214=CARTESIAN_POINT('',(-3.35520249572049,-48.0108565348538,7.165));
#7215=CARTESIAN_POINT('Origin',(-42.9174220405637,-22.686557565575,6.665));
#7216=CARTESIAN_POINT('',(-43.2562226644938,-21.099737671292,7.165));
#7217=CARTESIAN_POINT('',(-42.4844093386715,-22.436557565575,7.165));
#7218=CARTESIAN_POINT('',(-44.2562226644938,-21.3676868637231,6.165));
#7219=CARTESIAN_POINT('',(-43.2562226644938,-21.099737671292,7.165));
#7220=CARTESIAN_POINT('',(-43.3504347424559,-22.936557565575,6.165));
#7221=CARTESIAN_POINT('Origin',(-43.7562226644937,10.6838434318616,6.665));
#7222=CARTESIAN_POINT('',(-43.2562226644937,21.0997376712921,7.165));
#7223=CARTESIAN_POINT('',(-43.2562226644937,10.6838434318616,7.165));
#7224=CARTESIAN_POINT('',(-44.2562226644937,21.3676868637232,6.165));
#7225=CARTESIAN_POINT('',(-43.2562226644937,21.0997376712921,7.165));
#7226=CARTESIAN_POINT('',(-44.2562226644937,10.6838434318616,6.165));
#7227=CARTESIAN_POINT('Origin',(-41.1058461964878,25.8242989692788,6.665));
#7228=CARTESIAN_POINT('',(-39.9010201687733,26.9111188635618,7.165));
#7229=CARTESIAN_POINT('',(-40.6728334945956,25.5742989692788,7.165));
#7230=CARTESIAN_POINT('',(-40.6330709763421,27.6431696711307,6.165));
#7231=CARTESIAN_POINT('',(-39.9010201687733,26.9111188635618,7.165));
#7232=CARTESIAN_POINT('',(-41.53885889838,26.0742989692788,6.165));
#7233=CARTESIAN_POINT('Origin',(-12.6256315101992,43.2359221170308,6.665));
#7234=CARTESIAN_POINT('',(-3.35520249572042,48.0108565348538,7.165));
#7235=CARTESIAN_POINT('',(-12.3756315101992,42.8029094151386,7.165));
#7236=CARTESIAN_POINT('',(-3.62315168815154,49.0108565348538,6.165));
#7237=CARTESIAN_POINT('',(-3.35520249572042,48.0108565348538,7.165));
#7238=CARTESIAN_POINT('',(-12.8756315101992,43.668934818923,6.165));
#7239=CARTESIAN_POINT('Origin',(1.81157584407581,48.5108565348538,6.665));
#7240=CARTESIAN_POINT('',(3.35520249572049,48.0108565348538,7.165));
#7241=CARTESIAN_POINT('',(1.81157584407581,48.0108565348538,7.165));
#7242=CARTESIAN_POINT('',(3.62315168815162,49.0108565348538,6.165));
#7243=CARTESIAN_POINT('',(3.35520249572049,48.0108565348538,7.165));
#7244=CARTESIAN_POINT('',(1.81157584407581,49.0108565348538,6.165));
#7245=CARTESIAN_POINT('Origin',(31.1305911542946,32.5520786851692,6.665));
#7246=CARTESIAN_POINT('',(39.9010201687733,26.9111188635617,7.165));
#7247=CARTESIAN_POINT('',(30.8805911542946,32.119065983277,7.165));
#7248=CARTESIAN_POINT('',(39.9010201687733,26.9111188635617,7.165));
#7249=CARTESIAN_POINT('',(31.3805911542946,32.9850913870614,6.165));
#7250=CARTESIAN_POINT('Origin',(42.9174220405637,22.686557565575,6.665));
#7251=CARTESIAN_POINT('',(43.2562226644938,21.099737671292,7.165));
#7252=CARTESIAN_POINT('',(42.4844093386714,22.436557565575,7.165));
#7253=CARTESIAN_POINT('',(43.2562226644938,21.099737671292,7.165));
#7254=CARTESIAN_POINT('Origin',(43.7562226644938,-10.6838434318616,6.665));
#7255=CARTESIAN_POINT('',(43.2562226644938,-21.0997376712921,7.165));
#7256=CARTESIAN_POINT('',(43.2562226644938,-10.6838434318616,7.165));
#7257=CARTESIAN_POINT('',(43.2562226644938,-21.0997376712921,7.165));
#7258=CARTESIAN_POINT('Origin',(41.1058461964879,-25.8242989692788,6.665));
#7259=CARTESIAN_POINT('',(39.9010201687733,-26.9111188635618,7.165));
#7260=CARTESIAN_POINT('',(40.6728334945957,-25.5742989692788,7.165));
#7261=CARTESIAN_POINT('',(39.9010201687733,-26.9111188635618,7.165));
#7262=CARTESIAN_POINT('Origin',(12.6256315101992,-43.2359221170308,6.665));
#7263=CARTESIAN_POINT('',(3.35520249572046,-48.0108565348538,7.165));
#7264=CARTESIAN_POINT('',(12.3756315101992,-42.8029094151386,7.165));
#7265=CARTESIAN_POINT('',(3.35520249572046,-48.0108565348538,7.165));
#7266=CARTESIAN_POINT('Origin',(-1.8115758440758,-48.5108565348538,6.665));
#7267=CARTESIAN_POINT('',(-1.8115758440758,-48.0108565348538,7.165));
#7268=CARTESIAN_POINT('Origin',(4.44089209850063E-15,4.44089209850063E-15,
7.165));
#7269=CARTESIAN_POINT('',(-40.1964748808433,-25.0393762909209,7.165));
#7270=CARTESIAN_POINT('',(-41.7829734032769,22.2914802439329,7.165));
#7271=CARTESIAN_POINT('',(-1.58649852243363,47.3308565348538,7.165));
#7272=CARTESIAN_POINT('',(40.1964748808433,25.0393762909209,7.165));
#7273=CARTESIAN_POINT('',(41.7829734032769,-22.2914802439329,7.165));
#7274=CARTESIAN_POINT('',(1.58649852243365,-47.3308565348538,7.165));
#7275=CARTESIAN_POINT('Origin',(10.6561378492194,-22.988648655562,1.51));
#7276=CARTESIAN_POINT('',(14.2981745837462,-20.8968627142292,2.51));
#7277=CARTESIAN_POINT('',(10.6561378492194,-22.988648655562,2.51));
#7278=CARTESIAN_POINT('',(14.2981745837462,-20.8968627142292,1.51));
#7279=CARTESIAN_POINT('Origin',(9.14868400505024,-15.2592592536044,2.51));
#7280=CARTESIAN_POINT('',(16.7576751696767,-25.1791323793764,2.51));
#7281=CARTESIAN_POINT('Origin',(4.44089209850063E-15,4.44089209850063E-15,
5.565));
#7282=CARTESIAN_POINT('',(-10.5160484118764,-20.4102197052455,5.565));
#7283=CARTESIAN_POINT('',(-9.68926643402898,-18.9896673693845,5.565));
#7284=CARTESIAN_POINT('Ctrl Pts',(-11.9775247121311,-19.5814595923793,5.565));
#7285=CARTESIAN_POINT('Ctrl Pts',(-11.7328976929589,-19.7323461964121,5.565));
#7286=CARTESIAN_POINT('Ctrl Pts',(-11.4854400399316,-19.8785974869431,5.565));
#7287=CARTESIAN_POINT('Ctrl Pts',(-10.9978877461766,-20.1544533146599,5.565));
#7288=CARTESIAN_POINT('Ctrl Pts',(-10.7581038851721,-20.2845023696394,5.565));
#7289=CARTESIAN_POINT('Ctrl Pts',(-10.5160484118501,-20.4102197052597,5.565));
#7290=CARTESIAN_POINT('Origin',(4.44089209850063E-15,4.44089209850063E-15,
5.565));
#7291=CARTESIAN_POINT('',(-37.4441247358092,-17.8448729810778,5.565));
#7292=CARTESIAN_POINT('',(-29.832155256453,-22.2396456090473,5.565));
#7293=CARTESIAN_POINT('',(-36.6271374760605,-19.2599364240983,5.565));
#7294=CARTESIAN_POINT('',(-32.4961755433769,-15.2005557676219,5.565));
#7295=CARTESIAN_POINT('Ctrl Pts',(-20.1062813598387,-10.9460909988274,5.565));
#7296=CARTESIAN_POINT('Ctrl Pts',(-19.9709840216892,-11.1983745513357,5.565));
#7297=CARTESIAN_POINT('Ctrl Pts',(-19.8309494134875,-11.4480905254995,5.565));
#7298=CARTESIAN_POINT('Ctrl Pts',(-19.5478120864147,-11.9314388460936,5.565));
#7299=CARTESIAN_POINT('Ctrl Pts',(-19.4051289040038,-12.1652571589655,5.565));
#7300=CARTESIAN_POINT('Ctrl Pts',(-19.2582718918478,-12.396447530277,5.565));
#7301=CARTESIAN_POINT('Origin',(4.44089209850063E-15,4.44089209850063E-15,
5.565));
#7302=CARTESIAN_POINT('',(15.1946542728887,-22.4577356004551,5.565));
#7303=CARTESIAN_POINT('',(12.3279347475692,-17.4664515438522,5.565));
#7304=CARTESIAN_POINT('',(14.3313518493683,-22.9535691145762,5.565));
#7305=CARTESIAN_POINT('Origin',(4.44089209850063E-15,4.44089209850063E-15,
5.565));
#7306=CARTESIAN_POINT('',(-22.8084972202145,-0.708628157571559,5.565));
#7307=CARTESIAN_POINT('',(-21.2898284575565,-0.715100440561746,5.565));
#7308=CARTESIAN_POINT('Ctrl Pts',(-22.786735948443,0.971294347515288,5.56499999999998));
#7309=CARTESIAN_POINT('Ctrl Pts',(-22.8003911757711,0.697225687773951,5.5649999999999));
#7310=CARTESIAN_POINT('Ctrl Pts',(-22.8091005361849,0.422930545302073,5.56499999999998));
#7311=CARTESIAN_POINT('Ctrl Pts',(-22.816773841658,-0.137184558409491,5.56499999999998));
#7312=CARTESIAN_POINT('Ctrl Pts',(-22.8153194258758,-0.422958649230855,
5.56499999999998));
#7313=CARTESIAN_POINT('Ctrl Pts',(-22.8084972202142,-0.70862815757896,5.565));
#7314=CARTESIAN_POINT('Origin',(4.44089209850063E-15,4.44089209850063E-15,
5.565));
#7315=CARTESIAN_POINT('',(29.412155256453,-20.5422358176298,5.565));
#7316=CARTESIAN_POINT('',(19.5330180275601,-11.9527966020137,5.565));
#7317=CARTESIAN_POINT('Ctrl Pts',(19.5330180275579,-11.9527966020172,5.565));
#7318=CARTESIAN_POINT('Ctrl Pts',(19.6850209242423,-11.7009577143896,5.565));
#7319=CARTESIAN_POINT('Ctrl Pts',(19.8321394510924,-11.446201750239,5.565));
#7320=CARTESIAN_POINT('Ctrl Pts',(20.1028921960351,-10.9556898634464,5.565));
#7321=CARTESIAN_POINT('Ctrl Pts',(20.2274057187178,-10.7204783942678,5.565));
#7322=CARTESIAN_POINT('Ctrl Pts',(20.3477746192636,-10.4831452787177,5.565));
#7323=CARTESIAN_POINT('',(8.86515935720663,-5.73535617474121,5.565));
#7324=CARTESIAN_POINT('',(34.1761755433769,-14.7155815415027,5.565));
#7325=CARTESIAN_POINT('Origin',(4.44089209850063E-15,4.44089209850063E-15,
5.565));
#7326=CARTESIAN_POINT('',(-31.2192400422175,21.0149926309815,5.565));
#7327=CARTESIAN_POINT('',(-24.9587269584002,10.1714658883602,5.565));
#7328=CARTESIAN_POINT('Origin',(-33.8,19.525,5.565));
#7329=CARTESIAN_POINT('',(-21.2881113322469,14.865,5.565));
#7330=CARTESIAN_POINT('',(-23.5107602580774,13.2887492494037,5.565));
#7331=CARTESIAN_POINT('Origin',(4.44089209850063E-15,4.44089209850063E-15,
5.565));
#7332=CARTESIAN_POINT('',(22.7833371819093,1.03756999015627,5.565));
#7333=CARTESIAN_POINT('',(21.2868008007389,1.03355267836817,5.565));
#7334=CARTESIAN_POINT('Ctrl Pts',(22.8099833828503,-0.642364533682497,5.565));
#7335=CARTESIAN_POINT('Ctrl Pts',(22.8160372626205,-0.353736746691759,5.565));
#7336=CARTESIAN_POINT('Ctrl Pts',(22.8166120194232,-0.0650186604503632,
5.565));
#7337=CARTESIAN_POINT('Ctrl Pts',(22.807094453497,0.49509560706072,5.565));
#7338=CARTESIAN_POINT('Ctrl Pts',(22.7976361860751,0.766450922525397,5.565));
#7339=CARTESIAN_POINT('Ctrl Pts',(22.7833371819065,1.03756999018958,5.565));
#7340=CARTESIAN_POINT('Origin',(4.44089209850063E-15,4.44089209850063E-15,
5.565));
#7341=CARTESIAN_POINT('',(-17.4465156658635,28.1182738398008,5.565));
#7342=CARTESIAN_POINT('',(-11.553321574978,17.9110773360274,5.565));
#7343=CARTESIAN_POINT('',(-17.0723815467026,28.3369104432678,5.565));
#7344=CARTESIAN_POINT('Origin',(4.44089209850063E-15,4.44089209850063E-15,
5.565));
#7345=CARTESIAN_POINT('',(23.4874613913624,11.0209014595389,5.565));
#7346=CARTESIAN_POINT('Ctrl Pts',(20.1031338815574,10.6240330069364,5.565));
#7347=CARTESIAN_POINT('Ctrl Pts',(19.9672886842185,10.8771607423515,5.56499999999997));
#7348=CARTESIAN_POINT('Ctrl Pts',(19.8266738061679,11.1277013287479,5.56499999999999));
#7349=CARTESIAN_POINT('Ctrl Pts',(19.543327272011,11.6109372229959,5.565));
#7350=CARTESIAN_POINT('Ctrl Pts',(19.4010785241566,11.8438558668987,5.56499999999997));
#7351=CARTESIAN_POINT('Ctrl Pts',(19.2546870398118,12.07416426135,5.565));
#7352=CARTESIAN_POINT('',(33.7677859186566,16.526946,5.565));
#7353=CARTESIAN_POINT('',(21.2881113322469,16.526946,5.565));
#7354=CARTESIAN_POINT('Origin',(33.767786,19.506946,5.565));
#7355=CARTESIAN_POINT('Origin',(4.44089209850063E-15,4.44089209850063E-15,
5.565));
#7356=CARTESIAN_POINT('',(14.3877966799661,26.7444714039074,5.565));
#7357=CARTESIAN_POINT('',(9.91424290144468,18.8543592447614,5.565));
#7358=CARTESIAN_POINT('',(14.6813505732573,26.5780315482952,5.565));
#7359=CARTESIAN_POINT('Origin',(4.44089209850063E-15,4.44089209850063E-15,
5.765));
#7360=CARTESIAN_POINT('Origin',(0.416397500000002,-28.9873998588989,4.665));
#7361=CARTESIAN_POINT('',(-0.847205,-28.0873998588989,3.765));
#7362=CARTESIAN_POINT('',(-0.847205,-27.9736498588989,3.65125));
#7363=CARTESIAN_POINT('',(0.416397500000002,-28.0873998588989,3.765));
#7364=CARTESIAN_POINT('Ctrl Pts',(22.7779760545069,1.13523911460274,5.565));
#7365=CARTESIAN_POINT('Ctrl Pts',(22.795294532459,0.83162584345707,5.565));
#7366=CARTESIAN_POINT('Ctrl Pts',(22.8065404907597,0.527696635020823,5.565));
#7367=CARTESIAN_POINT('Ctrl Pts',(22.8168738779935,-0.0804291889863145,
5.565));
#7368=CARTESIAN_POINT('Ctrl Pts',(22.8159602742934,-0.384565007107855,5.565));
#7369=CARTESIAN_POINT('Ctrl Pts',(22.8089669213205,-0.688591384861001,5.565));
#7370=CARTESIAN_POINT('Ctrl Pts',(22.1789497899385,1.10106991272125,4.965));
#7371=CARTESIAN_POINT('Ctrl Pts',(22.1958127893335,0.80544171591458,4.965));
#7372=CARTESIAN_POINT('Ctrl Pts',(22.2067629771774,0.509505892495496,4.965));
#7373=CARTESIAN_POINT('Ctrl Pts',(22.2168245947086,-0.0826261270947683,
4.965));
#7374=CARTESIAN_POINT('Ctrl Pts',(22.2159350189295,-0.378763125297142,4.965));
#7375=CARTESIAN_POINT('Ctrl Pts',(22.2091255922334,-0.674793561879116,4.965));
#7376=CARTESIAN_POINT('Ctrl Pts',(21.5799235253701,1.06690071083976,4.365));
#7377=CARTESIAN_POINT('Ctrl Pts',(21.5963310462299,0.779257588121118,4.365));
#7378=CARTESIAN_POINT('Ctrl Pts',(21.6069854635957,0.491315150142439,4.365));
#7379=CARTESIAN_POINT('Ctrl Pts',(21.61677531143,-0.0848230653750602,4.365));
#7380=CARTESIAN_POINT('Ctrl Pts',(21.6159097635789,-0.372961243233526,4.365));
#7381=CARTESIAN_POINT('Ctrl Pts',(21.6092842631463,-0.660995738897231,4.365));
#7382=CARTESIAN_POINT('Ctrl Pts',(20.9808972608017,1.03273150895828,3.765));
#7383=CARTESIAN_POINT('Ctrl Pts',(20.9968493031044,0.753073460578629,3.765));
#7384=CARTESIAN_POINT('Ctrl Pts',(21.0072079500135,0.473124407617112,3.765));
#7385=CARTESIAN_POINT('Ctrl Pts',(21.0167260281451,-0.087020003483514,3.765));
#7386=CARTESIAN_POINT('Ctrl Pts',(21.0158845082149,-0.367159361422813,3.765));
#7387=CARTESIAN_POINT('Ctrl Pts',(21.0094429340592,-0.647197915915346,3.765));
#7388=CARTESIAN_POINT('',(20.9808972608017,1.03273150895828,3.765));
#7389=CARTESIAN_POINT('Ctrl Pts',(22.7833371819093,1.03756999015626,5.565));
#7390=CARTESIAN_POINT('Ctrl Pts',(22.4830861140689,1.03676399427845,5.26512319933114));
#7391=CARTESIAN_POINT('Ctrl Pts',(22.1824542025632,1.03595697606148,4.96488084050839));
#7392=CARTESIAN_POINT('Ctrl Pts',(21.5818992895398,1.03434484263001,4.36513750419693));
#7393=CARTESIAN_POINT('Ctrl Pts',(21.2812041242605,1.0335376546142,4.06486540665943));
#7394=CARTESIAN_POINT('Ctrl Pts',(20.9808972608017,1.03273150895827,3.765));
#7395=CARTESIAN_POINT('Ctrl Pts',(21.0094429340592,-0.647197915915345,3.765));
#7396=CARTESIAN_POINT('Ctrl Pts',(21.0158845082149,-0.367159361422812,3.765));
#7397=CARTESIAN_POINT('Ctrl Pts',(21.0167260281451,-0.0870200034835159,
3.765));
#7398=CARTESIAN_POINT('Ctrl Pts',(21.0072079500135,0.473124407617108,3.765));
#7399=CARTESIAN_POINT('Ctrl Pts',(20.9968493031044,0.753073460578629,3.765));
#7400=CARTESIAN_POINT('Ctrl Pts',(20.9808972608017,1.03273150895828,3.765));
#7401=CARTESIAN_POINT('Origin',(-16.6182907751564,27.5598637450594,4.665));
#7402=CARTESIAN_POINT('',(-16.5464956448005,26.5594110108082,3.765));
#7403=CARTESIAN_POINT('',(-17.9026735370114,28.9083535411891,6.47729544771298));
#7404=CARTESIAN_POINT('',(-16.1642000036102,26.7828170468509,3.765));
#7405=CARTESIAN_POINT('Origin',(14.2374522332745,25.7951175914899,4.665));
#7406=CARTESIAN_POINT('',(13.5000000000004,25.1786434902969,3.765));
#7407=CARTESIAN_POINT('',(15.1727945793983,28.128990687201,7.15657637200502));
#7408=CARTESIAN_POINT('',(13.7935538932917,25.0122036346846,3.765));
#7409=CARTESIAN_POINT('Ctrl Pts',(-10.4325341701359,-20.4533766060744,5.565));
#7410=CARTESIAN_POINT('Ctrl Pts',(-10.7029780010911,-20.3143269807679,5.565));
#7411=CARTESIAN_POINT('Ctrl Pts',(-10.9706148317205,-20.1698842591718,5.565));
#7412=CARTESIAN_POINT('Ctrl Pts',(-11.4999533322414,-19.8703859036642,5.565));
#7413=CARTESIAN_POINT('Ctrl Pts',(-11.7616021147245,-19.7153602063047,5.565));
#7414=CARTESIAN_POINT('Ctrl Pts',(-12.020073683718,-19.5551508341121,5.565));
#7415=CARTESIAN_POINT('Ctrl Pts',(-10.158181183523,-19.9197752204534,4.965));
#7416=CARTESIAN_POINT('Ctrl Pts',(-10.4215128347422,-19.7843823468098,4.965));
#7417=CARTESIAN_POINT('Ctrl Pts',(-10.682111293808,-19.6437382110196,4.965));
#7418=CARTESIAN_POINT('Ctrl Pts',(-11.1975291124536,-19.3521161413384,4.965));
#7419=CARTESIAN_POINT('Ctrl Pts',(-11.4522969758907,-19.2011673564847,4.965));
#7420=CARTESIAN_POINT('Ctrl Pts',(-11.7039711694864,-19.0451712261899,4.965));
#7421=CARTESIAN_POINT('Ctrl Pts',(-9.88382819691008,-19.3861738348325,4.365));
#7422=CARTESIAN_POINT('Ctrl Pts',(-10.1400476685949,-19.2544377127353,4.365));
#7423=CARTESIAN_POINT('Ctrl Pts',(-10.3936077557467,-19.1175921629519,4.365));
#7424=CARTESIAN_POINT('Ctrl Pts',(-10.8951048928077,-18.8338463789327,4.365));
#7425=CARTESIAN_POINT('Ctrl Pts',(-11.1429918368182,-18.6869745067992,4.365));
#7426=CARTESIAN_POINT('Ctrl Pts',(-11.3878686552548,-18.5351916182677,4.365));
#7427=CARTESIAN_POINT('Ctrl Pts',(-9.60947521029716,-18.8525724492116,3.765));
#7428=CARTESIAN_POINT('Ctrl Pts',(-9.858582502246,-18.7244930787772,3.765));
#7429=CARTESIAN_POINT('Ctrl Pts',(-10.1051042178343,-18.5914461147997,3.765));
#7430=CARTESIAN_POINT('Ctrl Pts',(-10.59268067302,-18.315576616607,3.765));
#7431=CARTESIAN_POINT('Ctrl Pts',(-10.8336866979844,-18.1727816569792,3.765));
#7432=CARTESIAN_POINT('Ctrl Pts',(-11.0717661410233,-18.0252120103455,3.765));
#7433=CARTESIAN_POINT('',(-9.60947521029716,-18.8525724492116,3.765));
#7434=CARTESIAN_POINT('Ctrl Pts',(-10.5160484118764,-20.4102197052455,5.565));
#7435=CARTESIAN_POINT('Ctrl Pts',(-10.3650282459487,-20.1507413237388,5.26511992589389));
#7436=CARTESIAN_POINT('Ctrl Pts',(-10.2138168699895,-19.8909344108126,4.96487384601775));
#7437=CARTESIAN_POINT('Ctrl Pts',(-9.91175569217423,-19.3719418308878,4.3651304673747));
#7438=CARTESIAN_POINT('Ctrl Pts',(-9.76051765930262,-19.1120891168432,4.0648623340499));
#7439=CARTESIAN_POINT('Ctrl Pts',(-9.60947521029716,-18.8525724492116,3.765));
#7440=CARTESIAN_POINT('Ctrl Pts',(-11.0717661410232,-18.0252120103456,3.765));
#7441=CARTESIAN_POINT('Ctrl Pts',(-10.8336866979844,-18.1727816569792,3.765));
#7442=CARTESIAN_POINT('Ctrl Pts',(-10.59268067302,-18.315576616607,3.765));
#7443=CARTESIAN_POINT('Ctrl Pts',(-10.1051042178343,-18.5914461147997,3.765));
#7444=CARTESIAN_POINT('Ctrl Pts',(-9.85858250224601,-18.7244930787772,3.765));
#7445=CARTESIAN_POINT('Ctrl Pts',(-9.60947521029716,-18.8525724492116,3.765));
#7446=CARTESIAN_POINT('Origin',(13.883112004797,-22.1731326714633,4.665));
#7447=CARTESIAN_POINT('',(14.2981745837462,-20.8968627142292,3.765));
#7448=CARTESIAN_POINT('',(16.3992945639226,-24.5551510697654,7.98374138379536));
#7449=CARTESIAN_POINT('',(13.4348721602257,-21.3926962283504,3.765));
#7450=CARTESIAN_POINT('Ctrl Pts',(-22.8069968416272,-0.768194938803983,
5.565));
#7451=CARTESIAN_POINT('Ctrl Pts',(-22.8070372850041,-0.766668484245215,
5.565));
#7452=CARTESIAN_POINT('Ctrl Pts',(-22.8070775751326,-0.765142025327101,
5.565));
#7453=CARTESIAN_POINT('Ctrl Pts',(-22.8151106818995,-0.459631419716219,
5.56499999999998));
#7454=CARTESIAN_POINT('Ctrl Pts',(-22.8170249988781,-0.155517850738935,
5.56499999999998));
#7455=CARTESIAN_POINT('Ctrl Pts',(-22.8086940308906,0.45260351425425,5.56499999999999));
#7456=CARTESIAN_POINT('Ctrl Pts',(-22.7984495783559,0.756550520316113,5.56499999999988));
#7457=CARTESIAN_POINT('Ctrl Pts',(-22.782034252812,1.06202622182052,5.56500000000001));
#7458=CARTESIAN_POINT('Ctrl Pts',(-22.7819359855321,1.06385080397988,5.565));
#7459=CARTESIAN_POINT('Ctrl Pts',(-22.7818374990541,1.06567537417136,5.565));
#7460=CARTESIAN_POINT('Ctrl Pts',(-22.2072073259422,-0.752303529971986,
4.96499999999968));
#7461=CARTESIAN_POINT('Ctrl Pts',(-22.2072467056519,-0.750817221405469,
4.96499999999968));
#7462=CARTESIAN_POINT('Ctrl Pts',(-22.2072859361439,-0.749330908593361,
4.96499999999968));
#7463=CARTESIAN_POINT('Ctrl Pts',(-22.2151077709501,-0.451855279458359,
4.96499999999966));
#7464=CARTESIAN_POINT('Ctrl Pts',(-22.2169717410891,-0.155739945210387,
4.96499999999966));
#7465=CARTESIAN_POINT('Ctrl Pts',(-22.2088598788667,0.436387732472924,4.96499999999966));
#7466=CARTESIAN_POINT('Ctrl Pts',(-22.1988848570364,0.73234088527062,4.96499999999956));
#7467=CARTESIAN_POINT('Ctrl Pts',(-22.1829012570217,1.02978252995692,4.96499999999968));
#7468=CARTESIAN_POINT('Ctrl Pts',(-22.1828055741857,1.03155912533287,4.96499999999968));
#7469=CARTESIAN_POINT('Ctrl Pts',(-22.182709677917,1.03333570905457,4.96499999999968));
#7470=CARTESIAN_POINT('Ctrl Pts',(-21.6074178102571,-0.736412121139989,
4.36499999999936));
#7471=CARTESIAN_POINT('Ctrl Pts',(-21.6074561262999,-0.734965958564916,
4.36499999999936));
#7472=CARTESIAN_POINT('Ctrl Pts',(-21.607494297155,-0.733519791860653,4.36499999999936));
#7473=CARTESIAN_POINT('Ctrl Pts',(-21.6151048600121,-0.444079138964681,
4.36499999999936));
#7474=CARTESIAN_POINT('Ctrl Pts',(-21.6169184833052,-0.155962039890722,
4.36499999999934));
#7475=CARTESIAN_POINT('Ctrl Pts',(-21.6090257268423,0.420171950900313,4.36499999999935));
#7476=CARTESIAN_POINT('Ctrl Pts',(-21.5993201357349,0.708131249989719,4.36499999999928));
#7477=CARTESIAN_POINT('Ctrl Pts',(-21.5837682612311,0.997538838094211,4.36499999999936));
#7478=CARTESIAN_POINT('Ctrl Pts',(-21.5836751628397,0.999267446684578,4.36499999999936));
#7479=CARTESIAN_POINT('Ctrl Pts',(-21.5835818567798,1.00099604393778,4.36499999999936));
#7480=CARTESIAN_POINT('Ctrl Pts',(-21.007628294572,-0.720520712307993,3.76499999999904));
#7481=CARTESIAN_POINT('Ctrl Pts',(-21.0076655469477,-0.71911469572517,3.76499999999904));
#7482=CARTESIAN_POINT('Ctrl Pts',(-21.0077026581663,-0.717708675126913,
3.76499999999904));
#7483=CARTESIAN_POINT('Ctrl Pts',(-21.0151019490627,-0.43630299870682,3.76499999999904));
#7484=CARTESIAN_POINT('Ctrl Pts',(-21.0168652255162,-0.156184134362174,
3.76499999999902));
#7485=CARTESIAN_POINT('Ctrl Pts',(-21.0091915748184,0.403956169118987,3.76499999999903));
#7486=CARTESIAN_POINT('Ctrl Pts',(-20.9997554144154,0.683921614944226,3.76499999999896));
#7487=CARTESIAN_POINT('Ctrl Pts',(-20.9846352654407,0.965295146230611,3.76499999999904));
#7488=CARTESIAN_POINT('Ctrl Pts',(-20.9845447514933,0.96697576803757,3.76499999999904));
#7489=CARTESIAN_POINT('Ctrl Pts',(-20.9844540356427,0.968656378820994,3.76499999999904));
#7490=CARTESIAN_POINT('Ctrl Pts',(-22.8084972202144,-0.708628157571613,
5.565));
#7491=CARTESIAN_POINT('Ctrl Pts',(-22.5085071465497,-0.709906659308623,
5.26512595935678));
#7492=CARTESIAN_POINT('Ctrl Pts',(-22.2081422806749,-0.71118675834007,4.96488195543561));
#7493=CARTESIAN_POINT('Ctrl Pts',(-21.6416042441276,-0.71360123777587,4.39858185432877));
#7494=CARTESIAN_POINT('Ctrl Pts',(-21.3747468768881,-0.714738534098327,
4.13184073428638));
#7495=CARTESIAN_POINT('Ctrl Pts',(-21.1081297031905,-0.715874806760704,
3.86534436611532));
#7496=CARTESIAN_POINT('',(-21.007739628228,-0.716302650534501,3.765));
#7497=CARTESIAN_POINT('Ctrl Pts',(-21.007628294573,-0.720520712307984,3.765));
#7498=CARTESIAN_POINT('Ctrl Pts',(-21.0076655469486,-0.719114695725199,
3.765));
#7499=CARTESIAN_POINT('Ctrl Pts',(-21.0077026581672,-0.71770867512698,3.765));
#7500=CARTESIAN_POINT('Ctrl Pts',(-21.007739628228,-0.716302650534581,3.765));
#7501=CARTESIAN_POINT('',(-20.9847255774839,0.963614513436548,3.765));
#7502=CARTESIAN_POINT('Ctrl Pts',(-20.9847255774839,0.963614513436548,3.765));
#7503=CARTESIAN_POINT('Ctrl Pts',(-20.9997554144164,0.683921614944277,3.765));
#7504=CARTESIAN_POINT('Ctrl Pts',(-21.0091915748194,0.403956169119013,3.765));
#7505=CARTESIAN_POINT('Ctrl Pts',(-21.0168652255172,-0.156184134362163,
3.765));
#7506=CARTESIAN_POINT('Ctrl Pts',(-21.0151019490637,-0.436302998706834,
3.765));
#7507=CARTESIAN_POINT('Ctrl Pts',(-21.007739628228,-0.716302650534501,3.765));
#7508=CARTESIAN_POINT('Ctrl Pts',(-20.9847255774838,0.963614513436613,3.765));
#7509=CARTESIAN_POINT('Ctrl Pts',(-20.9846352654417,0.965295146230707,3.765));
#7510=CARTESIAN_POINT('Ctrl Pts',(-20.9845447514943,0.966975768037644,3.765));
#7511=CARTESIAN_POINT('Ctrl Pts',(-20.9844540356437,0.968656378821046,3.765));
#7512=CARTESIAN_POINT('Origin',(-22.7394420237137,12.8249948086291,4.665));
#7513=CARTESIAN_POINT('',(-21.9681237893501,12.3612403678546,3.765));
#7514=CARTESIAN_POINT('Ctrl Pts',(19.1957431444265,12.1664073615374,5.565));
#7515=CARTESIAN_POINT('Ctrl Pts',(19.1986044794065,12.16195315894,5.565));
#7516=CARTESIAN_POINT('Ctrl Pts',(19.2014642657804,12.1574979575726,5.56500000000001));
#7517=CARTESIAN_POINT('Ctrl Pts',(19.3685024460022,11.8970733097824,5.56499999999997));
#7518=CARTESIAN_POINT('Ctrl Pts',(19.5275481872028,11.6378478050518,5.565));
#7519=CARTESIAN_POINT('Ctrl Pts',(19.8351803741746,11.1131937258581,5.56499999999999));
#7520=CARTESIAN_POINT('Ctrl Pts',(19.9837360810172,10.8478175981419,5.56499999999997));
#7521=CARTESIAN_POINT('Ctrl Pts',(20.1294456605447,10.5748620053064,5.56500000000001));
#7522=CARTESIAN_POINT('Ctrl Pts',(20.1319472901651,10.5701717946064,5.565));
#7523=CARTESIAN_POINT('Ctrl Pts',(20.1344472787149,10.5654807130565,5.565));
#7524=CARTESIAN_POINT('Ctrl Pts',(18.6909288066167,11.8421197047546,4.965));
#7525=CARTESIAN_POINT('Ctrl Pts',(18.6937148901297,11.8377826451278,4.965));
#7526=CARTESIAN_POINT('Ctrl Pts',(18.6964994657632,11.8334446129997,4.965));
#7527=CARTESIAN_POINT('Ctrl Pts',(18.8591446374721,11.5798689843566,4.96499999999996));
#7528=CARTESIAN_POINT('Ctrl Pts',(19.0140075593895,11.3274609734443,4.96499999999999));
#7529=CARTESIAN_POINT('Ctrl Pts',(19.3135491685041,10.816605042999,4.96499999999999));
#7530=CARTESIAN_POINT('Ctrl Pts',(19.4581979254523,10.5582081904467,4.96499999999997));
#7531=CARTESIAN_POINT('Ctrl Pts',(19.6000754010165,10.2924312210936,4.96500000000001));
#7532=CARTESIAN_POINT('Ctrl Pts',(19.6025112387734,10.2878643610686,4.965));
#7533=CARTESIAN_POINT('Ctrl Pts',(19.6049454786157,10.2832966531032,4.965));
#7534=CARTESIAN_POINT('Ctrl Pts',(18.186114468807,11.5178320479717,4.365));
#7535=CARTESIAN_POINT('Ctrl Pts',(18.1888253008541,11.5136121313139,4.365));
#7536=CARTESIAN_POINT('Ctrl Pts',(18.1915346657445,11.5093912684291,4.365));
#7537=CARTESIAN_POINT('Ctrl Pts',(18.3497868290601,11.2626646587469,4.36499999999997));
#7538=CARTESIAN_POINT('Ctrl Pts',(18.5004669314756,11.0170741420115,4.365));
#7539=CARTESIAN_POINT('Ctrl Pts',(18.7919179629367,10.5200163599678,4.36499999999999));
#7540=CARTESIAN_POINT('Ctrl Pts',(18.9326597697766,10.2685987829598,4.36499999999999));
#7541=CARTESIAN_POINT('Ctrl Pts',(19.0707051414902,10.0100004368773,4.365));
#7542=CARTESIAN_POINT('Ctrl Pts',(19.0730751873803,10.0055569275335,4.365));
#7543=CARTESIAN_POINT('Ctrl Pts',(19.0754436785165,10.00111259315,4.365));
#7544=CARTESIAN_POINT('Ctrl Pts',(17.6813001309973,11.1935443911888,3.765));
#7545=CARTESIAN_POINT('Ctrl Pts',(17.6839357115774,11.1894416175017,3.765));
#7546=CARTESIAN_POINT('Ctrl Pts',(17.6865698657273,11.1853379238562,3.765));
#7547=CARTESIAN_POINT('Ctrl Pts',(17.8404290205299,10.9454603333211,3.76499999999997));
#7548=CARTESIAN_POINT('Ctrl Pts',(17.9869263036623,10.706687310404,3.76499999999999));
#7549=CARTESIAN_POINT('Ctrl Pts',(18.2702867572662,10.2234276771087,3.76499999999999));
#7550=CARTESIAN_POINT('Ctrl Pts',(18.4071216142117,9.97898937526467,3.76499999999998));
#7551=CARTESIAN_POINT('Ctrl Pts',(18.5413348819621,9.72756965266451,3.765));
#7552=CARTESIAN_POINT('Ctrl Pts',(18.5436391359886,9.72324949399573,3.765));
#7553=CARTESIAN_POINT('Ctrl Pts',(18.5459418784173,9.7189285331967,3.765));
#7554=CARTESIAN_POINT('',(17.6892025929625,11.1812333109944,3.765));
#7555=CARTESIAN_POINT('Ctrl Pts',(17.6813001309973,11.1935443911888,3.765));
#7556=CARTESIAN_POINT('Ctrl Pts',(17.6839357115774,11.1894416175017,3.765));
#7557=CARTESIAN_POINT('Ctrl Pts',(17.6865698657273,11.1853379238562,3.765));
#7558=CARTESIAN_POINT('Ctrl Pts',(17.6892025929625,11.1812333109944,3.765));
#7559=CARTESIAN_POINT('',(18.5390291167541,9.73188900840839,3.765));
#7560=CARTESIAN_POINT('Ctrl Pts',(18.5390291167541,9.73188900840842,3.765));
#7561=CARTESIAN_POINT('Ctrl Pts',(18.4071216142118,9.97898937526474,3.765));
#7562=CARTESIAN_POINT('Ctrl Pts',(18.2702867572663,10.2234276771088,3.765));
#7563=CARTESIAN_POINT('Ctrl Pts',(17.9869263036623,10.7066873104041,3.765));
#7564=CARTESIAN_POINT('Ctrl Pts',(17.8404290205301,10.9454603333212,3.765));
#7565=CARTESIAN_POINT('Ctrl Pts',(17.6892025929625,11.1812333109944,3.765));
#7566=CARTESIAN_POINT('Ctrl Pts',(18.5390291167541,9.73188900840841,3.765));
#7567=CARTESIAN_POINT('Ctrl Pts',(18.541334881961,9.72756965266646,3.765));
#7568=CARTESIAN_POINT('Ctrl Pts',(18.5436391359865,9.72324949399965,3.765));
#7569=CARTESIAN_POINT('Ctrl Pts',(18.5459418784142,9.71892853320258,3.765));
#7570=CARTESIAN_POINT('Ctrl Pts',(20.3991382698529,-10.3812398216588,5.565));
#7571=CARTESIAN_POINT('Ctrl Pts',(20.2629190067045,-10.6531889056017,5.565));
#7572=CARTESIAN_POINT('Ctrl Pts',(20.1212749134927,-10.9223866316495,5.565));
#7573=CARTESIAN_POINT('Ctrl Pts',(19.8273068800358,-11.4549567253642,5.565));
#7574=CARTESIAN_POINT('Ctrl Pts',(19.6750123252725,-11.7182758334183,5.565));
#7575=CARTESIAN_POINT('Ctrl Pts',(19.5174986622614,-11.9784709642406,5.565));
#7576=CARTESIAN_POINT('Ctrl Pts',(19.8626751948857,-10.1125255325026,4.965));
#7577=CARTESIAN_POINT('Ctrl Pts',(19.7300384513823,-10.3773224493193,4.965));
#7578=CARTESIAN_POINT('Ctrl Pts',(19.5921195433983,-10.6394403791451,4.965));
#7579=CARTESIAN_POINT('Ctrl Pts',(19.3058827435854,-11.1580041070053,4.965));
#7580=CARTESIAN_POINT('Ctrl Pts',(19.1575934641776,-11.414398046555,4.965));
#7581=CARTESIAN_POINT('Ctrl Pts',(19.0042223295162,-11.6677501792202,4.965));
#7582=CARTESIAN_POINT('Ctrl Pts',(19.3262121199184,-9.84381124334648,4.365));
#7583=CARTESIAN_POINT('Ctrl Pts',(19.1971578959393,-10.1014559932819,4.365));
#7584=CARTESIAN_POINT('Ctrl Pts',(19.0629641733901,-10.3564941264897,4.365));
#7585=CARTESIAN_POINT('Ctrl Pts',(18.7844586070491,-10.8610514888069,4.365));
#7586=CARTESIAN_POINT('Ctrl Pts',(18.6401746032048,-11.1105202594936,4.365));
#7587=CARTESIAN_POINT('Ctrl Pts',(18.4909459967711,-11.3570293941998,4.365));
#7588=CARTESIAN_POINT('Ctrl Pts',(18.7897490449512,-9.57509695419033,3.765));
#7589=CARTESIAN_POINT('Ctrl Pts',(18.6642773406171,-9.82558953699959,3.765));
#7590=CARTESIAN_POINT('Ctrl Pts',(18.5338088032957,-10.0735478739853,3.765));
#7591=CARTESIAN_POINT('Ctrl Pts',(18.2630344705987,-10.564098870448,3.765));
#7592=CARTESIAN_POINT('Ctrl Pts',(18.12275574211,-10.8066424726303,3.765));
#7593=CARTESIAN_POINT('Ctrl Pts',(17.977669664026,-11.0463086091794,3.765));
#7594=CARTESIAN_POINT('',(17.977669664026,-11.0463086091794,3.765));
#7595=CARTESIAN_POINT('Ctrl Pts',(17.977669664026,-11.0463086091793,3.765));
#7596=CARTESIAN_POINT('Ctrl Pts',(18.2367846902562,-11.1973260053766,4.06486975720129));
#7597=CARTESIAN_POINT('Ctrl Pts',(18.4962412593052,-11.3485424595288,4.36513655966465));
#7598=CARTESIAN_POINT('Ctrl Pts',(19.0144688463776,-11.6505758150461,4.9648799225904));
#7599=CARTESIAN_POINT('Ctrl Pts',(19.2739044871703,-11.8017800717938,5.26512564938389));
#7600=CARTESIAN_POINT('Ctrl Pts',(19.5330180275601,-11.9527966020137,5.565));
#7601=CARTESIAN_POINT('Ctrl Pts',(17.977669664026,-11.0463086091794,3.765));
#7602=CARTESIAN_POINT('Ctrl Pts',(18.12275574211,-10.8066424726303,3.765));
#7603=CARTESIAN_POINT('Ctrl Pts',(18.2630344705987,-10.564098870448,3.765));
#7604=CARTESIAN_POINT('Ctrl Pts',(18.5338088032956,-10.0735478739854,3.765));
#7605=CARTESIAN_POINT('Ctrl Pts',(18.6642773406169,-9.82558953699988,3.765));
#7606=CARTESIAN_POINT('Ctrl Pts',(18.789749044951,-9.57509695419077,3.765));
#7607=CARTESIAN_POINT('Origin',(8.27595730051287,-5.39195748524596,1.51));
#7608=CARTESIAN_POINT('',(8.27595730051287,-5.39195748524596,3.765));
#7609=CARTESIAN_POINT('Ctrl Pts',(-19.209548526779,-12.4728151154399,5.565));
#7610=CARTESIAN_POINT('Ctrl Pts',(-19.3736167791525,-12.2167817458099,5.565));
#7611=CARTESIAN_POINT('Ctrl Pts',(-19.5325496380222,-11.957493619143,5.565));
#7612=CARTESIAN_POINT('Ctrl Pts',(-19.8399538194229,-11.4327189581691,5.565));
#7613=CARTESIAN_POINT('Ctrl Pts',(-19.9883944269461,-11.1672848807158,5.565));
#7614=CARTESIAN_POINT('Ctrl Pts',(-20.1314846125489,-10.898963047282,5.565));
#7615=CARTESIAN_POINT('Ctrl Pts',(-18.7043711153247,-12.1490933476263,4.965));
#7616=CARTESIAN_POINT('Ctrl Pts',(-18.864124466431,-11.8997935092856,4.965));
#7617=CARTESIAN_POINT('Ctrl Pts',(-19.0188774746077,-11.6473245236153,4.965));
#7618=CARTESIAN_POINT('Ctrl Pts',(-19.3181970743089,-11.136351183108,4.965));
#7619=CARTESIAN_POINT('Ctrl Pts',(-19.4627337588601,-10.8778979051198,4.965));
#7620=CARTESIAN_POINT('Ctrl Pts',(-19.6020607293936,-10.6166328293726,4.965));
#7621=CARTESIAN_POINT('Ctrl Pts',(-18.1991937038705,-11.8253715798126,4.365));
#7622=CARTESIAN_POINT('Ctrl Pts',(-18.3546321538357,-11.5828052725669,4.365));
#7623=CARTESIAN_POINT('Ctrl Pts',(-18.5052053111087,-11.3371554282364,4.365));
#7624=CARTESIAN_POINT('Ctrl Pts',(-18.7964403292791,-10.8399834079078,4.365));
#7625=CARTESIAN_POINT('Ctrl Pts',(-18.9370730906465,-10.5885109297658,4.365));
#7626=CARTESIAN_POINT('Ctrl Pts',(-19.0726368462383,-10.3343026114632,4.365));
#7627=CARTESIAN_POINT('Ctrl Pts',(-17.6940162924162,-11.501649811999,3.765));
#7628=CARTESIAN_POINT('Ctrl Pts',(-17.8451398411142,-11.2658170360426,3.765));
#7629=CARTESIAN_POINT('Ctrl Pts',(-17.9915331476941,-11.0269863327086,3.765));
#7630=CARTESIAN_POINT('Ctrl Pts',(-18.2746835841651,-10.5436156328467,3.765));
#7631=CARTESIAN_POINT('Ctrl Pts',(-18.4114124225605,-10.2991239541698,3.765));
#7632=CARTESIAN_POINT('Ctrl Pts',(-18.543212963083,-10.0519723935538,3.765));
#7633=CARTESIAN_POINT('Ctrl Pts',(-18.5432129630828,-10.0519723935542,3.765));
#7634=CARTESIAN_POINT('Ctrl Pts',(-18.4114124225603,-10.2991239541701,3.765));
#7635=CARTESIAN_POINT('Ctrl Pts',(-18.274683584165,-10.5436156328468,3.765));
#7636=CARTESIAN_POINT('Ctrl Pts',(-17.9915331476941,-11.0269863327086,3.765));
#7637=CARTESIAN_POINT('Ctrl Pts',(-17.8451398411142,-11.2658170360426,3.765));
#7638=CARTESIAN_POINT('Ctrl Pts',(-17.6940162924162,-11.501649811999,3.765));
#7639=CARTESIAN_POINT('Origin',(0.,0.,3.765));
#7640=CARTESIAN_POINT('',(6.62090777235744,-7.52986985164689,3.765));
#7641=CARTESIAN_POINT('',(18.6963821011079,1.0265989419211,3.765));
#7642=CARTESIAN_POINT('Origin',(0.000129850672473471,5.44317300206672E-5,
3.765));
#7643=CARTESIAN_POINT('',(9.27179666235686,17.7212616821565,3.765));
#7644=CARTESIAN_POINT('',(-10.8955227630491,16.7717492179036,3.765));
#7645=CARTESIAN_POINT('Origin',(-5.93584807271099,-1.84214561345795,3.765));
#7646=CARTESIAN_POINT('',(-7.66851830526147,-15.5176777138033,3.765));
#7647=CARTESIAN_POINT('',(15.2171740281937,6.37865090298077,3.765));
#7648=CARTESIAN_POINT('',(8.24263735606239,-1.82492128703415,3.765));
#7649=CARTESIAN_POINT('Origin',(9.65015897644756,4.0450298708606,3.765));
#7650=CARTESIAN_POINT('',(4.03362437429779,-4.36882925198963,3.765));
#7651=CARTESIAN_POINT('Origin',(7.4265606898061,-5.22864180063263,3.765));
#7652=CARTESIAN_POINT('',(-15.7586120953693,-4.89079601519169,3.765));
#7653=CARTESIAN_POINT('Origin',(-5.93600432466315,-1.84240050014497,3.765));
#7654=CARTESIAN_POINT('Origin',(2.39711498434416E-6,-0.000191517524176974,
3.765));
#7655=CARTESIAN_POINT('Origin',(2.39711498434416E-6,-0.000191517524176974,
1.51));
#7656=CARTESIAN_POINT('',(15.2171740281937,6.37865090298077,1.51));
#7657=CARTESIAN_POINT('',(-15.7586120953693,-4.89079601519169,1.51));
#7658=CARTESIAN_POINT('Origin',(-5.93600432466315,-1.84240050014497,1.51));
#7659=CARTESIAN_POINT('',(4.03362437429779,-4.36882925198962,1.51));
#7660=CARTESIAN_POINT('Origin',(7.4265606898061,-5.22864180063263,1.51));
#7661=CARTESIAN_POINT('',(8.24263735606239,-1.82492128703415,1.51));
#7662=CARTESIAN_POINT('Origin',(9.65015897644756,4.0450298708606,1.51));
#7663=CARTESIAN_POINT('Origin',(-39.4032256196265,-26.4133243144149,1.51));
#7664=CARTESIAN_POINT('Origin',(-37.4441247358092,-17.8448729810778,1.51));
#7665=CARTESIAN_POINT('',(-37.4441247358092,-17.8448729810778,1.51));
#7666=CARTESIAN_POINT('Origin',(-42.5762226644937,-14.8818548604442,1.51));
#7667=CARTESIAN_POINT('Origin',(-8.81084982935535,-44.0758407120782,1.51));
#7668=CARTESIAN_POINT('Origin',(3.1729970448673,-47.3308565348538,1.51));
#7669=CARTESIAN_POINT('Origin',(-5.93584807271099,-1.84214561345795,1.51));
#7670=CARTESIAN_POINT('Origin',(-42.5762226644937,-0.624381798988771,1.51));
#7671=CARTESIAN_POINT('Origin',(-22.1974685265519,36.3470728037128,1.51));
#7672=CARTESIAN_POINT('Origin',(-42.5762226644937,14.865,1.51));
#7673=CARTESIAN_POINT('Origin',(-35.6027826245237,28.6075111006774,1.51));
#7674=CARTESIAN_POINT('',(-31.2192400422175,21.0149926309815,1.51));
#7675=CARTESIAN_POINT('Origin',(-42.5762226644937,20.9175322204389,1.51));
#7676=CARTESIAN_POINT('Origin',(-33.8,19.525,1.51));
#7677=CARTESIAN_POINT('Origin',(0.000129850672473471,5.44317300206672E-5,
1.51));
#7678=CARTESIAN_POINT('Origin',(42.5762226644937,1.09070213794095,1.51));
#7679=CARTESIAN_POINT('Origin',(34.1315170574858,29.4569466718561,1.51));
#7680=CARTESIAN_POINT('Origin',(10.4836448293553,-43.1100520685291,1.51));
#7681=CARTESIAN_POINT('Origin',(-20.396649479896,-37.3867761650614,1.51));
#7682=CARTESIAN_POINT('Origin',(-0.847205,-28.0873998588989,1.51));
#7683=CARTESIAN_POINT('',(-0.847205,-28.0873998588989,1.51));
#7684=CARTESIAN_POINT('Origin',(0.832795,-28.0873998588989,1.51));
#7685=CARTESIAN_POINT('Origin',(42.5762226644937,-12.9419579559671,1.51));
#7686=CARTESIAN_POINT('Origin',(20.415593589472,37.3758387782981,1.51));
#7687=CARTESIAN_POINT('Origin',(-32.4961755433769,-30.4011115352439,1.51));
#7688=CARTESIAN_POINT('Origin',(42.5762226644938,16.526946,1.51));
#7689=CARTESIAN_POINT('',(33.7677859186566,16.526946,1.51));
#7690=CARTESIAN_POINT('Origin',(39.4032256196265,26.4133243144149,1.51));
#7691=CARTESIAN_POINT('Origin',(33.767786,19.506946,1.51));
#7692=CARTESIAN_POINT('Origin',(-3.17299704486726,47.3308565348538,1.51));
#7693=CARTESIAN_POINT('Origin',(42.5762226644937,-20.9175322204389,1.51));
#7694=CARTESIAN_POINT('Origin',(34.1761755433768,-29.4311630830053,1.51));
#7695=CARTESIAN_POINT('Origin',(22.9292646480961,-35.9245701159474,1.51));
#7696=CARTESIAN_POINT('Origin',(-44.2562226644938,-21.3676868637231,1.51));
#7697=CARTESIAN_POINT('',(-44.2562226644938,-21.3676868637231,1.51));
#7698=CARTESIAN_POINT('Origin',(-44.2562226644937,21.3676868637232,1.51));
#7699=CARTESIAN_POINT('',(-44.2562226644937,21.3676868637232,1.51));
#7700=CARTESIAN_POINT('Origin',(-40.6330709763421,27.6431696711307,1.51));
#7701=CARTESIAN_POINT('',(-40.6330709763421,27.6431696711307,1.51));
#7702=CARTESIAN_POINT('Origin',(-3.62315168815154,49.0108565348538,1.51));
#7703=CARTESIAN_POINT('',(-3.62315168815154,49.0108565348538,1.51));
#7704=CARTESIAN_POINT('Origin',(3.62315168815162,49.0108565348538,1.51));
#7705=CARTESIAN_POINT('',(3.62315168815162,49.0108565348538,1.51));
#7706=CARTESIAN_POINT('Origin',(40.6330709763422,27.6431696711306,1.51));
#7707=CARTESIAN_POINT('',(0.,0.,0.));
#7708=UNCERTAINTY_MEASURE_WITH_UNIT(LENGTH_MEASURE(0.01),#7714,
'DISTANCE_ACCURACY_VALUE',
'Maximum model space distance between geometric entities at asserted c
onnectivities');
#7709=UNCERTAINTY_MEASURE_WITH_UNIT(LENGTH_MEASURE(0.01),#7714,
'DISTANCE_ACCURACY_VALUE',
'Maximum model space distance between geometric entities at asserted c
onnectivities');
#7710=UNCERTAINTY_MEASURE_WITH_UNIT(LENGTH_MEASURE(0.01),#7714,
'DISTANCE_ACCURACY_VALUE',
'Maximum model space distance between geometric entities at asserted c
onnectivities');
#7711=(
GEOMETRIC_REPRESENTATION_CONTEXT(3)
GLOBAL_UNCERTAINTY_ASSIGNED_CONTEXT((#7708))
GLOBAL_UNIT_ASSIGNED_CONTEXT((#7714,#7716,#7717))
REPRESENTATION_CONTEXT('','3D')
);
#7712=(
GEOMETRIC_REPRESENTATION_CONTEXT(3)
GLOBAL_UNCERTAINTY_ASSIGNED_CONTEXT((#7709))
GLOBAL_UNIT_ASSIGNED_CONTEXT((#7714,#7716,#7717))
REPRESENTATION_CONTEXT('','3D')
);
#7713=(
GEOMETRIC_REPRESENTATION_CONTEXT(3)
GLOBAL_UNCERTAINTY_ASSIGNED_CONTEXT((#7710))
GLOBAL_UNIT_ASSIGNED_CONTEXT((#7714,#7716,#7717))
REPRESENTATION_CONTEXT('','3D')
);
#7714=(
LENGTH_UNIT()
NAMED_UNIT(*)
SI_UNIT(.MILLI.,.METRE.)
);
#7715=(
LENGTH_UNIT()
NAMED_UNIT(*)
SI_UNIT($,.METRE.)
);
#7716=(
NAMED_UNIT(*)
PLANE_ANGLE_UNIT()
SI_UNIT($,.RADIAN.)
);
#7717=(
NAMED_UNIT(*)
SI_UNIT($,.STERADIAN.)
SOLID_ANGLE_UNIT()
);
#7718=SHAPE_DEFINITION_REPRESENTATION(#7720,#7723);
#7719=SHAPE_DEFINITION_REPRESENTATION(#7721,#7724);
#7720=PRODUCT_DEFINITION_SHAPE('',$,#7726);
#7721=PRODUCT_DEFINITION_SHAPE('',$,#7727);
#7722=PRODUCT_DEFINITION_SHAPE($,$,#14);
#7723=SHAPE_REPRESENTATION('',(#4445,#4836),#7711);
#7724=SHAPE_REPRESENTATION('',(#4446),#7712);
#7725=PRODUCT_DEFINITION_CONTEXT('part definition',#7733,'design');
#7726=PRODUCT_DEFINITION('SMTSO','Frame Case - Tildagon 2026 v14',#7728,
#7725);
#7727=PRODUCT_DEFINITION('Frame Case','Frame Case',#7729,#7725);
#7728=PRODUCT_DEFINITION_FORMATION('',$,#7735);
#7729=PRODUCT_DEFINITION_FORMATION('',$,#7736);
#7730=PRODUCT_RELATED_PRODUCT_CATEGORY('Frame Case - Tildagon 2026 v14',
'Frame Case - Tildagon 2026 v14',(#7735));
#7731=PRODUCT_RELATED_PRODUCT_CATEGORY('Frame Case','Frame Case',(#7736));
#7732=APPLICATION_PROTOCOL_DEFINITION('international standard',
'automotive_design',2009,#7733);
#7733=APPLICATION_CONTEXT(
'Core Data for Automotive Mechanical Design Process');
#7734=PRODUCT_CONTEXT('part definition',#7733,'mechanical');
#7735=PRODUCT('SMTSO','Frame Case - Tildagon 2026 v14','FreeCAD Model',
(#7734));
#7736=PRODUCT('Frame Case','Frame Case',$,(#7734));
#7737=PRESENTATION_STYLE_ASSIGNMENT((#7739));
#7738=PRESENTATION_STYLE_ASSIGNMENT((#7740));
#7739=SURFACE_STYLE_USAGE(.BOTH.,#7741);
#7740=SURFACE_STYLE_USAGE(.BOTH.,#7742);
#7741=SURFACE_SIDE_STYLE('',(#7743));
#7742=SURFACE_SIDE_STYLE('',(#7744));
#7743=SURFACE_STYLE_FILL_AREA(#7745);
#7744=SURFACE_STYLE_FILL_AREA(#7746);
#7745=FILL_AREA_STYLE('Steel - Satin',(#7747));
#7746=FILL_AREA_STYLE('Opaque(191,191,0)',(#7748));
#7747=FILL_AREA_STYLE_COLOUR('Steel - Satin',#7749);
#7748=FILL_AREA_STYLE_COLOUR('Opaque(191,191,0)',#7750);
#7749=COLOUR_RGB('Steel - Satin',0.627450980392157,0.627450980392157,0.627450980392157);
#7750=COLOUR_RGB('Opaque(191,191,0)',0.749019607843137,0.749019607843137,
0.);
ENDSEC;
END-ISO-10303-21;
