ISO-10303-21;
HEADER;
/* Generated by software containing ST-Developer
 * from STEP Tools, Inc. (www.steptools.com) 
 */

FILE_DESCRIPTION(
/* description */ ('FreeCAD Model'),
/* implementation_level */ '2;1');

FILE_NAME(
/* name */ 'frame-case-v9.step',
/* time_stamp */ '2026-06-09T11:07:33+01:00',
/* author */ (''),
/* organization */ (''),
/* preprocessor_version */ 'ST-DEVELOPER v20.1',
/* originating_system */ 'Autodesk Translation Framework v15.8.0.0',
/* authorisation */ '');

FILE_SCHEMA (('AUTOMOTIVE_DESIGN { 1 0 10303 214 3 1 1 }'));
ENDSEC;

DATA;
#10=MECHANICAL_DESIGN_GEOMETRIC_PRESENTATION_REPRESENTATION('',(#17),#5207);
#11=ITEM_DEFINED_TRANSFORMATION($,$,#3119,#3302);
#12=(
REPRESENTATION_RELATIONSHIP($,$,#5218,#5217)
REPRESENTATION_RELATIONSHIP_WITH_TRANSFORMATION(#11)
SHAPE_REPRESENTATION_RELATIONSHIP()
);
#13=CONTEXT_DEPENDENT_SHAPE_REPRESENTATION(#12,#5216);
#14=NEXT_ASSEMBLY_USAGE_OCCURRENCE('Frame Case:1','Frame Case:1',
'Frame Case:1',#5220,#5221,'Frame Case:1');
#15=SHAPE_REPRESENTATION_RELATIONSHIP('SRR','None',#5218,#16);
#16=ADVANCED_BREP_SHAPE_REPRESENTATION('',(#18),#5206);
#17=STYLED_ITEM('',(#5232),#18);
#18=MANIFOLD_SOLID_BREP('Body1',#3105);
#19=CYLINDRICAL_SURFACE('',#3230,2.98);
#20=CYLINDRICAL_SURFACE('',#3241,13.7848585180386);
#21=CYLINDRICAL_SURFACE('',#3243,20.0001247965971);
#22=CYLINDRICAL_SURFACE('',#3244,9.53665329327062);
#23=CYLINDRICAL_SURFACE('',#3250,2.98);
#24=CYLINDRICAL_SURFACE('',#3255,2.98);
#25=CYLINDRICAL_SURFACE('',#3258,20.0001247965971);
#26=CYLINDRICAL_SURFACE('',#3260,9.53665329327062);
#27=CYLINDRICAL_SURFACE('',#3261,13.7848585180386);
#28=CYLINDRICAL_SURFACE('',#3264,20.0001247965971);
#29=CYLINDRICAL_SURFACE('',#3267,20.0001247965971);
#30=CYLINDRICAL_SURFACE('',#3271,9.53665329327062);
#31=CYLINDRICAL_SURFACE('',#3274,20.0001247965971);
#32=CYLINDRICAL_SURFACE('',#3275,16.5000588809659);
#33=CYLINDRICAL_SURFACE('',#3276,10.2847624490453);
#34=CYLINDRICAL_SURFACE('',#3277,3.50018491795778);
#35=CYLINDRICAL_SURFACE('',#3278,6.03634357106366);
#36=CYLINDRICAL_SURFACE('',#3281,13.7848585180386);
#37=CYLINDRICAL_SURFACE('',#3282,20.0001247965971);
#38=CYLINDRICAL_SURFACE('',#3289,4.24);
#39=CYLINDRICAL_SURFACE('',#3293,4.24);
#40=B_SPLINE_SURFACE_WITH_KNOTS('',3,3,((#4668,#4669,#4670,#4671,#4672,
#4673),(#4674,#4675,#4676,#4677,#4678,#4679),(#4680,#4681,#4682,#4683,#4684,
#4685),(#4686,#4687,#4688,#4689,#4690,#4691)),.UNSPECIFIED.,.F.,.F.,.F.,
(4,4),(4,2,4),(0.,1.),(-0.126041224357516,-0.0630206112643982,5.55111512312578E-17),
 .UNSPECIFIED.);
#41=B_SPLINE_SURFACE_WITH_KNOTS('',3,3,((#4739,#4740,#4741,#4742,#4743,
#4744),(#4745,#4746,#4747,#4748,#4749,#4750),(#4751,#4752,#4753,#4754,#4755,
#4756),(#4757,#4758,#4759,#4760,#4761,#4762)),.UNSPECIFIED.,.F.,.F.,.F.,
(4,4),(4,2,4),(0.,1.),(-0.126023604287429,-0.063011780067464,1.34747008985728E-14),
 .UNSPECIFIED.);
#42=B_SPLINE_SURFACE_WITH_KNOTS('',3,3,((#4792,#4793,#4794,#4795,#4796,
#4797),(#4798,#4799,#4800,#4801,#4802,#4803),(#4804,#4805,#4806,#4807,#4808,
#4809),(#4810,#4811,#4812,#4813,#4814,#4815)),.UNSPECIFIED.,.F.,.F.,.F.,
(4,4),(4,2,4),(0.,1.),(-0.126041229554308,-0.0630206156916245,4.15858194444001E-17),
 .UNSPECIFIED.);
#43=B_SPLINE_SURFACE_WITH_KNOTS('',3,3,((#4852,#4853,#4854,#4855,#4856,
#4857),(#4858,#4859,#4860,#4861,#4862,#4863),(#4864,#4865,#4866,#4867,#4868,
#4869),(#4870,#4871,#4872,#4873,#4874,#4875)),.UNSPECIFIED.,.F.,.F.,.F.,
(4,4),(4,2,4),(0.,1.),(-0.126022114441553,-0.0630110348913833,3.99680288865056E-15),
 .UNSPECIFIED.);
#44=B_SPLINE_SURFACE_WITH_KNOTS('',3,3,((#4901,#4902,#4903,#4904,#4905,
#4906),(#4907,#4908,#4909,#4910,#4911,#4912),(#4913,#4914,#4915,#4916,#4917,
#4918),(#4919,#4920,#4921,#4922,#4923,#4924)),.UNSPECIFIED.,.F.,.F.,.F.,
(4,4),(4,2,4),(0.,1.),(-0.126038866419699,-0.0630194550085341,4.44089209850063E-16),
 .UNSPECIFIED.);
#45=B_SPLINE_SURFACE_WITH_KNOTS('',3,3,((#4950,#4951,#4952,#4953,#4954,
#4955),(#4956,#4957,#4958,#4959,#4960,#4961),(#4962,#4963,#4964,#4965,#4966,
#4967),(#4968,#4969,#4970,#4971,#4972,#4973)),.UNSPECIFIED.,.F.,.F.,.F.,
(4,4),(4,2,4),(0.,1.),(-0.126021915772281,-0.0630109355682383,5.28466159721575E-14),
 .UNSPECIFIED.);
#46=B_SPLINE_CURVE_WITH_KNOTS('',3,(#4467,#4468,#4469,#4470,#4471,#4472),
 .UNSPECIFIED.,.F.,.F.,(4,2,4),(0.00395649690156794,0.063011780067464,0.120034669588126),
 .UNSPECIFIED.);
#47=B_SPLINE_CURVE_WITH_KNOTS('',3,(#4516,#4517,#4518,#4519,#4520,#4521),
 .UNSPECIFIED.,.F.,.F.,(4,2,4),(0.00443060373213133,0.0630109355682383,
0.120506983053986),.UNSPECIFIED.);
#48=B_SPLINE_CURVE_WITH_KNOTS('',3,(#4538,#4539,#4540,#4541,#4542,#4543),
 .UNSPECIFIED.,.F.,.F.,(4,2,4),(0.00792972174744044,0.0630206156916245,
0.124020939609586),.UNSPECIFIED.);
#49=B_SPLINE_CURVE_WITH_KNOTS('',3,(#4554,#4555,#4556,#4557,#4558,#4559),
 .UNSPECIFIED.,.F.,.F.,(4,2,4),(0.00220000391626174,0.0630194550085341,
0.118289600887689),.UNSPECIFIED.);
#50=B_SPLINE_CURVE_WITH_KNOTS('',3,(#4599,#4600,#4601,#4602,#4603,#4604),
 .UNSPECIFIED.,.F.,.F.,(4,2,4),(0.00202067341308099,0.0630206112643982,
0.118111887218106),.UNSPECIFIED.);
#51=B_SPLINE_CURVE_WITH_KNOTS('',3,(#4624,#4625,#4626,#4627,#4628,#4629),
 .UNSPECIFIED.,.F.,.F.,(4,2,4),(0.00435576073290234,0.0630110348913833,
0.120432295493777),.UNSPECIFIED.);
#52=B_SPLINE_CURVE_WITH_KNOTS('',3,(#4693,#4694,#4695,#4696,#4697,#4698),
 .UNSPECIFIED.,.F.,.F.,(4,2,4),(0.,0.127228734135666,0.254465149291278),
 .UNSPECIFIED.);
#53=B_SPLINE_CURVE_WITH_KNOTS('',3,(#4700,#4701,#4702,#4703,#4704,#4705),
 .UNSPECIFIED.,.F.,.F.,(4,2,4),(0.,0.127287949006401,0.254577173004602),
 .UNSPECIFIED.);
#54=B_SPLINE_CURVE_WITH_KNOTS('',3,(#4706,#4707,#4708,#4709,#4710,#4711),
 .UNSPECIFIED.,.F.,.F.,(4,2,4),(0.,0.0630206112643982,0.126041224357516),
 .UNSPECIFIED.);
#55=B_SPLINE_CURVE_WITH_KNOTS('',3,(#4764,#4765,#4766,#4767,#4768,#4769),
 .UNSPECIFIED.,.F.,.F.,(4,2,4),(0.,0.127241662021682,0.254489786619975),
 .UNSPECIFIED.);
#56=B_SPLINE_CURVE_WITH_KNOTS('',3,(#4771,#4772,#4773,#4774,#4775,#4776),
 .UNSPECIFIED.,.F.,.F.,(4,2,4),(0.,0.127262112296636,0.254519758484238),
 .UNSPECIFIED.);
#57=B_SPLINE_CURVE_WITH_KNOTS('',3,(#4777,#4778,#4779,#4780,#4781,#4782),
 .UNSPECIFIED.,.F.,.F.,(4,2,4),(0.,0.063011780067464,0.126023604287429),
 .UNSPECIFIED.);
#58=B_SPLINE_CURVE_WITH_KNOTS('',3,(#4817,#4818,#4819,#4820,#4821,#4822),
 .UNSPECIFIED.,.F.,.F.,(4,2,4),(0.,0.127288335587983,0.254590248350383),
 .UNSPECIFIED.);
#59=B_SPLINE_CURVE_WITH_KNOTS('',3,(#4824,#4825,#4826,#4827,#4828,#4829),
 .UNSPECIFIED.,.F.,.F.,(4,2,4),(0.,0.1272294710881,0.254452128944941),
 .UNSPECIFIED.);
#60=B_SPLINE_CURVE_WITH_KNOTS('',3,(#4830,#4831,#4832,#4833,#4834,#4835),
 .UNSPECIFIED.,.F.,.F.,(4,2,4),(0.,0.0630206156916245,0.126041229554308),
 .UNSPECIFIED.);
#61=B_SPLINE_CURVE_WITH_KNOTS('',3,(#4877,#4878,#4879,#4880,#4881,#4882),
 .UNSPECIFIED.,.F.,.F.,(4,2,4),(0.,0.127257403137043,0.254509918365133),
 .UNSPECIFIED.);
#62=B_SPLINE_CURVE_WITH_KNOTS('',3,(#4884,#4885,#4886,#4887,#4888,#4889),
 .UNSPECIFIED.,.F.,.F.,(4,2,4),(0.,0.0630110348913833,0.126022114441552),
 .UNSPECIFIED.);
#63=B_SPLINE_CURVE_WITH_KNOTS('',3,(#4890,#4891,#4892,#4893,#4894,#4895),
 .UNSPECIFIED.,.F.,.F.,(4,2,4),(0.,0.127245322666982,0.254496838964359),
 .UNSPECIFIED.);
#64=B_SPLINE_CURVE_WITH_KNOTS('',3,(#4926,#4927,#4928,#4929,#4930,#4931),
 .UNSPECIFIED.,.F.,.F.,(4,2,4),(0.,0.127229709164315,0.254466766016439),
 .UNSPECIFIED.);
#65=B_SPLINE_CURVE_WITH_KNOTS('',3,(#4933,#4934,#4935,#4936,#4937,#4938),
 .UNSPECIFIED.,.F.,.F.,(4,2,4),(0.,0.127286711982754,0.254571173992466),
 .UNSPECIFIED.);
#66=B_SPLINE_CURVE_WITH_KNOTS('',3,(#4939,#4940,#4941,#4942,#4943,#4944),
 .UNSPECIFIED.,.F.,.F.,(4,2,4),(0.,0.0630194550085338,0.126038866419647),
 .UNSPECIFIED.);
#67=B_SPLINE_CURVE_WITH_KNOTS('',3,(#4975,#4976,#4977,#4978,#4979,#4980),
 .UNSPECIFIED.,.F.,.F.,(4,2,4),(0.,0.127246049085509,0.254498238083208),
 .UNSPECIFIED.);
#68=B_SPLINE_CURVE_WITH_KNOTS('',3,(#4982,#4983,#4984,#4985,#4986,#4987),
 .UNSPECIFIED.,.F.,.F.,(4,2,4),(0.,0.127256556682993,0.254508149532427),
 .UNSPECIFIED.);
#69=B_SPLINE_CURVE_WITH_KNOTS('',3,(#4988,#4989,#4990,#4991,#4992,#4993),
 .UNSPECIFIED.,.F.,.F.,(4,2,4),(0.,0.0630109355682383,0.126021915772281),
 .UNSPECIFIED.);
#70=FACE_BOUND('',#295,.T.);
#71=FACE_BOUND('',#296,.T.);
#72=FACE_BOUND('',#297,.T.);
#73=FACE_BOUND('',#298,.T.);
#74=FACE_BOUND('',#299,.T.);
#75=FACE_BOUND('',#300,.T.);
#76=FACE_BOUND('',#301,.T.);
#77=FACE_BOUND('',#302,.T.);
#78=FACE_BOUND('',#303,.T.);
#79=FACE_BOUND('',#304,.T.);
#80=FACE_BOUND('',#305,.T.);
#81=FACE_BOUND('',#306,.T.);
#82=FACE_BOUND('',#307,.T.);
#83=FACE_BOUND('',#308,.T.);
#84=FACE_BOUND('',#309,.T.);
#85=FACE_BOUND('',#310,.T.);
#86=FACE_BOUND('',#324,.T.);
#87=FACE_BOUND('',#362,.T.);
#88=CIRCLE('',#3139,13.7848585180386);
#89=CIRCLE('',#3140,4.24);
#90=CIRCLE('',#3141,4.24);
#91=CIRCLE('',#3142,9.53665329327062);
#92=CIRCLE('',#3143,13.7848585180386);
#93=CIRCLE('',#3144,20.0001247965971);
#94=CIRCLE('',#3145,6.03634357106366);
#95=CIRCLE('',#3146,16.5000588809659);
#96=CIRCLE('',#3147,10.2847624490453);
#97=CIRCLE('',#3148,3.50018491795778);
#98=CIRCLE('',#3149,20.0001247965971);
#99=CIRCLE('',#3150,9.53665329327062);
#100=CIRCLE('',#3151,20.0001247965971);
#101=CIRCLE('',#3152,20.0001247965971);
#102=CIRCLE('',#3153,20.0001247965971);
#103=CIRCLE('',#3154,2.98);
#104=CIRCLE('',#3155,2.98);
#105=CIRCLE('',#3156,20.0001247965971);
#106=CIRCLE('',#3157,9.53665329327062);
#107=CIRCLE('',#3158,13.7848585180386);
#108=CIRCLE('',#3159,2.98);
#109=CIRCLE('',#3175,13.7848585180386);
#110=CIRCLE('',#3179,4.24);
#111=CIRCLE('',#3180,4.24);
#112=CIRCLE('',#3181,2.98);
#113=CIRCLE('',#3187,2.98);
#114=CIRCLE('',#3191,2.98);
#115=CIRCLE('',#3210,13.7848585180386);
#116=CIRCLE('',#3211,9.53665329327062);
#117=CIRCLE('',#3212,9.53665329327062);
#118=CIRCLE('',#3213,9.53665329327062);
#119=CIRCLE('',#3214,20.0001247965971);
#120=CIRCLE('',#3215,20.0001247965971);
#121=CIRCLE('',#3216,20.0001247965971);
#122=CIRCLE('',#3217,20.0001247965971);
#123=CIRCLE('',#3218,20.0001247965971);
#124=CIRCLE('',#3219,20.0001247965971);
#125=CIRCLE('',#3220,13.7848585180386);
#126=CIRCLE('',#3221,13.7848585180386);
#127=CIRCLE('',#3222,13.7848585180386);
#128=CIRCLE('',#3223,6.03634357106366);
#129=CIRCLE('',#3224,3.50018491795778);
#130=CIRCLE('',#3225,10.2847624490453);
#131=CIRCLE('',#3226,16.5000588809659);
#132=FACE_OUTER_BOUND('',#276,.T.);
#133=FACE_OUTER_BOUND('',#277,.T.);
#134=FACE_OUTER_BOUND('',#278,.T.);
#135=FACE_OUTER_BOUND('',#279,.T.);
#136=FACE_OUTER_BOUND('',#280,.T.);
#137=FACE_OUTER_BOUND('',#281,.T.);
#138=FACE_OUTER_BOUND('',#282,.T.);
#139=FACE_OUTER_BOUND('',#283,.T.);
#140=FACE_OUTER_BOUND('',#284,.T.);
#141=FACE_OUTER_BOUND('',#285,.T.);
#142=FACE_OUTER_BOUND('',#286,.T.);
#143=FACE_OUTER_BOUND('',#287,.T.);
#144=FACE_OUTER_BOUND('',#288,.T.);
#145=FACE_OUTER_BOUND('',#289,.T.);
#146=FACE_OUTER_BOUND('',#290,.T.);
#147=FACE_OUTER_BOUND('',#291,.T.);
#148=FACE_OUTER_BOUND('',#292,.T.);
#149=FACE_OUTER_BOUND('',#293,.T.);
#150=FACE_OUTER_BOUND('',#294,.T.);
#151=FACE_OUTER_BOUND('',#311,.T.);
#152=FACE_OUTER_BOUND('',#312,.T.);
#153=FACE_OUTER_BOUND('',#313,.T.);
#154=FACE_OUTER_BOUND('',#314,.T.);
#155=FACE_OUTER_BOUND('',#315,.T.);
#156=FACE_OUTER_BOUND('',#316,.T.);
#157=FACE_OUTER_BOUND('',#317,.T.);
#158=FACE_OUTER_BOUND('',#318,.T.);
#159=FACE_OUTER_BOUND('',#319,.T.);
#160=FACE_OUTER_BOUND('',#320,.T.);
#161=FACE_OUTER_BOUND('',#321,.T.);
#162=FACE_OUTER_BOUND('',#322,.T.);
#163=FACE_OUTER_BOUND('',#323,.T.);
#164=FACE_OUTER_BOUND('',#325,.T.);
#165=FACE_OUTER_BOUND('',#326,.T.);
#166=FACE_OUTER_BOUND('',#327,.T.);
#167=FACE_OUTER_BOUND('',#328,.T.);
#168=FACE_OUTER_BOUND('',#329,.T.);
#169=FACE_OUTER_BOUND('',#330,.T.);
#170=FACE_OUTER_BOUND('',#331,.T.);
#171=FACE_OUTER_BOUND('',#332,.T.);
#172=FACE_OUTER_BOUND('',#333,.T.);
#173=FACE_OUTER_BOUND('',#334,.T.);
#174=FACE_OUTER_BOUND('',#335,.T.);
#175=FACE_OUTER_BOUND('',#336,.T.);
#176=FACE_OUTER_BOUND('',#337,.T.);
#177=FACE_OUTER_BOUND('',#338,.T.);
#178=FACE_OUTER_BOUND('',#339,.T.);
#179=FACE_OUTER_BOUND('',#340,.T.);
#180=FACE_OUTER_BOUND('',#341,.T.);
#181=FACE_OUTER_BOUND('',#342,.T.);
#182=FACE_OUTER_BOUND('',#343,.T.);
#183=FACE_OUTER_BOUND('',#344,.T.);
#184=FACE_OUTER_BOUND('',#345,.T.);
#185=FACE_OUTER_BOUND('',#346,.T.);
#186=FACE_OUTER_BOUND('',#347,.T.);
#187=FACE_OUTER_BOUND('',#348,.T.);
#188=FACE_OUTER_BOUND('',#349,.T.);
#189=FACE_OUTER_BOUND('',#350,.T.);
#190=FACE_OUTER_BOUND('',#351,.T.);
#191=FACE_OUTER_BOUND('',#352,.T.);
#192=FACE_OUTER_BOUND('',#353,.T.);
#193=FACE_OUTER_BOUND('',#354,.T.);
#194=FACE_OUTER_BOUND('',#355,.T.);
#195=FACE_OUTER_BOUND('',#356,.T.);
#196=FACE_OUTER_BOUND('',#357,.T.);
#197=FACE_OUTER_BOUND('',#358,.T.);
#198=FACE_OUTER_BOUND('',#359,.T.);
#199=FACE_OUTER_BOUND('',#360,.T.);
#200=FACE_OUTER_BOUND('',#361,.T.);
#201=FACE_OUTER_BOUND('',#363,.T.);
#202=FACE_OUTER_BOUND('',#364,.T.);
#203=FACE_OUTER_BOUND('',#365,.T.);
#204=FACE_OUTER_BOUND('',#366,.T.);
#205=FACE_OUTER_BOUND('',#367,.T.);
#206=FACE_OUTER_BOUND('',#368,.T.);
#207=FACE_OUTER_BOUND('',#369,.T.);
#208=FACE_OUTER_BOUND('',#370,.T.);
#209=FACE_OUTER_BOUND('',#371,.T.);
#210=FACE_OUTER_BOUND('',#372,.T.);
#211=FACE_OUTER_BOUND('',#373,.T.);
#212=FACE_OUTER_BOUND('',#374,.T.);
#213=FACE_OUTER_BOUND('',#375,.T.);
#214=FACE_OUTER_BOUND('',#376,.T.);
#215=FACE_OUTER_BOUND('',#377,.T.);
#216=FACE_OUTER_BOUND('',#378,.T.);
#217=FACE_OUTER_BOUND('',#379,.T.);
#218=FACE_OUTER_BOUND('',#380,.T.);
#219=FACE_OUTER_BOUND('',#381,.T.);
#220=FACE_OUTER_BOUND('',#382,.T.);
#221=FACE_OUTER_BOUND('',#383,.T.);
#222=FACE_OUTER_BOUND('',#384,.T.);
#223=FACE_OUTER_BOUND('',#385,.T.);
#224=FACE_OUTER_BOUND('',#386,.T.);
#225=FACE_OUTER_BOUND('',#387,.T.);
#226=FACE_OUTER_BOUND('',#388,.T.);
#227=FACE_OUTER_BOUND('',#389,.T.);
#228=FACE_OUTER_BOUND('',#390,.T.);
#229=FACE_OUTER_BOUND('',#391,.T.);
#230=FACE_OUTER_BOUND('',#392,.T.);
#231=FACE_OUTER_BOUND('',#393,.T.);
#232=FACE_OUTER_BOUND('',#394,.T.);
#233=FACE_OUTER_BOUND('',#395,.T.);
#234=FACE_OUTER_BOUND('',#396,.T.);
#235=FACE_OUTER_BOUND('',#397,.T.);
#236=FACE_OUTER_BOUND('',#398,.T.);
#237=FACE_OUTER_BOUND('',#399,.T.);
#238=FACE_OUTER_BOUND('',#400,.T.);
#239=FACE_OUTER_BOUND('',#401,.T.);
#240=FACE_OUTER_BOUND('',#402,.T.);
#241=FACE_OUTER_BOUND('',#403,.T.);
#242=FACE_OUTER_BOUND('',#404,.T.);
#243=FACE_OUTER_BOUND('',#405,.T.);
#244=FACE_OUTER_BOUND('',#406,.T.);
#245=FACE_OUTER_BOUND('',#407,.T.);
#246=FACE_OUTER_BOUND('',#408,.T.);
#247=FACE_OUTER_BOUND('',#409,.T.);
#248=FACE_OUTER_BOUND('',#410,.T.);
#249=FACE_OUTER_BOUND('',#411,.T.);
#250=FACE_OUTER_BOUND('',#412,.T.);
#251=FACE_OUTER_BOUND('',#413,.T.);
#252=FACE_OUTER_BOUND('',#414,.T.);
#253=FACE_OUTER_BOUND('',#415,.T.);
#254=FACE_OUTER_BOUND('',#416,.T.);
#255=FACE_OUTER_BOUND('',#417,.T.);
#256=FACE_OUTER_BOUND('',#418,.T.);
#257=FACE_OUTER_BOUND('',#419,.T.);
#258=FACE_OUTER_BOUND('',#420,.T.);
#259=FACE_OUTER_BOUND('',#421,.T.);
#260=FACE_OUTER_BOUND('',#422,.T.);
#261=FACE_OUTER_BOUND('',#423,.T.);
#262=FACE_OUTER_BOUND('',#424,.T.);
#263=FACE_OUTER_BOUND('',#425,.T.);
#264=FACE_OUTER_BOUND('',#426,.T.);
#265=FACE_OUTER_BOUND('',#427,.T.);
#266=FACE_OUTER_BOUND('',#428,.T.);
#267=FACE_OUTER_BOUND('',#429,.T.);
#268=FACE_OUTER_BOUND('',#430,.T.);
#269=FACE_OUTER_BOUND('',#431,.T.);
#270=FACE_OUTER_BOUND('',#432,.T.);
#271=FACE_OUTER_BOUND('',#433,.T.);
#272=FACE_OUTER_BOUND('',#434,.T.);
#273=FACE_OUTER_BOUND('',#435,.T.);
#274=FACE_OUTER_BOUND('',#436,.T.);
#275=FACE_OUTER_BOUND('',#437,.T.);
#276=EDGE_LOOP('',(#1944,#1945,#1946,#1947));
#277=EDGE_LOOP('',(#1948,#1949,#1950,#1951));
#278=EDGE_LOOP('',(#1952,#1953,#1954,#1955));
#279=EDGE_LOOP('',(#1956,#1957,#1958,#1959));
#280=EDGE_LOOP('',(#1960,#1961,#1962,#1963));
#281=EDGE_LOOP('',(#1964,#1965,#1966,#1967));
#282=EDGE_LOOP('',(#1968,#1969,#1970,#1971));
#283=EDGE_LOOP('',(#1972,#1973,#1974,#1975));
#284=EDGE_LOOP('',(#1976,#1977,#1978,#1979));
#285=EDGE_LOOP('',(#1980,#1981,#1982,#1983));
#286=EDGE_LOOP('',(#1984,#1985,#1986,#1987));
#287=EDGE_LOOP('',(#1988,#1989,#1990,#1991));
#288=EDGE_LOOP('',(#1992,#1993,#1994,#1995));
#289=EDGE_LOOP('',(#1996,#1997,#1998,#1999));
#290=EDGE_LOOP('',(#2000,#2001,#2002,#2003));
#291=EDGE_LOOP('',(#2004,#2005,#2006,#2007));
#292=EDGE_LOOP('',(#2008,#2009,#2010,#2011));
#293=EDGE_LOOP('',(#2012,#2013,#2014,#2015));
#294=EDGE_LOOP('',(#2016,#2017,#2018,#2019,#2020,#2021,#2022,#2023,#2024,
#2025,#2026,#2027));
#295=EDGE_LOOP('',(#2028,#2029,#2030,#2031,#2032,#2033,#2034,#2035,#2036,
#2037,#2038,#2039,#2040,#2041,#2042,#2043,#2044,#2045));
#296=EDGE_LOOP('',(#2046,#2047,#2048,#2049,#2050,#2051));
#297=EDGE_LOOP('',(#2052,#2053,#2054,#2055,#2056,#2057));
#298=EDGE_LOOP('',(#2058,#2059,#2060,#2061));
#299=EDGE_LOOP('',(#2062,#2063,#2064,#2065,#2066));
#300=EDGE_LOOP('',(#2067,#2068,#2069,#2070,#2071));
#301=EDGE_LOOP('',(#2072,#2073,#2074,#2075,#2076,#2077));
#302=EDGE_LOOP('',(#2078,#2079,#2080,#2081,#2082));
#303=EDGE_LOOP('',(#2083,#2084,#2085,#2086,#2087));
#304=EDGE_LOOP('',(#2088,#2089,#2090,#2091,#2092,#2093));
#305=EDGE_LOOP('',(#2094,#2095,#2096,#2097,#2098,#2099));
#306=EDGE_LOOP('',(#2100,#2101,#2102,#2103,#2104,#2105));
#307=EDGE_LOOP('',(#2106,#2107,#2108,#2109,#2110));
#308=EDGE_LOOP('',(#2111,#2112,#2113,#2114,#2115,#2116));
#309=EDGE_LOOP('',(#2117,#2118,#2119,#2120));
#310=EDGE_LOOP('',(#2121,#2122,#2123,#2124,#2125,#2126));
#311=EDGE_LOOP('',(#2127,#2128,#2129,#2130));
#312=EDGE_LOOP('',(#2131,#2132,#2133,#2134));
#313=EDGE_LOOP('',(#2135,#2136,#2137,#2138));
#314=EDGE_LOOP('',(#2139,#2140,#2141,#2142));
#315=EDGE_LOOP('',(#2143,#2144,#2145,#2146));
#316=EDGE_LOOP('',(#2147,#2148,#2149,#2150));
#317=EDGE_LOOP('',(#2151,#2152,#2153,#2154));
#318=EDGE_LOOP('',(#2155,#2156,#2157,#2158));
#319=EDGE_LOOP('',(#2159,#2160,#2161,#2162));
#320=EDGE_LOOP('',(#2163,#2164,#2165,#2166));
#321=EDGE_LOOP('',(#2167,#2168,#2169,#2170));
#322=EDGE_LOOP('',(#2171,#2172,#2173,#2174));
#323=EDGE_LOOP('',(#2175,#2176,#2177,#2178,#2179,#2180,#2181,#2182,#2183,
#2184,#2185,#2186));
#324=EDGE_LOOP('',(#2187,#2188,#2189,#2190,#2191,#2192,#2193,#2194,#2195,
#2196,#2197,#2198));
#325=EDGE_LOOP('',(#2199,#2200,#2201,#2202));
#326=EDGE_LOOP('',(#2203,#2204,#2205,#2206));
#327=EDGE_LOOP('',(#2207,#2208,#2209,#2210,#2211,#2212,#2213,#2214));
#328=EDGE_LOOP('',(#2215,#2216,#2217,#2218));
#329=EDGE_LOOP('',(#2219,#2220,#2221,#2222,#2223,#2224,#2225,#2226,#2227,
#2228,#2229,#2230));
#330=EDGE_LOOP('',(#2231,#2232,#2233,#2234,#2235,#2236,#2237,#2238,#2239,
#2240));
#331=EDGE_LOOP('',(#2241,#2242,#2243,#2244));
#332=EDGE_LOOP('',(#2245,#2246,#2247,#2248));
#333=EDGE_LOOP('',(#2249,#2250,#2251,#2252,#2253,#2254,#2255,#2256,#2257,
#2258));
#334=EDGE_LOOP('',(#2259,#2260,#2261,#2262,#2263,#2264,#2265,#2266,#2267,
#2268));
#335=EDGE_LOOP('',(#2269,#2270,#2271,#2272));
#336=EDGE_LOOP('',(#2273,#2274,#2275,#2276));
#337=EDGE_LOOP('',(#2277,#2278,#2279,#2280,#2281,#2282,#2283,#2284,#2285,
#2286));
#338=EDGE_LOOP('',(#2287,#2288,#2289,#2290));
#339=EDGE_LOOP('',(#2291,#2292,#2293,#2294));
#340=EDGE_LOOP('',(#2295,#2296,#2297,#2298));
#341=EDGE_LOOP('',(#2299,#2300,#2301,#2302,#2303));
#342=EDGE_LOOP('',(#2304,#2305,#2306,#2307));
#343=EDGE_LOOP('',(#2308,#2309,#2310,#2311,#2312,#2313));
#344=EDGE_LOOP('',(#2314,#2315,#2316,#2317));
#345=EDGE_LOOP('',(#2318,#2319,#2320,#2321,#2322,#2323));
#346=EDGE_LOOP('',(#2324,#2325,#2326,#2327));
#347=EDGE_LOOP('',(#2328,#2329,#2330,#2331,#2332,#2333));
#348=EDGE_LOOP('',(#2334,#2335,#2336,#2337));
#349=EDGE_LOOP('',(#2338,#2339,#2340,#2341,#2342,#2343));
#350=EDGE_LOOP('',(#2344,#2345,#2346,#2347));
#351=EDGE_LOOP('',(#2348,#2349,#2350,#2351));
#352=EDGE_LOOP('',(#2352,#2353,#2354,#2355,#2356,#2357));
#353=EDGE_LOOP('',(#2358,#2359,#2360,#2361));
#354=EDGE_LOOP('',(#2362,#2363,#2364,#2365,#2366,#2367));
#355=EDGE_LOOP('',(#2368,#2369,#2370,#2371));
#356=EDGE_LOOP('',(#2372,#2373,#2374,#2375,#2376,#2377));
#357=EDGE_LOOP('',(#2378,#2379,#2380,#2381));
#358=EDGE_LOOP('',(#2382,#2383,#2384,#2385,#2386,#2387));
#359=EDGE_LOOP('',(#2388,#2389,#2390,#2391));
#360=EDGE_LOOP('',(#2392,#2393,#2394,#2395,#2396,#2397));
#361=EDGE_LOOP('',(#2398,#2399,#2400,#2401,#2402,#2403,#2404,#2405,#2406,
#2407,#2408,#2409,#2410,#2411,#2412,#2413,#2414,#2415,#2416,#2417,#2418,
#2419,#2420,#2421,#2422,#2423,#2424,#2425,#2426,#2427,#2428,#2429,#2430,
#2431,#2432,#2433,#2434,#2435,#2436,#2437,#2438,#2439,#2440));
#362=EDGE_LOOP('',(#2441,#2442,#2443,#2444));
#363=EDGE_LOOP('',(#2445,#2446,#2447,#2448));
#364=EDGE_LOOP('',(#2449,#2450,#2451,#2452));
#365=EDGE_LOOP('',(#2453,#2454,#2455,#2456));
#366=EDGE_LOOP('',(#2457,#2458,#2459,#2460));
#367=EDGE_LOOP('',(#2461,#2462,#2463,#2464,#2465,#2466,#2467,#2468,#2469,
#2470,#2471,#2472,#2473,#2474,#2475,#2476));
#368=EDGE_LOOP('',(#2477,#2478,#2479,#2480));
#369=EDGE_LOOP('',(#2481,#2482,#2483,#2484,#2485,#2486,#2487,#2488,#2489,
#2490,#2491,#2492,#2493,#2494,#2495,#2496));
#370=EDGE_LOOP('',(#2497,#2498,#2499,#2500));
#371=EDGE_LOOP('',(#2501,#2502,#2503,#2504));
#372=EDGE_LOOP('',(#2505,#2506,#2507,#2508));
#373=EDGE_LOOP('',(#2509,#2510,#2511,#2512));
#374=EDGE_LOOP('',(#2513,#2514,#2515,#2516));
#375=EDGE_LOOP('',(#2517,#2518,#2519,#2520,#2521,#2522,#2523,#2524,#2525,
#2526,#2527,#2528,#2529,#2530,#2531,#2532));
#376=EDGE_LOOP('',(#2533,#2534,#2535,#2536));
#377=EDGE_LOOP('',(#2537,#2538,#2539,#2540));
#378=EDGE_LOOP('',(#2541,#2542,#2543,#2544));
#379=EDGE_LOOP('',(#2545,#2546,#2547,#2548));
#380=EDGE_LOOP('',(#2549,#2550,#2551,#2552));
#381=EDGE_LOOP('',(#2553,#2554,#2555,#2556,#2557,#2558));
#382=EDGE_LOOP('',(#2559,#2560,#2561,#2562));
#383=EDGE_LOOP('',(#2563,#2564,#2565,#2566));
#384=EDGE_LOOP('',(#2567,#2568,#2569,#2570,#2571,#2572,#2573,#2574,#2575,
#2576,#2577,#2578,#2579,#2580,#2581,#2582));
#385=EDGE_LOOP('',(#2583,#2584,#2585,#2586));
#386=EDGE_LOOP('',(#2587,#2588,#2589,#2590));
#387=EDGE_LOOP('',(#2591,#2592,#2593,#2594));
#388=EDGE_LOOP('',(#2595,#2596,#2597,#2598,#2599,#2600,#2601,#2602,#2603,
#2604,#2605,#2606,#2607,#2608,#2609,#2610));
#389=EDGE_LOOP('',(#2611,#2612,#2613,#2614));
#390=EDGE_LOOP('',(#2615,#2616,#2617,#2618));
#391=EDGE_LOOP('',(#2619,#2620,#2621,#2622));
#392=EDGE_LOOP('',(#2623,#2624,#2625,#2626,#2627,#2628));
#393=EDGE_LOOP('',(#2629,#2630,#2631,#2632));
#394=EDGE_LOOP('',(#2633,#2634,#2635,#2636));
#395=EDGE_LOOP('',(#2637,#2638,#2639,#2640));
#396=EDGE_LOOP('',(#2641,#2642,#2643,#2644));
#397=EDGE_LOOP('',(#2645,#2646,#2647,#2648,#2649,#2650,#2651,#2652));
#398=EDGE_LOOP('',(#2653,#2654,#2655,#2656,#2657,#2658,#2659,#2660));
#399=EDGE_LOOP('',(#2661,#2662,#2663,#2664));
#400=EDGE_LOOP('',(#2665,#2666,#2667,#2668));
#401=EDGE_LOOP('',(#2669,#2670,#2671,#2672,#2673,#2674));
#402=EDGE_LOOP('',(#2675,#2676,#2677,#2678));
#403=EDGE_LOOP('',(#2679,#2680,#2681,#2682));
#404=EDGE_LOOP('',(#2683,#2684,#2685,#2686,#2687,#2688));
#405=EDGE_LOOP('',(#2689,#2690,#2691,#2692,#2693,#2694));
#406=EDGE_LOOP('',(#2695,#2696,#2697,#2698));
#407=EDGE_LOOP('',(#2699,#2700,#2701,#2702));
#408=EDGE_LOOP('',(#2703,#2704,#2705,#2706,#2707,#2708));
#409=EDGE_LOOP('',(#2709,#2710,#2711,#2712));
#410=EDGE_LOOP('',(#2713,#2714,#2715,#2716));
#411=EDGE_LOOP('',(#2717,#2718,#2719,#2720));
#412=EDGE_LOOP('',(#2721,#2722,#2723,#2724));
#413=EDGE_LOOP('',(#2725,#2726,#2727,#2728));
#414=EDGE_LOOP('',(#2729,#2730,#2731,#2732));
#415=EDGE_LOOP('',(#2733,#2734,#2735,#2736));
#416=EDGE_LOOP('',(#2737,#2738,#2739,#2740,#2741,#2742));
#417=EDGE_LOOP('',(#2743,#2744,#2745,#2746));
#418=EDGE_LOOP('',(#2747,#2748,#2749,#2750));
#419=EDGE_LOOP('',(#2751,#2752,#2753,#2754,#2755,#2756));
#420=EDGE_LOOP('',(#2757,#2758,#2759,#2760));
#421=EDGE_LOOP('',(#2761,#2762,#2763,#2764,#2765,#2766,#2767,#2768,#2769,
#2770,#2771,#2772,#2773,#2774,#2775,#2776));
#422=EDGE_LOOP('',(#2777,#2778,#2779,#2780));
#423=EDGE_LOOP('',(#2781,#2782,#2783,#2784));
#424=EDGE_LOOP('',(#2785,#2786,#2787,#2788));
#425=EDGE_LOOP('',(#2789,#2790,#2791,#2792));
#426=EDGE_LOOP('',(#2793,#2794,#2795,#2796));
#427=EDGE_LOOP('',(#2797,#2798,#2799,#2800,#2801,#2802));
#428=EDGE_LOOP('',(#2803,#2804,#2805,#2806));
#429=EDGE_LOOP('',(#2807,#2808,#2809,#2810));
#430=EDGE_LOOP('',(#2811,#2812,#2813,#2814,#2815));
#431=EDGE_LOOP('',(#2816,#2817,#2818,#2819));
#432=EDGE_LOOP('',(#2820,#2821,#2822,#2823));
#433=EDGE_LOOP('',(#2824,#2825,#2826,#2827));
#434=EDGE_LOOP('',(#2828,#2829,#2830,#2831));
#435=EDGE_LOOP('',(#2832,#2833,#2834,#2835));
#436=EDGE_LOOP('',(#2836,#2837,#2838,#2839));
#437=EDGE_LOOP('',(#2840,#2841,#2842,#2843));
#438=LINE('',#4060,#820);
#439=LINE('',#4062,#821);
#440=LINE('',#4064,#822);
#441=LINE('',#4065,#823);
#442=LINE('',#4068,#824);
#443=LINE('',#4070,#825);
#444=LINE('',#4071,#826);
#445=LINE('',#4074,#827);
#446=LINE('',#4076,#828);
#447=LINE('',#4077,#829);
#448=LINE('',#4080,#830);
#449=LINE('',#4082,#831);
#450=LINE('',#4083,#832);
#451=LINE('',#4087,#833);
#452=LINE('',#4089,#834);
#453=LINE('',#4091,#835);
#454=LINE('',#4092,#836);
#455=LINE('',#4094,#837);
#456=LINE('',#4095,#838);
#457=LINE('',#4098,#839);
#458=LINE('',#4100,#840);
#459=LINE('',#4101,#841);
#460=LINE('',#4104,#842);
#461=LINE('',#4106,#843);
#462=LINE('',#4107,#844);
#463=LINE('',#4110,#845);
#464=LINE('',#4112,#846);
#465=LINE('',#4113,#847);
#466=LINE('',#4116,#848);
#467=LINE('',#4118,#849);
#468=LINE('',#4119,#850);
#469=LINE('',#4122,#851);
#470=LINE('',#4124,#852);
#471=LINE('',#4125,#853);
#472=LINE('',#4127,#854);
#473=LINE('',#4128,#855);
#474=LINE('',#4131,#856);
#475=LINE('',#4133,#857);
#476=LINE('',#4134,#858);
#477=LINE('',#4137,#859);
#478=LINE('',#4138,#860);
#479=LINE('',#4141,#861);
#480=LINE('',#4142,#862);
#481=LINE('',#4145,#863);
#482=LINE('',#4146,#864);
#483=LINE('',#4149,#865);
#484=LINE('',#4150,#866);
#485=LINE('',#4153,#867);
#486=LINE('',#4154,#868);
#487=LINE('',#4160,#869);
#488=LINE('',#4162,#870);
#489=LINE('',#4164,#871);
#490=LINE('',#4168,#872);
#491=LINE('',#4170,#873);
#492=LINE('',#4172,#874);
#493=LINE('',#4176,#875);
#494=LINE('',#4178,#876);
#495=LINE('',#4180,#877);
#496=LINE('',#4182,#878);
#497=LINE('',#4184,#879);
#498=LINE('',#4186,#880);
#499=LINE('',#4188,#881);
#500=LINE('',#4190,#882);
#501=LINE('',#4194,#883);
#502=LINE('',#4196,#884);
#503=LINE('',#4198,#885);
#504=LINE('',#4200,#886);
#505=LINE('',#4202,#887);
#506=LINE('',#4203,#888);
#507=LINE('',#4206,#889);
#508=LINE('',#4208,#890);
#509=LINE('',#4210,#891);
#510=LINE('',#4212,#892);
#511=LINE('',#4228,#893);
#512=LINE('',#4230,#894);
#513=LINE('',#4232,#895);
#514=LINE('',#4233,#896);
#515=LINE('',#4238,#897);
#516=LINE('',#4240,#898);
#517=LINE('',#4242,#899);
#518=LINE('',#4243,#900);
#519=LINE('',#4246,#901);
#520=LINE('',#4248,#902);
#521=LINE('',#4250,#903);
#522=LINE('',#4252,#904);
#523=LINE('',#4254,#905);
#524=LINE('',#4258,#906);
#525=LINE('',#4260,#907);
#526=LINE('',#4262,#908);
#527=LINE('',#4264,#909);
#528=LINE('',#4270,#910);
#529=LINE('',#4272,#911);
#530=LINE('',#4274,#912);
#531=LINE('',#4275,#913);
#532=LINE('',#4280,#914);
#533=LINE('',#4282,#915);
#534=LINE('',#4284,#916);
#535=LINE('',#4286,#917);
#536=LINE('',#4287,#918);
#537=LINE('',#4292,#919);
#538=LINE('',#4294,#920);
#539=LINE('',#4296,#921);
#540=LINE('',#4298,#922);
#541=LINE('',#4299,#923);
#542=LINE('',#4302,#924);
#543=LINE('',#4304,#925);
#544=LINE('',#4306,#926);
#545=LINE('',#4308,#927);
#546=LINE('',#4316,#928);
#547=LINE('',#4318,#929);
#548=LINE('',#4320,#930);
#549=LINE('',#4321,#931);
#550=LINE('',#4324,#932);
#551=LINE('',#4326,#933);
#552=LINE('',#4328,#934);
#553=LINE('',#4330,#935);
#554=LINE('',#4332,#936);
#555=LINE('',#4333,#937);
#556=LINE('',#4336,#938);
#557=LINE('',#4338,#939);
#558=LINE('',#4340,#940);
#559=LINE('',#4341,#941);
#560=LINE('',#4346,#942);
#561=LINE('',#4348,#943);
#562=LINE('',#4350,#944);
#563=LINE('',#4352,#945);
#564=LINE('',#4353,#946);
#565=LINE('',#4357,#947);
#566=LINE('',#4358,#948);
#567=LINE('',#4359,#949);
#568=LINE('',#4362,#950);
#569=LINE('',#4364,#951);
#570=LINE('',#4365,#952);
#571=LINE('',#4368,#953);
#572=LINE('',#4370,#954);
#573=LINE('',#4371,#955);
#574=LINE('',#4374,#956);
#575=LINE('',#4376,#957);
#576=LINE('',#4377,#958);
#577=LINE('',#4380,#959);
#578=LINE('',#4382,#960);
#579=LINE('',#4383,#961);
#580=LINE('',#4386,#962);
#581=LINE('',#4388,#963);
#582=LINE('',#4389,#964);
#583=LINE('',#4392,#965);
#584=LINE('',#4393,#966);
#585=LINE('',#4394,#967);
#586=LINE('',#4397,#968);
#587=LINE('',#4398,#969);
#588=LINE('',#4401,#970);
#589=LINE('',#4402,#971);
#590=LINE('',#4405,#972);
#591=LINE('',#4406,#973);
#592=LINE('',#4409,#974);
#593=LINE('',#4410,#975);
#594=LINE('',#4412,#976);
#595=LINE('',#4416,#977);
#596=LINE('',#4418,#978);
#597=LINE('',#4420,#979);
#598=LINE('',#4422,#980);
#599=LINE('',#4424,#981);
#600=LINE('',#4426,#982);
#601=LINE('',#4428,#983);
#602=LINE('',#4430,#984);
#603=LINE('',#4432,#985);
#604=LINE('',#4434,#986);
#605=LINE('',#4436,#987);
#606=LINE('',#4437,#988);
#607=LINE('',#4440,#989);
#608=LINE('',#4442,#990);
#609=LINE('',#4443,#991);
#610=LINE('',#4446,#992);
#611=LINE('',#4449,#993);
#612=LINE('',#4452,#994);
#613=LINE('',#4454,#995);
#614=LINE('',#4456,#996);
#615=LINE('',#4458,#997);
#616=LINE('',#4459,#998);
#617=LINE('',#4463,#999);
#618=LINE('',#4465,#1000);
#619=LINE('',#4473,#1001);
#620=LINE('',#4477,#1002);
#621=LINE('',#4479,#1003);
#622=LINE('',#4483,#1004);
#623=LINE('',#4485,#1005);
#624=LINE('',#4487,#1006);
#625=LINE('',#4491,#1007);
#626=LINE('',#4493,#1008);
#627=LINE('',#4495,#1009);
#628=LINE('',#4498,#1010);
#629=LINE('',#4502,#1011);
#630=LINE('',#4504,#1012);
#631=LINE('',#4506,#1013);
#632=LINE('',#4508,#1014);
#633=LINE('',#4510,#1015);
#634=LINE('',#4512,#1016);
#635=LINE('',#4514,#1017);
#636=LINE('',#4523,#1018);
#637=LINE('',#4524,#1019);
#638=LINE('',#4527,#1020);
#639=LINE('',#4529,#1021);
#640=LINE('',#4530,#1022);
#641=LINE('',#4534,#1023);
#642=LINE('',#4536,#1024);
#643=LINE('',#4544,#1025);
#644=LINE('',#4548,#1026);
#645=LINE('',#4550,#1027);
#646=LINE('',#4552,#1028);
#647=LINE('',#4561,#1029);
#648=LINE('',#4563,#1030);
#649=LINE('',#4565,#1031);
#650=LINE('',#4567,#1032);
#651=LINE('',#4569,#1033);
#652=LINE('',#4570,#1034);
#653=LINE('',#4574,#1035);
#654=LINE('',#4576,#1036);
#655=LINE('',#4580,#1037);
#656=LINE('',#4582,#1038);
#657=LINE('',#4584,#1039);
#658=LINE('',#4586,#1040);
#659=LINE('',#4588,#1041);
#660=LINE('',#4590,#1042);
#661=LINE('',#4591,#1043);
#662=LINE('',#4595,#1044);
#663=LINE('',#4597,#1045);
#664=LINE('',#4605,#1046);
#665=LINE('',#4609,#1047);
#666=LINE('',#4611,#1048);
#667=LINE('',#4613,#1049);
#668=LINE('',#4614,#1050);
#669=LINE('',#4618,#1051);
#670=LINE('',#4620,#1052);
#671=LINE('',#4622,#1053);
#672=LINE('',#4631,#1054);
#673=LINE('',#4633,#1055);
#674=LINE('',#4635,#1056);
#675=LINE('',#4637,#1057);
#676=LINE('',#4640,#1058);
#677=LINE('',#4644,#1059);
#678=LINE('',#4646,#1060);
#679=LINE('',#4648,#1061);
#680=LINE('',#4649,#1062);
#681=LINE('',#4653,#1063);
#682=LINE('',#4655,#1064);
#683=LINE('',#4657,#1065);
#684=LINE('',#4658,#1066);
#685=LINE('',#4661,#1067);
#686=LINE('',#4663,#1068);
#687=LINE('',#4664,#1069);
#688=LINE('',#4666,#1070);
#689=LINE('',#4667,#1071);
#690=LINE('',#4714,#1072);
#691=LINE('',#4715,#1073);
#692=LINE('',#4716,#1074);
#693=LINE('',#4719,#1075);
#694=LINE('',#4721,#1076);
#695=LINE('',#4722,#1077);
#696=LINE('',#4725,#1078);
#697=LINE('',#4726,#1079);
#698=LINE('',#4727,#1080);
#699=LINE('',#4730,#1081);
#700=LINE('',#4732,#1082);
#701=LINE('',#4733,#1083);
#702=LINE('',#4736,#1084);
#703=LINE('',#4737,#1085);
#704=LINE('',#4738,#1086);
#705=LINE('',#4785,#1087);
#706=LINE('',#4786,#1088);
#707=LINE('',#4787,#1089);
#708=LINE('',#4790,#1090);
#709=LINE('',#4791,#1091);
#710=LINE('',#4838,#1092);
#711=LINE('',#4839,#1093);
#712=LINE('',#4840,#1094);
#713=LINE('',#4843,#1095);
#714=LINE('',#4845,#1096);
#715=LINE('',#4846,#1097);
#716=LINE('',#4849,#1098);
#717=LINE('',#4850,#1099);
#718=LINE('',#4851,#1100);
#719=LINE('',#4898,#1101);
#720=LINE('',#4899,#1102);
#721=LINE('',#4900,#1103);
#722=LINE('',#4947,#1104);
#723=LINE('',#4948,#1105);
#724=LINE('',#4949,#1106);
#725=LINE('',#4995,#1107);
#726=LINE('',#4997,#1108);
#727=LINE('',#4998,#1109);
#728=LINE('',#5001,#1110);
#729=LINE('',#5006,#1111);
#730=LINE('',#5009,#1112);
#731=LINE('',#5014,#1113);
#732=LINE('',#5017,#1114);
#733=LINE('',#5020,#1115);
#734=LINE('',#5023,#1116);
#735=LINE('',#5026,#1117);
#736=LINE('',#5031,#1118);
#737=LINE('',#5034,#1119);
#738=LINE('',#5045,#1120);
#739=LINE('',#5046,#1121);
#740=LINE('',#5048,#1122);
#741=LINE('',#5049,#1123);
#742=LINE('',#5051,#1124);
#743=LINE('',#5052,#1125);
#744=LINE('',#5055,#1126);
#745=LINE('',#5056,#1127);
#746=LINE('',#5057,#1128);
#747=LINE('',#5058,#1129);
#748=LINE('',#5059,#1130);
#749=LINE('',#5060,#1131);
#750=LINE('',#5061,#1132);
#751=LINE('',#5063,#1133);
#752=LINE('',#5065,#1134);
#753=LINE('',#5066,#1135);
#754=LINE('',#5067,#1136);
#755=LINE('',#5068,#1137);
#756=LINE('',#5069,#1138);
#757=LINE('',#5070,#1139);
#758=LINE('',#5073,#1140);
#759=LINE('',#5074,#1141);
#760=LINE('',#5076,#1142);
#761=LINE('',#5077,#1143);
#762=LINE('',#5079,#1144);
#763=LINE('',#5081,#1145);
#764=LINE('',#5083,#1146);
#765=LINE('',#5084,#1147);
#766=LINE('',#5085,#1148);
#767=LINE('',#5087,#1149);
#768=LINE('',#5090,#1150);
#769=LINE('',#5092,#1151);
#770=LINE('',#5094,#1152);
#771=LINE('',#5096,#1153);
#772=LINE('',#5098,#1154);
#773=LINE('',#5100,#1155);
#774=LINE('',#5102,#1156);
#775=LINE('',#5103,#1157);
#776=LINE('',#5104,#1158);
#777=LINE('',#5105,#1159);
#778=LINE('',#5106,#1160);
#779=LINE('',#5107,#1161);
#780=LINE('',#5109,#1162);
#781=LINE('',#5112,#1163);
#782=LINE('',#5113,#1164);
#783=LINE('',#5115,#1165);
#784=LINE('',#5116,#1166);
#785=LINE('',#5119,#1167);
#786=LINE('',#5122,#1168);
#787=LINE('',#5123,#1169);
#788=LINE('',#5128,#1170);
#789=LINE('',#5130,#1171);
#790=LINE('',#5131,#1172);
#791=LINE('',#5135,#1173);
#792=LINE('',#5139,#1174);
#793=LINE('',#5142,#1175);
#794=LINE('',#5143,#1176);
#795=LINE('',#5147,#1177);
#796=LINE('',#5148,#1178);
#797=LINE('',#5152,#1179);
#798=LINE('',#5153,#1180);
#799=LINE('',#5155,#1181);
#800=LINE('',#5157,#1182);
#801=LINE('',#5160,#1183);
#802=LINE('',#5162,#1184);
#803=LINE('',#5164,#1185);
#804=LINE('',#5166,#1186);
#805=LINE('',#5169,#1187);
#806=LINE('',#5171,#1188);
#807=LINE('',#5172,#1189);
#808=LINE('',#5173,#1190);
#809=LINE('',#5175,#1191);
#810=LINE('',#5177,#1192);
#811=LINE('',#5180,#1193);
#812=LINE('',#5184,#1194);
#813=LINE('',#5186,#1195);
#814=LINE('',#5188,#1196);
#815=LINE('',#5191,#1197);
#816=LINE('',#5193,#1198);
#817=LINE('',#5195,#1199);
#818=LINE('',#5197,#1200);
#819=LINE('',#5199,#1201);
#820=VECTOR('',#3309,10.);
#821=VECTOR('',#3310,10.);
#822=VECTOR('',#3311,10.);
#823=VECTOR('',#3312,10.);
#824=VECTOR('',#3315,10.);
#825=VECTOR('',#3316,10.);
#826=VECTOR('',#3317,10.);
#827=VECTOR('',#3320,10.);
#828=VECTOR('',#3321,10.);
#829=VECTOR('',#3322,10.);
#830=VECTOR('',#3325,10.);
#831=VECTOR('',#3326,10.);
#832=VECTOR('',#3327,10.);
#833=VECTOR('',#3330,10.);
#834=VECTOR('',#3331,10.);
#835=VECTOR('',#3332,10.);
#836=VECTOR('',#3333,10.);
#837=VECTOR('',#3336,10.);
#838=VECTOR('',#3337,10.);
#839=VECTOR('',#3340,10.);
#840=VECTOR('',#3341,10.);
#841=VECTOR('',#3342,10.);
#842=VECTOR('',#3345,10.);
#843=VECTOR('',#3346,10.);
#844=VECTOR('',#3347,10.);
#845=VECTOR('',#3350,10.);
#846=VECTOR('',#3351,10.);
#847=VECTOR('',#3352,10.);
#848=VECTOR('',#3355,10.);
#849=VECTOR('',#3356,10.);
#850=VECTOR('',#3357,10.);
#851=VECTOR('',#3360,10.);
#852=VECTOR('',#3361,10.);
#853=VECTOR('',#3362,10.);
#854=VECTOR('',#3365,10.);
#855=VECTOR('',#3366,10.);
#856=VECTOR('',#3369,10.);
#857=VECTOR('',#3370,10.);
#858=VECTOR('',#3371,10.);
#859=VECTOR('',#3374,10.);
#860=VECTOR('',#3375,10.);
#861=VECTOR('',#3378,10.);
#862=VECTOR('',#3379,10.);
#863=VECTOR('',#3382,10.);
#864=VECTOR('',#3383,10.);
#865=VECTOR('',#3386,10.);
#866=VECTOR('',#3387,10.);
#867=VECTOR('',#3390,10.);
#868=VECTOR('',#3391,10.);
#869=VECTOR('',#3396,10.);
#870=VECTOR('',#3397,10.);
#871=VECTOR('',#3398,10.);
#872=VECTOR('',#3401,10.);
#873=VECTOR('',#3402,10.);
#874=VECTOR('',#3403,10.);
#875=VECTOR('',#3406,10.);
#876=VECTOR('',#3407,10.);
#877=VECTOR('',#3408,10.);
#878=VECTOR('',#3409,10.);
#879=VECTOR('',#3410,10.);
#880=VECTOR('',#3411,10.);
#881=VECTOR('',#3412,10.);
#882=VECTOR('',#3413,10.);
#883=VECTOR('',#3416,10.);
#884=VECTOR('',#3417,10.);
#885=VECTOR('',#3418,10.);
#886=VECTOR('',#3419,10.);
#887=VECTOR('',#3420,10.);
#888=VECTOR('',#3421,10.);
#889=VECTOR('',#3422,10.);
#890=VECTOR('',#3423,10.);
#891=VECTOR('',#3424,10.);
#892=VECTOR('',#3425,10.);
#893=VECTOR('',#3440,10.);
#894=VECTOR('',#3441,10.);
#895=VECTOR('',#3442,10.);
#896=VECTOR('',#3443,10.);
#897=VECTOR('',#3446,10.);
#898=VECTOR('',#3447,10.);
#899=VECTOR('',#3448,10.);
#900=VECTOR('',#3449,10.);
#901=VECTOR('',#3450,10.);
#902=VECTOR('',#3451,10.);
#903=VECTOR('',#3452,10.);
#904=VECTOR('',#3453,10.);
#905=VECTOR('',#3454,10.);
#906=VECTOR('',#3457,10.);
#907=VECTOR('',#3458,10.);
#908=VECTOR('',#3459,10.);
#909=VECTOR('',#3460,10.);
#910=VECTOR('',#3465,10.);
#911=VECTOR('',#3466,10.);
#912=VECTOR('',#3467,10.);
#913=VECTOR('',#3468,10.);
#914=VECTOR('',#3471,10.);
#915=VECTOR('',#3472,10.);
#916=VECTOR('',#3473,10.);
#917=VECTOR('',#3474,10.);
#918=VECTOR('',#3475,10.);
#919=VECTOR('',#3478,10.);
#920=VECTOR('',#3479,10.);
#921=VECTOR('',#3480,10.);
#922=VECTOR('',#3481,10.);
#923=VECTOR('',#3482,10.);
#924=VECTOR('',#3483,10.);
#925=VECTOR('',#3484,10.);
#926=VECTOR('',#3485,10.);
#927=VECTOR('',#3486,10.);
#928=VECTOR('',#3493,10.);
#929=VECTOR('',#3494,10.);
#930=VECTOR('',#3495,10.);
#931=VECTOR('',#3496,10.);
#932=VECTOR('',#3497,10.);
#933=VECTOR('',#3498,10.);
#934=VECTOR('',#3499,10.);
#935=VECTOR('',#3500,10.);
#936=VECTOR('',#3501,10.);
#937=VECTOR('',#3502,10.);
#938=VECTOR('',#3503,10.);
#939=VECTOR('',#3504,10.);
#940=VECTOR('',#3505,10.);
#941=VECTOR('',#3506,10.);
#942=VECTOR('',#3509,10.);
#943=VECTOR('',#3510,10.);
#944=VECTOR('',#3511,10.);
#945=VECTOR('',#3512,10.);
#946=VECTOR('',#3513,10.);
#947=VECTOR('',#3516,10.);
#948=VECTOR('',#3517,10.);
#949=VECTOR('',#3518,10.);
#950=VECTOR('',#3521,10.);
#951=VECTOR('',#3522,10.);
#952=VECTOR('',#3523,10.);
#953=VECTOR('',#3526,10.);
#954=VECTOR('',#3527,10.);
#955=VECTOR('',#3528,10.);
#956=VECTOR('',#3531,10.);
#957=VECTOR('',#3532,10.);
#958=VECTOR('',#3533,10.);
#959=VECTOR('',#3536,10.);
#960=VECTOR('',#3537,10.);
#961=VECTOR('',#3538,10.);
#962=VECTOR('',#3541,10.);
#963=VECTOR('',#3542,10.);
#964=VECTOR('',#3543,10.);
#965=VECTOR('',#3546,10.);
#966=VECTOR('',#3547,10.);
#967=VECTOR('',#3548,10.);
#968=VECTOR('',#3551,10.);
#969=VECTOR('',#3552,10.);
#970=VECTOR('',#3555,10.);
#971=VECTOR('',#3556,10.);
#972=VECTOR('',#3559,10.);
#973=VECTOR('',#3560,10.);
#974=VECTOR('',#3563,10.);
#975=VECTOR('',#3564,10.);
#976=VECTOR('',#3567,10.);
#977=VECTOR('',#3570,10.);
#978=VECTOR('',#3571,10.);
#979=VECTOR('',#3572,10.);
#980=VECTOR('',#3573,10.);
#981=VECTOR('',#3574,10.);
#982=VECTOR('',#3575,10.);
#983=VECTOR('',#3576,10.);
#984=VECTOR('',#3577,10.);
#985=VECTOR('',#3578,10.);
#986=VECTOR('',#3579,10.);
#987=VECTOR('',#3580,10.);
#988=VECTOR('',#3581,10.);
#989=VECTOR('',#3584,10.);
#990=VECTOR('',#3585,10.);
#991=VECTOR('',#3586,10.);
#992=VECTOR('',#3589,10.);
#993=VECTOR('',#3592,10.);
#994=VECTOR('',#3595,10.);
#995=VECTOR('',#3596,10.);
#996=VECTOR('',#3597,10.);
#997=VECTOR('',#3598,10.);
#998=VECTOR('',#3599,10.);
#999=VECTOR('',#3602,10.);
#1000=VECTOR('',#3603,10.);
#1001=VECTOR('',#3604,10.);
#1002=VECTOR('',#3607,10.);
#1003=VECTOR('',#3608,10.);
#1004=VECTOR('',#3611,10.);
#1005=VECTOR('',#3612,10.);
#1006=VECTOR('',#3613,10.);
#1007=VECTOR('',#3616,10.);
#1008=VECTOR('',#3617,10.);
#1009=VECTOR('',#3618,10.);
#1010=VECTOR('',#3621,10.);
#1011=VECTOR('',#3624,10.);
#1012=VECTOR('',#3625,10.);
#1013=VECTOR('',#3626,10.);
#1014=VECTOR('',#3627,10.);
#1015=VECTOR('',#3628,10.);
#1016=VECTOR('',#3629,10.);
#1017=VECTOR('',#3630,10.);
#1018=VECTOR('',#3631,10.);
#1019=VECTOR('',#3632,10.);
#1020=VECTOR('',#3635,10.);
#1021=VECTOR('',#3636,10.);
#1022=VECTOR('',#3637,10.);
#1023=VECTOR('',#3640,10.);
#1024=VECTOR('',#3641,10.);
#1025=VECTOR('',#3642,10.);
#1026=VECTOR('',#3645,10.);
#1027=VECTOR('',#3646,10.);
#1028=VECTOR('',#3647,10.);
#1029=VECTOR('',#3648,10.);
#1030=VECTOR('',#3649,10.);
#1031=VECTOR('',#3650,10.);
#1032=VECTOR('',#3651,10.);
#1033=VECTOR('',#3652,10.);
#1034=VECTOR('',#3653,10.);
#1035=VECTOR('',#3656,10.);
#1036=VECTOR('',#3657,10.);
#1037=VECTOR('',#3660,10.);
#1038=VECTOR('',#3661,10.);
#1039=VECTOR('',#3662,10.);
#1040=VECTOR('',#3663,10.);
#1041=VECTOR('',#3664,10.);
#1042=VECTOR('',#3665,10.);
#1043=VECTOR('',#3666,10.);
#1044=VECTOR('',#3669,10.);
#1045=VECTOR('',#3670,10.);
#1046=VECTOR('',#3671,10.);
#1047=VECTOR('',#3674,10.);
#1048=VECTOR('',#3675,10.);
#1049=VECTOR('',#3676,10.);
#1050=VECTOR('',#3677,10.);
#1051=VECTOR('',#3680,10.);
#1052=VECTOR('',#3681,10.);
#1053=VECTOR('',#3682,10.);
#1054=VECTOR('',#3683,10.);
#1055=VECTOR('',#3684,10.);
#1056=VECTOR('',#3685,10.);
#1057=VECTOR('',#3686,10.);
#1058=VECTOR('',#3689,10.);
#1059=VECTOR('',#3692,10.);
#1060=VECTOR('',#3693,10.);
#1061=VECTOR('',#3694,10.);
#1062=VECTOR('',#3695,10.);
#1063=VECTOR('',#3698,10.);
#1064=VECTOR('',#3699,10.);
#1065=VECTOR('',#3700,10.);
#1066=VECTOR('',#3701,10.);
#1067=VECTOR('',#3704,10.);
#1068=VECTOR('',#3705,10.);
#1069=VECTOR('',#3706,10.);
#1070=VECTOR('',#3709,10.);
#1071=VECTOR('',#3710,10.);
#1072=VECTOR('',#3713,10.);
#1073=VECTOR('',#3714,10.);
#1074=VECTOR('',#3715,10.);
#1075=VECTOR('',#3718,10.);
#1076=VECTOR('',#3719,10.);
#1077=VECTOR('',#3720,10.);
#1078=VECTOR('',#3723,10.);
#1079=VECTOR('',#3724,10.);
#1080=VECTOR('',#3725,10.);
#1081=VECTOR('',#3728,10.);
#1082=VECTOR('',#3729,10.);
#1083=VECTOR('',#3730,10.);
#1084=VECTOR('',#3733,10.);
#1085=VECTOR('',#3734,10.);
#1086=VECTOR('',#3735,10.);
#1087=VECTOR('',#3738,10.);
#1088=VECTOR('',#3739,10.);
#1089=VECTOR('',#3740,10.);
#1090=VECTOR('',#3743,10.);
#1091=VECTOR('',#3744,10.);
#1092=VECTOR('',#3747,10.);
#1093=VECTOR('',#3748,10.);
#1094=VECTOR('',#3749,10.);
#1095=VECTOR('',#3752,10.);
#1096=VECTOR('',#3753,10.);
#1097=VECTOR('',#3754,10.);
#1098=VECTOR('',#3757,10.);
#1099=VECTOR('',#3758,10.);
#1100=VECTOR('',#3759,10.);
#1101=VECTOR('',#3762,10.);
#1102=VECTOR('',#3763,10.);
#1103=VECTOR('',#3764,10.);
#1104=VECTOR('',#3767,10.);
#1105=VECTOR('',#3768,10.);
#1106=VECTOR('',#3769,10.);
#1107=VECTOR('',#3772,10.);
#1108=VECTOR('',#3773,10.);
#1109=VECTOR('',#3774,10.);
#1110=VECTOR('',#3777,10.);
#1111=VECTOR('',#3782,10.);
#1112=VECTOR('',#3785,10.);
#1113=VECTOR('',#3790,10.);
#1114=VECTOR('',#3793,10.);
#1115=VECTOR('',#3796,10.);
#1116=VECTOR('',#3799,10.);
#1117=VECTOR('',#3802,10.);
#1118=VECTOR('',#3807,10.);
#1119=VECTOR('',#3810,10.);
#1120=VECTOR('',#3823,10.);
#1121=VECTOR('',#3824,10.);
#1122=VECTOR('',#3827,10.);
#1123=VECTOR('',#3828,10.);
#1124=VECTOR('',#3831,10.);
#1125=VECTOR('',#3832,10.);
#1126=VECTOR('',#3837,10.);
#1127=VECTOR('',#3838,10.);
#1128=VECTOR('',#3839,10.);
#1129=VECTOR('',#3840,10.);
#1130=VECTOR('',#3841,10.);
#1131=VECTOR('',#3842,10.);
#1132=VECTOR('',#3843,10.);
#1133=VECTOR('',#3846,10.);
#1134=VECTOR('',#3849,10.);
#1135=VECTOR('',#3850,10.);
#1136=VECTOR('',#3851,10.);
#1137=VECTOR('',#3852,10.);
#1138=VECTOR('',#3853,10.);
#1139=VECTOR('',#3854,10.);
#1140=VECTOR('',#3859,10.);
#1141=VECTOR('',#3860,10.);
#1142=VECTOR('',#3863,10.);
#1143=VECTOR('',#3864,10.);
#1144=VECTOR('',#3867,10.);
#1145=VECTOR('',#3870,10.);
#1146=VECTOR('',#3873,10.);
#1147=VECTOR('',#3874,10.);
#1148=VECTOR('',#3875,10.);
#1149=VECTOR('',#3878,10.);
#1150=VECTOR('',#3883,10.);
#1151=VECTOR('',#3886,10.);
#1152=VECTOR('',#3889,10.);
#1153=VECTOR('',#3892,10.);
#1154=VECTOR('',#3895,10.);
#1155=VECTOR('',#3898,10.);
#1156=VECTOR('',#3901,10.);
#1157=VECTOR('',#3902,10.);
#1158=VECTOR('',#3903,10.);
#1159=VECTOR('',#3904,10.);
#1160=VECTOR('',#3905,10.);
#1161=VECTOR('',#3906,10.);
#1162=VECTOR('',#3909,10.);
#1163=VECTOR('',#3914,10.);
#1164=VECTOR('',#3915,10.);
#1165=VECTOR('',#3918,10.);
#1166=VECTOR('',#3919,10.);
#1167=VECTOR('',#3924,10.);
#1168=VECTOR('',#3929,10.);
#1169=VECTOR('',#3930,10.);
#1170=VECTOR('',#3939,10.);
#1171=VECTOR('',#3942,10.);
#1172=VECTOR('',#3943,10.);
#1173=VECTOR('',#3950,10.);
#1174=VECTOR('',#3957,10.);
#1175=VECTOR('',#3962,10.);
#1176=VECTOR('',#3963,10.);
#1177=VECTOR('',#3970,10.);
#1178=VECTOR('',#3971,10.);
#1179=VECTOR('',#3978,10.);
#1180=VECTOR('',#3979,10.);
#1181=VECTOR('',#3982,10.);
#1182=VECTOR('',#3985,10.);
#1183=VECTOR('',#3990,10.);
#1184=VECTOR('',#3993,10.);
#1185=VECTOR('',#3996,10.);
#1186=VECTOR('',#3999,10.);
#1187=VECTOR('',#4004,10.);
#1188=VECTOR('',#4007,10.);
#1189=VECTOR('',#4008,10.);
#1190=VECTOR('',#4009,10.);
#1191=VECTOR('',#4012,10.);
#1192=VECTOR('',#4015,10.);
#1193=VECTOR('',#4020,10.);
#1194=VECTOR('',#4027,10.);
#1195=VECTOR('',#4030,10.);
#1196=VECTOR('',#4033,10.);
#1197=VECTOR('',#4038,10.);
#1198=VECTOR('',#4041,10.);
#1199=VECTOR('',#4044,10.);
#1200=VECTOR('',#4047,10.);
#1201=VECTOR('',#4050,10.);
#1202=VERTEX_POINT('',#4058);
#1203=VERTEX_POINT('',#4059);
#1204=VERTEX_POINT('',#4061);
#1205=VERTEX_POINT('',#4063);
#1206=VERTEX_POINT('',#4067);
#1207=VERTEX_POINT('',#4069);
#1208=VERTEX_POINT('',#4073);
#1209=VERTEX_POINT('',#4075);
#1210=VERTEX_POINT('',#4079);
#1211=VERTEX_POINT('',#4081);
#1212=VERTEX_POINT('',#4085);
#1213=VERTEX_POINT('',#4086);
#1214=VERTEX_POINT('',#4088);
#1215=VERTEX_POINT('',#4090);
#1216=VERTEX_POINT('',#4097);
#1217=VERTEX_POINT('',#4099);
#1218=VERTEX_POINT('',#4103);
#1219=VERTEX_POINT('',#4105);
#1220=VERTEX_POINT('',#4109);
#1221=VERTEX_POINT('',#4111);
#1222=VERTEX_POINT('',#4115);
#1223=VERTEX_POINT('',#4117);
#1224=VERTEX_POINT('',#4121);
#1225=VERTEX_POINT('',#4123);
#1226=VERTEX_POINT('',#4130);
#1227=VERTEX_POINT('',#4132);
#1228=VERTEX_POINT('',#4136);
#1229=VERTEX_POINT('',#4140);
#1230=VERTEX_POINT('',#4144);
#1231=VERTEX_POINT('',#4148);
#1232=VERTEX_POINT('',#4152);
#1233=VERTEX_POINT('',#4156);
#1234=VERTEX_POINT('',#4157);
#1235=VERTEX_POINT('',#4159);
#1236=VERTEX_POINT('',#4161);
#1237=VERTEX_POINT('',#4163);
#1238=VERTEX_POINT('',#4165);
#1239=VERTEX_POINT('',#4167);
#1240=VERTEX_POINT('',#4169);
#1241=VERTEX_POINT('',#4171);
#1242=VERTEX_POINT('',#4173);
#1243=VERTEX_POINT('',#4175);
#1244=VERTEX_POINT('',#4177);
#1245=VERTEX_POINT('',#4179);
#1246=VERTEX_POINT('',#4181);
#1247=VERTEX_POINT('',#4183);
#1248=VERTEX_POINT('',#4185);
#1249=VERTEX_POINT('',#4187);
#1250=VERTEX_POINT('',#4189);
#1251=VERTEX_POINT('',#4192);
#1252=VERTEX_POINT('',#4193);
#1253=VERTEX_POINT('',#4195);
#1254=VERTEX_POINT('',#4197);
#1255=VERTEX_POINT('',#4199);
#1256=VERTEX_POINT('',#4201);
#1257=VERTEX_POINT('',#4204);
#1258=VERTEX_POINT('',#4205);
#1259=VERTEX_POINT('',#4207);
#1260=VERTEX_POINT('',#4209);
#1261=VERTEX_POINT('',#4211);
#1262=VERTEX_POINT('',#4213);
#1263=VERTEX_POINT('',#4216);
#1264=VERTEX_POINT('',#4217);
#1265=VERTEX_POINT('',#4219);
#1266=VERTEX_POINT('',#4221);
#1267=VERTEX_POINT('',#4224);
#1268=VERTEX_POINT('',#4225);
#1269=VERTEX_POINT('',#4227);
#1270=VERTEX_POINT('',#4229);
#1271=VERTEX_POINT('',#4231);
#1272=VERTEX_POINT('',#4234);
#1273=VERTEX_POINT('',#4235);
#1274=VERTEX_POINT('',#4237);
#1275=VERTEX_POINT('',#4239);
#1276=VERTEX_POINT('',#4241);
#1277=VERTEX_POINT('',#4244);
#1278=VERTEX_POINT('',#4245);
#1279=VERTEX_POINT('',#4247);
#1280=VERTEX_POINT('',#4249);
#1281=VERTEX_POINT('',#4251);
#1282=VERTEX_POINT('',#4253);
#1283=VERTEX_POINT('',#4256);
#1284=VERTEX_POINT('',#4257);
#1285=VERTEX_POINT('',#4259);
#1286=VERTEX_POINT('',#4261);
#1287=VERTEX_POINT('',#4263);
#1288=VERTEX_POINT('',#4266);
#1289=VERTEX_POINT('',#4267);
#1290=VERTEX_POINT('',#4269);
#1291=VERTEX_POINT('',#4271);
#1292=VERTEX_POINT('',#4273);
#1293=VERTEX_POINT('',#4276);
#1294=VERTEX_POINT('',#4277);
#1295=VERTEX_POINT('',#4279);
#1296=VERTEX_POINT('',#4281);
#1297=VERTEX_POINT('',#4283);
#1298=VERTEX_POINT('',#4285);
#1299=VERTEX_POINT('',#4288);
#1300=VERTEX_POINT('',#4289);
#1301=VERTEX_POINT('',#4291);
#1302=VERTEX_POINT('',#4293);
#1303=VERTEX_POINT('',#4295);
#1304=VERTEX_POINT('',#4297);
#1305=VERTEX_POINT('',#4300);
#1306=VERTEX_POINT('',#4301);
#1307=VERTEX_POINT('',#4303);
#1308=VERTEX_POINT('',#4305);
#1309=VERTEX_POINT('',#4307);
#1310=VERTEX_POINT('',#4309);
#1311=VERTEX_POINT('',#4312);
#1312=VERTEX_POINT('',#4313);
#1313=VERTEX_POINT('',#4315);
#1314=VERTEX_POINT('',#4317);
#1315=VERTEX_POINT('',#4319);
#1316=VERTEX_POINT('',#4322);
#1317=VERTEX_POINT('',#4323);
#1318=VERTEX_POINT('',#4325);
#1319=VERTEX_POINT('',#4327);
#1320=VERTEX_POINT('',#4329);
#1321=VERTEX_POINT('',#4331);
#1322=VERTEX_POINT('',#4334);
#1323=VERTEX_POINT('',#4335);
#1324=VERTEX_POINT('',#4337);
#1325=VERTEX_POINT('',#4339);
#1326=VERTEX_POINT('',#4342);
#1327=VERTEX_POINT('',#4343);
#1328=VERTEX_POINT('',#4345);
#1329=VERTEX_POINT('',#4347);
#1330=VERTEX_POINT('',#4349);
#1331=VERTEX_POINT('',#4351);
#1332=VERTEX_POINT('',#4355);
#1333=VERTEX_POINT('',#4356);
#1334=VERTEX_POINT('',#4361);
#1335=VERTEX_POINT('',#4363);
#1336=VERTEX_POINT('',#4367);
#1337=VERTEX_POINT('',#4369);
#1338=VERTEX_POINT('',#4373);
#1339=VERTEX_POINT('',#4375);
#1340=VERTEX_POINT('',#4379);
#1341=VERTEX_POINT('',#4381);
#1342=VERTEX_POINT('',#4385);
#1343=VERTEX_POINT('',#4387);
#1344=VERTEX_POINT('',#4391);
#1345=VERTEX_POINT('',#4396);
#1346=VERTEX_POINT('',#4400);
#1347=VERTEX_POINT('',#4404);
#1348=VERTEX_POINT('',#4408);
#1349=VERTEX_POINT('',#4414);
#1350=VERTEX_POINT('',#4415);
#1351=VERTEX_POINT('',#4417);
#1352=VERTEX_POINT('',#4419);
#1353=VERTEX_POINT('',#4421);
#1354=VERTEX_POINT('',#4423);
#1355=VERTEX_POINT('',#4425);
#1356=VERTEX_POINT('',#4427);
#1357=VERTEX_POINT('',#4429);
#1358=VERTEX_POINT('',#4431);
#1359=VERTEX_POINT('',#4433);
#1360=VERTEX_POINT('',#4435);
#1361=VERTEX_POINT('',#4439);
#1362=VERTEX_POINT('',#4441);
#1363=VERTEX_POINT('',#4445);
#1364=VERTEX_POINT('',#4447);
#1365=VERTEX_POINT('',#4451);
#1366=VERTEX_POINT('',#4453);
#1367=VERTEX_POINT('',#4455);
#1368=VERTEX_POINT('',#4457);
#1369=VERTEX_POINT('',#4461);
#1370=VERTEX_POINT('',#4462);
#1371=VERTEX_POINT('',#4464);
#1372=VERTEX_POINT('',#4466);
#1373=VERTEX_POINT('',#4475);
#1374=VERTEX_POINT('',#4476);
#1375=VERTEX_POINT('',#4478);
#1376=VERTEX_POINT('',#4480);
#1377=VERTEX_POINT('',#4482);
#1378=VERTEX_POINT('',#4484);
#1379=VERTEX_POINT('',#4486);
#1380=VERTEX_POINT('',#4488);
#1381=VERTEX_POINT('',#4490);
#1382=VERTEX_POINT('',#4492);
#1383=VERTEX_POINT('',#4494);
#1384=VERTEX_POINT('',#4496);
#1385=VERTEX_POINT('',#4500);
#1386=VERTEX_POINT('',#4501);
#1387=VERTEX_POINT('',#4503);
#1388=VERTEX_POINT('',#4505);
#1389=VERTEX_POINT('',#4507);
#1390=VERTEX_POINT('',#4509);
#1391=VERTEX_POINT('',#4511);
#1392=VERTEX_POINT('',#4513);
#1393=VERTEX_POINT('',#4515);
#1394=VERTEX_POINT('',#4522);
#1395=VERTEX_POINT('',#4526);
#1396=VERTEX_POINT('',#4528);
#1397=VERTEX_POINT('',#4532);
#1398=VERTEX_POINT('',#4533);
#1399=VERTEX_POINT('',#4535);
#1400=VERTEX_POINT('',#4537);
#1401=VERTEX_POINT('',#4546);
#1402=VERTEX_POINT('',#4547);
#1403=VERTEX_POINT('',#4549);
#1404=VERTEX_POINT('',#4551);
#1405=VERTEX_POINT('',#4553);
#1406=VERTEX_POINT('',#4560);
#1407=VERTEX_POINT('',#4562);
#1408=VERTEX_POINT('',#4564);
#1409=VERTEX_POINT('',#4566);
#1410=VERTEX_POINT('',#4568);
#1411=VERTEX_POINT('',#4572);
#1412=VERTEX_POINT('',#4573);
#1413=VERTEX_POINT('',#4575);
#1414=VERTEX_POINT('',#4577);
#1415=VERTEX_POINT('',#4579);
#1416=VERTEX_POINT('',#4581);
#1417=VERTEX_POINT('',#4583);
#1418=VERTEX_POINT('',#4585);
#1419=VERTEX_POINT('',#4587);
#1420=VERTEX_POINT('',#4589);
#1421=VERTEX_POINT('',#4593);
#1422=VERTEX_POINT('',#4594);
#1423=VERTEX_POINT('',#4596);
#1424=VERTEX_POINT('',#4598);
#1425=VERTEX_POINT('',#4607);
#1426=VERTEX_POINT('',#4608);
#1427=VERTEX_POINT('',#4610);
#1428=VERTEX_POINT('',#4612);
#1429=VERTEX_POINT('',#4616);
#1430=VERTEX_POINT('',#4617);
#1431=VERTEX_POINT('',#4619);
#1432=VERTEX_POINT('',#4621);
#1433=VERTEX_POINT('',#4623);
#1434=VERTEX_POINT('',#4630);
#1435=VERTEX_POINT('',#4632);
#1436=VERTEX_POINT('',#4634);
#1437=VERTEX_POINT('',#4636);
#1438=VERTEX_POINT('',#4638);
#1439=VERTEX_POINT('',#4642);
#1440=VERTEX_POINT('',#4643);
#1441=VERTEX_POINT('',#4645);
#1442=VERTEX_POINT('',#4647);
#1443=VERTEX_POINT('',#4651);
#1444=VERTEX_POINT('',#4652);
#1445=VERTEX_POINT('',#4654);
#1446=VERTEX_POINT('',#4656);
#1447=VERTEX_POINT('',#4660);
#1448=VERTEX_POINT('',#4662);
#1449=VERTEX_POINT('',#4692);
#1450=VERTEX_POINT('',#4699);
#1451=VERTEX_POINT('',#4713);
#1452=VERTEX_POINT('',#4718);
#1453=VERTEX_POINT('',#4720);
#1454=VERTEX_POINT('',#4724);
#1455=VERTEX_POINT('',#4729);
#1456=VERTEX_POINT('',#4731);
#1457=VERTEX_POINT('',#4735);
#1458=VERTEX_POINT('',#4763);
#1459=VERTEX_POINT('',#4770);
#1460=VERTEX_POINT('',#4784);
#1461=VERTEX_POINT('',#4789);
#1462=VERTEX_POINT('',#4816);
#1463=VERTEX_POINT('',#4823);
#1464=VERTEX_POINT('',#4837);
#1465=VERTEX_POINT('',#4842);
#1466=VERTEX_POINT('',#4844);
#1467=VERTEX_POINT('',#4848);
#1468=VERTEX_POINT('',#4876);
#1469=VERTEX_POINT('',#4883);
#1470=VERTEX_POINT('',#4897);
#1471=VERTEX_POINT('',#4925);
#1472=VERTEX_POINT('',#4932);
#1473=VERTEX_POINT('',#4946);
#1474=VERTEX_POINT('',#4974);
#1475=VERTEX_POINT('',#4981);
#1476=VERTEX_POINT('',#4996);
#1477=VERTEX_POINT('',#5000);
#1478=VERTEX_POINT('',#5002);
#1479=VERTEX_POINT('',#5005);
#1480=VERTEX_POINT('',#5008);
#1481=VERTEX_POINT('',#5010);
#1482=VERTEX_POINT('',#5013);
#1483=VERTEX_POINT('',#5016);
#1484=VERTEX_POINT('',#5019);
#1485=VERTEX_POINT('',#5022);
#1486=VERTEX_POINT('',#5025);
#1487=VERTEX_POINT('',#5027);
#1488=VERTEX_POINT('',#5029);
#1489=VERTEX_POINT('',#5033);
#1490=VERTEX_POINT('',#5036);
#1491=VERTEX_POINT('',#5037);
#1492=VERTEX_POINT('',#5039);
#1493=VERTEX_POINT('',#5041);
#1494=EDGE_CURVE('',#1202,#1203,#438,.T.);
#1495=EDGE_CURVE('',#1203,#1204,#439,.T.);
#1496=EDGE_CURVE('',#1204,#1205,#440,.T.);
#1497=EDGE_CURVE('',#1202,#1205,#441,.T.);
#1498=EDGE_CURVE('',#1203,#1206,#442,.T.);
#1499=EDGE_CURVE('',#1206,#1207,#443,.T.);
#1500=EDGE_CURVE('',#1207,#1204,#444,.T.);
#1501=EDGE_CURVE('',#1206,#1208,#445,.T.);
#1502=EDGE_CURVE('',#1208,#1209,#446,.T.);
#1503=EDGE_CURVE('',#1209,#1207,#447,.T.);
#1504=EDGE_CURVE('',#1208,#1210,#448,.T.);
#1505=EDGE_CURVE('',#1210,#1211,#449,.T.);
#1506=EDGE_CURVE('',#1211,#1209,#450,.T.);
#1507=EDGE_CURVE('',#1212,#1213,#451,.T.);
#1508=EDGE_CURVE('',#1213,#1214,#452,.T.);
#1509=EDGE_CURVE('',#1214,#1215,#453,.T.);
#1510=EDGE_CURVE('',#1215,#1212,#454,.T.);
#1511=EDGE_CURVE('',#1210,#1214,#455,.T.);
#1512=EDGE_CURVE('',#1213,#1211,#456,.T.);
#1513=EDGE_CURVE('',#1216,#1212,#457,.T.);
#1514=EDGE_CURVE('',#1215,#1217,#458,.T.);
#1515=EDGE_CURVE('',#1217,#1216,#459,.T.);
#1516=EDGE_CURVE('',#1218,#1216,#460,.T.);
#1517=EDGE_CURVE('',#1217,#1219,#461,.T.);
#1518=EDGE_CURVE('',#1219,#1218,#462,.T.);
#1519=EDGE_CURVE('',#1220,#1218,#463,.T.);
#1520=EDGE_CURVE('',#1219,#1221,#464,.T.);
#1521=EDGE_CURVE('',#1221,#1220,#465,.T.);
#1522=EDGE_CURVE('',#1222,#1220,#466,.T.);
#1523=EDGE_CURVE('',#1221,#1223,#467,.T.);
#1524=EDGE_CURVE('',#1223,#1222,#468,.T.);
#1525=EDGE_CURVE('',#1224,#1222,#469,.T.);
#1526=EDGE_CURVE('',#1223,#1225,#470,.T.);
#1527=EDGE_CURVE('',#1225,#1224,#471,.T.);
#1528=EDGE_CURVE('',#1205,#1224,#472,.T.);
#1529=EDGE_CURVE('',#1225,#1202,#473,.T.);
#1530=EDGE_CURVE('',#1204,#1226,#474,.T.);
#1531=EDGE_CURVE('',#1227,#1226,#475,.T.);
#1532=EDGE_CURVE('',#1205,#1227,#476,.T.);
#1533=EDGE_CURVE('',#1207,#1228,#477,.T.);
#1534=EDGE_CURVE('',#1226,#1228,#478,.T.);
#1535=EDGE_CURVE('',#1209,#1229,#479,.T.);
#1536=EDGE_CURVE('',#1228,#1229,#480,.T.);
#1537=EDGE_CURVE('',#1211,#1230,#481,.T.);
#1538=EDGE_CURVE('',#1229,#1230,#482,.T.);
#1539=EDGE_CURVE('',#1213,#1231,#483,.T.);
#1540=EDGE_CURVE('',#1230,#1231,#484,.T.);
#1541=EDGE_CURVE('',#1212,#1232,#485,.T.);
#1542=EDGE_CURVE('',#1231,#1232,#486,.T.);
#1543=EDGE_CURVE('',#1233,#1234,#88,.T.);
#1544=EDGE_CURVE('',#1235,#1233,#487,.T.);
#1545=EDGE_CURVE('',#1236,#1235,#488,.T.);
#1546=EDGE_CURVE('',#1237,#1236,#489,.T.);
#1547=EDGE_CURVE('',#1238,#1237,#89,.T.);
#1548=EDGE_CURVE('',#1239,#1238,#490,.T.);
#1549=EDGE_CURVE('',#1240,#1239,#491,.T.);
#1550=EDGE_CURVE('',#1241,#1240,#492,.T.);
#1551=EDGE_CURVE('',#1242,#1241,#90,.T.);
#1552=EDGE_CURVE('',#1243,#1242,#493,.T.);
#1553=EDGE_CURVE('',#1244,#1243,#494,.T.);
#1554=EDGE_CURVE('',#1245,#1244,#495,.T.);
#1555=EDGE_CURVE('',#1245,#1246,#496,.T.);
#1556=EDGE_CURVE('',#1247,#1246,#497,.T.);
#1557=EDGE_CURVE('',#1248,#1247,#498,.T.);
#1558=EDGE_CURVE('',#1249,#1248,#499,.T.);
#1559=EDGE_CURVE('',#1250,#1249,#500,.T.);
#1560=EDGE_CURVE('',#1234,#1250,#91,.T.);
#1561=EDGE_CURVE('',#1251,#1252,#501,.T.);
#1562=EDGE_CURVE('',#1253,#1251,#502,.T.);
#1563=EDGE_CURVE('',#1254,#1253,#503,.T.);
#1564=EDGE_CURVE('',#1255,#1254,#504,.T.);
#1565=EDGE_CURVE('',#1256,#1255,#505,.T.);
#1566=EDGE_CURVE('',#1252,#1256,#506,.T.);
#1567=EDGE_CURVE('',#1257,#1258,#507,.T.);
#1568=EDGE_CURVE('',#1259,#1257,#508,.T.);
#1569=EDGE_CURVE('',#1260,#1259,#509,.T.);
#1570=EDGE_CURVE('',#1261,#1260,#510,.T.);
#1571=EDGE_CURVE('',#1262,#1261,#92,.T.);
#1572=EDGE_CURVE('',#1258,#1262,#93,.T.);
#1573=EDGE_CURVE('',#1263,#1264,#94,.T.);
#1574=EDGE_CURVE('',#1265,#1263,#95,.T.);
#1575=EDGE_CURVE('',#1266,#1265,#96,.T.);
#1576=EDGE_CURVE('',#1264,#1266,#97,.T.);
#1577=EDGE_CURVE('',#1267,#1268,#98,.T.);
#1578=EDGE_CURVE('',#1269,#1267,#511,.T.);
#1579=EDGE_CURVE('',#1270,#1269,#512,.T.);
#1580=EDGE_CURVE('',#1271,#1270,#513,.T.);
#1581=EDGE_CURVE('',#1268,#1271,#514,.T.);
#1582=EDGE_CURVE('',#1272,#1273,#99,.T.);
#1583=EDGE_CURVE('',#1274,#1272,#515,.T.);
#1584=EDGE_CURVE('',#1275,#1274,#516,.T.);
#1585=EDGE_CURVE('',#1276,#1275,#517,.T.);
#1586=EDGE_CURVE('',#1273,#1276,#518,.T.);
#1587=EDGE_CURVE('',#1277,#1278,#519,.T.);
#1588=EDGE_CURVE('',#1279,#1277,#520,.T.);
#1589=EDGE_CURVE('',#1280,#1279,#521,.T.);
#1590=EDGE_CURVE('',#1281,#1280,#522,.T.);
#1591=EDGE_CURVE('',#1282,#1281,#523,.T.);
#1592=EDGE_CURVE('',#1278,#1282,#100,.T.);
#1593=EDGE_CURVE('',#1283,#1284,#524,.T.);
#1594=EDGE_CURVE('',#1285,#1283,#525,.T.);
#1595=EDGE_CURVE('',#1286,#1285,#526,.T.);
#1596=EDGE_CURVE('',#1287,#1286,#527,.T.);
#1597=EDGE_CURVE('',#1284,#1287,#101,.T.);
#1598=EDGE_CURVE('',#1288,#1289,#102,.T.);
#1599=EDGE_CURVE('',#1290,#1288,#528,.T.);
#1600=EDGE_CURVE('',#1291,#1290,#529,.T.);
#1601=EDGE_CURVE('',#1292,#1291,#530,.T.);
#1602=EDGE_CURVE('',#1289,#1292,#531,.T.);
#1603=EDGE_CURVE('',#1293,#1294,#103,.T.);
#1604=EDGE_CURVE('',#1295,#1293,#532,.T.);
#1605=EDGE_CURVE('',#1296,#1295,#533,.T.);
#1606=EDGE_CURVE('',#1297,#1296,#534,.T.);
#1607=EDGE_CURVE('',#1298,#1297,#535,.T.);
#1608=EDGE_CURVE('',#1294,#1298,#536,.T.);
#1609=EDGE_CURVE('',#1299,#1300,#104,.T.);
#1610=EDGE_CURVE('',#1301,#1299,#537,.T.);
#1611=EDGE_CURVE('',#1302,#1301,#538,.T.);
#1612=EDGE_CURVE('',#1303,#1302,#539,.T.);
#1613=EDGE_CURVE('',#1304,#1303,#540,.T.);
#1614=EDGE_CURVE('',#1300,#1304,#541,.T.);
#1615=EDGE_CURVE('',#1305,#1306,#542,.T.);
#1616=EDGE_CURVE('',#1307,#1305,#543,.T.);
#1617=EDGE_CURVE('',#1308,#1307,#544,.T.);
#1618=EDGE_CURVE('',#1309,#1308,#545,.T.);
#1619=EDGE_CURVE('',#1310,#1309,#105,.T.);
#1620=EDGE_CURVE('',#1306,#1310,#106,.T.);
#1621=EDGE_CURVE('',#1311,#1312,#107,.T.);
#1622=EDGE_CURVE('',#1313,#1311,#546,.T.);
#1623=EDGE_CURVE('',#1314,#1313,#547,.T.);
#1624=EDGE_CURVE('',#1315,#1314,#548,.T.);
#1625=EDGE_CURVE('',#1312,#1315,#549,.T.);
#1626=EDGE_CURVE('',#1316,#1317,#550,.T.);
#1627=EDGE_CURVE('',#1318,#1316,#551,.T.);
#1628=EDGE_CURVE('',#1319,#1318,#552,.T.);
#1629=EDGE_CURVE('',#1320,#1319,#553,.T.);
#1630=EDGE_CURVE('',#1321,#1320,#554,.T.);
#1631=EDGE_CURVE('',#1317,#1321,#555,.T.);
#1632=EDGE_CURVE('',#1322,#1323,#556,.T.);
#1633=EDGE_CURVE('',#1324,#1322,#557,.T.);
#1634=EDGE_CURVE('',#1325,#1324,#558,.T.);
#1635=EDGE_CURVE('',#1323,#1325,#559,.T.);
#1636=EDGE_CURVE('',#1326,#1327,#108,.T.);
#1637=EDGE_CURVE('',#1328,#1326,#560,.T.);
#1638=EDGE_CURVE('',#1329,#1328,#561,.T.);
#1639=EDGE_CURVE('',#1330,#1329,#562,.T.);
#1640=EDGE_CURVE('',#1331,#1330,#563,.T.);
#1641=EDGE_CURVE('',#1327,#1331,#564,.T.);
#1642=EDGE_CURVE('',#1332,#1333,#565,.T.);
#1643=EDGE_CURVE('',#1333,#1227,#566,.T.);
#1644=EDGE_CURVE('',#1332,#1226,#567,.T.);
#1645=EDGE_CURVE('',#1333,#1334,#568,.T.);
#1646=EDGE_CURVE('',#1334,#1335,#569,.T.);
#1647=EDGE_CURVE('',#1335,#1227,#570,.T.);
#1648=EDGE_CURVE('',#1334,#1336,#571,.T.);
#1649=EDGE_CURVE('',#1336,#1337,#572,.T.);
#1650=EDGE_CURVE('',#1337,#1335,#573,.T.);
#1651=EDGE_CURVE('',#1336,#1338,#574,.T.);
#1652=EDGE_CURVE('',#1338,#1339,#575,.T.);
#1653=EDGE_CURVE('',#1339,#1337,#576,.T.);
#1654=EDGE_CURVE('',#1338,#1340,#577,.T.);
#1655=EDGE_CURVE('',#1340,#1341,#578,.T.);
#1656=EDGE_CURVE('',#1341,#1339,#579,.T.);
#1657=EDGE_CURVE('',#1340,#1342,#580,.T.);
#1658=EDGE_CURVE('',#1342,#1343,#581,.T.);
#1659=EDGE_CURVE('',#1343,#1341,#582,.T.);
#1660=EDGE_CURVE('',#1342,#1344,#583,.T.);
#1661=EDGE_CURVE('',#1344,#1232,#584,.T.);
#1662=EDGE_CURVE('',#1232,#1343,#585,.T.);
#1663=EDGE_CURVE('',#1344,#1345,#586,.T.);
#1664=EDGE_CURVE('',#1345,#1231,#587,.T.);
#1665=EDGE_CURVE('',#1345,#1346,#588,.T.);
#1666=EDGE_CURVE('',#1346,#1230,#589,.T.);
#1667=EDGE_CURVE('',#1346,#1347,#590,.T.);
#1668=EDGE_CURVE('',#1347,#1229,#591,.T.);
#1669=EDGE_CURVE('',#1347,#1348,#592,.T.);
#1670=EDGE_CURVE('',#1348,#1228,#593,.T.);
#1671=EDGE_CURVE('',#1348,#1332,#594,.T.);
#1672=EDGE_CURVE('',#1349,#1350,#595,.T.);
#1673=EDGE_CURVE('',#1350,#1351,#596,.T.);
#1674=EDGE_CURVE('',#1351,#1352,#597,.T.);
#1675=EDGE_CURVE('',#1352,#1353,#598,.T.);
#1676=EDGE_CURVE('',#1353,#1354,#599,.T.);
#1677=EDGE_CURVE('',#1354,#1355,#600,.T.);
#1678=EDGE_CURVE('',#1355,#1356,#601,.T.);
#1679=EDGE_CURVE('',#1356,#1357,#602,.T.);
#1680=EDGE_CURVE('',#1357,#1358,#603,.T.);
#1681=EDGE_CURVE('',#1358,#1359,#604,.T.);
#1682=EDGE_CURVE('',#1359,#1360,#605,.T.);
#1683=EDGE_CURVE('',#1360,#1349,#606,.T.);
#1684=EDGE_CURVE('',#1361,#1245,#607,.T.);
#1685=EDGE_CURVE('',#1361,#1362,#608,.T.);
#1686=EDGE_CURVE('',#1246,#1362,#609,.T.);
#1687=EDGE_CURVE('',#1363,#1361,#610,.T.);
#1688=EDGE_CURVE('',#1364,#1363,#109,.T.);
#1689=EDGE_CURVE('',#1362,#1364,#611,.T.);
#1690=EDGE_CURVE('',#1244,#1365,#612,.T.);
#1691=EDGE_CURVE('',#1366,#1365,#613,.T.);
#1692=EDGE_CURVE('',#1367,#1366,#614,.T.);
#1693=EDGE_CURVE('',#1368,#1367,#615,.T.);
#1694=EDGE_CURVE('',#1363,#1368,#616,.T.);
#1695=EDGE_CURVE('',#1369,#1370,#617,.T.);
#1696=EDGE_CURVE('',#1370,#1371,#618,.T.);
#1697=EDGE_CURVE('',#1372,#1371,#46,.T.);
#1698=EDGE_CURVE('',#1372,#1369,#619,.T.);
#1699=EDGE_CURVE('',#1373,#1374,#620,.T.);
#1700=EDGE_CURVE('',#1374,#1375,#621,.T.);
#1701=EDGE_CURVE('',#1375,#1376,#110,.T.);
#1702=EDGE_CURVE('',#1376,#1377,#622,.T.);
#1703=EDGE_CURVE('',#1378,#1377,#623,.T.);
#1704=EDGE_CURVE('',#1378,#1379,#624,.T.);
#1705=EDGE_CURVE('',#1379,#1380,#111,.T.);
#1706=EDGE_CURVE('',#1380,#1381,#625,.T.);
#1707=EDGE_CURVE('',#1381,#1382,#626,.T.);
#1708=EDGE_CURVE('',#1382,#1383,#627,.T.);
#1709=EDGE_CURVE('',#1383,#1384,#112,.T.);
#1710=EDGE_CURVE('',#1384,#1373,#628,.T.);
#1711=EDGE_CURVE('',#1385,#1386,#629,.T.);
#1712=EDGE_CURVE('',#1386,#1387,#630,.T.);
#1713=EDGE_CURVE('',#1387,#1388,#631,.T.);
#1714=EDGE_CURVE('',#1388,#1389,#632,.T.);
#1715=EDGE_CURVE('',#1389,#1390,#633,.T.);
#1716=EDGE_CURVE('',#1390,#1391,#634,.T.);
#1717=EDGE_CURVE('',#1391,#1392,#635,.T.);
#1718=EDGE_CURVE('',#1393,#1392,#47,.T.);
#1719=EDGE_CURVE('',#1393,#1394,#636,.T.);
#1720=EDGE_CURVE('',#1394,#1385,#637,.T.);
#1721=EDGE_CURVE('',#1365,#1395,#638,.T.);
#1722=EDGE_CURVE('',#1395,#1396,#639,.T.);
#1723=EDGE_CURVE('',#1366,#1396,#640,.T.);
#1724=EDGE_CURVE('',#1397,#1398,#641,.T.);
#1725=EDGE_CURVE('',#1398,#1399,#642,.T.);
#1726=EDGE_CURVE('',#1400,#1399,#48,.T.);
#1727=EDGE_CURVE('',#1400,#1397,#643,.T.);
#1728=EDGE_CURVE('',#1401,#1402,#644,.T.);
#1729=EDGE_CURVE('',#1402,#1403,#645,.T.);
#1730=EDGE_CURVE('',#1403,#1404,#646,.T.);
#1731=EDGE_CURVE('',#1405,#1404,#49,.T.);
#1732=EDGE_CURVE('',#1405,#1406,#647,.T.);
#1733=EDGE_CURVE('',#1406,#1407,#648,.T.);
#1734=EDGE_CURVE('',#1407,#1408,#649,.T.);
#1735=EDGE_CURVE('',#1408,#1409,#650,.T.);
#1736=EDGE_CURVE('',#1409,#1410,#651,.T.);
#1737=EDGE_CURVE('',#1410,#1401,#652,.T.);
#1738=EDGE_CURVE('',#1411,#1412,#653,.T.);
#1739=EDGE_CURVE('',#1412,#1413,#654,.T.);
#1740=EDGE_CURVE('',#1413,#1414,#113,.T.);
#1741=EDGE_CURVE('',#1414,#1415,#655,.T.);
#1742=EDGE_CURVE('',#1415,#1416,#656,.T.);
#1743=EDGE_CURVE('',#1416,#1417,#657,.T.);
#1744=EDGE_CURVE('',#1417,#1418,#658,.T.);
#1745=EDGE_CURVE('',#1419,#1418,#659,.T.);
#1746=EDGE_CURVE('',#1419,#1420,#660,.T.);
#1747=EDGE_CURVE('',#1420,#1411,#661,.T.);
#1748=EDGE_CURVE('',#1421,#1422,#662,.T.);
#1749=EDGE_CURVE('',#1422,#1423,#663,.T.);
#1750=EDGE_CURVE('',#1424,#1423,#50,.T.);
#1751=EDGE_CURVE('',#1424,#1421,#664,.T.);
#1752=EDGE_CURVE('',#1425,#1426,#665,.T.);
#1753=EDGE_CURVE('',#1426,#1427,#666,.T.);
#1754=EDGE_CURVE('',#1428,#1427,#667,.T.);
#1755=EDGE_CURVE('',#1428,#1425,#668,.T.);
#1756=EDGE_CURVE('',#1429,#1430,#669,.T.);
#1757=EDGE_CURVE('',#1430,#1431,#670,.T.);
#1758=EDGE_CURVE('',#1431,#1432,#671,.T.);
#1759=EDGE_CURVE('',#1433,#1432,#51,.T.);
#1760=EDGE_CURVE('',#1433,#1434,#672,.T.);
#1761=EDGE_CURVE('',#1434,#1435,#673,.T.);
#1762=EDGE_CURVE('',#1435,#1436,#674,.T.);
#1763=EDGE_CURVE('',#1436,#1437,#675,.T.);
#1764=EDGE_CURVE('',#1437,#1438,#114,.T.);
#1765=EDGE_CURVE('',#1438,#1429,#676,.T.);
#1766=EDGE_CURVE('',#1439,#1440,#677,.T.);
#1767=EDGE_CURVE('',#1440,#1441,#678,.T.);
#1768=EDGE_CURVE('',#1442,#1441,#679,.T.);
#1769=EDGE_CURVE('',#1442,#1439,#680,.T.);
#1770=EDGE_CURVE('',#1443,#1444,#681,.T.);
#1771=EDGE_CURVE('',#1444,#1445,#682,.T.);
#1772=EDGE_CURVE('',#1445,#1446,#683,.T.);
#1773=EDGE_CURVE('',#1446,#1443,#684,.T.);
#1774=EDGE_CURVE('',#1447,#1378,#685,.T.);
#1775=EDGE_CURVE('',#1377,#1448,#686,.T.);
#1776=EDGE_CURVE('',#1448,#1447,#687,.T.);
#1777=EDGE_CURVE('',#1241,#1376,#688,.T.);
#1778=EDGE_CURVE('',#1240,#1448,#689,.T.);
#1779=EDGE_CURVE('',#1449,#1424,#52,.T.);
#1780=EDGE_CURVE('',#1423,#1450,#53,.T.);
#1781=EDGE_CURVE('',#1449,#1450,#54,.T.);
#1782=EDGE_CURVE('',#1451,#1449,#690,.T.);
#1783=EDGE_CURVE('',#1273,#1451,#691,.T.);
#1784=EDGE_CURVE('',#1276,#1421,#692,.T.);
#1785=EDGE_CURVE('',#1452,#1428,#693,.T.);
#1786=EDGE_CURVE('',#1427,#1453,#694,.T.);
#1787=EDGE_CURVE('',#1452,#1453,#695,.T.);
#1788=EDGE_CURVE('',#1454,#1452,#696,.T.);
#1789=EDGE_CURVE('',#1282,#1454,#697,.T.);
#1790=EDGE_CURVE('',#1281,#1425,#698,.T.);
#1791=EDGE_CURVE('',#1455,#1442,#699,.T.);
#1792=EDGE_CURVE('',#1441,#1456,#700,.T.);
#1793=EDGE_CURVE('',#1455,#1456,#701,.T.);
#1794=EDGE_CURVE('',#1457,#1455,#702,.T.);
#1795=EDGE_CURVE('',#1268,#1457,#703,.T.);
#1796=EDGE_CURVE('',#1271,#1439,#704,.T.);
#1797=EDGE_CURVE('',#1458,#1372,#55,.T.);
#1798=EDGE_CURVE('',#1371,#1459,#56,.T.);
#1799=EDGE_CURVE('',#1458,#1459,#57,.T.);
#1800=EDGE_CURVE('',#1460,#1458,#705,.T.);
#1801=EDGE_CURVE('',#1312,#1460,#706,.T.);
#1802=EDGE_CURVE('',#1315,#1369,#707,.T.);
#1803=EDGE_CURVE('',#1396,#1461,#708,.T.);
#1804=EDGE_CURVE('',#1367,#1461,#709,.T.);
#1805=EDGE_CURVE('',#1462,#1400,#58,.T.);
#1806=EDGE_CURVE('',#1399,#1463,#59,.T.);
#1807=EDGE_CURVE('',#1462,#1463,#60,.T.);
#1808=EDGE_CURVE('',#1464,#1462,#710,.T.);
#1809=EDGE_CURVE('',#1289,#1464,#711,.T.);
#1810=EDGE_CURVE('',#1292,#1397,#712,.T.);
#1811=EDGE_CURVE('',#1465,#1419,#713,.T.);
#1812=EDGE_CURVE('',#1418,#1466,#714,.T.);
#1813=EDGE_CURVE('',#1465,#1466,#715,.T.);
#1814=EDGE_CURVE('',#1467,#1465,#716,.T.);
#1815=EDGE_CURVE('',#1287,#1467,#717,.T.);
#1816=EDGE_CURVE('',#1286,#1420,#718,.T.);
#1817=EDGE_CURVE('',#1432,#1468,#61,.T.);
#1818=EDGE_CURVE('',#1469,#1468,#62,.T.);
#1819=EDGE_CURVE('',#1469,#1433,#63,.T.);
#1820=EDGE_CURVE('',#1470,#1469,#719,.T.);
#1821=EDGE_CURVE('',#1309,#1470,#720,.T.);
#1822=EDGE_CURVE('',#1308,#1434,#721,.T.);
#1823=EDGE_CURVE('',#1471,#1405,#64,.T.);
#1824=EDGE_CURVE('',#1404,#1472,#65,.T.);
#1825=EDGE_CURVE('',#1471,#1472,#66,.T.);
#1826=EDGE_CURVE('',#1473,#1471,#722,.T.);
#1827=EDGE_CURVE('',#1250,#1473,#723,.T.);
#1828=EDGE_CURVE('',#1249,#1406,#724,.T.);
#1829=EDGE_CURVE('',#1474,#1393,#67,.T.);
#1830=EDGE_CURVE('',#1392,#1475,#68,.T.);
#1831=EDGE_CURVE('',#1474,#1475,#69,.T.);
#1832=EDGE_CURVE('',#1313,#1391,#725,.T.);
#1833=EDGE_CURVE('',#1311,#1476,#726,.T.);
#1834=EDGE_CURVE('',#1475,#1476,#727,.T.);
#1835=EDGE_CURVE('',#1461,#1477,#728,.T.);
#1836=EDGE_CURVE('',#1477,#1478,#115,.T.);
#1837=EDGE_CURVE('',#1478,#1473,#116,.T.);
#1838=EDGE_CURVE('',#1472,#1479,#729,.T.);
#1839=EDGE_CURVE('',#1479,#1451,#117,.T.);
#1840=EDGE_CURVE('',#1450,#1480,#730,.T.);
#1841=EDGE_CURVE('',#1480,#1481,#118,.T.);
#1842=EDGE_CURVE('',#1481,#1470,#119,.T.);
#1843=EDGE_CURVE('',#1468,#1482,#731,.T.);
#1844=EDGE_CURVE('',#1482,#1457,#120,.T.);
#1845=EDGE_CURVE('',#1456,#1483,#732,.T.);
#1846=EDGE_CURVE('',#1483,#1454,#121,.T.);
#1847=EDGE_CURVE('',#1453,#1484,#733,.T.);
#1848=EDGE_CURVE('',#1484,#1467,#122,.T.);
#1849=EDGE_CURVE('',#1466,#1485,#734,.T.);
#1850=EDGE_CURVE('',#1485,#1464,#123,.T.);
#1851=EDGE_CURVE('',#1463,#1486,#735,.T.);
#1852=EDGE_CURVE('',#1486,#1487,#124,.T.);
#1853=EDGE_CURVE('',#1487,#1488,#125,.T.);
#1854=EDGE_CURVE('',#1488,#1474,#736,.T.);
#1855=EDGE_CURVE('',#1476,#1460,#126,.T.);
#1856=EDGE_CURVE('',#1459,#1489,#737,.T.);
#1857=EDGE_CURVE('',#1489,#1368,#127,.T.);
#1858=EDGE_CURVE('',#1490,#1491,#128,.T.);
#1859=EDGE_CURVE('',#1491,#1492,#129,.T.);
#1860=EDGE_CURVE('',#1492,#1493,#130,.T.);
#1861=EDGE_CURVE('',#1493,#1490,#131,.T.);
#1862=EDGE_CURVE('',#1326,#1383,#738,.T.);
#1863=EDGE_CURVE('',#1328,#1382,#739,.T.);
#1864=EDGE_CURVE('',#1329,#1349,#740,.T.);
#1865=EDGE_CURVE('',#1330,#1360,#741,.T.);
#1866=EDGE_CURVE('',#1331,#1373,#742,.T.);
#1867=EDGE_CURVE('',#1327,#1384,#743,.T.);
#1868=EDGE_CURVE('',#1322,#1444,#744,.T.);
#1869=EDGE_CURVE('',#1279,#1443,#745,.T.);
#1870=EDGE_CURVE('',#1277,#1440,#746,.T.);
#1871=EDGE_CURVE('',#1270,#1430,#747,.T.);
#1872=EDGE_CURVE('',#1298,#1429,#748,.T.);
#1873=EDGE_CURVE('',#1297,#1356,#749,.T.);
#1874=EDGE_CURVE('',#1324,#1355,#750,.T.);
#1875=EDGE_CURVE('',#1325,#1354,#751,.T.);
#1876=EDGE_CURVE('',#1302,#1353,#752,.T.);
#1877=EDGE_CURVE('',#1301,#1412,#753,.T.);
#1878=EDGE_CURVE('',#1285,#1411,#754,.T.);
#1879=EDGE_CURVE('',#1283,#1426,#755,.T.);
#1880=EDGE_CURVE('',#1280,#1446,#756,.T.);
#1881=EDGE_CURVE('',#1323,#1445,#757,.T.);
#1882=EDGE_CURVE('',#1316,#1359,#758,.T.);
#1883=EDGE_CURVE('',#1318,#1358,#759,.T.);
#1884=EDGE_CURVE('',#1319,#1401,#760,.T.);
#1885=EDGE_CURVE('',#1320,#1410,#761,.T.);
#1886=EDGE_CURVE('',#1321,#1409,#762,.T.);
#1887=EDGE_CURVE('',#1317,#1408,#763,.T.);
#1888=EDGE_CURVE('',#1248,#1407,#764,.T.);
#1889=EDGE_CURVE('',#1247,#1395,#765,.T.);
#1890=EDGE_CURVE('',#1243,#1374,#766,.T.);
#1891=EDGE_CURVE('',#1314,#1390,#767,.T.);
#1892=EDGE_CURVE('',#1307,#1435,#768,.T.);
#1893=EDGE_CURVE('',#1310,#1481,#769,.T.);
#1894=EDGE_CURVE('',#1306,#1480,#770,.T.);
#1895=EDGE_CURVE('',#1305,#1422,#771,.T.);
#1896=EDGE_CURVE('',#1299,#1413,#772,.T.);
#1897=EDGE_CURVE('',#1303,#1352,#773,.T.);
#1898=EDGE_CURVE('',#1251,#1351,#774,.T.);
#1899=EDGE_CURVE('',#1252,#1386,#775,.T.);
#1900=EDGE_CURVE('',#1259,#1385,#776,.T.);
#1901=EDGE_CURVE('',#1257,#1398,#777,.T.);
#1902=EDGE_CURVE('',#1291,#1416,#778,.T.);
#1903=EDGE_CURVE('',#1304,#1415,#779,.T.);
#1904=EDGE_CURVE('',#1300,#1414,#780,.T.);
#1905=EDGE_CURVE('',#1293,#1437,#781,.T.);
#1906=EDGE_CURVE('',#1295,#1436,#782,.T.);
#1907=EDGE_CURVE('',#1275,#1402,#783,.T.);
#1908=EDGE_CURVE('',#1296,#1357,#784,.T.);
#1909=EDGE_CURVE('',#1294,#1438,#785,.T.);
#1910=EDGE_CURVE('',#1290,#1417,#786,.T.);
#1911=EDGE_CURVE('',#1288,#1485,#787,.T.);
#1912=EDGE_CURVE('',#1234,#1478,#788,.T.);
#1913=EDGE_CURVE('',#1364,#1477,#789,.T.);
#1914=EDGE_CURVE('',#1233,#1489,#790,.T.);
#1915=EDGE_CURVE('',#1284,#1484,#791,.T.);
#1916=EDGE_CURVE('',#1278,#1483,#792,.T.);
#1917=EDGE_CURVE('',#1274,#1403,#793,.T.);
#1918=EDGE_CURVE('',#1272,#1479,#794,.T.);
#1919=EDGE_CURVE('',#1269,#1431,#795,.T.);
#1920=EDGE_CURVE('',#1267,#1482,#796,.T.);
#1921=EDGE_CURVE('',#1263,#1490,#797,.T.);
#1922=EDGE_CURVE('',#1265,#1493,#798,.T.);
#1923=EDGE_CURVE('',#1266,#1492,#799,.T.);
#1924=EDGE_CURVE('',#1264,#1491,#800,.T.);
#1925=EDGE_CURVE('',#1260,#1394,#801,.T.);
#1926=EDGE_CURVE('',#1261,#1488,#802,.T.);
#1927=EDGE_CURVE('',#1262,#1487,#803,.T.);
#1928=EDGE_CURVE('',#1258,#1486,#804,.T.);
#1929=EDGE_CURVE('',#1253,#1350,#805,.T.);
#1930=EDGE_CURVE('',#1236,#1381,#806,.T.);
#1931=EDGE_CURVE('',#1235,#1370,#807,.T.);
#1932=EDGE_CURVE('',#1254,#1389,#808,.T.);
#1933=EDGE_CURVE('',#1255,#1388,#809,.T.);
#1934=EDGE_CURVE('',#1256,#1387,#810,.T.);
#1935=EDGE_CURVE('',#1242,#1375,#811,.T.);
#1936=EDGE_CURVE('',#1237,#1380,#812,.T.);
#1937=EDGE_CURVE('',#1238,#1379,#813,.T.);
#1938=EDGE_CURVE('',#1239,#1447,#814,.T.);
#1939=EDGE_CURVE('',#1224,#1335,#815,.T.);
#1940=EDGE_CURVE('',#1222,#1337,#816,.T.);
#1941=EDGE_CURVE('',#1220,#1339,#817,.T.);
#1942=EDGE_CURVE('',#1218,#1341,#818,.T.);
#1943=EDGE_CURVE('',#1216,#1343,#819,.T.);
#1944=ORIENTED_EDGE('',*,*,#1494,.T.);
#1945=ORIENTED_EDGE('',*,*,#1495,.T.);
#1946=ORIENTED_EDGE('',*,*,#1496,.T.);
#1947=ORIENTED_EDGE('',*,*,#1497,.F.);
#1948=ORIENTED_EDGE('',*,*,#1498,.T.);
#1949=ORIENTED_EDGE('',*,*,#1499,.T.);
#1950=ORIENTED_EDGE('',*,*,#1500,.T.);
#1951=ORIENTED_EDGE('',*,*,#1495,.F.);
#1952=ORIENTED_EDGE('',*,*,#1501,.T.);
#1953=ORIENTED_EDGE('',*,*,#1502,.T.);
#1954=ORIENTED_EDGE('',*,*,#1503,.T.);
#1955=ORIENTED_EDGE('',*,*,#1499,.F.);
#1956=ORIENTED_EDGE('',*,*,#1504,.T.);
#1957=ORIENTED_EDGE('',*,*,#1505,.T.);
#1958=ORIENTED_EDGE('',*,*,#1506,.T.);
#1959=ORIENTED_EDGE('',*,*,#1502,.F.);
#1960=ORIENTED_EDGE('',*,*,#1507,.T.);
#1961=ORIENTED_EDGE('',*,*,#1508,.T.);
#1962=ORIENTED_EDGE('',*,*,#1509,.T.);
#1963=ORIENTED_EDGE('',*,*,#1510,.T.);
#1964=ORIENTED_EDGE('',*,*,#1511,.T.);
#1965=ORIENTED_EDGE('',*,*,#1508,.F.);
#1966=ORIENTED_EDGE('',*,*,#1512,.T.);
#1967=ORIENTED_EDGE('',*,*,#1505,.F.);
#1968=ORIENTED_EDGE('',*,*,#1513,.T.);
#1969=ORIENTED_EDGE('',*,*,#1510,.F.);
#1970=ORIENTED_EDGE('',*,*,#1514,.T.);
#1971=ORIENTED_EDGE('',*,*,#1515,.T.);
#1972=ORIENTED_EDGE('',*,*,#1516,.T.);
#1973=ORIENTED_EDGE('',*,*,#1515,.F.);
#1974=ORIENTED_EDGE('',*,*,#1517,.T.);
#1975=ORIENTED_EDGE('',*,*,#1518,.T.);
#1976=ORIENTED_EDGE('',*,*,#1519,.T.);
#1977=ORIENTED_EDGE('',*,*,#1518,.F.);
#1978=ORIENTED_EDGE('',*,*,#1520,.T.);
#1979=ORIENTED_EDGE('',*,*,#1521,.T.);
#1980=ORIENTED_EDGE('',*,*,#1522,.T.);
#1981=ORIENTED_EDGE('',*,*,#1521,.F.);
#1982=ORIENTED_EDGE('',*,*,#1523,.T.);
#1983=ORIENTED_EDGE('',*,*,#1524,.T.);
#1984=ORIENTED_EDGE('',*,*,#1525,.T.);
#1985=ORIENTED_EDGE('',*,*,#1524,.F.);
#1986=ORIENTED_EDGE('',*,*,#1526,.T.);
#1987=ORIENTED_EDGE('',*,*,#1527,.T.);
#1988=ORIENTED_EDGE('',*,*,#1528,.T.);
#1989=ORIENTED_EDGE('',*,*,#1527,.F.);
#1990=ORIENTED_EDGE('',*,*,#1529,.T.);
#1991=ORIENTED_EDGE('',*,*,#1497,.T.);
#1992=ORIENTED_EDGE('',*,*,#1496,.F.);
#1993=ORIENTED_EDGE('',*,*,#1530,.T.);
#1994=ORIENTED_EDGE('',*,*,#1531,.F.);
#1995=ORIENTED_EDGE('',*,*,#1532,.F.);
#1996=ORIENTED_EDGE('',*,*,#1500,.F.);
#1997=ORIENTED_EDGE('',*,*,#1533,.T.);
#1998=ORIENTED_EDGE('',*,*,#1534,.F.);
#1999=ORIENTED_EDGE('',*,*,#1530,.F.);
#2000=ORIENTED_EDGE('',*,*,#1503,.F.);
#2001=ORIENTED_EDGE('',*,*,#1535,.T.);
#2002=ORIENTED_EDGE('',*,*,#1536,.F.);
#2003=ORIENTED_EDGE('',*,*,#1533,.F.);
#2004=ORIENTED_EDGE('',*,*,#1506,.F.);
#2005=ORIENTED_EDGE('',*,*,#1537,.T.);
#2006=ORIENTED_EDGE('',*,*,#1538,.F.);
#2007=ORIENTED_EDGE('',*,*,#1535,.F.);
#2008=ORIENTED_EDGE('',*,*,#1512,.F.);
#2009=ORIENTED_EDGE('',*,*,#1539,.T.);
#2010=ORIENTED_EDGE('',*,*,#1540,.F.);
#2011=ORIENTED_EDGE('',*,*,#1537,.F.);
#2012=ORIENTED_EDGE('',*,*,#1507,.F.);
#2013=ORIENTED_EDGE('',*,*,#1541,.T.);
#2014=ORIENTED_EDGE('',*,*,#1542,.F.);
#2015=ORIENTED_EDGE('',*,*,#1539,.F.);
#2016=ORIENTED_EDGE('',*,*,#1509,.F.);
#2017=ORIENTED_EDGE('',*,*,#1511,.F.);
#2018=ORIENTED_EDGE('',*,*,#1504,.F.);
#2019=ORIENTED_EDGE('',*,*,#1501,.F.);
#2020=ORIENTED_EDGE('',*,*,#1498,.F.);
#2021=ORIENTED_EDGE('',*,*,#1494,.F.);
#2022=ORIENTED_EDGE('',*,*,#1529,.F.);
#2023=ORIENTED_EDGE('',*,*,#1526,.F.);
#2024=ORIENTED_EDGE('',*,*,#1523,.F.);
#2025=ORIENTED_EDGE('',*,*,#1520,.F.);
#2026=ORIENTED_EDGE('',*,*,#1517,.F.);
#2027=ORIENTED_EDGE('',*,*,#1514,.F.);
#2028=ORIENTED_EDGE('',*,*,#1543,.F.);
#2029=ORIENTED_EDGE('',*,*,#1544,.F.);
#2030=ORIENTED_EDGE('',*,*,#1545,.F.);
#2031=ORIENTED_EDGE('',*,*,#1546,.F.);
#2032=ORIENTED_EDGE('',*,*,#1547,.F.);
#2033=ORIENTED_EDGE('',*,*,#1548,.F.);
#2034=ORIENTED_EDGE('',*,*,#1549,.F.);
#2035=ORIENTED_EDGE('',*,*,#1550,.F.);
#2036=ORIENTED_EDGE('',*,*,#1551,.F.);
#2037=ORIENTED_EDGE('',*,*,#1552,.F.);
#2038=ORIENTED_EDGE('',*,*,#1553,.F.);
#2039=ORIENTED_EDGE('',*,*,#1554,.F.);
#2040=ORIENTED_EDGE('',*,*,#1555,.T.);
#2041=ORIENTED_EDGE('',*,*,#1556,.F.);
#2042=ORIENTED_EDGE('',*,*,#1557,.F.);
#2043=ORIENTED_EDGE('',*,*,#1558,.F.);
#2044=ORIENTED_EDGE('',*,*,#1559,.F.);
#2045=ORIENTED_EDGE('',*,*,#1560,.F.);
#2046=ORIENTED_EDGE('',*,*,#1561,.F.);
#2047=ORIENTED_EDGE('',*,*,#1562,.F.);
#2048=ORIENTED_EDGE('',*,*,#1563,.F.);
#2049=ORIENTED_EDGE('',*,*,#1564,.F.);
#2050=ORIENTED_EDGE('',*,*,#1565,.F.);
#2051=ORIENTED_EDGE('',*,*,#1566,.F.);
#2052=ORIENTED_EDGE('',*,*,#1567,.F.);
#2053=ORIENTED_EDGE('',*,*,#1568,.F.);
#2054=ORIENTED_EDGE('',*,*,#1569,.F.);
#2055=ORIENTED_EDGE('',*,*,#1570,.F.);
#2056=ORIENTED_EDGE('',*,*,#1571,.F.);
#2057=ORIENTED_EDGE('',*,*,#1572,.F.);
#2058=ORIENTED_EDGE('',*,*,#1573,.F.);
#2059=ORIENTED_EDGE('',*,*,#1574,.F.);
#2060=ORIENTED_EDGE('',*,*,#1575,.F.);
#2061=ORIENTED_EDGE('',*,*,#1576,.F.);
#2062=ORIENTED_EDGE('',*,*,#1577,.F.);
#2063=ORIENTED_EDGE('',*,*,#1578,.F.);
#2064=ORIENTED_EDGE('',*,*,#1579,.F.);
#2065=ORIENTED_EDGE('',*,*,#1580,.F.);
#2066=ORIENTED_EDGE('',*,*,#1581,.F.);
#2067=ORIENTED_EDGE('',*,*,#1582,.F.);
#2068=ORIENTED_EDGE('',*,*,#1583,.F.);
#2069=ORIENTED_EDGE('',*,*,#1584,.F.);
#2070=ORIENTED_EDGE('',*,*,#1585,.F.);
#2071=ORIENTED_EDGE('',*,*,#1586,.F.);
#2072=ORIENTED_EDGE('',*,*,#1587,.F.);
#2073=ORIENTED_EDGE('',*,*,#1588,.F.);
#2074=ORIENTED_EDGE('',*,*,#1589,.F.);
#2075=ORIENTED_EDGE('',*,*,#1590,.F.);
#2076=ORIENTED_EDGE('',*,*,#1591,.F.);
#2077=ORIENTED_EDGE('',*,*,#1592,.F.);
#2078=ORIENTED_EDGE('',*,*,#1593,.F.);
#2079=ORIENTED_EDGE('',*,*,#1594,.F.);
#2080=ORIENTED_EDGE('',*,*,#1595,.F.);
#2081=ORIENTED_EDGE('',*,*,#1596,.F.);
#2082=ORIENTED_EDGE('',*,*,#1597,.F.);
#2083=ORIENTED_EDGE('',*,*,#1598,.F.);
#2084=ORIENTED_EDGE('',*,*,#1599,.F.);
#2085=ORIENTED_EDGE('',*,*,#1600,.F.);
#2086=ORIENTED_EDGE('',*,*,#1601,.F.);
#2087=ORIENTED_EDGE('',*,*,#1602,.F.);
#2088=ORIENTED_EDGE('',*,*,#1603,.F.);
#2089=ORIENTED_EDGE('',*,*,#1604,.F.);
#2090=ORIENTED_EDGE('',*,*,#1605,.F.);
#2091=ORIENTED_EDGE('',*,*,#1606,.F.);
#2092=ORIENTED_EDGE('',*,*,#1607,.F.);
#2093=ORIENTED_EDGE('',*,*,#1608,.F.);
#2094=ORIENTED_EDGE('',*,*,#1609,.F.);
#2095=ORIENTED_EDGE('',*,*,#1610,.F.);
#2096=ORIENTED_EDGE('',*,*,#1611,.F.);
#2097=ORIENTED_EDGE('',*,*,#1612,.F.);
#2098=ORIENTED_EDGE('',*,*,#1613,.F.);
#2099=ORIENTED_EDGE('',*,*,#1614,.F.);
#2100=ORIENTED_EDGE('',*,*,#1615,.F.);
#2101=ORIENTED_EDGE('',*,*,#1616,.F.);
#2102=ORIENTED_EDGE('',*,*,#1617,.F.);
#2103=ORIENTED_EDGE('',*,*,#1618,.F.);
#2104=ORIENTED_EDGE('',*,*,#1619,.F.);
#2105=ORIENTED_EDGE('',*,*,#1620,.F.);
#2106=ORIENTED_EDGE('',*,*,#1621,.F.);
#2107=ORIENTED_EDGE('',*,*,#1622,.F.);
#2108=ORIENTED_EDGE('',*,*,#1623,.F.);
#2109=ORIENTED_EDGE('',*,*,#1624,.F.);
#2110=ORIENTED_EDGE('',*,*,#1625,.F.);
#2111=ORIENTED_EDGE('',*,*,#1626,.F.);
#2112=ORIENTED_EDGE('',*,*,#1627,.F.);
#2113=ORIENTED_EDGE('',*,*,#1628,.F.);
#2114=ORIENTED_EDGE('',*,*,#1629,.F.);
#2115=ORIENTED_EDGE('',*,*,#1630,.F.);
#2116=ORIENTED_EDGE('',*,*,#1631,.F.);
#2117=ORIENTED_EDGE('',*,*,#1632,.F.);
#2118=ORIENTED_EDGE('',*,*,#1633,.F.);
#2119=ORIENTED_EDGE('',*,*,#1634,.F.);
#2120=ORIENTED_EDGE('',*,*,#1635,.F.);
#2121=ORIENTED_EDGE('',*,*,#1636,.F.);
#2122=ORIENTED_EDGE('',*,*,#1637,.F.);
#2123=ORIENTED_EDGE('',*,*,#1638,.F.);
#2124=ORIENTED_EDGE('',*,*,#1639,.F.);
#2125=ORIENTED_EDGE('',*,*,#1640,.F.);
#2126=ORIENTED_EDGE('',*,*,#1641,.F.);
#2127=ORIENTED_EDGE('',*,*,#1642,.T.);
#2128=ORIENTED_EDGE('',*,*,#1643,.T.);
#2129=ORIENTED_EDGE('',*,*,#1531,.T.);
#2130=ORIENTED_EDGE('',*,*,#1644,.F.);
#2131=ORIENTED_EDGE('',*,*,#1645,.T.);
#2132=ORIENTED_EDGE('',*,*,#1646,.T.);
#2133=ORIENTED_EDGE('',*,*,#1647,.T.);
#2134=ORIENTED_EDGE('',*,*,#1643,.F.);
#2135=ORIENTED_EDGE('',*,*,#1648,.T.);
#2136=ORIENTED_EDGE('',*,*,#1649,.T.);
#2137=ORIENTED_EDGE('',*,*,#1650,.T.);
#2138=ORIENTED_EDGE('',*,*,#1646,.F.);
#2139=ORIENTED_EDGE('',*,*,#1651,.T.);
#2140=ORIENTED_EDGE('',*,*,#1652,.T.);
#2141=ORIENTED_EDGE('',*,*,#1653,.T.);
#2142=ORIENTED_EDGE('',*,*,#1649,.F.);
#2143=ORIENTED_EDGE('',*,*,#1654,.T.);
#2144=ORIENTED_EDGE('',*,*,#1655,.T.);
#2145=ORIENTED_EDGE('',*,*,#1656,.T.);
#2146=ORIENTED_EDGE('',*,*,#1652,.F.);
#2147=ORIENTED_EDGE('',*,*,#1657,.T.);
#2148=ORIENTED_EDGE('',*,*,#1658,.T.);
#2149=ORIENTED_EDGE('',*,*,#1659,.T.);
#2150=ORIENTED_EDGE('',*,*,#1655,.F.);
#2151=ORIENTED_EDGE('',*,*,#1660,.T.);
#2152=ORIENTED_EDGE('',*,*,#1661,.T.);
#2153=ORIENTED_EDGE('',*,*,#1662,.T.);
#2154=ORIENTED_EDGE('',*,*,#1658,.F.);
#2155=ORIENTED_EDGE('',*,*,#1542,.T.);
#2156=ORIENTED_EDGE('',*,*,#1661,.F.);
#2157=ORIENTED_EDGE('',*,*,#1663,.T.);
#2158=ORIENTED_EDGE('',*,*,#1664,.T.);
#2159=ORIENTED_EDGE('',*,*,#1540,.T.);
#2160=ORIENTED_EDGE('',*,*,#1664,.F.);
#2161=ORIENTED_EDGE('',*,*,#1665,.T.);
#2162=ORIENTED_EDGE('',*,*,#1666,.T.);
#2163=ORIENTED_EDGE('',*,*,#1538,.T.);
#2164=ORIENTED_EDGE('',*,*,#1666,.F.);
#2165=ORIENTED_EDGE('',*,*,#1667,.T.);
#2166=ORIENTED_EDGE('',*,*,#1668,.T.);
#2167=ORIENTED_EDGE('',*,*,#1536,.T.);
#2168=ORIENTED_EDGE('',*,*,#1668,.F.);
#2169=ORIENTED_EDGE('',*,*,#1669,.T.);
#2170=ORIENTED_EDGE('',*,*,#1670,.T.);
#2171=ORIENTED_EDGE('',*,*,#1534,.T.);
#2172=ORIENTED_EDGE('',*,*,#1670,.F.);
#2173=ORIENTED_EDGE('',*,*,#1671,.T.);
#2174=ORIENTED_EDGE('',*,*,#1644,.T.);
#2175=ORIENTED_EDGE('',*,*,#1642,.F.);
#2176=ORIENTED_EDGE('',*,*,#1671,.F.);
#2177=ORIENTED_EDGE('',*,*,#1669,.F.);
#2178=ORIENTED_EDGE('',*,*,#1667,.F.);
#2179=ORIENTED_EDGE('',*,*,#1665,.F.);
#2180=ORIENTED_EDGE('',*,*,#1663,.F.);
#2181=ORIENTED_EDGE('',*,*,#1660,.F.);
#2182=ORIENTED_EDGE('',*,*,#1657,.F.);
#2183=ORIENTED_EDGE('',*,*,#1654,.F.);
#2184=ORIENTED_EDGE('',*,*,#1651,.F.);
#2185=ORIENTED_EDGE('',*,*,#1648,.F.);
#2186=ORIENTED_EDGE('',*,*,#1645,.F.);
#2187=ORIENTED_EDGE('',*,*,#1672,.T.);
#2188=ORIENTED_EDGE('',*,*,#1673,.T.);
#2189=ORIENTED_EDGE('',*,*,#1674,.T.);
#2190=ORIENTED_EDGE('',*,*,#1675,.T.);
#2191=ORIENTED_EDGE('',*,*,#1676,.T.);
#2192=ORIENTED_EDGE('',*,*,#1677,.T.);
#2193=ORIENTED_EDGE('',*,*,#1678,.T.);
#2194=ORIENTED_EDGE('',*,*,#1679,.T.);
#2195=ORIENTED_EDGE('',*,*,#1680,.T.);
#2196=ORIENTED_EDGE('',*,*,#1681,.T.);
#2197=ORIENTED_EDGE('',*,*,#1682,.T.);
#2198=ORIENTED_EDGE('',*,*,#1683,.T.);
#2199=ORIENTED_EDGE('',*,*,#1555,.F.);
#2200=ORIENTED_EDGE('',*,*,#1684,.F.);
#2201=ORIENTED_EDGE('',*,*,#1685,.T.);
#2202=ORIENTED_EDGE('',*,*,#1686,.F.);
#2203=ORIENTED_EDGE('',*,*,#1687,.F.);
#2204=ORIENTED_EDGE('',*,*,#1688,.F.);
#2205=ORIENTED_EDGE('',*,*,#1689,.F.);
#2206=ORIENTED_EDGE('',*,*,#1685,.F.);
#2207=ORIENTED_EDGE('',*,*,#1687,.T.);
#2208=ORIENTED_EDGE('',*,*,#1684,.T.);
#2209=ORIENTED_EDGE('',*,*,#1554,.T.);
#2210=ORIENTED_EDGE('',*,*,#1690,.T.);
#2211=ORIENTED_EDGE('',*,*,#1691,.F.);
#2212=ORIENTED_EDGE('',*,*,#1692,.F.);
#2213=ORIENTED_EDGE('',*,*,#1693,.F.);
#2214=ORIENTED_EDGE('',*,*,#1694,.F.);
#2215=ORIENTED_EDGE('',*,*,#1695,.T.);
#2216=ORIENTED_EDGE('',*,*,#1696,.T.);
#2217=ORIENTED_EDGE('',*,*,#1697,.F.);
#2218=ORIENTED_EDGE('',*,*,#1698,.T.);
#2219=ORIENTED_EDGE('',*,*,#1699,.T.);
#2220=ORIENTED_EDGE('',*,*,#1700,.T.);
#2221=ORIENTED_EDGE('',*,*,#1701,.T.);
#2222=ORIENTED_EDGE('',*,*,#1702,.T.);
#2223=ORIENTED_EDGE('',*,*,#1703,.F.);
#2224=ORIENTED_EDGE('',*,*,#1704,.T.);
#2225=ORIENTED_EDGE('',*,*,#1705,.T.);
#2226=ORIENTED_EDGE('',*,*,#1706,.T.);
#2227=ORIENTED_EDGE('',*,*,#1707,.T.);
#2228=ORIENTED_EDGE('',*,*,#1708,.T.);
#2229=ORIENTED_EDGE('',*,*,#1709,.T.);
#2230=ORIENTED_EDGE('',*,*,#1710,.T.);
#2231=ORIENTED_EDGE('',*,*,#1711,.T.);
#2232=ORIENTED_EDGE('',*,*,#1712,.T.);
#2233=ORIENTED_EDGE('',*,*,#1713,.T.);
#2234=ORIENTED_EDGE('',*,*,#1714,.T.);
#2235=ORIENTED_EDGE('',*,*,#1715,.T.);
#2236=ORIENTED_EDGE('',*,*,#1716,.T.);
#2237=ORIENTED_EDGE('',*,*,#1717,.T.);
#2238=ORIENTED_EDGE('',*,*,#1718,.F.);
#2239=ORIENTED_EDGE('',*,*,#1719,.T.);
#2240=ORIENTED_EDGE('',*,*,#1720,.T.);
#2241=ORIENTED_EDGE('',*,*,#1721,.T.);
#2242=ORIENTED_EDGE('',*,*,#1722,.T.);
#2243=ORIENTED_EDGE('',*,*,#1723,.F.);
#2244=ORIENTED_EDGE('',*,*,#1691,.T.);
#2245=ORIENTED_EDGE('',*,*,#1724,.T.);
#2246=ORIENTED_EDGE('',*,*,#1725,.T.);
#2247=ORIENTED_EDGE('',*,*,#1726,.F.);
#2248=ORIENTED_EDGE('',*,*,#1727,.T.);
#2249=ORIENTED_EDGE('',*,*,#1728,.T.);
#2250=ORIENTED_EDGE('',*,*,#1729,.T.);
#2251=ORIENTED_EDGE('',*,*,#1730,.T.);
#2252=ORIENTED_EDGE('',*,*,#1731,.F.);
#2253=ORIENTED_EDGE('',*,*,#1732,.T.);
#2254=ORIENTED_EDGE('',*,*,#1733,.T.);
#2255=ORIENTED_EDGE('',*,*,#1734,.T.);
#2256=ORIENTED_EDGE('',*,*,#1735,.T.);
#2257=ORIENTED_EDGE('',*,*,#1736,.T.);
#2258=ORIENTED_EDGE('',*,*,#1737,.T.);
#2259=ORIENTED_EDGE('',*,*,#1738,.T.);
#2260=ORIENTED_EDGE('',*,*,#1739,.T.);
#2261=ORIENTED_EDGE('',*,*,#1740,.T.);
#2262=ORIENTED_EDGE('',*,*,#1741,.T.);
#2263=ORIENTED_EDGE('',*,*,#1742,.T.);
#2264=ORIENTED_EDGE('',*,*,#1743,.T.);
#2265=ORIENTED_EDGE('',*,*,#1744,.T.);
#2266=ORIENTED_EDGE('',*,*,#1745,.F.);
#2267=ORIENTED_EDGE('',*,*,#1746,.T.);
#2268=ORIENTED_EDGE('',*,*,#1747,.T.);
#2269=ORIENTED_EDGE('',*,*,#1748,.T.);
#2270=ORIENTED_EDGE('',*,*,#1749,.T.);
#2271=ORIENTED_EDGE('',*,*,#1750,.F.);
#2272=ORIENTED_EDGE('',*,*,#1751,.T.);
#2273=ORIENTED_EDGE('',*,*,#1752,.T.);
#2274=ORIENTED_EDGE('',*,*,#1753,.T.);
#2275=ORIENTED_EDGE('',*,*,#1754,.F.);
#2276=ORIENTED_EDGE('',*,*,#1755,.T.);
#2277=ORIENTED_EDGE('',*,*,#1756,.T.);
#2278=ORIENTED_EDGE('',*,*,#1757,.T.);
#2279=ORIENTED_EDGE('',*,*,#1758,.T.);
#2280=ORIENTED_EDGE('',*,*,#1759,.F.);
#2281=ORIENTED_EDGE('',*,*,#1760,.T.);
#2282=ORIENTED_EDGE('',*,*,#1761,.T.);
#2283=ORIENTED_EDGE('',*,*,#1762,.T.);
#2284=ORIENTED_EDGE('',*,*,#1763,.T.);
#2285=ORIENTED_EDGE('',*,*,#1764,.T.);
#2286=ORIENTED_EDGE('',*,*,#1765,.T.);
#2287=ORIENTED_EDGE('',*,*,#1766,.T.);
#2288=ORIENTED_EDGE('',*,*,#1767,.T.);
#2289=ORIENTED_EDGE('',*,*,#1768,.F.);
#2290=ORIENTED_EDGE('',*,*,#1769,.T.);
#2291=ORIENTED_EDGE('',*,*,#1770,.T.);
#2292=ORIENTED_EDGE('',*,*,#1771,.T.);
#2293=ORIENTED_EDGE('',*,*,#1772,.T.);
#2294=ORIENTED_EDGE('',*,*,#1773,.T.);
#2295=ORIENTED_EDGE('',*,*,#1774,.T.);
#2296=ORIENTED_EDGE('',*,*,#1703,.T.);
#2297=ORIENTED_EDGE('',*,*,#1775,.T.);
#2298=ORIENTED_EDGE('',*,*,#1776,.T.);
#2299=ORIENTED_EDGE('',*,*,#1775,.F.);
#2300=ORIENTED_EDGE('',*,*,#1702,.F.);
#2301=ORIENTED_EDGE('',*,*,#1777,.F.);
#2302=ORIENTED_EDGE('',*,*,#1550,.T.);
#2303=ORIENTED_EDGE('',*,*,#1778,.T.);
#2304=ORIENTED_EDGE('',*,*,#1779,.T.);
#2305=ORIENTED_EDGE('',*,*,#1750,.T.);
#2306=ORIENTED_EDGE('',*,*,#1780,.T.);
#2307=ORIENTED_EDGE('',*,*,#1781,.F.);
#2308=ORIENTED_EDGE('',*,*,#1779,.F.);
#2309=ORIENTED_EDGE('',*,*,#1782,.F.);
#2310=ORIENTED_EDGE('',*,*,#1783,.F.);
#2311=ORIENTED_EDGE('',*,*,#1586,.T.);
#2312=ORIENTED_EDGE('',*,*,#1784,.T.);
#2313=ORIENTED_EDGE('',*,*,#1751,.F.);
#2314=ORIENTED_EDGE('',*,*,#1785,.T.);
#2315=ORIENTED_EDGE('',*,*,#1754,.T.);
#2316=ORIENTED_EDGE('',*,*,#1786,.T.);
#2317=ORIENTED_EDGE('',*,*,#1787,.F.);
#2318=ORIENTED_EDGE('',*,*,#1785,.F.);
#2319=ORIENTED_EDGE('',*,*,#1788,.F.);
#2320=ORIENTED_EDGE('',*,*,#1789,.F.);
#2321=ORIENTED_EDGE('',*,*,#1591,.T.);
#2322=ORIENTED_EDGE('',*,*,#1790,.T.);
#2323=ORIENTED_EDGE('',*,*,#1755,.F.);
#2324=ORIENTED_EDGE('',*,*,#1791,.T.);
#2325=ORIENTED_EDGE('',*,*,#1768,.T.);
#2326=ORIENTED_EDGE('',*,*,#1792,.T.);
#2327=ORIENTED_EDGE('',*,*,#1793,.F.);
#2328=ORIENTED_EDGE('',*,*,#1791,.F.);
#2329=ORIENTED_EDGE('',*,*,#1794,.F.);
#2330=ORIENTED_EDGE('',*,*,#1795,.F.);
#2331=ORIENTED_EDGE('',*,*,#1581,.T.);
#2332=ORIENTED_EDGE('',*,*,#1796,.T.);
#2333=ORIENTED_EDGE('',*,*,#1769,.F.);
#2334=ORIENTED_EDGE('',*,*,#1797,.T.);
#2335=ORIENTED_EDGE('',*,*,#1697,.T.);
#2336=ORIENTED_EDGE('',*,*,#1798,.T.);
#2337=ORIENTED_EDGE('',*,*,#1799,.F.);
#2338=ORIENTED_EDGE('',*,*,#1797,.F.);
#2339=ORIENTED_EDGE('',*,*,#1800,.F.);
#2340=ORIENTED_EDGE('',*,*,#1801,.F.);
#2341=ORIENTED_EDGE('',*,*,#1625,.T.);
#2342=ORIENTED_EDGE('',*,*,#1802,.T.);
#2343=ORIENTED_EDGE('',*,*,#1698,.F.);
#2344=ORIENTED_EDGE('',*,*,#1692,.T.);
#2345=ORIENTED_EDGE('',*,*,#1723,.T.);
#2346=ORIENTED_EDGE('',*,*,#1803,.T.);
#2347=ORIENTED_EDGE('',*,*,#1804,.F.);
#2348=ORIENTED_EDGE('',*,*,#1805,.T.);
#2349=ORIENTED_EDGE('',*,*,#1726,.T.);
#2350=ORIENTED_EDGE('',*,*,#1806,.T.);
#2351=ORIENTED_EDGE('',*,*,#1807,.F.);
#2352=ORIENTED_EDGE('',*,*,#1805,.F.);
#2353=ORIENTED_EDGE('',*,*,#1808,.F.);
#2354=ORIENTED_EDGE('',*,*,#1809,.F.);
#2355=ORIENTED_EDGE('',*,*,#1602,.T.);
#2356=ORIENTED_EDGE('',*,*,#1810,.T.);
#2357=ORIENTED_EDGE('',*,*,#1727,.F.);
#2358=ORIENTED_EDGE('',*,*,#1811,.T.);
#2359=ORIENTED_EDGE('',*,*,#1745,.T.);
#2360=ORIENTED_EDGE('',*,*,#1812,.T.);
#2361=ORIENTED_EDGE('',*,*,#1813,.F.);
#2362=ORIENTED_EDGE('',*,*,#1811,.F.);
#2363=ORIENTED_EDGE('',*,*,#1814,.F.);
#2364=ORIENTED_EDGE('',*,*,#1815,.F.);
#2365=ORIENTED_EDGE('',*,*,#1596,.T.);
#2366=ORIENTED_EDGE('',*,*,#1816,.T.);
#2367=ORIENTED_EDGE('',*,*,#1746,.F.);
#2368=ORIENTED_EDGE('',*,*,#1817,.T.);
#2369=ORIENTED_EDGE('',*,*,#1818,.F.);
#2370=ORIENTED_EDGE('',*,*,#1819,.T.);
#2371=ORIENTED_EDGE('',*,*,#1759,.T.);
#2372=ORIENTED_EDGE('',*,*,#1819,.F.);
#2373=ORIENTED_EDGE('',*,*,#1820,.F.);
#2374=ORIENTED_EDGE('',*,*,#1821,.F.);
#2375=ORIENTED_EDGE('',*,*,#1618,.T.);
#2376=ORIENTED_EDGE('',*,*,#1822,.T.);
#2377=ORIENTED_EDGE('',*,*,#1760,.F.);
#2378=ORIENTED_EDGE('',*,*,#1823,.T.);
#2379=ORIENTED_EDGE('',*,*,#1731,.T.);
#2380=ORIENTED_EDGE('',*,*,#1824,.T.);
#2381=ORIENTED_EDGE('',*,*,#1825,.F.);
#2382=ORIENTED_EDGE('',*,*,#1823,.F.);
#2383=ORIENTED_EDGE('',*,*,#1826,.F.);
#2384=ORIENTED_EDGE('',*,*,#1827,.F.);
#2385=ORIENTED_EDGE('',*,*,#1559,.T.);
#2386=ORIENTED_EDGE('',*,*,#1828,.T.);
#2387=ORIENTED_EDGE('',*,*,#1732,.F.);
#2388=ORIENTED_EDGE('',*,*,#1829,.T.);
#2389=ORIENTED_EDGE('',*,*,#1718,.T.);
#2390=ORIENTED_EDGE('',*,*,#1830,.T.);
#2391=ORIENTED_EDGE('',*,*,#1831,.F.);
#2392=ORIENTED_EDGE('',*,*,#1830,.F.);
#2393=ORIENTED_EDGE('',*,*,#1717,.F.);
#2394=ORIENTED_EDGE('',*,*,#1832,.F.);
#2395=ORIENTED_EDGE('',*,*,#1622,.T.);
#2396=ORIENTED_EDGE('',*,*,#1833,.T.);
#2397=ORIENTED_EDGE('',*,*,#1834,.F.);
#2398=ORIENTED_EDGE('',*,*,#1804,.T.);
#2399=ORIENTED_EDGE('',*,*,#1835,.T.);
#2400=ORIENTED_EDGE('',*,*,#1836,.T.);
#2401=ORIENTED_EDGE('',*,*,#1837,.T.);
#2402=ORIENTED_EDGE('',*,*,#1826,.T.);
#2403=ORIENTED_EDGE('',*,*,#1825,.T.);
#2404=ORIENTED_EDGE('',*,*,#1838,.T.);
#2405=ORIENTED_EDGE('',*,*,#1839,.T.);
#2406=ORIENTED_EDGE('',*,*,#1782,.T.);
#2407=ORIENTED_EDGE('',*,*,#1781,.T.);
#2408=ORIENTED_EDGE('',*,*,#1840,.T.);
#2409=ORIENTED_EDGE('',*,*,#1841,.T.);
#2410=ORIENTED_EDGE('',*,*,#1842,.T.);
#2411=ORIENTED_EDGE('',*,*,#1820,.T.);
#2412=ORIENTED_EDGE('',*,*,#1818,.T.);
#2413=ORIENTED_EDGE('',*,*,#1843,.T.);
#2414=ORIENTED_EDGE('',*,*,#1844,.T.);
#2415=ORIENTED_EDGE('',*,*,#1794,.T.);
#2416=ORIENTED_EDGE('',*,*,#1793,.T.);
#2417=ORIENTED_EDGE('',*,*,#1845,.T.);
#2418=ORIENTED_EDGE('',*,*,#1846,.T.);
#2419=ORIENTED_EDGE('',*,*,#1788,.T.);
#2420=ORIENTED_EDGE('',*,*,#1787,.T.);
#2421=ORIENTED_EDGE('',*,*,#1847,.T.);
#2422=ORIENTED_EDGE('',*,*,#1848,.T.);
#2423=ORIENTED_EDGE('',*,*,#1814,.T.);
#2424=ORIENTED_EDGE('',*,*,#1813,.T.);
#2425=ORIENTED_EDGE('',*,*,#1849,.T.);
#2426=ORIENTED_EDGE('',*,*,#1850,.T.);
#2427=ORIENTED_EDGE('',*,*,#1808,.T.);
#2428=ORIENTED_EDGE('',*,*,#1807,.T.);
#2429=ORIENTED_EDGE('',*,*,#1851,.T.);
#2430=ORIENTED_EDGE('',*,*,#1852,.T.);
#2431=ORIENTED_EDGE('',*,*,#1853,.T.);
#2432=ORIENTED_EDGE('',*,*,#1854,.T.);
#2433=ORIENTED_EDGE('',*,*,#1831,.T.);
#2434=ORIENTED_EDGE('',*,*,#1834,.T.);
#2435=ORIENTED_EDGE('',*,*,#1855,.T.);
#2436=ORIENTED_EDGE('',*,*,#1800,.T.);
#2437=ORIENTED_EDGE('',*,*,#1799,.T.);
#2438=ORIENTED_EDGE('',*,*,#1856,.T.);
#2439=ORIENTED_EDGE('',*,*,#1857,.T.);
#2440=ORIENTED_EDGE('',*,*,#1693,.T.);
#2441=ORIENTED_EDGE('',*,*,#1858,.T.);
#2442=ORIENTED_EDGE('',*,*,#1859,.T.);
#2443=ORIENTED_EDGE('',*,*,#1860,.T.);
#2444=ORIENTED_EDGE('',*,*,#1861,.T.);
#2445=ORIENTED_EDGE('',*,*,#1637,.T.);
#2446=ORIENTED_EDGE('',*,*,#1862,.T.);
#2447=ORIENTED_EDGE('',*,*,#1708,.F.);
#2448=ORIENTED_EDGE('',*,*,#1863,.F.);
#2449=ORIENTED_EDGE('',*,*,#1639,.T.);
#2450=ORIENTED_EDGE('',*,*,#1864,.T.);
#2451=ORIENTED_EDGE('',*,*,#1683,.F.);
#2452=ORIENTED_EDGE('',*,*,#1865,.F.);
#2453=ORIENTED_EDGE('',*,*,#1641,.T.);
#2454=ORIENTED_EDGE('',*,*,#1866,.T.);
#2455=ORIENTED_EDGE('',*,*,#1710,.F.);
#2456=ORIENTED_EDGE('',*,*,#1867,.F.);
#2457=ORIENTED_EDGE('',*,*,#1636,.T.);
#2458=ORIENTED_EDGE('',*,*,#1867,.T.);
#2459=ORIENTED_EDGE('',*,*,#1709,.F.);
#2460=ORIENTED_EDGE('',*,*,#1862,.F.);
#2461=ORIENTED_EDGE('',*,*,#1633,.T.);
#2462=ORIENTED_EDGE('',*,*,#1868,.T.);
#2463=ORIENTED_EDGE('',*,*,#1770,.F.);
#2464=ORIENTED_EDGE('',*,*,#1869,.F.);
#2465=ORIENTED_EDGE('',*,*,#1588,.T.);
#2466=ORIENTED_EDGE('',*,*,#1870,.T.);
#2467=ORIENTED_EDGE('',*,*,#1766,.F.);
#2468=ORIENTED_EDGE('',*,*,#1796,.F.);
#2469=ORIENTED_EDGE('',*,*,#1580,.T.);
#2470=ORIENTED_EDGE('',*,*,#1871,.T.);
#2471=ORIENTED_EDGE('',*,*,#1756,.F.);
#2472=ORIENTED_EDGE('',*,*,#1872,.F.);
#2473=ORIENTED_EDGE('',*,*,#1607,.T.);
#2474=ORIENTED_EDGE('',*,*,#1873,.T.);
#2475=ORIENTED_EDGE('',*,*,#1678,.F.);
#2476=ORIENTED_EDGE('',*,*,#1874,.F.);
#2477=ORIENTED_EDGE('',*,*,#1634,.T.);
#2478=ORIENTED_EDGE('',*,*,#1874,.T.);
#2479=ORIENTED_EDGE('',*,*,#1677,.F.);
#2480=ORIENTED_EDGE('',*,*,#1875,.F.);
#2481=ORIENTED_EDGE('',*,*,#1635,.T.);
#2482=ORIENTED_EDGE('',*,*,#1875,.T.);
#2483=ORIENTED_EDGE('',*,*,#1676,.F.);
#2484=ORIENTED_EDGE('',*,*,#1876,.F.);
#2485=ORIENTED_EDGE('',*,*,#1611,.T.);
#2486=ORIENTED_EDGE('',*,*,#1877,.T.);
#2487=ORIENTED_EDGE('',*,*,#1738,.F.);
#2488=ORIENTED_EDGE('',*,*,#1878,.F.);
#2489=ORIENTED_EDGE('',*,*,#1594,.T.);
#2490=ORIENTED_EDGE('',*,*,#1879,.T.);
#2491=ORIENTED_EDGE('',*,*,#1752,.F.);
#2492=ORIENTED_EDGE('',*,*,#1790,.F.);
#2493=ORIENTED_EDGE('',*,*,#1590,.T.);
#2494=ORIENTED_EDGE('',*,*,#1880,.T.);
#2495=ORIENTED_EDGE('',*,*,#1772,.F.);
#2496=ORIENTED_EDGE('',*,*,#1881,.F.);
#2497=ORIENTED_EDGE('',*,*,#1632,.T.);
#2498=ORIENTED_EDGE('',*,*,#1881,.T.);
#2499=ORIENTED_EDGE('',*,*,#1771,.F.);
#2500=ORIENTED_EDGE('',*,*,#1868,.F.);
#2501=ORIENTED_EDGE('',*,*,#1627,.T.);
#2502=ORIENTED_EDGE('',*,*,#1882,.T.);
#2503=ORIENTED_EDGE('',*,*,#1681,.F.);
#2504=ORIENTED_EDGE('',*,*,#1883,.F.);
#2505=ORIENTED_EDGE('',*,*,#1629,.T.);
#2506=ORIENTED_EDGE('',*,*,#1884,.T.);
#2507=ORIENTED_EDGE('',*,*,#1737,.F.);
#2508=ORIENTED_EDGE('',*,*,#1885,.F.);
#2509=ORIENTED_EDGE('',*,*,#1630,.T.);
#2510=ORIENTED_EDGE('',*,*,#1885,.T.);
#2511=ORIENTED_EDGE('',*,*,#1736,.F.);
#2512=ORIENTED_EDGE('',*,*,#1886,.F.);
#2513=ORIENTED_EDGE('',*,*,#1631,.T.);
#2514=ORIENTED_EDGE('',*,*,#1886,.T.);
#2515=ORIENTED_EDGE('',*,*,#1735,.F.);
#2516=ORIENTED_EDGE('',*,*,#1887,.F.);
#2517=ORIENTED_EDGE('',*,*,#1626,.T.);
#2518=ORIENTED_EDGE('',*,*,#1887,.T.);
#2519=ORIENTED_EDGE('',*,*,#1734,.F.);
#2520=ORIENTED_EDGE('',*,*,#1888,.F.);
#2521=ORIENTED_EDGE('',*,*,#1557,.T.);
#2522=ORIENTED_EDGE('',*,*,#1889,.T.);
#2523=ORIENTED_EDGE('',*,*,#1721,.F.);
#2524=ORIENTED_EDGE('',*,*,#1690,.F.);
#2525=ORIENTED_EDGE('',*,*,#1553,.T.);
#2526=ORIENTED_EDGE('',*,*,#1890,.T.);
#2527=ORIENTED_EDGE('',*,*,#1699,.F.);
#2528=ORIENTED_EDGE('',*,*,#1866,.F.);
#2529=ORIENTED_EDGE('',*,*,#1640,.T.);
#2530=ORIENTED_EDGE('',*,*,#1865,.T.);
#2531=ORIENTED_EDGE('',*,*,#1682,.F.);
#2532=ORIENTED_EDGE('',*,*,#1882,.F.);
#2533=ORIENTED_EDGE('',*,*,#1623,.T.);
#2534=ORIENTED_EDGE('',*,*,#1832,.T.);
#2535=ORIENTED_EDGE('',*,*,#1716,.F.);
#2536=ORIENTED_EDGE('',*,*,#1891,.F.);
#2537=ORIENTED_EDGE('',*,*,#1621,.T.);
#2538=ORIENTED_EDGE('',*,*,#1801,.T.);
#2539=ORIENTED_EDGE('',*,*,#1855,.F.);
#2540=ORIENTED_EDGE('',*,*,#1833,.F.);
#2541=ORIENTED_EDGE('',*,*,#1617,.T.);
#2542=ORIENTED_EDGE('',*,*,#1892,.T.);
#2543=ORIENTED_EDGE('',*,*,#1761,.F.);
#2544=ORIENTED_EDGE('',*,*,#1822,.F.);
#2545=ORIENTED_EDGE('',*,*,#1619,.T.);
#2546=ORIENTED_EDGE('',*,*,#1821,.T.);
#2547=ORIENTED_EDGE('',*,*,#1842,.F.);
#2548=ORIENTED_EDGE('',*,*,#1893,.F.);
#2549=ORIENTED_EDGE('',*,*,#1620,.T.);
#2550=ORIENTED_EDGE('',*,*,#1893,.T.);
#2551=ORIENTED_EDGE('',*,*,#1841,.F.);
#2552=ORIENTED_EDGE('',*,*,#1894,.F.);
#2553=ORIENTED_EDGE('',*,*,#1780,.F.);
#2554=ORIENTED_EDGE('',*,*,#1749,.F.);
#2555=ORIENTED_EDGE('',*,*,#1895,.F.);
#2556=ORIENTED_EDGE('',*,*,#1615,.T.);
#2557=ORIENTED_EDGE('',*,*,#1894,.T.);
#2558=ORIENTED_EDGE('',*,*,#1840,.F.);
#2559=ORIENTED_EDGE('',*,*,#1610,.T.);
#2560=ORIENTED_EDGE('',*,*,#1896,.T.);
#2561=ORIENTED_EDGE('',*,*,#1739,.F.);
#2562=ORIENTED_EDGE('',*,*,#1877,.F.);
#2563=ORIENTED_EDGE('',*,*,#1612,.T.);
#2564=ORIENTED_EDGE('',*,*,#1876,.T.);
#2565=ORIENTED_EDGE('',*,*,#1675,.F.);
#2566=ORIENTED_EDGE('',*,*,#1897,.F.);
#2567=ORIENTED_EDGE('',*,*,#1613,.T.);
#2568=ORIENTED_EDGE('',*,*,#1897,.T.);
#2569=ORIENTED_EDGE('',*,*,#1674,.F.);
#2570=ORIENTED_EDGE('',*,*,#1898,.F.);
#2571=ORIENTED_EDGE('',*,*,#1561,.T.);
#2572=ORIENTED_EDGE('',*,*,#1899,.T.);
#2573=ORIENTED_EDGE('',*,*,#1711,.F.);
#2574=ORIENTED_EDGE('',*,*,#1900,.F.);
#2575=ORIENTED_EDGE('',*,*,#1568,.T.);
#2576=ORIENTED_EDGE('',*,*,#1901,.T.);
#2577=ORIENTED_EDGE('',*,*,#1724,.F.);
#2578=ORIENTED_EDGE('',*,*,#1810,.F.);
#2579=ORIENTED_EDGE('',*,*,#1601,.T.);
#2580=ORIENTED_EDGE('',*,*,#1902,.T.);
#2581=ORIENTED_EDGE('',*,*,#1742,.F.);
#2582=ORIENTED_EDGE('',*,*,#1903,.F.);
#2583=ORIENTED_EDGE('',*,*,#1614,.T.);
#2584=ORIENTED_EDGE('',*,*,#1903,.T.);
#2585=ORIENTED_EDGE('',*,*,#1741,.F.);
#2586=ORIENTED_EDGE('',*,*,#1904,.F.);
#2587=ORIENTED_EDGE('',*,*,#1609,.T.);
#2588=ORIENTED_EDGE('',*,*,#1904,.T.);
#2589=ORIENTED_EDGE('',*,*,#1740,.F.);
#2590=ORIENTED_EDGE('',*,*,#1896,.F.);
#2591=ORIENTED_EDGE('',*,*,#1604,.T.);
#2592=ORIENTED_EDGE('',*,*,#1905,.T.);
#2593=ORIENTED_EDGE('',*,*,#1763,.F.);
#2594=ORIENTED_EDGE('',*,*,#1906,.F.);
#2595=ORIENTED_EDGE('',*,*,#1605,.T.);
#2596=ORIENTED_EDGE('',*,*,#1906,.T.);
#2597=ORIENTED_EDGE('',*,*,#1762,.F.);
#2598=ORIENTED_EDGE('',*,*,#1892,.F.);
#2599=ORIENTED_EDGE('',*,*,#1616,.T.);
#2600=ORIENTED_EDGE('',*,*,#1895,.T.);
#2601=ORIENTED_EDGE('',*,*,#1748,.F.);
#2602=ORIENTED_EDGE('',*,*,#1784,.F.);
#2603=ORIENTED_EDGE('',*,*,#1585,.T.);
#2604=ORIENTED_EDGE('',*,*,#1907,.T.);
#2605=ORIENTED_EDGE('',*,*,#1728,.F.);
#2606=ORIENTED_EDGE('',*,*,#1884,.F.);
#2607=ORIENTED_EDGE('',*,*,#1628,.T.);
#2608=ORIENTED_EDGE('',*,*,#1883,.T.);
#2609=ORIENTED_EDGE('',*,*,#1680,.F.);
#2610=ORIENTED_EDGE('',*,*,#1908,.F.);
#2611=ORIENTED_EDGE('',*,*,#1606,.T.);
#2612=ORIENTED_EDGE('',*,*,#1908,.T.);
#2613=ORIENTED_EDGE('',*,*,#1679,.F.);
#2614=ORIENTED_EDGE('',*,*,#1873,.F.);
#2615=ORIENTED_EDGE('',*,*,#1608,.T.);
#2616=ORIENTED_EDGE('',*,*,#1872,.T.);
#2617=ORIENTED_EDGE('',*,*,#1765,.F.);
#2618=ORIENTED_EDGE('',*,*,#1909,.F.);
#2619=ORIENTED_EDGE('',*,*,#1603,.T.);
#2620=ORIENTED_EDGE('',*,*,#1909,.T.);
#2621=ORIENTED_EDGE('',*,*,#1764,.F.);
#2622=ORIENTED_EDGE('',*,*,#1905,.F.);
#2623=ORIENTED_EDGE('',*,*,#1812,.F.);
#2624=ORIENTED_EDGE('',*,*,#1744,.F.);
#2625=ORIENTED_EDGE('',*,*,#1910,.F.);
#2626=ORIENTED_EDGE('',*,*,#1599,.T.);
#2627=ORIENTED_EDGE('',*,*,#1911,.T.);
#2628=ORIENTED_EDGE('',*,*,#1849,.F.);
#2629=ORIENTED_EDGE('',*,*,#1600,.T.);
#2630=ORIENTED_EDGE('',*,*,#1910,.T.);
#2631=ORIENTED_EDGE('',*,*,#1743,.F.);
#2632=ORIENTED_EDGE('',*,*,#1902,.F.);
#2633=ORIENTED_EDGE('',*,*,#1598,.T.);
#2634=ORIENTED_EDGE('',*,*,#1809,.T.);
#2635=ORIENTED_EDGE('',*,*,#1850,.F.);
#2636=ORIENTED_EDGE('',*,*,#1911,.F.);
#2637=ORIENTED_EDGE('',*,*,#1558,.T.);
#2638=ORIENTED_EDGE('',*,*,#1888,.T.);
#2639=ORIENTED_EDGE('',*,*,#1733,.F.);
#2640=ORIENTED_EDGE('',*,*,#1828,.F.);
#2641=ORIENTED_EDGE('',*,*,#1560,.T.);
#2642=ORIENTED_EDGE('',*,*,#1827,.T.);
#2643=ORIENTED_EDGE('',*,*,#1837,.F.);
#2644=ORIENTED_EDGE('',*,*,#1912,.F.);
#2645=ORIENTED_EDGE('',*,*,#1543,.T.);
#2646=ORIENTED_EDGE('',*,*,#1912,.T.);
#2647=ORIENTED_EDGE('',*,*,#1836,.F.);
#2648=ORIENTED_EDGE('',*,*,#1913,.F.);
#2649=ORIENTED_EDGE('',*,*,#1688,.T.);
#2650=ORIENTED_EDGE('',*,*,#1694,.T.);
#2651=ORIENTED_EDGE('',*,*,#1857,.F.);
#2652=ORIENTED_EDGE('',*,*,#1914,.F.);
#2653=ORIENTED_EDGE('',*,*,#1689,.T.);
#2654=ORIENTED_EDGE('',*,*,#1913,.T.);
#2655=ORIENTED_EDGE('',*,*,#1835,.F.);
#2656=ORIENTED_EDGE('',*,*,#1803,.F.);
#2657=ORIENTED_EDGE('',*,*,#1722,.F.);
#2658=ORIENTED_EDGE('',*,*,#1889,.F.);
#2659=ORIENTED_EDGE('',*,*,#1556,.T.);
#2660=ORIENTED_EDGE('',*,*,#1686,.T.);
#2661=ORIENTED_EDGE('',*,*,#1595,.T.);
#2662=ORIENTED_EDGE('',*,*,#1878,.T.);
#2663=ORIENTED_EDGE('',*,*,#1747,.F.);
#2664=ORIENTED_EDGE('',*,*,#1816,.F.);
#2665=ORIENTED_EDGE('',*,*,#1597,.T.);
#2666=ORIENTED_EDGE('',*,*,#1815,.T.);
#2667=ORIENTED_EDGE('',*,*,#1848,.F.);
#2668=ORIENTED_EDGE('',*,*,#1915,.F.);
#2669=ORIENTED_EDGE('',*,*,#1786,.F.);
#2670=ORIENTED_EDGE('',*,*,#1753,.F.);
#2671=ORIENTED_EDGE('',*,*,#1879,.F.);
#2672=ORIENTED_EDGE('',*,*,#1593,.T.);
#2673=ORIENTED_EDGE('',*,*,#1915,.T.);
#2674=ORIENTED_EDGE('',*,*,#1847,.F.);
#2675=ORIENTED_EDGE('',*,*,#1589,.T.);
#2676=ORIENTED_EDGE('',*,*,#1869,.T.);
#2677=ORIENTED_EDGE('',*,*,#1773,.F.);
#2678=ORIENTED_EDGE('',*,*,#1880,.F.);
#2679=ORIENTED_EDGE('',*,*,#1592,.T.);
#2680=ORIENTED_EDGE('',*,*,#1789,.T.);
#2681=ORIENTED_EDGE('',*,*,#1846,.F.);
#2682=ORIENTED_EDGE('',*,*,#1916,.F.);
#2683=ORIENTED_EDGE('',*,*,#1792,.F.);
#2684=ORIENTED_EDGE('',*,*,#1767,.F.);
#2685=ORIENTED_EDGE('',*,*,#1870,.F.);
#2686=ORIENTED_EDGE('',*,*,#1587,.T.);
#2687=ORIENTED_EDGE('',*,*,#1916,.T.);
#2688=ORIENTED_EDGE('',*,*,#1845,.F.);
#2689=ORIENTED_EDGE('',*,*,#1824,.F.);
#2690=ORIENTED_EDGE('',*,*,#1730,.F.);
#2691=ORIENTED_EDGE('',*,*,#1917,.F.);
#2692=ORIENTED_EDGE('',*,*,#1583,.T.);
#2693=ORIENTED_EDGE('',*,*,#1918,.T.);
#2694=ORIENTED_EDGE('',*,*,#1838,.F.);
#2695=ORIENTED_EDGE('',*,*,#1584,.T.);
#2696=ORIENTED_EDGE('',*,*,#1917,.T.);
#2697=ORIENTED_EDGE('',*,*,#1729,.F.);
#2698=ORIENTED_EDGE('',*,*,#1907,.F.);
#2699=ORIENTED_EDGE('',*,*,#1582,.T.);
#2700=ORIENTED_EDGE('',*,*,#1783,.T.);
#2701=ORIENTED_EDGE('',*,*,#1839,.F.);
#2702=ORIENTED_EDGE('',*,*,#1918,.F.);
#2703=ORIENTED_EDGE('',*,*,#1817,.F.);
#2704=ORIENTED_EDGE('',*,*,#1758,.F.);
#2705=ORIENTED_EDGE('',*,*,#1919,.F.);
#2706=ORIENTED_EDGE('',*,*,#1578,.T.);
#2707=ORIENTED_EDGE('',*,*,#1920,.T.);
#2708=ORIENTED_EDGE('',*,*,#1843,.F.);
#2709=ORIENTED_EDGE('',*,*,#1579,.T.);
#2710=ORIENTED_EDGE('',*,*,#1919,.T.);
#2711=ORIENTED_EDGE('',*,*,#1757,.F.);
#2712=ORIENTED_EDGE('',*,*,#1871,.F.);
#2713=ORIENTED_EDGE('',*,*,#1577,.T.);
#2714=ORIENTED_EDGE('',*,*,#1795,.T.);
#2715=ORIENTED_EDGE('',*,*,#1844,.F.);
#2716=ORIENTED_EDGE('',*,*,#1920,.F.);
#2717=ORIENTED_EDGE('',*,*,#1574,.T.);
#2718=ORIENTED_EDGE('',*,*,#1921,.T.);
#2719=ORIENTED_EDGE('',*,*,#1861,.F.);
#2720=ORIENTED_EDGE('',*,*,#1922,.F.);
#2721=ORIENTED_EDGE('',*,*,#1575,.T.);
#2722=ORIENTED_EDGE('',*,*,#1922,.T.);
#2723=ORIENTED_EDGE('',*,*,#1860,.F.);
#2724=ORIENTED_EDGE('',*,*,#1923,.F.);
#2725=ORIENTED_EDGE('',*,*,#1576,.T.);
#2726=ORIENTED_EDGE('',*,*,#1923,.T.);
#2727=ORIENTED_EDGE('',*,*,#1859,.F.);
#2728=ORIENTED_EDGE('',*,*,#1924,.F.);
#2729=ORIENTED_EDGE('',*,*,#1573,.T.);
#2730=ORIENTED_EDGE('',*,*,#1924,.T.);
#2731=ORIENTED_EDGE('',*,*,#1858,.F.);
#2732=ORIENTED_EDGE('',*,*,#1921,.F.);
#2733=ORIENTED_EDGE('',*,*,#1569,.T.);
#2734=ORIENTED_EDGE('',*,*,#1900,.T.);
#2735=ORIENTED_EDGE('',*,*,#1720,.F.);
#2736=ORIENTED_EDGE('',*,*,#1925,.F.);
#2737=ORIENTED_EDGE('',*,*,#1829,.F.);
#2738=ORIENTED_EDGE('',*,*,#1854,.F.);
#2739=ORIENTED_EDGE('',*,*,#1926,.F.);
#2740=ORIENTED_EDGE('',*,*,#1570,.T.);
#2741=ORIENTED_EDGE('',*,*,#1925,.T.);
#2742=ORIENTED_EDGE('',*,*,#1719,.F.);
#2743=ORIENTED_EDGE('',*,*,#1571,.T.);
#2744=ORIENTED_EDGE('',*,*,#1926,.T.);
#2745=ORIENTED_EDGE('',*,*,#1853,.F.);
#2746=ORIENTED_EDGE('',*,*,#1927,.F.);
#2747=ORIENTED_EDGE('',*,*,#1572,.T.);
#2748=ORIENTED_EDGE('',*,*,#1927,.T.);
#2749=ORIENTED_EDGE('',*,*,#1852,.F.);
#2750=ORIENTED_EDGE('',*,*,#1928,.F.);
#2751=ORIENTED_EDGE('',*,*,#1806,.F.);
#2752=ORIENTED_EDGE('',*,*,#1725,.F.);
#2753=ORIENTED_EDGE('',*,*,#1901,.F.);
#2754=ORIENTED_EDGE('',*,*,#1567,.T.);
#2755=ORIENTED_EDGE('',*,*,#1928,.T.);
#2756=ORIENTED_EDGE('',*,*,#1851,.F.);
#2757=ORIENTED_EDGE('',*,*,#1562,.T.);
#2758=ORIENTED_EDGE('',*,*,#1898,.T.);
#2759=ORIENTED_EDGE('',*,*,#1673,.F.);
#2760=ORIENTED_EDGE('',*,*,#1929,.F.);
#2761=ORIENTED_EDGE('',*,*,#1563,.T.);
#2762=ORIENTED_EDGE('',*,*,#1929,.T.);
#2763=ORIENTED_EDGE('',*,*,#1672,.F.);
#2764=ORIENTED_EDGE('',*,*,#1864,.F.);
#2765=ORIENTED_EDGE('',*,*,#1638,.T.);
#2766=ORIENTED_EDGE('',*,*,#1863,.T.);
#2767=ORIENTED_EDGE('',*,*,#1707,.F.);
#2768=ORIENTED_EDGE('',*,*,#1930,.F.);
#2769=ORIENTED_EDGE('',*,*,#1545,.T.);
#2770=ORIENTED_EDGE('',*,*,#1931,.T.);
#2771=ORIENTED_EDGE('',*,*,#1695,.F.);
#2772=ORIENTED_EDGE('',*,*,#1802,.F.);
#2773=ORIENTED_EDGE('',*,*,#1624,.T.);
#2774=ORIENTED_EDGE('',*,*,#1891,.T.);
#2775=ORIENTED_EDGE('',*,*,#1715,.F.);
#2776=ORIENTED_EDGE('',*,*,#1932,.F.);
#2777=ORIENTED_EDGE('',*,*,#1564,.T.);
#2778=ORIENTED_EDGE('',*,*,#1932,.T.);
#2779=ORIENTED_EDGE('',*,*,#1714,.F.);
#2780=ORIENTED_EDGE('',*,*,#1933,.F.);
#2781=ORIENTED_EDGE('',*,*,#1565,.T.);
#2782=ORIENTED_EDGE('',*,*,#1933,.T.);
#2783=ORIENTED_EDGE('',*,*,#1713,.F.);
#2784=ORIENTED_EDGE('',*,*,#1934,.F.);
#2785=ORIENTED_EDGE('',*,*,#1566,.T.);
#2786=ORIENTED_EDGE('',*,*,#1934,.T.);
#2787=ORIENTED_EDGE('',*,*,#1712,.F.);
#2788=ORIENTED_EDGE('',*,*,#1899,.F.);
#2789=ORIENTED_EDGE('',*,*,#1551,.T.);
#2790=ORIENTED_EDGE('',*,*,#1777,.T.);
#2791=ORIENTED_EDGE('',*,*,#1701,.F.);
#2792=ORIENTED_EDGE('',*,*,#1935,.F.);
#2793=ORIENTED_EDGE('',*,*,#1552,.T.);
#2794=ORIENTED_EDGE('',*,*,#1935,.T.);
#2795=ORIENTED_EDGE('',*,*,#1700,.F.);
#2796=ORIENTED_EDGE('',*,*,#1890,.F.);
#2797=ORIENTED_EDGE('',*,*,#1798,.F.);
#2798=ORIENTED_EDGE('',*,*,#1696,.F.);
#2799=ORIENTED_EDGE('',*,*,#1931,.F.);
#2800=ORIENTED_EDGE('',*,*,#1544,.T.);
#2801=ORIENTED_EDGE('',*,*,#1914,.T.);
#2802=ORIENTED_EDGE('',*,*,#1856,.F.);
#2803=ORIENTED_EDGE('',*,*,#1546,.T.);
#2804=ORIENTED_EDGE('',*,*,#1930,.T.);
#2805=ORIENTED_EDGE('',*,*,#1706,.F.);
#2806=ORIENTED_EDGE('',*,*,#1936,.F.);
#2807=ORIENTED_EDGE('',*,*,#1547,.T.);
#2808=ORIENTED_EDGE('',*,*,#1936,.T.);
#2809=ORIENTED_EDGE('',*,*,#1705,.F.);
#2810=ORIENTED_EDGE('',*,*,#1937,.F.);
#2811=ORIENTED_EDGE('',*,*,#1774,.F.);
#2812=ORIENTED_EDGE('',*,*,#1938,.F.);
#2813=ORIENTED_EDGE('',*,*,#1548,.T.);
#2814=ORIENTED_EDGE('',*,*,#1937,.T.);
#2815=ORIENTED_EDGE('',*,*,#1704,.F.);
#2816=ORIENTED_EDGE('',*,*,#1776,.F.);
#2817=ORIENTED_EDGE('',*,*,#1778,.F.);
#2818=ORIENTED_EDGE('',*,*,#1549,.T.);
#2819=ORIENTED_EDGE('',*,*,#1938,.T.);
#2820=ORIENTED_EDGE('',*,*,#1528,.F.);
#2821=ORIENTED_EDGE('',*,*,#1532,.T.);
#2822=ORIENTED_EDGE('',*,*,#1647,.F.);
#2823=ORIENTED_EDGE('',*,*,#1939,.F.);
#2824=ORIENTED_EDGE('',*,*,#1525,.F.);
#2825=ORIENTED_EDGE('',*,*,#1939,.T.);
#2826=ORIENTED_EDGE('',*,*,#1650,.F.);
#2827=ORIENTED_EDGE('',*,*,#1940,.F.);
#2828=ORIENTED_EDGE('',*,*,#1522,.F.);
#2829=ORIENTED_EDGE('',*,*,#1940,.T.);
#2830=ORIENTED_EDGE('',*,*,#1653,.F.);
#2831=ORIENTED_EDGE('',*,*,#1941,.F.);
#2832=ORIENTED_EDGE('',*,*,#1519,.F.);
#2833=ORIENTED_EDGE('',*,*,#1941,.T.);
#2834=ORIENTED_EDGE('',*,*,#1656,.F.);
#2835=ORIENTED_EDGE('',*,*,#1942,.F.);
#2836=ORIENTED_EDGE('',*,*,#1516,.F.);
#2837=ORIENTED_EDGE('',*,*,#1942,.T.);
#2838=ORIENTED_EDGE('',*,*,#1659,.F.);
#2839=ORIENTED_EDGE('',*,*,#1943,.F.);
#2840=ORIENTED_EDGE('',*,*,#1513,.F.);
#2841=ORIENTED_EDGE('',*,*,#1943,.T.);
#2842=ORIENTED_EDGE('',*,*,#1662,.F.);
#2843=ORIENTED_EDGE('',*,*,#1541,.F.);
#2844=PLANE('',#3120);
#2845=PLANE('',#3121);
#2846=PLANE('',#3122);
#2847=PLANE('',#3123);
#2848=PLANE('',#3124);
#2849=PLANE('',#3125);
#2850=PLANE('',#3126);
#2851=PLANE('',#3127);
#2852=PLANE('',#3128);
#2853=PLANE('',#3129);
#2854=PLANE('',#3130);
#2855=PLANE('',#3131);
#2856=PLANE('',#3132);
#2857=PLANE('',#3133);
#2858=PLANE('',#3134);
#2859=PLANE('',#3135);
#2860=PLANE('',#3136);
#2861=PLANE('',#3137);
#2862=PLANE('',#3138);
#2863=PLANE('',#3160);
#2864=PLANE('',#3161);
#2865=PLANE('',#3162);
#2866=PLANE('',#3163);
#2867=PLANE('',#3164);
#2868=PLANE('',#3165);
#2869=PLANE('',#3166);
#2870=PLANE('',#3167);
#2871=PLANE('',#3168);
#2872=PLANE('',#3169);
#2873=PLANE('',#3170);
#2874=PLANE('',#3171);
#2875=PLANE('',#3172);
#2876=PLANE('',#3173);
#2877=PLANE('',#3174);
#2878=PLANE('',#3176);
#2879=PLANE('',#3177);
#2880=PLANE('',#3178);
#2881=PLANE('',#3182);
#2882=PLANE('',#3183);
#2883=PLANE('',#3184);
#2884=PLANE('',#3185);
#2885=PLANE('',#3186);
#2886=PLANE('',#3188);
#2887=PLANE('',#3189);
#2888=PLANE('',#3190);
#2889=PLANE('',#3192);
#2890=PLANE('',#3193);
#2891=PLANE('',#3194);
#2892=PLANE('',#3195);
#2893=PLANE('',#3196);
#2894=PLANE('',#3197);
#2895=PLANE('',#3198);
#2896=PLANE('',#3199);
#2897=PLANE('',#3200);
#2898=PLANE('',#3201);
#2899=PLANE('',#3202);
#2900=PLANE('',#3203);
#2901=PLANE('',#3204);
#2902=PLANE('',#3205);
#2903=PLANE('',#3206);
#2904=PLANE('',#3207);
#2905=PLANE('',#3208);
#2906=PLANE('',#3209);
#2907=PLANE('',#3227);
#2908=PLANE('',#3228);
#2909=PLANE('',#3229);
#2910=PLANE('',#3231);
#2911=PLANE('',#3232);
#2912=PLANE('',#3233);
#2913=PLANE('',#3234);
#2914=PLANE('',#3235);
#2915=PLANE('',#3236);
#2916=PLANE('',#3237);
#2917=PLANE('',#3238);
#2918=PLANE('',#3239);
#2919=PLANE('',#3240);
#2920=PLANE('',#3242);
#2921=PLANE('',#3245);
#2922=PLANE('',#3246);
#2923=PLANE('',#3247);
#2924=PLANE('',#3248);
#2925=PLANE('',#3249);
#2926=PLANE('',#3251);
#2927=PLANE('',#3252);
#2928=PLANE('',#3253);
#2929=PLANE('',#3254);
#2930=PLANE('',#3256);
#2931=PLANE('',#3257);
#2932=PLANE('',#3259);
#2933=PLANE('',#3262);
#2934=PLANE('',#3263);
#2935=PLANE('',#3265);
#2936=PLANE('',#3266);
#2937=PLANE('',#3268);
#2938=PLANE('',#3269);
#2939=PLANE('',#3270);
#2940=PLANE('',#3272);
#2941=PLANE('',#3273);
#2942=PLANE('',#3279);
#2943=PLANE('',#3280);
#2944=PLANE('',#3283);
#2945=PLANE('',#3284);
#2946=PLANE('',#3285);
#2947=PLANE('',#3286);
#2948=PLANE('',#3287);
#2949=PLANE('',#3288);
#2950=PLANE('',#3290);
#2951=PLANE('',#3291);
#2952=PLANE('',#3292);
#2953=PLANE('',#3294);
#2954=PLANE('',#3295);
#2955=PLANE('',#3296);
#2956=PLANE('',#3297);
#2957=PLANE('',#3298);
#2958=PLANE('',#3299);
#2959=PLANE('',#3300);
#2960=PLANE('',#3301);
#2961=ADVANCED_FACE('',(#132),#2844,.T.);
#2962=ADVANCED_FACE('',(#133),#2845,.T.);
#2963=ADVANCED_FACE('',(#134),#2846,.T.);
#2964=ADVANCED_FACE('',(#135),#2847,.T.);
#2965=ADVANCED_FACE('',(#136),#2848,.T.);
#2966=ADVANCED_FACE('',(#137),#2849,.T.);
#2967=ADVANCED_FACE('',(#138),#2850,.T.);
#2968=ADVANCED_FACE('',(#139),#2851,.T.);
#2969=ADVANCED_FACE('',(#140),#2852,.T.);
#2970=ADVANCED_FACE('',(#141),#2853,.T.);
#2971=ADVANCED_FACE('',(#142),#2854,.T.);
#2972=ADVANCED_FACE('',(#143),#2855,.T.);
#2973=ADVANCED_FACE('',(#144),#2856,.T.);
#2974=ADVANCED_FACE('',(#145),#2857,.T.);
#2975=ADVANCED_FACE('',(#146),#2858,.T.);
#2976=ADVANCED_FACE('',(#147),#2859,.T.);
#2977=ADVANCED_FACE('',(#148),#2860,.T.);
#2978=ADVANCED_FACE('',(#149),#2861,.T.);
#2979=ADVANCED_FACE('',(#150,#70,#71,#72,#73,#74,#75,#76,#77,#78,#79,#80,
#81,#82,#83,#84,#85),#2862,.F.);
#2980=ADVANCED_FACE('',(#151),#2863,.T.);
#2981=ADVANCED_FACE('',(#152),#2864,.T.);
#2982=ADVANCED_FACE('',(#153),#2865,.T.);
#2983=ADVANCED_FACE('',(#154),#2866,.T.);
#2984=ADVANCED_FACE('',(#155),#2867,.T.);
#2985=ADVANCED_FACE('',(#156),#2868,.T.);
#2986=ADVANCED_FACE('',(#157),#2869,.T.);
#2987=ADVANCED_FACE('',(#158),#2870,.T.);
#2988=ADVANCED_FACE('',(#159),#2871,.T.);
#2989=ADVANCED_FACE('',(#160),#2872,.T.);
#2990=ADVANCED_FACE('',(#161),#2873,.T.);
#2991=ADVANCED_FACE('',(#162),#2874,.T.);
#2992=ADVANCED_FACE('',(#163,#86),#2875,.T.);
#2993=ADVANCED_FACE('',(#164),#2876,.F.);
#2994=ADVANCED_FACE('',(#165),#2877,.F.);
#2995=ADVANCED_FACE('',(#166),#2878,.T.);
#2996=ADVANCED_FACE('',(#167),#2879,.T.);
#2997=ADVANCED_FACE('',(#168),#2880,.T.);
#2998=ADVANCED_FACE('',(#169),#2881,.T.);
#2999=ADVANCED_FACE('',(#170),#2882,.T.);
#3000=ADVANCED_FACE('',(#171),#2883,.T.);
#3001=ADVANCED_FACE('',(#172),#2884,.T.);
#3002=ADVANCED_FACE('',(#173),#2885,.T.);
#3003=ADVANCED_FACE('',(#174),#2886,.T.);
#3004=ADVANCED_FACE('',(#175),#2887,.T.);
#3005=ADVANCED_FACE('',(#176),#2888,.T.);
#3006=ADVANCED_FACE('',(#177),#2889,.T.);
#3007=ADVANCED_FACE('',(#178),#2890,.T.);
#3008=ADVANCED_FACE('',(#179),#2891,.T.);
#3009=ADVANCED_FACE('',(#180),#2892,.T.);
#3010=ADVANCED_FACE('',(#181),#40,.T.);
#3011=ADVANCED_FACE('',(#182),#2893,.T.);
#3012=ADVANCED_FACE('',(#183),#2894,.T.);
#3013=ADVANCED_FACE('',(#184),#2895,.T.);
#3014=ADVANCED_FACE('',(#185),#2896,.T.);
#3015=ADVANCED_FACE('',(#186),#2897,.T.);
#3016=ADVANCED_FACE('',(#187),#41,.T.);
#3017=ADVANCED_FACE('',(#188),#2898,.T.);
#3018=ADVANCED_FACE('',(#189),#2899,.T.);
#3019=ADVANCED_FACE('',(#190),#42,.T.);
#3020=ADVANCED_FACE('',(#191),#2900,.T.);
#3021=ADVANCED_FACE('',(#192),#2901,.T.);
#3022=ADVANCED_FACE('',(#193),#2902,.T.);
#3023=ADVANCED_FACE('',(#194),#43,.T.);
#3024=ADVANCED_FACE('',(#195),#2903,.T.);
#3025=ADVANCED_FACE('',(#196),#44,.T.);
#3026=ADVANCED_FACE('',(#197),#2904,.T.);
#3027=ADVANCED_FACE('',(#198),#45,.T.);
#3028=ADVANCED_FACE('',(#199),#2905,.T.);
#3029=ADVANCED_FACE('',(#200,#87),#2906,.T.);
#3030=ADVANCED_FACE('',(#201),#2907,.T.);
#3031=ADVANCED_FACE('',(#202),#2908,.T.);
#3032=ADVANCED_FACE('',(#203),#2909,.T.);
#3033=ADVANCED_FACE('',(#204),#19,.F.);
#3034=ADVANCED_FACE('',(#205),#2910,.T.);
#3035=ADVANCED_FACE('',(#206),#2911,.T.);
#3036=ADVANCED_FACE('',(#207),#2912,.T.);
#3037=ADVANCED_FACE('',(#208),#2913,.T.);
#3038=ADVANCED_FACE('',(#209),#2914,.T.);
#3039=ADVANCED_FACE('',(#210),#2915,.T.);
#3040=ADVANCED_FACE('',(#211),#2916,.T.);
#3041=ADVANCED_FACE('',(#212),#2917,.T.);
#3042=ADVANCED_FACE('',(#213),#2918,.T.);
#3043=ADVANCED_FACE('',(#214),#2919,.T.);
#3044=ADVANCED_FACE('',(#215),#20,.T.);
#3045=ADVANCED_FACE('',(#216),#2920,.T.);
#3046=ADVANCED_FACE('',(#217),#21,.T.);
#3047=ADVANCED_FACE('',(#218),#22,.T.);
#3048=ADVANCED_FACE('',(#219),#2921,.T.);
#3049=ADVANCED_FACE('',(#220),#2922,.T.);
#3050=ADVANCED_FACE('',(#221),#2923,.T.);
#3051=ADVANCED_FACE('',(#222),#2924,.T.);
#3052=ADVANCED_FACE('',(#223),#2925,.T.);
#3053=ADVANCED_FACE('',(#224),#23,.F.);
#3054=ADVANCED_FACE('',(#225),#2926,.T.);
#3055=ADVANCED_FACE('',(#226),#2927,.T.);
#3056=ADVANCED_FACE('',(#227),#2928,.T.);
#3057=ADVANCED_FACE('',(#228),#2929,.T.);
#3058=ADVANCED_FACE('',(#229),#24,.F.);
#3059=ADVANCED_FACE('',(#230),#2930,.T.);
#3060=ADVANCED_FACE('',(#231),#2931,.T.);
#3061=ADVANCED_FACE('',(#232),#25,.T.);
#3062=ADVANCED_FACE('',(#233),#2932,.T.);
#3063=ADVANCED_FACE('',(#234),#26,.T.);
#3064=ADVANCED_FACE('',(#235),#27,.T.);
#3065=ADVANCED_FACE('',(#236),#2933,.T.);
#3066=ADVANCED_FACE('',(#237),#2934,.T.);
#3067=ADVANCED_FACE('',(#238),#28,.T.);
#3068=ADVANCED_FACE('',(#239),#2935,.T.);
#3069=ADVANCED_FACE('',(#240),#2936,.T.);
#3070=ADVANCED_FACE('',(#241),#29,.T.);
#3071=ADVANCED_FACE('',(#242),#2937,.T.);
#3072=ADVANCED_FACE('',(#243),#2938,.T.);
#3073=ADVANCED_FACE('',(#244),#2939,.T.);
#3074=ADVANCED_FACE('',(#245),#30,.T.);
#3075=ADVANCED_FACE('',(#246),#2940,.T.);
#3076=ADVANCED_FACE('',(#247),#2941,.T.);
#3077=ADVANCED_FACE('',(#248),#31,.T.);
#3078=ADVANCED_FACE('',(#249),#32,.F.);
#3079=ADVANCED_FACE('',(#250),#33,.F.);
#3080=ADVANCED_FACE('',(#251),#34,.T.);
#3081=ADVANCED_FACE('',(#252),#35,.F.);
#3082=ADVANCED_FACE('',(#253),#2942,.T.);
#3083=ADVANCED_FACE('',(#254),#2943,.T.);
#3084=ADVANCED_FACE('',(#255),#36,.T.);
#3085=ADVANCED_FACE('',(#256),#37,.T.);
#3086=ADVANCED_FACE('',(#257),#2944,.T.);
#3087=ADVANCED_FACE('',(#258),#2945,.T.);
#3088=ADVANCED_FACE('',(#259),#2946,.T.);
#3089=ADVANCED_FACE('',(#260),#2947,.T.);
#3090=ADVANCED_FACE('',(#261),#2948,.T.);
#3091=ADVANCED_FACE('',(#262),#2949,.T.);
#3092=ADVANCED_FACE('',(#263),#38,.T.);
#3093=ADVANCED_FACE('',(#264),#2950,.T.);
#3094=ADVANCED_FACE('',(#265),#2951,.T.);
#3095=ADVANCED_FACE('',(#266),#2952,.T.);
#3096=ADVANCED_FACE('',(#267),#39,.T.);
#3097=ADVANCED_FACE('',(#268),#2953,.T.);
#3098=ADVANCED_FACE('',(#269),#2954,.T.);
#3099=ADVANCED_FACE('',(#270),#2955,.T.);
#3100=ADVANCED_FACE('',(#271),#2956,.T.);
#3101=ADVANCED_FACE('',(#272),#2957,.T.);
#3102=ADVANCED_FACE('',(#273),#2958,.T.);
#3103=ADVANCED_FACE('',(#274),#2959,.T.);
#3104=ADVANCED_FACE('',(#275),#2960,.T.);
#3105=CLOSED_SHELL('',(#2961,#2962,#2963,#2964,#2965,#2966,#2967,#2968,
#2969,#2970,#2971,#2972,#2973,#2974,#2975,#2976,#2977,#2978,#2979,#2980,
#2981,#2982,#2983,#2984,#2985,#2986,#2987,#2988,#2989,#2990,#2991,#2992,
#2993,#2994,#2995,#2996,#2997,#2998,#2999,#3000,#3001,#3002,#3003,#3004,
#3005,#3006,#3007,#3008,#3009,#3010,#3011,#3012,#3013,#3014,#3015,#3016,
#3017,#3018,#3019,#3020,#3021,#3022,#3023,#3024,#3025,#3026,#3027,#3028,
#3029,#3030,#3031,#3032,#3033,#3034,#3035,#3036,#3037,#3038,#3039,#3040,
#3041,#3042,#3043,#3044,#3045,#3046,#3047,#3048,#3049,#3050,#3051,#3052,
#3053,#3054,#3055,#3056,#3057,#3058,#3059,#3060,#3061,#3062,#3063,#3064,
#3065,#3066,#3067,#3068,#3069,#3070,#3071,#3072,#3073,#3074,#3075,#3076,
#3077,#3078,#3079,#3080,#3081,#3082,#3083,#3084,#3085,#3086,#3087,#3088,
#3089,#3090,#3091,#3092,#3093,#3094,#3095,#3096,#3097,#3098,#3099,#3100,
#3101,#3102,#3103,#3104));
#3106=DERIVED_UNIT_ELEMENT(#3108,1.);
#3107=DERIVED_UNIT_ELEMENT(#5209,-3.);
#3108=(
MASS_UNIT()
NAMED_UNIT(*)
SI_UNIT(.KILO.,.GRAM.)
);
#3109=DERIVED_UNIT((#3106,#3107));
#3110=MEASURE_REPRESENTATION_ITEM('density measure',
POSITIVE_RATIO_MEASURE(7850.),#3109);
#3111=PROPERTY_DEFINITION_REPRESENTATION(#3116,#3113);
#3112=PROPERTY_DEFINITION_REPRESENTATION(#3117,#3114);
#3113=REPRESENTATION('material name',(#3115),#5206);
#3114=REPRESENTATION('density',(#3110),#5206);
#3115=DESCRIPTIVE_REPRESENTATION_ITEM('Steel','Steel');
#3116=PROPERTY_DEFINITION('material property','material name',#5221);
#3117=PROPERTY_DEFINITION('material property','density of part',#5221);
#3118=AXIS2_PLACEMENT_3D('',#4055,#3303,#3304);
#3119=AXIS2_PLACEMENT_3D('',#4056,#3305,#3306);
#3120=AXIS2_PLACEMENT_3D('',#4057,#3307,#3308);
#3121=AXIS2_PLACEMENT_3D('',#4066,#3313,#3314);
#3122=AXIS2_PLACEMENT_3D('',#4072,#3318,#3319);
#3123=AXIS2_PLACEMENT_3D('',#4078,#3323,#3324);
#3124=AXIS2_PLACEMENT_3D('',#4084,#3328,#3329);
#3125=AXIS2_PLACEMENT_3D('',#4093,#3334,#3335);
#3126=AXIS2_PLACEMENT_3D('',#4096,#3338,#3339);
#3127=AXIS2_PLACEMENT_3D('',#4102,#3343,#3344);
#3128=AXIS2_PLACEMENT_3D('',#4108,#3348,#3349);
#3129=AXIS2_PLACEMENT_3D('',#4114,#3353,#3354);
#3130=AXIS2_PLACEMENT_3D('',#4120,#3358,#3359);
#3131=AXIS2_PLACEMENT_3D('',#4126,#3363,#3364);
#3132=AXIS2_PLACEMENT_3D('',#4129,#3367,#3368);
#3133=AXIS2_PLACEMENT_3D('',#4135,#3372,#3373);
#3134=AXIS2_PLACEMENT_3D('',#4139,#3376,#3377);
#3135=AXIS2_PLACEMENT_3D('',#4143,#3380,#3381);
#3136=AXIS2_PLACEMENT_3D('',#4147,#3384,#3385);
#3137=AXIS2_PLACEMENT_3D('',#4151,#3388,#3389);
#3138=AXIS2_PLACEMENT_3D('',#4155,#3392,#3393);
#3139=AXIS2_PLACEMENT_3D('',#4158,#3394,#3395);
#3140=AXIS2_PLACEMENT_3D('',#4166,#3399,#3400);
#3141=AXIS2_PLACEMENT_3D('',#4174,#3404,#3405);
#3142=AXIS2_PLACEMENT_3D('',#4191,#3414,#3415);
#3143=AXIS2_PLACEMENT_3D('',#4214,#3426,#3427);
#3144=AXIS2_PLACEMENT_3D('',#4215,#3428,#3429);
#3145=AXIS2_PLACEMENT_3D('',#4218,#3430,#3431);
#3146=AXIS2_PLACEMENT_3D('',#4220,#3432,#3433);
#3147=AXIS2_PLACEMENT_3D('',#4222,#3434,#3435);
#3148=AXIS2_PLACEMENT_3D('',#4223,#3436,#3437);
#3149=AXIS2_PLACEMENT_3D('',#4226,#3438,#3439);
#3150=AXIS2_PLACEMENT_3D('',#4236,#3444,#3445);
#3151=AXIS2_PLACEMENT_3D('',#4255,#3455,#3456);
#3152=AXIS2_PLACEMENT_3D('',#4265,#3461,#3462);
#3153=AXIS2_PLACEMENT_3D('',#4268,#3463,#3464);
#3154=AXIS2_PLACEMENT_3D('',#4278,#3469,#3470);
#3155=AXIS2_PLACEMENT_3D('',#4290,#3476,#3477);
#3156=AXIS2_PLACEMENT_3D('',#4310,#3487,#3488);
#3157=AXIS2_PLACEMENT_3D('',#4311,#3489,#3490);
#3158=AXIS2_PLACEMENT_3D('',#4314,#3491,#3492);
#3159=AXIS2_PLACEMENT_3D('',#4344,#3507,#3508);
#3160=AXIS2_PLACEMENT_3D('',#4354,#3514,#3515);
#3161=AXIS2_PLACEMENT_3D('',#4360,#3519,#3520);
#3162=AXIS2_PLACEMENT_3D('',#4366,#3524,#3525);
#3163=AXIS2_PLACEMENT_3D('',#4372,#3529,#3530);
#3164=AXIS2_PLACEMENT_3D('',#4378,#3534,#3535);
#3165=AXIS2_PLACEMENT_3D('',#4384,#3539,#3540);
#3166=AXIS2_PLACEMENT_3D('',#4390,#3544,#3545);
#3167=AXIS2_PLACEMENT_3D('',#4395,#3549,#3550);
#3168=AXIS2_PLACEMENT_3D('',#4399,#3553,#3554);
#3169=AXIS2_PLACEMENT_3D('',#4403,#3557,#3558);
#3170=AXIS2_PLACEMENT_3D('',#4407,#3561,#3562);
#3171=AXIS2_PLACEMENT_3D('',#4411,#3565,#3566);
#3172=AXIS2_PLACEMENT_3D('',#4413,#3568,#3569);
#3173=AXIS2_PLACEMENT_3D('',#4438,#3582,#3583);
#3174=AXIS2_PLACEMENT_3D('',#4444,#3587,#3588);
#3175=AXIS2_PLACEMENT_3D('',#4448,#3590,#3591);
#3176=AXIS2_PLACEMENT_3D('',#4450,#3593,#3594);
#3177=AXIS2_PLACEMENT_3D('',#4460,#3600,#3601);
#3178=AXIS2_PLACEMENT_3D('',#4474,#3605,#3606);
#3179=AXIS2_PLACEMENT_3D('',#4481,#3609,#3610);
#3180=AXIS2_PLACEMENT_3D('',#4489,#3614,#3615);
#3181=AXIS2_PLACEMENT_3D('',#4497,#3619,#3620);
#3182=AXIS2_PLACEMENT_3D('',#4499,#3622,#3623);
#3183=AXIS2_PLACEMENT_3D('',#4525,#3633,#3634);
#3184=AXIS2_PLACEMENT_3D('',#4531,#3638,#3639);
#3185=AXIS2_PLACEMENT_3D('',#4545,#3643,#3644);
#3186=AXIS2_PLACEMENT_3D('',#4571,#3654,#3655);
#3187=AXIS2_PLACEMENT_3D('',#4578,#3658,#3659);
#3188=AXIS2_PLACEMENT_3D('',#4592,#3667,#3668);
#3189=AXIS2_PLACEMENT_3D('',#4606,#3672,#3673);
#3190=AXIS2_PLACEMENT_3D('',#4615,#3678,#3679);
#3191=AXIS2_PLACEMENT_3D('',#4639,#3687,#3688);
#3192=AXIS2_PLACEMENT_3D('',#4641,#3690,#3691);
#3193=AXIS2_PLACEMENT_3D('',#4650,#3696,#3697);
#3194=AXIS2_PLACEMENT_3D('',#4659,#3702,#3703);
#3195=AXIS2_PLACEMENT_3D('',#4665,#3707,#3708);
#3196=AXIS2_PLACEMENT_3D('',#4712,#3711,#3712);
#3197=AXIS2_PLACEMENT_3D('',#4717,#3716,#3717);
#3198=AXIS2_PLACEMENT_3D('',#4723,#3721,#3722);
#3199=AXIS2_PLACEMENT_3D('',#4728,#3726,#3727);
#3200=AXIS2_PLACEMENT_3D('',#4734,#3731,#3732);
#3201=AXIS2_PLACEMENT_3D('',#4783,#3736,#3737);
#3202=AXIS2_PLACEMENT_3D('',#4788,#3741,#3742);
#3203=AXIS2_PLACEMENT_3D('',#4836,#3745,#3746);
#3204=AXIS2_PLACEMENT_3D('',#4841,#3750,#3751);
#3205=AXIS2_PLACEMENT_3D('',#4847,#3755,#3756);
#3206=AXIS2_PLACEMENT_3D('',#4896,#3760,#3761);
#3207=AXIS2_PLACEMENT_3D('',#4945,#3765,#3766);
#3208=AXIS2_PLACEMENT_3D('',#4994,#3770,#3771);
#3209=AXIS2_PLACEMENT_3D('',#4999,#3775,#3776);
#3210=AXIS2_PLACEMENT_3D('',#5003,#3778,#3779);
#3211=AXIS2_PLACEMENT_3D('',#5004,#3780,#3781);
#3212=AXIS2_PLACEMENT_3D('',#5007,#3783,#3784);
#3213=AXIS2_PLACEMENT_3D('',#5011,#3786,#3787);
#3214=AXIS2_PLACEMENT_3D('',#5012,#3788,#3789);
#3215=AXIS2_PLACEMENT_3D('',#5015,#3791,#3792);
#3216=AXIS2_PLACEMENT_3D('',#5018,#3794,#3795);
#3217=AXIS2_PLACEMENT_3D('',#5021,#3797,#3798);
#3218=AXIS2_PLACEMENT_3D('',#5024,#3800,#3801);
#3219=AXIS2_PLACEMENT_3D('',#5028,#3803,#3804);
#3220=AXIS2_PLACEMENT_3D('',#5030,#3805,#3806);
#3221=AXIS2_PLACEMENT_3D('',#5032,#3808,#3809);
#3222=AXIS2_PLACEMENT_3D('',#5035,#3811,#3812);
#3223=AXIS2_PLACEMENT_3D('',#5038,#3813,#3814);
#3224=AXIS2_PLACEMENT_3D('',#5040,#3815,#3816);
#3225=AXIS2_PLACEMENT_3D('',#5042,#3817,#3818);
#3226=AXIS2_PLACEMENT_3D('',#5043,#3819,#3820);
#3227=AXIS2_PLACEMENT_3D('',#5044,#3821,#3822);
#3228=AXIS2_PLACEMENT_3D('',#5047,#3825,#3826);
#3229=AXIS2_PLACEMENT_3D('',#5050,#3829,#3830);
#3230=AXIS2_PLACEMENT_3D('',#5053,#3833,#3834);
#3231=AXIS2_PLACEMENT_3D('',#5054,#3835,#3836);
#3232=AXIS2_PLACEMENT_3D('',#5062,#3844,#3845);
#3233=AXIS2_PLACEMENT_3D('',#5064,#3847,#3848);
#3234=AXIS2_PLACEMENT_3D('',#5071,#3855,#3856);
#3235=AXIS2_PLACEMENT_3D('',#5072,#3857,#3858);
#3236=AXIS2_PLACEMENT_3D('',#5075,#3861,#3862);
#3237=AXIS2_PLACEMENT_3D('',#5078,#3865,#3866);
#3238=AXIS2_PLACEMENT_3D('',#5080,#3868,#3869);
#3239=AXIS2_PLACEMENT_3D('',#5082,#3871,#3872);
#3240=AXIS2_PLACEMENT_3D('',#5086,#3876,#3877);
#3241=AXIS2_PLACEMENT_3D('',#5088,#3879,#3880);
#3242=AXIS2_PLACEMENT_3D('',#5089,#3881,#3882);
#3243=AXIS2_PLACEMENT_3D('',#5091,#3884,#3885);
#3244=AXIS2_PLACEMENT_3D('',#5093,#3887,#3888);
#3245=AXIS2_PLACEMENT_3D('',#5095,#3890,#3891);
#3246=AXIS2_PLACEMENT_3D('',#5097,#3893,#3894);
#3247=AXIS2_PLACEMENT_3D('',#5099,#3896,#3897);
#3248=AXIS2_PLACEMENT_3D('',#5101,#3899,#3900);
#3249=AXIS2_PLACEMENT_3D('',#5108,#3907,#3908);
#3250=AXIS2_PLACEMENT_3D('',#5110,#3910,#3911);
#3251=AXIS2_PLACEMENT_3D('',#5111,#3912,#3913);
#3252=AXIS2_PLACEMENT_3D('',#5114,#3916,#3917);
#3253=AXIS2_PLACEMENT_3D('',#5117,#3920,#3921);
#3254=AXIS2_PLACEMENT_3D('',#5118,#3922,#3923);
#3255=AXIS2_PLACEMENT_3D('',#5120,#3925,#3926);
#3256=AXIS2_PLACEMENT_3D('',#5121,#3927,#3928);
#3257=AXIS2_PLACEMENT_3D('',#5124,#3931,#3932);
#3258=AXIS2_PLACEMENT_3D('',#5125,#3933,#3934);
#3259=AXIS2_PLACEMENT_3D('',#5126,#3935,#3936);
#3260=AXIS2_PLACEMENT_3D('',#5127,#3937,#3938);
#3261=AXIS2_PLACEMENT_3D('',#5129,#3940,#3941);
#3262=AXIS2_PLACEMENT_3D('',#5132,#3944,#3945);
#3263=AXIS2_PLACEMENT_3D('',#5133,#3946,#3947);
#3264=AXIS2_PLACEMENT_3D('',#5134,#3948,#3949);
#3265=AXIS2_PLACEMENT_3D('',#5136,#3951,#3952);
#3266=AXIS2_PLACEMENT_3D('',#5137,#3953,#3954);
#3267=AXIS2_PLACEMENT_3D('',#5138,#3955,#3956);
#3268=AXIS2_PLACEMENT_3D('',#5140,#3958,#3959);
#3269=AXIS2_PLACEMENT_3D('',#5141,#3960,#3961);
#3270=AXIS2_PLACEMENT_3D('',#5144,#3964,#3965);
#3271=AXIS2_PLACEMENT_3D('',#5145,#3966,#3967);
#3272=AXIS2_PLACEMENT_3D('',#5146,#3968,#3969);
#3273=AXIS2_PLACEMENT_3D('',#5149,#3972,#3973);
#3274=AXIS2_PLACEMENT_3D('',#5150,#3974,#3975);
#3275=AXIS2_PLACEMENT_3D('',#5151,#3976,#3977);
#3276=AXIS2_PLACEMENT_3D('',#5154,#3980,#3981);
#3277=AXIS2_PLACEMENT_3D('',#5156,#3983,#3984);
#3278=AXIS2_PLACEMENT_3D('',#5158,#3986,#3987);
#3279=AXIS2_PLACEMENT_3D('',#5159,#3988,#3989);
#3280=AXIS2_PLACEMENT_3D('',#5161,#3991,#3992);
#3281=AXIS2_PLACEMENT_3D('',#5163,#3994,#3995);
#3282=AXIS2_PLACEMENT_3D('',#5165,#3997,#3998);
#3283=AXIS2_PLACEMENT_3D('',#5167,#4000,#4001);
#3284=AXIS2_PLACEMENT_3D('',#5168,#4002,#4003);
#3285=AXIS2_PLACEMENT_3D('',#5170,#4005,#4006);
#3286=AXIS2_PLACEMENT_3D('',#5174,#4010,#4011);
#3287=AXIS2_PLACEMENT_3D('',#5176,#4013,#4014);
#3288=AXIS2_PLACEMENT_3D('',#5178,#4016,#4017);
#3289=AXIS2_PLACEMENT_3D('',#5179,#4018,#4019);
#3290=AXIS2_PLACEMENT_3D('',#5181,#4021,#4022);
#3291=AXIS2_PLACEMENT_3D('',#5182,#4023,#4024);
#3292=AXIS2_PLACEMENT_3D('',#5183,#4025,#4026);
#3293=AXIS2_PLACEMENT_3D('',#5185,#4028,#4029);
#3294=AXIS2_PLACEMENT_3D('',#5187,#4031,#4032);
#3295=AXIS2_PLACEMENT_3D('',#5189,#4034,#4035);
#3296=AXIS2_PLACEMENT_3D('',#5190,#4036,#4037);
#3297=AXIS2_PLACEMENT_3D('',#5192,#4039,#4040);
#3298=AXIS2_PLACEMENT_3D('',#5194,#4042,#4043);
#3299=AXIS2_PLACEMENT_3D('',#5196,#4045,#4046);
#3300=AXIS2_PLACEMENT_3D('',#5198,#4048,#4049);
#3301=AXIS2_PLACEMENT_3D('',#5200,#4051,#4052);
#3302=AXIS2_PLACEMENT_3D('',#5201,#4053,#4054);
#3303=DIRECTION('axis',(0.,0.,1.));
#3304=DIRECTION('refdir',(1.,0.,0.));
#3305=DIRECTION('axis',(0.,0.,1.));
#3306=DIRECTION('refdir',(1.,0.,0.));
#3307=DIRECTION('center_axis',(-0.353553390593271,-0.612372435695789,-0.707106781186554));
#3308=DIRECTION('ref_axis',(-0.894427190999919,0.,0.447213595499951));
#3309=DIRECTION('',(0.866025403784439,-0.5,0.));
#3310=DIRECTION('',(-0.186156787897403,-0.694746590606864,0.694746590606863));
#3311=DIRECTION('',(-0.866025403784439,0.5,0.));
#3312=DIRECTION('',(-0.508589802709467,-0.508589802709498,0.694746590606862));
#3313=DIRECTION('center_axis',(0.,-0.707106781186547,-0.707106781186548));
#3314=DIRECTION('ref_axis',(-1.,0.,0.));
#3315=DIRECTION('',(1.,0.,0.));
#3316=DIRECTION('',(0.186156787897372,-0.694746590606868,0.694746590606867));
#3317=DIRECTION('',(-1.,0.,0.));
#3318=DIRECTION('center_axis',(0.353553390593277,-0.6123724356958,-0.707106781186541));
#3319=DIRECTION('ref_axis',(-0.894427190999913,0.,-0.447213595499964));
#3320=DIRECTION('',(0.866025403784439,0.5,0.));
#3321=DIRECTION('',(0.5085898027095,-0.508589802709462,0.694746590606865));
#3322=DIRECTION('',(-0.866025403784439,-0.5,0.));
#3323=DIRECTION('center_axis',(0.612372435695792,-0.353553390593272,-0.707106781186551));
#3324=DIRECTION('ref_axis',(-0.755928946018457,0.,-0.654653670707974));
#3325=DIRECTION('',(0.5,0.866025403784439,0.));
#3326=DIRECTION('',(0.694746590606863,-0.186156787897411,0.694746590606862));
#3327=DIRECTION('',(-0.5,-0.866025403784439,0.));
#3328=DIRECTION('center_axis',(0.612372435695793,0.353553390593273,-0.707106781186549));
#3329=DIRECTION('ref_axis',(-0.755928946018456,0.,-0.654653670707976));
#3330=DIRECTION('',(0.5,-0.866025403784439,0.));
#3331=DIRECTION('',(-0.694746590606866,-0.186156787897388,-0.694746590606865));
#3332=DIRECTION('',(-0.5,0.866025403784439,0.));
#3333=DIRECTION('',(0.508589802709469,0.508589802709492,0.694746590606865));
#3334=DIRECTION('center_axis',(0.707106781186547,-4.40878547696069E-16,
-0.707106781186548));
#3335=DIRECTION('ref_axis',(-0.707106781186548,0.,-0.707106781186547));
#3336=DIRECTION('',(6.23496421511134E-16,1.,0.));
#3337=DIRECTION('',(-6.23496421511134E-16,-1.,0.));
#3338=DIRECTION('center_axis',(0.353553390593274,0.612372435695793,-0.707106781186549));
#3339=DIRECTION('ref_axis',(-0.894427190999916,0.,-0.447213595499957));
#3340=DIRECTION('',(0.866025403784438,-0.500000000000001,0.));
#3341=DIRECTION('',(-0.866025403784438,0.500000000000001,0.));
#3342=DIRECTION('',(0.186156787897388,0.694746590606866,0.694746590606865));
#3343=DIRECTION('center_axis',(0.,0.707106781186547,-0.707106781186548));
#3344=DIRECTION('ref_axis',(-1.,0.,0.));
#3345=DIRECTION('',(1.,0.,0.));
#3346=DIRECTION('',(-1.,0.,0.));
#3347=DIRECTION('',(-0.186156787897388,0.694746590606866,0.694746590606865));
#3348=DIRECTION('center_axis',(-0.353553390593273,0.612372435695794,-0.707106781186549));
#3349=DIRECTION('ref_axis',(-0.894427190999917,0.,0.447213595499956));
#3350=DIRECTION('',(0.866025403784439,0.499999999999999,0.));
#3351=DIRECTION('',(-0.866025403784439,-0.499999999999999,0.));
#3352=DIRECTION('',(-0.508589802709483,0.508589802709483,0.694746590606862));
#3353=DIRECTION('center_axis',(-0.612372435695791,0.353553390593273,-0.707106781186551));
#3354=DIRECTION('ref_axis',(-0.755928946018458,0.,0.654653670707973));
#3355=DIRECTION('',(0.500000000000001,0.866025403784438,0.));
#3356=DIRECTION('',(-0.500000000000001,-0.866025403784438,0.));
#3357=DIRECTION('',(-0.694746590606863,0.186156787897411,0.694746590606862));
#3358=DIRECTION('center_axis',(-0.707106781186547,4.40878547696069E-16,
-0.707106781186548));
#3359=DIRECTION('ref_axis',(-0.707106781186548,0.,0.707106781186547));
#3360=DIRECTION('',(6.23496421511135E-16,1.,0.));
#3361=DIRECTION('',(-6.23496421511135E-16,-1.,0.));
#3362=DIRECTION('',(-0.694746590606867,-0.186156787897381,0.694746590606866));
#3363=DIRECTION('center_axis',(-0.612372435695796,-0.353553390593273,-0.707106781186547));
#3364=DIRECTION('ref_axis',(-0.755928946018454,0.,0.654653670707978));
#3365=DIRECTION('',(-0.499999999999998,0.86602540378444,0.));
#3366=DIRECTION('',(0.499999999999998,-0.86602540378444,0.));
#3367=DIRECTION('center_axis',(-0.5,-0.866025403784439,0.));
#3368=DIRECTION('ref_axis',(0.866025403784439,-0.5,0.));
#3369=DIRECTION('',(0.,0.,1.));
#3370=DIRECTION('',(0.866025403784439,-0.5,0.));
#3371=DIRECTION('',(0.,0.,1.));
#3372=DIRECTION('center_axis',(0.,-1.,0.));
#3373=DIRECTION('ref_axis',(1.,0.,0.));
#3374=DIRECTION('',(0.,0.,1.));
#3375=DIRECTION('',(1.,0.,0.));
#3376=DIRECTION('center_axis',(0.5,-0.866025403784439,0.));
#3377=DIRECTION('ref_axis',(0.866025403784439,0.5,0.));
#3378=DIRECTION('',(0.,0.,1.));
#3379=DIRECTION('',(0.866025403784439,0.5,0.));
#3380=DIRECTION('center_axis',(0.866025403784439,-0.5,0.));
#3381=DIRECTION('ref_axis',(0.5,0.866025403784439,0.));
#3382=DIRECTION('',(0.,0.,1.));
#3383=DIRECTION('',(0.5,0.866025403784439,0.));
#3384=DIRECTION('center_axis',(1.,-6.23496421511134E-16,0.));
#3385=DIRECTION('ref_axis',(6.23496421511134E-16,1.,0.));
#3386=DIRECTION('',(0.,0.,1.));
#3387=DIRECTION('',(6.23496421511134E-16,1.,0.));
#3388=DIRECTION('center_axis',(0.866025403784439,0.5,0.));
#3389=DIRECTION('ref_axis',(-0.5,0.866025403784439,0.));
#3390=DIRECTION('',(0.,0.,1.));
#3391=DIRECTION('',(-0.5,0.866025403784439,0.));
#3392=DIRECTION('center_axis',(0.,0.,1.));
#3393=DIRECTION('ref_axis',(-1.,0.,0.));
#3394=DIRECTION('center_axis',(0.,0.,1.));
#3395=DIRECTION('ref_axis',(-0.955064136811237,-0.296399214872452,0.));
#3396=DIRECTION('',(0.5,0.866025403784439,0.));
#3397=DIRECTION('',(-0.866025403784439,0.5,0.));
#3398=DIRECTION('',(-0.86602540378444,-0.499999999999998,0.));
#3399=DIRECTION('center_axis',(0.,0.,1.));
#3400=DIRECTION('ref_axis',(-1.,0.,0.));
#3401=DIRECTION('',(0.,-1.,0.));
#3402=DIRECTION('',(-1.,0.,0.));
#3403=DIRECTION('',(6.36265721810857E-18,1.,0.));
#3404=DIRECTION('center_axis',(0.,0.,1.));
#3405=DIRECTION('ref_axis',(-1.,0.,0.));
#3406=DIRECTION('',(-0.866025403784438,0.500000000000001,0.));
#3407=DIRECTION('',(-0.866025403784439,-0.5,0.));
#3408=DIRECTION('',(0.5,-0.866025403784439,0.));
#3409=DIRECTION('',(0.866025403784439,0.5,0.));
#3410=DIRECTION('',(-0.5,0.866025403784439,0.));
#3411=DIRECTION('',(-0.866025403784439,-0.5,0.));
#3412=DIRECTION('',(-2.08115950573596E-15,-1.,0.));
#3413=DIRECTION('',(0.866025403784438,-0.5,0.));
#3414=DIRECTION('center_axis',(0.,0.,1.));
#3415=DIRECTION('ref_axis',(-0.233153164042029,-0.972440024935826,0.));
#3416=DIRECTION('',(6.36914343197906E-16,1.,0.));
#3417=DIRECTION('',(-0.499999999999999,0.866025403784439,0.));
#3418=DIRECTION('',(-0.866025403784439,0.5,0.));
#3419=DIRECTION('',(-5.08717087744215E-16,-1.,0.));
#3420=DIRECTION('',(0.500000000000189,-0.866025403784329,0.));
#3421=DIRECTION('',(0.866025403784438,-0.500000000000002,0.));
#3422=DIRECTION('',(1.,4.91670323811496E-17,0.));
#3423=DIRECTION('',(6.36914343197906E-16,1.,0.));
#3424=DIRECTION('',(-0.866025403784437,0.500000000000003,0.));
#3425=DIRECTION('',(-0.866025403784439,-0.5,0.));
#3426=DIRECTION('center_axis',(0.,0.,1.));
#3427=DIRECTION('ref_axis',(-0.955064136811237,-0.296399214872452,0.));
#3428=DIRECTION('center_axis',(0.,0.,1.));
#3429=DIRECTION('ref_axis',(0.922249535038505,0.386595130752137,0.));
#3430=DIRECTION('center_axis',(0.,0.,-1.));
#3431=DIRECTION('ref_axis',(-0.233174537510205,-0.972434900163966,0.));
#3432=DIRECTION('center_axis',(0.,0.,-1.));
#3433=DIRECTION('ref_axis',(0.922249535038505,0.386595130752137,0.));
#3434=DIRECTION('center_axis',(0.,0.,-1.));
#3435=DIRECTION('ref_axis',(-0.955064136811237,-0.296399214872452,0.));
#3436=DIRECTION('center_axis',(0.,0.,1.));
#3437=DIRECTION('ref_axis',(0.233152443466371,0.972440197701463,0.));
#3438=DIRECTION('center_axis',(0.,0.,1.));
#3439=DIRECTION('ref_axis',(0.922249535038505,0.386595130752137,0.));
#3440=DIRECTION('',(-0.866025403784439,-0.5,0.));
#3441=DIRECTION('',(-0.499999999999999,-0.866025403784439,0.));
#3442=DIRECTION('',(0.866025403784438,-0.500000000000001,0.));
#3443=DIRECTION('',(0.5,0.866025403784439,0.));
#3444=DIRECTION('center_axis',(0.,0.,1.));
#3445=DIRECTION('ref_axis',(-0.233153164042029,-0.972440024935826,0.));
#3446=DIRECTION('',(-0.866025403784438,0.5,0.));
#3447=DIRECTION('',(-0.866025403784439,-0.499999999999999,0.));
#3448=DIRECTION('',(-6.36914343197906E-16,-1.,0.));
#3449=DIRECTION('',(1.,-4.53162445934552E-17,0.));
#3450=DIRECTION('',(-0.5,-0.866025403784438,0.));
#3451=DIRECTION('',(0.866025403784438,-0.500000000000001,0.));
#3452=DIRECTION('',(1.,0.,0.));
#3453=DIRECTION('',(0.866025403784439,0.499999999999999,0.));
#3454=DIRECTION('',(-0.499999999999999,0.866025403784439,0.));
#3455=DIRECTION('center_axis',(0.,0.,1.));
#3456=DIRECTION('ref_axis',(0.922249535038505,0.386595130752137,0.));
#3457=DIRECTION('',(0.499999999999999,-0.866025403784439,0.));
#3458=DIRECTION('',(0.866025403784439,0.499999999999999,0.));
#3459=DIRECTION('',(-0.499999999999999,0.866025403784439,0.));
#3460=DIRECTION('',(-0.866025403784439,0.5,0.));
#3461=DIRECTION('center_axis',(0.,0.,1.));
#3462=DIRECTION('ref_axis',(0.922249535038505,0.386595130752137,0.));
#3463=DIRECTION('center_axis',(0.,0.,1.));
#3464=DIRECTION('ref_axis',(0.922249535038505,0.386595130752137,0.));
#3465=DIRECTION('',(0.866025403784439,-0.5,0.));
#3466=DIRECTION('',(1.,-1.07774993808521E-15,0.));
#3467=DIRECTION('',(6.36914343197906E-16,1.,0.));
#3468=DIRECTION('',(-1.,-2.51833449446753E-16,0.));
#3469=DIRECTION('center_axis',(0.,0.,-1.));
#3470=DIRECTION('ref_axis',(-1.,0.,0.));
#3471=DIRECTION('',(-1.,8.83817144748035E-16,0.));
#3472=DIRECTION('',(-6.36914343197906E-16,-1.,0.));
#3473=DIRECTION('',(0.5,-0.866025403784439,0.));
#3474=DIRECTION('',(0.866025403784438,-0.500000000000001,0.));
#3475=DIRECTION('',(0.500000000000001,0.866025403784438,0.));
#3476=DIRECTION('center_axis',(0.,0.,-1.));
#3477=DIRECTION('ref_axis',(-1.,0.,0.));
#3478=DIRECTION('',(0.499999999999999,-0.866025403784439,0.));
#3479=DIRECTION('',(0.866025403784439,0.499999999999999,0.));
#3480=DIRECTION('',(0.500000000000001,0.866025403784438,0.));
#3481=DIRECTION('',(6.36914343197906E-16,1.,0.));
#3482=DIRECTION('',(-1.,7.25669032175288E-16,0.));
#3483=DIRECTION('',(-1.,4.63669486187865E-17,0.));
#3484=DIRECTION('',(-6.36914343197906E-16,-1.,0.));
#3485=DIRECTION('',(1.,-1.20479438480915E-15,0.));
#3486=DIRECTION('',(0.866025403784439,0.499999999999999,0.));
#3487=DIRECTION('center_axis',(0.,0.,1.));
#3488=DIRECTION('ref_axis',(0.922249535038505,0.386595130752137,0.));
#3489=DIRECTION('center_axis',(0.,0.,1.));
#3490=DIRECTION('ref_axis',(-0.233153164042029,-0.972440024935826,0.));
#3491=DIRECTION('center_axis',(0.,0.,1.));
#3492=DIRECTION('ref_axis',(-0.955064136811237,-0.296399214872452,0.));
#3493=DIRECTION('',(0.866025403784439,0.5,0.));
#3494=DIRECTION('',(0.,1.,0.));
#3495=DIRECTION('',(-0.866025403784439,0.5,0.));
#3496=DIRECTION('',(-0.5,-0.866025403784439,0.));
#3497=DIRECTION('',(-0.866025403784439,-0.5,0.));
#3498=DIRECTION('',(-0.5,-0.866025403784439,0.));
#3499=DIRECTION('',(-6.36914343197906E-16,-1.,0.));
#3500=DIRECTION('',(0.866025403784438,0.500000000000001,0.));
#3501=DIRECTION('',(0.500000000000189,0.86602540378433,0.));
#3502=DIRECTION('',(9.6390772655158E-16,1.,0.));
#3503=DIRECTION('',(-1.,0.,0.));
#3504=DIRECTION('',(0.866025403784438,-0.500000000000001,0.));
#3505=DIRECTION('',(1.,0.,0.));
#3506=DIRECTION('',(0.866025403784439,0.499999999999999,0.));
#3507=DIRECTION('center_axis',(0.,0.,-1.));
#3508=DIRECTION('ref_axis',(-1.,0.,0.));
#3509=DIRECTION('',(0.866025403784439,0.5,0.));
#3510=DIRECTION('',(-0.866025403784439,0.5,0.));
#3511=DIRECTION('',(-1.,0.,0.));
#3512=DIRECTION('',(-0.866025403784439,-0.5,0.));
#3513=DIRECTION('',(0.866025403784438,-0.5,0.));
#3514=DIRECTION('center_axis',(-0.353553390593275,-0.612372435695796,0.707106781186546));
#3515=DIRECTION('ref_axis',(0.894427190999915,0.,0.44721359549996));
#3516=DIRECTION('',(-0.866025403784439,0.5,0.));
#3517=DIRECTION('',(-0.508589802709469,-0.508589802709488,-0.694746590606869));
#3518=DIRECTION('',(-0.186156787897381,-0.694746590606865,-0.694746590606867));
#3519=DIRECTION('center_axis',(-0.6123724356958,-0.353553390593276,0.707106781186542));
#3520=DIRECTION('ref_axis',(0.755928946018449,0.,0.654653670707984));
#3521=DIRECTION('',(-0.499999999999998,0.86602540378444,0.));
#3522=DIRECTION('',(-0.694746590606866,-0.186156787897375,-0.694746590606868));
#3523=DIRECTION('',(0.499999999999998,-0.86602540378444,0.));
#3524=DIRECTION('center_axis',(-0.707106781186549,4.4087854769607E-16,0.707106781186546));
#3525=DIRECTION('ref_axis',(0.707106781186546,0.,0.707106781186549));
#3526=DIRECTION('',(6.23496421511135E-16,1.,0.));
#3527=DIRECTION('',(-0.694746590606865,0.186156787897381,-0.694746590606867));
#3528=DIRECTION('',(-6.23496421511135E-16,-1.,0.));
#3529=DIRECTION('center_axis',(-0.612372435695795,0.353553390593276,0.707106781186546));
#3530=DIRECTION('ref_axis',(0.755928946018453,0.,0.654653670707979));
#3531=DIRECTION('',(0.500000000000001,0.866025403784438,0.));
#3532=DIRECTION('',(-0.508589802709475,0.508589802709484,-0.694746590606867));
#3533=DIRECTION('',(-0.500000000000001,-0.866025403784438,0.));
#3534=DIRECTION('center_axis',(-0.353553390593274,0.612372435695797,0.707106781186545));
#3535=DIRECTION('ref_axis',(0.894427190999915,0.,0.44721359549996));
#3536=DIRECTION('',(0.866025403784439,0.499999999999999,0.));
#3537=DIRECTION('',(-0.186156787897384,0.694746590606865,-0.694746590606867));
#3538=DIRECTION('',(-0.866025403784439,-0.499999999999999,0.));
#3539=DIRECTION('center_axis',(0.,0.707106781186549,0.707106781186546));
#3540=DIRECTION('ref_axis',(1.,0.,0.));
#3541=DIRECTION('',(1.,0.,0.));
#3542=DIRECTION('',(0.18615678789739,0.694746590606864,-0.694746590606866));
#3543=DIRECTION('',(-1.,0.,0.));
#3544=DIRECTION('center_axis',(0.353553390593274,0.612372435695794,0.707106781186548));
#3545=DIRECTION('ref_axis',(0.894427190999916,0.,-0.447213595499958));
#3546=DIRECTION('',(0.866025403784438,-0.500000000000001,0.));
#3547=DIRECTION('',(0.508589802709471,0.508589802709487,-0.694746590606868));
#3548=DIRECTION('',(-0.866025403784438,0.500000000000001,0.));
#3549=DIRECTION('center_axis',(0.612372435695797,0.353553390593275,0.707106781186545));
#3550=DIRECTION('ref_axis',(0.755928946018452,0.,-0.65465367070798));
#3551=DIRECTION('',(0.5,-0.866025403784439,0.));
#3552=DIRECTION('',(0.694746590606861,0.186156787897391,-0.694746590606869));
#3553=DIRECTION('center_axis',(0.707106781186552,-4.40878547696072E-16,
0.707106781186543));
#3554=DIRECTION('ref_axis',(0.707106781186543,0.,-0.707106781186552));
#3555=DIRECTION('',(-6.23496421511134E-16,-1.,0.));
#3556=DIRECTION('',(0.694746590606858,-0.186156787897409,-0.694746590606867));
#3557=DIRECTION('center_axis',(0.612372435695793,-0.353553390593273,0.707106781186549));
#3558=DIRECTION('ref_axis',(0.755928946018456,0.,-0.654653670707975));
#3559=DIRECTION('',(-0.5,-0.866025403784439,0.));
#3560=DIRECTION('',(0.508589802709488,-0.508589802709473,-0.694746590606865));
#3561=DIRECTION('center_axis',(0.353553390593274,-0.612372435695796,0.707106781186546));
#3562=DIRECTION('ref_axis',(0.894427190999915,0.,-0.447213595499959));
#3563=DIRECTION('',(-0.866025403784439,-0.5,0.));
#3564=DIRECTION('',(0.186156787897382,-0.694746590606865,-0.694746590606867));
#3565=DIRECTION('center_axis',(0.,-0.707106781186549,0.707106781186546));
#3566=DIRECTION('ref_axis',(1.,0.,0.));
#3567=DIRECTION('',(-1.,0.,0.));
#3568=DIRECTION('center_axis',(0.,0.,1.));
#3569=DIRECTION('ref_axis',(1.,0.,0.));
#3570=DIRECTION('',(-0.866025403784439,0.5,0.));
#3571=DIRECTION('',(-0.499999999999999,0.866025403784439,0.));
#3572=DIRECTION('',(6.36914343197906E-16,1.,0.));
#3573=DIRECTION('',(0.500000000000001,0.866025403784438,0.));
#3574=DIRECTION('',(0.866025403784439,0.499999999999999,0.));
#3575=DIRECTION('',(1.,0.,0.));
#3576=DIRECTION('',(0.866025403784438,-0.500000000000001,0.));
#3577=DIRECTION('',(0.5,-0.866025403784439,0.));
#3578=DIRECTION('',(-6.36914343197906E-16,-1.,0.));
#3579=DIRECTION('',(-0.5,-0.866025403784439,0.));
#3580=DIRECTION('',(-0.866025403784439,-0.5,0.));
#3581=DIRECTION('',(-1.,0.,0.));
#3582=DIRECTION('center_axis',(0.5,-0.866025403784439,0.));
#3583=DIRECTION('ref_axis',(0.866025403784439,0.5,0.));
#3584=DIRECTION('',(0.,0.,-1.));
#3585=DIRECTION('',(0.866025403784439,0.5,0.));
#3586=DIRECTION('',(0.,0.,1.));
#3587=DIRECTION('center_axis',(0.,0.,1.));
#3588=DIRECTION('ref_axis',(-1.,0.,0.));
#3589=DIRECTION('',(0.5,-0.866025403784439,0.));
#3590=DIRECTION('center_axis',(0.,0.,-1.));
#3591=DIRECTION('ref_axis',(-0.955064136811237,-0.296399214872452,0.));
#3592=DIRECTION('',(-0.5,0.866025403784439,0.));
#3593=DIRECTION('center_axis',(-0.866025403784439,-0.5,0.));
#3594=DIRECTION('ref_axis',(0.5,-0.866025403784439,0.));
#3595=DIRECTION('',(0.,0.,1.));
#3596=DIRECTION('',(0.5,-0.866025403784439,0.));
#3597=DIRECTION('',(0.353553390593274,-0.612372435695794,0.707106781186548));
#3598=DIRECTION('',(0.5,-0.866025403784439,0.));
#3599=DIRECTION('',(0.,0.,1.));
#3600=DIRECTION('center_axis',(0.,0.,1.));
#3601=DIRECTION('ref_axis',(1.,0.,0.));
#3602=DIRECTION('',(0.866025403784439,-0.5,0.));
#3603=DIRECTION('',(0.5,0.866025403784439,0.));
#3604=DIRECTION('',(-0.5,-0.866025403784439,0.));
#3605=DIRECTION('center_axis',(0.,0.,1.));
#3606=DIRECTION('ref_axis',(1.,0.,0.));
#3607=DIRECTION('',(0.866025403784439,0.5,0.));
#3608=DIRECTION('',(-0.866025403784438,0.500000000000001,0.));
#3609=DIRECTION('center_axis',(0.,0.,1.));
#3610=DIRECTION('ref_axis',(-1.,0.,0.));
#3611=DIRECTION('',(6.36265721810857E-18,1.,0.));
#3612=DIRECTION('',(1.,0.,0.));
#3613=DIRECTION('',(0.,-1.,0.));
#3614=DIRECTION('center_axis',(0.,0.,1.));
#3615=DIRECTION('ref_axis',(-1.,0.,0.));
#3616=DIRECTION('',(-0.86602540378444,-0.499999999999998,0.));
#3617=DIRECTION('',(0.866025403784439,-0.5,0.));
#3618=DIRECTION('',(0.866025403784439,0.5,0.));
#3619=DIRECTION('center_axis',(0.,0.,-1.));
#3620=DIRECTION('ref_axis',(-1.,0.,0.));
#3621=DIRECTION('',(0.866025403784438,-0.5,0.));
#3622=DIRECTION('center_axis',(0.,0.,1.));
#3623=DIRECTION('ref_axis',(1.,0.,0.));
#3624=DIRECTION('',(-6.36914343197906E-16,-1.,0.));
#3625=DIRECTION('',(0.866025403784438,-0.500000000000002,0.));
#3626=DIRECTION('',(0.500000000000189,-0.866025403784329,0.));
#3627=DIRECTION('',(-5.08717087744215E-16,-1.,0.));
#3628=DIRECTION('',(0.866025403784439,-0.5,0.));
#3629=DIRECTION('',(0.,1.,0.));
#3630=DIRECTION('',(0.866025403784439,0.5,0.));
#3631=DIRECTION('',(-0.866025403784439,-0.5,0.));
#3632=DIRECTION('',(-0.866025403784437,0.500000000000003,0.));
#3633=DIRECTION('center_axis',(0.,0.,1.));
#3634=DIRECTION('ref_axis',(1.,0.,0.));
#3635=DIRECTION('',(0.866025403784439,0.5,0.));
#3636=DIRECTION('',(-0.5,0.866025403784439,0.));
#3637=DIRECTION('',(0.866025403784439,0.5,0.));
#3638=DIRECTION('center_axis',(0.,0.,1.));
#3639=DIRECTION('ref_axis',(1.,0.,0.));
#3640=DIRECTION('',(-6.36914343197906E-16,-1.,0.));
#3641=DIRECTION('',(1.,4.91670323811496E-17,0.));
#3642=DIRECTION('',(-1.,-2.51833449446753E-16,0.));
#3643=DIRECTION('center_axis',(0.,0.,1.));
#3644=DIRECTION('ref_axis',(1.,0.,0.));
#3645=DIRECTION('',(6.36914343197906E-16,1.,0.));
#3646=DIRECTION('',(-0.866025403784439,-0.499999999999999,0.));
#3647=DIRECTION('',(-0.866025403784438,0.5,0.));
#3648=DIRECTION('',(0.866025403784438,-0.5,0.));
#3649=DIRECTION('',(-2.08115950573596E-15,-1.,0.));
#3650=DIRECTION('',(0.866025403784439,0.5,0.));
#3651=DIRECTION('',(9.6390772655158E-16,1.,0.));
#3652=DIRECTION('',(0.500000000000189,0.86602540378433,0.));
#3653=DIRECTION('',(0.866025403784438,0.500000000000001,0.));
#3654=DIRECTION('center_axis',(0.,0.,1.));
#3655=DIRECTION('ref_axis',(1.,0.,0.));
#3656=DIRECTION('',(-0.866025403784439,-0.499999999999999,0.));
#3657=DIRECTION('',(0.499999999999999,-0.866025403784439,0.));
#3658=DIRECTION('center_axis',(0.,0.,-1.));
#3659=DIRECTION('ref_axis',(-1.,0.,0.));
#3660=DIRECTION('',(-1.,7.25669032175288E-16,0.));
#3661=DIRECTION('',(-6.36914343197906E-16,-1.,0.));
#3662=DIRECTION('',(1.,-1.07774993808521E-15,0.));
#3663=DIRECTION('',(0.866025403784439,-0.5,0.));
#3664=DIRECTION('',(-0.499999999999998,-0.86602540378444,0.));
#3665=DIRECTION('',(-0.866025403784439,0.5,0.));
#3666=DIRECTION('',(-0.499999999999999,0.866025403784439,0.));
#3667=DIRECTION('center_axis',(0.,0.,1.));
#3668=DIRECTION('ref_axis',(1.,0.,0.));
#3669=DIRECTION('',(6.36914343197906E-16,1.,0.));
#3670=DIRECTION('',(-1.,4.63669486187865E-17,0.));
#3671=DIRECTION('',(1.,-4.53162445934552E-17,0.));
#3672=DIRECTION('center_axis',(0.,0.,1.));
#3673=DIRECTION('ref_axis',(1.,0.,0.));
#3674=DIRECTION('',(-0.866025403784439,-0.499999999999999,0.));
#3675=DIRECTION('',(0.5,-0.866025403784439,0.));
#3676=DIRECTION('',(-0.863385307232936,-0.50454515283995,0.));
#3677=DIRECTION('',(-0.499999999999999,0.866025403784439,0.));
#3678=DIRECTION('center_axis',(0.,0.,1.));
#3679=DIRECTION('ref_axis',(1.,0.,0.));
#3680=DIRECTION('',(-0.866025403784438,0.500000000000001,0.));
#3681=DIRECTION('',(-0.499999999999999,-0.866025403784439,0.));
#3682=DIRECTION('',(-0.866025403784439,-0.5,0.));
#3683=DIRECTION('',(0.866025403784439,0.499999999999999,0.));
#3684=DIRECTION('',(1.,-1.20479438480915E-15,0.));
#3685=DIRECTION('',(6.36914343197906E-16,1.,0.));
#3686=DIRECTION('',(-1.,8.83817144748035E-16,0.));
#3687=DIRECTION('center_axis',(0.,0.,-1.));
#3688=DIRECTION('ref_axis',(-1.,0.,0.));
#3689=DIRECTION('',(0.500000000000001,0.866025403784438,0.));
#3690=DIRECTION('center_axis',(0.,0.,1.));
#3691=DIRECTION('ref_axis',(1.,0.,0.));
#3692=DIRECTION('',(-0.866025403784438,0.500000000000001,0.));
#3693=DIRECTION('',(-0.5,-0.866025403784438,0.));
#3694=DIRECTION('',(-0.866025403784438,0.500000000000002,0.));
#3695=DIRECTION('',(0.5,0.866025403784439,0.));
#3696=DIRECTION('center_axis',(0.,0.,1.));
#3697=DIRECTION('ref_axis',(1.,0.,0.));
#3698=DIRECTION('',(-0.866025403784438,0.500000000000001,0.));
#3699=DIRECTION('',(-1.,0.,0.));
#3700=DIRECTION('',(-0.866025403784439,-0.499999999999999,0.));
#3701=DIRECTION('',(1.,0.,0.));
#3702=DIRECTION('center_axis',(0.,0.707106781186547,0.707106781186548));
#3703=DIRECTION('ref_axis',(1.,0.,0.));
#3704=DIRECTION('',(0.,-0.707106781186548,0.707106781186547));
#3705=DIRECTION('',(4.49907806529011E-18,0.707106781186548,-0.707106781186547));
#3706=DIRECTION('',(-1.,0.,0.));
#3707=DIRECTION('center_axis',(1.,-6.36265721810857E-18,0.));
#3708=DIRECTION('ref_axis',(6.36265721810857E-18,1.,0.));
#3709=DIRECTION('',(0.,0.,1.));
#3710=DIRECTION('',(0.,0.,1.));
#3711=DIRECTION('center_axis',(-4.53162445934552E-17,-1.,0.));
#3712=DIRECTION('ref_axis',(1.,-4.53162445934552E-17,0.));
#3713=DIRECTION('',(1.,-4.53162445934552E-17,0.));
#3714=DIRECTION('',(0.,0.,1.));
#3715=DIRECTION('',(0.,0.,1.));
#3716=DIRECTION('center_axis',(0.356767298987932,-0.610505605521241,0.707106781186546));
#3717=DIRECTION('ref_axis',(0.892798138118843,0.,-0.450456973052396));
#3718=DIRECTION('',(-0.353555832641303,0.612376665447057,0.707101897056753));
#3719=DIRECTION('',(0.353555832641303,-0.612376665447057,-0.707101897056753));
#3720=DIRECTION('',(-0.863385307232936,-0.50454515283995,0.));
#3721=DIRECTION('center_axis',(0.866025403784439,0.499999999999999,0.));
#3722=DIRECTION('ref_axis',(-0.499999999999999,0.866025403784439,0.));
#3723=DIRECTION('',(-0.499999999999999,0.866025403784439,0.));
#3724=DIRECTION('',(0.,0.,1.));
#3725=DIRECTION('',(0.,0.,1.));
#3726=DIRECTION('center_axis',(-0.353553390593274,-0.612372435695793,0.707106781186549));
#3727=DIRECTION('ref_axis',(0.894427190999916,0.,0.447213595499958));
#3728=DIRECTION('',(0.353553390593274,0.612372435695795,0.707106781186547));
#3729=DIRECTION('',(-0.353553390593275,-0.612372435695795,-0.707106781186547));
#3730=DIRECTION('',(-0.866025403784438,0.500000000000002,0.));
#3731=DIRECTION('center_axis',(0.866025403784439,-0.5,0.));
#3732=DIRECTION('ref_axis',(0.5,0.866025403784439,0.));
#3733=DIRECTION('',(0.5,0.866025403784439,0.));
#3734=DIRECTION('',(0.,0.,1.));
#3735=DIRECTION('',(0.,0.,1.));
#3736=DIRECTION('center_axis',(-0.866025403784439,0.5,0.));
#3737=DIRECTION('ref_axis',(-0.5,-0.866025403784439,0.));
#3738=DIRECTION('',(-0.5,-0.866025403784439,0.));
#3739=DIRECTION('',(0.,0.,1.));
#3740=DIRECTION('',(0.,0.,1.));
#3741=DIRECTION('center_axis',(-0.353553390593274,0.612372435695795,0.707106781186547));
#3742=DIRECTION('ref_axis',(0.894427190999916,0.,0.447213595499958));
#3743=DIRECTION('',(-0.353553390593273,0.612372435695794,-0.707106781186548));
#3744=DIRECTION('',(0.866025403784439,0.5,0.));
#3745=DIRECTION('center_axis',(-2.51833449446753E-16,1.,0.));
#3746=DIRECTION('ref_axis',(-1.,-2.51833449446753E-16,0.));
#3747=DIRECTION('',(-1.,-2.51833449446753E-16,0.));
#3748=DIRECTION('',(0.,0.,1.));
#3749=DIRECTION('',(0.,0.,1.));
#3750=DIRECTION('center_axis',(0.612372435695795,-0.353553390593272,0.707106781186548));
#3751=DIRECTION('ref_axis',(0.755928946018454,0.,-0.654653670707977));
#3752=DIRECTION('',(-0.612372435695795,0.353553390593274,0.707106781186547));
#3753=DIRECTION('',(0.612372435695795,-0.353553390593274,-0.707106781186547));
#3754=DIRECTION('',(-0.499999999999998,-0.86602540378444,0.));
#3755=DIRECTION('center_axis',(0.5,0.866025403784439,0.));
#3756=DIRECTION('ref_axis',(-0.866025403784439,0.5,0.));
#3757=DIRECTION('',(-0.866025403784439,0.5,0.));
#3758=DIRECTION('',(0.,0.,1.));
#3759=DIRECTION('',(0.,0.,1.));
#3760=DIRECTION('center_axis',(0.499999999999999,-0.866025403784439,0.));
#3761=DIRECTION('ref_axis',(0.866025403784439,0.499999999999999,0.));
#3762=DIRECTION('',(0.866025403784439,0.499999999999999,0.));
#3763=DIRECTION('',(0.,0.,1.));
#3764=DIRECTION('',(0.,0.,1.));
#3765=DIRECTION('center_axis',(-0.5,-0.866025403784438,0.));
#3766=DIRECTION('ref_axis',(0.866025403784438,-0.5,0.));
#3767=DIRECTION('',(0.866025403784438,-0.5,0.));
#3768=DIRECTION('',(0.,0.,1.));
#3769=DIRECTION('',(0.,0.,1.));
#3770=DIRECTION('center_axis',(0.5,-0.866025403784439,0.));
#3771=DIRECTION('ref_axis',(0.866025403784439,0.5,0.));
#3772=DIRECTION('',(0.,0.,1.));
#3773=DIRECTION('',(0.,0.,1.));
#3774=DIRECTION('',(0.866025403784439,0.5,0.));
#3775=DIRECTION('center_axis',(0.,0.,1.));
#3776=DIRECTION('ref_axis',(-1.,0.,0.));
#3777=DIRECTION('',(-0.5,0.866025403784439,0.));
#3778=DIRECTION('center_axis',(0.,0.,1.));
#3779=DIRECTION('ref_axis',(-0.955064136811237,-0.296399214872452,0.));
#3780=DIRECTION('center_axis',(0.,0.,1.));
#3781=DIRECTION('ref_axis',(-0.233153164042029,-0.972440024935826,0.));
#3782=DIRECTION('',(-0.866025403784438,0.5,0.));
#3783=DIRECTION('center_axis',(0.,0.,1.));
#3784=DIRECTION('ref_axis',(-0.233153164042029,-0.972440024935826,0.));
#3785=DIRECTION('',(-1.,4.63669486187865E-17,0.));
#3786=DIRECTION('center_axis',(0.,0.,1.));
#3787=DIRECTION('ref_axis',(-0.233153164042029,-0.972440024935826,0.));
#3788=DIRECTION('center_axis',(0.,0.,1.));
#3789=DIRECTION('ref_axis',(0.922249535038505,0.386595130752137,0.));
#3790=DIRECTION('',(-0.866025403784439,-0.5,0.));
#3791=DIRECTION('center_axis',(0.,0.,1.));
#3792=DIRECTION('ref_axis',(0.922249535038505,0.386595130752137,0.));
#3793=DIRECTION('',(-0.5,-0.866025403784438,0.));
#3794=DIRECTION('center_axis',(0.,0.,1.));
#3795=DIRECTION('ref_axis',(0.922249535038505,0.386595130752137,0.));
#3796=DIRECTION('',(0.499999999999999,-0.866025403784439,0.));
#3797=DIRECTION('center_axis',(0.,0.,1.));
#3798=DIRECTION('ref_axis',(0.922249535038505,0.386595130752137,0.));
#3799=DIRECTION('',(0.866025403784439,-0.5,0.));
#3800=DIRECTION('center_axis',(0.,0.,1.));
#3801=DIRECTION('ref_axis',(0.922249535038505,0.386595130752137,0.));
#3802=DIRECTION('',(1.,4.91670323811496E-17,0.));
#3803=DIRECTION('center_axis',(0.,0.,1.));
#3804=DIRECTION('ref_axis',(0.922249535038505,0.386595130752137,0.));
#3805=DIRECTION('center_axis',(0.,0.,1.));
#3806=DIRECTION('ref_axis',(-0.955064136811237,-0.296399214872452,0.));
#3807=DIRECTION('',(-0.866025403784439,-0.5,0.));
#3808=DIRECTION('center_axis',(0.,0.,1.));
#3809=DIRECTION('ref_axis',(-0.955064136811237,-0.296399214872452,0.));
#3810=DIRECTION('',(0.5,0.866025403784439,0.));
#3811=DIRECTION('center_axis',(0.,0.,1.));
#3812=DIRECTION('ref_axis',(-0.955064136811237,-0.296399214872452,0.));
#3813=DIRECTION('center_axis',(0.,0.,-1.));
#3814=DIRECTION('ref_axis',(-0.233174537510205,-0.972434900163966,0.));
#3815=DIRECTION('center_axis',(0.,0.,1.));
#3816=DIRECTION('ref_axis',(0.233152443466371,0.972440197701463,0.));
#3817=DIRECTION('center_axis',(0.,0.,-1.));
#3818=DIRECTION('ref_axis',(-0.955064136811237,-0.296399214872452,0.));
#3819=DIRECTION('center_axis',(0.,0.,-1.));
#3820=DIRECTION('ref_axis',(0.922249535038505,0.386595130752137,0.));
#3821=DIRECTION('center_axis',(0.5,-0.866025403784439,0.));
#3822=DIRECTION('ref_axis',(0.866025403784439,0.5,0.));
#3823=DIRECTION('',(0.,0.,1.));
#3824=DIRECTION('',(0.,0.,1.));
#3825=DIRECTION('center_axis',(0.,1.,0.));
#3826=DIRECTION('ref_axis',(-1.,0.,0.));
#3827=DIRECTION('',(0.,0.,1.));
#3828=DIRECTION('',(0.,0.,1.));
#3829=DIRECTION('center_axis',(-0.5,-0.866025403784438,0.));
#3830=DIRECTION('ref_axis',(0.866025403784438,-0.5,0.));
#3831=DIRECTION('',(0.,0.,1.));
#3832=DIRECTION('',(0.,0.,1.));
#3833=DIRECTION('center_axis',(0.,0.,1.));
#3834=DIRECTION('ref_axis',(1.83697019872103E-16,1.,0.));
#3835=DIRECTION('center_axis',(-0.500000000000001,-0.866025403784438,0.));
#3836=DIRECTION('ref_axis',(0.866025403784438,-0.500000000000001,0.));
#3837=DIRECTION('',(0.,0.,1.));
#3838=DIRECTION('',(0.,0.,1.));
#3839=DIRECTION('',(0.,0.,1.));
#3840=DIRECTION('',(0.,0.,1.));
#3841=DIRECTION('',(0.,0.,1.));
#3842=DIRECTION('',(0.,0.,1.));
#3843=DIRECTION('',(0.,0.,1.));
#3844=DIRECTION('center_axis',(0.,-1.,0.));
#3845=DIRECTION('ref_axis',(1.,0.,0.));
#3846=DIRECTION('',(0.,0.,1.));
#3847=DIRECTION('center_axis',(0.499999999999999,-0.866025403784439,0.));
#3848=DIRECTION('ref_axis',(0.866025403784439,0.499999999999999,0.));
#3849=DIRECTION('',(0.,0.,1.));
#3850=DIRECTION('',(0.,0.,1.));
#3851=DIRECTION('',(0.,0.,1.));
#3852=DIRECTION('',(0.,0.,1.));
#3853=DIRECTION('',(0.,0.,1.));
#3854=DIRECTION('',(0.,0.,1.));
#3855=DIRECTION('center_axis',(0.,1.,0.));
#3856=DIRECTION('ref_axis',(-1.,0.,0.));
#3857=DIRECTION('center_axis',(-0.866025403784439,0.5,0.));
#3858=DIRECTION('ref_axis',(-0.5,-0.866025403784439,0.));
#3859=DIRECTION('',(0.,0.,1.));
#3860=DIRECTION('',(0.,0.,1.));
#3861=DIRECTION('center_axis',(0.500000000000001,-0.866025403784438,0.));
#3862=DIRECTION('ref_axis',(0.866025403784438,0.500000000000001,0.));
#3863=DIRECTION('',(0.,0.,1.));
#3864=DIRECTION('',(0.,0.,1.));
#3865=DIRECTION('center_axis',(0.86602540378433,-0.500000000000189,0.));
#3866=DIRECTION('ref_axis',(0.500000000000189,0.86602540378433,0.));
#3867=DIRECTION('',(0.,0.,1.));
#3868=DIRECTION('center_axis',(1.,-9.6390772655158E-16,0.));
#3869=DIRECTION('ref_axis',(9.6390772655158E-16,1.,0.));
#3870=DIRECTION('',(0.,0.,1.));
#3871=DIRECTION('center_axis',(-0.5,0.866025403784439,0.));
#3872=DIRECTION('ref_axis',(-0.866025403784439,-0.5,0.));
#3873=DIRECTION('',(0.,0.,1.));
#3874=DIRECTION('',(0.,0.,1.));
#3875=DIRECTION('',(0.,0.,1.));
#3876=DIRECTION('center_axis',(1.,0.,0.));
#3877=DIRECTION('ref_axis',(0.,1.,0.));
#3878=DIRECTION('',(0.,0.,1.));
#3879=DIRECTION('center_axis',(0.,0.,1.));
#3880=DIRECTION('ref_axis',(-0.955064136811237,-0.296399214872452,0.));
#3881=DIRECTION('center_axis',(-1.20479438480915E-15,-1.,0.));
#3882=DIRECTION('ref_axis',(1.,-1.20479438480915E-15,0.));
#3883=DIRECTION('',(0.,0.,1.));
#3884=DIRECTION('center_axis',(0.,0.,1.));
#3885=DIRECTION('ref_axis',(0.922249535038505,0.386595130752137,0.));
#3886=DIRECTION('',(0.,0.,1.));
#3887=DIRECTION('center_axis',(0.,0.,1.));
#3888=DIRECTION('ref_axis',(-0.233153164042029,-0.972440024935826,0.));
#3889=DIRECTION('',(0.,0.,1.));
#3890=DIRECTION('center_axis',(4.63669486187865E-17,1.,0.));
#3891=DIRECTION('ref_axis',(-1.,4.63669486187865E-17,0.));
#3892=DIRECTION('',(0.,0.,1.));
#3893=DIRECTION('center_axis',(-0.866025403784439,-0.499999999999999,0.));
#3894=DIRECTION('ref_axis',(0.499999999999999,-0.866025403784439,0.));
#3895=DIRECTION('',(0.,0.,1.));
#3896=DIRECTION('center_axis',(0.866025403784438,-0.500000000000001,0.));
#3897=DIRECTION('ref_axis',(0.500000000000001,0.866025403784438,0.));
#3898=DIRECTION('',(0.,0.,1.));
#3899=DIRECTION('center_axis',(1.,-6.36914343197906E-16,0.));
#3900=DIRECTION('ref_axis',(6.36914343197906E-16,1.,0.));
#3901=DIRECTION('',(0.,0.,1.));
#3902=DIRECTION('',(0.,0.,1.));
#3903=DIRECTION('',(0.,0.,1.));
#3904=DIRECTION('',(0.,0.,1.));
#3905=DIRECTION('',(0.,0.,1.));
#3906=DIRECTION('',(0.,0.,1.));
#3907=DIRECTION('center_axis',(7.25669032175288E-16,1.,0.));
#3908=DIRECTION('ref_axis',(-1.,7.25669032175288E-16,0.));
#3909=DIRECTION('',(0.,0.,1.));
#3910=DIRECTION('center_axis',(0.,0.,1.));
#3911=DIRECTION('ref_axis',(0.866025403809628,-0.499999999956371,0.));
#3912=DIRECTION('center_axis',(8.83817144748035E-16,1.,0.));
#3913=DIRECTION('ref_axis',(-1.,8.83817144748035E-16,0.));
#3914=DIRECTION('',(0.,0.,1.));
#3915=DIRECTION('',(0.,0.,1.));
#3916=DIRECTION('center_axis',(-1.,6.36914343197906E-16,0.));
#3917=DIRECTION('ref_axis',(-6.36914343197906E-16,-1.,0.));
#3918=DIRECTION('',(0.,0.,1.));
#3919=DIRECTION('',(0.,0.,1.));
#3920=DIRECTION('center_axis',(-0.866025403784439,-0.5,0.));
#3921=DIRECTION('ref_axis',(0.5,-0.866025403784439,0.));
#3922=DIRECTION('center_axis',(0.866025403784438,-0.500000000000001,0.));
#3923=DIRECTION('ref_axis',(0.500000000000001,0.866025403784438,0.));
#3924=DIRECTION('',(0.,0.,1.));
#3925=DIRECTION('center_axis',(0.,0.,1.));
#3926=DIRECTION('ref_axis',(-1.,0.,0.));
#3927=DIRECTION('center_axis',(-0.5,-0.866025403784439,0.));
#3928=DIRECTION('ref_axis',(0.866025403784439,-0.5,0.));
#3929=DIRECTION('',(0.,0.,1.));
#3930=DIRECTION('',(0.,0.,1.));
#3931=DIRECTION('center_axis',(-1.07774993808521E-15,-1.,0.));
#3932=DIRECTION('ref_axis',(1.,-1.07774993808521E-15,0.));
#3933=DIRECTION('center_axis',(0.,0.,1.));
#3934=DIRECTION('ref_axis',(0.922249535038505,0.386595130752137,0.));
#3935=DIRECTION('center_axis',(-1.,2.08115950573596E-15,0.));
#3936=DIRECTION('ref_axis',(-2.08115950573596E-15,-1.,0.));
#3937=DIRECTION('center_axis',(0.,0.,1.));
#3938=DIRECTION('ref_axis',(-0.233153164042029,-0.972440024935826,0.));
#3939=DIRECTION('',(0.,0.,1.));
#3940=DIRECTION('center_axis',(0.,0.,1.));
#3941=DIRECTION('ref_axis',(-0.955064136811237,-0.296399214872452,0.));
#3942=DIRECTION('',(0.,0.,1.));
#3943=DIRECTION('',(0.,0.,1.));
#3944=DIRECTION('center_axis',(0.866025403784439,0.5,0.));
#3945=DIRECTION('ref_axis',(-0.5,0.866025403784439,0.));
#3946=DIRECTION('center_axis',(0.866025403784439,0.499999999999999,0.));
#3947=DIRECTION('ref_axis',(-0.499999999999999,0.866025403784439,0.));
#3948=DIRECTION('center_axis',(0.,0.,1.));
#3949=DIRECTION('ref_axis',(0.922249535038505,0.386595130752137,0.));
#3950=DIRECTION('',(0.,0.,1.));
#3951=DIRECTION('center_axis',(-0.866025403784439,-0.5,0.));
#3952=DIRECTION('ref_axis',(0.5,-0.866025403784439,0.));
#3953=DIRECTION('center_axis',(0.,-1.,0.));
#3954=DIRECTION('ref_axis',(1.,0.,0.));
#3955=DIRECTION('center_axis',(0.,0.,1.));
#3956=DIRECTION('ref_axis',(0.922249535038505,0.386595130752137,0.));
#3957=DIRECTION('',(0.,0.,1.));
#3958=DIRECTION('center_axis',(-0.866025403784438,0.5,0.));
#3959=DIRECTION('ref_axis',(-0.5,-0.866025403784438,0.));
#3960=DIRECTION('center_axis',(0.5,0.866025403784438,0.));
#3961=DIRECTION('ref_axis',(-0.866025403784438,0.5,0.));
#3962=DIRECTION('',(0.,0.,1.));
#3963=DIRECTION('',(0.,0.,1.));
#3964=DIRECTION('center_axis',(-0.499999999999999,0.866025403784439,0.));
#3965=DIRECTION('ref_axis',(-0.866025403784439,-0.499999999999999,0.));
#3966=DIRECTION('center_axis',(0.,0.,1.));
#3967=DIRECTION('ref_axis',(-0.233153164042029,-0.972440024935826,0.));
#3968=DIRECTION('center_axis',(-0.5,0.866025403784439,0.));
#3969=DIRECTION('ref_axis',(-0.866025403784439,-0.5,0.));
#3970=DIRECTION('',(0.,0.,1.));
#3971=DIRECTION('',(0.,0.,1.));
#3972=DIRECTION('center_axis',(-0.866025403784439,0.499999999999999,0.));
#3973=DIRECTION('ref_axis',(-0.499999999999999,-0.866025403784439,0.));
#3974=DIRECTION('center_axis',(0.,0.,1.));
#3975=DIRECTION('ref_axis',(0.922249535038505,0.386595130752137,0.));
#3976=DIRECTION('center_axis',(0.,0.,1.));
#3977=DIRECTION('ref_axis',(0.922249535038505,0.386595130752137,0.));
#3978=DIRECTION('',(0.,0.,1.));
#3979=DIRECTION('',(0.,0.,1.));
#3980=DIRECTION('center_axis',(0.,0.,1.));
#3981=DIRECTION('ref_axis',(-0.955064136811237,-0.296399214872452,0.));
#3982=DIRECTION('',(0.,0.,1.));
#3983=DIRECTION('center_axis',(0.,0.,1.));
#3984=DIRECTION('ref_axis',(0.233152443466371,0.972440197701463,0.));
#3985=DIRECTION('',(0.,0.,1.));
#3986=DIRECTION('center_axis',(0.,0.,1.));
#3987=DIRECTION('ref_axis',(-0.233174537510205,-0.972434900163966,0.));
#3988=DIRECTION('center_axis',(0.500000000000003,0.866025403784437,0.));
#3989=DIRECTION('ref_axis',(-0.866025403784437,0.500000000000003,0.));
#3990=DIRECTION('',(0.,0.,1.));
#3991=DIRECTION('center_axis',(-0.5,0.866025403784439,0.));
#3992=DIRECTION('ref_axis',(-0.866025403784439,-0.5,0.));
#3993=DIRECTION('',(0.,0.,1.));
#3994=DIRECTION('center_axis',(0.,0.,1.));
#3995=DIRECTION('ref_axis',(-0.955064136811237,-0.296399214872452,0.));
#3996=DIRECTION('',(0.,0.,1.));
#3997=DIRECTION('center_axis',(0.,0.,1.));
#3998=DIRECTION('ref_axis',(0.922249535038505,0.386595130752137,0.));
#3999=DIRECTION('',(0.,0.,1.));
#4000=DIRECTION('center_axis',(4.91670323811496E-17,-1.,0.));
#4001=DIRECTION('ref_axis',(1.,4.91670323811496E-17,0.));
#4002=DIRECTION('center_axis',(0.866025403784439,0.499999999999999,0.));
#4003=DIRECTION('ref_axis',(-0.499999999999999,0.866025403784439,0.));
#4004=DIRECTION('',(0.,0.,1.));
#4005=DIRECTION('center_axis',(0.5,0.866025403784439,0.));
#4006=DIRECTION('ref_axis',(-0.866025403784439,0.5,0.));
#4007=DIRECTION('',(0.,0.,1.));
#4008=DIRECTION('',(0.,0.,1.));
#4009=DIRECTION('',(0.,0.,1.));
#4010=DIRECTION('center_axis',(-1.,5.08717087744215E-16,0.));
#4011=DIRECTION('ref_axis',(-5.08717087744215E-16,-1.,0.));
#4012=DIRECTION('',(0.,0.,1.));
#4013=DIRECTION('center_axis',(-0.866025403784329,-0.500000000000189,0.));
#4014=DIRECTION('ref_axis',(0.500000000000189,-0.866025403784329,0.));
#4015=DIRECTION('',(0.,0.,1.));
#4016=DIRECTION('center_axis',(-0.500000000000002,-0.866025403784438,0.));
#4017=DIRECTION('ref_axis',(0.866025403784438,-0.500000000000002,0.));
#4018=DIRECTION('center_axis',(0.,0.,1.));
#4019=DIRECTION('ref_axis',(0.825395575269959,0.564554819592193,0.));
#4020=DIRECTION('',(0.,0.,1.));
#4021=DIRECTION('center_axis',(0.500000000000001,0.866025403784438,0.));
#4022=DIRECTION('ref_axis',(-0.866025403784438,0.500000000000001,0.));
#4023=DIRECTION('center_axis',(0.866025403784439,-0.5,0.));
#4024=DIRECTION('ref_axis',(0.5,0.866025403784439,0.));
#4025=DIRECTION('center_axis',(-0.499999999999998,0.86602540378444,0.));
#4026=DIRECTION('ref_axis',(-0.86602540378444,-0.499999999999998,0.));
#4027=DIRECTION('',(0.,0.,1.));
#4028=DIRECTION('center_axis',(0.,0.,1.));
#4029=DIRECTION('ref_axis',(-1.,0.,0.));
#4030=DIRECTION('',(0.,0.,1.));
#4031=DIRECTION('center_axis',(-1.,0.,0.));
#4032=DIRECTION('ref_axis',(0.,-1.,0.));
#4033=DIRECTION('',(0.,0.,1.));
#4034=DIRECTION('center_axis',(0.,1.,0.));
#4035=DIRECTION('ref_axis',(-1.,0.,0.));
#4036=DIRECTION('center_axis',(-0.86602540378444,-0.499999999999998,0.));
#4037=DIRECTION('ref_axis',(0.499999999999998,-0.86602540378444,0.));
#4038=DIRECTION('',(0.,0.,1.));
#4039=DIRECTION('center_axis',(-1.,6.23496421511135E-16,0.));
#4040=DIRECTION('ref_axis',(-6.23496421511135E-16,-1.,0.));
#4041=DIRECTION('',(0.,0.,1.));
#4042=DIRECTION('center_axis',(-0.866025403784438,0.500000000000001,0.));
#4043=DIRECTION('ref_axis',(-0.500000000000001,-0.866025403784438,0.));
#4044=DIRECTION('',(0.,0.,1.));
#4045=DIRECTION('center_axis',(-0.499999999999999,0.866025403784439,0.));
#4046=DIRECTION('ref_axis',(-0.866025403784439,-0.499999999999999,0.));
#4047=DIRECTION('',(0.,0.,1.));
#4048=DIRECTION('center_axis',(0.,1.,0.));
#4049=DIRECTION('ref_axis',(-1.,0.,0.));
#4050=DIRECTION('',(0.,0.,1.));
#4051=DIRECTION('center_axis',(0.500000000000001,0.866025403784438,0.));
#4052=DIRECTION('ref_axis',(-0.866025403784438,0.500000000000001,0.));
#4053=DIRECTION('',(0.,0.,1.));
#4054=DIRECTION('',(1.,0.,0.));
#4055=CARTESIAN_POINT('',(0.,0.,0.));
#4056=CARTESIAN_POINT('',(0.,0.,0.));
#4057=CARTESIAN_POINT('Origin',(-31.2805911542945,-32.8118863063045,1.71));
#4058=CARTESIAN_POINT('',(-40.3402506533146,-27.3503493481031,1.51));
#4059=CARTESIAN_POINT('',(-3.51597201117914,-48.6108565348538,1.51));
#4060=CARTESIAN_POINT('',(-31.1805911542945,-32.6386812255477,1.51));
#4061=CARTESIAN_POINT('',(-3.6231516881516,-49.0108565348538,1.91));
#4062=CARTESIAN_POINT('',(-3.51597201117914,-48.6108565348538,1.51));
#4063=CARTESIAN_POINT('',(-40.6330709763422,-27.6431696711306,1.91));
#4064=CARTESIAN_POINT('',(-31.3805911542945,-32.9850913870614,1.91));
#4065=CARTESIAN_POINT('',(-40.3402506533146,-27.3503493481031,1.51));
#4066=CARTESIAN_POINT('Origin',(-1.8115758440758,-48.8108565348538,1.71));
#4067=CARTESIAN_POINT('',(3.51597201117913,-48.6108565348538,1.51));
#4068=CARTESIAN_POINT('',(-1.8115758440758,-48.6108565348538,1.51));
#4069=CARTESIAN_POINT('',(3.62315168815158,-49.0108565348538,1.91));
#4070=CARTESIAN_POINT('',(3.51597201117913,-48.6108565348538,1.51));
#4071=CARTESIAN_POINT('',(-1.8115758440758,-49.0108565348538,1.91));
#4072=CARTESIAN_POINT('Origin',(12.7756315101992,-43.4957297381661,1.71));
#4073=CARTESIAN_POINT('',(40.3402506533146,-27.3503493481031,1.51));
#4074=CARTESIAN_POINT('',(12.6756315101992,-43.3225246574093,1.51));
#4075=CARTESIAN_POINT('',(40.6330709763422,-27.6431696711307,1.91));
#4076=CARTESIAN_POINT('',(40.3402506533146,-27.3503493481031,1.51));
#4077=CARTESIAN_POINT('',(12.8756315101992,-43.668934818923,1.91));
#4078=CARTESIAN_POINT('Origin',(41.3656538176232,-25.9742989692788,1.71));
#4079=CARTESIAN_POINT('',(43.8562226644937,-21.2605071867507,1.51));
#4080=CARTESIAN_POINT('',(41.1924487368663,-25.8742989692788,1.51));
#4081=CARTESIAN_POINT('',(44.2562226644937,-21.3676868637232,1.91));
#4082=CARTESIAN_POINT('',(43.8562226644937,-21.2605071867507,1.51));
#4083=CARTESIAN_POINT('',(41.5388588983801,-26.0742989692788,1.91));
#4084=CARTESIAN_POINT('Origin',(43.177229661699,22.836557565575,1.71));
#4085=CARTESIAN_POINT('',(40.6330709763422,27.6431696711306,1.91));
#4086=CARTESIAN_POINT('',(44.2562226644938,21.3676868637232,1.91));
#4087=CARTESIAN_POINT('',(43.3504347424559,22.936557565575,1.91));
#4088=CARTESIAN_POINT('',(43.8562226644938,21.2605071867507,1.51));
#4089=CARTESIAN_POINT('',(44.2562226644938,21.3676868637232,1.91));
#4090=CARTESIAN_POINT('',(40.3402506533147,27.3503493481031,1.51));
#4091=CARTESIAN_POINT('',(43.0040245809421,22.736557565575,1.51));
#4092=CARTESIAN_POINT('',(40.3402506533147,27.3503493481031,1.51));
#4093=CARTESIAN_POINT('Origin',(44.0562226644938,-10.6838434318616,1.71));
#4094=CARTESIAN_POINT('',(43.8562226644937,-10.6838434318616,1.51));
#4095=CARTESIAN_POINT('',(44.2562226644937,-10.6838434318616,1.91));
#4096=CARTESIAN_POINT('Origin',(31.2805911542946,32.8118863063045,1.71));
#4097=CARTESIAN_POINT('',(3.62315168815162,49.0108565348538,1.91));
#4098=CARTESIAN_POINT('',(31.3805911542946,32.9850913870614,1.91));
#4099=CARTESIAN_POINT('',(3.51597201117917,48.6108565348538,1.51));
#4100=CARTESIAN_POINT('',(31.1805911542946,32.6386812255476,1.51));
#4101=CARTESIAN_POINT('',(3.51597201117917,48.6108565348538,1.51));
#4102=CARTESIAN_POINT('Origin',(1.81157584407581,48.8108565348538,1.71));
#4103=CARTESIAN_POINT('',(-3.62315168815154,49.0108565348538,1.91));
#4104=CARTESIAN_POINT('',(1.81157584407581,49.0108565348538,1.91));
#4105=CARTESIAN_POINT('',(-3.51597201117909,48.6108565348538,1.51));
#4106=CARTESIAN_POINT('',(1.81157584407581,48.6108565348538,1.51));
#4107=CARTESIAN_POINT('',(-3.51597201117909,48.6108565348538,1.51));
#4108=CARTESIAN_POINT('Origin',(-12.7756315101992,43.4957297381661,1.71));
#4109=CARTESIAN_POINT('',(-40.6330709763421,27.6431696711307,1.91));
#4110=CARTESIAN_POINT('',(-12.8756315101992,43.668934818923,1.91));
#4111=CARTESIAN_POINT('',(-40.3402506533146,27.3503493481031,1.51));
#4112=CARTESIAN_POINT('',(-12.6756315101992,43.3225246574093,1.51));
#4113=CARTESIAN_POINT('',(-40.3402506533146,27.3503493481031,1.51));
#4114=CARTESIAN_POINT('Origin',(-41.3656538176231,25.9742989692788,1.71));
#4115=CARTESIAN_POINT('',(-44.2562226644937,21.3676868637232,1.91));
#4116=CARTESIAN_POINT('',(-41.53885889838,26.0742989692788,1.91));
#4117=CARTESIAN_POINT('',(-43.8562226644937,21.2605071867507,1.51));
#4118=CARTESIAN_POINT('',(-41.1924487368663,25.8742989692788,1.51));
#4119=CARTESIAN_POINT('',(-43.8562226644937,21.2605071867507,1.51));
#4120=CARTESIAN_POINT('Origin',(-44.0562226644937,10.6838434318616,1.71));
#4121=CARTESIAN_POINT('',(-44.2562226644938,-21.3676868637231,1.91));
#4122=CARTESIAN_POINT('',(-44.2562226644937,10.6838434318616,1.91));
#4123=CARTESIAN_POINT('',(-43.8562226644938,-21.2605071867507,1.51));
#4124=CARTESIAN_POINT('',(-43.8562226644937,10.6838434318616,1.51));
#4125=CARTESIAN_POINT('',(-43.8562226644938,-21.2605071867507,1.51));
#4126=CARTESIAN_POINT('Origin',(-43.177229661699,-22.836557565575,1.71));
#4127=CARTESIAN_POINT('',(-43.3504347424559,-22.936557565575,1.91));
#4128=CARTESIAN_POINT('',(-43.0040245809421,-22.736557565575,1.51));
#4129=CARTESIAN_POINT('Origin',(-40.6330709763422,-27.6431696711306,1.51));
#4130=CARTESIAN_POINT('',(-3.6231516881516,-49.0108565348538,6.165));
#4131=CARTESIAN_POINT('',(-3.6231516881516,-49.0108565348538,1.51));
#4132=CARTESIAN_POINT('',(-40.6330709763422,-27.6431696711306,6.165));
#4133=CARTESIAN_POINT('',(-31.3805911542945,-32.9850913870614,6.165));
#4134=CARTESIAN_POINT('',(-40.6330709763422,-27.6431696711306,1.51));
#4135=CARTESIAN_POINT('Origin',(-3.6231516881516,-49.0108565348538,1.51));
#4136=CARTESIAN_POINT('',(3.62315168815158,-49.0108565348538,6.165));
#4137=CARTESIAN_POINT('',(3.62315168815158,-49.0108565348538,1.51));
#4138=CARTESIAN_POINT('',(-1.8115758440758,-49.0108565348538,6.165));
#4139=CARTESIAN_POINT('Origin',(3.62315168815158,-49.0108565348538,1.51));
#4140=CARTESIAN_POINT('',(40.6330709763422,-27.6431696711307,6.165));
#4141=CARTESIAN_POINT('',(40.6330709763422,-27.6431696711307,1.51));
#4142=CARTESIAN_POINT('',(12.8756315101992,-43.668934818923,6.165));
#4143=CARTESIAN_POINT('Origin',(40.6330709763422,-27.6431696711307,1.51));
#4144=CARTESIAN_POINT('',(44.2562226644937,-21.3676868637232,6.165));
#4145=CARTESIAN_POINT('',(44.2562226644937,-21.3676868637232,1.51));
#4146=CARTESIAN_POINT('',(41.5388588983801,-26.0742989692788,6.165));
#4147=CARTESIAN_POINT('Origin',(44.2562226644937,-21.3676868637232,1.51));
#4148=CARTESIAN_POINT('',(44.2562226644938,21.3676868637232,6.165));
#4149=CARTESIAN_POINT('',(44.2562226644938,21.3676868637232,1.51));
#4150=CARTESIAN_POINT('',(44.2562226644937,-10.6838434318616,6.165));
#4151=CARTESIAN_POINT('Origin',(44.2562226644938,21.3676868637232,1.51));
#4152=CARTESIAN_POINT('',(40.6330709763422,27.6431696711306,6.165));
#4153=CARTESIAN_POINT('',(40.6330709763422,27.6431696711306,1.51));
#4154=CARTESIAN_POINT('',(43.3504347424559,22.936557565575,6.165));
#4155=CARTESIAN_POINT('Origin',(0.,0.,1.51));
#4156=CARTESIAN_POINT('',(-7.96556256828927,-15.476755377906,1.51));
#4157=CARTESIAN_POINT('',(7.4265606898061,-5.22864180063263,1.51));
#4158=CARTESIAN_POINT('Origin',(-5.93584807271099,-1.84214561345795,1.51));
#4159=CARTESIAN_POINT('',(-20.5606515957518,-37.2920894993244,1.51));
#4160=CARTESIAN_POINT('',(-7.96556256828927,-15.476755377906,1.51));
#4161=CARTESIAN_POINT('',(-10.0708498293553,-43.3483793728992,1.51));
#4162=CARTESIAN_POINT('',(-39.4032256196265,-26.4133243144149,1.51));
#4163=CARTESIAN_POINT('',(-4.14327117165163,-39.9260902392314,1.51));
#4164=CARTESIAN_POINT('',(-10.0708498293553,-43.3483793728992,1.51));
#4165=CARTESIAN_POINT('',(-0.637205,-34.8001194667644,1.51));
#4166=CARTESIAN_POINT('Origin',(-0.007205,-38.993054,1.51));
#4167=CARTESIAN_POINT('',(-0.637205,-28.0873998588989,1.51));
#4168=CARTESIAN_POINT('',(-0.637205,-38.993054,1.51));
#4169=CARTESIAN_POINT('',(0.622795,-28.0873998588989,1.51));
#4170=CARTESIAN_POINT('',(-0.637205,-28.0873998588989,1.51));
#4171=CARTESIAN_POINT('',(0.622795,-34.8001194667644,1.51));
#4172=CARTESIAN_POINT('',(0.622795,-28.0873998588989,1.51));
#4173=CARTESIAN_POINT('',(4.12886117165164,-39.9260902392313,1.51));
#4174=CARTESIAN_POINT('Origin',(-0.007205,-38.993054,1.51));
#4175=CARTESIAN_POINT('',(10.0636448293553,-43.3525391815888,1.51));
#4176=CARTESIAN_POINT('',(4.12886117165164,-39.9260902392313,1.51));
#4177=CARTESIAN_POINT('',(20.9243806224155,-37.0820904478681,1.51));
#4178=CARTESIAN_POINT('',(3.1729970448673,-47.3308565348538,1.51));
#4179=CARTESIAN_POINT('',(12.2569288191647,-22.0696235524833,1.51));
#4180=CARTESIAN_POINT('',(5.23873768135626,-9.91375992456942,1.51));
#4181=CARTESIAN_POINT('',(13.3481208279331,-21.4396235524833,1.51));
#4182=CARTESIAN_POINT('',(12.4387941740805,-21.9646235408665,1.51));
#4183=CARTESIAN_POINT('',(22.0155726311839,-36.4520904478681,1.51));
#4184=CARTESIAN_POINT('',(6.00752118765711,-8.72533201750342,1.51));
#4185=CARTESIAN_POINT('',(32.9161755433768,-30.1586244221842,1.51));
#4186=CARTESIAN_POINT('',(3.1729970448673,-47.3308565348538,1.51));
#4187=CARTESIAN_POINT('',(32.9161755433769,-19.4893506681521,1.51));
#4188=CARTESIAN_POINT('',(32.9161755433769,-19.4893506681521,1.51));
#4189=CARTESIAN_POINT('',(8.56359461797735,-5.42938151541058,1.51));
#4190=CARTESIAN_POINT('',(8.56359461797735,-5.42938151541058,1.51));
#4191=CARTESIAN_POINT('Origin',(9.65006157950398,4.04518156567979,1.51));
#4192=CARTESIAN_POINT('',(-42.5762226644938,-20.9175322204389,1.51));
#4193=CARTESIAN_POINT('',(-42.5762226644937,-14.8818548604442,1.51));
#4194=CARTESIAN_POINT('',(-42.5762226644937,20.9175322204389,1.51));
#4195=CARTESIAN_POINT('',(-39.4032256196265,-26.4133243144149,1.51));
#4196=CARTESIAN_POINT('',(-42.5762226644938,-20.9175322204389,1.51));
#4197=CARTESIAN_POINT('',(-34.1761755433769,-29.4311630830053,1.51));
#4198=CARTESIAN_POINT('',(-39.4032256196265,-26.4133243144149,1.51));
#4199=CARTESIAN_POINT('',(-34.1761755433769,-23.5051270189214,1.51));
#4200=CARTESIAN_POINT('',(-34.1761755433769,-20.7015721070216,1.51));
#4201=CARTESIAN_POINT('',(-37.4441247358092,-17.8448729810778,1.51));
#4202=CARTESIAN_POINT('',(-37.4441247358092,-17.8448729810778,1.51));
#4203=CARTESIAN_POINT('',(-34.5961761255569,-19.4891368778452,1.51));
#4204=CARTESIAN_POINT('',(-42.5762226644937,-0.419999956806577,1.51));
#4205=CARTESIAN_POINT('',(-19.9955833446634,-0.419999956806576,1.51));
#4206=CARTESIAN_POINT('',(-19.9955833446634,-0.419999956806576,1.51));
#4207=CARTESIAN_POINT('',(-42.5762226644937,-13.4269321820863,1.51));
#4208=CARTESIAN_POINT('',(-42.5762226644937,20.9175322204389,1.51));
#4209=CARTESIAN_POINT('',(-33.3361761255569,-18.7616755386662,1.51));
#4210=CARTESIAN_POINT('',(-42.5762226644937,-13.4269321820863,1.51));
#4211=CARTESIAN_POINT('',(-17.3690586500083,-9.54305596597589,1.51));
#4212=CARTESIAN_POINT('',(-17.3690586500083,-9.54305596597589,1.51));
#4213=CARTESIAN_POINT('',(-19.1012720743066,-5.92796685533243,1.51));
#4214=CARTESIAN_POINT('Origin',(-5.93584807271099,-1.84214561345795,1.51));
#4215=CARTESIAN_POINT('Origin',(0.000129850672473471,5.44317300206672E-5,
1.51));
#4216=CARTESIAN_POINT('',(15.2171740281937,6.37865090298077,1.51));
#4217=CARTESIAN_POINT('',(8.2426373560121,-1.82492128702209,1.51));
#4218=CARTESIAN_POINT('Origin',(9.65015897644756,4.0450298708606,1.51));
#4219=CARTESIAN_POINT('',(-15.7586120953693,-4.89079601519169,1.51));
#4220=CARTESIAN_POINT('Origin',(2.39711498434416E-6,-0.000191517524176974,
1.51));
#4221=CARTESIAN_POINT('',(4.03362437429779,-4.36882925198962,1.51));
#4222=CARTESIAN_POINT('Origin',(-5.93600432466315,-1.84240050014497,1.51));
#4223=CARTESIAN_POINT('Origin',(7.4265606898061,-5.22864180063263,1.51));
#4224=CARTESIAN_POINT('',(17.0310695724218,10.4858583624547,1.51));
#4225=CARTESIAN_POINT('',(10.3616461953331,17.1068943187106,1.51));
#4226=CARTESIAN_POINT('Origin',(0.000129850672473471,5.44317300206672E-5,
1.51));
#4227=CARTESIAN_POINT('',(26.979757725817,16.2297361459011,1.51));
#4228=CARTESIAN_POINT('',(17.0310695724218,10.4858583624547,1.51));
#4229=CARTESIAN_POINT('',(34.4952477270752,29.2469466718561,1.51));
#4230=CARTESIAN_POINT('',(26.9797577258171,16.2297361459011,1.51));
#4231=CARTESIAN_POINT('',(21.6518434488172,36.6620895892196,1.51));
#4232=CARTESIAN_POINT('',(39.4032256196265,26.4133243144149,1.51));
#4233=CARTESIAN_POINT('',(10.3616461953331,17.1068943187106,1.51));
#4234=CARTESIAN_POINT('',(11.0198587882723,-5.39258361697336,1.51));
#4235=CARTESIAN_POINT('',(18.076773635006,-0.420048548178526,1.51));
#4236=CARTESIAN_POINT('Origin',(9.65006157950398,4.04518156567979,1.51));
#4237=CARTESIAN_POINT('',(33.7559906866299,-18.519295488821,1.51));
#4238=CARTESIAN_POINT('',(11.0198587882723,-5.39258361697336,1.51));
#4239=CARTESIAN_POINT('',(42.5762226644937,-13.4269321820864,1.51));
#4240=CARTESIAN_POINT('',(33.7559906866299,-18.519295488821,1.51));
#4241=CARTESIAN_POINT('',(42.5762226644937,-0.420048548178526,1.51));
#4242=CARTESIAN_POINT('',(42.5762226644937,-20.9175322204389,1.51));
#4243=CARTESIAN_POINT('',(18.076773635006,-0.420048548178525,1.51));
#4244=CARTESIAN_POINT('',(20.5606514400488,37.2920895892196,1.51));
#4245=CARTESIAN_POINT('',(9.26383294391306,17.7254259900287,1.51));
#4246=CARTESIAN_POINT('',(9.26383294391306,17.7254259900287,1.51));
#4247=CARTESIAN_POINT('',(16.6174481224234,39.56869908612,1.51));
#4248=CARTESIAN_POINT('',(39.4032256196265,26.4133243144149,1.51));
#4249=CARTESIAN_POINT('',(-16.6174481224234,39.56869908612,1.51));
#4250=CARTESIAN_POINT('',(-16.6174481224234,39.56869908612,1.51));
#4251=CARTESIAN_POINT('',(-20.924379995973,37.0820908095448,1.51));
#4252=CARTESIAN_POINT('',(-3.17299704486726,47.3308565348538,1.51));
#4253=CARTESIAN_POINT('',(-9.63411839811705,17.5267840913144,1.51));
#4254=CARTESIAN_POINT('',(-9.63411839811705,17.5267840913144,1.51));
#4255=CARTESIAN_POINT('Origin',(0.000129850672473471,5.44317300206672E-5,
1.51));
#4256=CARTESIAN_POINT('',(-22.0155720047414,36.4520908095448,1.51));
#4257=CARTESIAN_POINT('',(-10.7186874201087,16.8853127417193,1.51));
#4258=CARTESIAN_POINT('',(-10.7186874201087,16.8853127417193,1.51));
#4259=CARTESIAN_POINT('',(-34.5115906157553,29.2375111006774,1.51));
#4260=CARTESIAN_POINT('',(-3.17299704486726,47.3308565348538,1.51));
#4261=CARTESIAN_POINT('',(-26.8669586551022,15.9966201396614,1.51));
#4262=CARTESIAN_POINT('',(-26.8669586551022,15.9966201396614,1.51));
#4263=CARTESIAN_POINT('',(-17.1067247575765,10.3615464715712,1.51));
#4264=CARTESIAN_POINT('',(-17.1067247575765,10.3615464715712,1.51));
#4265=CARTESIAN_POINT('Origin',(0.000129850672473471,5.44317300206672E-5,
1.51));
#4266=CARTESIAN_POINT('',(-17.7252548778815,9.2637323246733,1.51));
#4267=CARTESIAN_POINT('',(-19.9823495562791,0.840000043193426,1.51));
#4268=CARTESIAN_POINT('Origin',(0.000129850672473471,5.44317300206672E-5,
1.51));
#4269=CARTESIAN_POINT('',(-28.1543964175194,15.285,1.51));
#4270=CARTESIAN_POINT('',(-17.7252548778815,9.2637323246733,1.51));
#4271=CARTESIAN_POINT('',(-42.5762226644937,15.285,1.51));
#4272=CARTESIAN_POINT('',(-28.1543964175194,15.285,1.51));
#4273=CARTESIAN_POINT('',(-42.5762226644937,0.840000043193421,1.51));
#4274=CARTESIAN_POINT('',(-42.5762226644937,20.9175322204389,1.51));
#4275=CARTESIAN_POINT('',(-19.9823495562791,0.840000043193426,1.51));
#4276=CARTESIAN_POINT('',(33.7677860813434,16.526946,1.51));
#4277=CARTESIAN_POINT('',(31.1870302969815,20.9969460004488,1.51));
#4278=CARTESIAN_POINT('Origin',(33.767786,19.506946,1.51));
#4279=CARTESIAN_POINT('',(42.5762226644938,16.526946,1.51));
#4280=CARTESIAN_POINT('',(30.0145402936266,16.526946,1.51));
#4281=CARTESIAN_POINT('',(42.5762226644938,20.9175322204389,1.51));
#4282=CARTESIAN_POINT('',(42.5762226644937,-20.9175322204389,1.51));
#4283=CARTESIAN_POINT('',(39.4032256196265,26.4133243144149,1.51));
#4284=CARTESIAN_POINT('',(42.5762226644938,20.9175322204389,1.51));
#4285=CARTESIAN_POINT('',(35.5864397358436,28.6169466718561,1.51));
#4286=CARTESIAN_POINT('',(39.4032256196265,26.4133243144149,1.51));
#4287=CARTESIAN_POINT('',(29.1621417433538,17.4897361459011,1.51));
#4288=CARTESIAN_POINT('',(-31.2192442968725,21.01500000026,1.51));
#4289=CARTESIAN_POINT('',(-33.8,16.545,1.51));
#4290=CARTESIAN_POINT('Origin',(-33.8,19.525,1.51));
#4291=CARTESIAN_POINT('',(-35.6027826245237,28.6075111006774,1.51));
#4292=CARTESIAN_POINT('',(-29.049342672639,17.2566201396614,1.51));
#4293=CARTESIAN_POINT('',(-39.4032256196264,26.413324314415,1.51));
#4294=CARTESIAN_POINT('',(-3.17299704486726,47.3308565348538,1.51));
#4295=CARTESIAN_POINT('',(-42.5762226644937,20.9175322204389,1.51));
#4296=CARTESIAN_POINT('',(-39.4032256196264,26.413324314415,1.51));
#4297=CARTESIAN_POINT('',(-42.5762226644937,16.545,1.51));
#4298=CARTESIAN_POINT('',(-42.5762226644937,20.9175322204389,1.51));
#4299=CARTESIAN_POINT('',(-30.3367804350562,16.545,1.51));
#4300=CARTESIAN_POINT('',(42.5762226644938,0.839951451821474,1.51));
#4301=CARTESIAN_POINT('',(18.6319464570375,0.839951451821475,1.51));
#4302=CARTESIAN_POINT('',(18.6319464570375,0.839951451821475,1.51));
#4303=CARTESIAN_POINT('',(42.5762226644938,15.266946,1.51));
#4304=CARTESIAN_POINT('',(42.5762226644937,-20.9175322204389,1.51));
#4305=CARTESIAN_POINT('',(27.8321562760898,15.266946,1.51));
#4306=CARTESIAN_POINT('',(27.8321562760898,15.266946,1.51));
#4307=CARTESIAN_POINT('',(17.6575488832272,9.39263368283207,1.51));
#4308=CARTESIAN_POINT('',(17.6575488832272,9.39263368283207,1.51));
#4309=CARTESIAN_POINT('',(18.4452356450462,7.73200529252954,1.51));
#4310=CARTESIAN_POINT('Origin',(0.000129850672473471,5.44317300206672E-5,
1.51));
#4311=CARTESIAN_POINT('Origin',(9.65006157950398,4.04518156567979,1.51));
#4312=CARTESIAN_POINT('',(-16.6128144171106,-10.5613608328971,1.51));
#4313=CARTESIAN_POINT('',(-9.27080951418982,-15.2175094046298,1.51));
#4314=CARTESIAN_POINT('Origin',(-5.93584807271099,-1.84214561345795,1.51));
#4315=CARTESIAN_POINT('',(-32.9161755433769,-19.9741107678426,1.51));
#4316=CARTESIAN_POINT('',(-16.6128144171106,-10.5613608328971,1.51));
#4317=CARTESIAN_POINT('',(-32.9161755433769,-30.1586244221842,1.51));
#4318=CARTESIAN_POINT('',(-32.9161755433769,-30.1586244221842,1.51));
#4319=CARTESIAN_POINT('',(-21.6518436045202,-36.6620894993244,1.51));
#4320=CARTESIAN_POINT('',(-39.4032256196265,-26.4133243144149,1.51));
#4321=CARTESIAN_POINT('',(-9.27080951418982,-15.2175094046298,1.51));
#4322=CARTESIAN_POINT('',(39.4032256196265,-26.4133243144149,1.51));
#4323=CARTESIAN_POINT('',(34.1761755433768,-29.4311630830053,1.51));
#4324=CARTESIAN_POINT('',(3.1729970448673,-47.3308565348538,1.51));
#4325=CARTESIAN_POINT('',(42.5762226644937,-20.9175322204389,1.51));
#4326=CARTESIAN_POINT('',(39.4032256196265,-26.4133243144149,1.51));
#4327=CARTESIAN_POINT('',(42.5762226644937,-14.8818548604442,1.51));
#4328=CARTESIAN_POINT('',(42.5762226644937,-20.9175322204389,1.51));
#4329=CARTESIAN_POINT('',(37.4441247358092,-17.8448729810777,1.51));
#4330=CARTESIAN_POINT('',(35.0159906866299,-19.2467568279999,1.51));
#4331=CARTESIAN_POINT('',(34.1761755433769,-23.5051270189214,1.51));
#4332=CARTESIAN_POINT('',(34.1761755433769,-23.5051270189214,1.51));
#4333=CARTESIAN_POINT('',(34.1761755433768,-29.4311630830053,1.51));
#4334=CARTESIAN_POINT('',(14.4350641048867,40.82869908612,1.51));
#4335=CARTESIAN_POINT('',(-14.4350641048866,40.82869908612,1.51));
#4336=CARTESIAN_POINT('',(-14.4350641048866,40.82869908612,1.51));
#4337=CARTESIAN_POINT('',(3.17299704486733,47.3308565348538,1.51));
#4338=CARTESIAN_POINT('',(39.4032256196265,26.4133243144149,1.51));
#4339=CARTESIAN_POINT('',(-3.17299704486726,47.3308565348538,1.51));
#4340=CARTESIAN_POINT('',(3.17299704486733,47.3308565348538,1.51));
#4341=CARTESIAN_POINT('',(-3.17299704486726,47.3308565348538,1.51));
#4342=CARTESIAN_POINT('',(-2.58796070327763,-40.483054,1.51));
#4343=CARTESIAN_POINT('',(2.57355070327763,-40.483054,1.51));
#4344=CARTESIAN_POINT('Origin',(-0.007205,-38.993054,1.51));
#4345=CARTESIAN_POINT('',(-8.81084982935535,-44.0758407120782,1.51));
#4346=CARTESIAN_POINT('',(-0.007205,-38.993054,1.51));
#4347=CARTESIAN_POINT('',(-3.17299704486732,-47.3308565348538,1.51));
#4348=CARTESIAN_POINT('',(-39.4032256196265,-26.4133243144149,1.51));
#4349=CARTESIAN_POINT('',(3.1729970448673,-47.3308565348538,1.51));
#4350=CARTESIAN_POINT('',(-3.17299704486732,-47.3308565348538,1.51));
#4351=CARTESIAN_POINT('',(8.80364482935533,-44.0800005207677,1.51));
#4352=CARTESIAN_POINT('',(3.1729970448673,-47.3308565348538,1.51));
#4353=CARTESIAN_POINT('',(-0.007205,-38.993054,1.51));
#4354=CARTESIAN_POINT('Origin',(-31.1305911542945,-32.5520786851692,6.665));
#4355=CARTESIAN_POINT('',(-3.35520249572049,-48.0108565348538,7.165));
#4356=CARTESIAN_POINT('',(-39.9010201687733,-26.9111188635618,7.165));
#4357=CARTESIAN_POINT('',(-30.8805911542945,-32.119065983277,7.165));
#4358=CARTESIAN_POINT('',(-39.9010201687733,-26.9111188635618,7.165));
#4359=CARTESIAN_POINT('',(-3.35520249572049,-48.0108565348538,7.165));
#4360=CARTESIAN_POINT('Origin',(-42.9174220405637,-22.686557565575,6.665));
#4361=CARTESIAN_POINT('',(-43.2562226644938,-21.099737671292,7.165));
#4362=CARTESIAN_POINT('',(-42.4844093386715,-22.436557565575,7.165));
#4363=CARTESIAN_POINT('',(-44.2562226644938,-21.3676868637231,6.165));
#4364=CARTESIAN_POINT('',(-43.2562226644938,-21.099737671292,7.165));
#4365=CARTESIAN_POINT('',(-43.3504347424559,-22.936557565575,6.165));
#4366=CARTESIAN_POINT('Origin',(-43.7562226644937,10.6838434318616,6.665));
#4367=CARTESIAN_POINT('',(-43.2562226644937,21.0997376712921,7.165));
#4368=CARTESIAN_POINT('',(-43.2562226644937,10.6838434318616,7.165));
#4369=CARTESIAN_POINT('',(-44.2562226644937,21.3676868637232,6.165));
#4370=CARTESIAN_POINT('',(-43.2562226644937,21.0997376712921,7.165));
#4371=CARTESIAN_POINT('',(-44.2562226644937,10.6838434318616,6.165));
#4372=CARTESIAN_POINT('Origin',(-41.1058461964878,25.8242989692788,6.665));
#4373=CARTESIAN_POINT('',(-39.9010201687733,26.9111188635618,7.165));
#4374=CARTESIAN_POINT('',(-40.6728334945956,25.5742989692788,7.165));
#4375=CARTESIAN_POINT('',(-40.6330709763421,27.6431696711307,6.165));
#4376=CARTESIAN_POINT('',(-39.9010201687733,26.9111188635618,7.165));
#4377=CARTESIAN_POINT('',(-41.53885889838,26.0742989692788,6.165));
#4378=CARTESIAN_POINT('Origin',(-12.6256315101992,43.2359221170308,6.665));
#4379=CARTESIAN_POINT('',(-3.35520249572042,48.0108565348538,7.165));
#4380=CARTESIAN_POINT('',(-12.3756315101992,42.8029094151386,7.165));
#4381=CARTESIAN_POINT('',(-3.62315168815154,49.0108565348538,6.165));
#4382=CARTESIAN_POINT('',(-3.35520249572042,48.0108565348538,7.165));
#4383=CARTESIAN_POINT('',(-12.8756315101992,43.668934818923,6.165));
#4384=CARTESIAN_POINT('Origin',(1.81157584407581,48.5108565348538,6.665));
#4385=CARTESIAN_POINT('',(3.35520249572049,48.0108565348538,7.165));
#4386=CARTESIAN_POINT('',(1.81157584407581,48.0108565348538,7.165));
#4387=CARTESIAN_POINT('',(3.62315168815162,49.0108565348538,6.165));
#4388=CARTESIAN_POINT('',(3.35520249572049,48.0108565348538,7.165));
#4389=CARTESIAN_POINT('',(1.81157584407581,49.0108565348538,6.165));
#4390=CARTESIAN_POINT('Origin',(31.1305911542946,32.5520786851692,6.665));
#4391=CARTESIAN_POINT('',(39.9010201687733,26.9111188635617,7.165));
#4392=CARTESIAN_POINT('',(30.8805911542946,32.119065983277,7.165));
#4393=CARTESIAN_POINT('',(39.9010201687733,26.9111188635617,7.165));
#4394=CARTESIAN_POINT('',(31.3805911542946,32.9850913870614,6.165));
#4395=CARTESIAN_POINT('Origin',(42.9174220405637,22.686557565575,6.665));
#4396=CARTESIAN_POINT('',(43.2562226644938,21.099737671292,7.165));
#4397=CARTESIAN_POINT('',(42.4844093386714,22.436557565575,7.165));
#4398=CARTESIAN_POINT('',(43.2562226644938,21.099737671292,7.165));
#4399=CARTESIAN_POINT('Origin',(43.7562226644938,-10.6838434318616,6.665));
#4400=CARTESIAN_POINT('',(43.2562226644938,-21.0997376712921,7.165));
#4401=CARTESIAN_POINT('',(43.2562226644938,-10.6838434318616,7.165));
#4402=CARTESIAN_POINT('',(43.2562226644938,-21.0997376712921,7.165));
#4403=CARTESIAN_POINT('Origin',(41.1058461964879,-25.8242989692788,6.665));
#4404=CARTESIAN_POINT('',(39.9010201687733,-26.9111188635618,7.165));
#4405=CARTESIAN_POINT('',(40.6728334945957,-25.5742989692788,7.165));
#4406=CARTESIAN_POINT('',(39.9010201687733,-26.9111188635618,7.165));
#4407=CARTESIAN_POINT('Origin',(12.6256315101992,-43.2359221170308,6.665));
#4408=CARTESIAN_POINT('',(3.35520249572046,-48.0108565348538,7.165));
#4409=CARTESIAN_POINT('',(12.3756315101992,-42.8029094151386,7.165));
#4410=CARTESIAN_POINT('',(3.35520249572046,-48.0108565348538,7.165));
#4411=CARTESIAN_POINT('Origin',(-1.8115758440758,-48.5108565348538,6.665));
#4412=CARTESIAN_POINT('',(-1.8115758440758,-48.0108565348538,7.165));
#4413=CARTESIAN_POINT('Origin',(4.44089209850063E-15,4.44089209850063E-15,
7.165));
#4414=CARTESIAN_POINT('',(-3.17299704486732,-47.3308565348538,7.165));
#4415=CARTESIAN_POINT('',(-39.4032256196265,-26.4133243144149,7.165));
#4416=CARTESIAN_POINT('',(-12.2305541885571,-42.1014734797441,7.165));
#4417=CARTESIAN_POINT('',(-42.5762226644938,-20.9175322204389,7.165));
#4418=CARTESIAN_POINT('',(-40.1964748808433,-25.0393762909209,7.165));
#4419=CARTESIAN_POINT('',(-42.5762226644937,20.9175322204389,7.165));
#4420=CARTESIAN_POINT('',(-42.5762226644938,-10.4587661102194,7.165));
#4421=CARTESIAN_POINT('',(-39.4032256196264,26.413324314415,7.165));
#4422=CARTESIAN_POINT('',(-41.7829734032769,22.2914802439329,7.165));
#4423=CARTESIAN_POINT('',(-3.17299704486726,47.3308565348538,7.165));
#4424=CARTESIAN_POINT('',(-30.3456684759366,31.6427073695247,7.165));
#4425=CARTESIAN_POINT('',(3.17299704486733,47.3308565348538,7.165));
#4426=CARTESIAN_POINT('',(-1.58649852243363,47.3308565348538,7.165));
#4427=CARTESIAN_POINT('',(39.4032256196265,26.4133243144149,7.165));
#4428=CARTESIAN_POINT('',(12.2305541885571,42.1014734797441,7.165));
#4429=CARTESIAN_POINT('',(42.5762226644938,20.9175322204389,7.165));
#4430=CARTESIAN_POINT('',(40.1964748808433,25.0393762909209,7.165));
#4431=CARTESIAN_POINT('',(42.5762226644937,-20.9175322204389,7.165));
#4432=CARTESIAN_POINT('',(42.5762226644938,10.4587661102194,7.165));
#4433=CARTESIAN_POINT('',(39.4032256196265,-26.4133243144149,7.165));
#4434=CARTESIAN_POINT('',(41.7829734032769,-22.2914802439329,7.165));
#4435=CARTESIAN_POINT('',(3.1729970448673,-47.3308565348538,7.165));
#4436=CARTESIAN_POINT('',(30.3456684759367,-31.6427073695247,7.165));
#4437=CARTESIAN_POINT('',(1.58649852243365,-47.3308565348538,7.165));
#4438=CARTESIAN_POINT('Origin',(12.2569288191647,-22.0696235524833,1.51));
#4439=CARTESIAN_POINT('',(12.2569288191647,-22.0696235524833,2.51));
#4440=CARTESIAN_POINT('',(12.2569288191647,-22.0696235524833,1.51));
#4441=CARTESIAN_POINT('',(13.3481208279331,-21.4396235524833,2.51));
#4442=CARTESIAN_POINT('',(12.2569288191647,-22.0696235524833,2.51));
#4443=CARTESIAN_POINT('',(13.3481208279331,-21.4396235524833,1.51));
#4444=CARTESIAN_POINT('Origin',(9.2934292546447,-15.3974777849934,2.51));
#4445=CARTESIAN_POINT('',(5.23873768135626,-9.91375992456942,2.51));
#4446=CARTESIAN_POINT('',(6.93283387159572,-12.848020598973,2.51));
#4447=CARTESIAN_POINT('',(6.00752118765711,-8.72533201750342,2.51));
#4448=CARTESIAN_POINT('Origin',(-5.93584807271099,-1.84214561345795,2.51));
#4449=CARTESIAN_POINT('',(15.8668473508937,-25.8021858606224,2.51));
#4450=CARTESIAN_POINT('Origin',(5.23873768135626,-9.91375992456942,1.51));
#4451=CARTESIAN_POINT('',(20.9243806224155,-37.0820904478681,5.565));
#4452=CARTESIAN_POINT('',(20.9243806224155,-37.0820904478681,1.51));
#4453=CARTESIAN_POINT('',(13.1569288191647,-23.6284692792953,5.565));
#4454=CARTESIAN_POINT('',(5.94659905466667,-11.1398117878585,5.565));
#4455=CARTESIAN_POINT('',(12.2569288191647,-22.0696235524833,3.765));
#4456=CARTESIAN_POINT('',(10.4455060347126,-18.9321472558244,0.142154431095757));
#4457=CARTESIAN_POINT('',(5.23873768135626,-9.91375992456942,3.765));
#4458=CARTESIAN_POINT('',(5.23873768135626,-9.91375992456942,3.765));
#4459=CARTESIAN_POINT('',(5.23873768135626,-9.91375992456942,1.51));
#4460=CARTESIAN_POINT('Origin',(4.44089209850063E-15,4.44089209850063E-15,
5.565));
#4461=CARTESIAN_POINT('',(-21.6518436045202,-36.6620894993244,5.565));
#4462=CARTESIAN_POINT('',(-20.5606515957518,-37.2920894993244,5.565));
#4463=CARTESIAN_POINT('',(-12.2305541885571,-42.1014734797441,5.565));
#4464=CARTESIAN_POINT('',(-10.7444582866885,-20.2899439511091,5.565));
#4465=CARTESIAN_POINT('',(-9.91659592962839,-18.8560442870072,5.565));
#4466=CARTESIAN_POINT('',(-11.8392039701628,-19.6660990962533,5.565));
#4467=CARTESIAN_POINT('Ctrl Pts',(-11.8392039701659,-19.6660990962515,5.565));
#4468=CARTESIAN_POINT('Ctrl Pts',(-11.6565182097349,-19.7769954942216,5.565));
#4469=CARTESIAN_POINT('Ctrl Pts',(-11.4722827227608,-19.8853199378103,5.565));
#4470=CARTESIAN_POINT('Ctrl Pts',(-11.1072132931469,-20.0931222992915,5.565));
#4471=CARTESIAN_POINT('Ctrl Pts',(-10.9264987312829,-20.1927659912021,5.565));
#4472=CARTESIAN_POINT('Ctrl Pts',(-10.7444582866832,-20.2899439511121,5.565));
#4473=CARTESIAN_POINT('',(-5.65135011904116,-8.94842183629981,5.565));
#4474=CARTESIAN_POINT('Origin',(4.44089209850063E-15,4.44089209850063E-15,
5.565));
#4475=CARTESIAN_POINT('',(8.80364482935533,-44.0800005207677,5.565));
#4476=CARTESIAN_POINT('',(10.0636448293553,-43.3525391815888,5.565));
#4477=CARTESIAN_POINT('',(30.3456684759367,-31.6427073695247,5.565));
#4478=CARTESIAN_POINT('',(4.12886117165164,-39.9260902392313,5.565));
#4479=CARTESIAN_POINT('',(-3.09632204410695,-35.7546287646687,5.565));
#4480=CARTESIAN_POINT('',(0.622795,-34.8001194667644,5.565));
#4481=CARTESIAN_POINT('Origin',(-0.007205,-38.993054,5.565));
#4482=CARTESIAN_POINT('',(0.622795,-29.8873998588989,5.565));
#4483=CARTESIAN_POINT('',(0.622795,-17.4000597333822,5.565));
#4484=CARTESIAN_POINT('',(-0.637205,-29.8873998588989,5.565));
#4485=CARTESIAN_POINT('',(0.311397500000002,-29.8873998588989,5.565));
#4486=CARTESIAN_POINT('',(-0.637205,-34.8001194667644,5.565));
#4487=CARTESIAN_POINT('',(-0.637205,-14.0436999294495,5.565));
#4488=CARTESIAN_POINT('',(-4.14327117165163,-39.9260902392314,5.565));
#4489=CARTESIAN_POINT('Origin',(-0.007205,-38.993054,5.565));
#4490=CARTESIAN_POINT('',(-10.0708498293553,-43.3483793728992,5.565));
#4491=CARTESIAN_POINT('',(6.05470762295878,-34.038284436973,5.565));
#4492=CARTESIAN_POINT('',(-8.81084982935535,-44.0758407120782,5.565));
#4493=CARTESIAN_POINT('',(-12.2305541885571,-42.1014734797441,5.565));
#4494=CARTESIAN_POINT('',(-2.58796070327763,-40.483054,5.565));
#4495=CARTESIAN_POINT('',(4.03591829410693,-36.6587556777805,5.565));
#4496=CARTESIAN_POINT('',(2.57355070327763,-40.483054,5.565));
#4497=CARTESIAN_POINT('Origin',(-0.007205,-38.993054,5.565));
#4498=CARTESIAN_POINT('',(-7.15636910714579,-34.8654821782586,5.565));
#4499=CARTESIAN_POINT('Origin',(4.44089209850063E-15,4.44089209850063E-15,
5.565));
#4500=CARTESIAN_POINT('',(-42.5762226644937,-13.4269321820863,5.565));
#4501=CARTESIAN_POINT('',(-42.5762226644937,-14.8818548604442,5.565));
#4502=CARTESIAN_POINT('',(-42.5762226644938,-10.4587661102194,5.565));
#4503=CARTESIAN_POINT('',(-37.4441247358092,-17.8448729810778,5.565));
#4504=CARTESIAN_POINT('',(-29.832155256453,-22.2396456090473,5.565));
#4505=CARTESIAN_POINT('',(-34.1761755433769,-23.5051270189214,5.565));
#4506=CARTESIAN_POINT('',(-36.6271374760605,-19.2599364240983,5.565));
#4507=CARTESIAN_POINT('',(-34.1761755433769,-29.4311630830053,5.565));
#4508=CARTESIAN_POINT('',(-34.1761755433768,-11.7525635094607,5.565));
#4509=CARTESIAN_POINT('',(-32.9161755433769,-30.1586244221842,5.565));
#4510=CARTESIAN_POINT('',(-12.2305541885571,-42.1014734797441,5.565));
#4511=CARTESIAN_POINT('',(-32.9161755433769,-19.9741107678426,5.565));
#4512=CARTESIAN_POINT('',(-32.9161755433769,-15.0793122110921,5.565));
#4513=CARTESIAN_POINT('',(-19.399944825443,-12.1705113244145,5.565));
#4514=CARTESIAN_POINT('',(-16.2480878788715,-10.3507858678642,5.565));
#4515=CARTESIAN_POINT('',(-20.0332286802556,-11.0812152501061,5.565));
#4516=CARTESIAN_POINT('Ctrl Pts',(-20.0332286802576,-11.0812152501022,5.565));
#4517=CARTESIAN_POINT('Ctrl Pts',(-19.9317821230355,-11.267358516211,5.565));
#4518=CARTESIAN_POINT('Ctrl Pts',(-19.8277456151589,-11.4520794172527,5.565));
#4519=CARTESIAN_POINT('Ctrl Pts',(-19.6165262555136,-11.8151770427192,5.565));
#4520=CARTESIAN_POINT('Ctrl Pts',(-19.50944801365,-11.9935894626414,5.565));
#4521=CARTESIAN_POINT('Ctrl Pts',(-19.3999448254401,-12.170511324419,5.565));
#4522=CARTESIAN_POINT('',(-33.3361761255569,-18.7616755386662,5.565));
#4523=CARTESIAN_POINT('',(-9.34193528794891,-4.90859413207254,5.565));
#4524=CARTESIAN_POINT('',(-24.8971319869846,-23.6339599437741,5.565));
#4525=CARTESIAN_POINT('Origin',(4.44089209850063E-15,4.44089209850063E-15,
5.565));
#4526=CARTESIAN_POINT('',(22.0155726311839,-36.4520904478681,5.565));
#4527=CARTESIAN_POINT('',(30.3456684759367,-31.6427073695247,5.565));
#4528=CARTESIAN_POINT('',(14.2481208279331,-22.9984692792953,5.565));
#4529=CARTESIAN_POINT('',(11.3715169650604,-18.0160452355509,5.565));
#4530=CARTESIAN_POINT('',(13.8843901784647,-23.2084692676785,5.565));
#4531=CARTESIAN_POINT('Origin',(4.44089209850063E-15,4.44089209850063E-15,
5.565));
#4532=CARTESIAN_POINT('',(-42.5762226644937,0.840000043193418,5.565));
#4533=CARTESIAN_POINT('',(-42.5762226644937,-0.419999956806576,5.565));
#4534=CARTESIAN_POINT('',(-42.5762226644938,-10.4587661102194,5.565));
#4535=CARTESIAN_POINT('',(-22.8135631946792,-0.419999956806576,5.565));
#4536=CARTESIAN_POINT('',(-21.2881113322469,-0.419999956806576,5.565));
#4537=CARTESIAN_POINT('',(-22.7928984625006,0.840000043193428,5.565));
#4538=CARTESIAN_POINT('Ctrl Pts',(-22.7928984624997,0.8400000432034,5.565));
#4539=CARTESIAN_POINT('Ctrl Pts',(-22.8016719282009,0.64082923657538,5.565));
#4540=CARTESIAN_POINT('Ctrl Pts',(-22.8078342894774,0.44155074861847,5.565));
#4541=CARTESIAN_POINT('Ctrl Pts',(-22.8153141836312,0.021499087489504,5.565));
#4542=CARTESIAN_POINT('Ctrl Pts',(-22.8160406936256,-0.199262793277382,
5.565));
#4543=CARTESIAN_POINT('Ctrl Pts',(-22.8135631946792,-0.419999956807551,
5.565));
#4544=CARTESIAN_POINT('',(-10.4955015940364,0.840000043193429,5.565));
#4545=CARTESIAN_POINT('Origin',(4.44089209850063E-15,4.44089209850063E-15,
5.565));
#4546=CARTESIAN_POINT('',(42.5762226644937,-14.8818548604442,5.565));
#4547=CARTESIAN_POINT('',(42.5762226644937,-13.4269321820864,5.565));
#4548=CARTESIAN_POINT('',(42.5762226644938,10.4587661102194,5.565));
#4549=CARTESIAN_POINT('',(33.7559906866299,-18.519295488821,5.565));
#4550=CARTESIAN_POINT('',(29.517155256453,-20.9665882654842,5.565));
#4551=CARTESIAN_POINT('',(20.2308371745767,-10.710544467806,5.565));
#4552=CARTESIAN_POINT('',(17.0879490907663,-8.89599718658524,5.565));
#4553=CARTESIAN_POINT('',(19.6176426164062,-11.8114391029385,5.565));
#4554=CARTESIAN_POINT('Ctrl Pts',(19.6176426164056,-11.8114391029394,5.565));
#4555=CARTESIAN_POINT('Ctrl Pts',(19.7300118609125,-11.6221895483006,5.565));
#4556=CARTESIAN_POINT('Ctrl Pts',(19.8396368089252,-11.4313234247425,5.565));
#4557=CARTESIAN_POINT('Ctrl Pts',(20.0435802812851,-11.0640349811913,5.565));
#4558=CARTESIAN_POINT('Ctrl Pts',(20.138373179571,-10.88790100846,5.565));
#4559=CARTESIAN_POINT('Ctrl Pts',(20.2308371745813,-10.7105444677967,5.565));
#4560=CARTESIAN_POINT('',(32.9161755433769,-19.4893506681521,5.565));
#4561=CARTESIAN_POINT('',(8.9242889920784,-5.63762850939301,5.565));
#4562=CARTESIAN_POINT('',(32.9161755433768,-30.1586244221842,5.565));
#4563=CARTESIAN_POINT('',(32.9161755433769,-9.7446753340761,5.565));
#4564=CARTESIAN_POINT('',(34.1761755433768,-29.4311630830053,5.565));
#4565=CARTESIAN_POINT('',(30.3456684759367,-31.6427073695247,5.565));
#4566=CARTESIAN_POINT('',(34.1761755433769,-23.5051270189214,5.565));
#4567=CARTESIAN_POINT('',(34.1761755433769,-14.7155815415027,5.565));
#4568=CARTESIAN_POINT('',(37.4441247358092,-17.8448729810777,5.565));
#4569=CARTESIAN_POINT('',(34.9931628798443,-22.0900634430202,5.565));
#4570=CARTESIAN_POINT('',(27.2661062921107,-23.721154669364,5.565));
#4571=CARTESIAN_POINT('Origin',(4.44089209850063E-15,4.44089209850063E-15,
5.565));
#4572=CARTESIAN_POINT('',(-34.5115906157553,29.2375111006774,5.565));
#4573=CARTESIAN_POINT('',(-35.6027826245237,28.6075111006774,5.565));
#4574=CARTESIAN_POINT('',(-30.3456684759366,31.6427073695247,5.565));
#4575=CARTESIAN_POINT('',(-31.2192442968725,21.01500000026,5.565));
#4576=CARTESIAN_POINT('',(-24.9587269584002,10.1714658883602,5.565));
#4577=CARTESIAN_POINT('',(-33.8,16.545,5.565));
#4578=CARTESIAN_POINT('Origin',(-33.8,19.525,5.565));
#4579=CARTESIAN_POINT('',(-42.5762226644937,16.545,5.565));
#4580=CARTESIAN_POINT('',(-16.9,16.545,5.565));
#4581=CARTESIAN_POINT('',(-42.5762226644937,15.285,5.565));
#4582=CARTESIAN_POINT('',(-42.5762226644938,-10.4587661102194,5.565));
#4583=CARTESIAN_POINT('',(-28.1543964175194,15.285,5.565));
#4584=CARTESIAN_POINT('',(-21.2881113322469,15.285,5.565));
#4585=CARTESIAN_POINT('',(-23.7886582748614,12.7644399081249,5.565));
#4586=CARTESIAN_POINT('',(-14.2871981867384,7.27876936855263,5.565));
#4587=CARTESIAN_POINT('',(-23.1586582748614,13.8556319168933,5.565));
#4588=CARTESIAN_POINT('',(-23.5786582968827,13.1281705395723,5.565));
#4589=CARTESIAN_POINT('',(-26.8669586551022,15.9966201396614,5.565));
#4590=CARTESIAN_POINT('',(-10.6949062520033,6.65968133138349,5.565));
#4591=CARTESIAN_POINT('',(-20.0452189693053,4.18102040785218,5.565));
#4592=CARTESIAN_POINT('Origin',(4.44089209850063E-15,4.44089209850063E-15,
5.565));
#4593=CARTESIAN_POINT('',(42.5762226644937,-0.420048548178524,5.565));
#4594=CARTESIAN_POINT('',(42.5762226644938,0.83995145182147,5.565));
#4595=CARTESIAN_POINT('',(42.5762226644938,10.4587661102194,5.565));
#4596=CARTESIAN_POINT('',(22.7929006028966,0.839951451821477,5.565));
#4597=CARTESIAN_POINT('',(21.2881113322469,0.839951451821475,5.565));
#4598=CARTESIAN_POINT('',(22.81356264925,-0.420048548178525,5.565));
#4599=CARTESIAN_POINT('Ctrl Pts',(22.8135626492499,-0.420048548179505,5.565));
#4600=CARTESIAN_POINT('Ctrl Pts',(22.8160406026972,-0.199312787094137,5.565));
#4601=CARTESIAN_POINT('Ctrl Pts',(22.8153145878178,0.0214476978863059,5.565));
#4602=CARTESIAN_POINT('Ctrl Pts',(22.8078356658366,0.441499361649819,5.565));
#4603=CARTESIAN_POINT('Ctrl Pts',(22.8016737048033,0.640779245308868,5.565));
#4604=CARTESIAN_POINT('Ctrl Pts',(22.7929006028957,0.839951451831453,5.565));
#4605=CARTESIAN_POINT('',(10.5067197592148,-0.420048548178525,5.565));
#4606=CARTESIAN_POINT('Origin',(4.44089209850063E-15,4.44089209850063E-15,
5.565));
#4607=CARTESIAN_POINT('',(-20.924379995973,37.0820908095448,5.565));
#4608=CARTESIAN_POINT('',(-22.0155720047414,36.4520908095448,5.565));
#4609=CARTESIAN_POINT('',(-30.3456684759366,31.6427073695247,5.565));
#4610=CARTESIAN_POINT('',(-17.2671421454327,28.2275690370449,5.565));
#4611=CARTESIAN_POINT('',(-11.371516338618,18.0160455972276,5.565));
#4612=CARTESIAN_POINT('',(-16.1792616300527,28.8633047118425,5.565));
#4613=CARTESIAN_POINT('',(-16.9836701791004,28.3932244001612,5.565));
#4614=CARTESIAN_POINT('',(-7.45775893038562,13.75721891767,5.565));
#4615=CARTESIAN_POINT('Origin',(4.44089209850063E-15,4.44089209850063E-15,
5.565));
#4616=CARTESIAN_POINT('',(35.5864397358436,28.6169466718561,5.565));
#4617=CARTESIAN_POINT('',(34.4952477270752,29.2469466718561,5.565));
#4618=CARTESIAN_POINT('',(12.2305541885571,42.1014734797441,5.565));
#4619=CARTESIAN_POINT('',(26.979757725817,16.2297361459011,5.565));
#4620=CARTESIAN_POINT('',(23.8511920609518,10.8109014595389,5.565));
#4621=CARTESIAN_POINT('',(19.3949533432984,11.8506472939033,5.565));
#4622=CARTESIAN_POINT('',(13.3485076288684,8.35973023303668,5.565));
#4623=CARTESIAN_POINT('',(20.0286906445596,10.7616130170241,5.565));
#4624=CARTESIAN_POINT('Ctrl Pts',(20.0286906445616,10.7616130170204,5.565));
#4625=CARTESIAN_POINT('Ctrl Pts',(19.9270368597141,10.9479522164937,5.565));
#4626=CARTESIAN_POINT('Ctrl Pts',(19.8227870981806,11.1328643070401,5.565));
#4627=CARTESIAN_POINT('Ctrl Pts',(19.6114036578907,11.495867084072,5.565));
#4628=CARTESIAN_POINT('Ctrl Pts',(19.5043875056139,11.6740010435738,5.565));
#4629=CARTESIAN_POINT('Ctrl Pts',(19.3949533432954,11.8506472939079,5.565));
#4630=CARTESIAN_POINT('',(27.8321562760898,15.266946,5.565));
#4631=CARTESIAN_POINT('',(9.40830351319385,4.62992964783204,5.565));
#4632=CARTESIAN_POINT('',(42.5762226644938,15.266946,5.565));
#4633=CARTESIAN_POINT('',(13.9160781380449,15.266946,5.565));
#4634=CARTESIAN_POINT('',(42.5762226644938,16.526946,5.565));
#4635=CARTESIAN_POINT('',(42.5762226644938,10.4587661102194,5.565));
#4636=CARTESIAN_POINT('',(33.7677860813434,16.526946,5.565));
#4637=CARTESIAN_POINT('',(21.2881113322469,16.526946,5.565));
#4638=CARTESIAN_POINT('',(31.1870302969815,20.9969460004488,5.565));
#4639=CARTESIAN_POINT('Origin',(33.767786,19.506946,5.565));
#4640=CARTESIAN_POINT('',(22.7426793502891,6.37090112383526,5.565));
#4641=CARTESIAN_POINT('Origin',(4.44089209850063E-15,4.44089209850063E-15,
5.565));
#4642=CARTESIAN_POINT('',(21.6518434488172,36.6620895892196,5.565));
#4643=CARTESIAN_POINT('',(20.5606514400488,37.2920895892196,5.565));
#4644=CARTESIAN_POINT('',(12.2305541885571,42.1014734797441,5.565));
#4645=CARTESIAN_POINT('',(14.4000000000005,26.6215282873336,5.565));
#4646=CARTESIAN_POINT('',(9.91659577392534,18.8560443769024,5.565));
#4647=CARTESIAN_POINT('',(15.4911920087689,25.9915282873336,5.565));
#4648=CARTESIAN_POINT('',(14.7637299460996,26.411528705041,5.565));
#4649=CARTESIAN_POINT('',(7.47746206266958,12.1113408625534,5.565));
#4650=CARTESIAN_POINT('Origin',(4.44089209850063E-15,4.44089209850063E-15,
5.565));
#4651=CARTESIAN_POINT('',(16.6174481224234,39.56869908612,5.565));
#4652=CARTESIAN_POINT('',(14.4350641048867,40.82869908612,5.565));
#4653=CARTESIAN_POINT('',(12.2305541885571,42.1014734797441,5.565));
#4654=CARTESIAN_POINT('',(-14.4350641048866,40.82869908612,5.565));
#4655=CARTESIAN_POINT('',(7.21753205244333,40.82869908612,5.565));
#4656=CARTESIAN_POINT('',(-16.6174481224234,39.56869908612,5.565));
#4657=CARTESIAN_POINT('',(-30.3456684759366,31.6427073695247,5.565));
#4658=CARTESIAN_POINT('',(-8.30872406121171,39.56869908612,5.565));
#4659=CARTESIAN_POINT('Origin',(0.311397500000002,-28.9873998588989,4.665));
#4660=CARTESIAN_POINT('',(-0.637205,-28.0873998588989,3.765));
#4661=CARTESIAN_POINT('',(-0.637205,-27.9736498588989,3.65125));
#4662=CARTESIAN_POINT('',(0.622795,-28.0873998588989,3.765));
#4663=CARTESIAN_POINT('',(0.622795,-29.6518297608653,5.32942990196636));
#4664=CARTESIAN_POINT('',(0.311397500000002,-28.0873998588989,3.765));
#4665=CARTESIAN_POINT('Origin',(0.622795,-34.8001194667644,1.51));
#4666=CARTESIAN_POINT('',(0.622795,-34.8001194667644,1.51));
#4667=CARTESIAN_POINT('',(0.622795,-28.0873998588989,1.51));
#4668=CARTESIAN_POINT('Ctrl Pts',(22.7889501684551,0.92594571384401,5.565));
#4669=CARTESIAN_POINT('Ctrl Pts',(22.7998457839769,0.698143146054616,5.565));
#4670=CARTESIAN_POINT('Ctrl Pts',(22.8073248356722,0.47019000195568,5.565));
#4671=CARTESIAN_POINT('Ctrl Pts',(22.8154447652732,0.0141363157302633,5.565));
#4672=CARTESIAN_POINT('Ctrl Pts',(22.8160851868195,-0.213938583950904,5.565));
#4673=CARTESIAN_POINT('Ctrl Pts',(22.8133058491284,-0.441984628426556,5.565));
#4674=CARTESIAN_POINT('Ctrl Pts',(22.189635283042,0.897280959836498,4.965));
#4675=CARTESIAN_POINT('Ctrl Pts',(22.2002443422245,0.675469634079711,4.965));
#4676=CARTESIAN_POINT('Ctrl Pts',(22.2075266936951,0.453511692950714,4.965));
#4677=CARTESIAN_POINT('Ctrl Pts',(22.2154330678779,0.00945228998413216,
4.965));
#4678=CARTESIAN_POINT('Ctrl Pts',(22.2160566462351,-0.212624203926532,4.965));
#4679=CARTESIAN_POINT('Ctrl Pts',(22.2133504055621,-0.434672601677212,4.965));
#4680=CARTESIAN_POINT('Ctrl Pts',(21.590320397629,0.868616205828987,4.365));
#4681=CARTESIAN_POINT('Ctrl Pts',(21.600642900478,0.652796122045413,4.365));
#4682=CARTESIAN_POINT('Ctrl Pts',(21.6077285517182,0.436833383986558,4.365));
#4683=CARTESIAN_POINT('Ctrl Pts',(21.6154213704843,0.00476826419733815,
4.365));
#4684=CARTESIAN_POINT('Ctrl Pts',(21.6160281056546,-0.211309823842061,4.365));
#4685=CARTESIAN_POINT('Ctrl Pts',(21.6133949619958,-0.427360574927868,4.365));
#4686=CARTESIAN_POINT('Ctrl Pts',(20.9910055122159,0.839951451821475,3.765));
#4687=CARTESIAN_POINT('Ctrl Pts',(21.0010414587256,0.630122610070509,3.765));
#4688=CARTESIAN_POINT('Ctrl Pts',(21.0079304097411,0.420155074981593,3.765));
#4689=CARTESIAN_POINT('Ctrl Pts',(21.015409673089,8.42384512069956E-5,3.765));
#4690=CARTESIAN_POINT('Ctrl Pts',(21.0159995650702,-0.209995443817689,3.765));
#4691=CARTESIAN_POINT('Ctrl Pts',(21.0134395184295,-0.420048548178525,3.765));
#4692=CARTESIAN_POINT('',(21.0134395184295,-0.420048548178524,3.765));
#4693=CARTESIAN_POINT('Ctrl Pts',(21.0134395184295,-0.420048548178524,3.765));
#4694=CARTESIAN_POINT('Ctrl Pts',(21.3133316555566,-0.420048548178524,4.06486986692019));
#4695=CARTESIAN_POINT('Ctrl Pts',(21.6136194711501,-0.420048548178524,4.36513633640117));
#4696=CARTESIAN_POINT('Ctrl Pts',(22.2134037777944,-0.420048548178524,4.96487968620981));
#4697=CARTESIAN_POINT('Ctrl Pts',(22.5136694373033,-0.420048548178526,5.26512568260036));
#4698=CARTESIAN_POINT('Ctrl Pts',(22.81356264925,-0.420048548178526,5.565));
#4699=CARTESIAN_POINT('',(20.9910055122159,0.839951451821473,3.765));
#4700=CARTESIAN_POINT('Ctrl Pts',(22.7929006028966,0.839951451821475,5.565));
#4701=CARTESIAN_POINT('Ctrl Pts',(22.4927346803483,0.839951451821475,5.26512484696087));
#4702=CARTESIAN_POINT('Ctrl Pts',(22.192189910534,0.839951451821475,4.96488268535235));
#4703=CARTESIAN_POINT('Ctrl Pts',(21.5918162150866,0.839951451821475,4.36513934684984));
#4704=CARTESIAN_POINT('Ctrl Pts',(21.2912158342874,0.839951451821475,4.0648675246202));
#4705=CARTESIAN_POINT('Ctrl Pts',(20.9910055122159,0.839951451821475,3.765));
#4706=CARTESIAN_POINT('Ctrl Pts',(21.0134395184295,-0.420048548178524,3.765));
#4707=CARTESIAN_POINT('Ctrl Pts',(21.0159995650702,-0.209995443817688,3.765));
#4708=CARTESIAN_POINT('Ctrl Pts',(21.015409673089,8.42384512067182E-5,3.765));
#4709=CARTESIAN_POINT('Ctrl Pts',(21.0079304097411,0.420155074981594,3.765));
#4710=CARTESIAN_POINT('Ctrl Pts',(21.0010414587256,0.630122610070507,3.765));
#4711=CARTESIAN_POINT('Ctrl Pts',(20.9910055122159,0.839951451821473,3.765));
#4712=CARTESIAN_POINT('Origin',(18.076773635006,-0.420048548178525,1.51));
#4713=CARTESIAN_POINT('',(18.076773635006,-0.420048548178524,3.765));
#4714=CARTESIAN_POINT('',(18.076773635006,-0.420048548178525,3.765));
#4715=CARTESIAN_POINT('',(18.076773635006,-0.420048548178526,1.51));
#4716=CARTESIAN_POINT('',(42.5762226644937,-0.420048548178526,1.51));
#4717=CARTESIAN_POINT('Origin',(-16.5295795415444,27.6161776236516,4.665));
#4718=CARTESIAN_POINT('',(-15.279249197045,27.3044374504296,3.765));
#4719=CARTESIAN_POINT('',(-13.8104660572936,24.7604304270796,0.827474300807599));
#4720=CARTESIAN_POINT('',(-16.3671297124251,26.668701775632,3.765));
#4721=CARTESIAN_POINT('',(-17.7226067336324,29.0164568448552,6.47591659258499));
#4722=CARTESIAN_POINT('',(-16.0754889039885,26.839130847142,3.765));
#4723=CARTESIAN_POINT('Origin',(-9.63411839811705,17.5267840913144,1.51));
#4724=CARTESIAN_POINT('',(-9.63411839811705,17.5267840913144,3.765));
#4725=CARTESIAN_POINT('',(-9.63411839811705,17.5267840913144,3.765));
#4726=CARTESIAN_POINT('',(-9.63411839811705,17.5267840913144,1.51));
#4727=CARTESIAN_POINT('',(-20.924379995973,37.0820908095448,1.51));
#4728=CARTESIAN_POINT('Origin',(14.3137299460995,25.632105841635,4.665));
#4729=CARTESIAN_POINT('',(14.5911920087689,24.4326825605216,3.765));
#4730=CARTESIAN_POINT('',(13.4769305554099,22.5027251103884,1.53647709328212));
#4731=CARTESIAN_POINT('',(13.5000000000005,25.0626825605216,3.765));
#4732=CARTESIAN_POINT('',(15.2082878600126,28.0215239280156,7.18157572002415));
#4733=CARTESIAN_POINT('',(13.8637299460996,24.852682978229,3.765));
#4734=CARTESIAN_POINT('Origin',(10.3616461953331,17.1068943187106,1.51));
#4735=CARTESIAN_POINT('',(10.3616461953331,17.1068943187106,3.765));
#4736=CARTESIAN_POINT('',(10.3616461953331,17.1068943187106,3.765));
#4737=CARTESIAN_POINT('',(10.3616461953331,17.1068943187106,1.51));
#4738=CARTESIAN_POINT('',(21.6518434488172,36.6620895892196,1.51));
#4739=CARTESIAN_POINT('Ctrl Pts',(-10.6870570628695,-20.3204812097832,5.565));
#4740=CARTESIAN_POINT('Ctrl Pts',(-10.8885237912833,-20.2136696221798,5.565));
#4741=CARTESIAN_POINT('Ctrl Pts',(-11.088377908991,-20.1038436497786,5.565));
#4742=CARTESIAN_POINT('Ctrl Pts',(-11.4847260274209,-19.8782370437544,5.565));
#4743=CARTESIAN_POINT('Ctrl Pts',(-11.6811977617465,-19.7624690899697,5.565));
#4744=CARTESIAN_POINT('Ctrl Pts',(-11.8759010019324,-19.6437754635703,5.565));
#4745=CARTESIAN_POINT('Ctrl Pts',(-10.406010584958,-19.7903747325038,4.965));
#4746=CARTESIAN_POINT('Ctrl Pts',(-10.6021791005134,-19.6863720976816,4.965));
#4747=CARTESIAN_POINT('Ctrl Pts',(-10.7967774079095,-19.5794343542544,4.965));
#4748=CARTESIAN_POINT('Ctrl Pts',(-11.1827022580703,-19.3597608107793,4.965));
#4749=CARTESIAN_POINT('Ctrl Pts',(-11.3740071201041,-19.2470373570563,4.965));
#4750=CARTESIAN_POINT('Ctrl Pts',(-11.5635899898913,-19.1314651750167,4.965));
#4751=CARTESIAN_POINT('Ctrl Pts',(-10.1249641070465,-19.2602682552244,4.365));
#4752=CARTESIAN_POINT('Ctrl Pts',(-10.3158344097893,-19.1590745731558,4.365));
#4753=CARTESIAN_POINT('Ctrl Pts',(-10.5051769067926,-19.0550250587503,4.365));
#4754=CARTESIAN_POINT('Ctrl Pts',(-10.8806784887525,-18.8412845777854,4.365));
#4755=CARTESIAN_POINT('Ctrl Pts',(-11.0668164784033,-18.7316056241751,4.365));
#4756=CARTESIAN_POINT('Ctrl Pts',(-11.2512789778501,-18.6191548864632,4.365));
#4757=CARTESIAN_POINT('Ctrl Pts',(-9.84391762913508,-18.730161777945,3.765));
#4758=CARTESIAN_POINT('Ctrl Pts',(-10.0294897190193,-18.6317770486576,3.765));
#4759=CARTESIAN_POINT('Ctrl Pts',(-10.2135764057111,-18.5306157632262,3.765));
#4760=CARTESIAN_POINT('Ctrl Pts',(-10.5786547194019,-18.3228083448103,3.765));
#4761=CARTESIAN_POINT('Ctrl Pts',(-10.759625836761,-18.2161738912618,3.765));
#4762=CARTESIAN_POINT('Ctrl Pts',(-10.938967965809,-18.1068445979096,3.765));
#4763=CARTESIAN_POINT('',(-10.938967965809,-18.1068445979096,3.765));
#4764=CARTESIAN_POINT('Ctrl Pts',(-10.938967965809,-18.1068445979096,3.765));
#4765=CARTESIAN_POINT('Ctrl Pts',(-11.0889450439871,-18.3666125172849,4.06486878466816));
#4766=CARTESIAN_POINT('Ctrl Pts',(-11.2391193785204,-18.6267220946895,4.36513562496562));
#4767=CARTESIAN_POINT('Ctrl Pts',(-11.5390695721823,-19.146251069852,4.96487900882482));
#4768=CARTESIAN_POINT('Ctrl Pts',(-11.6892301852962,-19.4063368810608,5.26512485939406));
#4769=CARTESIAN_POINT('Ctrl Pts',(-11.8392039701628,-19.6660990962533,5.565));
#4770=CARTESIAN_POINT('',(-9.84391762913508,-18.730161777945,3.765));
#4771=CARTESIAN_POINT('Ctrl Pts',(-10.7444582866885,-20.2899439511091,5.565));
#4772=CARTESIAN_POINT('Ctrl Pts',(-10.5944369746442,-20.0300994164302,5.2651232964125));
#4773=CARTESIAN_POINT('Ctrl Pts',(-10.4442277340218,-19.7699293799058,4.96487748775174));
#4774=CARTESIAN_POINT('Ctrl Pts',(-10.1441762043432,-19.2502248856138,4.36513410368423));
#4775=CARTESIAN_POINT('Ctrl Pts',(-9.99394877428605,-18.9900233440643,4.06486670719578));
#4776=CARTESIAN_POINT('Ctrl Pts',(-9.84391762913508,-18.730161777945,3.765));
#4777=CARTESIAN_POINT('Ctrl Pts',(-10.9389679658089,-18.1068445979097,3.765));
#4778=CARTESIAN_POINT('Ctrl Pts',(-10.7596258367609,-18.2161738912618,3.765));
#4779=CARTESIAN_POINT('Ctrl Pts',(-10.5786547194019,-18.3228083448104,3.765));
#4780=CARTESIAN_POINT('Ctrl Pts',(-10.2135764057111,-18.5306157632262,3.765));
#4781=CARTESIAN_POINT('Ctrl Pts',(-10.0294897190193,-18.6317770486576,3.765));
#4782=CARTESIAN_POINT('Ctrl Pts',(-9.84391762913508,-18.730161777945,3.765));
#4783=CARTESIAN_POINT('Origin',(-9.27080951418982,-15.2175094046298,1.51));
#4784=CARTESIAN_POINT('',(-9.27080951418982,-15.2175094046298,3.765));
#4785=CARTESIAN_POINT('',(-9.27080951418982,-15.2175094046298,3.765));
#4786=CARTESIAN_POINT('',(-9.27080951418982,-15.2175094046298,1.51));
#4787=CARTESIAN_POINT('',(-21.6518436045202,-36.6620894993244,1.51));
#4788=CARTESIAN_POINT('Origin',(13.4343901784647,-22.4290464042725,4.665));
#4789=CARTESIAN_POINT('',(13.3481208279331,-21.4396235524833,3.765));
#4790=CARTESIAN_POINT('',(15.4581087787458,-25.094229886649,7.98497590162536));
#4791=CARTESIAN_POINT('',(12.9843901784646,-21.6496235408665,3.765));
#4792=CARTESIAN_POINT('Ctrl Pts',(-22.8133064920087,-0.44193187476597,5.565));
#4793=CARTESIAN_POINT('Ctrl Pts',(-22.8160853024455,-0.213885814465341,
5.565));
#4794=CARTESIAN_POINT('Ctrl Pts',(-22.8154443532963,0.0141890931344597,
5.565));
#4795=CARTESIAN_POINT('Ctrl Pts',(-22.8073233681481,0.470242779365001,5.565));
#4796=CARTESIAN_POINT('Ctrl Pts',(-22.799843788568,0.698195915549671,5.565));
#4797=CARTESIAN_POINT('Ctrl Pts',(-22.7889476452284,0.925998467503628,5.565));
#4798=CARTESIAN_POINT('Ctrl Pts',(-22.2133510315346,-0.434621235446172,
4.965));
#4799=CARTESIAN_POINT('Ctrl Pts',(-22.2160567588202,-0.212572822286724,
4.965));
#4800=CARTESIAN_POINT('Ctrl Pts',(-22.215432666736,0.00950367933431254,
4.965));
#4801=CARTESIAN_POINT('Ctrl Pts',(-22.2075252647672,0.453563082305936,4.965));
#4802=CARTESIAN_POINT('Ctrl Pts',(-22.2002423992951,0.675521015728979,4.965));
#4803=CARTESIAN_POINT('Ctrl Pts',(-22.1896328261765,0.897332326066894,4.965));
#4804=CARTESIAN_POINT('Ctrl Pts',(-21.6133955710605,-0.427310596126374,
4.365));
#4805=CARTESIAN_POINT('Ctrl Pts',(-21.6160282151986,-0.211259830048081,
4.365));
#4806=CARTESIAN_POINT('Ctrl Pts',(-21.6154209801774,0.0048182654931541,
4.365));
#4807=CARTESIAN_POINT('Ctrl Pts',(-21.6077271613863,0.436883385288031,4.365));
#4808=CARTESIAN_POINT('Ctrl Pts',(-21.6006410100282,0.65284611584878,4.365));
#4809=CARTESIAN_POINT('Ctrl Pts',(-21.5903180071247,0.86866618463016,4.365));
#4810=CARTESIAN_POINT('Ctrl Pts',(-21.0134401105863,-0.419999956806576,
3.765));
#4811=CARTESIAN_POINT('Ctrl Pts',(-21.0159996715733,-0.209946837869464,
3.765));
#4812=CARTESIAN_POINT('Ctrl Pts',(-21.0154092936172,0.00013285169300698,
3.765));
#4813=CARTESIAN_POINT('Ctrl Pts',(-21.0079290580053,0.420203688228966,3.765));
#4814=CARTESIAN_POINT('Ctrl Pts',(-21.0010396207553,0.630171216028088,3.765));
#4815=CARTESIAN_POINT('Ctrl Pts',(-20.9910031880729,0.840000043193427,3.765));
#4816=CARTESIAN_POINT('',(-20.9910031880729,0.840000043193426,3.765));
#4817=CARTESIAN_POINT('Ctrl Pts',(-20.9910031880729,0.840000043193427,3.765));
#4818=CARTESIAN_POINT('Ctrl Pts',(-21.2911960286567,0.840000043193426,4.06485002989193));
#4819=CARTESIAN_POINT('Ctrl Pts',(-21.5917788595555,0.840000043193426,4.36510428872669));
#4820=CARTESIAN_POINT('Ctrl Pts',(-22.1921526207281,0.840000043193426,4.96484762880576));
#4821=CARTESIAN_POINT('Ctrl Pts',(-22.4927149993318,0.840000043193427,5.2651073514955));
#4822=CARTESIAN_POINT('Ctrl Pts',(-22.7928984625006,0.840000043193427,5.565));
#4823=CARTESIAN_POINT('',(-21.0134401105863,-0.419999956806576,3.765));
#4824=CARTESIAN_POINT('Ctrl Pts',(-22.8135631946792,-0.419999956806576,
5.565));
#4825=CARTESIAN_POINT('Ctrl Pts',(-22.5136710119278,-0.419999956806576,
5.26512670456095));
#4826=CARTESIAN_POINT('Ctrl Pts',(-22.2134063864961,-0.419999956806576,
4.96488173471583));
#4827=CARTESIAN_POINT('Ctrl Pts',(-21.613622095946,-0.419999956806576,4.36513838544687));
#4828=CARTESIAN_POINT('Ctrl Pts',(-21.3133332619272,-0.419999956806576,
4.06487088950957));
#4829=CARTESIAN_POINT('Ctrl Pts',(-21.0134401105863,-0.419999956806576,
3.765));
#4830=CARTESIAN_POINT('Ctrl Pts',(-20.9910031880729,0.840000043193426,3.765));
#4831=CARTESIAN_POINT('Ctrl Pts',(-21.0010396207553,0.630171216028088,3.765));
#4832=CARTESIAN_POINT('Ctrl Pts',(-21.0079290580053,0.420203688228965,3.765));
#4833=CARTESIAN_POINT('Ctrl Pts',(-21.0154092936172,0.000132851693005927,
3.765));
#4834=CARTESIAN_POINT('Ctrl Pts',(-21.0159996715733,-0.209946837869464,
3.765));
#4835=CARTESIAN_POINT('Ctrl Pts',(-21.0134401105863,-0.419999956806576,
3.765));
#4836=CARTESIAN_POINT('Origin',(-19.9823495562791,0.840000043193426,1.51));
#4837=CARTESIAN_POINT('',(-19.9823495562791,0.840000043193427,3.765));
#4838=CARTESIAN_POINT('',(-19.9823495562791,0.840000043193426,3.765));
#4839=CARTESIAN_POINT('',(-19.9823495562791,0.840000043193426,1.51));
#4840=CARTESIAN_POINT('',(-42.5762226644937,0.840000043193421,1.51));
#4841=CARTESIAN_POINT('Origin',(-22.7992354334767,12.6781705395723,4.665));
#4842=CARTESIAN_POINT('',(-21.5998125480494,12.9556319168933,3.765));
#4843=CARTESIAN_POINT('',(-20.3780302107507,12.2502355555628,2.35420727733892));
#4844=CARTESIAN_POINT('',(-22.2298125480494,11.8644399081249,3.765));
#4845=CARTESIAN_POINT('',(-23.6124481257364,12.6627049310937,5.36153004593753));
#4846=CARTESIAN_POINT('',(-22.0198125700707,12.2281705395723,3.765));
#4847=CARTESIAN_POINT('Origin',(-17.1067247575765,10.3615464715712,1.51));
#4848=CARTESIAN_POINT('',(-17.1067247575765,10.3615464715712,3.765));
#4849=CARTESIAN_POINT('',(-17.1067247575765,10.3615464715712,3.765));
#4850=CARTESIAN_POINT('',(-17.1067247575765,10.3615464715712,1.51));
#4851=CARTESIAN_POINT('',(-26.8669586551022,15.9966201396614,1.51));
#4852=CARTESIAN_POINT('Ctrl Pts',(19.3629251856077,11.9021931911432,5.565));
#4853=CARTESIAN_POINT('Ctrl Pts',(19.4835287864762,11.7086692259251,5.565));
#4854=CARTESIAN_POINT('Ctrl Pts',(19.6012242089416,11.5133479625745,5.565));
#4855=CARTESIAN_POINT('Ctrl Pts',(19.8307192413196,11.1192426629637,5.565));
#4856=CARTESIAN_POINT('Ctrl Pts',(19.94250595756,10.9204807782658,5.565));
#4857=CARTESIAN_POINT('Ctrl Pts',(20.0512942193599,10.7200765911809,5.565));
#4858=CARTESIAN_POINT('Ctrl Pts',(18.8537140535456,11.5848542194047,4.965));
#4859=CARTESIAN_POINT('Ctrl Pts',(18.9711458452291,11.3964198293395,4.965));
#4860=CARTESIAN_POINT('Ctrl Pts',(19.0857459379856,11.2062354155855,4.965));
#4861=CARTESIAN_POINT('Ctrl Pts',(19.3092053604538,10.8224948974132,4.965));
#4862=CARTESIAN_POINT('Ctrl Pts',(19.4180521356478,10.6289603618841,4.965));
#4863=CARTESIAN_POINT('Ctrl Pts',(19.5239793110625,10.4338267222073,4.965));
#4864=CARTESIAN_POINT('Ctrl Pts',(18.3445029214835,11.2675152476662,4.365));
#4865=CARTESIAN_POINT('Ctrl Pts',(18.458762904011,11.0841704327092,4.365));
#4866=CARTESIAN_POINT('Ctrl Pts',(18.5702676670097,10.8991228686319,4.365));
#4867=CARTESIAN_POINT('Ctrl Pts',(18.7876914796075,10.5257471318303,4.365));
#4868=CARTESIAN_POINT('Ctrl Pts',(18.8935983137048,10.3374399455612,4.365));
#4869=CARTESIAN_POINT('Ctrl Pts',(18.9966644027652,10.1475768532337,4.365));
#4870=CARTESIAN_POINT('Ctrl Pts',(17.8352917894214,10.9501762759277,3.765));
#4871=CARTESIAN_POINT('Ctrl Pts',(17.9463799627639,10.7719210361236,3.765));
#4872=CARTESIAN_POINT('Ctrl Pts',(18.0547893960536,10.592010321643,3.765));
#4873=CARTESIAN_POINT('Ctrl Pts',(18.2661775987417,10.2289993662798,3.765));
#4874=CARTESIAN_POINT('Ctrl Pts',(18.3691444917926,10.0459195291794,3.765));
#4875=CARTESIAN_POINT('Ctrl Pts',(18.4693494944679,9.86132698426016,3.765));
#4876=CARTESIAN_POINT('',(17.8352917894214,10.9501762759277,3.765));
#4877=CARTESIAN_POINT('Ctrl Pts',(19.3949533432984,11.8506472939033,5.565));
#4878=CARTESIAN_POINT('Ctrl Pts',(19.1351276726166,11.7006368729928,5.26512370780688));
#4879=CARTESIAN_POINT('Ctrl Pts',(18.874976905328,11.5504387574688,4.96487790863754));
#4880=CARTESIAN_POINT('Ctrl Pts',(18.3553125540452,11.2504104043674,4.3651345497073));
#4881=CARTESIAN_POINT('Ctrl Pts',(18.0951319748643,11.1001950769394,4.06486721173187));
#4882=CARTESIAN_POINT('Ctrl Pts',(17.8352917894214,10.9501762759277,3.765));
#4883=CARTESIAN_POINT('',(18.4693494944679,9.86132698426017,3.765));
#4884=CARTESIAN_POINT('Ctrl Pts',(18.4693494944679,9.86132698426019,3.765));
#4885=CARTESIAN_POINT('Ctrl Pts',(18.3691444917926,10.0459195291795,3.765));
#4886=CARTESIAN_POINT('Ctrl Pts',(18.2661775987417,10.2289993662798,3.765));
#4887=CARTESIAN_POINT('Ctrl Pts',(18.0547893960536,10.592010321643,3.765));
#4888=CARTESIAN_POINT('Ctrl Pts',(17.9463799627639,10.7719210361236,3.765));
#4889=CARTESIAN_POINT('Ctrl Pts',(17.8352917894214,10.9501762759277,3.765));
#4890=CARTESIAN_POINT('Ctrl Pts',(18.4693494944679,9.86132698426016,3.765));
#4891=CARTESIAN_POINT('Ctrl Pts',(18.7291327216049,10.0113129003787,4.06486836238623));
#4892=CARTESIAN_POINT('Ctrl Pts',(18.9892573659593,10.1614959338196,4.36513525386962));
#4893=CARTESIAN_POINT('Ctrl Pts',(19.5088151410911,10.4614627551514,4.96487861143827));
#4894=CARTESIAN_POINT('Ctrl Pts',(19.768914863792,10.6116314000689,5.26512454794514));
#4895=CARTESIAN_POINT('Ctrl Pts',(20.0286906445596,10.7616130170241,5.565));
#4896=CARTESIAN_POINT('Origin',(17.6575488832272,9.39263368283207,1.51));
#4897=CARTESIAN_POINT('',(17.6575488832272,9.39263368283207,3.765));
#4898=CARTESIAN_POINT('',(17.6575488832272,9.39263368283207,3.765));
#4899=CARTESIAN_POINT('',(17.6575488832272,9.39263368283207,1.51));
#4900=CARTESIAN_POINT('',(27.8321562760898,15.266946,1.51));
#4901=CARTESIAN_POINT('Ctrl Pts',(20.2695920811852,-10.6358725682104,5.565));
#4902=CARTESIAN_POINT('Ctrl Pts',(20.1649091498964,-10.8384856177263,5.565));
#4903=CARTESIAN_POINT('Ctrl Pts',(20.0571940086308,-11.0395175760993,5.565));
#4904=CARTESIAN_POINT('Ctrl Pts',(19.8357718938114,-11.4382838762841,5.565));
#4905=CARTESIAN_POINT('Ctrl Pts',(19.7220773637116,-11.6359957985326,5.565));
#4906=CARTESIAN_POINT('Ctrl Pts',(19.6054377478076,-11.8319697580022,5.565));
#4907=CARTESIAN_POINT('Ctrl Pts',(19.7365360246259,-10.3604615289155,4.965));
#4908=CARTESIAN_POINT('Ctrl Pts',(19.6346062156564,-10.5577459302742,4.965));
#4909=CARTESIAN_POINT('Ctrl Pts',(19.5297239394769,-10.7534908288623,4.965));
#4910=CARTESIAN_POINT('Ctrl Pts',(19.3141251304234,-11.1417697479787,4.965));
#4911=CARTESIAN_POINT('Ctrl Pts',(19.2034207136907,-11.3342819386675,4.965));
#4912=CARTESIAN_POINT('Ctrl Pts',(19.0898486616231,-11.5251018805575,4.965));
#4913=CARTESIAN_POINT('Ctrl Pts',(19.2034799680666,-10.0850504896207,4.365));
#4914=CARTESIAN_POINT('Ctrl Pts',(19.1043032813872,-10.2770062428816,4.365));
#4915=CARTESIAN_POINT('Ctrl Pts',(19.0022538703436,-10.4674640815894,4.365));
#4916=CARTESIAN_POINT('Ctrl Pts',(18.7924783670147,-10.8452556197119,4.365));
#4917=CARTESIAN_POINT('Ctrl Pts',(18.6847640636982,-11.0325680787571,4.365));
#4918=CARTESIAN_POINT('Ctrl Pts',(18.5742595754386,-11.2182340031128,4.365));
#4919=CARTESIAN_POINT('Ctrl Pts',(18.6704239115073,-9.80963945032585,3.765));
#4920=CARTESIAN_POINT('Ctrl Pts',(18.5740003471472,-9.99626655542948,3.765));
#4921=CARTESIAN_POINT('Ctrl Pts',(18.4747838011898,-10.1814373343524,3.765));
#4922=CARTESIAN_POINT('Ctrl Pts',(18.2708316036267,-10.5487414914064,3.765));
#4923=CARTESIAN_POINT('Ctrl Pts',(18.1661074136773,-10.730854218892,3.765));
#4924=CARTESIAN_POINT('Ctrl Pts',(18.0586704892541,-10.9113661256681,3.765));
#4925=CARTESIAN_POINT('',(18.0586704892541,-10.9113661256681,3.765));
#4926=CARTESIAN_POINT('Ctrl Pts',(18.0586704892541,-10.9113661256681,3.765));
#4927=CARTESIAN_POINT('Ctrl Pts',(18.3183884760942,-11.0613143752837,4.0648701009778));
#4928=CARTESIAN_POINT('Ctrl Pts',(18.578449050477,-11.2114604179092,4.36513688334843));
#4929=CARTESIAN_POINT('Ctrl Pts',(19.09788408192,-11.5113563731393,4.96488024515286));
#4930=CARTESIAN_POINT('Ctrl Pts',(19.3579246499342,-11.6614908650825,5.26512592115294));
#4931=CARTESIAN_POINT('Ctrl Pts',(19.6176426164062,-11.8114391029385,5.565));
#4932=CARTESIAN_POINT('',(18.6704239115073,-9.80963945032585,3.765));
#4933=CARTESIAN_POINT('Ctrl Pts',(20.2308371745767,-10.710544467806,5.565));
#4934=CARTESIAN_POINT('Ctrl Pts',(19.9708940313115,-10.5604662240679,5.2651212370953));
#4935=CARTESIAN_POINT('Ctrl Pts',(19.7106230627638,-10.4101987103146,4.96487524113107));
#4936=CARTESIAN_POINT('Ctrl Pts',(19.1907086821614,-10.1100260027182,4.36513189197508));
#4937=CARTESIAN_POINT('Ctrl Pts',(18.9303972922093,-9.95973515165627,4.06486399704079));
#4938=CARTESIAN_POINT('Ctrl Pts',(18.6704239115073,-9.80963945032585,3.765));
#4939=CARTESIAN_POINT('Ctrl Pts',(18.0586704892541,-10.9113661256681,3.765));
#4940=CARTESIAN_POINT('Ctrl Pts',(18.1661074136773,-10.730854218892,3.765));
#4941=CARTESIAN_POINT('Ctrl Pts',(18.2708316036267,-10.5487414914064,3.765));
#4942=CARTESIAN_POINT('Ctrl Pts',(18.4747838011897,-10.1814373343525,3.765));
#4943=CARTESIAN_POINT('Ctrl Pts',(18.5740003471471,-9.99626655542978,3.765));
#4944=CARTESIAN_POINT('Ctrl Pts',(18.6704239115071,-9.80963945032631,3.765));
#4945=CARTESIAN_POINT('Origin',(8.56359461797735,-5.42938151541058,1.51));
#4946=CARTESIAN_POINT('',(8.56359461797735,-5.42938151541058,3.765));
#4947=CARTESIAN_POINT('',(8.56359461797735,-5.42938151541058,3.765));
#4948=CARTESIAN_POINT('',(8.56359461797735,-5.42938151541058,1.51));
#4949=CARTESIAN_POINT('',(32.9161755433769,-19.4893506681521,1.51));
#4950=CARTESIAN_POINT('Ctrl Pts',(-19.368367787199,-12.221380360425,5.565));
#4951=CARTESIAN_POINT('Ctrl Pts',(-19.4888838645286,-12.0278023008627,5.565));
#4952=CARTESIAN_POINT('Ctrl Pts',(-19.6064909618211,-11.8324282611525,5.565));
#4953=CARTESIAN_POINT('Ctrl Pts',(-19.8358078004943,-11.4382200799445,5.565));
#4954=CARTESIAN_POINT('Ctrl Pts',(-19.9475046582541,-11.2394080957231,5.565));
#4955=CARTESIAN_POINT('Ctrl Pts',(-20.0562023303057,-11.0389551670961,5.565));
#4956=CARTESIAN_POINT('Ctrl Pts',(-18.8590135176694,-11.9042711866189,4.965));
#4957=CARTESIAN_POINT('Ctrl Pts',(-18.9763600875133,-11.7157841250576,4.965));
#4958=CARTESIAN_POINT('Ctrl Pts',(-19.0908741778865,-11.5255483231307,4.965));
#4959=CARTESIAN_POINT('Ctrl Pts',(-19.3141600928341,-11.1417076294853,4.965));
#4960=CARTESIAN_POINT('Ctrl Pts',(-19.4229193726778,-10.9481243122199,4.965));
#4961=CARTESIAN_POINT('Ctrl Pts',(-19.5287583407144,-10.7529432130733,4.965));
#4962=CARTESIAN_POINT('Ctrl Pts',(-18.3496592481399,-11.5871620128128,4.365));
#4963=CARTESIAN_POINT('Ctrl Pts',(-18.4638363105271,-11.4037659492079,4.365));
#4964=CARTESIAN_POINT('Ctrl Pts',(-18.575257393932,-11.2186683851442,4.365));
#4965=CARTESIAN_POINT('Ctrl Pts',(-18.7925123851934,-10.8451951789937,4.365));
#4966=CARTESIAN_POINT('Ctrl Pts',(-18.8983340870708,-10.6568405287756,4.365));
#4967=CARTESIAN_POINT('Ctrl Pts',(-19.001314351123,-10.4669312590505,4.365));
#4968=CARTESIAN_POINT('Ctrl Pts',(-17.8403049786103,-11.2700528390067,3.765));
#4969=CARTESIAN_POINT('Ctrl Pts',(-17.9513125335117,-11.0917477734028,3.765));
#4970=CARTESIAN_POINT('Ctrl Pts',(-18.0596406099973,-10.9117884471225,3.765));
#4971=CARTESIAN_POINT('Ctrl Pts',(-18.2708646775332,-10.5486827285345,3.765));
#4972=CARTESIAN_POINT('Ctrl Pts',(-18.3737488014944,-10.3655567452723,3.765));
#4973=CARTESIAN_POINT('Ctrl Pts',(-18.4738703615316,-10.1809193050277,3.765));
#4974=CARTESIAN_POINT('',(-18.4738703615316,-10.1809193050277,3.765));
#4975=CARTESIAN_POINT('Ctrl Pts',(-18.4738703615316,-10.1809193050277,3.765));
#4976=CARTESIAN_POINT('Ctrl Pts',(-18.7336566238939,-10.3309069735344,4.06486828135053));
#4977=CARTESIAN_POINT('Ctrl Pts',(-18.9937842489034,-10.4810917278572,4.3651351776633));
#4978=CARTESIAN_POINT('Ctrl Pts',(-19.5133477349601,-10.7810618463932,4.96487853542315));
#4979=CARTESIAN_POINT('Ctrl Pts',(-19.7734502098452,-10.931232080285,5.26512448414433));
#4980=CARTESIAN_POINT('Ctrl Pts',(-20.0332286802556,-11.0812152501061,5.565));
#4981=CARTESIAN_POINT('',(-17.8403049786103,-11.2700528390067,3.765));
#4982=CARTESIAN_POINT('Ctrl Pts',(-19.399944825443,-12.1705113244145,5.565));
#4983=CARTESIAN_POINT('Ctrl Pts',(-19.1401225475002,-12.0205028623027,5.2651237795178));
#4984=CARTESIAN_POINT('Ctrl Pts',(-18.8799752512925,-11.8703067508082,4.96487798594098));
#4985=CARTESIAN_POINT('Ctrl Pts',(-18.3603181200456,-11.5702825661965,4.36513462665668));
#4986=CARTESIAN_POINT('Ctrl Pts',(-18.1001413179269,-11.4200694194564,4.06486730448906));
#4987=CARTESIAN_POINT('Ctrl Pts',(-17.8403049786103,-11.2700528390067,3.765));
#4988=CARTESIAN_POINT('Ctrl Pts',(-18.4738703615314,-10.1809193050282,3.765));
#4989=CARTESIAN_POINT('Ctrl Pts',(-18.3737488014943,-10.3655567452726,3.765));
#4990=CARTESIAN_POINT('Ctrl Pts',(-18.2708646775331,-10.5486827285347,3.765));
#4991=CARTESIAN_POINT('Ctrl Pts',(-18.0596406099973,-10.9117884471225,3.765));
#4992=CARTESIAN_POINT('Ctrl Pts',(-17.9513125335117,-11.0917477734028,3.765));
#4993=CARTESIAN_POINT('Ctrl Pts',(-17.8403049786103,-11.2700528390067,3.765));
#4994=CARTESIAN_POINT('Origin',(-32.9161755433769,-19.9741107678426,1.51));
#4995=CARTESIAN_POINT('',(-32.9161755433769,-19.9741107678426,1.51));
#4996=CARTESIAN_POINT('',(-16.6128144171106,-10.5613608328971,3.765));
#4997=CARTESIAN_POINT('',(-16.6128144171106,-10.5613608328971,1.51));
#4998=CARTESIAN_POINT('',(-16.6128144171106,-10.5613608328971,3.765));
#4999=CARTESIAN_POINT('Origin',(0.,0.,3.765));
#5000=CARTESIAN_POINT('',(6.00752118765711,-8.72533201750342,3.765));
#5001=CARTESIAN_POINT('',(6.00752118765711,-8.72533201750342,3.765));
#5002=CARTESIAN_POINT('',(7.4265606898061,-5.22864180063263,3.765));
#5003=CARTESIAN_POINT('Origin',(-5.93584807271099,-1.84214561345795,3.765));
#5004=CARTESIAN_POINT('Origin',(9.65006157950398,4.04518156567979,3.765));
#5005=CARTESIAN_POINT('',(11.0198587882723,-5.39258361697335,3.765));
#5006=CARTESIAN_POINT('',(11.0198587882723,-5.39258361697336,3.765));
#5007=CARTESIAN_POINT('Origin',(9.65006157950398,4.04518156567979,3.765));
#5008=CARTESIAN_POINT('',(18.6319464570375,0.839951451821475,3.765));
#5009=CARTESIAN_POINT('',(18.6319464570375,0.839951451821475,3.765));
#5010=CARTESIAN_POINT('',(18.4452356450462,7.73200529252954,3.765));
#5011=CARTESIAN_POINT('Origin',(9.65006157950398,4.04518156567979,3.765));
#5012=CARTESIAN_POINT('Origin',(0.000129850672473471,5.44317300206672E-5,
3.765));
#5013=CARTESIAN_POINT('',(17.0310695724218,10.4858583624547,3.765));
#5014=CARTESIAN_POINT('',(17.0310695724218,10.4858583624547,3.765));
#5015=CARTESIAN_POINT('Origin',(0.000129850672473471,5.44317300206672E-5,
3.765));
#5016=CARTESIAN_POINT('',(9.26383294391306,17.7254259900287,3.765));
#5017=CARTESIAN_POINT('',(9.26383294391306,17.7254259900287,3.765));
#5018=CARTESIAN_POINT('Origin',(0.000129850672473471,5.44317300206672E-5,
3.765));
#5019=CARTESIAN_POINT('',(-10.7186874201087,16.8853127417193,3.765));
#5020=CARTESIAN_POINT('',(-10.7186874201087,16.8853127417193,3.765));
#5021=CARTESIAN_POINT('Origin',(0.000129850672473471,5.44317300206672E-5,
3.765));
#5022=CARTESIAN_POINT('',(-17.7252548778815,9.2637323246733,3.765));
#5023=CARTESIAN_POINT('',(-17.7252548778815,9.2637323246733,3.765));
#5024=CARTESIAN_POINT('Origin',(0.000129850672473471,5.44317300206672E-5,
3.765));
#5025=CARTESIAN_POINT('',(-19.9955833446634,-0.419999956806576,3.765));
#5026=CARTESIAN_POINT('',(-19.9955833446634,-0.419999956806576,3.765));
#5027=CARTESIAN_POINT('',(-19.1012720743066,-5.92796685533243,3.765));
#5028=CARTESIAN_POINT('Origin',(0.000129850672473471,5.44317300206672E-5,
3.765));
#5029=CARTESIAN_POINT('',(-17.3690586500083,-9.54305596597589,3.765));
#5030=CARTESIAN_POINT('Origin',(-5.93584807271099,-1.84214561345795,3.765));
#5031=CARTESIAN_POINT('',(-17.3690586500083,-9.54305596597589,3.765));
#5032=CARTESIAN_POINT('Origin',(-5.93584807271099,-1.84214561345795,3.765));
#5033=CARTESIAN_POINT('',(-7.96556256828927,-15.476755377906,3.765));
#5034=CARTESIAN_POINT('',(-7.96556256828927,-15.476755377906,3.765));
#5035=CARTESIAN_POINT('Origin',(-5.93584807271099,-1.84214561345795,3.765));
#5036=CARTESIAN_POINT('',(15.2171740281937,6.37865090298077,3.765));
#5037=CARTESIAN_POINT('',(8.2426373560121,-1.82492128702209,3.765));
#5038=CARTESIAN_POINT('Origin',(9.65015897644756,4.0450298708606,3.765));
#5039=CARTESIAN_POINT('',(4.03362437429779,-4.36882925198963,3.765));
#5040=CARTESIAN_POINT('Origin',(7.4265606898061,-5.22864180063263,3.765));
#5041=CARTESIAN_POINT('',(-15.7586120953693,-4.89079601519169,3.765));
#5042=CARTESIAN_POINT('Origin',(-5.93600432466315,-1.84240050014497,3.765));
#5043=CARTESIAN_POINT('Origin',(2.39711498434416E-6,-0.000191517524176974,
3.765));
#5044=CARTESIAN_POINT('Origin',(-8.81084982935535,-44.0758407120782,1.51));
#5045=CARTESIAN_POINT('',(-2.58796070327763,-40.483054,1.51));
#5046=CARTESIAN_POINT('',(-8.81084982935535,-44.0758407120782,1.51));
#5047=CARTESIAN_POINT('Origin',(3.1729970448673,-47.3308565348538,1.51));
#5048=CARTESIAN_POINT('',(-3.17299704486732,-47.3308565348538,1.51));
#5049=CARTESIAN_POINT('',(3.1729970448673,-47.3308565348538,1.51));
#5050=CARTESIAN_POINT('Origin',(2.57355070327763,-40.483054,1.51));
#5051=CARTESIAN_POINT('',(8.80364482935533,-44.0800005207677,1.51));
#5052=CARTESIAN_POINT('',(2.57355070327763,-40.483054,1.51));
#5053=CARTESIAN_POINT('Origin',(-0.007205,-38.993054,1.51));
#5054=CARTESIAN_POINT('Origin',(3.17299704486733,47.3308565348538,1.51));
#5055=CARTESIAN_POINT('',(14.4350641048867,40.82869908612,1.51));
#5056=CARTESIAN_POINT('',(16.6174481224234,39.56869908612,1.51));
#5057=CARTESIAN_POINT('',(20.5606514400488,37.2920895892196,1.51));
#5058=CARTESIAN_POINT('',(34.4952477270752,29.2469466718561,1.51));
#5059=CARTESIAN_POINT('',(35.5864397358436,28.6169466718561,1.51));
#5060=CARTESIAN_POINT('',(39.4032256196265,26.4133243144149,1.51));
#5061=CARTESIAN_POINT('',(3.17299704486733,47.3308565348538,1.51));
#5062=CARTESIAN_POINT('Origin',(-3.17299704486726,47.3308565348538,1.51));
#5063=CARTESIAN_POINT('',(-3.17299704486726,47.3308565348538,1.51));
#5064=CARTESIAN_POINT('Origin',(-14.4350641048866,40.82869908612,1.51));
#5065=CARTESIAN_POINT('',(-39.4032256196264,26.413324314415,1.51));
#5066=CARTESIAN_POINT('',(-35.6027826245237,28.6075111006774,1.51));
#5067=CARTESIAN_POINT('',(-34.5115906157553,29.2375111006774,1.51));
#5068=CARTESIAN_POINT('',(-22.0155720047414,36.4520908095448,1.51));
#5069=CARTESIAN_POINT('',(-16.6174481224234,39.56869908612,1.51));
#5070=CARTESIAN_POINT('',(-14.4350641048866,40.82869908612,1.51));
#5071=CARTESIAN_POINT('Origin',(14.4350641048867,40.82869908612,1.51));
#5072=CARTESIAN_POINT('Origin',(42.5762226644937,-20.9175322204389,1.51));
#5073=CARTESIAN_POINT('',(39.4032256196265,-26.4133243144149,1.51));
#5074=CARTESIAN_POINT('',(42.5762226644937,-20.9175322204389,1.51));
#5075=CARTESIAN_POINT('Origin',(37.4441247358092,-17.8448729810777,1.51));
#5076=CARTESIAN_POINT('',(42.5762226644937,-14.8818548604442,1.51));
#5077=CARTESIAN_POINT('',(37.4441247358092,-17.8448729810777,1.51));
#5078=CARTESIAN_POINT('Origin',(34.1761755433769,-23.5051270189214,1.51));
#5079=CARTESIAN_POINT('',(34.1761755433769,-23.5051270189214,1.51));
#5080=CARTESIAN_POINT('Origin',(34.1761755433768,-29.4311630830053,1.51));
#5081=CARTESIAN_POINT('',(34.1761755433768,-29.4311630830053,1.51));
#5082=CARTESIAN_POINT('Origin',(39.4032256196265,-26.4133243144149,1.51));
#5083=CARTESIAN_POINT('',(32.9161755433768,-30.1586244221842,1.51));
#5084=CARTESIAN_POINT('',(22.0155726311839,-36.4520904478681,1.51));
#5085=CARTESIAN_POINT('',(10.0636448293553,-43.3525391815888,1.51));
#5086=CARTESIAN_POINT('Origin',(-32.9161755433769,-30.1586244221842,1.51));
#5087=CARTESIAN_POINT('',(-32.9161755433769,-30.1586244221842,1.51));
#5088=CARTESIAN_POINT('Origin',(-5.93584807271099,-1.84214561345795,1.51));
#5089=CARTESIAN_POINT('Origin',(27.8321562760898,15.266946,1.51));
#5090=CARTESIAN_POINT('',(42.5762226644938,15.266946,1.51));
#5091=CARTESIAN_POINT('Origin',(0.000129850672473471,5.44317300206672E-5,
1.51));
#5092=CARTESIAN_POINT('',(18.4452356450462,7.73200529252954,1.51));
#5093=CARTESIAN_POINT('Origin',(9.65006157950398,4.04518156567979,1.51));
#5094=CARTESIAN_POINT('',(18.6319464570375,0.839951451821475,1.51));
#5095=CARTESIAN_POINT('Origin',(42.5762226644938,0.839951451821474,1.51));
#5096=CARTESIAN_POINT('',(42.5762226644938,0.839951451821474,1.51));
#5097=CARTESIAN_POINT('Origin',(-35.6027826245237,28.6075111006774,1.51));
#5098=CARTESIAN_POINT('',(-31.2192442968725,21.01500000026,1.51));
#5099=CARTESIAN_POINT('Origin',(-42.5762226644937,20.9175322204389,1.51));
#5100=CARTESIAN_POINT('',(-42.5762226644937,20.9175322204389,1.51));
#5101=CARTESIAN_POINT('Origin',(-42.5762226644937,16.545,1.51));
#5102=CARTESIAN_POINT('',(-42.5762226644938,-20.9175322204389,1.51));
#5103=CARTESIAN_POINT('',(-42.5762226644937,-14.8818548604442,1.51));
#5104=CARTESIAN_POINT('',(-42.5762226644937,-13.4269321820863,1.51));
#5105=CARTESIAN_POINT('',(-42.5762226644937,-0.419999956806577,1.51));
#5106=CARTESIAN_POINT('',(-42.5762226644937,15.285,1.51));
#5107=CARTESIAN_POINT('',(-42.5762226644937,16.545,1.51));
#5108=CARTESIAN_POINT('Origin',(-33.8,16.545,1.51));
#5109=CARTESIAN_POINT('',(-33.8,16.545,1.51));
#5110=CARTESIAN_POINT('Origin',(-33.8,19.525,1.51));
#5111=CARTESIAN_POINT('Origin',(42.5762226644938,16.526946,1.51));
#5112=CARTESIAN_POINT('',(33.7677860813434,16.526946,1.51));
#5113=CARTESIAN_POINT('',(42.5762226644938,16.526946,1.51));
#5114=CARTESIAN_POINT('Origin',(42.5762226644938,20.9175322204389,1.51));
#5115=CARTESIAN_POINT('',(42.5762226644937,-13.4269321820864,1.51));
#5116=CARTESIAN_POINT('',(42.5762226644938,20.9175322204389,1.51));
#5117=CARTESIAN_POINT('Origin',(39.4032256196265,26.4133243144149,1.51));
#5118=CARTESIAN_POINT('Origin',(31.1870302969815,20.9969460004488,1.51));
#5119=CARTESIAN_POINT('',(31.1870302969815,20.9969460004488,1.51));
#5120=CARTESIAN_POINT('Origin',(33.767786,19.506946,1.51));
#5121=CARTESIAN_POINT('Origin',(-28.1543964175194,15.285,1.51));
#5122=CARTESIAN_POINT('',(-28.1543964175194,15.285,1.51));
#5123=CARTESIAN_POINT('',(-17.7252548778815,9.2637323246733,1.51));
#5124=CARTESIAN_POINT('Origin',(-42.5762226644937,15.285,1.51));
#5125=CARTESIAN_POINT('Origin',(0.000129850672473471,5.44317300206672E-5,
1.51));
#5126=CARTESIAN_POINT('Origin',(32.9161755433769,-19.4893506681521,1.51));
#5127=CARTESIAN_POINT('Origin',(9.65006157950398,4.04518156567979,1.51));
#5128=CARTESIAN_POINT('',(7.4265606898061,-5.22864180063263,1.51));
#5129=CARTESIAN_POINT('Origin',(-5.93584807271099,-1.84214561345795,1.51));
#5130=CARTESIAN_POINT('',(6.00752118765711,-8.72533201750342,1.51));
#5131=CARTESIAN_POINT('',(-7.96556256828927,-15.476755377906,1.51));
#5132=CARTESIAN_POINT('Origin',(22.0155726311839,-36.4520904478681,1.51));
#5133=CARTESIAN_POINT('Origin',(-26.8669586551022,15.9966201396614,1.51));
#5134=CARTESIAN_POINT('Origin',(0.000129850672473471,5.44317300206672E-5,
1.51));
#5135=CARTESIAN_POINT('',(-10.7186874201087,16.8853127417193,1.51));
#5136=CARTESIAN_POINT('Origin',(-22.0155720047414,36.4520908095448,1.51));
#5137=CARTESIAN_POINT('Origin',(-16.6174481224234,39.56869908612,1.51));
#5138=CARTESIAN_POINT('Origin',(0.000129850672473471,5.44317300206672E-5,
1.51));
#5139=CARTESIAN_POINT('',(9.26383294391306,17.7254259900287,1.51));
#5140=CARTESIAN_POINT('Origin',(20.5606514400488,37.2920895892196,1.51));
#5141=CARTESIAN_POINT('Origin',(33.7559906866299,-18.519295488821,1.51));
#5142=CARTESIAN_POINT('',(33.7559906866299,-18.519295488821,1.51));
#5143=CARTESIAN_POINT('',(11.0198587882723,-5.39258361697336,1.51));
#5144=CARTESIAN_POINT('Origin',(42.5762226644937,-13.4269321820864,1.51));
#5145=CARTESIAN_POINT('Origin',(9.65006157950398,4.04518156567979,1.51));
#5146=CARTESIAN_POINT('Origin',(26.979757725817,16.2297361459011,1.51));
#5147=CARTESIAN_POINT('',(26.979757725817,16.2297361459011,1.51));
#5148=CARTESIAN_POINT('',(17.0310695724218,10.4858583624547,1.51));
#5149=CARTESIAN_POINT('Origin',(34.4952477270752,29.2469466718561,1.51));
#5150=CARTESIAN_POINT('Origin',(0.000129850672473471,5.44317300206672E-5,
1.51));
#5151=CARTESIAN_POINT('Origin',(2.39711498434416E-6,-0.000191517524176974,
1.51));
#5152=CARTESIAN_POINT('',(15.2171740281937,6.37865090298077,1.51));
#5153=CARTESIAN_POINT('',(-15.7586120953693,-4.89079601519169,1.51));
#5154=CARTESIAN_POINT('Origin',(-5.93600432466315,-1.84240050014497,1.51));
#5155=CARTESIAN_POINT('',(4.03362437429779,-4.36882925198962,1.51));
#5156=CARTESIAN_POINT('Origin',(7.4265606898061,-5.22864180063263,1.51));
#5157=CARTESIAN_POINT('',(8.2426373560121,-1.82492128702209,1.51));
#5158=CARTESIAN_POINT('Origin',(9.65015897644756,4.0450298708606,1.51));
#5159=CARTESIAN_POINT('Origin',(-33.3361761255569,-18.7616755386662,1.51));
#5160=CARTESIAN_POINT('',(-33.3361761255569,-18.7616755386662,1.51));
#5161=CARTESIAN_POINT('Origin',(-17.3690586500083,-9.54305596597589,1.51));
#5162=CARTESIAN_POINT('',(-17.3690586500083,-9.54305596597589,1.51));
#5163=CARTESIAN_POINT('Origin',(-5.93584807271099,-1.84214561345795,1.51));
#5164=CARTESIAN_POINT('',(-19.1012720743066,-5.92796685533243,1.51));
#5165=CARTESIAN_POINT('Origin',(0.000129850672473471,5.44317300206672E-5,
1.51));
#5166=CARTESIAN_POINT('',(-19.9955833446634,-0.419999956806576,1.51));
#5167=CARTESIAN_POINT('Origin',(-42.5762226644937,-0.419999956806577,1.51));
#5168=CARTESIAN_POINT('Origin',(-39.4032256196265,-26.4133243144149,1.51));
#5169=CARTESIAN_POINT('',(-39.4032256196265,-26.4133243144149,1.51));
#5170=CARTESIAN_POINT('Origin',(-34.1761755433769,-29.4311630830053,1.51));
#5171=CARTESIAN_POINT('',(-10.0708498293553,-43.3483793728992,1.51));
#5172=CARTESIAN_POINT('',(-20.5606515957518,-37.2920894993244,1.51));
#5173=CARTESIAN_POINT('',(-34.1761755433769,-29.4311630830053,1.51));
#5174=CARTESIAN_POINT('Origin',(-34.1761755433769,-23.5051270189214,1.51));
#5175=CARTESIAN_POINT('',(-34.1761755433769,-23.5051270189214,1.51));
#5176=CARTESIAN_POINT('Origin',(-37.4441247358092,-17.8448729810778,1.51));
#5177=CARTESIAN_POINT('',(-37.4441247358092,-17.8448729810778,1.51));
#5178=CARTESIAN_POINT('Origin',(-42.5762226644937,-14.8818548604442,1.51));
#5179=CARTESIAN_POINT('Origin',(-0.007205,-38.993054,1.51));
#5180=CARTESIAN_POINT('',(4.12886117165164,-39.9260902392313,1.51));
#5181=CARTESIAN_POINT('Origin',(10.0636448293553,-43.3525391815888,1.51));
#5182=CARTESIAN_POINT('Origin',(-20.5606515957518,-37.2920894993244,1.51));
#5183=CARTESIAN_POINT('Origin',(-4.14327117165164,-39.9260902392314,1.51));
#5184=CARTESIAN_POINT('',(-4.14327117165163,-39.9260902392314,1.51));
#5185=CARTESIAN_POINT('Origin',(-0.007205,-38.993054,1.51));
#5186=CARTESIAN_POINT('',(-0.637205,-34.8001194667644,1.51));
#5187=CARTESIAN_POINT('Origin',(-0.637205,-28.0873998588989,1.51));
#5188=CARTESIAN_POINT('',(-0.637205,-28.0873998588989,1.51));
#5189=CARTESIAN_POINT('Origin',(0.622795,-28.0873998588989,1.51));
#5190=CARTESIAN_POINT('Origin',(-44.2562226644938,-21.3676868637231,1.51));
#5191=CARTESIAN_POINT('',(-44.2562226644938,-21.3676868637231,1.51));
#5192=CARTESIAN_POINT('Origin',(-44.2562226644937,21.3676868637232,1.51));
#5193=CARTESIAN_POINT('',(-44.2562226644937,21.3676868637232,1.51));
#5194=CARTESIAN_POINT('Origin',(-40.6330709763421,27.6431696711307,1.51));
#5195=CARTESIAN_POINT('',(-40.6330709763421,27.6431696711307,1.51));
#5196=CARTESIAN_POINT('Origin',(-3.62315168815154,49.0108565348538,1.51));
#5197=CARTESIAN_POINT('',(-3.62315168815154,49.0108565348538,1.51));
#5198=CARTESIAN_POINT('Origin',(3.62315168815162,49.0108565348538,1.51));
#5199=CARTESIAN_POINT('',(3.62315168815162,49.0108565348538,1.51));
#5200=CARTESIAN_POINT('Origin',(40.6330709763422,27.6431696711306,1.51));
#5201=CARTESIAN_POINT('',(0.,0.,0.));
#5202=UNCERTAINTY_MEASURE_WITH_UNIT(LENGTH_MEASURE(0.01),#5208,
'DISTANCE_ACCURACY_VALUE',
'Maximum model space distance between geometric entities at asserted c
onnectivities');
#5203=UNCERTAINTY_MEASURE_WITH_UNIT(LENGTH_MEASURE(0.01),#5208,
'DISTANCE_ACCURACY_VALUE',
'Maximum model space distance between geometric entities at asserted c
onnectivities');
#5204=UNCERTAINTY_MEASURE_WITH_UNIT(LENGTH_MEASURE(0.01),#5208,
'DISTANCE_ACCURACY_VALUE',
'Maximum model space distance between geometric entities at asserted c
onnectivities');
#5205=(
GEOMETRIC_REPRESENTATION_CONTEXT(3)
GLOBAL_UNCERTAINTY_ASSIGNED_CONTEXT((#5202))
GLOBAL_UNIT_ASSIGNED_CONTEXT((#5208,#5210,#5211))
REPRESENTATION_CONTEXT('','3D')
);
#5206=(
GEOMETRIC_REPRESENTATION_CONTEXT(3)
GLOBAL_UNCERTAINTY_ASSIGNED_CONTEXT((#5203))
GLOBAL_UNIT_ASSIGNED_CONTEXT((#5208,#5210,#5211))
REPRESENTATION_CONTEXT('','3D')
);
#5207=(
GEOMETRIC_REPRESENTATION_CONTEXT(3)
GLOBAL_UNCERTAINTY_ASSIGNED_CONTEXT((#5204))
GLOBAL_UNIT_ASSIGNED_CONTEXT((#5208,#5210,#5211))
REPRESENTATION_CONTEXT('','3D')
);
#5208=(
LENGTH_UNIT()
NAMED_UNIT(*)
SI_UNIT(.MILLI.,.METRE.)
);
#5209=(
LENGTH_UNIT()
NAMED_UNIT(*)
SI_UNIT($,.METRE.)
);
#5210=(
NAMED_UNIT(*)
PLANE_ANGLE_UNIT()
SI_UNIT($,.RADIAN.)
);
#5211=(
NAMED_UNIT(*)
SI_UNIT($,.STERADIAN.)
SOLID_ANGLE_UNIT()
);
#5212=SHAPE_DEFINITION_REPRESENTATION(#5214,#5217);
#5213=SHAPE_DEFINITION_REPRESENTATION(#5215,#5218);
#5214=PRODUCT_DEFINITION_SHAPE('',$,#5220);
#5215=PRODUCT_DEFINITION_SHAPE('',$,#5221);
#5216=PRODUCT_DEFINITION_SHAPE($,$,#14);
#5217=SHAPE_REPRESENTATION('',(#3118,#3302),#5205);
#5218=SHAPE_REPRESENTATION('',(#3119),#5206);
#5219=PRODUCT_DEFINITION_CONTEXT('part definition',#5227,'design');
#5220=PRODUCT_DEFINITION('SMTSO','Frame Case - Tildagon 2026 v9',#5222,
#5219);
#5221=PRODUCT_DEFINITION('Frame Case','Frame Case',#5223,#5219);
#5222=PRODUCT_DEFINITION_FORMATION('',$,#5229);
#5223=PRODUCT_DEFINITION_FORMATION('',$,#5230);
#5224=PRODUCT_RELATED_PRODUCT_CATEGORY('Frame Case - Tildagon 2026 v9',
'Frame Case - Tildagon 2026 v9',(#5229));
#5225=PRODUCT_RELATED_PRODUCT_CATEGORY('Frame Case','Frame Case',(#5230));
#5226=APPLICATION_PROTOCOL_DEFINITION('international standard',
'automotive_design',2009,#5227);
#5227=APPLICATION_CONTEXT(
'Core Data for Automotive Mechanical Design Process');
#5228=PRODUCT_CONTEXT('part definition',#5227,'mechanical');
#5229=PRODUCT('SMTSO','Frame Case - Tildagon 2026 v9','FreeCAD Model',(#5228));
#5230=PRODUCT('Frame Case','Frame Case',$,(#5228));
#5231=PRESENTATION_STYLE_ASSIGNMENT((#5233));
#5232=PRESENTATION_STYLE_ASSIGNMENT((#5234));
#5233=SURFACE_STYLE_USAGE(.BOTH.,#5235);
#5234=SURFACE_STYLE_USAGE(.BOTH.,#5236);
#5235=SURFACE_SIDE_STYLE('',(#5237));
#5236=SURFACE_SIDE_STYLE('',(#5238));
#5237=SURFACE_STYLE_FILL_AREA(#5239);
#5238=SURFACE_STYLE_FILL_AREA(#5240);
#5239=FILL_AREA_STYLE('Steel - Satin',(#5241));
#5240=FILL_AREA_STYLE('Opaque(191,191,0)',(#5242));
#5241=FILL_AREA_STYLE_COLOUR('Steel - Satin',#5243);
#5242=FILL_AREA_STYLE_COLOUR('Opaque(191,191,0)',#5244);
#5243=COLOUR_RGB('Steel - Satin',0.627450980392157,0.627450980392157,0.627450980392157);
#5244=COLOUR_RGB('Opaque(191,191,0)',0.749019607843137,0.749019607843137,
0.);
ENDSEC;
END-ISO-10303-21;
