ISO-10303-21;
HEADER;
/* Generated by software containing ST-Developer
 * from STEP Tools, Inc. (www.steptools.com) 
 */

FILE_DESCRIPTION(
/* description */ ('FreeCAD Model'),
/* implementation_level */ '2;1');

FILE_NAME(
/* name */ 'frame-case-v8.step',
/* time_stamp */ '2026-06-09T10:42:09+01:00',
/* author */ (''),
/* organization */ (''),
/* preprocessor_version */ 'ST-DEVELOPER v20.1',
/* originating_system */ 'Autodesk Translation Framework v15.8.0.0',
/* authorisation */ '');

FILE_SCHEMA (('AUTOMOTIVE_DESIGN { 1 0 10303 214 3 1 1 }'));
ENDSEC;

DATA;
#10=MECHANICAL_DESIGN_GEOMETRIC_PRESENTATION_REPRESENTATION('',(#35,#36,
#37),#14773);
#11=ITEM_DEFINED_TRANSFORMATION($,$,#9054,#9638);
#12=ITEM_DEFINED_TRANSFORMATION($,$,#9237,#9639);
#13=ITEM_DEFINED_TRANSFORMATION($,$,#9411,#9640);
#14=(
REPRESENTATION_RELATIONSHIP($,$,#14790,#14789)
REPRESENTATION_RELATIONSHIP_WITH_TRANSFORMATION(#11)
SHAPE_REPRESENTATION_RELATIONSHIP()
);
#15=(
REPRESENTATION_RELATIONSHIP($,$,#14791,#14789)
REPRESENTATION_RELATIONSHIP_WITH_TRANSFORMATION(#12)
SHAPE_REPRESENTATION_RELATIONSHIP()
);
#16=(
REPRESENTATION_RELATIONSHIP($,$,#14792,#14789)
REPRESENTATION_RELATIONSHIP_WITH_TRANSFORMATION(#13)
SHAPE_REPRESENTATION_RELATIONSHIP()
);
#17=CONTEXT_DEPENDENT_SHAPE_REPRESENTATION(#14,#14786);
#18=CONTEXT_DEPENDENT_SHAPE_REPRESENTATION(#15,#14787);
#19=CONTEXT_DEPENDENT_SHAPE_REPRESENTATION(#16,#14788);
#20=NEXT_ASSEMBLY_USAGE_OCCURRENCE('Frame Case:1','Frame Case:1',
'Frame Case:1',#14794,#14795,'Frame Case:1');
#21=NEXT_ASSEMBLY_USAGE_OCCURRENCE('Frame Case No Baffles:1',
'Frame Case No Baffles:1','Frame Case No Baffles:1',#14794,#14796,
'Frame Case No Baffles:1');
#22=NEXT_ASSEMBLY_USAGE_OCCURRENCE('Case Bottom:1','Case Bottom:1',
'Case Bottom:1',#14794,#14797,'Case Bottom:1');
#23=CONICAL_SURFACE('',#9532,1.4,0.785398163397466);
#24=CONICAL_SURFACE('',#9541,1.4,0.785398163397442);
#25=CONICAL_SURFACE('',#9552,1.4,0.785398163397461);
#26=CONICAL_SURFACE('',#9556,1.4,0.7853981633976);
#27=CONICAL_SURFACE('',#9566,1.4,0.785398163397136);
#28=CONICAL_SURFACE('',#9583,1.4,0.785398163397503);
#29=SHAPE_REPRESENTATION_RELATIONSHIP('SRR','None',#14790,#32);
#30=SHAPE_REPRESENTATION_RELATIONSHIP('SRR','None',#14791,#33);
#31=SHAPE_REPRESENTATION_RELATIONSHIP('SRR','None',#14792,#34);
#32=ADVANCED_BREP_SHAPE_REPRESENTATION('',(#38),#14770);
#33=ADVANCED_BREP_SHAPE_REPRESENTATION('',(#39),#14771);
#34=ADVANCED_BREP_SHAPE_REPRESENTATION('',(#40),#14772);
#35=STYLED_ITEM('',(#14814),#38);
#36=STYLED_ITEM('',(#14815),#39);
#37=STYLED_ITEM('',(#14816),#40);
#38=MANIFOLD_SOLID_BREP('Body1',#9016);
#39=MANIFOLD_SOLID_BREP('Body1',#9017);
#40=MANIFOLD_SOLID_BREP('Body1',#9018);
#41=CYLINDRICAL_SURFACE('',#9165,2.98);
#42=CYLINDRICAL_SURFACE('',#9176,13.7848585180386);
#43=CYLINDRICAL_SURFACE('',#9178,20.0001247965971);
#44=CYLINDRICAL_SURFACE('',#9179,9.53665329327062);
#45=CYLINDRICAL_SURFACE('',#9185,2.98);
#46=CYLINDRICAL_SURFACE('',#9190,2.98);
#47=CYLINDRICAL_SURFACE('',#9193,20.0001247965971);
#48=CYLINDRICAL_SURFACE('',#9195,9.53665329327062);
#49=CYLINDRICAL_SURFACE('',#9196,13.7848585180386);
#50=CYLINDRICAL_SURFACE('',#9199,20.0001247965971);
#51=CYLINDRICAL_SURFACE('',#9202,20.0001247965971);
#52=CYLINDRICAL_SURFACE('',#9206,9.53665329327062);
#53=CYLINDRICAL_SURFACE('',#9209,20.0001247965971);
#54=CYLINDRICAL_SURFACE('',#9210,16.5000588809659);
#55=CYLINDRICAL_SURFACE('',#9211,10.2847624490453);
#56=CYLINDRICAL_SURFACE('',#9212,3.50018491795778);
#57=CYLINDRICAL_SURFACE('',#9213,6.03634357106366);
#58=CYLINDRICAL_SURFACE('',#9216,13.7848585180386);
#59=CYLINDRICAL_SURFACE('',#9217,20.0001247965971);
#60=CYLINDRICAL_SURFACE('',#9224,4.24);
#61=CYLINDRICAL_SURFACE('',#9228,4.24);
#62=CYLINDRICAL_SURFACE('',#9313,2.98);
#63=CYLINDRICAL_SURFACE('',#9318,2.98);
#64=CYLINDRICAL_SURFACE('',#9320,16.5000588809659);
#65=CYLINDRICAL_SURFACE('',#9322,10.2847624490453);
#66=CYLINDRICAL_SURFACE('',#9324,3.50018491795778);
#67=CYLINDRICAL_SURFACE('',#9326,6.03634357106366);
#68=CYLINDRICAL_SURFACE('',#9331,9.53665329327062);
#69=CYLINDRICAL_SURFACE('',#9334,4.24);
#70=CYLINDRICAL_SURFACE('',#9339,4.24);
#71=CYLINDRICAL_SURFACE('',#9349,13.7848585180386);
#72=CYLINDRICAL_SURFACE('',#9351,20.0001247965971);
#73=CYLINDRICAL_SURFACE('',#9357,2.98);
#74=CYLINDRICAL_SURFACE('',#9361,9.53665329327062);
#75=CYLINDRICAL_SURFACE('',#9363,13.7848585180386);
#76=CYLINDRICAL_SURFACE('',#9369,20.0001247965971);
#77=CYLINDRICAL_SURFACE('',#9373,20.0001247965971);
#78=CYLINDRICAL_SURFACE('',#9380,20.0001247965971);
#79=CYLINDRICAL_SURFACE('',#9382,9.53665329327062);
#80=CYLINDRICAL_SURFACE('',#9387,20.0001247965971);
#81=CYLINDRICAL_SURFACE('',#9393,20.0001247965971);
#82=CYLINDRICAL_SURFACE('',#9402,13.7848585180386);
#83=CYLINDRICAL_SURFACE('',#9425,1.85);
#84=CYLINDRICAL_SURFACE('',#9460,1.85);
#85=CYLINDRICAL_SURFACE('',#9498,3.2);
#86=CYLINDRICAL_SURFACE('',#9500,3.2);
#87=CYLINDRICAL_SURFACE('',#9502,1.85);
#88=CYLINDRICAL_SURFACE('',#9503,3.2);
#89=CYLINDRICAL_SURFACE('',#9596,1.6);
#90=CYLINDRICAL_SURFACE('',#9600,1.6);
#91=CYLINDRICAL_SURFACE('',#9603,1.6);
#92=CYLINDRICAL_SURFACE('',#9606,1.6);
#93=CYLINDRICAL_SURFACE('',#9610,1.6);
#94=CYLINDRICAL_SURFACE('',#9614,1.6);
#95=B_SPLINE_SURFACE_WITH_KNOTS('',3,3,((#12556,#12557,#12558,#12559,#12560,
#12561),(#12562,#12563,#12564,#12565,#12566,#12567),(#12568,#12569,#12570,
#12571,#12572,#12573),(#12574,#12575,#12576,#12577,#12578,#12579)),
 .UNSPECIFIED.,.F.,.F.,.F.,(4,4),(4,2,4),(0.,1.),(-0.126041224357516,-0.0630206112643982,
5.55111512312578E-17),.UNSPECIFIED.);
#96=B_SPLINE_SURFACE_WITH_KNOTS('',3,3,((#12627,#12628,#12629,#12630,#12631,
#12632),(#12633,#12634,#12635,#12636,#12637,#12638),(#12639,#12640,#12641,
#12642,#12643,#12644),(#12645,#12646,#12647,#12648,#12649,#12650)),
 .UNSPECIFIED.,.F.,.F.,.F.,(4,4),(4,2,4),(0.,1.),(-0.126023604287429,-0.063011780067464,
1.34747008985728E-14),.UNSPECIFIED.);
#97=B_SPLINE_SURFACE_WITH_KNOTS('',3,3,((#12680,#12681,#12682,#12683,#12684,
#12685),(#12686,#12687,#12688,#12689,#12690,#12691),(#12692,#12693,#12694,
#12695,#12696,#12697),(#12698,#12699,#12700,#12701,#12702,#12703)),
 .UNSPECIFIED.,.F.,.F.,.F.,(4,4),(4,2,4),(0.,1.),(-0.126041229554308,-0.0630206156916245,
4.15858194444001E-17),.UNSPECIFIED.);
#98=B_SPLINE_SURFACE_WITH_KNOTS('',3,3,((#12740,#12741,#12742,#12743,#12744,
#12745),(#12746,#12747,#12748,#12749,#12750,#12751),(#12752,#12753,#12754,
#12755,#12756,#12757),(#12758,#12759,#12760,#12761,#12762,#12763)),
 .UNSPECIFIED.,.F.,.F.,.F.,(4,4),(4,2,4),(0.,1.),(-0.126022114441553,-0.0630110348913833,
3.99680288865056E-15),.UNSPECIFIED.);
#99=B_SPLINE_SURFACE_WITH_KNOTS('',3,3,((#12789,#12790,#12791,#12792,#12793,
#12794),(#12795,#12796,#12797,#12798,#12799,#12800),(#12801,#12802,#12803,
#12804,#12805,#12806),(#12807,#12808,#12809,#12810,#12811,#12812)),
 .UNSPECIFIED.,.F.,.F.,.F.,(4,4),(4,2,4),(0.,1.),(-0.126038866419699,-0.0630194550085341,
4.44089209850063E-16),.UNSPECIFIED.);
#100=B_SPLINE_SURFACE_WITH_KNOTS('',3,3,((#12838,#12839,#12840,#12841,#12842,
#12843),(#12844,#12845,#12846,#12847,#12848,#12849),(#12850,#12851,#12852,
#12853,#12854,#12855),(#12856,#12857,#12858,#12859,#12860,#12861)),
 .UNSPECIFIED.,.F.,.F.,.F.,(4,4),(4,2,4),(0.,1.),(-0.126021915772281,-0.0630109355682383,
5.28466159721575E-14),.UNSPECIFIED.);
#101=B_SPLINE_CURVE_WITH_KNOTS('',3,(#12355,#12356,#12357,#12358,#12359,
#12360),.UNSPECIFIED.,.F.,.F.,(4,2,4),(0.00395649690156794,0.063011780067464,
0.120034669588126),.UNSPECIFIED.);
#102=B_SPLINE_CURVE_WITH_KNOTS('',3,(#12404,#12405,#12406,#12407,#12408,
#12409),.UNSPECIFIED.,.F.,.F.,(4,2,4),(0.00443060373213133,0.0630109355682383,
0.120506983053986),.UNSPECIFIED.);
#103=B_SPLINE_CURVE_WITH_KNOTS('',3,(#12426,#12427,#12428,#12429,#12430,
#12431),.UNSPECIFIED.,.F.,.F.,(4,2,4),(0.00792972174744044,0.0630206156916245,
0.124020939609586),.UNSPECIFIED.);
#104=B_SPLINE_CURVE_WITH_KNOTS('',3,(#12442,#12443,#12444,#12445,#12446,
#12447),.UNSPECIFIED.,.F.,.F.,(4,2,4),(0.00220000391626174,0.0630194550085341,
0.118289600887689),.UNSPECIFIED.);
#105=B_SPLINE_CURVE_WITH_KNOTS('',3,(#12487,#12488,#12489,#12490,#12491,
#12492),.UNSPECIFIED.,.F.,.F.,(4,2,4),(0.00202067341308099,0.0630206112643982,
0.118111887218106),.UNSPECIFIED.);
#106=B_SPLINE_CURVE_WITH_KNOTS('',3,(#12512,#12513,#12514,#12515,#12516,
#12517),.UNSPECIFIED.,.F.,.F.,(4,2,4),(0.00435576073290234,0.0630110348913833,
0.120432295493777),.UNSPECIFIED.);
#107=B_SPLINE_CURVE_WITH_KNOTS('',3,(#12581,#12582,#12583,#12584,#12585,
#12586),.UNSPECIFIED.,.F.,.F.,(4,2,4),(0.,0.127228734135666,0.254465149291278),
 .UNSPECIFIED.);
#108=B_SPLINE_CURVE_WITH_KNOTS('',3,(#12588,#12589,#12590,#12591,#12592,
#12593),.UNSPECIFIED.,.F.,.F.,(4,2,4),(0.,0.127287949006401,0.254577173004602),
 .UNSPECIFIED.);
#109=B_SPLINE_CURVE_WITH_KNOTS('',3,(#12594,#12595,#12596,#12597,#12598,
#12599),.UNSPECIFIED.,.F.,.F.,(4,2,4),(0.,0.0630206112643982,0.126041224357516),
 .UNSPECIFIED.);
#110=B_SPLINE_CURVE_WITH_KNOTS('',3,(#12652,#12653,#12654,#12655,#12656,
#12657),.UNSPECIFIED.,.F.,.F.,(4,2,4),(0.,0.127241662021682,0.254489786619975),
 .UNSPECIFIED.);
#111=B_SPLINE_CURVE_WITH_KNOTS('',3,(#12659,#12660,#12661,#12662,#12663,
#12664),.UNSPECIFIED.,.F.,.F.,(4,2,4),(0.,0.127262112296636,0.254519758484238),
 .UNSPECIFIED.);
#112=B_SPLINE_CURVE_WITH_KNOTS('',3,(#12665,#12666,#12667,#12668,#12669,
#12670),.UNSPECIFIED.,.F.,.F.,(4,2,4),(0.,0.063011780067464,0.126023604287429),
 .UNSPECIFIED.);
#113=B_SPLINE_CURVE_WITH_KNOTS('',3,(#12705,#12706,#12707,#12708,#12709,
#12710),.UNSPECIFIED.,.F.,.F.,(4,2,4),(0.,0.127288335587983,0.254590248350383),
 .UNSPECIFIED.);
#114=B_SPLINE_CURVE_WITH_KNOTS('',3,(#12712,#12713,#12714,#12715,#12716,
#12717),.UNSPECIFIED.,.F.,.F.,(4,2,4),(0.,0.1272294710881,0.254452128944941),
 .UNSPECIFIED.);
#115=B_SPLINE_CURVE_WITH_KNOTS('',3,(#12718,#12719,#12720,#12721,#12722,
#12723),.UNSPECIFIED.,.F.,.F.,(4,2,4),(0.,0.0630206156916245,0.126041229554308),
 .UNSPECIFIED.);
#116=B_SPLINE_CURVE_WITH_KNOTS('',3,(#12765,#12766,#12767,#12768,#12769,
#12770),.UNSPECIFIED.,.F.,.F.,(4,2,4),(0.,0.127257403137043,0.254509918365133),
 .UNSPECIFIED.);
#117=B_SPLINE_CURVE_WITH_KNOTS('',3,(#12772,#12773,#12774,#12775,#12776,
#12777),.UNSPECIFIED.,.F.,.F.,(4,2,4),(0.,0.0630110348913833,0.126022114441552),
 .UNSPECIFIED.);
#118=B_SPLINE_CURVE_WITH_KNOTS('',3,(#12778,#12779,#12780,#12781,#12782,
#12783),.UNSPECIFIED.,.F.,.F.,(4,2,4),(0.,0.127245322666982,0.254496838964359),
 .UNSPECIFIED.);
#119=B_SPLINE_CURVE_WITH_KNOTS('',3,(#12814,#12815,#12816,#12817,#12818,
#12819),.UNSPECIFIED.,.F.,.F.,(4,2,4),(0.,0.127229709164315,0.254466766016439),
 .UNSPECIFIED.);
#120=B_SPLINE_CURVE_WITH_KNOTS('',3,(#12821,#12822,#12823,#12824,#12825,
#12826),.UNSPECIFIED.,.F.,.F.,(4,2,4),(0.,0.127286711982754,0.254571173992466),
 .UNSPECIFIED.);
#121=B_SPLINE_CURVE_WITH_KNOTS('',3,(#12827,#12828,#12829,#12830,#12831,
#12832),.UNSPECIFIED.,.F.,.F.,(4,2,4),(0.,0.0630194550085338,0.126038866419647),
 .UNSPECIFIED.);
#122=B_SPLINE_CURVE_WITH_KNOTS('',3,(#12863,#12864,#12865,#12866,#12867,
#12868),.UNSPECIFIED.,.F.,.F.,(4,2,4),(0.,0.127246049085509,0.254498238083208),
 .UNSPECIFIED.);
#123=B_SPLINE_CURVE_WITH_KNOTS('',3,(#12870,#12871,#12872,#12873,#12874,
#12875),.UNSPECIFIED.,.F.,.F.,(4,2,4),(0.,0.127256556682993,0.254508149532427),
 .UNSPECIFIED.);
#124=B_SPLINE_CURVE_WITH_KNOTS('',3,(#12876,#12877,#12878,#12879,#12880,
#12881),.UNSPECIFIED.,.F.,.F.,(4,2,4),(0.,0.0630109355682383,0.126021915772281),
 .UNSPECIFIED.);
#125=FACE_BOUND('',#775,.T.);
#126=FACE_BOUND('',#776,.T.);
#127=FACE_BOUND('',#777,.T.);
#128=FACE_BOUND('',#778,.T.);
#129=FACE_BOUND('',#779,.T.);
#130=FACE_BOUND('',#780,.T.);
#131=FACE_BOUND('',#781,.T.);
#132=FACE_BOUND('',#782,.T.);
#133=FACE_BOUND('',#783,.T.);
#134=FACE_BOUND('',#784,.T.);
#135=FACE_BOUND('',#785,.T.);
#136=FACE_BOUND('',#786,.T.);
#137=FACE_BOUND('',#787,.T.);
#138=FACE_BOUND('',#788,.T.);
#139=FACE_BOUND('',#789,.T.);
#140=FACE_BOUND('',#790,.T.);
#141=FACE_BOUND('',#804,.T.);
#142=FACE_BOUND('',#842,.T.);
#143=FACE_BOUND('',#937,.T.);
#144=FACE_BOUND('',#968,.T.);
#145=FACE_BOUND('',#1049,.T.);
#146=FACE_BOUND('',#1050,.T.);
#147=FACE_BOUND('',#1051,.T.);
#148=FACE_BOUND('',#1052,.T.);
#149=FACE_BOUND('',#1053,.T.);
#150=FACE_BOUND('',#1054,.T.);
#151=FACE_BOUND('',#1055,.T.);
#152=FACE_BOUND('',#1056,.T.);
#153=FACE_BOUND('',#1057,.T.);
#154=FACE_BOUND('',#1058,.T.);
#155=FACE_BOUND('',#1059,.T.);
#156=FACE_BOUND('',#1060,.T.);
#157=FACE_BOUND('',#1061,.T.);
#158=FACE_BOUND('',#1062,.T.);
#159=FACE_BOUND('',#1063,.T.);
#160=FACE_BOUND('',#1064,.T.);
#161=FACE_BOUND('',#1075,.T.);
#162=FACE_BOUND('',#1076,.T.);
#163=FACE_BOUND('',#1077,.T.);
#164=FACE_BOUND('',#1078,.T.);
#165=FACE_BOUND('',#1150,.T.);
#166=FACE_BOUND('',#1151,.T.);
#167=FACE_BOUND('',#1152,.T.);
#168=FACE_BOUND('',#1153,.T.);
#169=CIRCLE('',#9074,13.7848585180386);
#170=CIRCLE('',#9075,4.24);
#171=CIRCLE('',#9076,4.24);
#172=CIRCLE('',#9077,9.53665329327062);
#173=CIRCLE('',#9078,13.7848585180386);
#174=CIRCLE('',#9079,20.0001247965971);
#175=CIRCLE('',#9080,6.03634357106366);
#176=CIRCLE('',#9081,16.5000588809659);
#177=CIRCLE('',#9082,10.2847624490453);
#178=CIRCLE('',#9083,3.50018491795778);
#179=CIRCLE('',#9084,20.0001247965971);
#180=CIRCLE('',#9085,9.53665329327062);
#181=CIRCLE('',#9086,20.0001247965971);
#182=CIRCLE('',#9087,20.0001247965971);
#183=CIRCLE('',#9088,20.0001247965971);
#184=CIRCLE('',#9089,2.98);
#185=CIRCLE('',#9090,2.98);
#186=CIRCLE('',#9091,20.0001247965971);
#187=CIRCLE('',#9092,9.53665329327062);
#188=CIRCLE('',#9093,13.7848585180386);
#189=CIRCLE('',#9094,2.98);
#190=CIRCLE('',#9110,13.7848585180386);
#191=CIRCLE('',#9114,4.24);
#192=CIRCLE('',#9115,4.24);
#193=CIRCLE('',#9116,2.98);
#194=CIRCLE('',#9122,2.98);
#195=CIRCLE('',#9126,2.98);
#196=CIRCLE('',#9145,13.7848585180386);
#197=CIRCLE('',#9146,9.53665329327062);
#198=CIRCLE('',#9147,9.53665329327062);
#199=CIRCLE('',#9148,9.53665329327062);
#200=CIRCLE('',#9149,20.0001247965971);
#201=CIRCLE('',#9150,20.0001247965971);
#202=CIRCLE('',#9151,20.0001247965971);
#203=CIRCLE('',#9152,20.0001247965971);
#204=CIRCLE('',#9153,20.0001247965971);
#205=CIRCLE('',#9154,20.0001247965971);
#206=CIRCLE('',#9155,13.7848585180386);
#207=CIRCLE('',#9156,13.7848585180386);
#208=CIRCLE('',#9157,13.7848585180386);
#209=CIRCLE('',#9158,6.03634357106366);
#210=CIRCLE('',#9159,3.50018491795778);
#211=CIRCLE('',#9160,10.2847624490453);
#212=CIRCLE('',#9161,16.5000588809659);
#213=CIRCLE('',#9259,13.7848585180386);
#214=CIRCLE('',#9287,2.98);
#215=CIRCLE('',#9288,4.24);
#216=CIRCLE('',#9289,4.24);
#217=CIRCLE('',#9291,13.7848585180386);
#218=CIRCLE('',#9292,13.7848585180386);
#219=CIRCLE('',#9293,13.7848585180386);
#220=CIRCLE('',#9294,9.53665329327062);
#221=CIRCLE('',#9295,9.53665329327062);
#222=CIRCLE('',#9296,9.53665329327062);
#223=CIRCLE('',#9297,20.0001247965971);
#224=CIRCLE('',#9298,2.98);
#225=CIRCLE('',#9299,20.0001247965971);
#226=CIRCLE('',#9300,20.0001247965971);
#227=CIRCLE('',#9301,20.0001247965971);
#228=CIRCLE('',#9302,2.98);
#229=CIRCLE('',#9303,20.0001247965971);
#230=CIRCLE('',#9304,20.0001247965971);
#231=CIRCLE('',#9305,13.7848585180386);
#232=CIRCLE('',#9306,6.03634357106366);
#233=CIRCLE('',#9307,3.50018491795778);
#234=CIRCLE('',#9308,10.2847624490453);
#235=CIRCLE('',#9309,16.5000588809659);
#236=CIRCLE('',#9314,2.98);
#237=CIRCLE('',#9319,2.98);
#238=CIRCLE('',#9321,16.5000588809659);
#239=CIRCLE('',#9323,10.2847624490453);
#240=CIRCLE('',#9325,3.50018491795778);
#241=CIRCLE('',#9327,6.03634357106366);
#242=CIRCLE('',#9332,9.53665329327062);
#243=CIRCLE('',#9335,4.24);
#244=CIRCLE('',#9340,4.24);
#245=CIRCLE('',#9350,13.7848585180386);
#246=CIRCLE('',#9352,20.0001247965971);
#247=CIRCLE('',#9358,2.98);
#248=CIRCLE('',#9362,9.53665329327062);
#249=CIRCLE('',#9364,13.7848585180386);
#250=CIRCLE('',#9370,20.0001247965971);
#251=CIRCLE('',#9374,20.0001247965971);
#252=CIRCLE('',#9381,20.0001247965971);
#253=CIRCLE('',#9383,9.53665329327062);
#254=CIRCLE('',#9388,20.0001247965971);
#255=CIRCLE('',#9394,20.0001247965971);
#256=CIRCLE('',#9403,13.7848585180386);
#257=CIRCLE('',#9414,3.2);
#258=CIRCLE('',#9416,3.2);
#259=CIRCLE('',#9419,3.2);
#260=CIRCLE('',#9420,3.2);
#261=CIRCLE('',#9423,3.2);
#262=CIRCLE('',#9426,1.85);
#263=CIRCLE('',#9427,1.85);
#264=CIRCLE('',#9428,1.85);
#265=CIRCLE('',#9429,1.85);
#266=CIRCLE('',#9430,1.85);
#267=CIRCLE('',#9431,1.85);
#268=CIRCLE('',#9433,1.85);
#269=CIRCLE('',#9434,1.85);
#270=CIRCLE('',#9445,1.2);
#271=CIRCLE('',#9449,3.2);
#272=CIRCLE('',#9451,3.2);
#273=CIRCLE('',#9452,3.2);
#274=CIRCLE('',#9455,3.2);
#275=CIRCLE('',#9458,3.2);
#276=CIRCLE('',#9461,1.85);
#277=CIRCLE('',#9462,1.85);
#278=CIRCLE('',#9463,1.85);
#279=CIRCLE('',#9464,1.85);
#280=CIRCLE('',#9465,1.85);
#281=CIRCLE('',#9475,1.2);
#282=CIRCLE('',#9479,3.2);
#283=CIRCLE('',#9481,3.2);
#284=CIRCLE('',#9484,1.85);
#285=CIRCLE('',#9486,1.85);
#286=CIRCLE('',#9488,3.2);
#287=CIRCLE('',#9491,3.2);
#288=CIRCLE('',#9492,3.2);
#289=CIRCLE('',#9495,1.85);
#290=CIRCLE('',#9497,1.85);
#291=CIRCLE('',#9499,3.2);
#292=CIRCLE('',#9501,3.2);
#293=CIRCLE('',#9504,3.2);
#294=CIRCLE('',#9533,1.6);
#295=CIRCLE('',#9542,1.6);
#296=CIRCLE('',#9543,1.2);
#297=CIRCLE('',#9553,1.6);
#298=CIRCLE('',#9557,1.6);
#299=CIRCLE('',#9558,1.2);
#300=CIRCLE('',#9567,1.6);
#301=CIRCLE('',#9568,1.2);
#302=CIRCLE('',#9584,1.2);
#303=CIRCLE('',#9585,1.6);
#304=CIRCLE('',#9597,1.6);
#305=CIRCLE('',#9601,1.6);
#306=CIRCLE('',#9604,1.6);
#307=CIRCLE('',#9607,1.6);
#308=CIRCLE('',#9611,1.6);
#309=CIRCLE('',#9615,1.6);
#310=FACE_OUTER_BOUND('',#756,.T.);
#311=FACE_OUTER_BOUND('',#757,.T.);
#312=FACE_OUTER_BOUND('',#758,.T.);
#313=FACE_OUTER_BOUND('',#759,.T.);
#314=FACE_OUTER_BOUND('',#760,.T.);
#315=FACE_OUTER_BOUND('',#761,.T.);
#316=FACE_OUTER_BOUND('',#762,.T.);
#317=FACE_OUTER_BOUND('',#763,.T.);
#318=FACE_OUTER_BOUND('',#764,.T.);
#319=FACE_OUTER_BOUND('',#765,.T.);
#320=FACE_OUTER_BOUND('',#766,.T.);
#321=FACE_OUTER_BOUND('',#767,.T.);
#322=FACE_OUTER_BOUND('',#768,.T.);
#323=FACE_OUTER_BOUND('',#769,.T.);
#324=FACE_OUTER_BOUND('',#770,.T.);
#325=FACE_OUTER_BOUND('',#771,.T.);
#326=FACE_OUTER_BOUND('',#772,.T.);
#327=FACE_OUTER_BOUND('',#773,.T.);
#328=FACE_OUTER_BOUND('',#774,.T.);
#329=FACE_OUTER_BOUND('',#791,.T.);
#330=FACE_OUTER_BOUND('',#792,.T.);
#331=FACE_OUTER_BOUND('',#793,.T.);
#332=FACE_OUTER_BOUND('',#794,.T.);
#333=FACE_OUTER_BOUND('',#795,.T.);
#334=FACE_OUTER_BOUND('',#796,.T.);
#335=FACE_OUTER_BOUND('',#797,.T.);
#336=FACE_OUTER_BOUND('',#798,.T.);
#337=FACE_OUTER_BOUND('',#799,.T.);
#338=FACE_OUTER_BOUND('',#800,.T.);
#339=FACE_OUTER_BOUND('',#801,.T.);
#340=FACE_OUTER_BOUND('',#802,.T.);
#341=FACE_OUTER_BOUND('',#803,.T.);
#342=FACE_OUTER_BOUND('',#805,.T.);
#343=FACE_OUTER_BOUND('',#806,.T.);
#344=FACE_OUTER_BOUND('',#807,.T.);
#345=FACE_OUTER_BOUND('',#808,.T.);
#346=FACE_OUTER_BOUND('',#809,.T.);
#347=FACE_OUTER_BOUND('',#810,.T.);
#348=FACE_OUTER_BOUND('',#811,.T.);
#349=FACE_OUTER_BOUND('',#812,.T.);
#350=FACE_OUTER_BOUND('',#813,.T.);
#351=FACE_OUTER_BOUND('',#814,.T.);
#352=FACE_OUTER_BOUND('',#815,.T.);
#353=FACE_OUTER_BOUND('',#816,.T.);
#354=FACE_OUTER_BOUND('',#817,.T.);
#355=FACE_OUTER_BOUND('',#818,.T.);
#356=FACE_OUTER_BOUND('',#819,.T.);
#357=FACE_OUTER_BOUND('',#820,.T.);
#358=FACE_OUTER_BOUND('',#821,.T.);
#359=FACE_OUTER_BOUND('',#822,.T.);
#360=FACE_OUTER_BOUND('',#823,.T.);
#361=FACE_OUTER_BOUND('',#824,.T.);
#362=FACE_OUTER_BOUND('',#825,.T.);
#363=FACE_OUTER_BOUND('',#826,.T.);
#364=FACE_OUTER_BOUND('',#827,.T.);
#365=FACE_OUTER_BOUND('',#828,.T.);
#366=FACE_OUTER_BOUND('',#829,.T.);
#367=FACE_OUTER_BOUND('',#830,.T.);
#368=FACE_OUTER_BOUND('',#831,.T.);
#369=FACE_OUTER_BOUND('',#832,.T.);
#370=FACE_OUTER_BOUND('',#833,.T.);
#371=FACE_OUTER_BOUND('',#834,.T.);
#372=FACE_OUTER_BOUND('',#835,.T.);
#373=FACE_OUTER_BOUND('',#836,.T.);
#374=FACE_OUTER_BOUND('',#837,.T.);
#375=FACE_OUTER_BOUND('',#838,.T.);
#376=FACE_OUTER_BOUND('',#839,.T.);
#377=FACE_OUTER_BOUND('',#840,.T.);
#378=FACE_OUTER_BOUND('',#841,.T.);
#379=FACE_OUTER_BOUND('',#843,.T.);
#380=FACE_OUTER_BOUND('',#844,.T.);
#381=FACE_OUTER_BOUND('',#845,.T.);
#382=FACE_OUTER_BOUND('',#846,.T.);
#383=FACE_OUTER_BOUND('',#847,.T.);
#384=FACE_OUTER_BOUND('',#848,.T.);
#385=FACE_OUTER_BOUND('',#849,.T.);
#386=FACE_OUTER_BOUND('',#850,.T.);
#387=FACE_OUTER_BOUND('',#851,.T.);
#388=FACE_OUTER_BOUND('',#852,.T.);
#389=FACE_OUTER_BOUND('',#853,.T.);
#390=FACE_OUTER_BOUND('',#854,.T.);
#391=FACE_OUTER_BOUND('',#855,.T.);
#392=FACE_OUTER_BOUND('',#856,.T.);
#393=FACE_OUTER_BOUND('',#857,.T.);
#394=FACE_OUTER_BOUND('',#858,.T.);
#395=FACE_OUTER_BOUND('',#859,.T.);
#396=FACE_OUTER_BOUND('',#860,.T.);
#397=FACE_OUTER_BOUND('',#861,.T.);
#398=FACE_OUTER_BOUND('',#862,.T.);
#399=FACE_OUTER_BOUND('',#863,.T.);
#400=FACE_OUTER_BOUND('',#864,.T.);
#401=FACE_OUTER_BOUND('',#865,.T.);
#402=FACE_OUTER_BOUND('',#866,.T.);
#403=FACE_OUTER_BOUND('',#867,.T.);
#404=FACE_OUTER_BOUND('',#868,.T.);
#405=FACE_OUTER_BOUND('',#869,.T.);
#406=FACE_OUTER_BOUND('',#870,.T.);
#407=FACE_OUTER_BOUND('',#871,.T.);
#408=FACE_OUTER_BOUND('',#872,.T.);
#409=FACE_OUTER_BOUND('',#873,.T.);
#410=FACE_OUTER_BOUND('',#874,.T.);
#411=FACE_OUTER_BOUND('',#875,.T.);
#412=FACE_OUTER_BOUND('',#876,.T.);
#413=FACE_OUTER_BOUND('',#877,.T.);
#414=FACE_OUTER_BOUND('',#878,.T.);
#415=FACE_OUTER_BOUND('',#879,.T.);
#416=FACE_OUTER_BOUND('',#880,.T.);
#417=FACE_OUTER_BOUND('',#881,.T.);
#418=FACE_OUTER_BOUND('',#882,.T.);
#419=FACE_OUTER_BOUND('',#883,.T.);
#420=FACE_OUTER_BOUND('',#884,.T.);
#421=FACE_OUTER_BOUND('',#885,.T.);
#422=FACE_OUTER_BOUND('',#886,.T.);
#423=FACE_OUTER_BOUND('',#887,.T.);
#424=FACE_OUTER_BOUND('',#888,.T.);
#425=FACE_OUTER_BOUND('',#889,.T.);
#426=FACE_OUTER_BOUND('',#890,.T.);
#427=FACE_OUTER_BOUND('',#891,.T.);
#428=FACE_OUTER_BOUND('',#892,.T.);
#429=FACE_OUTER_BOUND('',#893,.T.);
#430=FACE_OUTER_BOUND('',#894,.T.);
#431=FACE_OUTER_BOUND('',#895,.T.);
#432=FACE_OUTER_BOUND('',#896,.T.);
#433=FACE_OUTER_BOUND('',#897,.T.);
#434=FACE_OUTER_BOUND('',#898,.T.);
#435=FACE_OUTER_BOUND('',#899,.T.);
#436=FACE_OUTER_BOUND('',#900,.T.);
#437=FACE_OUTER_BOUND('',#901,.T.);
#438=FACE_OUTER_BOUND('',#902,.T.);
#439=FACE_OUTER_BOUND('',#903,.T.);
#440=FACE_OUTER_BOUND('',#904,.T.);
#441=FACE_OUTER_BOUND('',#905,.T.);
#442=FACE_OUTER_BOUND('',#906,.T.);
#443=FACE_OUTER_BOUND('',#907,.T.);
#444=FACE_OUTER_BOUND('',#908,.T.);
#445=FACE_OUTER_BOUND('',#909,.T.);
#446=FACE_OUTER_BOUND('',#910,.T.);
#447=FACE_OUTER_BOUND('',#911,.T.);
#448=FACE_OUTER_BOUND('',#912,.T.);
#449=FACE_OUTER_BOUND('',#913,.T.);
#450=FACE_OUTER_BOUND('',#914,.T.);
#451=FACE_OUTER_BOUND('',#915,.T.);
#452=FACE_OUTER_BOUND('',#916,.T.);
#453=FACE_OUTER_BOUND('',#917,.T.);
#454=FACE_OUTER_BOUND('',#918,.T.);
#455=FACE_OUTER_BOUND('',#919,.T.);
#456=FACE_OUTER_BOUND('',#920,.T.);
#457=FACE_OUTER_BOUND('',#921,.T.);
#458=FACE_OUTER_BOUND('',#922,.T.);
#459=FACE_OUTER_BOUND('',#923,.T.);
#460=FACE_OUTER_BOUND('',#924,.T.);
#461=FACE_OUTER_BOUND('',#925,.T.);
#462=FACE_OUTER_BOUND('',#926,.T.);
#463=FACE_OUTER_BOUND('',#927,.T.);
#464=FACE_OUTER_BOUND('',#928,.T.);
#465=FACE_OUTER_BOUND('',#929,.T.);
#466=FACE_OUTER_BOUND('',#930,.T.);
#467=FACE_OUTER_BOUND('',#931,.T.);
#468=FACE_OUTER_BOUND('',#932,.T.);
#469=FACE_OUTER_BOUND('',#933,.T.);
#470=FACE_OUTER_BOUND('',#934,.T.);
#471=FACE_OUTER_BOUND('',#935,.T.);
#472=FACE_OUTER_BOUND('',#936,.T.);
#473=FACE_OUTER_BOUND('',#938,.T.);
#474=FACE_OUTER_BOUND('',#939,.T.);
#475=FACE_OUTER_BOUND('',#940,.T.);
#476=FACE_OUTER_BOUND('',#941,.T.);
#477=FACE_OUTER_BOUND('',#942,.T.);
#478=FACE_OUTER_BOUND('',#943,.T.);
#479=FACE_OUTER_BOUND('',#944,.T.);
#480=FACE_OUTER_BOUND('',#945,.T.);
#481=FACE_OUTER_BOUND('',#946,.T.);
#482=FACE_OUTER_BOUND('',#947,.T.);
#483=FACE_OUTER_BOUND('',#948,.T.);
#484=FACE_OUTER_BOUND('',#949,.T.);
#485=FACE_OUTER_BOUND('',#950,.T.);
#486=FACE_OUTER_BOUND('',#951,.T.);
#487=FACE_OUTER_BOUND('',#952,.T.);
#488=FACE_OUTER_BOUND('',#953,.T.);
#489=FACE_OUTER_BOUND('',#954,.T.);
#490=FACE_OUTER_BOUND('',#955,.T.);
#491=FACE_OUTER_BOUND('',#956,.T.);
#492=FACE_OUTER_BOUND('',#957,.T.);
#493=FACE_OUTER_BOUND('',#958,.T.);
#494=FACE_OUTER_BOUND('',#959,.T.);
#495=FACE_OUTER_BOUND('',#960,.T.);
#496=FACE_OUTER_BOUND('',#961,.T.);
#497=FACE_OUTER_BOUND('',#962,.T.);
#498=FACE_OUTER_BOUND('',#963,.T.);
#499=FACE_OUTER_BOUND('',#964,.T.);
#500=FACE_OUTER_BOUND('',#965,.T.);
#501=FACE_OUTER_BOUND('',#966,.T.);
#502=FACE_OUTER_BOUND('',#967,.T.);
#503=FACE_OUTER_BOUND('',#969,.T.);
#504=FACE_OUTER_BOUND('',#970,.T.);
#505=FACE_OUTER_BOUND('',#971,.T.);
#506=FACE_OUTER_BOUND('',#972,.T.);
#507=FACE_OUTER_BOUND('',#973,.T.);
#508=FACE_OUTER_BOUND('',#974,.T.);
#509=FACE_OUTER_BOUND('',#975,.T.);
#510=FACE_OUTER_BOUND('',#976,.T.);
#511=FACE_OUTER_BOUND('',#977,.T.);
#512=FACE_OUTER_BOUND('',#978,.T.);
#513=FACE_OUTER_BOUND('',#979,.T.);
#514=FACE_OUTER_BOUND('',#980,.T.);
#515=FACE_OUTER_BOUND('',#981,.T.);
#516=FACE_OUTER_BOUND('',#982,.T.);
#517=FACE_OUTER_BOUND('',#983,.T.);
#518=FACE_OUTER_BOUND('',#984,.T.);
#519=FACE_OUTER_BOUND('',#985,.T.);
#520=FACE_OUTER_BOUND('',#986,.T.);
#521=FACE_OUTER_BOUND('',#987,.T.);
#522=FACE_OUTER_BOUND('',#988,.T.);
#523=FACE_OUTER_BOUND('',#989,.T.);
#524=FACE_OUTER_BOUND('',#990,.T.);
#525=FACE_OUTER_BOUND('',#991,.T.);
#526=FACE_OUTER_BOUND('',#992,.T.);
#527=FACE_OUTER_BOUND('',#993,.T.);
#528=FACE_OUTER_BOUND('',#994,.T.);
#529=FACE_OUTER_BOUND('',#995,.T.);
#530=FACE_OUTER_BOUND('',#996,.T.);
#531=FACE_OUTER_BOUND('',#997,.T.);
#532=FACE_OUTER_BOUND('',#998,.T.);
#533=FACE_OUTER_BOUND('',#999,.T.);
#534=FACE_OUTER_BOUND('',#1000,.T.);
#535=FACE_OUTER_BOUND('',#1001,.T.);
#536=FACE_OUTER_BOUND('',#1002,.T.);
#537=FACE_OUTER_BOUND('',#1003,.T.);
#538=FACE_OUTER_BOUND('',#1004,.T.);
#539=FACE_OUTER_BOUND('',#1005,.T.);
#540=FACE_OUTER_BOUND('',#1006,.T.);
#541=FACE_OUTER_BOUND('',#1007,.T.);
#542=FACE_OUTER_BOUND('',#1008,.T.);
#543=FACE_OUTER_BOUND('',#1009,.T.);
#544=FACE_OUTER_BOUND('',#1010,.T.);
#545=FACE_OUTER_BOUND('',#1011,.T.);
#546=FACE_OUTER_BOUND('',#1012,.T.);
#547=FACE_OUTER_BOUND('',#1013,.T.);
#548=FACE_OUTER_BOUND('',#1014,.T.);
#549=FACE_OUTER_BOUND('',#1015,.T.);
#550=FACE_OUTER_BOUND('',#1016,.T.);
#551=FACE_OUTER_BOUND('',#1017,.T.);
#552=FACE_OUTER_BOUND('',#1018,.T.);
#553=FACE_OUTER_BOUND('',#1019,.T.);
#554=FACE_OUTER_BOUND('',#1020,.T.);
#555=FACE_OUTER_BOUND('',#1021,.T.);
#556=FACE_OUTER_BOUND('',#1022,.T.);
#557=FACE_OUTER_BOUND('',#1023,.T.);
#558=FACE_OUTER_BOUND('',#1024,.T.);
#559=FACE_OUTER_BOUND('',#1025,.T.);
#560=FACE_OUTER_BOUND('',#1026,.T.);
#561=FACE_OUTER_BOUND('',#1027,.T.);
#562=FACE_OUTER_BOUND('',#1028,.T.);
#563=FACE_OUTER_BOUND('',#1029,.T.);
#564=FACE_OUTER_BOUND('',#1030,.T.);
#565=FACE_OUTER_BOUND('',#1031,.T.);
#566=FACE_OUTER_BOUND('',#1032,.T.);
#567=FACE_OUTER_BOUND('',#1033,.T.);
#568=FACE_OUTER_BOUND('',#1034,.T.);
#569=FACE_OUTER_BOUND('',#1035,.T.);
#570=FACE_OUTER_BOUND('',#1036,.T.);
#571=FACE_OUTER_BOUND('',#1037,.T.);
#572=FACE_OUTER_BOUND('',#1038,.T.);
#573=FACE_OUTER_BOUND('',#1039,.T.);
#574=FACE_OUTER_BOUND('',#1040,.T.);
#575=FACE_OUTER_BOUND('',#1041,.T.);
#576=FACE_OUTER_BOUND('',#1042,.T.);
#577=FACE_OUTER_BOUND('',#1043,.T.);
#578=FACE_OUTER_BOUND('',#1044,.T.);
#579=FACE_OUTER_BOUND('',#1045,.T.);
#580=FACE_OUTER_BOUND('',#1046,.T.);
#581=FACE_OUTER_BOUND('',#1047,.T.);
#582=FACE_OUTER_BOUND('',#1048,.T.);
#583=FACE_OUTER_BOUND('',#1065,.T.);
#584=FACE_OUTER_BOUND('',#1066,.T.);
#585=FACE_OUTER_BOUND('',#1067,.T.);
#586=FACE_OUTER_BOUND('',#1068,.T.);
#587=FACE_OUTER_BOUND('',#1069,.T.);
#588=FACE_OUTER_BOUND('',#1070,.T.);
#589=FACE_OUTER_BOUND('',#1071,.T.);
#590=FACE_OUTER_BOUND('',#1072,.T.);
#591=FACE_OUTER_BOUND('',#1073,.T.);
#592=FACE_OUTER_BOUND('',#1074,.T.);
#593=FACE_OUTER_BOUND('',#1079,.T.);
#594=FACE_OUTER_BOUND('',#1080,.T.);
#595=FACE_OUTER_BOUND('',#1081,.T.);
#596=FACE_OUTER_BOUND('',#1082,.T.);
#597=FACE_OUTER_BOUND('',#1083,.T.);
#598=FACE_OUTER_BOUND('',#1084,.T.);
#599=FACE_OUTER_BOUND('',#1085,.T.);
#600=FACE_OUTER_BOUND('',#1086,.T.);
#601=FACE_OUTER_BOUND('',#1087,.T.);
#602=FACE_OUTER_BOUND('',#1088,.T.);
#603=FACE_OUTER_BOUND('',#1089,.T.);
#604=FACE_OUTER_BOUND('',#1090,.T.);
#605=FACE_OUTER_BOUND('',#1091,.T.);
#606=FACE_OUTER_BOUND('',#1092,.T.);
#607=FACE_OUTER_BOUND('',#1093,.T.);
#608=FACE_OUTER_BOUND('',#1094,.T.);
#609=FACE_OUTER_BOUND('',#1095,.T.);
#610=FACE_OUTER_BOUND('',#1096,.T.);
#611=FACE_OUTER_BOUND('',#1097,.T.);
#612=FACE_OUTER_BOUND('',#1098,.T.);
#613=FACE_OUTER_BOUND('',#1099,.T.);
#614=FACE_OUTER_BOUND('',#1100,.T.);
#615=FACE_OUTER_BOUND('',#1101,.T.);
#616=FACE_OUTER_BOUND('',#1102,.T.);
#617=FACE_OUTER_BOUND('',#1103,.T.);
#618=FACE_OUTER_BOUND('',#1104,.T.);
#619=FACE_OUTER_BOUND('',#1105,.T.);
#620=FACE_OUTER_BOUND('',#1106,.T.);
#621=FACE_OUTER_BOUND('',#1107,.T.);
#622=FACE_OUTER_BOUND('',#1108,.T.);
#623=FACE_OUTER_BOUND('',#1109,.T.);
#624=FACE_OUTER_BOUND('',#1110,.T.);
#625=FACE_OUTER_BOUND('',#1111,.T.);
#626=FACE_OUTER_BOUND('',#1112,.T.);
#627=FACE_OUTER_BOUND('',#1113,.T.);
#628=FACE_OUTER_BOUND('',#1114,.T.);
#629=FACE_OUTER_BOUND('',#1115,.T.);
#630=FACE_OUTER_BOUND('',#1116,.T.);
#631=FACE_OUTER_BOUND('',#1117,.T.);
#632=FACE_OUTER_BOUND('',#1118,.T.);
#633=FACE_OUTER_BOUND('',#1119,.T.);
#634=FACE_OUTER_BOUND('',#1120,.T.);
#635=FACE_OUTER_BOUND('',#1121,.T.);
#636=FACE_OUTER_BOUND('',#1122,.T.);
#637=FACE_OUTER_BOUND('',#1123,.T.);
#638=FACE_OUTER_BOUND('',#1124,.T.);
#639=FACE_OUTER_BOUND('',#1125,.T.);
#640=FACE_OUTER_BOUND('',#1126,.T.);
#641=FACE_OUTER_BOUND('',#1127,.T.);
#642=FACE_OUTER_BOUND('',#1128,.T.);
#643=FACE_OUTER_BOUND('',#1129,.T.);
#644=FACE_OUTER_BOUND('',#1130,.T.);
#645=FACE_OUTER_BOUND('',#1131,.T.);
#646=FACE_OUTER_BOUND('',#1132,.T.);
#647=FACE_OUTER_BOUND('',#1133,.T.);
#648=FACE_OUTER_BOUND('',#1134,.T.);
#649=FACE_OUTER_BOUND('',#1135,.T.);
#650=FACE_OUTER_BOUND('',#1136,.T.);
#651=FACE_OUTER_BOUND('',#1137,.T.);
#652=FACE_OUTER_BOUND('',#1138,.T.);
#653=FACE_OUTER_BOUND('',#1139,.T.);
#654=FACE_OUTER_BOUND('',#1140,.T.);
#655=FACE_OUTER_BOUND('',#1141,.T.);
#656=FACE_OUTER_BOUND('',#1142,.T.);
#657=FACE_OUTER_BOUND('',#1143,.T.);
#658=FACE_OUTER_BOUND('',#1144,.T.);
#659=FACE_OUTER_BOUND('',#1145,.T.);
#660=FACE_OUTER_BOUND('',#1146,.T.);
#661=FACE_OUTER_BOUND('',#1147,.T.);
#662=FACE_OUTER_BOUND('',#1148,.T.);
#663=FACE_OUTER_BOUND('',#1149,.T.);
#664=FACE_OUTER_BOUND('',#1154,.T.);
#665=FACE_OUTER_BOUND('',#1155,.T.);
#666=FACE_OUTER_BOUND('',#1156,.T.);
#667=FACE_OUTER_BOUND('',#1157,.T.);
#668=FACE_OUTER_BOUND('',#1158,.T.);
#669=FACE_OUTER_BOUND('',#1159,.T.);
#670=FACE_OUTER_BOUND('',#1160,.T.);
#671=FACE_OUTER_BOUND('',#1161,.T.);
#672=FACE_OUTER_BOUND('',#1162,.T.);
#673=FACE_OUTER_BOUND('',#1163,.T.);
#674=FACE_OUTER_BOUND('',#1164,.T.);
#675=FACE_OUTER_BOUND('',#1165,.T.);
#676=FACE_OUTER_BOUND('',#1166,.T.);
#677=FACE_OUTER_BOUND('',#1167,.T.);
#678=FACE_OUTER_BOUND('',#1168,.T.);
#679=FACE_OUTER_BOUND('',#1169,.T.);
#680=FACE_OUTER_BOUND('',#1170,.T.);
#681=FACE_OUTER_BOUND('',#1171,.T.);
#682=FACE_OUTER_BOUND('',#1172,.T.);
#683=FACE_OUTER_BOUND('',#1173,.T.);
#684=FACE_OUTER_BOUND('',#1174,.T.);
#685=FACE_OUTER_BOUND('',#1175,.T.);
#686=FACE_OUTER_BOUND('',#1176,.T.);
#687=FACE_OUTER_BOUND('',#1177,.T.);
#688=FACE_OUTER_BOUND('',#1178,.T.);
#689=FACE_OUTER_BOUND('',#1179,.T.);
#690=FACE_OUTER_BOUND('',#1180,.T.);
#691=FACE_OUTER_BOUND('',#1181,.T.);
#692=FACE_OUTER_BOUND('',#1182,.T.);
#693=FACE_OUTER_BOUND('',#1183,.T.);
#694=FACE_OUTER_BOUND('',#1184,.T.);
#695=FACE_OUTER_BOUND('',#1185,.T.);
#696=FACE_OUTER_BOUND('',#1186,.T.);
#697=FACE_OUTER_BOUND('',#1187,.T.);
#698=FACE_OUTER_BOUND('',#1188,.T.);
#699=FACE_OUTER_BOUND('',#1189,.T.);
#700=FACE_OUTER_BOUND('',#1190,.T.);
#701=FACE_OUTER_BOUND('',#1191,.T.);
#702=FACE_OUTER_BOUND('',#1192,.T.);
#703=FACE_OUTER_BOUND('',#1193,.T.);
#704=FACE_OUTER_BOUND('',#1194,.T.);
#705=FACE_OUTER_BOUND('',#1195,.T.);
#706=FACE_OUTER_BOUND('',#1196,.T.);
#707=FACE_OUTER_BOUND('',#1197,.T.);
#708=FACE_OUTER_BOUND('',#1198,.T.);
#709=FACE_OUTER_BOUND('',#1199,.T.);
#710=FACE_OUTER_BOUND('',#1200,.T.);
#711=FACE_OUTER_BOUND('',#1201,.T.);
#712=FACE_OUTER_BOUND('',#1202,.T.);
#713=FACE_OUTER_BOUND('',#1203,.T.);
#714=FACE_OUTER_BOUND('',#1204,.T.);
#715=FACE_OUTER_BOUND('',#1205,.T.);
#716=FACE_OUTER_BOUND('',#1206,.T.);
#717=FACE_OUTER_BOUND('',#1207,.T.);
#718=FACE_OUTER_BOUND('',#1208,.T.);
#719=FACE_OUTER_BOUND('',#1209,.T.);
#720=FACE_OUTER_BOUND('',#1210,.T.);
#721=FACE_OUTER_BOUND('',#1211,.T.);
#722=FACE_OUTER_BOUND('',#1212,.T.);
#723=FACE_OUTER_BOUND('',#1213,.T.);
#724=FACE_OUTER_BOUND('',#1214,.T.);
#725=FACE_OUTER_BOUND('',#1215,.T.);
#726=FACE_OUTER_BOUND('',#1216,.T.);
#727=FACE_OUTER_BOUND('',#1217,.T.);
#728=FACE_OUTER_BOUND('',#1218,.T.);
#729=FACE_OUTER_BOUND('',#1219,.T.);
#730=FACE_OUTER_BOUND('',#1220,.T.);
#731=FACE_OUTER_BOUND('',#1221,.T.);
#732=FACE_OUTER_BOUND('',#1222,.T.);
#733=FACE_OUTER_BOUND('',#1223,.T.);
#734=FACE_OUTER_BOUND('',#1224,.T.);
#735=FACE_OUTER_BOUND('',#1225,.T.);
#736=FACE_OUTER_BOUND('',#1226,.T.);
#737=FACE_OUTER_BOUND('',#1227,.T.);
#738=FACE_OUTER_BOUND('',#1228,.T.);
#739=FACE_OUTER_BOUND('',#1229,.T.);
#740=FACE_OUTER_BOUND('',#1230,.T.);
#741=FACE_OUTER_BOUND('',#1231,.T.);
#742=FACE_OUTER_BOUND('',#1232,.T.);
#743=FACE_OUTER_BOUND('',#1233,.T.);
#744=FACE_OUTER_BOUND('',#1234,.T.);
#745=FACE_OUTER_BOUND('',#1235,.T.);
#746=FACE_OUTER_BOUND('',#1236,.T.);
#747=FACE_OUTER_BOUND('',#1237,.T.);
#748=FACE_OUTER_BOUND('',#1238,.T.);
#749=FACE_OUTER_BOUND('',#1239,.T.);
#750=FACE_OUTER_BOUND('',#1240,.T.);
#751=FACE_OUTER_BOUND('',#1241,.T.);
#752=FACE_OUTER_BOUND('',#1242,.T.);
#753=FACE_OUTER_BOUND('',#1243,.T.);
#754=FACE_OUTER_BOUND('',#1244,.T.);
#755=FACE_OUTER_BOUND('',#1245,.T.);
#756=EDGE_LOOP('',(#5608,#5609,#5610,#5611));
#757=EDGE_LOOP('',(#5612,#5613,#5614,#5615));
#758=EDGE_LOOP('',(#5616,#5617,#5618,#5619));
#759=EDGE_LOOP('',(#5620,#5621,#5622,#5623));
#760=EDGE_LOOP('',(#5624,#5625,#5626,#5627));
#761=EDGE_LOOP('',(#5628,#5629,#5630,#5631));
#762=EDGE_LOOP('',(#5632,#5633,#5634,#5635));
#763=EDGE_LOOP('',(#5636,#5637,#5638,#5639));
#764=EDGE_LOOP('',(#5640,#5641,#5642,#5643));
#765=EDGE_LOOP('',(#5644,#5645,#5646,#5647));
#766=EDGE_LOOP('',(#5648,#5649,#5650,#5651));
#767=EDGE_LOOP('',(#5652,#5653,#5654,#5655));
#768=EDGE_LOOP('',(#5656,#5657,#5658,#5659));
#769=EDGE_LOOP('',(#5660,#5661,#5662,#5663));
#770=EDGE_LOOP('',(#5664,#5665,#5666,#5667));
#771=EDGE_LOOP('',(#5668,#5669,#5670,#5671));
#772=EDGE_LOOP('',(#5672,#5673,#5674,#5675));
#773=EDGE_LOOP('',(#5676,#5677,#5678,#5679));
#774=EDGE_LOOP('',(#5680,#5681,#5682,#5683,#5684,#5685,#5686,#5687,#5688,
#5689,#5690,#5691));
#775=EDGE_LOOP('',(#5692,#5693,#5694,#5695,#5696,#5697,#5698,#5699,#5700,
#5701,#5702,#5703,#5704,#5705,#5706,#5707,#5708,#5709));
#776=EDGE_LOOP('',(#5710,#5711,#5712,#5713,#5714,#5715));
#777=EDGE_LOOP('',(#5716,#5717,#5718,#5719,#5720,#5721));
#778=EDGE_LOOP('',(#5722,#5723,#5724,#5725));
#779=EDGE_LOOP('',(#5726,#5727,#5728,#5729,#5730));
#780=EDGE_LOOP('',(#5731,#5732,#5733,#5734,#5735));
#781=EDGE_LOOP('',(#5736,#5737,#5738,#5739,#5740,#5741));
#782=EDGE_LOOP('',(#5742,#5743,#5744,#5745,#5746));
#783=EDGE_LOOP('',(#5747,#5748,#5749,#5750,#5751));
#784=EDGE_LOOP('',(#5752,#5753,#5754,#5755,#5756,#5757));
#785=EDGE_LOOP('',(#5758,#5759,#5760,#5761,#5762,#5763));
#786=EDGE_LOOP('',(#5764,#5765,#5766,#5767,#5768,#5769));
#787=EDGE_LOOP('',(#5770,#5771,#5772,#5773,#5774));
#788=EDGE_LOOP('',(#5775,#5776,#5777,#5778,#5779,#5780));
#789=EDGE_LOOP('',(#5781,#5782,#5783,#5784));
#790=EDGE_LOOP('',(#5785,#5786,#5787,#5788,#5789,#5790));
#791=EDGE_LOOP('',(#5791,#5792,#5793,#5794));
#792=EDGE_LOOP('',(#5795,#5796,#5797,#5798));
#793=EDGE_LOOP('',(#5799,#5800,#5801,#5802));
#794=EDGE_LOOP('',(#5803,#5804,#5805,#5806));
#795=EDGE_LOOP('',(#5807,#5808,#5809,#5810));
#796=EDGE_LOOP('',(#5811,#5812,#5813,#5814));
#797=EDGE_LOOP('',(#5815,#5816,#5817,#5818));
#798=EDGE_LOOP('',(#5819,#5820,#5821,#5822));
#799=EDGE_LOOP('',(#5823,#5824,#5825,#5826));
#800=EDGE_LOOP('',(#5827,#5828,#5829,#5830));
#801=EDGE_LOOP('',(#5831,#5832,#5833,#5834));
#802=EDGE_LOOP('',(#5835,#5836,#5837,#5838));
#803=EDGE_LOOP('',(#5839,#5840,#5841,#5842,#5843,#5844,#5845,#5846,#5847,
#5848,#5849,#5850));
#804=EDGE_LOOP('',(#5851,#5852,#5853,#5854,#5855,#5856,#5857,#5858,#5859,
#5860,#5861,#5862));
#805=EDGE_LOOP('',(#5863,#5864,#5865,#5866));
#806=EDGE_LOOP('',(#5867,#5868,#5869,#5870));
#807=EDGE_LOOP('',(#5871,#5872,#5873,#5874,#5875,#5876,#5877,#5878));
#808=EDGE_LOOP('',(#5879,#5880,#5881,#5882));
#809=EDGE_LOOP('',(#5883,#5884,#5885,#5886,#5887,#5888,#5889,#5890,#5891,
#5892,#5893,#5894));
#810=EDGE_LOOP('',(#5895,#5896,#5897,#5898,#5899,#5900,#5901,#5902,#5903,
#5904));
#811=EDGE_LOOP('',(#5905,#5906,#5907,#5908));
#812=EDGE_LOOP('',(#5909,#5910,#5911,#5912));
#813=EDGE_LOOP('',(#5913,#5914,#5915,#5916,#5917,#5918,#5919,#5920,#5921,
#5922));
#814=EDGE_LOOP('',(#5923,#5924,#5925,#5926,#5927,#5928,#5929,#5930,#5931,
#5932));
#815=EDGE_LOOP('',(#5933,#5934,#5935,#5936));
#816=EDGE_LOOP('',(#5937,#5938,#5939,#5940));
#817=EDGE_LOOP('',(#5941,#5942,#5943,#5944,#5945,#5946,#5947,#5948,#5949,
#5950));
#818=EDGE_LOOP('',(#5951,#5952,#5953,#5954));
#819=EDGE_LOOP('',(#5955,#5956,#5957,#5958));
#820=EDGE_LOOP('',(#5959,#5960,#5961,#5962));
#821=EDGE_LOOP('',(#5963,#5964,#5965,#5966,#5967));
#822=EDGE_LOOP('',(#5968,#5969,#5970,#5971));
#823=EDGE_LOOP('',(#5972,#5973,#5974,#5975,#5976,#5977));
#824=EDGE_LOOP('',(#5978,#5979,#5980,#5981));
#825=EDGE_LOOP('',(#5982,#5983,#5984,#5985,#5986,#5987));
#826=EDGE_LOOP('',(#5988,#5989,#5990,#5991));
#827=EDGE_LOOP('',(#5992,#5993,#5994,#5995,#5996,#5997));
#828=EDGE_LOOP('',(#5998,#5999,#6000,#6001));
#829=EDGE_LOOP('',(#6002,#6003,#6004,#6005,#6006,#6007));
#830=EDGE_LOOP('',(#6008,#6009,#6010,#6011));
#831=EDGE_LOOP('',(#6012,#6013,#6014,#6015));
#832=EDGE_LOOP('',(#6016,#6017,#6018,#6019,#6020,#6021));
#833=EDGE_LOOP('',(#6022,#6023,#6024,#6025));
#834=EDGE_LOOP('',(#6026,#6027,#6028,#6029,#6030,#6031));
#835=EDGE_LOOP('',(#6032,#6033,#6034,#6035));
#836=EDGE_LOOP('',(#6036,#6037,#6038,#6039,#6040,#6041));
#837=EDGE_LOOP('',(#6042,#6043,#6044,#6045));
#838=EDGE_LOOP('',(#6046,#6047,#6048,#6049,#6050,#6051));
#839=EDGE_LOOP('',(#6052,#6053,#6054,#6055));
#840=EDGE_LOOP('',(#6056,#6057,#6058,#6059,#6060,#6061));
#841=EDGE_LOOP('',(#6062,#6063,#6064,#6065,#6066,#6067,#6068,#6069,#6070,
#6071,#6072,#6073,#6074,#6075,#6076,#6077,#6078,#6079,#6080,#6081,#6082,
#6083,#6084,#6085,#6086,#6087,#6088,#6089,#6090,#6091,#6092,#6093,#6094,
#6095,#6096,#6097,#6098,#6099,#6100,#6101,#6102,#6103,#6104));
#842=EDGE_LOOP('',(#6105,#6106,#6107,#6108));
#843=EDGE_LOOP('',(#6109,#6110,#6111,#6112));
#844=EDGE_LOOP('',(#6113,#6114,#6115,#6116));
#845=EDGE_LOOP('',(#6117,#6118,#6119,#6120));
#846=EDGE_LOOP('',(#6121,#6122,#6123,#6124));
#847=EDGE_LOOP('',(#6125,#6126,#6127,#6128,#6129,#6130,#6131,#6132,#6133,
#6134,#6135,#6136,#6137,#6138,#6139,#6140));
#848=EDGE_LOOP('',(#6141,#6142,#6143,#6144));
#849=EDGE_LOOP('',(#6145,#6146,#6147,#6148,#6149,#6150,#6151,#6152,#6153,
#6154,#6155,#6156,#6157,#6158,#6159,#6160));
#850=EDGE_LOOP('',(#6161,#6162,#6163,#6164));
#851=EDGE_LOOP('',(#6165,#6166,#6167,#6168));
#852=EDGE_LOOP('',(#6169,#6170,#6171,#6172));
#853=EDGE_LOOP('',(#6173,#6174,#6175,#6176));
#854=EDGE_LOOP('',(#6177,#6178,#6179,#6180));
#855=EDGE_LOOP('',(#6181,#6182,#6183,#6184,#6185,#6186,#6187,#6188,#6189,
#6190,#6191,#6192,#6193,#6194,#6195,#6196));
#856=EDGE_LOOP('',(#6197,#6198,#6199,#6200));
#857=EDGE_LOOP('',(#6201,#6202,#6203,#6204));
#858=EDGE_LOOP('',(#6205,#6206,#6207,#6208));
#859=EDGE_LOOP('',(#6209,#6210,#6211,#6212));
#860=EDGE_LOOP('',(#6213,#6214,#6215,#6216));
#861=EDGE_LOOP('',(#6217,#6218,#6219,#6220,#6221,#6222));
#862=EDGE_LOOP('',(#6223,#6224,#6225,#6226));
#863=EDGE_LOOP('',(#6227,#6228,#6229,#6230));
#864=EDGE_LOOP('',(#6231,#6232,#6233,#6234,#6235,#6236,#6237,#6238,#6239,
#6240,#6241,#6242,#6243,#6244,#6245,#6246));
#865=EDGE_LOOP('',(#6247,#6248,#6249,#6250));
#866=EDGE_LOOP('',(#6251,#6252,#6253,#6254));
#867=EDGE_LOOP('',(#6255,#6256,#6257,#6258));
#868=EDGE_LOOP('',(#6259,#6260,#6261,#6262,#6263,#6264,#6265,#6266,#6267,
#6268,#6269,#6270,#6271,#6272,#6273,#6274));
#869=EDGE_LOOP('',(#6275,#6276,#6277,#6278));
#870=EDGE_LOOP('',(#6279,#6280,#6281,#6282));
#871=EDGE_LOOP('',(#6283,#6284,#6285,#6286));
#872=EDGE_LOOP('',(#6287,#6288,#6289,#6290,#6291,#6292));
#873=EDGE_LOOP('',(#6293,#6294,#6295,#6296));
#874=EDGE_LOOP('',(#6297,#6298,#6299,#6300));
#875=EDGE_LOOP('',(#6301,#6302,#6303,#6304));
#876=EDGE_LOOP('',(#6305,#6306,#6307,#6308));
#877=EDGE_LOOP('',(#6309,#6310,#6311,#6312,#6313,#6314,#6315,#6316));
#878=EDGE_LOOP('',(#6317,#6318,#6319,#6320,#6321,#6322,#6323,#6324));
#879=EDGE_LOOP('',(#6325,#6326,#6327,#6328));
#880=EDGE_LOOP('',(#6329,#6330,#6331,#6332));
#881=EDGE_LOOP('',(#6333,#6334,#6335,#6336,#6337,#6338));
#882=EDGE_LOOP('',(#6339,#6340,#6341,#6342));
#883=EDGE_LOOP('',(#6343,#6344,#6345,#6346));
#884=EDGE_LOOP('',(#6347,#6348,#6349,#6350,#6351,#6352));
#885=EDGE_LOOP('',(#6353,#6354,#6355,#6356,#6357,#6358));
#886=EDGE_LOOP('',(#6359,#6360,#6361,#6362));
#887=EDGE_LOOP('',(#6363,#6364,#6365,#6366));
#888=EDGE_LOOP('',(#6367,#6368,#6369,#6370,#6371,#6372));
#889=EDGE_LOOP('',(#6373,#6374,#6375,#6376));
#890=EDGE_LOOP('',(#6377,#6378,#6379,#6380));
#891=EDGE_LOOP('',(#6381,#6382,#6383,#6384));
#892=EDGE_LOOP('',(#6385,#6386,#6387,#6388));
#893=EDGE_LOOP('',(#6389,#6390,#6391,#6392));
#894=EDGE_LOOP('',(#6393,#6394,#6395,#6396));
#895=EDGE_LOOP('',(#6397,#6398,#6399,#6400));
#896=EDGE_LOOP('',(#6401,#6402,#6403,#6404,#6405,#6406));
#897=EDGE_LOOP('',(#6407,#6408,#6409,#6410));
#898=EDGE_LOOP('',(#6411,#6412,#6413,#6414));
#899=EDGE_LOOP('',(#6415,#6416,#6417,#6418,#6419,#6420));
#900=EDGE_LOOP('',(#6421,#6422,#6423,#6424));
#901=EDGE_LOOP('',(#6425,#6426,#6427,#6428,#6429,#6430,#6431,#6432,#6433,
#6434,#6435,#6436,#6437,#6438,#6439,#6440));
#902=EDGE_LOOP('',(#6441,#6442,#6443,#6444));
#903=EDGE_LOOP('',(#6445,#6446,#6447,#6448));
#904=EDGE_LOOP('',(#6449,#6450,#6451,#6452));
#905=EDGE_LOOP('',(#6453,#6454,#6455,#6456));
#906=EDGE_LOOP('',(#6457,#6458,#6459,#6460));
#907=EDGE_LOOP('',(#6461,#6462,#6463,#6464,#6465,#6466));
#908=EDGE_LOOP('',(#6467,#6468,#6469,#6470));
#909=EDGE_LOOP('',(#6471,#6472,#6473,#6474));
#910=EDGE_LOOP('',(#6475,#6476,#6477,#6478,#6479));
#911=EDGE_LOOP('',(#6480,#6481,#6482,#6483));
#912=EDGE_LOOP('',(#6484,#6485,#6486,#6487));
#913=EDGE_LOOP('',(#6488,#6489,#6490,#6491));
#914=EDGE_LOOP('',(#6492,#6493,#6494,#6495));
#915=EDGE_LOOP('',(#6496,#6497,#6498,#6499));
#916=EDGE_LOOP('',(#6500,#6501,#6502,#6503));
#917=EDGE_LOOP('',(#6504,#6505,#6506,#6507));
#918=EDGE_LOOP('',(#6508,#6509,#6510,#6511));
#919=EDGE_LOOP('',(#6512,#6513,#6514,#6515));
#920=EDGE_LOOP('',(#6516,#6517,#6518,#6519));
#921=EDGE_LOOP('',(#6520,#6521,#6522,#6523));
#922=EDGE_LOOP('',(#6524,#6525,#6526,#6527));
#923=EDGE_LOOP('',(#6528,#6529,#6530,#6531));
#924=EDGE_LOOP('',(#6532,#6533,#6534,#6535));
#925=EDGE_LOOP('',(#6536,#6537,#6538,#6539));
#926=EDGE_LOOP('',(#6540,#6541,#6542,#6543));
#927=EDGE_LOOP('',(#6544,#6545,#6546,#6547));
#928=EDGE_LOOP('',(#6548,#6549,#6550,#6551));
#929=EDGE_LOOP('',(#6552,#6553,#6554,#6555));
#930=EDGE_LOOP('',(#6556,#6557,#6558,#6559));
#931=EDGE_LOOP('',(#6560,#6561,#6562,#6563));
#932=EDGE_LOOP('',(#6564,#6565,#6566,#6567));
#933=EDGE_LOOP('',(#6568,#6569,#6570,#6571));
#934=EDGE_LOOP('',(#6572,#6573,#6574,#6575));
#935=EDGE_LOOP('',(#6576,#6577,#6578,#6579));
#936=EDGE_LOOP('',(#6580,#6581,#6582,#6583,#6584,#6585,#6586,#6587,#6588,
#6589,#6590,#6591));
#937=EDGE_LOOP('',(#6592,#6593,#6594,#6595,#6596,#6597,#6598,#6599,#6600,
#6601,#6602,#6603));
#938=EDGE_LOOP('',(#6604,#6605,#6606,#6607));
#939=EDGE_LOOP('',(#6608,#6609,#6610,#6611));
#940=EDGE_LOOP('',(#6612,#6613,#6614,#6615,#6616,#6617,#6618));
#941=EDGE_LOOP('',(#6619,#6620,#6621,#6622));
#942=EDGE_LOOP('',(#6623,#6624,#6625,#6626,#6627,#6628,#6629,#6630,#6631,
#6632,#6633,#6634,#6635,#6636,#6637,#6638));
#943=EDGE_LOOP('',(#6639,#6640,#6641,#6642));
#944=EDGE_LOOP('',(#6643,#6644,#6645,#6646,#6647,#6648,#6649,#6650,#6651,
#6652,#6653,#6654,#6655,#6656,#6657,#6658));
#945=EDGE_LOOP('',(#6659,#6660,#6661,#6662));
#946=EDGE_LOOP('',(#6663,#6664,#6665,#6666));
#947=EDGE_LOOP('',(#6667,#6668,#6669,#6670));
#948=EDGE_LOOP('',(#6671,#6672,#6673,#6674,#6675,#6676,#6677,#6678,#6679,
#6680,#6681,#6682,#6683,#6684,#6685,#6686));
#949=EDGE_LOOP('',(#6687,#6688,#6689,#6690));
#950=EDGE_LOOP('',(#6691,#6692,#6693,#6694));
#951=EDGE_LOOP('',(#6695,#6696,#6697,#6698));
#952=EDGE_LOOP('',(#6699,#6700,#6701,#6702,#6703,#6704,#6705,#6706,#6707,
#6708,#6709,#6710,#6711,#6712,#6713,#6714));
#953=EDGE_LOOP('',(#6715,#6716,#6717,#6718));
#954=EDGE_LOOP('',(#6719,#6720,#6721,#6722));
#955=EDGE_LOOP('',(#6723,#6724,#6725,#6726));
#956=EDGE_LOOP('',(#6727,#6728,#6729,#6730,#6731,#6732,#6733,#6734,#6735,
#6736,#6737,#6738,#6739,#6740,#6741,#6742));
#957=EDGE_LOOP('',(#6743,#6744,#6745,#6746));
#958=EDGE_LOOP('',(#6747,#6748,#6749,#6750));
#959=EDGE_LOOP('',(#6751,#6752,#6753,#6754));
#960=EDGE_LOOP('',(#6755,#6756,#6757,#6758));
#961=EDGE_LOOP('',(#6759,#6760,#6761,#6762));
#962=EDGE_LOOP('',(#6763,#6764,#6765,#6766,#6767,#6768,#6769,#6770,#6771,
#6772,#6773,#6774,#6775,#6776,#6777,#6778));
#963=EDGE_LOOP('',(#6779,#6780,#6781,#6782));
#964=EDGE_LOOP('',(#6783,#6784,#6785,#6786));
#965=EDGE_LOOP('',(#6787,#6788,#6789,#6790));
#966=EDGE_LOOP('',(#6791,#6792,#6793,#6794,#6795,#6796,#6797,#6798,#6799,
#6800,#6801,#6802));
#967=EDGE_LOOP('',(#6803,#6804,#6805,#6806,#6807,#6808,#6809,#6810,#6811,
#6812,#6813,#6814,#6815,#6816,#6817,#6818,#6819,#6820,#6821,#6822,#6823,
#6824,#6825,#6826,#6827,#6828,#6829,#6830,#6831,#6832,#6833,#6834,#6835,
#6836,#6837,#6838,#6839,#6840,#6841,#6842,#6843,#6844,#6845,#6846,#6847,
#6848,#6849,#6850,#6851,#6852,#6853,#6854,#6855,#6856,#6857,#6858,#6859,
#6860,#6861,#6862,#6863,#6864,#6865,#6866,#6867,#6868,#6869));
#968=EDGE_LOOP('',(#6870,#6871,#6872,#6873));
#969=EDGE_LOOP('',(#6874,#6875,#6876,#6877,#6878));
#970=EDGE_LOOP('',(#6879,#6880,#6881,#6882));
#971=EDGE_LOOP('',(#6883,#6884,#6885,#6886,#6887));
#972=EDGE_LOOP('',(#6888,#6889,#6890,#6891));
#973=EDGE_LOOP('',(#6892,#6893,#6894,#6895,#6896));
#974=EDGE_LOOP('',(#6897,#6898,#6899,#6900));
#975=EDGE_LOOP('',(#6901,#6902,#6903,#6904,#6905));
#976=EDGE_LOOP('',(#6906,#6907,#6908,#6909));
#977=EDGE_LOOP('',(#6910,#6911,#6912,#6913));
#978=EDGE_LOOP('',(#6914,#6915,#6916,#6917));
#979=EDGE_LOOP('',(#6918,#6919,#6920,#6921));
#980=EDGE_LOOP('',(#6922,#6923,#6924,#6925));
#981=EDGE_LOOP('',(#6926,#6927,#6928,#6929));
#982=EDGE_LOOP('',(#6930,#6931,#6932,#6933,#6934));
#983=EDGE_LOOP('',(#6935,#6936,#6937,#6938,#6939));
#984=EDGE_LOOP('',(#6940,#6941,#6942,#6943));
#985=EDGE_LOOP('',(#6944,#6945,#6946,#6947));
#986=EDGE_LOOP('',(#6948,#6949,#6950,#6951));
#987=EDGE_LOOP('',(#6952,#6953,#6954,#6955,#6956));
#988=EDGE_LOOP('',(#6957,#6958,#6959,#6960,#6961));
#989=EDGE_LOOP('',(#6962,#6963,#6964,#6965,#6966));
#990=EDGE_LOOP('',(#6967,#6968,#6969,#6970));
#991=EDGE_LOOP('',(#6971,#6972,#6973,#6974));
#992=EDGE_LOOP('',(#6975,#6976,#6977,#6978));
#993=EDGE_LOOP('',(#6979,#6980,#6981,#6982));
#994=EDGE_LOOP('',(#6983,#6984,#6985,#6986,#6987));
#995=EDGE_LOOP('',(#6988,#6989,#6990,#6991));
#996=EDGE_LOOP('',(#6992,#6993,#6994,#6995,#6996));
#997=EDGE_LOOP('',(#6997,#6998,#6999,#7000,#7001));
#998=EDGE_LOOP('',(#7002,#7003,#7004,#7005));
#999=EDGE_LOOP('',(#7006,#7007,#7008,#7009));
#1000=EDGE_LOOP('',(#7010,#7011,#7012,#7013));
#1001=EDGE_LOOP('',(#7014,#7015,#7016,#7017,#7018));
#1002=EDGE_LOOP('',(#7019,#7020,#7021,#7022,#7023));
#1003=EDGE_LOOP('',(#7024,#7025,#7026,#7027));
#1004=EDGE_LOOP('',(#7028,#7029,#7030,#7031,#7032));
#1005=EDGE_LOOP('',(#7033,#7034,#7035,#7036));
#1006=EDGE_LOOP('',(#7037,#7038,#7039,#7040,#7041));
#1007=EDGE_LOOP('',(#7042,#7043,#7044,#7045));
#1008=EDGE_LOOP('',(#7046,#7047,#7048,#7049));
#1009=EDGE_LOOP('',(#7050,#7051,#7052,#7053,#7054,#7055,#7056,#7057));
#1010=EDGE_LOOP('',(#7058,#7059,#7060,#7061,#7062,#7063,#7064));
#1011=EDGE_LOOP('',(#7065,#7066,#7067,#7068));
#1012=EDGE_LOOP('',(#7069,#7070,#7071,#7072,#7073));
#1013=EDGE_LOOP('',(#7074,#7075,#7076,#7077,#7078));
#1014=EDGE_LOOP('',(#7079,#7080,#7081,#7082));
#1015=EDGE_LOOP('',(#7083,#7084,#7085,#7086,#7087,#7088));
#1016=EDGE_LOOP('',(#7089,#7090,#7091,#7092,#7093));
#1017=EDGE_LOOP('',(#7094,#7095,#7096,#7097));
#1018=EDGE_LOOP('',(#7098,#7099,#7100,#7101,#7102));
#1019=EDGE_LOOP('',(#7103,#7104,#7105,#7106));
#1020=EDGE_LOOP('',(#7107,#7108,#7109,#7110,#7111,#7112));
#1021=EDGE_LOOP('',(#7113,#7114,#7115,#7116,#7117));
#1022=EDGE_LOOP('',(#7118,#7119,#7120,#7121));
#1023=EDGE_LOOP('',(#7122,#7123,#7124,#7125));
#1024=EDGE_LOOP('',(#7126,#7127,#7128,#7129));
#1025=EDGE_LOOP('',(#7130,#7131,#7132,#7133,#7134));
#1026=EDGE_LOOP('',(#7135,#7136,#7137,#7138,#7139));
#1027=EDGE_LOOP('',(#7140,#7141,#7142,#7143));
#1028=EDGE_LOOP('',(#7144,#7145,#7146,#7147));
#1029=EDGE_LOOP('',(#7148,#7149,#7150,#7151,#7152));
#1030=EDGE_LOOP('',(#7153,#7154,#7155,#7156));
#1031=EDGE_LOOP('',(#7157,#7158,#7159,#7160,#7161));
#1032=EDGE_LOOP('',(#7162,#7163,#7164,#7165,#7166));
#1033=EDGE_LOOP('',(#7167,#7168,#7169,#7170));
#1034=EDGE_LOOP('',(#7171,#7172,#7173,#7174));
#1035=EDGE_LOOP('',(#7175,#7176,#7177,#7178,#7179));
#1036=EDGE_LOOP('',(#7180,#7181,#7182,#7183));
#1037=EDGE_LOOP('',(#7184,#7185,#7186,#7187,#7188));
#1038=EDGE_LOOP('',(#7189,#7190,#7191,#7192));
#1039=EDGE_LOOP('',(#7193,#7194,#7195,#7196,#7197));
#1040=EDGE_LOOP('',(#7198,#7199,#7200,#7201,#7202));
#1041=EDGE_LOOP('',(#7203,#7204,#7205,#7206));
#1042=EDGE_LOOP('',(#7207,#7208,#7209,#7210));
#1043=EDGE_LOOP('',(#7211,#7212,#7213,#7214));
#1044=EDGE_LOOP('',(#7215,#7216,#7217,#7218));
#1045=EDGE_LOOP('',(#7219,#7220,#7221,#7222));
#1046=EDGE_LOOP('',(#7223,#7224,#7225,#7226));
#1047=EDGE_LOOP('',(#7227,#7228,#7229,#7230));
#1048=EDGE_LOOP('',(#7231,#7232,#7233,#7234,#7235,#7236,#7237,#7238,#7239,
#7240,#7241,#7242));
#1049=EDGE_LOOP('',(#7243,#7244,#7245,#7246,#7247,#7248));
#1050=EDGE_LOOP('',(#7249,#7250,#7251,#7252,#7253,#7254));
#1051=EDGE_LOOP('',(#7255,#7256,#7257,#7258));
#1052=EDGE_LOOP('',(#7259,#7260,#7261,#7262,#7263));
#1053=EDGE_LOOP('',(#7264,#7265,#7266,#7267,#7268,#7269,#7270,#7271,#7272,
#7273,#7274,#7275,#7276,#7277,#7278,#7279,#7280,#7281));
#1054=EDGE_LOOP('',(#7282,#7283,#7284,#7285,#7286,#7287));
#1055=EDGE_LOOP('',(#7288,#7289,#7290,#7291,#7292,#7293));
#1056=EDGE_LOOP('',(#7294,#7295,#7296,#7297,#7298,#7299));
#1057=EDGE_LOOP('',(#7300,#7301,#7302,#7303,#7304));
#1058=EDGE_LOOP('',(#7305,#7306,#7307,#7308,#7309,#7310));
#1059=EDGE_LOOP('',(#7311,#7312,#7313,#7314));
#1060=EDGE_LOOP('',(#7315,#7316,#7317,#7318,#7319,#7320));
#1061=EDGE_LOOP('',(#7321,#7322,#7323,#7324,#7325));
#1062=EDGE_LOOP('',(#7326,#7327,#7328,#7329,#7330));
#1063=EDGE_LOOP('',(#7331,#7332,#7333,#7334,#7335,#7336));
#1064=EDGE_LOOP('',(#7337,#7338,#7339,#7340,#7341));
#1065=EDGE_LOOP('',(#7342,#7343,#7344,#7345,#7346,#7347,#7348,#7349,#7350));
#1066=EDGE_LOOP('',(#7351,#7352));
#1067=EDGE_LOOP('',(#7353,#7354,#7355,#7356));
#1068=EDGE_LOOP('',(#7357,#7358,#7359,#7360,#7361));
#1069=EDGE_LOOP('',(#7362,#7363,#7364,#7365,#7366));
#1070=EDGE_LOOP('',(#7367,#7368,#7369,#7370,#7371,#7372,#7373,#7374,#7375));
#1071=EDGE_LOOP('',(#7376,#7377));
#1072=EDGE_LOOP('',(#7378,#7379,#7380,#7381,#7382));
#1073=EDGE_LOOP('',(#7383,#7384,#7385,#7386,#7387,#7388,#7389,#7390));
#1074=EDGE_LOOP('',(#7391,#7392,#7393,#7394,#7395,#7396,#7397,#7398,#7399,
#7400,#7401,#7402,#7403,#7404,#7405,#7406,#7407,#7408,#7409,#7410,#7411,
#7412));
#1075=EDGE_LOOP('',(#7413));
#1076=EDGE_LOOP('',(#7414));
#1077=EDGE_LOOP('',(#7415,#7416,#7417,#7418,#7419,#7420,#7421,#7422,#7423,
#7424,#7425,#7426,#7427,#7428,#7429,#7430,#7431,#7432));
#1078=EDGE_LOOP('',(#7433));
#1079=EDGE_LOOP('',(#7434,#7435,#7436));
#1080=EDGE_LOOP('',(#7437,#7438,#7439));
#1081=EDGE_LOOP('',(#7440,#7441,#7442,#7443));
#1082=EDGE_LOOP('',(#7444,#7445,#7446));
#1083=EDGE_LOOP('',(#7447,#7448,#7449,#7450));
#1084=EDGE_LOOP('',(#7451,#7452,#7453,#7454));
#1085=EDGE_LOOP('',(#7455,#7456,#7457,#7458));
#1086=EDGE_LOOP('',(#7459,#7460,#7461,#7462));
#1087=EDGE_LOOP('',(#7463,#7464,#7465,#7466));
#1088=EDGE_LOOP('',(#7467,#7468,#7469,#7470,#7471));
#1089=EDGE_LOOP('',(#7472,#7473,#7474,#7475));
#1090=EDGE_LOOP('',(#7476,#7477,#7478,#7479,#7480,#7481,#7482,#7483,#7484));
#1091=EDGE_LOOP('',(#7485,#7486));
#1092=EDGE_LOOP('',(#7487,#7488,#7489,#7490,#7491));
#1093=EDGE_LOOP('',(#7492,#7493,#7494,#7495,#7496));
#1094=EDGE_LOOP('',(#7497,#7498,#7499,#7500));
#1095=EDGE_LOOP('',(#7501,#7502,#7503,#7504,#7505,#7506,#7507,#7508,#7509));
#1096=EDGE_LOOP('',(#7510,#7511));
#1097=EDGE_LOOP('',(#7512,#7513,#7514,#7515,#7516));
#1098=EDGE_LOOP('',(#7517,#7518,#7519,#7520,#7521,#7522,#7523,#7524));
#1099=EDGE_LOOP('',(#7525,#7526,#7527));
#1100=EDGE_LOOP('',(#7528,#7529,#7530,#7531));
#1101=EDGE_LOOP('',(#7532,#7533,#7534));
#1102=EDGE_LOOP('',(#7535,#7536,#7537));
#1103=EDGE_LOOP('',(#7538,#7539,#7540,#7541));
#1104=EDGE_LOOP('',(#7542,#7543,#7544,#7545));
#1105=EDGE_LOOP('',(#7546,#7547,#7548,#7549));
#1106=EDGE_LOOP('',(#7550,#7551,#7552,#7553));
#1107=EDGE_LOOP('',(#7554,#7555,#7556,#7557,#7558));
#1108=EDGE_LOOP('',(#7559,#7560,#7561,#7562));
#1109=EDGE_LOOP('',(#7563,#7564,#7565,#7566,#7567,#7568,#7569,#7570,#7571));
#1110=EDGE_LOOP('',(#7572,#7573));
#1111=EDGE_LOOP('',(#7574,#7575,#7576,#7577));
#1112=EDGE_LOOP('',(#7578,#7579,#7580,#7581,#7582));
#1113=EDGE_LOOP('',(#7583,#7584,#7585));
#1114=EDGE_LOOP('',(#7586,#7587,#7588));
#1115=EDGE_LOOP('',(#7589,#7590,#7591,#7592));
#1116=EDGE_LOOP('',(#7593,#7594,#7595,#7596,#7597,#7598,#7599,#7600,#7601));
#1117=EDGE_LOOP('',(#7602,#7603,#7604));
#1118=EDGE_LOOP('',(#7605,#7606,#7607,#7608,#7609));
#1119=EDGE_LOOP('',(#7610,#7611,#7612));
#1120=EDGE_LOOP('',(#7613,#7614,#7615));
#1121=EDGE_LOOP('',(#7616,#7617,#7618,#7619,#7620,#7621,#7622,#7623,#7624,
#7625,#7626,#7627));
#1122=EDGE_LOOP('',(#7628,#7629,#7630,#7631,#7632,#7633,#7634,#7635,#7636,
#7637,#7638,#7639));
#1123=EDGE_LOOP('',(#7640,#7641,#7642,#7643,#7644,#7645,#7646));
#1124=EDGE_LOOP('',(#7647,#7648,#7649,#7650,#7651,#7652,#7653,#7654,#7655,
#7656,#7657,#7658));
#1125=EDGE_LOOP('',(#7659,#7660,#7661,#7662));
#1126=EDGE_LOOP('',(#7663,#7664,#7665,#7666));
#1127=EDGE_LOOP('',(#7667,#7668,#7669,#7670));
#1128=EDGE_LOOP('',(#7671,#7672,#7673,#7674));
#1129=EDGE_LOOP('',(#7675,#7676,#7677,#7678));
#1130=EDGE_LOOP('',(#7679,#7680,#7681,#7682));
#1131=EDGE_LOOP('',(#7683,#7684,#7685,#7686));
#1132=EDGE_LOOP('',(#7687,#7688,#7689,#7690));
#1133=EDGE_LOOP('',(#7691,#7692,#7693,#7694));
#1134=EDGE_LOOP('',(#7695,#7696,#7697,#7698));
#1135=EDGE_LOOP('',(#7699,#7700,#7701,#7702));
#1136=EDGE_LOOP('',(#7703,#7704,#7705,#7706));
#1137=EDGE_LOOP('',(#7707,#7708,#7709,#7710));
#1138=EDGE_LOOP('',(#7711,#7712,#7713,#7714));
#1139=EDGE_LOOP('',(#7715,#7716,#7717,#7718));
#1140=EDGE_LOOP('',(#7719,#7720,#7721,#7722));
#1141=EDGE_LOOP('',(#7723,#7724,#7725,#7726));
#1142=EDGE_LOOP('',(#7727,#7728,#7729,#7730));
#1143=EDGE_LOOP('',(#7731,#7732,#7733,#7734));
#1144=EDGE_LOOP('',(#7735,#7736,#7737,#7738));
#1145=EDGE_LOOP('',(#7739,#7740,#7741,#7742));
#1146=EDGE_LOOP('',(#7743,#7744,#7745,#7746));
#1147=EDGE_LOOP('',(#7747,#7748,#7749,#7750));
#1148=EDGE_LOOP('',(#7751,#7752,#7753,#7754));
#1149=EDGE_LOOP('',(#7755,#7756,#7757,#7758,#7759,#7760,#7761,#7762,#7763,
#7764,#7765,#7766,#7767,#7768,#7769,#7770,#7771,#7772,#7773,#7774));
#1150=EDGE_LOOP('',(#7775));
#1151=EDGE_LOOP('',(#7776));
#1152=EDGE_LOOP('',(#7777));
#1153=EDGE_LOOP('',(#7778,#7779,#7780,#7781,#7782,#7783,#7784,#7785,#7786,
#7787,#7788,#7789,#7790,#7791,#7792,#7793,#7794,#7795));
#1154=EDGE_LOOP('',(#7796,#7797,#7798));
#1155=EDGE_LOOP('',(#7799,#7800,#7801,#7802));
#1156=EDGE_LOOP('',(#7803,#7804,#7805,#7806));
#1157=EDGE_LOOP('',(#7807,#7808,#7809,#7810));
#1158=EDGE_LOOP('',(#7811,#7812,#7813,#7814));
#1159=EDGE_LOOP('',(#7815,#7816,#7817));
#1160=EDGE_LOOP('',(#7818,#7819,#7820,#7821));
#1161=EDGE_LOOP('',(#7822,#7823,#7824,#7825));
#1162=EDGE_LOOP('',(#7826,#7827,#7828));
#1163=EDGE_LOOP('',(#7829,#7830,#7831,#7832));
#1164=EDGE_LOOP('',(#7833,#7834,#7835,#7836));
#1165=EDGE_LOOP('',(#7837,#7838,#7839,#7840));
#1166=EDGE_LOOP('',(#7841,#7842,#7843,#7844));
#1167=EDGE_LOOP('',(#7845,#7846,#7847,#7848));
#1168=EDGE_LOOP('',(#7849,#7850,#7851,#7852));
#1169=EDGE_LOOP('',(#7853,#7854,#7855,#7856));
#1170=EDGE_LOOP('',(#7857,#7858,#7859));
#1171=EDGE_LOOP('',(#7860,#7861,#7862,#7863));
#1172=EDGE_LOOP('',(#7864,#7865,#7866,#7867));
#1173=EDGE_LOOP('',(#7868,#7869,#7870,#7871));
#1174=EDGE_LOOP('',(#7872,#7873,#7874,#7875));
#1175=EDGE_LOOP('',(#7876,#7877,#7878,#7879));
#1176=EDGE_LOOP('',(#7880,#7881,#7882,#7883));
#1177=EDGE_LOOP('',(#7884,#7885,#7886,#7887));
#1178=EDGE_LOOP('',(#7888,#7889,#7890,#7891));
#1179=EDGE_LOOP('',(#7892,#7893,#7894,#7895));
#1180=EDGE_LOOP('',(#7896,#7897,#7898,#7899));
#1181=EDGE_LOOP('',(#7900,#7901,#7902,#7903));
#1182=EDGE_LOOP('',(#7904,#7905,#7906,#7907));
#1183=EDGE_LOOP('',(#7908,#7909,#7910,#7911));
#1184=EDGE_LOOP('',(#7912,#7913,#7914,#7915));
#1185=EDGE_LOOP('',(#7916,#7917,#7918,#7919));
#1186=EDGE_LOOP('',(#7920,#7921,#7922,#7923));
#1187=EDGE_LOOP('',(#7924,#7925,#7926,#7927));
#1188=EDGE_LOOP('',(#7928,#7929,#7930,#7931));
#1189=EDGE_LOOP('',(#7932,#7933,#7934,#7935));
#1190=EDGE_LOOP('',(#7936,#7937,#7938,#7939));
#1191=EDGE_LOOP('',(#7940,#7941,#7942,#7943));
#1192=EDGE_LOOP('',(#7944,#7945,#7946,#7947));
#1193=EDGE_LOOP('',(#7948,#7949,#7950,#7951));
#1194=EDGE_LOOP('',(#7952,#7953,#7954,#7955));
#1195=EDGE_LOOP('',(#7956,#7957,#7958,#7959));
#1196=EDGE_LOOP('',(#7960,#7961,#7962,#7963));
#1197=EDGE_LOOP('',(#7964,#7965,#7966,#7967));
#1198=EDGE_LOOP('',(#7968,#7969,#7970,#7971));
#1199=EDGE_LOOP('',(#7972,#7973,#7974,#7975));
#1200=EDGE_LOOP('',(#7976,#7977,#7978,#7979));
#1201=EDGE_LOOP('',(#7980,#7981,#7982,#7983,#7984));
#1202=EDGE_LOOP('',(#7985,#7986,#7987,#7988));
#1203=EDGE_LOOP('',(#7989,#7990,#7991,#7992));
#1204=EDGE_LOOP('',(#7993,#7994,#7995,#7996));
#1205=EDGE_LOOP('',(#7997,#7998,#7999,#8000));
#1206=EDGE_LOOP('',(#8001,#8002,#8003,#8004));
#1207=EDGE_LOOP('',(#8005,#8006,#8007,#8008));
#1208=EDGE_LOOP('',(#8009,#8010,#8011,#8012));
#1209=EDGE_LOOP('',(#8013,#8014,#8015,#8016,#8017,#8018,#8019,#8020));
#1210=EDGE_LOOP('',(#8021,#8022,#8023,#8024));
#1211=EDGE_LOOP('',(#8025,#8026,#8027,#8028,#8029,#8030,#8031,#8032));
#1212=EDGE_LOOP('',(#8033,#8034,#8035,#8036));
#1213=EDGE_LOOP('',(#8037,#8038,#8039,#8040));
#1214=EDGE_LOOP('',(#8041,#8042,#8043,#8044,#8045,#8046,#8047,#8048,#8049,
#8050,#8051,#8052,#8053,#8054,#8055,#8056,#8057,#8058,#8059,#8060));
#1215=EDGE_LOOP('',(#8061,#8062,#8063,#8064));
#1216=EDGE_LOOP('',(#8065,#8066,#8067,#8068));
#1217=EDGE_LOOP('',(#8069,#8070,#8071,#8072));
#1218=EDGE_LOOP('',(#8073,#8074,#8075,#8076,#8077,#8078,#8079,#8080));
#1219=EDGE_LOOP('',(#8081,#8082,#8083,#8084));
#1220=EDGE_LOOP('',(#8085,#8086,#8087,#8088));
#1221=EDGE_LOOP('',(#8089,#8090,#8091,#8092));
#1222=EDGE_LOOP('',(#8093,#8094,#8095,#8096));
#1223=EDGE_LOOP('',(#8097,#8098,#8099,#8100));
#1224=EDGE_LOOP('',(#8101,#8102,#8103,#8104));
#1225=EDGE_LOOP('',(#8105,#8106,#8107,#8108));
#1226=EDGE_LOOP('',(#8109,#8110,#8111,#8112));
#1227=EDGE_LOOP('',(#8113,#8114,#8115,#8116));
#1228=EDGE_LOOP('',(#8117,#8118,#8119,#8120));
#1229=EDGE_LOOP('',(#8121,#8122,#8123,#8124));
#1230=EDGE_LOOP('',(#8125,#8126,#8127,#8128));
#1231=EDGE_LOOP('',(#8129,#8130,#8131,#8132));
#1232=EDGE_LOOP('',(#8133,#8134,#8135,#8136));
#1233=EDGE_LOOP('',(#8137,#8138,#8139,#8140));
#1234=EDGE_LOOP('',(#8141,#8142,#8143,#8144));
#1235=EDGE_LOOP('',(#8145,#8146,#8147,#8148));
#1236=EDGE_LOOP('',(#8149,#8150,#8151,#8152));
#1237=EDGE_LOOP('',(#8153,#8154,#8155,#8156));
#1238=EDGE_LOOP('',(#8157,#8158,#8159,#8160));
#1239=EDGE_LOOP('',(#8161,#8162,#8163,#8164));
#1240=EDGE_LOOP('',(#8165,#8166,#8167,#8168));
#1241=EDGE_LOOP('',(#8169,#8170,#8171,#8172));
#1242=EDGE_LOOP('',(#8173,#8174,#8175,#8176));
#1243=EDGE_LOOP('',(#8177,#8178,#8179,#8180));
#1244=EDGE_LOOP('',(#8181,#8182,#8183,#8184,#8185));
#1245=EDGE_LOOP('',(#8186,#8187,#8188,#8189));
#1246=LINE('',#11948,#2372);
#1247=LINE('',#11950,#2373);
#1248=LINE('',#11952,#2374);
#1249=LINE('',#11953,#2375);
#1250=LINE('',#11956,#2376);
#1251=LINE('',#11958,#2377);
#1252=LINE('',#11959,#2378);
#1253=LINE('',#11962,#2379);
#1254=LINE('',#11964,#2380);
#1255=LINE('',#11965,#2381);
#1256=LINE('',#11968,#2382);
#1257=LINE('',#11970,#2383);
#1258=LINE('',#11971,#2384);
#1259=LINE('',#11975,#2385);
#1260=LINE('',#11977,#2386);
#1261=LINE('',#11979,#2387);
#1262=LINE('',#11980,#2388);
#1263=LINE('',#11982,#2389);
#1264=LINE('',#11983,#2390);
#1265=LINE('',#11986,#2391);
#1266=LINE('',#11988,#2392);
#1267=LINE('',#11989,#2393);
#1268=LINE('',#11992,#2394);
#1269=LINE('',#11994,#2395);
#1270=LINE('',#11995,#2396);
#1271=LINE('',#11998,#2397);
#1272=LINE('',#12000,#2398);
#1273=LINE('',#12001,#2399);
#1274=LINE('',#12004,#2400);
#1275=LINE('',#12006,#2401);
#1276=LINE('',#12007,#2402);
#1277=LINE('',#12010,#2403);
#1278=LINE('',#12012,#2404);
#1279=LINE('',#12013,#2405);
#1280=LINE('',#12015,#2406);
#1281=LINE('',#12016,#2407);
#1282=LINE('',#12019,#2408);
#1283=LINE('',#12021,#2409);
#1284=LINE('',#12022,#2410);
#1285=LINE('',#12025,#2411);
#1286=LINE('',#12026,#2412);
#1287=LINE('',#12029,#2413);
#1288=LINE('',#12030,#2414);
#1289=LINE('',#12033,#2415);
#1290=LINE('',#12034,#2416);
#1291=LINE('',#12037,#2417);
#1292=LINE('',#12038,#2418);
#1293=LINE('',#12041,#2419);
#1294=LINE('',#12042,#2420);
#1295=LINE('',#12048,#2421);
#1296=LINE('',#12050,#2422);
#1297=LINE('',#12052,#2423);
#1298=LINE('',#12056,#2424);
#1299=LINE('',#12058,#2425);
#1300=LINE('',#12060,#2426);
#1301=LINE('',#12064,#2427);
#1302=LINE('',#12066,#2428);
#1303=LINE('',#12068,#2429);
#1304=LINE('',#12070,#2430);
#1305=LINE('',#12072,#2431);
#1306=LINE('',#12074,#2432);
#1307=LINE('',#12076,#2433);
#1308=LINE('',#12078,#2434);
#1309=LINE('',#12082,#2435);
#1310=LINE('',#12084,#2436);
#1311=LINE('',#12086,#2437);
#1312=LINE('',#12088,#2438);
#1313=LINE('',#12090,#2439);
#1314=LINE('',#12091,#2440);
#1315=LINE('',#12094,#2441);
#1316=LINE('',#12096,#2442);
#1317=LINE('',#12098,#2443);
#1318=LINE('',#12100,#2444);
#1319=LINE('',#12116,#2445);
#1320=LINE('',#12118,#2446);
#1321=LINE('',#12120,#2447);
#1322=LINE('',#12121,#2448);
#1323=LINE('',#12126,#2449);
#1324=LINE('',#12128,#2450);
#1325=LINE('',#12130,#2451);
#1326=LINE('',#12131,#2452);
#1327=LINE('',#12134,#2453);
#1328=LINE('',#12136,#2454);
#1329=LINE('',#12138,#2455);
#1330=LINE('',#12140,#2456);
#1331=LINE('',#12142,#2457);
#1332=LINE('',#12146,#2458);
#1333=LINE('',#12148,#2459);
#1334=LINE('',#12150,#2460);
#1335=LINE('',#12152,#2461);
#1336=LINE('',#12158,#2462);
#1337=LINE('',#12160,#2463);
#1338=LINE('',#12162,#2464);
#1339=LINE('',#12163,#2465);
#1340=LINE('',#12168,#2466);
#1341=LINE('',#12170,#2467);
#1342=LINE('',#12172,#2468);
#1343=LINE('',#12174,#2469);
#1344=LINE('',#12175,#2470);
#1345=LINE('',#12180,#2471);
#1346=LINE('',#12182,#2472);
#1347=LINE('',#12184,#2473);
#1348=LINE('',#12186,#2474);
#1349=LINE('',#12187,#2475);
#1350=LINE('',#12190,#2476);
#1351=LINE('',#12192,#2477);
#1352=LINE('',#12194,#2478);
#1353=LINE('',#12196,#2479);
#1354=LINE('',#12204,#2480);
#1355=LINE('',#12206,#2481);
#1356=LINE('',#12208,#2482);
#1357=LINE('',#12209,#2483);
#1358=LINE('',#12212,#2484);
#1359=LINE('',#12214,#2485);
#1360=LINE('',#12216,#2486);
#1361=LINE('',#12218,#2487);
#1362=LINE('',#12220,#2488);
#1363=LINE('',#12221,#2489);
#1364=LINE('',#12224,#2490);
#1365=LINE('',#12226,#2491);
#1366=LINE('',#12228,#2492);
#1367=LINE('',#12229,#2493);
#1368=LINE('',#12234,#2494);
#1369=LINE('',#12236,#2495);
#1370=LINE('',#12238,#2496);
#1371=LINE('',#12240,#2497);
#1372=LINE('',#12241,#2498);
#1373=LINE('',#12245,#2499);
#1374=LINE('',#12246,#2500);
#1375=LINE('',#12247,#2501);
#1376=LINE('',#12250,#2502);
#1377=LINE('',#12252,#2503);
#1378=LINE('',#12253,#2504);
#1379=LINE('',#12256,#2505);
#1380=LINE('',#12258,#2506);
#1381=LINE('',#12259,#2507);
#1382=LINE('',#12262,#2508);
#1383=LINE('',#12264,#2509);
#1384=LINE('',#12265,#2510);
#1385=LINE('',#12268,#2511);
#1386=LINE('',#12270,#2512);
#1387=LINE('',#12271,#2513);
#1388=LINE('',#12274,#2514);
#1389=LINE('',#12276,#2515);
#1390=LINE('',#12277,#2516);
#1391=LINE('',#12280,#2517);
#1392=LINE('',#12281,#2518);
#1393=LINE('',#12282,#2519);
#1394=LINE('',#12285,#2520);
#1395=LINE('',#12286,#2521);
#1396=LINE('',#12289,#2522);
#1397=LINE('',#12290,#2523);
#1398=LINE('',#12293,#2524);
#1399=LINE('',#12294,#2525);
#1400=LINE('',#12297,#2526);
#1401=LINE('',#12298,#2527);
#1402=LINE('',#12300,#2528);
#1403=LINE('',#12304,#2529);
#1404=LINE('',#12306,#2530);
#1405=LINE('',#12308,#2531);
#1406=LINE('',#12310,#2532);
#1407=LINE('',#12312,#2533);
#1408=LINE('',#12314,#2534);
#1409=LINE('',#12316,#2535);
#1410=LINE('',#12318,#2536);
#1411=LINE('',#12320,#2537);
#1412=LINE('',#12322,#2538);
#1413=LINE('',#12324,#2539);
#1414=LINE('',#12325,#2540);
#1415=LINE('',#12328,#2541);
#1416=LINE('',#12330,#2542);
#1417=LINE('',#12331,#2543);
#1418=LINE('',#12334,#2544);
#1419=LINE('',#12337,#2545);
#1420=LINE('',#12340,#2546);
#1421=LINE('',#12342,#2547);
#1422=LINE('',#12344,#2548);
#1423=LINE('',#12346,#2549);
#1424=LINE('',#12347,#2550);
#1425=LINE('',#12351,#2551);
#1426=LINE('',#12353,#2552);
#1427=LINE('',#12361,#2553);
#1428=LINE('',#12365,#2554);
#1429=LINE('',#12367,#2555);
#1430=LINE('',#12371,#2556);
#1431=LINE('',#12373,#2557);
#1432=LINE('',#12375,#2558);
#1433=LINE('',#12379,#2559);
#1434=LINE('',#12381,#2560);
#1435=LINE('',#12383,#2561);
#1436=LINE('',#12386,#2562);
#1437=LINE('',#12390,#2563);
#1438=LINE('',#12392,#2564);
#1439=LINE('',#12394,#2565);
#1440=LINE('',#12396,#2566);
#1441=LINE('',#12398,#2567);
#1442=LINE('',#12400,#2568);
#1443=LINE('',#12402,#2569);
#1444=LINE('',#12411,#2570);
#1445=LINE('',#12412,#2571);
#1446=LINE('',#12415,#2572);
#1447=LINE('',#12417,#2573);
#1448=LINE('',#12418,#2574);
#1449=LINE('',#12422,#2575);
#1450=LINE('',#12424,#2576);
#1451=LINE('',#12432,#2577);
#1452=LINE('',#12436,#2578);
#1453=LINE('',#12438,#2579);
#1454=LINE('',#12440,#2580);
#1455=LINE('',#12449,#2581);
#1456=LINE('',#12451,#2582);
#1457=LINE('',#12453,#2583);
#1458=LINE('',#12455,#2584);
#1459=LINE('',#12457,#2585);
#1460=LINE('',#12458,#2586);
#1461=LINE('',#12462,#2587);
#1462=LINE('',#12464,#2588);
#1463=LINE('',#12468,#2589);
#1464=LINE('',#12470,#2590);
#1465=LINE('',#12472,#2591);
#1466=LINE('',#12474,#2592);
#1467=LINE('',#12476,#2593);
#1468=LINE('',#12478,#2594);
#1469=LINE('',#12479,#2595);
#1470=LINE('',#12483,#2596);
#1471=LINE('',#12485,#2597);
#1472=LINE('',#12493,#2598);
#1473=LINE('',#12497,#2599);
#1474=LINE('',#12499,#2600);
#1475=LINE('',#12501,#2601);
#1476=LINE('',#12502,#2602);
#1477=LINE('',#12506,#2603);
#1478=LINE('',#12508,#2604);
#1479=LINE('',#12510,#2605);
#1480=LINE('',#12519,#2606);
#1481=LINE('',#12521,#2607);
#1482=LINE('',#12523,#2608);
#1483=LINE('',#12525,#2609);
#1484=LINE('',#12528,#2610);
#1485=LINE('',#12532,#2611);
#1486=LINE('',#12534,#2612);
#1487=LINE('',#12536,#2613);
#1488=LINE('',#12537,#2614);
#1489=LINE('',#12541,#2615);
#1490=LINE('',#12543,#2616);
#1491=LINE('',#12545,#2617);
#1492=LINE('',#12546,#2618);
#1493=LINE('',#12549,#2619);
#1494=LINE('',#12551,#2620);
#1495=LINE('',#12552,#2621);
#1496=LINE('',#12554,#2622);
#1497=LINE('',#12555,#2623);
#1498=LINE('',#12602,#2624);
#1499=LINE('',#12603,#2625);
#1500=LINE('',#12604,#2626);
#1501=LINE('',#12607,#2627);
#1502=LINE('',#12609,#2628);
#1503=LINE('',#12610,#2629);
#1504=LINE('',#12613,#2630);
#1505=LINE('',#12614,#2631);
#1506=LINE('',#12615,#2632);
#1507=LINE('',#12618,#2633);
#1508=LINE('',#12620,#2634);
#1509=LINE('',#12621,#2635);
#1510=LINE('',#12624,#2636);
#1511=LINE('',#12625,#2637);
#1512=LINE('',#12626,#2638);
#1513=LINE('',#12673,#2639);
#1514=LINE('',#12674,#2640);
#1515=LINE('',#12675,#2641);
#1516=LINE('',#12678,#2642);
#1517=LINE('',#12679,#2643);
#1518=LINE('',#12726,#2644);
#1519=LINE('',#12727,#2645);
#1520=LINE('',#12728,#2646);
#1521=LINE('',#12731,#2647);
#1522=LINE('',#12733,#2648);
#1523=LINE('',#12734,#2649);
#1524=LINE('',#12737,#2650);
#1525=LINE('',#12738,#2651);
#1526=LINE('',#12739,#2652);
#1527=LINE('',#12786,#2653);
#1528=LINE('',#12787,#2654);
#1529=LINE('',#12788,#2655);
#1530=LINE('',#12835,#2656);
#1531=LINE('',#12836,#2657);
#1532=LINE('',#12837,#2658);
#1533=LINE('',#12883,#2659);
#1534=LINE('',#12885,#2660);
#1535=LINE('',#12886,#2661);
#1536=LINE('',#12889,#2662);
#1537=LINE('',#12894,#2663);
#1538=LINE('',#12897,#2664);
#1539=LINE('',#12902,#2665);
#1540=LINE('',#12905,#2666);
#1541=LINE('',#12908,#2667);
#1542=LINE('',#12911,#2668);
#1543=LINE('',#12914,#2669);
#1544=LINE('',#12919,#2670);
#1545=LINE('',#12922,#2671);
#1546=LINE('',#12933,#2672);
#1547=LINE('',#12934,#2673);
#1548=LINE('',#12936,#2674);
#1549=LINE('',#12937,#2675);
#1550=LINE('',#12939,#2676);
#1551=LINE('',#12940,#2677);
#1552=LINE('',#12943,#2678);
#1553=LINE('',#12944,#2679);
#1554=LINE('',#12945,#2680);
#1555=LINE('',#12946,#2681);
#1556=LINE('',#12947,#2682);
#1557=LINE('',#12948,#2683);
#1558=LINE('',#12949,#2684);
#1559=LINE('',#12951,#2685);
#1560=LINE('',#12953,#2686);
#1561=LINE('',#12954,#2687);
#1562=LINE('',#12955,#2688);
#1563=LINE('',#12956,#2689);
#1564=LINE('',#12957,#2690);
#1565=LINE('',#12958,#2691);
#1566=LINE('',#12961,#2692);
#1567=LINE('',#12962,#2693);
#1568=LINE('',#12964,#2694);
#1569=LINE('',#12965,#2695);
#1570=LINE('',#12967,#2696);
#1571=LINE('',#12969,#2697);
#1572=LINE('',#12971,#2698);
#1573=LINE('',#12972,#2699);
#1574=LINE('',#12973,#2700);
#1575=LINE('',#12975,#2701);
#1576=LINE('',#12978,#2702);
#1577=LINE('',#12980,#2703);
#1578=LINE('',#12982,#2704);
#1579=LINE('',#12984,#2705);
#1580=LINE('',#12986,#2706);
#1581=LINE('',#12988,#2707);
#1582=LINE('',#12990,#2708);
#1583=LINE('',#12991,#2709);
#1584=LINE('',#12992,#2710);
#1585=LINE('',#12993,#2711);
#1586=LINE('',#12994,#2712);
#1587=LINE('',#12995,#2713);
#1588=LINE('',#12997,#2714);
#1589=LINE('',#13000,#2715);
#1590=LINE('',#13001,#2716);
#1591=LINE('',#13003,#2717);
#1592=LINE('',#13004,#2718);
#1593=LINE('',#13007,#2719);
#1594=LINE('',#13010,#2720);
#1595=LINE('',#13011,#2721);
#1596=LINE('',#13016,#2722);
#1597=LINE('',#13018,#2723);
#1598=LINE('',#13019,#2724);
#1599=LINE('',#13023,#2725);
#1600=LINE('',#13027,#2726);
#1601=LINE('',#13030,#2727);
#1602=LINE('',#13031,#2728);
#1603=LINE('',#13035,#2729);
#1604=LINE('',#13036,#2730);
#1605=LINE('',#13040,#2731);
#1606=LINE('',#13041,#2732);
#1607=LINE('',#13043,#2733);
#1608=LINE('',#13045,#2734);
#1609=LINE('',#13048,#2735);
#1610=LINE('',#13050,#2736);
#1611=LINE('',#13052,#2737);
#1612=LINE('',#13054,#2738);
#1613=LINE('',#13057,#2739);
#1614=LINE('',#13059,#2740);
#1615=LINE('',#13060,#2741);
#1616=LINE('',#13061,#2742);
#1617=LINE('',#13063,#2743);
#1618=LINE('',#13065,#2744);
#1619=LINE('',#13068,#2745);
#1620=LINE('',#13072,#2746);
#1621=LINE('',#13074,#2747);
#1622=LINE('',#13076,#2748);
#1623=LINE('',#13079,#2749);
#1624=LINE('',#13081,#2750);
#1625=LINE('',#13083,#2751);
#1626=LINE('',#13085,#2752);
#1627=LINE('',#13087,#2753);
#1628=LINE('',#13093,#2754);
#1629=LINE('',#13095,#2755);
#1630=LINE('',#13097,#2756);
#1631=LINE('',#13098,#2757);
#1632=LINE('',#13101,#2758);
#1633=LINE('',#13103,#2759);
#1634=LINE('',#13104,#2760);
#1635=LINE('',#13107,#2761);
#1636=LINE('',#13109,#2762);
#1637=LINE('',#13110,#2763);
#1638=LINE('',#13113,#2764);
#1639=LINE('',#13115,#2765);
#1640=LINE('',#13116,#2766);
#1641=LINE('',#13119,#2767);
#1642=LINE('',#13121,#2768);
#1643=LINE('',#13122,#2769);
#1644=LINE('',#13125,#2770);
#1645=LINE('',#13127,#2771);
#1646=LINE('',#13128,#2772);
#1647=LINE('',#13131,#2773);
#1648=LINE('',#13133,#2774);
#1649=LINE('',#13134,#2775);
#1650=LINE('',#13137,#2776);
#1651=LINE('',#13139,#2777);
#1652=LINE('',#13140,#2778);
#1653=LINE('',#13143,#2779);
#1654=LINE('',#13145,#2780);
#1655=LINE('',#13146,#2781);
#1656=LINE('',#13149,#2782);
#1657=LINE('',#13151,#2783);
#1658=LINE('',#13152,#2784);
#1659=LINE('',#13155,#2785);
#1660=LINE('',#13157,#2786);
#1661=LINE('',#13158,#2787);
#1662=LINE('',#13160,#2788);
#1663=LINE('',#13161,#2789);
#1664=LINE('',#13164,#2790);
#1665=LINE('',#13166,#2791);
#1666=LINE('',#13167,#2792);
#1667=LINE('',#13170,#2793);
#1668=LINE('',#13171,#2794);
#1669=LINE('',#13174,#2795);
#1670=LINE('',#13175,#2796);
#1671=LINE('',#13178,#2797);
#1672=LINE('',#13179,#2798);
#1673=LINE('',#13182,#2799);
#1674=LINE('',#13183,#2800);
#1675=LINE('',#13186,#2801);
#1676=LINE('',#13187,#2802);
#1677=LINE('',#13191,#2803);
#1678=LINE('',#13193,#2804);
#1679=LINE('',#13195,#2805);
#1680=LINE('',#13197,#2806);
#1681=LINE('',#13199,#2807);
#1682=LINE('',#13201,#2808);
#1683=LINE('',#13203,#2809);
#1684=LINE('',#13205,#2810);
#1685=LINE('',#13207,#2811);
#1686=LINE('',#13209,#2812);
#1687=LINE('',#13211,#2813);
#1688=LINE('',#13212,#2814);
#1689=LINE('',#13216,#2815);
#1690=LINE('',#13218,#2816);
#1691=LINE('',#13220,#2817);
#1692=LINE('',#13221,#2818);
#1693=LINE('',#13224,#2819);
#1694=LINE('',#13227,#2820);
#1695=LINE('',#13230,#2821);
#1696=LINE('',#13232,#2822);
#1697=LINE('',#13234,#2823);
#1698=LINE('',#13236,#2824);
#1699=LINE('',#13237,#2825);
#1700=LINE('',#13241,#2826);
#1701=LINE('',#13243,#2827);
#1702=LINE('',#13245,#2828);
#1703=LINE('',#13246,#2829);
#1704=LINE('',#13249,#2830);
#1705=LINE('',#13251,#2831);
#1706=LINE('',#13253,#2832);
#1707=LINE('',#13255,#2833);
#1708=LINE('',#13257,#2834);
#1709=LINE('',#13259,#2835);
#1710=LINE('',#13261,#2836);
#1711=LINE('',#13263,#2837);
#1712=LINE('',#13265,#2838);
#1713=LINE('',#13267,#2839);
#1714=LINE('',#13269,#2840);
#1715=LINE('',#13270,#2841);
#1716=LINE('',#13272,#2842);
#1717=LINE('',#13273,#2843);
#1718=LINE('',#13277,#2844);
#1719=LINE('',#13279,#2845);
#1720=LINE('',#13281,#2846);
#1721=LINE('',#13282,#2847);
#1722=LINE('',#13285,#2848);
#1723=LINE('',#13287,#2849);
#1724=LINE('',#13289,#2850);
#1725=LINE('',#13290,#2851);
#1726=LINE('',#13292,#2852);
#1727=LINE('',#13294,#2853);
#1728=LINE('',#13296,#2854);
#1729=LINE('',#13298,#2855);
#1730=LINE('',#13300,#2856);
#1731=LINE('',#13302,#2857);
#1732=LINE('',#13304,#2858);
#1733=LINE('',#13306,#2859);
#1734=LINE('',#13308,#2860);
#1735=LINE('',#13309,#2861);
#1736=LINE('',#13312,#2862);
#1737=LINE('',#13314,#2863);
#1738=LINE('',#13315,#2864);
#1739=LINE('',#13318,#2865);
#1740=LINE('',#13320,#2866);
#1741=LINE('',#13321,#2867);
#1742=LINE('',#13325,#2868);
#1743=LINE('',#13327,#2869);
#1744=LINE('',#13329,#2870);
#1745=LINE('',#13330,#2871);
#1746=LINE('',#13333,#2872);
#1747=LINE('',#13335,#2873);
#1748=LINE('',#13337,#2874);
#1749=LINE('',#13338,#2875);
#1750=LINE('',#13340,#2876);
#1751=LINE('',#13342,#2877);
#1752=LINE('',#13344,#2878);
#1753=LINE('',#13346,#2879);
#1754=LINE('',#13348,#2880);
#1755=LINE('',#13350,#2881);
#1756=LINE('',#13352,#2882);
#1757=LINE('',#13353,#2883);
#1758=LINE('',#13354,#2884);
#1759=LINE('',#13357,#2885);
#1760=LINE('',#13358,#2886);
#1761=LINE('',#13361,#2887);
#1762=LINE('',#13363,#2888);
#1763=LINE('',#13364,#2889);
#1764=LINE('',#13368,#2890);
#1765=LINE('',#13370,#2891);
#1766=LINE('',#13372,#2892);
#1767=LINE('',#13373,#2893);
#1768=LINE('',#13376,#2894);
#1769=LINE('',#13378,#2895);
#1770=LINE('',#13380,#2896);
#1771=LINE('',#13381,#2897);
#1772=LINE('',#13383,#2898);
#1773=LINE('',#13385,#2899);
#1774=LINE('',#13387,#2900);
#1775=LINE('',#13389,#2901);
#1776=LINE('',#13391,#2902);
#1777=LINE('',#13393,#2903);
#1778=LINE('',#13395,#2904);
#1779=LINE('',#13397,#2905);
#1780=LINE('',#13399,#2906);
#1781=LINE('',#13400,#2907);
#1782=LINE('',#13403,#2908);
#1783=LINE('',#13405,#2909);
#1784=LINE('',#13406,#2910);
#1785=LINE('',#13409,#2911);
#1786=LINE('',#13411,#2912);
#1787=LINE('',#13412,#2913);
#1788=LINE('',#13416,#2914);
#1789=LINE('',#13418,#2915);
#1790=LINE('',#13420,#2916);
#1791=LINE('',#13421,#2917);
#1792=LINE('',#13424,#2918);
#1793=LINE('',#13426,#2919);
#1794=LINE('',#13428,#2920);
#1795=LINE('',#13429,#2921);
#1796=LINE('',#13431,#2922);
#1797=LINE('',#13433,#2923);
#1798=LINE('',#13435,#2924);
#1799=LINE('',#13437,#2925);
#1800=LINE('',#13439,#2926);
#1801=LINE('',#13441,#2927);
#1802=LINE('',#13443,#2928);
#1803=LINE('',#13445,#2929);
#1804=LINE('',#13447,#2930);
#1805=LINE('',#13448,#2931);
#1806=LINE('',#13451,#2932);
#1807=LINE('',#13453,#2933);
#1808=LINE('',#13454,#2934);
#1809=LINE('',#13457,#2935);
#1810=LINE('',#13459,#2936);
#1811=LINE('',#13460,#2937);
#1812=LINE('',#13464,#2938);
#1813=LINE('',#13466,#2939);
#1814=LINE('',#13468,#2940);
#1815=LINE('',#13469,#2941);
#1816=LINE('',#13471,#2942);
#1817=LINE('',#13472,#2943);
#1818=LINE('',#13476,#2944);
#1819=LINE('',#13478,#2945);
#1820=LINE('',#13480,#2946);
#1821=LINE('',#13481,#2947);
#1822=LINE('',#13484,#2948);
#1823=LINE('',#13486,#2949);
#1824=LINE('',#13487,#2950);
#1825=LINE('',#13489,#2951);
#1826=LINE('',#13491,#2952);
#1827=LINE('',#13493,#2953);
#1828=LINE('',#13495,#2954);
#1829=LINE('',#13497,#2955);
#1830=LINE('',#13499,#2956);
#1831=LINE('',#13500,#2957);
#1832=LINE('',#13502,#2958);
#1833=LINE('',#13504,#2959);
#1834=LINE('',#13505,#2960);
#1835=LINE('',#13508,#2961);
#1836=LINE('',#13510,#2962);
#1837=LINE('',#13511,#2963);
#1838=LINE('',#13514,#2964);
#1839=LINE('',#13516,#2965);
#1840=LINE('',#13517,#2966);
#1841=LINE('',#13520,#2967);
#1842=LINE('',#13522,#2968);
#1843=LINE('',#13523,#2969);
#1844=LINE('',#13526,#2970);
#1845=LINE('',#13529,#2971);
#1846=LINE('',#13531,#2972);
#1847=LINE('',#13535,#2973);
#1848=LINE('',#13537,#2974);
#1849=LINE('',#13539,#2975);
#1850=LINE('',#13542,#2976);
#1851=LINE('',#13545,#2977);
#1852=LINE('',#13547,#2978);
#1853=LINE('',#13548,#2979);
#1854=LINE('',#13550,#2980);
#1855=LINE('',#13552,#2981);
#1856=LINE('',#13555,#2982);
#1857=LINE('',#13557,#2983);
#1858=LINE('',#13560,#2984);
#1859=LINE('',#13566,#2985);
#1860=LINE('',#13567,#2986);
#1861=LINE('',#13569,#2987);
#1862=LINE('',#13571,#2988);
#1863=LINE('',#13572,#2989);
#1864=LINE('',#13574,#2990);
#1865=LINE('',#13576,#2991);
#1866=LINE('',#13579,#2992);
#1867=LINE('',#13581,#2993);
#1868=LINE('',#13587,#2994);
#1869=LINE('',#13588,#2995);
#1870=LINE('',#13590,#2996);
#1871=LINE('',#13593,#2997);
#1872=LINE('',#13595,#2998);
#1873=LINE('',#13597,#2999);
#1874=LINE('',#13600,#3000);
#1875=LINE('',#13602,#3001);
#1876=LINE('',#13605,#3002);
#1877=LINE('',#13607,#3003);
#1878=LINE('',#13611,#3004);
#1879=LINE('',#13612,#3005);
#1880=LINE('',#13614,#3006);
#1881=LINE('',#13617,#3007);
#1882=LINE('',#13619,#3008);
#1883=LINE('',#13621,#3009);
#1884=LINE('',#13624,#3010);
#1885=LINE('',#13626,#3011);
#1886=LINE('',#13632,#3012);
#1887=LINE('',#13633,#3013);
#1888=LINE('',#13644,#3014);
#1889=LINE('',#13645,#3015);
#1890=LINE('',#13647,#3016);
#1891=LINE('',#13650,#3017);
#1892=LINE('',#13651,#3018);
#1893=LINE('',#13656,#3019);
#1894=LINE('',#13657,#3020);
#1895=LINE('',#13659,#3021);
#1896=LINE('',#13662,#3022);
#1897=LINE('',#13663,#3023);
#1898=LINE('',#13670,#3024);
#1899=LINE('',#13671,#3025);
#1900=LINE('',#13675,#3026);
#1901=LINE('',#13679,#3027);
#1902=LINE('',#13685,#3028);
#1903=LINE('',#13686,#3029);
#1904=LINE('',#13687,#3030);
#1905=LINE('',#13689,#3031);
#1906=LINE('',#13692,#3032);
#1907=LINE('',#13693,#3033);
#1908=LINE('',#13699,#3034);
#1909=LINE('',#13700,#3035);
#1910=LINE('',#13701,#3036);
#1911=LINE('',#13705,#3037);
#1912=LINE('',#13707,#3038);
#1913=LINE('',#13710,#3039);
#1914=LINE('',#13711,#3040);
#1915=LINE('',#13714,#3041);
#1916=LINE('',#13715,#3042);
#1917=LINE('',#13719,#3043);
#1918=LINE('',#13722,#3044);
#1919=LINE('',#13723,#3045);
#1920=LINE('',#13725,#3046);
#1921=LINE('',#13727,#3047);
#1922=LINE('',#13730,#3048);
#1923=LINE('',#13731,#3049);
#1924=LINE('',#13734,#3050);
#1925=LINE('',#13735,#3051);
#1926=LINE('',#13737,#3052);
#1927=LINE('',#13740,#3053);
#1928=LINE('',#13741,#3054);
#1929=LINE('',#13744,#3055);
#1930=LINE('',#13745,#3056);
#1931=LINE('',#13749,#3057);
#1932=LINE('',#13753,#3058);
#1933=LINE('',#13755,#3059);
#1934=LINE('',#13758,#3060);
#1935=LINE('',#13759,#3061);
#1936=LINE('',#13761,#3062);
#1937=LINE('',#13764,#3063);
#1938=LINE('',#13765,#3064);
#1939=LINE('',#13770,#3065);
#1940=LINE('',#13771,#3066);
#1941=LINE('',#13774,#3067);
#1942=LINE('',#13775,#3068);
#1943=LINE('',#13779,#3069);
#1944=LINE('',#13782,#3070);
#1945=LINE('',#13784,#3071);
#1946=LINE('',#13788,#3072);
#1947=LINE('',#13789,#3073);
#1948=LINE('',#13790,#3074);
#1949=LINE('',#13792,#3075);
#1950=LINE('',#13795,#3076);
#1951=LINE('',#13796,#3077);
#1952=LINE('',#13800,#3078);
#1953=LINE('',#13803,#3079);
#1954=LINE('',#13804,#3080);
#1955=LINE('',#13808,#3081);
#1956=LINE('',#13810,#3082);
#1957=LINE('',#13812,#3083);
#1958=LINE('',#13814,#3084);
#1959=LINE('',#13817,#3085);
#1960=LINE('',#13818,#3086);
#1961=LINE('',#13821,#3087);
#1962=LINE('',#13822,#3088);
#1963=LINE('',#13826,#3089);
#1964=LINE('',#13830,#3090);
#1965=LINE('',#13832,#3091);
#1966=LINE('',#13835,#3092);
#1967=LINE('',#13836,#3093);
#1968=LINE('',#13839,#3094);
#1969=LINE('',#13840,#3095);
#1970=LINE('',#13844,#3096);
#1971=LINE('',#13846,#3097);
#1972=LINE('',#13850,#3098);
#1973=LINE('',#13851,#3099);
#1974=LINE('',#13852,#3100);
#1975=LINE('',#13854,#3101);
#1976=LINE('',#13857,#3102);
#1977=LINE('',#13858,#3103);
#1978=LINE('',#13862,#3104);
#1979=LINE('',#13865,#3105);
#1980=LINE('',#13866,#3106);
#1981=LINE('',#13869,#3107);
#1982=LINE('',#13870,#3108);
#1983=LINE('',#13872,#3109);
#1984=LINE('',#13876,#3110);
#1985=LINE('',#13877,#3111);
#1986=LINE('',#13878,#3112);
#1987=LINE('',#13880,#3113);
#1988=LINE('',#13883,#3114);
#1989=LINE('',#13884,#3115);
#1990=LINE('',#13889,#3116);
#1991=LINE('',#13890,#3117);
#1992=LINE('',#13893,#3118);
#1993=LINE('',#13894,#3119);
#1994=LINE('',#13897,#3120);
#1995=LINE('',#13898,#3121);
#1996=LINE('',#13901,#3122);
#1997=LINE('',#13902,#3123);
#1998=LINE('',#13905,#3124);
#1999=LINE('',#13906,#3125);
#2000=LINE('',#13908,#3126);
#2001=LINE('',#13914,#3127);
#2002=LINE('',#13916,#3128);
#2003=LINE('',#13918,#3129);
#2004=LINE('',#13920,#3130);
#2005=LINE('',#13922,#3131);
#2006=LINE('',#13924,#3132);
#2007=LINE('',#13926,#3133);
#2008=LINE('',#13928,#3134);
#2009=LINE('',#13929,#3135);
#2010=LINE('',#13934,#3136);
#2011=LINE('',#13936,#3137);
#2012=LINE('',#13940,#3138);
#2013=LINE('',#13942,#3139);
#2014=LINE('',#13943,#3140);
#2015=LINE('',#13950,#3141);
#2016=LINE('',#13951,#3142);
#2017=LINE('',#13954,#3143);
#2018=LINE('',#13956,#3144);
#2019=LINE('',#13957,#3145);
#2020=LINE('',#13959,#3146);
#2021=LINE('',#13961,#3147);
#2022=LINE('',#13962,#3148);
#2023=LINE('',#13967,#3149);
#2024=LINE('',#13968,#3150);
#2025=LINE('',#13977,#3151);
#2026=LINE('',#13982,#3152);
#2027=LINE('',#13984,#3153);
#2028=LINE('',#13986,#3154);
#2029=LINE('',#13988,#3155);
#2030=LINE('',#13990,#3156);
#2031=LINE('',#13992,#3157);
#2032=LINE('',#13994,#3158);
#2033=LINE('',#13996,#3159);
#2034=LINE('',#13998,#3160);
#2035=LINE('',#14000,#3161);
#2036=LINE('',#14002,#3162);
#2037=LINE('',#14004,#3163);
#2038=LINE('',#14006,#3164);
#2039=LINE('',#14008,#3165);
#2040=LINE('',#14010,#3166);
#2041=LINE('',#14012,#3167);
#2042=LINE('',#14014,#3168);
#2043=LINE('',#14016,#3169);
#2044=LINE('',#14018,#3170);
#2045=LINE('',#14020,#3171);
#2046=LINE('',#14022,#3172);
#2047=LINE('',#14023,#3173);
#2048=LINE('',#14030,#3174);
#2049=LINE('',#14032,#3175);
#2050=LINE('',#14034,#3176);
#2051=LINE('',#14036,#3177);
#2052=LINE('',#14038,#3178);
#2053=LINE('',#14040,#3179);
#2054=LINE('',#14042,#3180);
#2055=LINE('',#14044,#3181);
#2056=LINE('',#14046,#3182);
#2057=LINE('',#14048,#3183);
#2058=LINE('',#14050,#3184);
#2059=LINE('',#14052,#3185);
#2060=LINE('',#14054,#3186);
#2061=LINE('',#14056,#3187);
#2062=LINE('',#14058,#3188);
#2063=LINE('',#14060,#3189);
#2064=LINE('',#14062,#3190);
#2065=LINE('',#14063,#3191);
#2066=LINE('',#14070,#3192);
#2067=LINE('',#14072,#3193);
#2068=LINE('',#14073,#3194);
#2069=LINE('',#14076,#3195);
#2070=LINE('',#14077,#3196);
#2071=LINE('',#14080,#3197);
#2072=LINE('',#14081,#3198);
#2073=LINE('',#14085,#3199);
#2074=LINE('',#14086,#3200);
#2075=LINE('',#14088,#3201);
#2076=LINE('',#14089,#3202);
#2077=LINE('',#14093,#3203);
#2078=LINE('',#14094,#3204);
#2079=LINE('',#14095,#3205);
#2080=LINE('',#14099,#3206);
#2081=LINE('',#14101,#3207);
#2082=LINE('',#14103,#3208);
#2083=LINE('',#14107,#3209);
#2084=LINE('',#14108,#3210);
#2085=LINE('',#14109,#3211);
#2086=LINE('',#14113,#3212);
#2087=LINE('',#14115,#3213);
#2088=LINE('',#14117,#3214);
#2089=LINE('',#14119,#3215);
#2090=LINE('',#14121,#3216);
#2091=LINE('',#14123,#3217);
#2092=LINE('',#14125,#3218);
#2093=LINE('',#14127,#3219);
#2094=LINE('',#14128,#3220);
#2095=LINE('',#14133,#3221);
#2096=LINE('',#14135,#3222);
#2097=LINE('',#14141,#3223);
#2098=LINE('',#14143,#3224);
#2099=LINE('',#14144,#3225);
#2100=LINE('',#14149,#3226);
#2101=LINE('',#14150,#3227);
#2102=LINE('',#14153,#3228);
#2103=LINE('',#14155,#3229);
#2104=LINE('',#14156,#3230);
#2105=LINE('',#14158,#3231);
#2106=LINE('',#14160,#3232);
#2107=LINE('',#14161,#3233);
#2108=LINE('',#14166,#3234);
#2109=LINE('',#14167,#3235);
#2110=LINE('',#14174,#3236);
#2111=LINE('',#14182,#3237);
#2112=LINE('',#14184,#3238);
#2113=LINE('',#14185,#3239);
#2114=LINE('',#14188,#3240);
#2115=LINE('',#14189,#3241);
#2116=LINE('',#14192,#3242);
#2117=LINE('',#14193,#3243);
#2118=LINE('',#14197,#3244);
#2119=LINE('',#14199,#3245);
#2120=LINE('',#14201,#3246);
#2121=LINE('',#14202,#3247);
#2122=LINE('',#14206,#3248);
#2123=LINE('',#14209,#3249);
#2124=LINE('',#14210,#3250);
#2125=LINE('',#14214,#3251);
#2126=LINE('',#14215,#3252);
#2127=LINE('',#14216,#3253);
#2128=LINE('',#14220,#3254);
#2129=LINE('',#14222,#3255);
#2130=LINE('',#14224,#3256);
#2131=LINE('',#14226,#3257);
#2132=LINE('',#14228,#3258);
#2133=LINE('',#14230,#3259);
#2134=LINE('',#14232,#3260);
#2135=LINE('',#14234,#3261);
#2136=LINE('',#14235,#3262);
#2137=LINE('',#14240,#3263);
#2138=LINE('',#14242,#3264);
#2139=LINE('',#14246,#3265);
#2140=LINE('',#14248,#3266);
#2141=LINE('',#14249,#3267);
#2142=LINE('',#14252,#3268);
#2143=LINE('',#14260,#3269);
#2144=LINE('',#14261,#3270);
#2145=LINE('',#14264,#3271);
#2146=LINE('',#14266,#3272);
#2147=LINE('',#14267,#3273);
#2148=LINE('',#14269,#3274);
#2149=LINE('',#14271,#3275);
#2150=LINE('',#14272,#3276);
#2151=LINE('',#14278,#3277);
#2152=LINE('',#14286,#3278);
#2153=LINE('',#14290,#3279);
#2154=LINE('',#14292,#3280);
#2155=LINE('',#14296,#3281);
#2156=LINE('',#14300,#3282);
#2157=LINE('',#14301,#3283);
#2158=LINE('',#14303,#3284);
#2159=LINE('',#14304,#3285);
#2160=LINE('',#14307,#3286);
#2161=LINE('',#14308,#3287);
#2162=LINE('',#14311,#3288);
#2163=LINE('',#14312,#3289);
#2164=LINE('',#14315,#3290);
#2165=LINE('',#14316,#3291);
#2166=LINE('',#14319,#3292);
#2167=LINE('',#14321,#3293);
#2168=LINE('',#14322,#3294);
#2169=LINE('',#14325,#3295);
#2170=LINE('',#14327,#3296);
#2171=LINE('',#14328,#3297);
#2172=LINE('',#14331,#3298);
#2173=LINE('',#14333,#3299);
#2174=LINE('',#14334,#3300);
#2175=LINE('',#14337,#3301);
#2176=LINE('',#14339,#3302);
#2177=LINE('',#14340,#3303);
#2178=LINE('',#14343,#3304);
#2179=LINE('',#14345,#3305);
#2180=LINE('',#14346,#3306);
#2181=LINE('',#14349,#3307);
#2182=LINE('',#14351,#3308);
#2183=LINE('',#14352,#3309);
#2184=LINE('',#14355,#3310);
#2185=LINE('',#14357,#3311);
#2186=LINE('',#14358,#3312);
#2187=LINE('',#14361,#3313);
#2188=LINE('',#14363,#3314);
#2189=LINE('',#14364,#3315);
#2190=LINE('',#14366,#3316);
#2191=LINE('',#14368,#3317);
#2192=LINE('',#14369,#3318);
#2193=LINE('',#14372,#3319);
#2194=LINE('',#14373,#3320);
#2195=LINE('',#14376,#3321);
#2196=LINE('',#14377,#3322);
#2197=LINE('',#14380,#3323);
#2198=LINE('',#14381,#3324);
#2199=LINE('',#14384,#3325);
#2200=LINE('',#14386,#3326);
#2201=LINE('',#14387,#3327);
#2202=LINE('',#14389,#3328);
#2203=LINE('',#14390,#3329);
#2204=LINE('',#14392,#3330);
#2205=LINE('',#14393,#3331);
#2206=LINE('',#14395,#3332);
#2207=LINE('',#14398,#3333);
#2208=LINE('',#14400,#3334);
#2209=LINE('',#14405,#3335);
#2210=LINE('',#14407,#3336);
#2211=LINE('',#14409,#3337);
#2212=LINE('',#14411,#3338);
#2213=LINE('',#14413,#3339);
#2214=LINE('',#14415,#3340);
#2215=LINE('',#14417,#3341);
#2216=LINE('',#14419,#3342);
#2217=LINE('',#14421,#3343);
#2218=LINE('',#14423,#3344);
#2219=LINE('',#14425,#3345);
#2220=LINE('',#14427,#3346);
#2221=LINE('',#14429,#3347);
#2222=LINE('',#14431,#3348);
#2223=LINE('',#14433,#3349);
#2224=LINE('',#14435,#3350);
#2225=LINE('',#14437,#3351);
#2226=LINE('',#14439,#3352);
#2227=LINE('',#14441,#3353);
#2228=LINE('',#14442,#3354);
#2229=LINE('',#14444,#3355);
#2230=LINE('',#14445,#3356);
#2231=LINE('',#14448,#3357);
#2232=LINE('',#14450,#3358);
#2233=LINE('',#14451,#3359);
#2234=LINE('',#14456,#3360);
#2235=LINE('',#14457,#3361);
#2236=LINE('',#14460,#3362);
#2237=LINE('',#14461,#3363);
#2238=LINE('',#14464,#3364);
#2239=LINE('',#14466,#3365);
#2240=LINE('',#14467,#3366);
#2241=LINE('',#14470,#3367);
#2242=LINE('',#14471,#3368);
#2243=LINE('',#14474,#3369);
#2244=LINE('',#14475,#3370);
#2245=LINE('',#14478,#3371);
#2246=LINE('',#14480,#3372);
#2247=LINE('',#14481,#3373);
#2248=LINE('',#14485,#3374);
#2249=LINE('',#14487,#3375);
#2250=LINE('',#14489,#3376);
#2251=LINE('',#14490,#3377);
#2252=LINE('',#14494,#3378);
#2253=LINE('',#14498,#3379);
#2254=LINE('',#14499,#3380);
#2255=LINE('',#14501,#3381);
#2256=LINE('',#14504,#3382);
#2257=LINE('',#14505,#3383);
#2258=LINE('',#14507,#3384);
#2259=LINE('',#14508,#3385);
#2260=LINE('',#14511,#3386);
#2261=LINE('',#14513,#3387);
#2262=LINE('',#14515,#3388);
#2263=LINE('',#14516,#3389);
#2264=LINE('',#14518,#3390);
#2265=LINE('',#14519,#3391);
#2266=LINE('',#14522,#3392);
#2267=LINE('',#14523,#3393);
#2268=LINE('',#14526,#3394);
#2269=LINE('',#14527,#3395);
#2270=LINE('',#14532,#3396);
#2271=LINE('',#14537,#3397);
#2272=LINE('',#14540,#3398);
#2273=LINE('',#14541,#3399);
#2274=LINE('',#14544,#3400);
#2275=LINE('',#14545,#3401);
#2276=LINE('',#14548,#3402);
#2277=LINE('',#14549,#3403);
#2278=LINE('',#14552,#3404);
#2279=LINE('',#14554,#3405);
#2280=LINE('',#14555,#3406);
#2281=LINE('',#14558,#3407);
#2282=LINE('',#14559,#3408);
#2283=LINE('',#14562,#3409);
#2284=LINE('',#14564,#3410);
#2285=LINE('',#14565,#3411);
#2286=LINE('',#14570,#3412);
#2287=LINE('',#14573,#3413);
#2288=LINE('',#14574,#3414);
#2289=LINE('',#14577,#3415);
#2290=LINE('',#14578,#3416);
#2291=LINE('',#14580,#3417);
#2292=LINE('',#14583,#3418);
#2293=LINE('',#14584,#3419);
#2294=LINE('',#14586,#3420);
#2295=LINE('',#14587,#3421);
#2296=LINE('',#14589,#3422);
#2297=LINE('',#14593,#3423);
#2298=LINE('',#14594,#3424);
#2299=LINE('',#14597,#3425);
#2300=LINE('',#14599,#3426);
#2301=LINE('',#14600,#3427);
#2302=LINE('',#14603,#3428);
#2303=LINE('',#14605,#3429);
#2304=LINE('',#14606,#3430);
#2305=LINE('',#14609,#3431);
#2306=LINE('',#14611,#3432);
#2307=LINE('',#14612,#3433);
#2308=LINE('',#14615,#3434);
#2309=LINE('',#14617,#3435);
#2310=LINE('',#14618,#3436);
#2311=LINE('',#14621,#3437);
#2312=LINE('',#14623,#3438);
#2313=LINE('',#14624,#3439);
#2314=LINE('',#14627,#3440);
#2315=LINE('',#14629,#3441);
#2316=LINE('',#14630,#3442);
#2317=LINE('',#14635,#3443);
#2318=LINE('',#14638,#3444);
#2319=LINE('',#14639,#3445);
#2320=LINE('',#14641,#3446);
#2321=LINE('',#14643,#3447);
#2322=LINE('',#14645,#3448);
#2323=LINE('',#14647,#3449);
#2324=LINE('',#14649,#3450);
#2325=LINE('',#14651,#3451);
#2326=LINE('',#14653,#3452);
#2327=LINE('',#14655,#3453);
#2328=LINE('',#14660,#3454);
#2329=LINE('',#14663,#3455);
#2330=LINE('',#14665,#3456);
#2331=LINE('',#14667,#3457);
#2332=LINE('',#14668,#3458);
#2333=LINE('',#14670,#3459);
#2334=LINE('',#14673,#3460);
#2335=LINE('',#14677,#3461);
#2336=LINE('',#14679,#3462);
#2337=LINE('',#14681,#3463);
#2338=LINE('',#14683,#3464);
#2339=LINE('',#14685,#3465);
#2340=LINE('',#14687,#3466);
#2341=LINE('',#14689,#3467);
#2342=LINE('',#14691,#3468);
#2343=LINE('',#14693,#3469);
#2344=LINE('',#14694,#3470);
#2345=LINE('',#14698,#3471);
#2346=LINE('',#14700,#3472);
#2347=LINE('',#14703,#3473);
#2348=LINE('',#14706,#3474);
#2349=LINE('',#14708,#3475);
#2350=LINE('',#14710,#3476);
#2351=LINE('',#14711,#3477);
#2352=LINE('',#14713,#3478);
#2353=LINE('',#14716,#3479);
#2354=LINE('',#14718,#3480);
#2355=LINE('',#14720,#3481);
#2356=LINE('',#14722,#3482);
#2357=LINE('',#14725,#3483);
#2358=LINE('',#14729,#3484);
#2359=LINE('',#14730,#3485);
#2360=LINE('',#14732,#3486);
#2361=LINE('',#14734,#3487);
#2362=LINE('',#14736,#3488);
#2363=LINE('',#14738,#3489);
#2364=LINE('',#14741,#3490);
#2365=LINE('',#14744,#3491);
#2366=LINE('',#14746,#3492);
#2367=LINE('',#14748,#3493);
#2368=LINE('',#14750,#3494);
#2369=LINE('',#14752,#3495);
#2370=LINE('',#14755,#3496);
#2371=LINE('',#14757,#3497);
#2372=VECTOR('',#9647,10.);
#2373=VECTOR('',#9648,10.);
#2374=VECTOR('',#9649,10.);
#2375=VECTOR('',#9650,10.);
#2376=VECTOR('',#9653,10.);
#2377=VECTOR('',#9654,10.);
#2378=VECTOR('',#9655,10.);
#2379=VECTOR('',#9658,10.);
#2380=VECTOR('',#9659,10.);
#2381=VECTOR('',#9660,10.);
#2382=VECTOR('',#9663,10.);
#2383=VECTOR('',#9664,10.);
#2384=VECTOR('',#9665,10.);
#2385=VECTOR('',#9668,10.);
#2386=VECTOR('',#9669,10.);
#2387=VECTOR('',#9670,10.);
#2388=VECTOR('',#9671,10.);
#2389=VECTOR('',#9674,10.);
#2390=VECTOR('',#9675,10.);
#2391=VECTOR('',#9678,10.);
#2392=VECTOR('',#9679,10.);
#2393=VECTOR('',#9680,10.);
#2394=VECTOR('',#9683,10.);
#2395=VECTOR('',#9684,10.);
#2396=VECTOR('',#9685,10.);
#2397=VECTOR('',#9688,10.);
#2398=VECTOR('',#9689,10.);
#2399=VECTOR('',#9690,10.);
#2400=VECTOR('',#9693,10.);
#2401=VECTOR('',#9694,10.);
#2402=VECTOR('',#9695,10.);
#2403=VECTOR('',#9698,10.);
#2404=VECTOR('',#9699,10.);
#2405=VECTOR('',#9700,10.);
#2406=VECTOR('',#9703,10.);
#2407=VECTOR('',#9704,10.);
#2408=VECTOR('',#9707,10.);
#2409=VECTOR('',#9708,10.);
#2410=VECTOR('',#9709,10.);
#2411=VECTOR('',#9712,10.);
#2412=VECTOR('',#9713,10.);
#2413=VECTOR('',#9716,10.);
#2414=VECTOR('',#9717,10.);
#2415=VECTOR('',#9720,10.);
#2416=VECTOR('',#9721,10.);
#2417=VECTOR('',#9724,10.);
#2418=VECTOR('',#9725,10.);
#2419=VECTOR('',#9728,10.);
#2420=VECTOR('',#9729,10.);
#2421=VECTOR('',#9734,10.);
#2422=VECTOR('',#9735,10.);
#2423=VECTOR('',#9736,10.);
#2424=VECTOR('',#9739,10.);
#2425=VECTOR('',#9740,10.);
#2426=VECTOR('',#9741,10.);
#2427=VECTOR('',#9744,10.);
#2428=VECTOR('',#9745,10.);
#2429=VECTOR('',#9746,10.);
#2430=VECTOR('',#9747,10.);
#2431=VECTOR('',#9748,10.);
#2432=VECTOR('',#9749,10.);
#2433=VECTOR('',#9750,10.);
#2434=VECTOR('',#9751,10.);
#2435=VECTOR('',#9754,10.);
#2436=VECTOR('',#9755,10.);
#2437=VECTOR('',#9756,10.);
#2438=VECTOR('',#9757,10.);
#2439=VECTOR('',#9758,10.);
#2440=VECTOR('',#9759,10.);
#2441=VECTOR('',#9760,10.);
#2442=VECTOR('',#9761,10.);
#2443=VECTOR('',#9762,10.);
#2444=VECTOR('',#9763,10.);
#2445=VECTOR('',#9778,10.);
#2446=VECTOR('',#9779,10.);
#2447=VECTOR('',#9780,10.);
#2448=VECTOR('',#9781,10.);
#2449=VECTOR('',#9784,10.);
#2450=VECTOR('',#9785,10.);
#2451=VECTOR('',#9786,10.);
#2452=VECTOR('',#9787,10.);
#2453=VECTOR('',#9788,10.);
#2454=VECTOR('',#9789,10.);
#2455=VECTOR('',#9790,10.);
#2456=VECTOR('',#9791,10.);
#2457=VECTOR('',#9792,10.);
#2458=VECTOR('',#9795,10.);
#2459=VECTOR('',#9796,10.);
#2460=VECTOR('',#9797,10.);
#2461=VECTOR('',#9798,10.);
#2462=VECTOR('',#9803,10.);
#2463=VECTOR('',#9804,10.);
#2464=VECTOR('',#9805,10.);
#2465=VECTOR('',#9806,10.);
#2466=VECTOR('',#9809,10.);
#2467=VECTOR('',#9810,10.);
#2468=VECTOR('',#9811,10.);
#2469=VECTOR('',#9812,10.);
#2470=VECTOR('',#9813,10.);
#2471=VECTOR('',#9816,10.);
#2472=VECTOR('',#9817,10.);
#2473=VECTOR('',#9818,10.);
#2474=VECTOR('',#9819,10.);
#2475=VECTOR('',#9820,10.);
#2476=VECTOR('',#9821,10.);
#2477=VECTOR('',#9822,10.);
#2478=VECTOR('',#9823,10.);
#2479=VECTOR('',#9824,10.);
#2480=VECTOR('',#9831,10.);
#2481=VECTOR('',#9832,10.);
#2482=VECTOR('',#9833,10.);
#2483=VECTOR('',#9834,10.);
#2484=VECTOR('',#9835,10.);
#2485=VECTOR('',#9836,10.);
#2486=VECTOR('',#9837,10.);
#2487=VECTOR('',#9838,10.);
#2488=VECTOR('',#9839,10.);
#2489=VECTOR('',#9840,10.);
#2490=VECTOR('',#9841,10.);
#2491=VECTOR('',#9842,10.);
#2492=VECTOR('',#9843,10.);
#2493=VECTOR('',#9844,10.);
#2494=VECTOR('',#9847,10.);
#2495=VECTOR('',#9848,10.);
#2496=VECTOR('',#9849,10.);
#2497=VECTOR('',#9850,10.);
#2498=VECTOR('',#9851,10.);
#2499=VECTOR('',#9854,10.);
#2500=VECTOR('',#9855,10.);
#2501=VECTOR('',#9856,10.);
#2502=VECTOR('',#9859,10.);
#2503=VECTOR('',#9860,10.);
#2504=VECTOR('',#9861,10.);
#2505=VECTOR('',#9864,10.);
#2506=VECTOR('',#9865,10.);
#2507=VECTOR('',#9866,10.);
#2508=VECTOR('',#9869,10.);
#2509=VECTOR('',#9870,10.);
#2510=VECTOR('',#9871,10.);
#2511=VECTOR('',#9874,10.);
#2512=VECTOR('',#9875,10.);
#2513=VECTOR('',#9876,10.);
#2514=VECTOR('',#9879,10.);
#2515=VECTOR('',#9880,10.);
#2516=VECTOR('',#9881,10.);
#2517=VECTOR('',#9884,10.);
#2518=VECTOR('',#9885,10.);
#2519=VECTOR('',#9886,10.);
#2520=VECTOR('',#9889,10.);
#2521=VECTOR('',#9890,10.);
#2522=VECTOR('',#9893,10.);
#2523=VECTOR('',#9894,10.);
#2524=VECTOR('',#9897,10.);
#2525=VECTOR('',#9898,10.);
#2526=VECTOR('',#9901,10.);
#2527=VECTOR('',#9902,10.);
#2528=VECTOR('',#9905,10.);
#2529=VECTOR('',#9908,10.);
#2530=VECTOR('',#9909,10.);
#2531=VECTOR('',#9910,10.);
#2532=VECTOR('',#9911,10.);
#2533=VECTOR('',#9912,10.);
#2534=VECTOR('',#9913,10.);
#2535=VECTOR('',#9914,10.);
#2536=VECTOR('',#9915,10.);
#2537=VECTOR('',#9916,10.);
#2538=VECTOR('',#9917,10.);
#2539=VECTOR('',#9918,10.);
#2540=VECTOR('',#9919,10.);
#2541=VECTOR('',#9922,10.);
#2542=VECTOR('',#9923,10.);
#2543=VECTOR('',#9924,10.);
#2544=VECTOR('',#9927,10.);
#2545=VECTOR('',#9930,10.);
#2546=VECTOR('',#9933,10.);
#2547=VECTOR('',#9934,10.);
#2548=VECTOR('',#9935,10.);
#2549=VECTOR('',#9936,10.);
#2550=VECTOR('',#9937,10.);
#2551=VECTOR('',#9940,10.);
#2552=VECTOR('',#9941,10.);
#2553=VECTOR('',#9942,10.);
#2554=VECTOR('',#9945,10.);
#2555=VECTOR('',#9946,10.);
#2556=VECTOR('',#9949,10.);
#2557=VECTOR('',#9950,10.);
#2558=VECTOR('',#9951,10.);
#2559=VECTOR('',#9954,10.);
#2560=VECTOR('',#9955,10.);
#2561=VECTOR('',#9956,10.);
#2562=VECTOR('',#9959,10.);
#2563=VECTOR('',#9962,10.);
#2564=VECTOR('',#9963,10.);
#2565=VECTOR('',#9964,10.);
#2566=VECTOR('',#9965,10.);
#2567=VECTOR('',#9966,10.);
#2568=VECTOR('',#9967,10.);
#2569=VECTOR('',#9968,10.);
#2570=VECTOR('',#9969,10.);
#2571=VECTOR('',#9970,10.);
#2572=VECTOR('',#9973,10.);
#2573=VECTOR('',#9974,10.);
#2574=VECTOR('',#9975,10.);
#2575=VECTOR('',#9978,10.);
#2576=VECTOR('',#9979,10.);
#2577=VECTOR('',#9980,10.);
#2578=VECTOR('',#9983,10.);
#2579=VECTOR('',#9984,10.);
#2580=VECTOR('',#9985,10.);
#2581=VECTOR('',#9986,10.);
#2582=VECTOR('',#9987,10.);
#2583=VECTOR('',#9988,10.);
#2584=VECTOR('',#9989,10.);
#2585=VECTOR('',#9990,10.);
#2586=VECTOR('',#9991,10.);
#2587=VECTOR('',#9994,10.);
#2588=VECTOR('',#9995,10.);
#2589=VECTOR('',#9998,10.);
#2590=VECTOR('',#9999,10.);
#2591=VECTOR('',#10000,10.);
#2592=VECTOR('',#10001,10.);
#2593=VECTOR('',#10002,10.);
#2594=VECTOR('',#10003,10.);
#2595=VECTOR('',#10004,10.);
#2596=VECTOR('',#10007,10.);
#2597=VECTOR('',#10008,10.);
#2598=VECTOR('',#10009,10.);
#2599=VECTOR('',#10012,10.);
#2600=VECTOR('',#10013,10.);
#2601=VECTOR('',#10014,10.);
#2602=VECTOR('',#10015,10.);
#2603=VECTOR('',#10018,10.);
#2604=VECTOR('',#10019,10.);
#2605=VECTOR('',#10020,10.);
#2606=VECTOR('',#10021,10.);
#2607=VECTOR('',#10022,10.);
#2608=VECTOR('',#10023,10.);
#2609=VECTOR('',#10024,10.);
#2610=VECTOR('',#10027,10.);
#2611=VECTOR('',#10030,10.);
#2612=VECTOR('',#10031,10.);
#2613=VECTOR('',#10032,10.);
#2614=VECTOR('',#10033,10.);
#2615=VECTOR('',#10036,10.);
#2616=VECTOR('',#10037,10.);
#2617=VECTOR('',#10038,10.);
#2618=VECTOR('',#10039,10.);
#2619=VECTOR('',#10042,10.);
#2620=VECTOR('',#10043,10.);
#2621=VECTOR('',#10044,10.);
#2622=VECTOR('',#10047,10.);
#2623=VECTOR('',#10048,10.);
#2624=VECTOR('',#10051,10.);
#2625=VECTOR('',#10052,10.);
#2626=VECTOR('',#10053,10.);
#2627=VECTOR('',#10056,10.);
#2628=VECTOR('',#10057,10.);
#2629=VECTOR('',#10058,10.);
#2630=VECTOR('',#10061,10.);
#2631=VECTOR('',#10062,10.);
#2632=VECTOR('',#10063,10.);
#2633=VECTOR('',#10066,10.);
#2634=VECTOR('',#10067,10.);
#2635=VECTOR('',#10068,10.);
#2636=VECTOR('',#10071,10.);
#2637=VECTOR('',#10072,10.);
#2638=VECTOR('',#10073,10.);
#2639=VECTOR('',#10076,10.);
#2640=VECTOR('',#10077,10.);
#2641=VECTOR('',#10078,10.);
#2642=VECTOR('',#10081,10.);
#2643=VECTOR('',#10082,10.);
#2644=VECTOR('',#10085,10.);
#2645=VECTOR('',#10086,10.);
#2646=VECTOR('',#10087,10.);
#2647=VECTOR('',#10090,10.);
#2648=VECTOR('',#10091,10.);
#2649=VECTOR('',#10092,10.);
#2650=VECTOR('',#10095,10.);
#2651=VECTOR('',#10096,10.);
#2652=VECTOR('',#10097,10.);
#2653=VECTOR('',#10100,10.);
#2654=VECTOR('',#10101,10.);
#2655=VECTOR('',#10102,10.);
#2656=VECTOR('',#10105,10.);
#2657=VECTOR('',#10106,10.);
#2658=VECTOR('',#10107,10.);
#2659=VECTOR('',#10110,10.);
#2660=VECTOR('',#10111,10.);
#2661=VECTOR('',#10112,10.);
#2662=VECTOR('',#10115,10.);
#2663=VECTOR('',#10120,10.);
#2664=VECTOR('',#10123,10.);
#2665=VECTOR('',#10128,10.);
#2666=VECTOR('',#10131,10.);
#2667=VECTOR('',#10134,10.);
#2668=VECTOR('',#10137,10.);
#2669=VECTOR('',#10140,10.);
#2670=VECTOR('',#10145,10.);
#2671=VECTOR('',#10148,10.);
#2672=VECTOR('',#10161,10.);
#2673=VECTOR('',#10162,10.);
#2674=VECTOR('',#10165,10.);
#2675=VECTOR('',#10166,10.);
#2676=VECTOR('',#10169,10.);
#2677=VECTOR('',#10170,10.);
#2678=VECTOR('',#10175,10.);
#2679=VECTOR('',#10176,10.);
#2680=VECTOR('',#10177,10.);
#2681=VECTOR('',#10178,10.);
#2682=VECTOR('',#10179,10.);
#2683=VECTOR('',#10180,10.);
#2684=VECTOR('',#10181,10.);
#2685=VECTOR('',#10184,10.);
#2686=VECTOR('',#10187,10.);
#2687=VECTOR('',#10188,10.);
#2688=VECTOR('',#10189,10.);
#2689=VECTOR('',#10190,10.);
#2690=VECTOR('',#10191,10.);
#2691=VECTOR('',#10192,10.);
#2692=VECTOR('',#10197,10.);
#2693=VECTOR('',#10198,10.);
#2694=VECTOR('',#10201,10.);
#2695=VECTOR('',#10202,10.);
#2696=VECTOR('',#10205,10.);
#2697=VECTOR('',#10208,10.);
#2698=VECTOR('',#10211,10.);
#2699=VECTOR('',#10212,10.);
#2700=VECTOR('',#10213,10.);
#2701=VECTOR('',#10216,10.);
#2702=VECTOR('',#10221,10.);
#2703=VECTOR('',#10224,10.);
#2704=VECTOR('',#10227,10.);
#2705=VECTOR('',#10230,10.);
#2706=VECTOR('',#10233,10.);
#2707=VECTOR('',#10236,10.);
#2708=VECTOR('',#10239,10.);
#2709=VECTOR('',#10240,10.);
#2710=VECTOR('',#10241,10.);
#2711=VECTOR('',#10242,10.);
#2712=VECTOR('',#10243,10.);
#2713=VECTOR('',#10244,10.);
#2714=VECTOR('',#10247,10.);
#2715=VECTOR('',#10252,10.);
#2716=VECTOR('',#10253,10.);
#2717=VECTOR('',#10256,10.);
#2718=VECTOR('',#10257,10.);
#2719=VECTOR('',#10262,10.);
#2720=VECTOR('',#10267,10.);
#2721=VECTOR('',#10268,10.);
#2722=VECTOR('',#10277,10.);
#2723=VECTOR('',#10280,10.);
#2724=VECTOR('',#10281,10.);
#2725=VECTOR('',#10288,10.);
#2726=VECTOR('',#10295,10.);
#2727=VECTOR('',#10300,10.);
#2728=VECTOR('',#10301,10.);
#2729=VECTOR('',#10308,10.);
#2730=VECTOR('',#10309,10.);
#2731=VECTOR('',#10316,10.);
#2732=VECTOR('',#10317,10.);
#2733=VECTOR('',#10320,10.);
#2734=VECTOR('',#10323,10.);
#2735=VECTOR('',#10328,10.);
#2736=VECTOR('',#10331,10.);
#2737=VECTOR('',#10334,10.);
#2738=VECTOR('',#10337,10.);
#2739=VECTOR('',#10342,10.);
#2740=VECTOR('',#10345,10.);
#2741=VECTOR('',#10346,10.);
#2742=VECTOR('',#10347,10.);
#2743=VECTOR('',#10350,10.);
#2744=VECTOR('',#10353,10.);
#2745=VECTOR('',#10358,10.);
#2746=VECTOR('',#10365,10.);
#2747=VECTOR('',#10368,10.);
#2748=VECTOR('',#10371,10.);
#2749=VECTOR('',#10376,10.);
#2750=VECTOR('',#10379,10.);
#2751=VECTOR('',#10382,10.);
#2752=VECTOR('',#10385,10.);
#2753=VECTOR('',#10388,10.);
#2754=VECTOR('',#10395,10.);
#2755=VECTOR('',#10396,10.);
#2756=VECTOR('',#10397,10.);
#2757=VECTOR('',#10398,10.);
#2758=VECTOR('',#10401,10.);
#2759=VECTOR('',#10402,10.);
#2760=VECTOR('',#10403,10.);
#2761=VECTOR('',#10406,10.);
#2762=VECTOR('',#10407,10.);
#2763=VECTOR('',#10408,10.);
#2764=VECTOR('',#10411,10.);
#2765=VECTOR('',#10412,10.);
#2766=VECTOR('',#10413,10.);
#2767=VECTOR('',#10416,10.);
#2768=VECTOR('',#10417,10.);
#2769=VECTOR('',#10418,10.);
#2770=VECTOR('',#10421,10.);
#2771=VECTOR('',#10422,10.);
#2772=VECTOR('',#10423,10.);
#2773=VECTOR('',#10426,10.);
#2774=VECTOR('',#10427,10.);
#2775=VECTOR('',#10428,10.);
#2776=VECTOR('',#10431,10.);
#2777=VECTOR('',#10432,10.);
#2778=VECTOR('',#10433,10.);
#2779=VECTOR('',#10436,10.);
#2780=VECTOR('',#10437,10.);
#2781=VECTOR('',#10438,10.);
#2782=VECTOR('',#10441,10.);
#2783=VECTOR('',#10442,10.);
#2784=VECTOR('',#10443,10.);
#2785=VECTOR('',#10446,10.);
#2786=VECTOR('',#10447,10.);
#2787=VECTOR('',#10448,10.);
#2788=VECTOR('',#10451,10.);
#2789=VECTOR('',#10452,10.);
#2790=VECTOR('',#10455,10.);
#2791=VECTOR('',#10456,10.);
#2792=VECTOR('',#10457,10.);
#2793=VECTOR('',#10460,10.);
#2794=VECTOR('',#10461,10.);
#2795=VECTOR('',#10464,10.);
#2796=VECTOR('',#10465,10.);
#2797=VECTOR('',#10468,10.);
#2798=VECTOR('',#10469,10.);
#2799=VECTOR('',#10472,10.);
#2800=VECTOR('',#10473,10.);
#2801=VECTOR('',#10476,10.);
#2802=VECTOR('',#10477,10.);
#2803=VECTOR('',#10480,10.);
#2804=VECTOR('',#10481,10.);
#2805=VECTOR('',#10482,10.);
#2806=VECTOR('',#10483,10.);
#2807=VECTOR('',#10484,10.);
#2808=VECTOR('',#10485,10.);
#2809=VECTOR('',#10486,10.);
#2810=VECTOR('',#10487,10.);
#2811=VECTOR('',#10488,10.);
#2812=VECTOR('',#10489,10.);
#2813=VECTOR('',#10490,10.);
#2814=VECTOR('',#10491,10.);
#2815=VECTOR('',#10494,10.);
#2816=VECTOR('',#10495,10.);
#2817=VECTOR('',#10496,10.);
#2818=VECTOR('',#10497,10.);
#2819=VECTOR('',#10500,10.);
#2820=VECTOR('',#10503,10.);
#2821=VECTOR('',#10506,10.);
#2822=VECTOR('',#10507,10.);
#2823=VECTOR('',#10508,10.);
#2824=VECTOR('',#10509,10.);
#2825=VECTOR('',#10510,10.);
#2826=VECTOR('',#10513,10.);
#2827=VECTOR('',#10514,10.);
#2828=VECTOR('',#10515,10.);
#2829=VECTOR('',#10516,10.);
#2830=VECTOR('',#10519,10.);
#2831=VECTOR('',#10520,10.);
#2832=VECTOR('',#10521,10.);
#2833=VECTOR('',#10522,10.);
#2834=VECTOR('',#10523,10.);
#2835=VECTOR('',#10524,10.);
#2836=VECTOR('',#10525,10.);
#2837=VECTOR('',#10526,10.);
#2838=VECTOR('',#10527,10.);
#2839=VECTOR('',#10528,10.);
#2840=VECTOR('',#10529,10.);
#2841=VECTOR('',#10530,10.);
#2842=VECTOR('',#10531,10.);
#2843=VECTOR('',#10532,10.);
#2844=VECTOR('',#10535,10.);
#2845=VECTOR('',#10536,10.);
#2846=VECTOR('',#10537,10.);
#2847=VECTOR('',#10538,10.);
#2848=VECTOR('',#10541,10.);
#2849=VECTOR('',#10542,10.);
#2850=VECTOR('',#10543,10.);
#2851=VECTOR('',#10544,10.);
#2852=VECTOR('',#10545,10.);
#2853=VECTOR('',#10546,10.);
#2854=VECTOR('',#10547,10.);
#2855=VECTOR('',#10548,10.);
#2856=VECTOR('',#10549,10.);
#2857=VECTOR('',#10550,10.);
#2858=VECTOR('',#10551,10.);
#2859=VECTOR('',#10552,10.);
#2860=VECTOR('',#10553,10.);
#2861=VECTOR('',#10554,10.);
#2862=VECTOR('',#10557,10.);
#2863=VECTOR('',#10558,10.);
#2864=VECTOR('',#10559,10.);
#2865=VECTOR('',#10562,10.);
#2866=VECTOR('',#10563,10.);
#2867=VECTOR('',#10564,10.);
#2868=VECTOR('',#10567,10.);
#2869=VECTOR('',#10568,10.);
#2870=VECTOR('',#10569,10.);
#2871=VECTOR('',#10570,10.);
#2872=VECTOR('',#10573,10.);
#2873=VECTOR('',#10574,10.);
#2874=VECTOR('',#10575,10.);
#2875=VECTOR('',#10576,10.);
#2876=VECTOR('',#10577,10.);
#2877=VECTOR('',#10578,10.);
#2878=VECTOR('',#10579,10.);
#2879=VECTOR('',#10580,10.);
#2880=VECTOR('',#10581,10.);
#2881=VECTOR('',#10582,10.);
#2882=VECTOR('',#10583,10.);
#2883=VECTOR('',#10584,10.);
#2884=VECTOR('',#10585,10.);
#2885=VECTOR('',#10588,10.);
#2886=VECTOR('',#10589,10.);
#2887=VECTOR('',#10592,10.);
#2888=VECTOR('',#10593,10.);
#2889=VECTOR('',#10594,10.);
#2890=VECTOR('',#10597,10.);
#2891=VECTOR('',#10598,10.);
#2892=VECTOR('',#10599,10.);
#2893=VECTOR('',#10600,10.);
#2894=VECTOR('',#10603,10.);
#2895=VECTOR('',#10604,10.);
#2896=VECTOR('',#10605,10.);
#2897=VECTOR('',#10606,10.);
#2898=VECTOR('',#10607,10.);
#2899=VECTOR('',#10608,10.);
#2900=VECTOR('',#10609,10.);
#2901=VECTOR('',#10610,10.);
#2902=VECTOR('',#10611,10.);
#2903=VECTOR('',#10612,10.);
#2904=VECTOR('',#10613,10.);
#2905=VECTOR('',#10614,10.);
#2906=VECTOR('',#10615,10.);
#2907=VECTOR('',#10616,10.);
#2908=VECTOR('',#10619,10.);
#2909=VECTOR('',#10620,10.);
#2910=VECTOR('',#10621,10.);
#2911=VECTOR('',#10624,10.);
#2912=VECTOR('',#10625,10.);
#2913=VECTOR('',#10626,10.);
#2914=VECTOR('',#10629,10.);
#2915=VECTOR('',#10630,10.);
#2916=VECTOR('',#10631,10.);
#2917=VECTOR('',#10632,10.);
#2918=VECTOR('',#10635,10.);
#2919=VECTOR('',#10636,10.);
#2920=VECTOR('',#10637,10.);
#2921=VECTOR('',#10638,10.);
#2922=VECTOR('',#10639,10.);
#2923=VECTOR('',#10640,10.);
#2924=VECTOR('',#10641,10.);
#2925=VECTOR('',#10642,10.);
#2926=VECTOR('',#10643,10.);
#2927=VECTOR('',#10644,10.);
#2928=VECTOR('',#10645,10.);
#2929=VECTOR('',#10646,10.);
#2930=VECTOR('',#10647,10.);
#2931=VECTOR('',#10648,10.);
#2932=VECTOR('',#10651,10.);
#2933=VECTOR('',#10652,10.);
#2934=VECTOR('',#10653,10.);
#2935=VECTOR('',#10656,10.);
#2936=VECTOR('',#10657,10.);
#2937=VECTOR('',#10658,10.);
#2938=VECTOR('',#10661,10.);
#2939=VECTOR('',#10662,10.);
#2940=VECTOR('',#10663,10.);
#2941=VECTOR('',#10664,10.);
#2942=VECTOR('',#10667,10.);
#2943=VECTOR('',#10668,10.);
#2944=VECTOR('',#10671,10.);
#2945=VECTOR('',#10672,10.);
#2946=VECTOR('',#10673,10.);
#2947=VECTOR('',#10674,10.);
#2948=VECTOR('',#10677,10.);
#2949=VECTOR('',#10678,10.);
#2950=VECTOR('',#10679,10.);
#2951=VECTOR('',#10680,10.);
#2952=VECTOR('',#10681,10.);
#2953=VECTOR('',#10682,10.);
#2954=VECTOR('',#10683,10.);
#2955=VECTOR('',#10684,10.);
#2956=VECTOR('',#10685,10.);
#2957=VECTOR('',#10686,10.);
#2958=VECTOR('',#10687,10.);
#2959=VECTOR('',#10688,10.);
#2960=VECTOR('',#10689,10.);
#2961=VECTOR('',#10692,10.);
#2962=VECTOR('',#10693,10.);
#2963=VECTOR('',#10694,10.);
#2964=VECTOR('',#10697,10.);
#2965=VECTOR('',#10698,10.);
#2966=VECTOR('',#10699,10.);
#2967=VECTOR('',#10702,10.);
#2968=VECTOR('',#10703,10.);
#2969=VECTOR('',#10704,10.);
#2970=VECTOR('',#10707,10.);
#2971=VECTOR('',#10710,10.);
#2972=VECTOR('',#10711,10.);
#2973=VECTOR('',#10714,10.);
#2974=VECTOR('',#10715,10.);
#2975=VECTOR('',#10716,10.);
#2976=VECTOR('',#10719,10.);
#2977=VECTOR('',#10722,10.);
#2978=VECTOR('',#10723,10.);
#2979=VECTOR('',#10724,10.);
#2980=VECTOR('',#10725,10.);
#2981=VECTOR('',#10726,10.);
#2982=VECTOR('',#10729,10.);
#2983=VECTOR('',#10730,10.);
#2984=VECTOR('',#10733,10.);
#2985=VECTOR('',#10738,10.);
#2986=VECTOR('',#10739,10.);
#2987=VECTOR('',#10740,10.);
#2988=VECTOR('',#10741,10.);
#2989=VECTOR('',#10742,10.);
#2990=VECTOR('',#10743,10.);
#2991=VECTOR('',#10744,10.);
#2992=VECTOR('',#10747,10.);
#2993=VECTOR('',#10748,10.);
#2994=VECTOR('',#10753,10.);
#2995=VECTOR('',#10754,10.);
#2996=VECTOR('',#10755,10.);
#2997=VECTOR('',#10758,10.);
#2998=VECTOR('',#10759,10.);
#2999=VECTOR('',#10760,10.);
#3000=VECTOR('',#10763,10.);
#3001=VECTOR('',#10764,10.);
#3002=VECTOR('',#10767,10.);
#3003=VECTOR('',#10768,10.);
#3004=VECTOR('',#10771,10.);
#3005=VECTOR('',#10772,10.);
#3006=VECTOR('',#10773,10.);
#3007=VECTOR('',#10776,10.);
#3008=VECTOR('',#10777,10.);
#3009=VECTOR('',#10778,10.);
#3010=VECTOR('',#10781,10.);
#3011=VECTOR('',#10782,10.);
#3012=VECTOR('',#10787,10.);
#3013=VECTOR('',#10788,10.);
#3014=VECTOR('',#10799,10.);
#3015=VECTOR('',#10800,10.);
#3016=VECTOR('',#10803,10.);
#3017=VECTOR('',#10806,10.);
#3018=VECTOR('',#10807,10.);
#3019=VECTOR('',#10814,10.);
#3020=VECTOR('',#10815,10.);
#3021=VECTOR('',#10818,10.);
#3022=VECTOR('',#10821,10.);
#3023=VECTOR('',#10822,10.);
#3024=VECTOR('',#10831,10.);
#3025=VECTOR('',#10832,10.);
#3026=VECTOR('',#10837,10.);
#3027=VECTOR('',#10842,10.);
#3028=VECTOR('',#10849,10.);
#3029=VECTOR('',#10850,10.);
#3030=VECTOR('',#10851,10.);
#3031=VECTOR('',#10854,10.);
#3032=VECTOR('',#10857,10.);
#3033=VECTOR('',#10858,10.);
#3034=VECTOR('',#10865,10.);
#3035=VECTOR('',#10866,10.);
#3036=VECTOR('',#10867,10.);
#3037=VECTOR('',#10872,10.);
#3038=VECTOR('',#10875,10.);
#3039=VECTOR('',#10878,10.);
#3040=VECTOR('',#10879,10.);
#3041=VECTOR('',#10882,10.);
#3042=VECTOR('',#10883,10.);
#3043=VECTOR('',#10888,10.);
#3044=VECTOR('',#10891,10.);
#3045=VECTOR('',#10892,10.);
#3046=VECTOR('',#10895,10.);
#3047=VECTOR('',#10898,10.);
#3048=VECTOR('',#10901,10.);
#3049=VECTOR('',#10902,10.);
#3050=VECTOR('',#10905,10.);
#3051=VECTOR('',#10906,10.);
#3052=VECTOR('',#10909,10.);
#3053=VECTOR('',#10912,10.);
#3054=VECTOR('',#10913,10.);
#3055=VECTOR('',#10916,10.);
#3056=VECTOR('',#10917,10.);
#3057=VECTOR('',#10922,10.);
#3058=VECTOR('',#10927,10.);
#3059=VECTOR('',#10930,10.);
#3060=VECTOR('',#10933,10.);
#3061=VECTOR('',#10934,10.);
#3062=VECTOR('',#10937,10.);
#3063=VECTOR('',#10940,10.);
#3064=VECTOR('',#10941,10.);
#3065=VECTOR('',#10948,10.);
#3066=VECTOR('',#10949,10.);
#3067=VECTOR('',#10952,10.);
#3068=VECTOR('',#10953,10.);
#3069=VECTOR('',#10958,10.);
#3070=VECTOR('',#10963,10.);
#3071=VECTOR('',#10966,10.);
#3072=VECTOR('',#10969,10.);
#3073=VECTOR('',#10970,10.);
#3074=VECTOR('',#10971,10.);
#3075=VECTOR('',#10974,10.);
#3076=VECTOR('',#10977,10.);
#3077=VECTOR('',#10978,10.);
#3078=VECTOR('',#10985,10.);
#3079=VECTOR('',#10988,10.);
#3080=VECTOR('',#10989,10.);
#3081=VECTOR('',#10994,10.);
#3082=VECTOR('',#10997,10.);
#3083=VECTOR('',#11000,10.);
#3084=VECTOR('',#11003,10.);
#3085=VECTOR('',#11006,10.);
#3086=VECTOR('',#11007,10.);
#3087=VECTOR('',#11010,10.);
#3088=VECTOR('',#11011,10.);
#3089=VECTOR('',#11016,10.);
#3090=VECTOR('',#11021,10.);
#3091=VECTOR('',#11024,10.);
#3092=VECTOR('',#11027,10.);
#3093=VECTOR('',#11028,10.);
#3094=VECTOR('',#11031,10.);
#3095=VECTOR('',#11032,10.);
#3096=VECTOR('',#11037,10.);
#3097=VECTOR('',#11040,10.);
#3098=VECTOR('',#11043,10.);
#3099=VECTOR('',#11044,10.);
#3100=VECTOR('',#11045,10.);
#3101=VECTOR('',#11048,10.);
#3102=VECTOR('',#11051,10.);
#3103=VECTOR('',#11052,10.);
#3104=VECTOR('',#11059,10.);
#3105=VECTOR('',#11062,10.);
#3106=VECTOR('',#11063,10.);
#3107=VECTOR('',#11066,10.);
#3108=VECTOR('',#11067,10.);
#3109=VECTOR('',#11070,10.);
#3110=VECTOR('',#11073,10.);
#3111=VECTOR('',#11074,10.);
#3112=VECTOR('',#11075,10.);
#3113=VECTOR('',#11078,10.);
#3114=VECTOR('',#11081,10.);
#3115=VECTOR('',#11082,10.);
#3116=VECTOR('',#11089,10.);
#3117=VECTOR('',#11090,10.);
#3118=VECTOR('',#11093,10.);
#3119=VECTOR('',#11094,10.);
#3120=VECTOR('',#11097,10.);
#3121=VECTOR('',#11098,10.);
#3122=VECTOR('',#11101,10.);
#3123=VECTOR('',#11102,10.);
#3124=VECTOR('',#11105,10.);
#3125=VECTOR('',#11106,10.);
#3126=VECTOR('',#11109,10.);
#3127=VECTOR('',#11116,10.);
#3128=VECTOR('',#11117,10.);
#3129=VECTOR('',#11118,10.);
#3130=VECTOR('',#11119,10.);
#3131=VECTOR('',#11120,10.);
#3132=VECTOR('',#11121,10.);
#3133=VECTOR('',#11122,10.);
#3134=VECTOR('',#11123,10.);
#3135=VECTOR('',#11124,10.);
#3136=VECTOR('',#11131,10.);
#3137=VECTOR('',#11132,10.);
#3138=VECTOR('',#11137,10.);
#3139=VECTOR('',#11138,10.);
#3140=VECTOR('',#11139,10.);
#3141=VECTOR('',#11146,10.);
#3142=VECTOR('',#11147,10.);
#3143=VECTOR('',#11150,10.);
#3144=VECTOR('',#11151,10.);
#3145=VECTOR('',#11152,10.);
#3146=VECTOR('',#11153,10.);
#3147=VECTOR('',#11154,10.);
#3148=VECTOR('',#11155,10.);
#3149=VECTOR('',#11162,10.);
#3150=VECTOR('',#11163,10.);
#3151=VECTOR('',#11176,1.85);
#3152=VECTOR('',#11181,10.);
#3153=VECTOR('',#11182,10.);
#3154=VECTOR('',#11183,10.);
#3155=VECTOR('',#11184,10.);
#3156=VECTOR('',#11185,10.);
#3157=VECTOR('',#11186,10.);
#3158=VECTOR('',#11187,10.);
#3159=VECTOR('',#11188,10.);
#3160=VECTOR('',#11189,10.);
#3161=VECTOR('',#11190,10.);
#3162=VECTOR('',#11191,10.);
#3163=VECTOR('',#11192,10.);
#3164=VECTOR('',#11193,10.);
#3165=VECTOR('',#11194,10.);
#3166=VECTOR('',#11195,10.);
#3167=VECTOR('',#11196,10.);
#3168=VECTOR('',#11197,10.);
#3169=VECTOR('',#11198,10.);
#3170=VECTOR('',#11199,10.);
#3171=VECTOR('',#11200,10.);
#3172=VECTOR('',#11201,10.);
#3173=VECTOR('',#11202,10.);
#3174=VECTOR('',#11207,10.);
#3175=VECTOR('',#11208,10.);
#3176=VECTOR('',#11209,10.);
#3177=VECTOR('',#11210,10.);
#3178=VECTOR('',#11211,10.);
#3179=VECTOR('',#11212,10.);
#3180=VECTOR('',#11213,10.);
#3181=VECTOR('',#11214,10.);
#3182=VECTOR('',#11215,10.);
#3183=VECTOR('',#11216,10.);
#3184=VECTOR('',#11217,10.);
#3185=VECTOR('',#11218,10.);
#3186=VECTOR('',#11219,10.);
#3187=VECTOR('',#11220,10.);
#3188=VECTOR('',#11221,10.);
#3189=VECTOR('',#11222,10.);
#3190=VECTOR('',#11223,10.);
#3191=VECTOR('',#11224,10.);
#3192=VECTOR('',#11235,10.);
#3193=VECTOR('',#11236,10.);
#3194=VECTOR('',#11237,10.);
#3195=VECTOR('',#11240,10.);
#3196=VECTOR('',#11241,10.);
#3197=VECTOR('',#11244,10.);
#3198=VECTOR('',#11245,10.);
#3199=VECTOR('',#11248,10.);
#3200=VECTOR('',#11249,10.);
#3201=VECTOR('',#11250,10.);
#3202=VECTOR('',#11251,10.);
#3203=VECTOR('',#11254,10.);
#3204=VECTOR('',#11255,10.);
#3205=VECTOR('',#11256,10.);
#3206=VECTOR('',#11259,10.);
#3207=VECTOR('',#11260,10.);
#3208=VECTOR('',#11263,10.);
#3209=VECTOR('',#11266,10.);
#3210=VECTOR('',#11267,10.);
#3211=VECTOR('',#11268,10.);
#3212=VECTOR('',#11271,10.);
#3213=VECTOR('',#11272,10.);
#3214=VECTOR('',#11273,10.);
#3215=VECTOR('',#11274,10.);
#3216=VECTOR('',#11275,10.);
#3217=VECTOR('',#11276,10.);
#3218=VECTOR('',#11277,10.);
#3219=VECTOR('',#11278,10.);
#3220=VECTOR('',#11279,10.);
#3221=VECTOR('',#11286,10.);
#3222=VECTOR('',#11287,10.);
#3223=VECTOR('',#11294,10.);
#3224=VECTOR('',#11295,10.);
#3225=VECTOR('',#11296,10.);
#3226=VECTOR('',#11301,10.);
#3227=VECTOR('',#11302,10.);
#3228=VECTOR('',#11305,10.);
#3229=VECTOR('',#11306,10.);
#3230=VECTOR('',#11307,10.);
#3231=VECTOR('',#11308,10.);
#3232=VECTOR('',#11309,10.);
#3233=VECTOR('',#11310,10.);
#3234=VECTOR('',#11317,10.);
#3235=VECTOR('',#11318,10.);
#3236=VECTOR('',#11329,1.85);
#3237=VECTOR('',#11342,10.);
#3238=VECTOR('',#11343,10.);
#3239=VECTOR('',#11344,10.);
#3240=VECTOR('',#11347,10.);
#3241=VECTOR('',#11348,10.);
#3242=VECTOR('',#11351,10.);
#3243=VECTOR('',#11352,10.);
#3244=VECTOR('',#11355,10.);
#3245=VECTOR('',#11356,10.);
#3246=VECTOR('',#11357,10.);
#3247=VECTOR('',#11358,10.);
#3248=VECTOR('',#11361,10.);
#3249=VECTOR('',#11364,10.);
#3250=VECTOR('',#11365,10.);
#3251=VECTOR('',#11368,10.);
#3252=VECTOR('',#11369,10.);
#3253=VECTOR('',#11370,10.);
#3254=VECTOR('',#11373,10.);
#3255=VECTOR('',#11374,10.);
#3256=VECTOR('',#11375,10.);
#3257=VECTOR('',#11376,10.);
#3258=VECTOR('',#11377,10.);
#3259=VECTOR('',#11378,10.);
#3260=VECTOR('',#11379,10.);
#3261=VECTOR('',#11380,10.);
#3262=VECTOR('',#11381,10.);
#3263=VECTOR('',#11388,10.);
#3264=VECTOR('',#11389,10.);
#3265=VECTOR('',#11394,10.);
#3266=VECTOR('',#11395,10.);
#3267=VECTOR('',#11396,10.);
#3268=VECTOR('',#11399,10.);
#3269=VECTOR('',#11410,10.);
#3270=VECTOR('',#11411,10.);
#3271=VECTOR('',#11414,10.);
#3272=VECTOR('',#11415,10.);
#3273=VECTOR('',#11416,10.);
#3274=VECTOR('',#11417,10.);
#3275=VECTOR('',#11418,10.);
#3276=VECTOR('',#11419,10.);
#3277=VECTOR('',#11428,10.);
#3278=VECTOR('',#11441,3.2);
#3279=VECTOR('',#11446,3.2);
#3280=VECTOR('',#11449,1.85);
#3281=VECTOR('',#11454,3.2);
#3282=VECTOR('',#11457,10.);
#3283=VECTOR('',#11458,10.);
#3284=VECTOR('',#11459,10.);
#3285=VECTOR('',#11460,10.);
#3286=VECTOR('',#11463,10.);
#3287=VECTOR('',#11464,10.);
#3288=VECTOR('',#11467,10.);
#3289=VECTOR('',#11468,10.);
#3290=VECTOR('',#11471,10.);
#3291=VECTOR('',#11472,10.);
#3292=VECTOR('',#11475,10.);
#3293=VECTOR('',#11476,10.);
#3294=VECTOR('',#11477,10.);
#3295=VECTOR('',#11480,10.);
#3296=VECTOR('',#11481,10.);
#3297=VECTOR('',#11482,10.);
#3298=VECTOR('',#11485,10.);
#3299=VECTOR('',#11486,10.);
#3300=VECTOR('',#11487,10.);
#3301=VECTOR('',#11490,10.);
#3302=VECTOR('',#11491,10.);
#3303=VECTOR('',#11492,10.);
#3304=VECTOR('',#11495,10.);
#3305=VECTOR('',#11496,10.);
#3306=VECTOR('',#11497,10.);
#3307=VECTOR('',#11500,10.);
#3308=VECTOR('',#11501,10.);
#3309=VECTOR('',#11502,10.);
#3310=VECTOR('',#11505,10.);
#3311=VECTOR('',#11506,10.);
#3312=VECTOR('',#11507,10.);
#3313=VECTOR('',#11510,10.);
#3314=VECTOR('',#11511,10.);
#3315=VECTOR('',#11512,10.);
#3316=VECTOR('',#11515,10.);
#3317=VECTOR('',#11516,10.);
#3318=VECTOR('',#11517,10.);
#3319=VECTOR('',#11520,10.);
#3320=VECTOR('',#11521,10.);
#3321=VECTOR('',#11524,10.);
#3322=VECTOR('',#11525,10.);
#3323=VECTOR('',#11528,10.);
#3324=VECTOR('',#11529,10.);
#3325=VECTOR('',#11532,10.);
#3326=VECTOR('',#11533,10.);
#3327=VECTOR('',#11534,10.);
#3328=VECTOR('',#11537,10.);
#3329=VECTOR('',#11538,10.);
#3330=VECTOR('',#11541,10.);
#3331=VECTOR('',#11542,10.);
#3332=VECTOR('',#11545,10.);
#3333=VECTOR('',#11550,10.);
#3334=VECTOR('',#11553,10.);
#3335=VECTOR('',#11558,10.);
#3336=VECTOR('',#11559,10.);
#3337=VECTOR('',#11560,10.);
#3338=VECTOR('',#11561,10.);
#3339=VECTOR('',#11562,10.);
#3340=VECTOR('',#11563,10.);
#3341=VECTOR('',#11564,10.);
#3342=VECTOR('',#11565,10.);
#3343=VECTOR('',#11566,10.);
#3344=VECTOR('',#11567,10.);
#3345=VECTOR('',#11568,10.);
#3346=VECTOR('',#11569,10.);
#3347=VECTOR('',#11570,10.);
#3348=VECTOR('',#11571,10.);
#3349=VECTOR('',#11572,10.);
#3350=VECTOR('',#11573,10.);
#3351=VECTOR('',#11574,10.);
#3352=VECTOR('',#11575,10.);
#3353=VECTOR('',#11576,10.);
#3354=VECTOR('',#11577,10.);
#3355=VECTOR('',#11580,10.);
#3356=VECTOR('',#11581,10.);
#3357=VECTOR('',#11584,10.);
#3358=VECTOR('',#11585,10.);
#3359=VECTOR('',#11586,10.);
#3360=VECTOR('',#11593,10.);
#3361=VECTOR('',#11594,10.);
#3362=VECTOR('',#11597,10.);
#3363=VECTOR('',#11598,10.);
#3364=VECTOR('',#11601,10.);
#3365=VECTOR('',#11602,10.);
#3366=VECTOR('',#11603,10.);
#3367=VECTOR('',#11606,10.);
#3368=VECTOR('',#11607,10.);
#3369=VECTOR('',#11610,10.);
#3370=VECTOR('',#11611,10.);
#3371=VECTOR('',#11614,10.);
#3372=VECTOR('',#11615,10.);
#3373=VECTOR('',#11616,10.);
#3374=VECTOR('',#11619,10.);
#3375=VECTOR('',#11620,10.);
#3376=VECTOR('',#11621,10.);
#3377=VECTOR('',#11622,10.);
#3378=VECTOR('',#11625,10.);
#3379=VECTOR('',#11632,10.);
#3380=VECTOR('',#11633,10.);
#3381=VECTOR('',#11636,10.);
#3382=VECTOR('',#11639,10.);
#3383=VECTOR('',#11640,10.);
#3384=VECTOR('',#11643,10.);
#3385=VECTOR('',#11644,10.);
#3386=VECTOR('',#11647,10.);
#3387=VECTOR('',#11648,10.);
#3388=VECTOR('',#11649,10.);
#3389=VECTOR('',#11650,10.);
#3390=VECTOR('',#11653,10.);
#3391=VECTOR('',#11654,10.);
#3392=VECTOR('',#11657,10.);
#3393=VECTOR('',#11658,10.);
#3394=VECTOR('',#11661,10.);
#3395=VECTOR('',#11662,10.);
#3396=VECTOR('',#11671,10.);
#3397=VECTOR('',#11680,10.);
#3398=VECTOR('',#11683,10.);
#3399=VECTOR('',#11684,10.);
#3400=VECTOR('',#11687,10.);
#3401=VECTOR('',#11688,10.);
#3402=VECTOR('',#11691,10.);
#3403=VECTOR('',#11692,10.);
#3404=VECTOR('',#11695,10.);
#3405=VECTOR('',#11696,10.);
#3406=VECTOR('',#11697,10.);
#3407=VECTOR('',#11700,10.);
#3408=VECTOR('',#11701,10.);
#3409=VECTOR('',#11704,10.);
#3410=VECTOR('',#11705,10.);
#3411=VECTOR('',#11706,10.);
#3412=VECTOR('',#11711,10.);
#3413=VECTOR('',#11716,10.);
#3414=VECTOR('',#11717,10.);
#3415=VECTOR('',#11720,10.);
#3416=VECTOR('',#11721,10.);
#3417=VECTOR('',#11724,10.);
#3418=VECTOR('',#11727,10.);
#3419=VECTOR('',#11728,10.);
#3420=VECTOR('',#11731,10.);
#3421=VECTOR('',#11732,10.);
#3422=VECTOR('',#11735,10.);
#3423=VECTOR('',#11740,10.);
#3424=VECTOR('',#11741,10.);
#3425=VECTOR('',#11744,10.);
#3426=VECTOR('',#11745,10.);
#3427=VECTOR('',#11746,10.);
#3428=VECTOR('',#11749,10.);
#3429=VECTOR('',#11750,10.);
#3430=VECTOR('',#11751,10.);
#3431=VECTOR('',#11754,10.);
#3432=VECTOR('',#11755,10.);
#3433=VECTOR('',#11756,10.);
#3434=VECTOR('',#11759,10.);
#3435=VECTOR('',#11760,10.);
#3436=VECTOR('',#11761,10.);
#3437=VECTOR('',#11764,10.);
#3438=VECTOR('',#11765,10.);
#3439=VECTOR('',#11766,10.);
#3440=VECTOR('',#11769,10.);
#3441=VECTOR('',#11770,10.);
#3442=VECTOR('',#11771,10.);
#3443=VECTOR('',#11776,10.);
#3444=VECTOR('',#11781,10.);
#3445=VECTOR('',#11782,10.);
#3446=VECTOR('',#11785,10.);
#3447=VECTOR('',#11788,10.);
#3448=VECTOR('',#11791,10.);
#3449=VECTOR('',#11794,10.);
#3450=VECTOR('',#11797,10.);
#3451=VECTOR('',#11800,10.);
#3452=VECTOR('',#11803,10.);
#3453=VECTOR('',#11806,10.);
#3454=VECTOR('',#11813,10.);
#3455=VECTOR('',#11816,10.);
#3456=VECTOR('',#11817,10.);
#3457=VECTOR('',#11818,10.);
#3458=VECTOR('',#11819,10.);
#3459=VECTOR('',#11822,10.);
#3460=VECTOR('',#11825,10.);
#3461=VECTOR('',#11830,10.);
#3462=VECTOR('',#11831,10.);
#3463=VECTOR('',#11832,10.);
#3464=VECTOR('',#11833,10.);
#3465=VECTOR('',#11834,10.);
#3466=VECTOR('',#11835,10.);
#3467=VECTOR('',#11836,10.);
#3468=VECTOR('',#11837,10.);
#3469=VECTOR('',#11838,10.);
#3470=VECTOR('',#11839,10.);
#3471=VECTOR('',#11846,10.);
#3472=VECTOR('',#11849,10.);
#3473=VECTOR('',#11852,10.);
#3474=VECTOR('',#11855,10.);
#3475=VECTOR('',#11856,10.);
#3476=VECTOR('',#11857,10.);
#3477=VECTOR('',#11858,10.);
#3478=VECTOR('',#11861,10.);
#3479=VECTOR('',#11866,10.);
#3480=VECTOR('',#11869,10.);
#3481=VECTOR('',#11872,10.);
#3482=VECTOR('',#11875,10.);
#3483=VECTOR('',#11880,10.);
#3484=VECTOR('',#11887,10.);
#3485=VECTOR('',#11888,10.);
#3486=VECTOR('',#11891,10.);
#3487=VECTOR('',#11894,10.);
#3488=VECTOR('',#11897,10.);
#3489=VECTOR('',#11900,10.);
#3490=VECTOR('',#11905,10.);
#3491=VECTOR('',#11910,10.);
#3492=VECTOR('',#11913,10.);
#3493=VECTOR('',#11916,10.);
#3494=VECTOR('',#11919,10.);
#3495=VECTOR('',#11922,10.);
#3496=VECTOR('',#11927,10.);
#3497=VECTOR('',#11930,10.);
#3498=VERTEX_POINT('',#11946);
#3499=VERTEX_POINT('',#11947);
#3500=VERTEX_POINT('',#11949);
#3501=VERTEX_POINT('',#11951);
#3502=VERTEX_POINT('',#11955);
#3503=VERTEX_POINT('',#11957);
#3504=VERTEX_POINT('',#11961);
#3505=VERTEX_POINT('',#11963);
#3506=VERTEX_POINT('',#11967);
#3507=VERTEX_POINT('',#11969);
#3508=VERTEX_POINT('',#11973);
#3509=VERTEX_POINT('',#11974);
#3510=VERTEX_POINT('',#11976);
#3511=VERTEX_POINT('',#11978);
#3512=VERTEX_POINT('',#11985);
#3513=VERTEX_POINT('',#11987);
#3514=VERTEX_POINT('',#11991);
#3515=VERTEX_POINT('',#11993);
#3516=VERTEX_POINT('',#11997);
#3517=VERTEX_POINT('',#11999);
#3518=VERTEX_POINT('',#12003);
#3519=VERTEX_POINT('',#12005);
#3520=VERTEX_POINT('',#12009);
#3521=VERTEX_POINT('',#12011);
#3522=VERTEX_POINT('',#12018);
#3523=VERTEX_POINT('',#12020);
#3524=VERTEX_POINT('',#12024);
#3525=VERTEX_POINT('',#12028);
#3526=VERTEX_POINT('',#12032);
#3527=VERTEX_POINT('',#12036);
#3528=VERTEX_POINT('',#12040);
#3529=VERTEX_POINT('',#12044);
#3530=VERTEX_POINT('',#12045);
#3531=VERTEX_POINT('',#12047);
#3532=VERTEX_POINT('',#12049);
#3533=VERTEX_POINT('',#12051);
#3534=VERTEX_POINT('',#12053);
#3535=VERTEX_POINT('',#12055);
#3536=VERTEX_POINT('',#12057);
#3537=VERTEX_POINT('',#12059);
#3538=VERTEX_POINT('',#12061);
#3539=VERTEX_POINT('',#12063);
#3540=VERTEX_POINT('',#12065);
#3541=VERTEX_POINT('',#12067);
#3542=VERTEX_POINT('',#12069);
#3543=VERTEX_POINT('',#12071);
#3544=VERTEX_POINT('',#12073);
#3545=VERTEX_POINT('',#12075);
#3546=VERTEX_POINT('',#12077);
#3547=VERTEX_POINT('',#12080);
#3548=VERTEX_POINT('',#12081);
#3549=VERTEX_POINT('',#12083);
#3550=VERTEX_POINT('',#12085);
#3551=VERTEX_POINT('',#12087);
#3552=VERTEX_POINT('',#12089);
#3553=VERTEX_POINT('',#12092);
#3554=VERTEX_POINT('',#12093);
#3555=VERTEX_POINT('',#12095);
#3556=VERTEX_POINT('',#12097);
#3557=VERTEX_POINT('',#12099);
#3558=VERTEX_POINT('',#12101);
#3559=VERTEX_POINT('',#12104);
#3560=VERTEX_POINT('',#12105);
#3561=VERTEX_POINT('',#12107);
#3562=VERTEX_POINT('',#12109);
#3563=VERTEX_POINT('',#12112);
#3564=VERTEX_POINT('',#12113);
#3565=VERTEX_POINT('',#12115);
#3566=VERTEX_POINT('',#12117);
#3567=VERTEX_POINT('',#12119);
#3568=VERTEX_POINT('',#12122);
#3569=VERTEX_POINT('',#12123);
#3570=VERTEX_POINT('',#12125);
#3571=VERTEX_POINT('',#12127);
#3572=VERTEX_POINT('',#12129);
#3573=VERTEX_POINT('',#12132);
#3574=VERTEX_POINT('',#12133);
#3575=VERTEX_POINT('',#12135);
#3576=VERTEX_POINT('',#12137);
#3577=VERTEX_POINT('',#12139);
#3578=VERTEX_POINT('',#12141);
#3579=VERTEX_POINT('',#12144);
#3580=VERTEX_POINT('',#12145);
#3581=VERTEX_POINT('',#12147);
#3582=VERTEX_POINT('',#12149);
#3583=VERTEX_POINT('',#12151);
#3584=VERTEX_POINT('',#12154);
#3585=VERTEX_POINT('',#12155);
#3586=VERTEX_POINT('',#12157);
#3587=VERTEX_POINT('',#12159);
#3588=VERTEX_POINT('',#12161);
#3589=VERTEX_POINT('',#12164);
#3590=VERTEX_POINT('',#12165);
#3591=VERTEX_POINT('',#12167);
#3592=VERTEX_POINT('',#12169);
#3593=VERTEX_POINT('',#12171);
#3594=VERTEX_POINT('',#12173);
#3595=VERTEX_POINT('',#12176);
#3596=VERTEX_POINT('',#12177);
#3597=VERTEX_POINT('',#12179);
#3598=VERTEX_POINT('',#12181);
#3599=VERTEX_POINT('',#12183);
#3600=VERTEX_POINT('',#12185);
#3601=VERTEX_POINT('',#12188);
#3602=VERTEX_POINT('',#12189);
#3603=VERTEX_POINT('',#12191);
#3604=VERTEX_POINT('',#12193);
#3605=VERTEX_POINT('',#12195);
#3606=VERTEX_POINT('',#12197);
#3607=VERTEX_POINT('',#12200);
#3608=VERTEX_POINT('',#12201);
#3609=VERTEX_POINT('',#12203);
#3610=VERTEX_POINT('',#12205);
#3611=VERTEX_POINT('',#12207);
#3612=VERTEX_POINT('',#12210);
#3613=VERTEX_POINT('',#12211);
#3614=VERTEX_POINT('',#12213);
#3615=VERTEX_POINT('',#12215);
#3616=VERTEX_POINT('',#12217);
#3617=VERTEX_POINT('',#12219);
#3618=VERTEX_POINT('',#12222);
#3619=VERTEX_POINT('',#12223);
#3620=VERTEX_POINT('',#12225);
#3621=VERTEX_POINT('',#12227);
#3622=VERTEX_POINT('',#12230);
#3623=VERTEX_POINT('',#12231);
#3624=VERTEX_POINT('',#12233);
#3625=VERTEX_POINT('',#12235);
#3626=VERTEX_POINT('',#12237);
#3627=VERTEX_POINT('',#12239);
#3628=VERTEX_POINT('',#12243);
#3629=VERTEX_POINT('',#12244);
#3630=VERTEX_POINT('',#12249);
#3631=VERTEX_POINT('',#12251);
#3632=VERTEX_POINT('',#12255);
#3633=VERTEX_POINT('',#12257);
#3634=VERTEX_POINT('',#12261);
#3635=VERTEX_POINT('',#12263);
#3636=VERTEX_POINT('',#12267);
#3637=VERTEX_POINT('',#12269);
#3638=VERTEX_POINT('',#12273);
#3639=VERTEX_POINT('',#12275);
#3640=VERTEX_POINT('',#12279);
#3641=VERTEX_POINT('',#12284);
#3642=VERTEX_POINT('',#12288);
#3643=VERTEX_POINT('',#12292);
#3644=VERTEX_POINT('',#12296);
#3645=VERTEX_POINT('',#12302);
#3646=VERTEX_POINT('',#12303);
#3647=VERTEX_POINT('',#12305);
#3648=VERTEX_POINT('',#12307);
#3649=VERTEX_POINT('',#12309);
#3650=VERTEX_POINT('',#12311);
#3651=VERTEX_POINT('',#12313);
#3652=VERTEX_POINT('',#12315);
#3653=VERTEX_POINT('',#12317);
#3654=VERTEX_POINT('',#12319);
#3655=VERTEX_POINT('',#12321);
#3656=VERTEX_POINT('',#12323);
#3657=VERTEX_POINT('',#12327);
#3658=VERTEX_POINT('',#12329);
#3659=VERTEX_POINT('',#12333);
#3660=VERTEX_POINT('',#12335);
#3661=VERTEX_POINT('',#12339);
#3662=VERTEX_POINT('',#12341);
#3663=VERTEX_POINT('',#12343);
#3664=VERTEX_POINT('',#12345);
#3665=VERTEX_POINT('',#12349);
#3666=VERTEX_POINT('',#12350);
#3667=VERTEX_POINT('',#12352);
#3668=VERTEX_POINT('',#12354);
#3669=VERTEX_POINT('',#12363);
#3670=VERTEX_POINT('',#12364);
#3671=VERTEX_POINT('',#12366);
#3672=VERTEX_POINT('',#12368);
#3673=VERTEX_POINT('',#12370);
#3674=VERTEX_POINT('',#12372);
#3675=VERTEX_POINT('',#12374);
#3676=VERTEX_POINT('',#12376);
#3677=VERTEX_POINT('',#12378);
#3678=VERTEX_POINT('',#12380);
#3679=VERTEX_POINT('',#12382);
#3680=VERTEX_POINT('',#12384);
#3681=VERTEX_POINT('',#12388);
#3682=VERTEX_POINT('',#12389);
#3683=VERTEX_POINT('',#12391);
#3684=VERTEX_POINT('',#12393);
#3685=VERTEX_POINT('',#12395);
#3686=VERTEX_POINT('',#12397);
#3687=VERTEX_POINT('',#12399);
#3688=VERTEX_POINT('',#12401);
#3689=VERTEX_POINT('',#12403);
#3690=VERTEX_POINT('',#12410);
#3691=VERTEX_POINT('',#12414);
#3692=VERTEX_POINT('',#12416);
#3693=VERTEX_POINT('',#12420);
#3694=VERTEX_POINT('',#12421);
#3695=VERTEX_POINT('',#12423);
#3696=VERTEX_POINT('',#12425);
#3697=VERTEX_POINT('',#12434);
#3698=VERTEX_POINT('',#12435);
#3699=VERTEX_POINT('',#12437);
#3700=VERTEX_POINT('',#12439);
#3701=VERTEX_POINT('',#12441);
#3702=VERTEX_POINT('',#12448);
#3703=VERTEX_POINT('',#12450);
#3704=VERTEX_POINT('',#12452);
#3705=VERTEX_POINT('',#12454);
#3706=VERTEX_POINT('',#12456);
#3707=VERTEX_POINT('',#12460);
#3708=VERTEX_POINT('',#12461);
#3709=VERTEX_POINT('',#12463);
#3710=VERTEX_POINT('',#12465);
#3711=VERTEX_POINT('',#12467);
#3712=VERTEX_POINT('',#12469);
#3713=VERTEX_POINT('',#12471);
#3714=VERTEX_POINT('',#12473);
#3715=VERTEX_POINT('',#12475);
#3716=VERTEX_POINT('',#12477);
#3717=VERTEX_POINT('',#12481);
#3718=VERTEX_POINT('',#12482);
#3719=VERTEX_POINT('',#12484);
#3720=VERTEX_POINT('',#12486);
#3721=VERTEX_POINT('',#12495);
#3722=VERTEX_POINT('',#12496);
#3723=VERTEX_POINT('',#12498);
#3724=VERTEX_POINT('',#12500);
#3725=VERTEX_POINT('',#12504);
#3726=VERTEX_POINT('',#12505);
#3727=VERTEX_POINT('',#12507);
#3728=VERTEX_POINT('',#12509);
#3729=VERTEX_POINT('',#12511);
#3730=VERTEX_POINT('',#12518);
#3731=VERTEX_POINT('',#12520);
#3732=VERTEX_POINT('',#12522);
#3733=VERTEX_POINT('',#12524);
#3734=VERTEX_POINT('',#12526);
#3735=VERTEX_POINT('',#12530);
#3736=VERTEX_POINT('',#12531);
#3737=VERTEX_POINT('',#12533);
#3738=VERTEX_POINT('',#12535);
#3739=VERTEX_POINT('',#12539);
#3740=VERTEX_POINT('',#12540);
#3741=VERTEX_POINT('',#12542);
#3742=VERTEX_POINT('',#12544);
#3743=VERTEX_POINT('',#12548);
#3744=VERTEX_POINT('',#12550);
#3745=VERTEX_POINT('',#12580);
#3746=VERTEX_POINT('',#12587);
#3747=VERTEX_POINT('',#12601);
#3748=VERTEX_POINT('',#12606);
#3749=VERTEX_POINT('',#12608);
#3750=VERTEX_POINT('',#12612);
#3751=VERTEX_POINT('',#12617);
#3752=VERTEX_POINT('',#12619);
#3753=VERTEX_POINT('',#12623);
#3754=VERTEX_POINT('',#12651);
#3755=VERTEX_POINT('',#12658);
#3756=VERTEX_POINT('',#12672);
#3757=VERTEX_POINT('',#12677);
#3758=VERTEX_POINT('',#12704);
#3759=VERTEX_POINT('',#12711);
#3760=VERTEX_POINT('',#12725);
#3761=VERTEX_POINT('',#12730);
#3762=VERTEX_POINT('',#12732);
#3763=VERTEX_POINT('',#12736);
#3764=VERTEX_POINT('',#12764);
#3765=VERTEX_POINT('',#12771);
#3766=VERTEX_POINT('',#12785);
#3767=VERTEX_POINT('',#12813);
#3768=VERTEX_POINT('',#12820);
#3769=VERTEX_POINT('',#12834);
#3770=VERTEX_POINT('',#12862);
#3771=VERTEX_POINT('',#12869);
#3772=VERTEX_POINT('',#12884);
#3773=VERTEX_POINT('',#12888);
#3774=VERTEX_POINT('',#12890);
#3775=VERTEX_POINT('',#12893);
#3776=VERTEX_POINT('',#12896);
#3777=VERTEX_POINT('',#12898);
#3778=VERTEX_POINT('',#12901);
#3779=VERTEX_POINT('',#12904);
#3780=VERTEX_POINT('',#12907);
#3781=VERTEX_POINT('',#12910);
#3782=VERTEX_POINT('',#12913);
#3783=VERTEX_POINT('',#12915);
#3784=VERTEX_POINT('',#12917);
#3785=VERTEX_POINT('',#12921);
#3786=VERTEX_POINT('',#12924);
#3787=VERTEX_POINT('',#12925);
#3788=VERTEX_POINT('',#12927);
#3789=VERTEX_POINT('',#12929);
#3790=VERTEX_POINT('',#13091);
#3791=VERTEX_POINT('',#13092);
#3792=VERTEX_POINT('',#13094);
#3793=VERTEX_POINT('',#13096);
#3794=VERTEX_POINT('',#13100);
#3795=VERTEX_POINT('',#13102);
#3796=VERTEX_POINT('',#13106);
#3797=VERTEX_POINT('',#13108);
#3798=VERTEX_POINT('',#13112);
#3799=VERTEX_POINT('',#13114);
#3800=VERTEX_POINT('',#13118);
#3801=VERTEX_POINT('',#13120);
#3802=VERTEX_POINT('',#13124);
#3803=VERTEX_POINT('',#13126);
#3804=VERTEX_POINT('',#13130);
#3805=VERTEX_POINT('',#13132);
#3806=VERTEX_POINT('',#13136);
#3807=VERTEX_POINT('',#13138);
#3808=VERTEX_POINT('',#13142);
#3809=VERTEX_POINT('',#13144);
#3810=VERTEX_POINT('',#13148);
#3811=VERTEX_POINT('',#13150);
#3812=VERTEX_POINT('',#13154);
#3813=VERTEX_POINT('',#13156);
#3814=VERTEX_POINT('',#13163);
#3815=VERTEX_POINT('',#13165);
#3816=VERTEX_POINT('',#13169);
#3817=VERTEX_POINT('',#13173);
#3818=VERTEX_POINT('',#13177);
#3819=VERTEX_POINT('',#13181);
#3820=VERTEX_POINT('',#13185);
#3821=VERTEX_POINT('',#13189);
#3822=VERTEX_POINT('',#13190);
#3823=VERTEX_POINT('',#13192);
#3824=VERTEX_POINT('',#13194);
#3825=VERTEX_POINT('',#13196);
#3826=VERTEX_POINT('',#13198);
#3827=VERTEX_POINT('',#13200);
#3828=VERTEX_POINT('',#13202);
#3829=VERTEX_POINT('',#13204);
#3830=VERTEX_POINT('',#13206);
#3831=VERTEX_POINT('',#13208);
#3832=VERTEX_POINT('',#13210);
#3833=VERTEX_POINT('',#13214);
#3834=VERTEX_POINT('',#13215);
#3835=VERTEX_POINT('',#13217);
#3836=VERTEX_POINT('',#13219);
#3837=VERTEX_POINT('',#13223);
#3838=VERTEX_POINT('',#13225);
#3839=VERTEX_POINT('',#13229);
#3840=VERTEX_POINT('',#13231);
#3841=VERTEX_POINT('',#13233);
#3842=VERTEX_POINT('',#13235);
#3843=VERTEX_POINT('',#13239);
#3844=VERTEX_POINT('',#13240);
#3845=VERTEX_POINT('',#13242);
#3846=VERTEX_POINT('',#13244);
#3847=VERTEX_POINT('',#13248);
#3848=VERTEX_POINT('',#13250);
#3849=VERTEX_POINT('',#13252);
#3850=VERTEX_POINT('',#13254);
#3851=VERTEX_POINT('',#13256);
#3852=VERTEX_POINT('',#13258);
#3853=VERTEX_POINT('',#13260);
#3854=VERTEX_POINT('',#13262);
#3855=VERTEX_POINT('',#13264);
#3856=VERTEX_POINT('',#13266);
#3857=VERTEX_POINT('',#13268);
#3858=VERTEX_POINT('',#13271);
#3859=VERTEX_POINT('',#13275);
#3860=VERTEX_POINT('',#13276);
#3861=VERTEX_POINT('',#13278);
#3862=VERTEX_POINT('',#13280);
#3863=VERTEX_POINT('',#13284);
#3864=VERTEX_POINT('',#13286);
#3865=VERTEX_POINT('',#13288);
#3866=VERTEX_POINT('',#13291);
#3867=VERTEX_POINT('',#13293);
#3868=VERTEX_POINT('',#13295);
#3869=VERTEX_POINT('',#13297);
#3870=VERTEX_POINT('',#13299);
#3871=VERTEX_POINT('',#13301);
#3872=VERTEX_POINT('',#13303);
#3873=VERTEX_POINT('',#13305);
#3874=VERTEX_POINT('',#13307);
#3875=VERTEX_POINT('',#13311);
#3876=VERTEX_POINT('',#13313);
#3877=VERTEX_POINT('',#13317);
#3878=VERTEX_POINT('',#13319);
#3879=VERTEX_POINT('',#13323);
#3880=VERTEX_POINT('',#13324);
#3881=VERTEX_POINT('',#13326);
#3882=VERTEX_POINT('',#13328);
#3883=VERTEX_POINT('',#13332);
#3884=VERTEX_POINT('',#13334);
#3885=VERTEX_POINT('',#13336);
#3886=VERTEX_POINT('',#13339);
#3887=VERTEX_POINT('',#13341);
#3888=VERTEX_POINT('',#13343);
#3889=VERTEX_POINT('',#13345);
#3890=VERTEX_POINT('',#13347);
#3891=VERTEX_POINT('',#13349);
#3892=VERTEX_POINT('',#13351);
#3893=VERTEX_POINT('',#13356);
#3894=VERTEX_POINT('',#13360);
#3895=VERTEX_POINT('',#13362);
#3896=VERTEX_POINT('',#13366);
#3897=VERTEX_POINT('',#13367);
#3898=VERTEX_POINT('',#13369);
#3899=VERTEX_POINT('',#13371);
#3900=VERTEX_POINT('',#13375);
#3901=VERTEX_POINT('',#13377);
#3902=VERTEX_POINT('',#13379);
#3903=VERTEX_POINT('',#13382);
#3904=VERTEX_POINT('',#13384);
#3905=VERTEX_POINT('',#13386);
#3906=VERTEX_POINT('',#13388);
#3907=VERTEX_POINT('',#13390);
#3908=VERTEX_POINT('',#13392);
#3909=VERTEX_POINT('',#13394);
#3910=VERTEX_POINT('',#13396);
#3911=VERTEX_POINT('',#13398);
#3912=VERTEX_POINT('',#13402);
#3913=VERTEX_POINT('',#13404);
#3914=VERTEX_POINT('',#13408);
#3915=VERTEX_POINT('',#13410);
#3916=VERTEX_POINT('',#13414);
#3917=VERTEX_POINT('',#13415);
#3918=VERTEX_POINT('',#13417);
#3919=VERTEX_POINT('',#13419);
#3920=VERTEX_POINT('',#13423);
#3921=VERTEX_POINT('',#13425);
#3922=VERTEX_POINT('',#13427);
#3923=VERTEX_POINT('',#13430);
#3924=VERTEX_POINT('',#13432);
#3925=VERTEX_POINT('',#13434);
#3926=VERTEX_POINT('',#13436);
#3927=VERTEX_POINT('',#13438);
#3928=VERTEX_POINT('',#13440);
#3929=VERTEX_POINT('',#13442);
#3930=VERTEX_POINT('',#13444);
#3931=VERTEX_POINT('',#13446);
#3932=VERTEX_POINT('',#13450);
#3933=VERTEX_POINT('',#13452);
#3934=VERTEX_POINT('',#13456);
#3935=VERTEX_POINT('',#13458);
#3936=VERTEX_POINT('',#13462);
#3937=VERTEX_POINT('',#13463);
#3938=VERTEX_POINT('',#13465);
#3939=VERTEX_POINT('',#13467);
#3940=VERTEX_POINT('',#13474);
#3941=VERTEX_POINT('',#13475);
#3942=VERTEX_POINT('',#13477);
#3943=VERTEX_POINT('',#13479);
#3944=VERTEX_POINT('',#13483);
#3945=VERTEX_POINT('',#13485);
#3946=VERTEX_POINT('',#13488);
#3947=VERTEX_POINT('',#13490);
#3948=VERTEX_POINT('',#13492);
#3949=VERTEX_POINT('',#13494);
#3950=VERTEX_POINT('',#13496);
#3951=VERTEX_POINT('',#13498);
#3952=VERTEX_POINT('',#13501);
#3953=VERTEX_POINT('',#13503);
#3954=VERTEX_POINT('',#13507);
#3955=VERTEX_POINT('',#13509);
#3956=VERTEX_POINT('',#13513);
#3957=VERTEX_POINT('',#13515);
#3958=VERTEX_POINT('',#13519);
#3959=VERTEX_POINT('',#13521);
#3960=VERTEX_POINT('',#13525);
#3961=VERTEX_POINT('',#13527);
#3962=VERTEX_POINT('',#13530);
#3963=VERTEX_POINT('',#13532);
#3964=VERTEX_POINT('',#13534);
#3965=VERTEX_POINT('',#13536);
#3966=VERTEX_POINT('',#13538);
#3967=VERTEX_POINT('',#13540);
#3968=VERTEX_POINT('',#13544);
#3969=VERTEX_POINT('',#13546);
#3970=VERTEX_POINT('',#13549);
#3971=VERTEX_POINT('',#13551);
#3972=VERTEX_POINT('',#13553);
#3973=VERTEX_POINT('',#13556);
#3974=VERTEX_POINT('',#13559);
#3975=VERTEX_POINT('',#13561);
#3976=VERTEX_POINT('',#13563);
#3977=VERTEX_POINT('',#13565);
#3978=VERTEX_POINT('',#13568);
#3979=VERTEX_POINT('',#13570);
#3980=VERTEX_POINT('',#13573);
#3981=VERTEX_POINT('',#13575);
#3982=VERTEX_POINT('',#13577);
#3983=VERTEX_POINT('',#13580);
#3984=VERTEX_POINT('',#13582);
#3985=VERTEX_POINT('',#13584);
#3986=VERTEX_POINT('',#13586);
#3987=VERTEX_POINT('',#13589);
#3988=VERTEX_POINT('',#13591);
#3989=VERTEX_POINT('',#13594);
#3990=VERTEX_POINT('',#13596);
#3991=VERTEX_POINT('',#13598);
#3992=VERTEX_POINT('',#13601);
#3993=VERTEX_POINT('',#13603);
#3994=VERTEX_POINT('',#13606);
#3995=VERTEX_POINT('',#13608);
#3996=VERTEX_POINT('',#13610);
#3997=VERTEX_POINT('',#13613);
#3998=VERTEX_POINT('',#13615);
#3999=VERTEX_POINT('',#13618);
#4000=VERTEX_POINT('',#13620);
#4001=VERTEX_POINT('',#13622);
#4002=VERTEX_POINT('',#13625);
#4003=VERTEX_POINT('',#13627);
#4004=VERTEX_POINT('',#13629);
#4005=VERTEX_POINT('',#13631);
#4006=VERTEX_POINT('',#13634);
#4007=VERTEX_POINT('',#13635);
#4008=VERTEX_POINT('',#13637);
#4009=VERTEX_POINT('',#13639);
#4010=VERTEX_POINT('',#13643);
#4011=VERTEX_POINT('',#13649);
#4012=VERTEX_POINT('',#13655);
#4013=VERTEX_POINT('',#13661);
#4014=VERTEX_POINT('',#13667);
#4015=VERTEX_POINT('',#13668);
#4016=VERTEX_POINT('',#13673);
#4017=VERTEX_POINT('',#13677);
#4018=VERTEX_POINT('',#13683);
#4019=VERTEX_POINT('',#13684);
#4020=VERTEX_POINT('',#13691);
#4021=VERTEX_POINT('',#13697);
#4022=VERTEX_POINT('',#13698);
#4023=VERTEX_POINT('',#13703);
#4024=VERTEX_POINT('',#13709);
#4025=VERTEX_POINT('',#13713);
#4026=VERTEX_POINT('',#13717);
#4027=VERTEX_POINT('',#13721);
#4028=VERTEX_POINT('',#13729);
#4029=VERTEX_POINT('',#13733);
#4030=VERTEX_POINT('',#13739);
#4031=VERTEX_POINT('',#13743);
#4032=VERTEX_POINT('',#13747);
#4033=VERTEX_POINT('',#13751);
#4034=VERTEX_POINT('',#13757);
#4035=VERTEX_POINT('',#13763);
#4036=VERTEX_POINT('',#13769);
#4037=VERTEX_POINT('',#13773);
#4038=VERTEX_POINT('',#13777);
#4039=VERTEX_POINT('',#13786);
#4040=VERTEX_POINT('',#13787);
#4041=VERTEX_POINT('',#13794);
#4042=VERTEX_POINT('',#13802);
#4043=VERTEX_POINT('',#13806);
#4044=VERTEX_POINT('',#13816);
#4045=VERTEX_POINT('',#13820);
#4046=VERTEX_POINT('',#13824);
#4047=VERTEX_POINT('',#13828);
#4048=VERTEX_POINT('',#13834);
#4049=VERTEX_POINT('',#13838);
#4050=VERTEX_POINT('',#13842);
#4051=VERTEX_POINT('',#13848);
#4052=VERTEX_POINT('',#13849);
#4053=VERTEX_POINT('',#13856);
#4054=VERTEX_POINT('',#13864);
#4055=VERTEX_POINT('',#13868);
#4056=VERTEX_POINT('',#13874);
#4057=VERTEX_POINT('',#13875);
#4058=VERTEX_POINT('',#13882);
#4059=VERTEX_POINT('',#13888);
#4060=VERTEX_POINT('',#13892);
#4061=VERTEX_POINT('',#13896);
#4062=VERTEX_POINT('',#13900);
#4063=VERTEX_POINT('',#13904);
#4064=VERTEX_POINT('',#13912);
#4065=VERTEX_POINT('',#13913);
#4066=VERTEX_POINT('',#13915);
#4067=VERTEX_POINT('',#13917);
#4068=VERTEX_POINT('',#13919);
#4069=VERTEX_POINT('',#13921);
#4070=VERTEX_POINT('',#13923);
#4071=VERTEX_POINT('',#13925);
#4072=VERTEX_POINT('',#13927);
#4073=VERTEX_POINT('',#13933);
#4074=VERTEX_POINT('',#13935);
#4075=VERTEX_POINT('',#13939);
#4076=VERTEX_POINT('',#13941);
#4077=VERTEX_POINT('',#13945);
#4078=VERTEX_POINT('',#13947);
#4079=VERTEX_POINT('',#13949);
#4080=VERTEX_POINT('',#13953);
#4081=VERTEX_POINT('',#13955);
#4082=VERTEX_POINT('',#13958);
#4083=VERTEX_POINT('',#13960);
#4084=VERTEX_POINT('',#13966);
#4085=VERTEX_POINT('',#13970);
#4086=VERTEX_POINT('',#13976);
#4087=VERTEX_POINT('',#13980);
#4088=VERTEX_POINT('',#13981);
#4089=VERTEX_POINT('',#13983);
#4090=VERTEX_POINT('',#13985);
#4091=VERTEX_POINT('',#13987);
#4092=VERTEX_POINT('',#13989);
#4093=VERTEX_POINT('',#13991);
#4094=VERTEX_POINT('',#13993);
#4095=VERTEX_POINT('',#13995);
#4096=VERTEX_POINT('',#13997);
#4097=VERTEX_POINT('',#13999);
#4098=VERTEX_POINT('',#14001);
#4099=VERTEX_POINT('',#14003);
#4100=VERTEX_POINT('',#14005);
#4101=VERTEX_POINT('',#14007);
#4102=VERTEX_POINT('',#14009);
#4103=VERTEX_POINT('',#14011);
#4104=VERTEX_POINT('',#14013);
#4105=VERTEX_POINT('',#14015);
#4106=VERTEX_POINT('',#14017);
#4107=VERTEX_POINT('',#14019);
#4108=VERTEX_POINT('',#14021);
#4109=VERTEX_POINT('',#14024);
#4110=VERTEX_POINT('',#14026);
#4111=VERTEX_POINT('',#14028);
#4112=VERTEX_POINT('',#14029);
#4113=VERTEX_POINT('',#14031);
#4114=VERTEX_POINT('',#14033);
#4115=VERTEX_POINT('',#14035);
#4116=VERTEX_POINT('',#14037);
#4117=VERTEX_POINT('',#14039);
#4118=VERTEX_POINT('',#14041);
#4119=VERTEX_POINT('',#14043);
#4120=VERTEX_POINT('',#14045);
#4121=VERTEX_POINT('',#14047);
#4122=VERTEX_POINT('',#14049);
#4123=VERTEX_POINT('',#14051);
#4124=VERTEX_POINT('',#14053);
#4125=VERTEX_POINT('',#14055);
#4126=VERTEX_POINT('',#14057);
#4127=VERTEX_POINT('',#14059);
#4128=VERTEX_POINT('',#14061);
#4129=VERTEX_POINT('',#14069);
#4130=VERTEX_POINT('',#14071);
#4131=VERTEX_POINT('',#14075);
#4132=VERTEX_POINT('',#14079);
#4133=VERTEX_POINT('',#14083);
#4134=VERTEX_POINT('',#14084);
#4135=VERTEX_POINT('',#14087);
#4136=VERTEX_POINT('',#14091);
#4137=VERTEX_POINT('',#14092);
#4138=VERTEX_POINT('',#14097);
#4139=VERTEX_POINT('',#14098);
#4140=VERTEX_POINT('',#14100);
#4141=VERTEX_POINT('',#14105);
#4142=VERTEX_POINT('',#14106);
#4143=VERTEX_POINT('',#14111);
#4144=VERTEX_POINT('',#14112);
#4145=VERTEX_POINT('',#14114);
#4146=VERTEX_POINT('',#14116);
#4147=VERTEX_POINT('',#14118);
#4148=VERTEX_POINT('',#14120);
#4149=VERTEX_POINT('',#14122);
#4150=VERTEX_POINT('',#14124);
#4151=VERTEX_POINT('',#14126);
#4152=VERTEX_POINT('',#14132);
#4153=VERTEX_POINT('',#14134);
#4154=VERTEX_POINT('',#14136);
#4155=VERTEX_POINT('',#14140);
#4156=VERTEX_POINT('',#14142);
#4157=VERTEX_POINT('',#14146);
#4158=VERTEX_POINT('',#14148);
#4159=VERTEX_POINT('',#14152);
#4160=VERTEX_POINT('',#14154);
#4161=VERTEX_POINT('',#14157);
#4162=VERTEX_POINT('',#14159);
#4163=VERTEX_POINT('',#14165);
#4164=VERTEX_POINT('',#14172);
#4165=VERTEX_POINT('',#14181);
#4166=VERTEX_POINT('',#14183);
#4167=VERTEX_POINT('',#14187);
#4168=VERTEX_POINT('',#14191);
#4169=VERTEX_POINT('',#14195);
#4170=VERTEX_POINT('',#14196);
#4171=VERTEX_POINT('',#14198);
#4172=VERTEX_POINT('',#14200);
#4173=VERTEX_POINT('',#14204);
#4174=VERTEX_POINT('',#14205);
#4175=VERTEX_POINT('',#14207);
#4176=VERTEX_POINT('',#14212);
#4177=VERTEX_POINT('',#14213);
#4178=VERTEX_POINT('',#14218);
#4179=VERTEX_POINT('',#14219);
#4180=VERTEX_POINT('',#14221);
#4181=VERTEX_POINT('',#14223);
#4182=VERTEX_POINT('',#14225);
#4183=VERTEX_POINT('',#14227);
#4184=VERTEX_POINT('',#14229);
#4185=VERTEX_POINT('',#14231);
#4186=VERTEX_POINT('',#14233);
#4187=VERTEX_POINT('',#14239);
#4188=VERTEX_POINT('',#14241);
#4189=VERTEX_POINT('',#14245);
#4190=VERTEX_POINT('',#14247);
#4191=VERTEX_POINT('',#14251);
#4192=VERTEX_POINT('',#14257);
#4193=VERTEX_POINT('',#14259);
#4194=VERTEX_POINT('',#14263);
#4195=VERTEX_POINT('',#14265);
#4196=VERTEX_POINT('',#14268);
#4197=VERTEX_POINT('',#14270);
#4198=VERTEX_POINT('',#14274);
#4199=VERTEX_POINT('',#14284);
#4200=VERTEX_POINT('',#14288);
#4201=VERTEX_POINT('',#14294);
#4202=VERTEX_POINT('',#14298);
#4203=VERTEX_POINT('',#14299);
#4204=VERTEX_POINT('',#14302);
#4205=VERTEX_POINT('',#14306);
#4206=VERTEX_POINT('',#14310);
#4207=VERTEX_POINT('',#14314);
#4208=VERTEX_POINT('',#14318);
#4209=VERTEX_POINT('',#14320);
#4210=VERTEX_POINT('',#14324);
#4211=VERTEX_POINT('',#14326);
#4212=VERTEX_POINT('',#14330);
#4213=VERTEX_POINT('',#14332);
#4214=VERTEX_POINT('',#14336);
#4215=VERTEX_POINT('',#14338);
#4216=VERTEX_POINT('',#14342);
#4217=VERTEX_POINT('',#14344);
#4218=VERTEX_POINT('',#14348);
#4219=VERTEX_POINT('',#14350);
#4220=VERTEX_POINT('',#14354);
#4221=VERTEX_POINT('',#14356);
#4222=VERTEX_POINT('',#14360);
#4223=VERTEX_POINT('',#14362);
#4224=VERTEX_POINT('',#14367);
#4225=VERTEX_POINT('',#14371);
#4226=VERTEX_POINT('',#14375);
#4227=VERTEX_POINT('',#14379);
#4228=VERTEX_POINT('',#14383);
#4229=VERTEX_POINT('',#14385);
#4230=VERTEX_POINT('',#14403);
#4231=VERTEX_POINT('',#14404);
#4232=VERTEX_POINT('',#14406);
#4233=VERTEX_POINT('',#14408);
#4234=VERTEX_POINT('',#14410);
#4235=VERTEX_POINT('',#14412);
#4236=VERTEX_POINT('',#14414);
#4237=VERTEX_POINT('',#14416);
#4238=VERTEX_POINT('',#14418);
#4239=VERTEX_POINT('',#14420);
#4240=VERTEX_POINT('',#14422);
#4241=VERTEX_POINT('',#14424);
#4242=VERTEX_POINT('',#14426);
#4243=VERTEX_POINT('',#14428);
#4244=VERTEX_POINT('',#14430);
#4245=VERTEX_POINT('',#14432);
#4246=VERTEX_POINT('',#14434);
#4247=VERTEX_POINT('',#14436);
#4248=VERTEX_POINT('',#14438);
#4249=VERTEX_POINT('',#14440);
#4250=VERTEX_POINT('',#14447);
#4251=VERTEX_POINT('',#14449);
#4252=VERTEX_POINT('',#14455);
#4253=VERTEX_POINT('',#14459);
#4254=VERTEX_POINT('',#14463);
#4255=VERTEX_POINT('',#14465);
#4256=VERTEX_POINT('',#14469);
#4257=VERTEX_POINT('',#14473);
#4258=VERTEX_POINT('',#14477);
#4259=VERTEX_POINT('',#14479);
#4260=VERTEX_POINT('',#14483);
#4261=VERTEX_POINT('',#14484);
#4262=VERTEX_POINT('',#14486);
#4263=VERTEX_POINT('',#14488);
#4264=VERTEX_POINT('',#14492);
#4265=VERTEX_POINT('',#14493);
#4266=VERTEX_POINT('',#14503);
#4267=VERTEX_POINT('',#14510);
#4268=VERTEX_POINT('',#14512);
#4269=VERTEX_POINT('',#14514);
#4270=VERTEX_POINT('',#14521);
#4271=VERTEX_POINT('',#14525);
#4272=VERTEX_POINT('',#14539);
#4273=VERTEX_POINT('',#14543);
#4274=VERTEX_POINT('',#14547);
#4275=VERTEX_POINT('',#14551);
#4276=VERTEX_POINT('',#14553);
#4277=VERTEX_POINT('',#14557);
#4278=VERTEX_POINT('',#14561);
#4279=VERTEX_POINT('',#14563);
#4280=VERTEX_POINT('',#14567);
#4281=VERTEX_POINT('',#14569);
#4282=VERTEX_POINT('',#14576);
#4283=VERTEX_POINT('',#14582);
#4284=VERTEX_POINT('',#14592);
#4285=VERTEX_POINT('',#14596);
#4286=VERTEX_POINT('',#14598);
#4287=VERTEX_POINT('',#14602);
#4288=VERTEX_POINT('',#14604);
#4289=VERTEX_POINT('',#14608);
#4290=VERTEX_POINT('',#14610);
#4291=VERTEX_POINT('',#14614);
#4292=VERTEX_POINT('',#14616);
#4293=VERTEX_POINT('',#14620);
#4294=VERTEX_POINT('',#14622);
#4295=VERTEX_POINT('',#14626);
#4296=VERTEX_POINT('',#14628);
#4297=VERTEX_POINT('',#14632);
#4298=VERTEX_POINT('',#14634);
#4299=VERTEX_POINT('',#14658);
#4300=VERTEX_POINT('',#14662);
#4301=VERTEX_POINT('',#14664);
#4302=VERTEX_POINT('',#14666);
#4303=VERTEX_POINT('',#14672);
#4304=VERTEX_POINT('',#14676);
#4305=VERTEX_POINT('',#14678);
#4306=VERTEX_POINT('',#14680);
#4307=VERTEX_POINT('',#14682);
#4308=VERTEX_POINT('',#14684);
#4309=VERTEX_POINT('',#14686);
#4310=VERTEX_POINT('',#14688);
#4311=VERTEX_POINT('',#14690);
#4312=VERTEX_POINT('',#14692);
#4313=VERTEX_POINT('',#14701);
#4314=VERTEX_POINT('',#14705);
#4315=VERTEX_POINT('',#14707);
#4316=VERTEX_POINT('',#14709);
#4317=EDGE_CURVE('',#3498,#3499,#1246,.T.);
#4318=EDGE_CURVE('',#3499,#3500,#1247,.T.);
#4319=EDGE_CURVE('',#3500,#3501,#1248,.T.);
#4320=EDGE_CURVE('',#3498,#3501,#1249,.T.);
#4321=EDGE_CURVE('',#3499,#3502,#1250,.T.);
#4322=EDGE_CURVE('',#3502,#3503,#1251,.T.);
#4323=EDGE_CURVE('',#3503,#3500,#1252,.T.);
#4324=EDGE_CURVE('',#3502,#3504,#1253,.T.);
#4325=EDGE_CURVE('',#3504,#3505,#1254,.T.);
#4326=EDGE_CURVE('',#3505,#3503,#1255,.T.);
#4327=EDGE_CURVE('',#3504,#3506,#1256,.T.);
#4328=EDGE_CURVE('',#3506,#3507,#1257,.T.);
#4329=EDGE_CURVE('',#3507,#3505,#1258,.T.);
#4330=EDGE_CURVE('',#3508,#3509,#1259,.T.);
#4331=EDGE_CURVE('',#3509,#3510,#1260,.T.);
#4332=EDGE_CURVE('',#3510,#3511,#1261,.T.);
#4333=EDGE_CURVE('',#3511,#3508,#1262,.T.);
#4334=EDGE_CURVE('',#3506,#3510,#1263,.T.);
#4335=EDGE_CURVE('',#3509,#3507,#1264,.T.);
#4336=EDGE_CURVE('',#3512,#3508,#1265,.T.);
#4337=EDGE_CURVE('',#3511,#3513,#1266,.T.);
#4338=EDGE_CURVE('',#3513,#3512,#1267,.T.);
#4339=EDGE_CURVE('',#3514,#3512,#1268,.T.);
#4340=EDGE_CURVE('',#3513,#3515,#1269,.T.);
#4341=EDGE_CURVE('',#3515,#3514,#1270,.T.);
#4342=EDGE_CURVE('',#3516,#3514,#1271,.T.);
#4343=EDGE_CURVE('',#3515,#3517,#1272,.T.);
#4344=EDGE_CURVE('',#3517,#3516,#1273,.T.);
#4345=EDGE_CURVE('',#3518,#3516,#1274,.T.);
#4346=EDGE_CURVE('',#3517,#3519,#1275,.T.);
#4347=EDGE_CURVE('',#3519,#3518,#1276,.T.);
#4348=EDGE_CURVE('',#3520,#3518,#1277,.T.);
#4349=EDGE_CURVE('',#3519,#3521,#1278,.T.);
#4350=EDGE_CURVE('',#3521,#3520,#1279,.T.);
#4351=EDGE_CURVE('',#3501,#3520,#1280,.T.);
#4352=EDGE_CURVE('',#3521,#3498,#1281,.T.);
#4353=EDGE_CURVE('',#3500,#3522,#1282,.T.);
#4354=EDGE_CURVE('',#3523,#3522,#1283,.T.);
#4355=EDGE_CURVE('',#3501,#3523,#1284,.T.);
#4356=EDGE_CURVE('',#3503,#3524,#1285,.T.);
#4357=EDGE_CURVE('',#3522,#3524,#1286,.T.);
#4358=EDGE_CURVE('',#3505,#3525,#1287,.T.);
#4359=EDGE_CURVE('',#3524,#3525,#1288,.T.);
#4360=EDGE_CURVE('',#3507,#3526,#1289,.T.);
#4361=EDGE_CURVE('',#3525,#3526,#1290,.T.);
#4362=EDGE_CURVE('',#3509,#3527,#1291,.T.);
#4363=EDGE_CURVE('',#3526,#3527,#1292,.T.);
#4364=EDGE_CURVE('',#3508,#3528,#1293,.T.);
#4365=EDGE_CURVE('',#3527,#3528,#1294,.T.);
#4366=EDGE_CURVE('',#3529,#3530,#169,.T.);
#4367=EDGE_CURVE('',#3531,#3529,#1295,.T.);
#4368=EDGE_CURVE('',#3532,#3531,#1296,.T.);
#4369=EDGE_CURVE('',#3533,#3532,#1297,.T.);
#4370=EDGE_CURVE('',#3534,#3533,#170,.T.);
#4371=EDGE_CURVE('',#3535,#3534,#1298,.T.);
#4372=EDGE_CURVE('',#3536,#3535,#1299,.T.);
#4373=EDGE_CURVE('',#3537,#3536,#1300,.T.);
#4374=EDGE_CURVE('',#3538,#3537,#171,.T.);
#4375=EDGE_CURVE('',#3539,#3538,#1301,.T.);
#4376=EDGE_CURVE('',#3540,#3539,#1302,.T.);
#4377=EDGE_CURVE('',#3541,#3540,#1303,.T.);
#4378=EDGE_CURVE('',#3541,#3542,#1304,.T.);
#4379=EDGE_CURVE('',#3543,#3542,#1305,.T.);
#4380=EDGE_CURVE('',#3544,#3543,#1306,.T.);
#4381=EDGE_CURVE('',#3545,#3544,#1307,.T.);
#4382=EDGE_CURVE('',#3546,#3545,#1308,.T.);
#4383=EDGE_CURVE('',#3530,#3546,#172,.T.);
#4384=EDGE_CURVE('',#3547,#3548,#1309,.T.);
#4385=EDGE_CURVE('',#3549,#3547,#1310,.T.);
#4386=EDGE_CURVE('',#3550,#3549,#1311,.T.);
#4387=EDGE_CURVE('',#3551,#3550,#1312,.T.);
#4388=EDGE_CURVE('',#3552,#3551,#1313,.T.);
#4389=EDGE_CURVE('',#3548,#3552,#1314,.T.);
#4390=EDGE_CURVE('',#3553,#3554,#1315,.T.);
#4391=EDGE_CURVE('',#3555,#3553,#1316,.T.);
#4392=EDGE_CURVE('',#3556,#3555,#1317,.T.);
#4393=EDGE_CURVE('',#3557,#3556,#1318,.T.);
#4394=EDGE_CURVE('',#3558,#3557,#173,.T.);
#4395=EDGE_CURVE('',#3554,#3558,#174,.T.);
#4396=EDGE_CURVE('',#3559,#3560,#175,.T.);
#4397=EDGE_CURVE('',#3561,#3559,#176,.T.);
#4398=EDGE_CURVE('',#3562,#3561,#177,.T.);
#4399=EDGE_CURVE('',#3560,#3562,#178,.T.);
#4400=EDGE_CURVE('',#3563,#3564,#179,.T.);
#4401=EDGE_CURVE('',#3565,#3563,#1319,.T.);
#4402=EDGE_CURVE('',#3566,#3565,#1320,.T.);
#4403=EDGE_CURVE('',#3567,#3566,#1321,.T.);
#4404=EDGE_CURVE('',#3564,#3567,#1322,.T.);
#4405=EDGE_CURVE('',#3568,#3569,#180,.T.);
#4406=EDGE_CURVE('',#3570,#3568,#1323,.T.);
#4407=EDGE_CURVE('',#3571,#3570,#1324,.T.);
#4408=EDGE_CURVE('',#3572,#3571,#1325,.T.);
#4409=EDGE_CURVE('',#3569,#3572,#1326,.T.);
#4410=EDGE_CURVE('',#3573,#3574,#1327,.T.);
#4411=EDGE_CURVE('',#3575,#3573,#1328,.T.);
#4412=EDGE_CURVE('',#3576,#3575,#1329,.T.);
#4413=EDGE_CURVE('',#3577,#3576,#1330,.T.);
#4414=EDGE_CURVE('',#3578,#3577,#1331,.T.);
#4415=EDGE_CURVE('',#3574,#3578,#181,.T.);
#4416=EDGE_CURVE('',#3579,#3580,#1332,.T.);
#4417=EDGE_CURVE('',#3581,#3579,#1333,.T.);
#4418=EDGE_CURVE('',#3582,#3581,#1334,.T.);
#4419=EDGE_CURVE('',#3583,#3582,#1335,.T.);
#4420=EDGE_CURVE('',#3580,#3583,#182,.T.);
#4421=EDGE_CURVE('',#3584,#3585,#183,.T.);
#4422=EDGE_CURVE('',#3586,#3584,#1336,.T.);
#4423=EDGE_CURVE('',#3587,#3586,#1337,.T.);
#4424=EDGE_CURVE('',#3588,#3587,#1338,.T.);
#4425=EDGE_CURVE('',#3585,#3588,#1339,.T.);
#4426=EDGE_CURVE('',#3589,#3590,#184,.T.);
#4427=EDGE_CURVE('',#3591,#3589,#1340,.T.);
#4428=EDGE_CURVE('',#3592,#3591,#1341,.T.);
#4429=EDGE_CURVE('',#3593,#3592,#1342,.T.);
#4430=EDGE_CURVE('',#3594,#3593,#1343,.T.);
#4431=EDGE_CURVE('',#3590,#3594,#1344,.T.);
#4432=EDGE_CURVE('',#3595,#3596,#185,.T.);
#4433=EDGE_CURVE('',#3597,#3595,#1345,.T.);
#4434=EDGE_CURVE('',#3598,#3597,#1346,.T.);
#4435=EDGE_CURVE('',#3599,#3598,#1347,.T.);
#4436=EDGE_CURVE('',#3600,#3599,#1348,.T.);
#4437=EDGE_CURVE('',#3596,#3600,#1349,.T.);
#4438=EDGE_CURVE('',#3601,#3602,#1350,.T.);
#4439=EDGE_CURVE('',#3603,#3601,#1351,.T.);
#4440=EDGE_CURVE('',#3604,#3603,#1352,.T.);
#4441=EDGE_CURVE('',#3605,#3604,#1353,.T.);
#4442=EDGE_CURVE('',#3606,#3605,#186,.T.);
#4443=EDGE_CURVE('',#3602,#3606,#187,.T.);
#4444=EDGE_CURVE('',#3607,#3608,#188,.T.);
#4445=EDGE_CURVE('',#3609,#3607,#1354,.T.);
#4446=EDGE_CURVE('',#3610,#3609,#1355,.T.);
#4447=EDGE_CURVE('',#3611,#3610,#1356,.T.);
#4448=EDGE_CURVE('',#3608,#3611,#1357,.T.);
#4449=EDGE_CURVE('',#3612,#3613,#1358,.T.);
#4450=EDGE_CURVE('',#3614,#3612,#1359,.T.);
#4451=EDGE_CURVE('',#3615,#3614,#1360,.T.);
#4452=EDGE_CURVE('',#3616,#3615,#1361,.T.);
#4453=EDGE_CURVE('',#3617,#3616,#1362,.T.);
#4454=EDGE_CURVE('',#3613,#3617,#1363,.T.);
#4455=EDGE_CURVE('',#3618,#3619,#1364,.T.);
#4456=EDGE_CURVE('',#3620,#3618,#1365,.T.);
#4457=EDGE_CURVE('',#3621,#3620,#1366,.T.);
#4458=EDGE_CURVE('',#3619,#3621,#1367,.T.);
#4459=EDGE_CURVE('',#3622,#3623,#189,.T.);
#4460=EDGE_CURVE('',#3624,#3622,#1368,.T.);
#4461=EDGE_CURVE('',#3625,#3624,#1369,.T.);
#4462=EDGE_CURVE('',#3626,#3625,#1370,.T.);
#4463=EDGE_CURVE('',#3627,#3626,#1371,.T.);
#4464=EDGE_CURVE('',#3623,#3627,#1372,.T.);
#4465=EDGE_CURVE('',#3628,#3629,#1373,.T.);
#4466=EDGE_CURVE('',#3629,#3523,#1374,.T.);
#4467=EDGE_CURVE('',#3628,#3522,#1375,.T.);
#4468=EDGE_CURVE('',#3629,#3630,#1376,.T.);
#4469=EDGE_CURVE('',#3630,#3631,#1377,.T.);
#4470=EDGE_CURVE('',#3631,#3523,#1378,.T.);
#4471=EDGE_CURVE('',#3630,#3632,#1379,.T.);
#4472=EDGE_CURVE('',#3632,#3633,#1380,.T.);
#4473=EDGE_CURVE('',#3633,#3631,#1381,.T.);
#4474=EDGE_CURVE('',#3632,#3634,#1382,.T.);
#4475=EDGE_CURVE('',#3634,#3635,#1383,.T.);
#4476=EDGE_CURVE('',#3635,#3633,#1384,.T.);
#4477=EDGE_CURVE('',#3634,#3636,#1385,.T.);
#4478=EDGE_CURVE('',#3636,#3637,#1386,.T.);
#4479=EDGE_CURVE('',#3637,#3635,#1387,.T.);
#4480=EDGE_CURVE('',#3636,#3638,#1388,.T.);
#4481=EDGE_CURVE('',#3638,#3639,#1389,.T.);
#4482=EDGE_CURVE('',#3639,#3637,#1390,.T.);
#4483=EDGE_CURVE('',#3638,#3640,#1391,.T.);
#4484=EDGE_CURVE('',#3640,#3528,#1392,.T.);
#4485=EDGE_CURVE('',#3528,#3639,#1393,.T.);
#4486=EDGE_CURVE('',#3640,#3641,#1394,.T.);
#4487=EDGE_CURVE('',#3641,#3527,#1395,.T.);
#4488=EDGE_CURVE('',#3641,#3642,#1396,.T.);
#4489=EDGE_CURVE('',#3642,#3526,#1397,.T.);
#4490=EDGE_CURVE('',#3642,#3643,#1398,.T.);
#4491=EDGE_CURVE('',#3643,#3525,#1399,.T.);
#4492=EDGE_CURVE('',#3643,#3644,#1400,.T.);
#4493=EDGE_CURVE('',#3644,#3524,#1401,.T.);
#4494=EDGE_CURVE('',#3644,#3628,#1402,.T.);
#4495=EDGE_CURVE('',#3645,#3646,#1403,.T.);
#4496=EDGE_CURVE('',#3646,#3647,#1404,.T.);
#4497=EDGE_CURVE('',#3647,#3648,#1405,.T.);
#4498=EDGE_CURVE('',#3648,#3649,#1406,.T.);
#4499=EDGE_CURVE('',#3649,#3650,#1407,.T.);
#4500=EDGE_CURVE('',#3650,#3651,#1408,.T.);
#4501=EDGE_CURVE('',#3651,#3652,#1409,.T.);
#4502=EDGE_CURVE('',#3652,#3653,#1410,.T.);
#4503=EDGE_CURVE('',#3653,#3654,#1411,.T.);
#4504=EDGE_CURVE('',#3654,#3655,#1412,.T.);
#4505=EDGE_CURVE('',#3655,#3656,#1413,.T.);
#4506=EDGE_CURVE('',#3656,#3645,#1414,.T.);
#4507=EDGE_CURVE('',#3657,#3541,#1415,.T.);
#4508=EDGE_CURVE('',#3657,#3658,#1416,.T.);
#4509=EDGE_CURVE('',#3542,#3658,#1417,.T.);
#4510=EDGE_CURVE('',#3659,#3657,#1418,.T.);
#4511=EDGE_CURVE('',#3660,#3659,#190,.T.);
#4512=EDGE_CURVE('',#3658,#3660,#1419,.T.);
#4513=EDGE_CURVE('',#3540,#3661,#1420,.T.);
#4514=EDGE_CURVE('',#3662,#3661,#1421,.T.);
#4515=EDGE_CURVE('',#3663,#3662,#1422,.T.);
#4516=EDGE_CURVE('',#3664,#3663,#1423,.T.);
#4517=EDGE_CURVE('',#3659,#3664,#1424,.T.);
#4518=EDGE_CURVE('',#3665,#3666,#1425,.T.);
#4519=EDGE_CURVE('',#3666,#3667,#1426,.T.);
#4520=EDGE_CURVE('',#3668,#3667,#101,.T.);
#4521=EDGE_CURVE('',#3668,#3665,#1427,.T.);
#4522=EDGE_CURVE('',#3669,#3670,#1428,.T.);
#4523=EDGE_CURVE('',#3670,#3671,#1429,.T.);
#4524=EDGE_CURVE('',#3671,#3672,#191,.T.);
#4525=EDGE_CURVE('',#3672,#3673,#1430,.T.);
#4526=EDGE_CURVE('',#3674,#3673,#1431,.T.);
#4527=EDGE_CURVE('',#3674,#3675,#1432,.T.);
#4528=EDGE_CURVE('',#3675,#3676,#192,.T.);
#4529=EDGE_CURVE('',#3676,#3677,#1433,.T.);
#4530=EDGE_CURVE('',#3677,#3678,#1434,.T.);
#4531=EDGE_CURVE('',#3678,#3679,#1435,.T.);
#4532=EDGE_CURVE('',#3679,#3680,#193,.T.);
#4533=EDGE_CURVE('',#3680,#3669,#1436,.T.);
#4534=EDGE_CURVE('',#3681,#3682,#1437,.T.);
#4535=EDGE_CURVE('',#3682,#3683,#1438,.T.);
#4536=EDGE_CURVE('',#3683,#3684,#1439,.T.);
#4537=EDGE_CURVE('',#3684,#3685,#1440,.T.);
#4538=EDGE_CURVE('',#3685,#3686,#1441,.T.);
#4539=EDGE_CURVE('',#3686,#3687,#1442,.T.);
#4540=EDGE_CURVE('',#3687,#3688,#1443,.T.);
#4541=EDGE_CURVE('',#3689,#3688,#102,.T.);
#4542=EDGE_CURVE('',#3689,#3690,#1444,.T.);
#4543=EDGE_CURVE('',#3690,#3681,#1445,.T.);
#4544=EDGE_CURVE('',#3661,#3691,#1446,.T.);
#4545=EDGE_CURVE('',#3691,#3692,#1447,.T.);
#4546=EDGE_CURVE('',#3662,#3692,#1448,.T.);
#4547=EDGE_CURVE('',#3693,#3694,#1449,.T.);
#4548=EDGE_CURVE('',#3694,#3695,#1450,.T.);
#4549=EDGE_CURVE('',#3696,#3695,#103,.T.);
#4550=EDGE_CURVE('',#3696,#3693,#1451,.T.);
#4551=EDGE_CURVE('',#3697,#3698,#1452,.T.);
#4552=EDGE_CURVE('',#3698,#3699,#1453,.T.);
#4553=EDGE_CURVE('',#3699,#3700,#1454,.T.);
#4554=EDGE_CURVE('',#3701,#3700,#104,.T.);
#4555=EDGE_CURVE('',#3701,#3702,#1455,.T.);
#4556=EDGE_CURVE('',#3702,#3703,#1456,.T.);
#4557=EDGE_CURVE('',#3703,#3704,#1457,.T.);
#4558=EDGE_CURVE('',#3704,#3705,#1458,.T.);
#4559=EDGE_CURVE('',#3705,#3706,#1459,.T.);
#4560=EDGE_CURVE('',#3706,#3697,#1460,.T.);
#4561=EDGE_CURVE('',#3707,#3708,#1461,.T.);
#4562=EDGE_CURVE('',#3708,#3709,#1462,.T.);
#4563=EDGE_CURVE('',#3709,#3710,#194,.T.);
#4564=EDGE_CURVE('',#3710,#3711,#1463,.T.);
#4565=EDGE_CURVE('',#3711,#3712,#1464,.T.);
#4566=EDGE_CURVE('',#3712,#3713,#1465,.T.);
#4567=EDGE_CURVE('',#3713,#3714,#1466,.T.);
#4568=EDGE_CURVE('',#3715,#3714,#1467,.T.);
#4569=EDGE_CURVE('',#3715,#3716,#1468,.T.);
#4570=EDGE_CURVE('',#3716,#3707,#1469,.T.);
#4571=EDGE_CURVE('',#3717,#3718,#1470,.T.);
#4572=EDGE_CURVE('',#3718,#3719,#1471,.T.);
#4573=EDGE_CURVE('',#3720,#3719,#105,.T.);
#4574=EDGE_CURVE('',#3720,#3717,#1472,.T.);
#4575=EDGE_CURVE('',#3721,#3722,#1473,.T.);
#4576=EDGE_CURVE('',#3722,#3723,#1474,.T.);
#4577=EDGE_CURVE('',#3724,#3723,#1475,.T.);
#4578=EDGE_CURVE('',#3724,#3721,#1476,.T.);
#4579=EDGE_CURVE('',#3725,#3726,#1477,.T.);
#4580=EDGE_CURVE('',#3726,#3727,#1478,.T.);
#4581=EDGE_CURVE('',#3727,#3728,#1479,.T.);
#4582=EDGE_CURVE('',#3729,#3728,#106,.T.);
#4583=EDGE_CURVE('',#3729,#3730,#1480,.T.);
#4584=EDGE_CURVE('',#3730,#3731,#1481,.T.);
#4585=EDGE_CURVE('',#3731,#3732,#1482,.T.);
#4586=EDGE_CURVE('',#3732,#3733,#1483,.T.);
#4587=EDGE_CURVE('',#3733,#3734,#195,.T.);
#4588=EDGE_CURVE('',#3734,#3725,#1484,.T.);
#4589=EDGE_CURVE('',#3735,#3736,#1485,.T.);
#4590=EDGE_CURVE('',#3736,#3737,#1486,.T.);
#4591=EDGE_CURVE('',#3738,#3737,#1487,.T.);
#4592=EDGE_CURVE('',#3738,#3735,#1488,.T.);
#4593=EDGE_CURVE('',#3739,#3740,#1489,.T.);
#4594=EDGE_CURVE('',#3740,#3741,#1490,.T.);
#4595=EDGE_CURVE('',#3741,#3742,#1491,.T.);
#4596=EDGE_CURVE('',#3742,#3739,#1492,.T.);
#4597=EDGE_CURVE('',#3743,#3674,#1493,.T.);
#4598=EDGE_CURVE('',#3673,#3744,#1494,.T.);
#4599=EDGE_CURVE('',#3744,#3743,#1495,.T.);
#4600=EDGE_CURVE('',#3537,#3672,#1496,.T.);
#4601=EDGE_CURVE('',#3536,#3744,#1497,.T.);
#4602=EDGE_CURVE('',#3745,#3720,#107,.T.);
#4603=EDGE_CURVE('',#3719,#3746,#108,.T.);
#4604=EDGE_CURVE('',#3745,#3746,#109,.T.);
#4605=EDGE_CURVE('',#3747,#3745,#1498,.T.);
#4606=EDGE_CURVE('',#3569,#3747,#1499,.T.);
#4607=EDGE_CURVE('',#3572,#3717,#1500,.T.);
#4608=EDGE_CURVE('',#3748,#3724,#1501,.T.);
#4609=EDGE_CURVE('',#3723,#3749,#1502,.T.);
#4610=EDGE_CURVE('',#3748,#3749,#1503,.T.);
#4611=EDGE_CURVE('',#3750,#3748,#1504,.T.);
#4612=EDGE_CURVE('',#3578,#3750,#1505,.T.);
#4613=EDGE_CURVE('',#3577,#3721,#1506,.T.);
#4614=EDGE_CURVE('',#3751,#3738,#1507,.T.);
#4615=EDGE_CURVE('',#3737,#3752,#1508,.T.);
#4616=EDGE_CURVE('',#3751,#3752,#1509,.T.);
#4617=EDGE_CURVE('',#3753,#3751,#1510,.T.);
#4618=EDGE_CURVE('',#3564,#3753,#1511,.T.);
#4619=EDGE_CURVE('',#3567,#3735,#1512,.T.);
#4620=EDGE_CURVE('',#3754,#3668,#110,.T.);
#4621=EDGE_CURVE('',#3667,#3755,#111,.T.);
#4622=EDGE_CURVE('',#3754,#3755,#112,.T.);
#4623=EDGE_CURVE('',#3756,#3754,#1513,.T.);
#4624=EDGE_CURVE('',#3608,#3756,#1514,.T.);
#4625=EDGE_CURVE('',#3611,#3665,#1515,.T.);
#4626=EDGE_CURVE('',#3692,#3757,#1516,.T.);
#4627=EDGE_CURVE('',#3663,#3757,#1517,.T.);
#4628=EDGE_CURVE('',#3758,#3696,#113,.T.);
#4629=EDGE_CURVE('',#3695,#3759,#114,.T.);
#4630=EDGE_CURVE('',#3758,#3759,#115,.T.);
#4631=EDGE_CURVE('',#3760,#3758,#1518,.T.);
#4632=EDGE_CURVE('',#3585,#3760,#1519,.T.);
#4633=EDGE_CURVE('',#3588,#3693,#1520,.T.);
#4634=EDGE_CURVE('',#3761,#3715,#1521,.T.);
#4635=EDGE_CURVE('',#3714,#3762,#1522,.T.);
#4636=EDGE_CURVE('',#3761,#3762,#1523,.T.);
#4637=EDGE_CURVE('',#3763,#3761,#1524,.T.);
#4638=EDGE_CURVE('',#3583,#3763,#1525,.T.);
#4639=EDGE_CURVE('',#3582,#3716,#1526,.T.);
#4640=EDGE_CURVE('',#3728,#3764,#116,.T.);
#4641=EDGE_CURVE('',#3765,#3764,#117,.T.);
#4642=EDGE_CURVE('',#3765,#3729,#118,.T.);
#4643=EDGE_CURVE('',#3766,#3765,#1527,.T.);
#4644=EDGE_CURVE('',#3605,#3766,#1528,.T.);
#4645=EDGE_CURVE('',#3604,#3730,#1529,.T.);
#4646=EDGE_CURVE('',#3767,#3701,#119,.T.);
#4647=EDGE_CURVE('',#3700,#3768,#120,.T.);
#4648=EDGE_CURVE('',#3767,#3768,#121,.T.);
#4649=EDGE_CURVE('',#3769,#3767,#1530,.T.);
#4650=EDGE_CURVE('',#3546,#3769,#1531,.T.);
#4651=EDGE_CURVE('',#3545,#3702,#1532,.T.);
#4652=EDGE_CURVE('',#3770,#3689,#122,.T.);
#4653=EDGE_CURVE('',#3688,#3771,#123,.T.);
#4654=EDGE_CURVE('',#3770,#3771,#124,.T.);
#4655=EDGE_CURVE('',#3609,#3687,#1533,.T.);
#4656=EDGE_CURVE('',#3607,#3772,#1534,.T.);
#4657=EDGE_CURVE('',#3771,#3772,#1535,.T.);
#4658=EDGE_CURVE('',#3757,#3773,#1536,.T.);
#4659=EDGE_CURVE('',#3773,#3774,#196,.T.);
#4660=EDGE_CURVE('',#3774,#3769,#197,.T.);
#4661=EDGE_CURVE('',#3768,#3775,#1537,.T.);
#4662=EDGE_CURVE('',#3775,#3747,#198,.T.);
#4663=EDGE_CURVE('',#3746,#3776,#1538,.T.);
#4664=EDGE_CURVE('',#3776,#3777,#199,.T.);
#4665=EDGE_CURVE('',#3777,#3766,#200,.T.);
#4666=EDGE_CURVE('',#3764,#3778,#1539,.T.);
#4667=EDGE_CURVE('',#3778,#3753,#201,.T.);
#4668=EDGE_CURVE('',#3752,#3779,#1540,.T.);
#4669=EDGE_CURVE('',#3779,#3750,#202,.T.);
#4670=EDGE_CURVE('',#3749,#3780,#1541,.T.);
#4671=EDGE_CURVE('',#3780,#3763,#203,.T.);
#4672=EDGE_CURVE('',#3762,#3781,#1542,.T.);
#4673=EDGE_CURVE('',#3781,#3760,#204,.T.);
#4674=EDGE_CURVE('',#3759,#3782,#1543,.T.);
#4675=EDGE_CURVE('',#3782,#3783,#205,.T.);
#4676=EDGE_CURVE('',#3783,#3784,#206,.T.);
#4677=EDGE_CURVE('',#3784,#3770,#1544,.T.);
#4678=EDGE_CURVE('',#3772,#3756,#207,.T.);
#4679=EDGE_CURVE('',#3755,#3785,#1545,.T.);
#4680=EDGE_CURVE('',#3785,#3664,#208,.T.);
#4681=EDGE_CURVE('',#3786,#3787,#209,.T.);
#4682=EDGE_CURVE('',#3787,#3788,#210,.T.);
#4683=EDGE_CURVE('',#3788,#3789,#211,.T.);
#4684=EDGE_CURVE('',#3789,#3786,#212,.T.);
#4685=EDGE_CURVE('',#3622,#3679,#1546,.T.);
#4686=EDGE_CURVE('',#3624,#3678,#1547,.T.);
#4687=EDGE_CURVE('',#3625,#3645,#1548,.T.);
#4688=EDGE_CURVE('',#3626,#3656,#1549,.T.);
#4689=EDGE_CURVE('',#3627,#3669,#1550,.T.);
#4690=EDGE_CURVE('',#3623,#3680,#1551,.T.);
#4691=EDGE_CURVE('',#3618,#3740,#1552,.T.);
#4692=EDGE_CURVE('',#3575,#3739,#1553,.T.);
#4693=EDGE_CURVE('',#3573,#3736,#1554,.T.);
#4694=EDGE_CURVE('',#3566,#3726,#1555,.T.);
#4695=EDGE_CURVE('',#3594,#3725,#1556,.T.);
#4696=EDGE_CURVE('',#3593,#3652,#1557,.T.);
#4697=EDGE_CURVE('',#3620,#3651,#1558,.T.);
#4698=EDGE_CURVE('',#3621,#3650,#1559,.T.);
#4699=EDGE_CURVE('',#3598,#3649,#1560,.T.);
#4700=EDGE_CURVE('',#3597,#3708,#1561,.T.);
#4701=EDGE_CURVE('',#3581,#3707,#1562,.T.);
#4702=EDGE_CURVE('',#3579,#3722,#1563,.T.);
#4703=EDGE_CURVE('',#3576,#3742,#1564,.T.);
#4704=EDGE_CURVE('',#3619,#3741,#1565,.T.);
#4705=EDGE_CURVE('',#3612,#3655,#1566,.T.);
#4706=EDGE_CURVE('',#3614,#3654,#1567,.T.);
#4707=EDGE_CURVE('',#3615,#3697,#1568,.T.);
#4708=EDGE_CURVE('',#3616,#3706,#1569,.T.);
#4709=EDGE_CURVE('',#3617,#3705,#1570,.T.);
#4710=EDGE_CURVE('',#3613,#3704,#1571,.T.);
#4711=EDGE_CURVE('',#3544,#3703,#1572,.T.);
#4712=EDGE_CURVE('',#3543,#3691,#1573,.T.);
#4713=EDGE_CURVE('',#3539,#3670,#1574,.T.);
#4714=EDGE_CURVE('',#3610,#3686,#1575,.T.);
#4715=EDGE_CURVE('',#3603,#3731,#1576,.T.);
#4716=EDGE_CURVE('',#3606,#3777,#1577,.T.);
#4717=EDGE_CURVE('',#3602,#3776,#1578,.T.);
#4718=EDGE_CURVE('',#3601,#3718,#1579,.T.);
#4719=EDGE_CURVE('',#3595,#3709,#1580,.T.);
#4720=EDGE_CURVE('',#3599,#3648,#1581,.T.);
#4721=EDGE_CURVE('',#3547,#3647,#1582,.T.);
#4722=EDGE_CURVE('',#3548,#3682,#1583,.T.);
#4723=EDGE_CURVE('',#3555,#3681,#1584,.T.);
#4724=EDGE_CURVE('',#3553,#3694,#1585,.T.);
#4725=EDGE_CURVE('',#3587,#3712,#1586,.T.);
#4726=EDGE_CURVE('',#3600,#3711,#1587,.T.);
#4727=EDGE_CURVE('',#3596,#3710,#1588,.T.);
#4728=EDGE_CURVE('',#3589,#3733,#1589,.T.);
#4729=EDGE_CURVE('',#3591,#3732,#1590,.T.);
#4730=EDGE_CURVE('',#3571,#3698,#1591,.T.);
#4731=EDGE_CURVE('',#3592,#3653,#1592,.T.);
#4732=EDGE_CURVE('',#3590,#3734,#1593,.T.);
#4733=EDGE_CURVE('',#3586,#3713,#1594,.T.);
#4734=EDGE_CURVE('',#3584,#3781,#1595,.T.);
#4735=EDGE_CURVE('',#3530,#3774,#1596,.T.);
#4736=EDGE_CURVE('',#3660,#3773,#1597,.T.);
#4737=EDGE_CURVE('',#3529,#3785,#1598,.T.);
#4738=EDGE_CURVE('',#3580,#3780,#1599,.T.);
#4739=EDGE_CURVE('',#3574,#3779,#1600,.T.);
#4740=EDGE_CURVE('',#3570,#3699,#1601,.T.);
#4741=EDGE_CURVE('',#3568,#3775,#1602,.T.);
#4742=EDGE_CURVE('',#3565,#3727,#1603,.T.);
#4743=EDGE_CURVE('',#3563,#3778,#1604,.T.);
#4744=EDGE_CURVE('',#3559,#3786,#1605,.T.);
#4745=EDGE_CURVE('',#3561,#3789,#1606,.T.);
#4746=EDGE_CURVE('',#3562,#3788,#1607,.T.);
#4747=EDGE_CURVE('',#3560,#3787,#1608,.T.);
#4748=EDGE_CURVE('',#3556,#3690,#1609,.T.);
#4749=EDGE_CURVE('',#3557,#3784,#1610,.T.);
#4750=EDGE_CURVE('',#3558,#3783,#1611,.T.);
#4751=EDGE_CURVE('',#3554,#3782,#1612,.T.);
#4752=EDGE_CURVE('',#3549,#3646,#1613,.T.);
#4753=EDGE_CURVE('',#3532,#3677,#1614,.T.);
#4754=EDGE_CURVE('',#3531,#3666,#1615,.T.);
#4755=EDGE_CURVE('',#3550,#3685,#1616,.T.);
#4756=EDGE_CURVE('',#3551,#3684,#1617,.T.);
#4757=EDGE_CURVE('',#3552,#3683,#1618,.T.);
#4758=EDGE_CURVE('',#3538,#3671,#1619,.T.);
#4759=EDGE_CURVE('',#3533,#3676,#1620,.T.);
#4760=EDGE_CURVE('',#3534,#3675,#1621,.T.);
#4761=EDGE_CURVE('',#3535,#3743,#1622,.T.);
#4762=EDGE_CURVE('',#3520,#3631,#1623,.T.);
#4763=EDGE_CURVE('',#3518,#3633,#1624,.T.);
#4764=EDGE_CURVE('',#3516,#3635,#1625,.T.);
#4765=EDGE_CURVE('',#3514,#3637,#1626,.T.);
#4766=EDGE_CURVE('',#3512,#3639,#1627,.T.);
#4767=EDGE_CURVE('',#3790,#3791,#1628,.T.);
#4768=EDGE_CURVE('',#3791,#3792,#1629,.T.);
#4769=EDGE_CURVE('',#3792,#3793,#1630,.T.);
#4770=EDGE_CURVE('',#3790,#3793,#1631,.T.);
#4771=EDGE_CURVE('',#3791,#3794,#1632,.T.);
#4772=EDGE_CURVE('',#3794,#3795,#1633,.T.);
#4773=EDGE_CURVE('',#3795,#3792,#1634,.T.);
#4774=EDGE_CURVE('',#3794,#3796,#1635,.T.);
#4775=EDGE_CURVE('',#3796,#3797,#1636,.T.);
#4776=EDGE_CURVE('',#3797,#3795,#1637,.T.);
#4777=EDGE_CURVE('',#3796,#3798,#1638,.T.);
#4778=EDGE_CURVE('',#3798,#3799,#1639,.T.);
#4779=EDGE_CURVE('',#3799,#3797,#1640,.T.);
#4780=EDGE_CURVE('',#3798,#3800,#1641,.T.);
#4781=EDGE_CURVE('',#3800,#3801,#1642,.T.);
#4782=EDGE_CURVE('',#3801,#3799,#1643,.T.);
#4783=EDGE_CURVE('',#3800,#3802,#1644,.T.);
#4784=EDGE_CURVE('',#3802,#3803,#1645,.T.);
#4785=EDGE_CURVE('',#3803,#3801,#1646,.T.);
#4786=EDGE_CURVE('',#3802,#3804,#1647,.T.);
#4787=EDGE_CURVE('',#3804,#3805,#1648,.T.);
#4788=EDGE_CURVE('',#3805,#3803,#1649,.T.);
#4789=EDGE_CURVE('',#3806,#3805,#1650,.T.);
#4790=EDGE_CURVE('',#3804,#3807,#1651,.T.);
#4791=EDGE_CURVE('',#3807,#3806,#1652,.T.);
#4792=EDGE_CURVE('',#3808,#3806,#1653,.T.);
#4793=EDGE_CURVE('',#3807,#3809,#1654,.T.);
#4794=EDGE_CURVE('',#3809,#3808,#1655,.T.);
#4795=EDGE_CURVE('',#3810,#3808,#1656,.T.);
#4796=EDGE_CURVE('',#3809,#3811,#1657,.T.);
#4797=EDGE_CURVE('',#3811,#3810,#1658,.T.);
#4798=EDGE_CURVE('',#3812,#3810,#1659,.T.);
#4799=EDGE_CURVE('',#3811,#3813,#1660,.T.);
#4800=EDGE_CURVE('',#3813,#3812,#1661,.T.);
#4801=EDGE_CURVE('',#3793,#3812,#1662,.T.);
#4802=EDGE_CURVE('',#3813,#3790,#1663,.T.);
#4803=EDGE_CURVE('',#3814,#3806,#1664,.T.);
#4804=EDGE_CURVE('',#3814,#3815,#1665,.T.);
#4805=EDGE_CURVE('',#3815,#3805,#1666,.T.);
#4806=EDGE_CURVE('',#3816,#3808,#1667,.T.);
#4807=EDGE_CURVE('',#3816,#3814,#1668,.T.);
#4808=EDGE_CURVE('',#3817,#3810,#1669,.T.);
#4809=EDGE_CURVE('',#3817,#3816,#1670,.T.);
#4810=EDGE_CURVE('',#3818,#3812,#1671,.T.);
#4811=EDGE_CURVE('',#3818,#3817,#1672,.T.);
#4812=EDGE_CURVE('',#3819,#3793,#1673,.T.);
#4813=EDGE_CURVE('',#3819,#3818,#1674,.T.);
#4814=EDGE_CURVE('',#3820,#3792,#1675,.T.);
#4815=EDGE_CURVE('',#3820,#3819,#1676,.T.);
#4816=EDGE_CURVE('',#3821,#3822,#1677,.T.);
#4817=EDGE_CURVE('',#3822,#3823,#1678,.T.);
#4818=EDGE_CURVE('',#3823,#3824,#1679,.T.);
#4819=EDGE_CURVE('',#3824,#3825,#1680,.T.);
#4820=EDGE_CURVE('',#3825,#3826,#1681,.T.);
#4821=EDGE_CURVE('',#3826,#3827,#1682,.T.);
#4822=EDGE_CURVE('',#3827,#3828,#1683,.T.);
#4823=EDGE_CURVE('',#3828,#3829,#1684,.T.);
#4824=EDGE_CURVE('',#3829,#3830,#1685,.T.);
#4825=EDGE_CURVE('',#3830,#3831,#1686,.T.);
#4826=EDGE_CURVE('',#3831,#3832,#1687,.T.);
#4827=EDGE_CURVE('',#3832,#3821,#1688,.T.);
#4828=EDGE_CURVE('',#3833,#3834,#1689,.T.);
#4829=EDGE_CURVE('',#3835,#3833,#1690,.T.);
#4830=EDGE_CURVE('',#3835,#3836,#1691,.T.);
#4831=EDGE_CURVE('',#3834,#3836,#1692,.T.);
#4832=EDGE_CURVE('',#3837,#3835,#1693,.T.);
#4833=EDGE_CURVE('',#3838,#3837,#213,.T.);
#4834=EDGE_CURVE('',#3836,#3838,#1694,.T.);
#4835=EDGE_CURVE('',#3833,#3839,#1695,.T.);
#4836=EDGE_CURVE('',#3839,#3840,#1696,.T.);
#4837=EDGE_CURVE('',#3841,#3840,#1697,.T.);
#4838=EDGE_CURVE('',#3842,#3841,#1698,.T.);
#4839=EDGE_CURVE('',#3837,#3842,#1699,.T.);
#4840=EDGE_CURVE('',#3843,#3844,#1700,.T.);
#4841=EDGE_CURVE('',#3844,#3845,#1701,.T.);
#4842=EDGE_CURVE('',#3845,#3846,#1702,.T.);
#4843=EDGE_CURVE('',#3846,#3843,#1703,.T.);
#4844=EDGE_CURVE('',#3847,#3845,#1704,.T.);
#4845=EDGE_CURVE('',#3848,#3844,#1705,.T.);
#4846=EDGE_CURVE('',#3848,#3849,#1706,.T.);
#4847=EDGE_CURVE('',#3849,#3850,#1707,.T.);
#4848=EDGE_CURVE('',#3851,#3850,#1708,.T.);
#4849=EDGE_CURVE('',#3852,#3851,#1709,.T.);
#4850=EDGE_CURVE('',#3852,#3853,#1710,.T.);
#4851=EDGE_CURVE('',#3853,#3854,#1711,.T.);
#4852=EDGE_CURVE('',#3855,#3854,#1712,.T.);
#4853=EDGE_CURVE('',#3856,#3855,#1713,.T.);
#4854=EDGE_CURVE('',#3856,#3857,#1714,.T.);
#4855=EDGE_CURVE('',#3857,#3824,#1715,.T.);
#4856=EDGE_CURVE('',#3858,#3823,#1716,.T.);
#4857=EDGE_CURVE('',#3858,#3847,#1717,.T.);
#4858=EDGE_CURVE('',#3859,#3860,#1718,.T.);
#4859=EDGE_CURVE('',#3860,#3861,#1719,.T.);
#4860=EDGE_CURVE('',#3861,#3862,#1720,.T.);
#4861=EDGE_CURVE('',#3862,#3859,#1721,.T.);
#4862=EDGE_CURVE('',#3863,#3861,#1722,.T.);
#4863=EDGE_CURVE('',#3864,#3860,#1723,.T.);
#4864=EDGE_CURVE('',#3864,#3865,#1724,.T.);
#4865=EDGE_CURVE('',#3865,#3822,#1725,.T.);
#4866=EDGE_CURVE('',#3866,#3821,#1726,.T.);
#4867=EDGE_CURVE('',#3866,#3867,#1727,.T.);
#4868=EDGE_CURVE('',#3867,#3868,#1728,.T.);
#4869=EDGE_CURVE('',#3869,#3868,#1729,.T.);
#4870=EDGE_CURVE('',#3870,#3869,#1730,.T.);
#4871=EDGE_CURVE('',#3870,#3871,#1731,.T.);
#4872=EDGE_CURVE('',#3871,#3872,#1732,.T.);
#4873=EDGE_CURVE('',#3873,#3872,#1733,.T.);
#4874=EDGE_CURVE('',#3874,#3873,#1734,.T.);
#4875=EDGE_CURVE('',#3874,#3863,#1735,.T.);
#4876=EDGE_CURVE('',#3875,#3873,#1736,.T.);
#4877=EDGE_CURVE('',#3872,#3876,#1737,.T.);
#4878=EDGE_CURVE('',#3876,#3875,#1738,.T.);
#4879=EDGE_CURVE('',#3877,#3869,#1739,.T.);
#4880=EDGE_CURVE('',#3868,#3878,#1740,.T.);
#4881=EDGE_CURVE('',#3878,#3877,#1741,.T.);
#4882=EDGE_CURVE('',#3879,#3880,#1742,.T.);
#4883=EDGE_CURVE('',#3880,#3881,#1743,.T.);
#4884=EDGE_CURVE('',#3881,#3882,#1744,.T.);
#4885=EDGE_CURVE('',#3882,#3879,#1745,.T.);
#4886=EDGE_CURVE('',#3883,#3881,#1746,.T.);
#4887=EDGE_CURVE('',#3884,#3880,#1747,.T.);
#4888=EDGE_CURVE('',#3884,#3885,#1748,.T.);
#4889=EDGE_CURVE('',#3885,#3832,#1749,.T.);
#4890=EDGE_CURVE('',#3886,#3831,#1750,.T.);
#4891=EDGE_CURVE('',#3886,#3887,#1751,.T.);
#4892=EDGE_CURVE('',#3887,#3888,#1752,.T.);
#4893=EDGE_CURVE('',#3889,#3888,#1753,.T.);
#4894=EDGE_CURVE('',#3890,#3889,#1754,.T.);
#4895=EDGE_CURVE('',#3890,#3891,#1755,.T.);
#4896=EDGE_CURVE('',#3891,#3892,#1756,.T.);
#4897=EDGE_CURVE('',#3840,#3892,#1757,.T.);
#4898=EDGE_CURVE('',#3839,#3883,#1758,.T.);
#4899=EDGE_CURVE('',#3892,#3893,#1759,.T.);
#4900=EDGE_CURVE('',#3893,#3841,#1760,.T.);
#4901=EDGE_CURVE('',#3894,#3889,#1761,.T.);
#4902=EDGE_CURVE('',#3888,#3895,#1762,.T.);
#4903=EDGE_CURVE('',#3895,#3894,#1763,.T.);
#4904=EDGE_CURVE('',#3896,#3897,#1764,.T.);
#4905=EDGE_CURVE('',#3897,#3898,#1765,.T.);
#4906=EDGE_CURVE('',#3898,#3899,#1766,.T.);
#4907=EDGE_CURVE('',#3899,#3896,#1767,.T.);
#4908=EDGE_CURVE('',#3900,#3898,#1768,.T.);
#4909=EDGE_CURVE('',#3901,#3897,#1769,.T.);
#4910=EDGE_CURVE('',#3901,#3902,#1770,.T.);
#4911=EDGE_CURVE('',#3902,#3830,#1771,.T.);
#4912=EDGE_CURVE('',#3903,#3829,#1772,.T.);
#4913=EDGE_CURVE('',#3903,#3904,#1773,.T.);
#4914=EDGE_CURVE('',#3904,#3905,#1774,.T.);
#4915=EDGE_CURVE('',#3906,#3905,#1775,.T.);
#4916=EDGE_CURVE('',#3907,#3906,#1776,.T.);
#4917=EDGE_CURVE('',#3907,#3908,#1777,.T.);
#4918=EDGE_CURVE('',#3908,#3909,#1778,.T.);
#4919=EDGE_CURVE('',#3910,#3909,#1779,.T.);
#4920=EDGE_CURVE('',#3911,#3910,#1780,.T.);
#4921=EDGE_CURVE('',#3911,#3900,#1781,.T.);
#4922=EDGE_CURVE('',#3912,#3910,#1782,.T.);
#4923=EDGE_CURVE('',#3909,#3913,#1783,.T.);
#4924=EDGE_CURVE('',#3913,#3912,#1784,.T.);
#4925=EDGE_CURVE('',#3914,#3906,#1785,.T.);
#4926=EDGE_CURVE('',#3905,#3915,#1786,.T.);
#4927=EDGE_CURVE('',#3915,#3914,#1787,.T.);
#4928=EDGE_CURVE('',#3916,#3917,#1788,.T.);
#4929=EDGE_CURVE('',#3917,#3918,#1789,.T.);
#4930=EDGE_CURVE('',#3918,#3919,#1790,.T.);
#4931=EDGE_CURVE('',#3919,#3916,#1791,.T.);
#4932=EDGE_CURVE('',#3920,#3918,#1792,.T.);
#4933=EDGE_CURVE('',#3921,#3917,#1793,.T.);
#4934=EDGE_CURVE('',#3921,#3922,#1794,.T.);
#4935=EDGE_CURVE('',#3922,#3828,#1795,.T.);
#4936=EDGE_CURVE('',#3923,#3827,#1796,.T.);
#4937=EDGE_CURVE('',#3923,#3924,#1797,.T.);
#4938=EDGE_CURVE('',#3924,#3925,#1798,.T.);
#4939=EDGE_CURVE('',#3926,#3925,#1799,.T.);
#4940=EDGE_CURVE('',#3927,#3926,#1800,.T.);
#4941=EDGE_CURVE('',#3927,#3928,#1801,.T.);
#4942=EDGE_CURVE('',#3928,#3929,#1802,.T.);
#4943=EDGE_CURVE('',#3930,#3929,#1803,.T.);
#4944=EDGE_CURVE('',#3931,#3930,#1804,.T.);
#4945=EDGE_CURVE('',#3931,#3920,#1805,.T.);
#4946=EDGE_CURVE('',#3932,#3930,#1806,.T.);
#4947=EDGE_CURVE('',#3929,#3933,#1807,.T.);
#4948=EDGE_CURVE('',#3933,#3932,#1808,.T.);
#4949=EDGE_CURVE('',#3934,#3926,#1809,.T.);
#4950=EDGE_CURVE('',#3925,#3935,#1810,.T.);
#4951=EDGE_CURVE('',#3935,#3934,#1811,.T.);
#4952=EDGE_CURVE('',#3936,#3937,#1812,.T.);
#4953=EDGE_CURVE('',#3937,#3938,#1813,.T.);
#4954=EDGE_CURVE('',#3938,#3939,#1814,.T.);
#4955=EDGE_CURVE('',#3939,#3936,#1815,.T.);
#4956=EDGE_CURVE('',#3935,#3938,#1816,.T.);
#4957=EDGE_CURVE('',#3937,#3934,#1817,.T.);
#4958=EDGE_CURVE('',#3940,#3941,#1818,.T.);
#4959=EDGE_CURVE('',#3941,#3942,#1819,.T.);
#4960=EDGE_CURVE('',#3942,#3943,#1820,.T.);
#4961=EDGE_CURVE('',#3943,#3940,#1821,.T.);
#4962=EDGE_CURVE('',#3944,#3939,#1822,.T.);
#4963=EDGE_CURVE('',#3944,#3945,#1823,.T.);
#4964=EDGE_CURVE('',#3945,#3826,#1824,.T.);
#4965=EDGE_CURVE('',#3946,#3825,#1825,.T.);
#4966=EDGE_CURVE('',#3946,#3947,#1826,.T.);
#4967=EDGE_CURVE('',#3947,#3948,#1827,.T.);
#4968=EDGE_CURVE('',#3949,#3948,#1828,.T.);
#4969=EDGE_CURVE('',#3950,#3949,#1829,.T.);
#4970=EDGE_CURVE('',#3950,#3951,#1830,.T.);
#4971=EDGE_CURVE('',#3951,#3942,#1831,.T.);
#4972=EDGE_CURVE('',#3952,#3941,#1832,.T.);
#4973=EDGE_CURVE('',#3952,#3953,#1833,.T.);
#4974=EDGE_CURVE('',#3953,#3936,#1834,.T.);
#4975=EDGE_CURVE('',#3954,#3949,#1835,.T.);
#4976=EDGE_CURVE('',#3948,#3955,#1836,.T.);
#4977=EDGE_CURVE('',#3955,#3954,#1837,.T.);
#4978=EDGE_CURVE('',#3956,#3855,#1838,.T.);
#4979=EDGE_CURVE('',#3854,#3957,#1839,.T.);
#4980=EDGE_CURVE('',#3957,#3956,#1840,.T.);
#4981=EDGE_CURVE('',#3958,#3851,#1841,.T.);
#4982=EDGE_CURVE('',#3850,#3959,#1842,.T.);
#4983=EDGE_CURVE('',#3959,#3958,#1843,.T.);
#4984=EDGE_CURVE('',#3878,#3960,#1844,.T.);
#4985=EDGE_CURVE('',#3960,#3961,#214,.T.);
#4986=EDGE_CURVE('',#3961,#3879,#1845,.T.);
#4987=EDGE_CURVE('',#3882,#3962,#1846,.T.);
#4988=EDGE_CURVE('',#3962,#3963,#215,.T.);
#4989=EDGE_CURVE('',#3963,#3964,#1847,.T.);
#4990=EDGE_CURVE('',#3964,#3965,#1848,.T.);
#4991=EDGE_CURVE('',#3965,#3966,#1849,.T.);
#4992=EDGE_CURVE('',#3966,#3967,#216,.T.);
#4993=EDGE_CURVE('',#3967,#3877,#1850,.T.);
#4994=EDGE_CURVE('',#3846,#3968,#1851,.T.);
#4995=EDGE_CURVE('',#3968,#3969,#1852,.T.);
#4996=EDGE_CURVE('',#3969,#3859,#1853,.T.);
#4997=EDGE_CURVE('',#3862,#3970,#1854,.T.);
#4998=EDGE_CURVE('',#3970,#3971,#1855,.T.);
#4999=EDGE_CURVE('',#3971,#3972,#217,.T.);
#5000=EDGE_CURVE('',#3972,#3875,#1856,.T.);
#5001=EDGE_CURVE('',#3876,#3973,#1857,.T.);
#5002=EDGE_CURVE('',#3973,#3842,#218,.T.);
#5003=EDGE_CURVE('',#3893,#3974,#1858,.T.);
#5004=EDGE_CURVE('',#3974,#3975,#219,.T.);
#5005=EDGE_CURVE('',#3975,#3976,#220,.T.);
#5006=EDGE_CURVE('',#3976,#3977,#1859,.T.);
#5007=EDGE_CURVE('',#3977,#3894,#1860,.T.);
#5008=EDGE_CURVE('',#3895,#3978,#1861,.T.);
#5009=EDGE_CURVE('',#3978,#3979,#1862,.T.);
#5010=EDGE_CURVE('',#3979,#3896,#1863,.T.);
#5011=EDGE_CURVE('',#3899,#3980,#1864,.T.);
#5012=EDGE_CURVE('',#3980,#3981,#1865,.T.);
#5013=EDGE_CURVE('',#3981,#3982,#221,.T.);
#5014=EDGE_CURVE('',#3982,#3912,#1866,.T.);
#5015=EDGE_CURVE('',#3913,#3983,#1867,.T.);
#5016=EDGE_CURVE('',#3983,#3984,#222,.T.);
#5017=EDGE_CURVE('',#3984,#3985,#223,.T.);
#5018=EDGE_CURVE('',#3985,#3986,#1868,.T.);
#5019=EDGE_CURVE('',#3986,#3914,#1869,.T.);
#5020=EDGE_CURVE('',#3915,#3987,#1870,.T.);
#5021=EDGE_CURVE('',#3987,#3988,#224,.T.);
#5022=EDGE_CURVE('',#3988,#3916,#1871,.T.);
#5023=EDGE_CURVE('',#3919,#3989,#1872,.T.);
#5024=EDGE_CURVE('',#3989,#3990,#1873,.T.);
#5025=EDGE_CURVE('',#3990,#3991,#225,.T.);
#5026=EDGE_CURVE('',#3991,#3932,#1874,.T.);
#5027=EDGE_CURVE('',#3933,#3992,#1875,.T.);
#5028=EDGE_CURVE('',#3992,#3993,#226,.T.);
#5029=EDGE_CURVE('',#3993,#3940,#1876,.T.);
#5030=EDGE_CURVE('',#3943,#3994,#1877,.T.);
#5031=EDGE_CURVE('',#3994,#3995,#227,.T.);
#5032=EDGE_CURVE('',#3995,#3996,#1878,.T.);
#5033=EDGE_CURVE('',#3996,#3954,#1879,.T.);
#5034=EDGE_CURVE('',#3955,#3997,#1880,.T.);
#5035=EDGE_CURVE('',#3997,#3998,#228,.T.);
#5036=EDGE_CURVE('',#3998,#3956,#1881,.T.);
#5037=EDGE_CURVE('',#3957,#3999,#1882,.T.);
#5038=EDGE_CURVE('',#3999,#4000,#1883,.T.);
#5039=EDGE_CURVE('',#4000,#4001,#229,.T.);
#5040=EDGE_CURVE('',#4001,#3958,#1884,.T.);
#5041=EDGE_CURVE('',#3959,#4002,#1885,.T.);
#5042=EDGE_CURVE('',#4002,#4003,#230,.T.);
#5043=EDGE_CURVE('',#4003,#4004,#231,.T.);
#5044=EDGE_CURVE('',#4004,#4005,#1886,.T.);
#5045=EDGE_CURVE('',#4005,#3843,#1887,.T.);
#5046=EDGE_CURVE('',#4006,#4007,#232,.T.);
#5047=EDGE_CURVE('',#4007,#4008,#233,.T.);
#5048=EDGE_CURVE('',#4008,#4009,#234,.T.);
#5049=EDGE_CURVE('',#4009,#4006,#235,.T.);
#5050=EDGE_CURVE('',#3947,#4010,#1888,.T.);
#5051=EDGE_CURVE('',#4010,#3997,#1889,.T.);
#5052=EDGE_CURVE('',#3857,#3946,#1890,.T.);
#5053=EDGE_CURVE('',#4011,#3856,#1891,.T.);
#5054=EDGE_CURVE('',#4011,#3998,#1892,.T.);
#5055=EDGE_CURVE('',#4010,#4011,#236,.T.);
#5056=EDGE_CURVE('',#3867,#4012,#1893,.T.);
#5057=EDGE_CURVE('',#4012,#3960,#1894,.T.);
#5058=EDGE_CURVE('',#3885,#3866,#1895,.T.);
#5059=EDGE_CURVE('',#4013,#3884,#1896,.T.);
#5060=EDGE_CURVE('',#4013,#3961,#1897,.T.);
#5061=EDGE_CURVE('',#4012,#4013,#237,.T.);
#5062=EDGE_CURVE('',#4014,#4015,#238,.T.);
#5063=EDGE_CURVE('',#4015,#4006,#1898,.T.);
#5064=EDGE_CURVE('',#4014,#4009,#1899,.T.);
#5065=EDGE_CURVE('',#4016,#4014,#239,.T.);
#5066=EDGE_CURVE('',#4016,#4008,#1900,.T.);
#5067=EDGE_CURVE('',#4017,#4016,#240,.T.);
#5068=EDGE_CURVE('',#4017,#4007,#1901,.T.);
#5069=EDGE_CURVE('',#4015,#4017,#241,.T.);
#5070=EDGE_CURVE('',#4018,#4019,#1902,.T.);
#5071=EDGE_CURVE('',#4019,#3981,#1903,.T.);
#5072=EDGE_CURVE('',#4018,#3980,#1904,.T.);
#5073=EDGE_CURVE('',#3900,#4018,#1905,.T.);
#5074=EDGE_CURVE('',#4020,#3911,#1906,.T.);
#5075=EDGE_CURVE('',#4020,#3982,#1907,.T.);
#5076=EDGE_CURVE('',#4019,#4020,#242,.T.);
#5077=EDGE_CURVE('',#4021,#4022,#1908,.T.);
#5078=EDGE_CURVE('',#4022,#3964,#1909,.T.);
#5079=EDGE_CURVE('',#4021,#3963,#1910,.T.);
#5080=EDGE_CURVE('',#4023,#4021,#243,.T.);
#5081=EDGE_CURVE('',#4023,#3962,#1911,.T.);
#5082=EDGE_CURVE('',#3883,#4023,#1912,.T.);
#5083=EDGE_CURVE('',#3871,#4024,#1913,.T.);
#5084=EDGE_CURVE('',#4024,#3973,#1914,.T.);
#5085=EDGE_CURVE('',#4025,#3870,#1915,.T.);
#5086=EDGE_CURVE('',#4025,#3967,#1916,.T.);
#5087=EDGE_CURVE('',#4026,#4025,#244,.T.);
#5088=EDGE_CURVE('',#4026,#3966,#1917,.T.);
#5089=EDGE_CURVE('',#4027,#4026,#1918,.T.);
#5090=EDGE_CURVE('',#4027,#3965,#1919,.T.);
#5091=EDGE_CURVE('',#4022,#4027,#1920,.T.);
#5092=EDGE_CURVE('',#3865,#3858,#1921,.T.);
#5093=EDGE_CURVE('',#4028,#3864,#1922,.T.);
#5094=EDGE_CURVE('',#4028,#3969,#1923,.T.);
#5095=EDGE_CURVE('',#4029,#4028,#1924,.T.);
#5096=EDGE_CURVE('',#4029,#3968,#1925,.T.);
#5097=EDGE_CURVE('',#3847,#4029,#1926,.T.);
#5098=EDGE_CURVE('',#4030,#3848,#1927,.T.);
#5099=EDGE_CURVE('',#4030,#4005,#1928,.T.);
#5100=EDGE_CURVE('',#4031,#4030,#1929,.T.);
#5101=EDGE_CURVE('',#4031,#4004,#1930,.T.);
#5102=EDGE_CURVE('',#4032,#4031,#245,.T.);
#5103=EDGE_CURVE('',#4032,#4003,#1931,.T.);
#5104=EDGE_CURVE('',#4033,#4032,#246,.T.);
#5105=EDGE_CURVE('',#4033,#4002,#1932,.T.);
#5106=EDGE_CURVE('',#3849,#4033,#1933,.T.);
#5107=EDGE_CURVE('',#3904,#4034,#1934,.T.);
#5108=EDGE_CURVE('',#4034,#3987,#1935,.T.);
#5109=EDGE_CURVE('',#3922,#3903,#1936,.T.);
#5110=EDGE_CURVE('',#4035,#3921,#1937,.T.);
#5111=EDGE_CURVE('',#4035,#3988,#1938,.T.);
#5112=EDGE_CURVE('',#4034,#4035,#247,.T.);
#5113=EDGE_CURVE('',#4036,#3890,#1939,.T.);
#5114=EDGE_CURVE('',#4036,#3977,#1940,.T.);
#5115=EDGE_CURVE('',#4037,#4036,#1941,.T.);
#5116=EDGE_CURVE('',#4037,#3976,#1942,.T.);
#5117=EDGE_CURVE('',#4038,#4037,#248,.T.);
#5118=EDGE_CURVE('',#4038,#3975,#1943,.T.);
#5119=EDGE_CURVE('',#4024,#4038,#249,.T.);
#5120=EDGE_CURVE('',#3838,#3974,#1944,.T.);
#5121=EDGE_CURVE('',#3891,#3834,#1945,.T.);
#5122=EDGE_CURVE('',#4039,#4040,#1946,.T.);
#5123=EDGE_CURVE('',#4040,#3990,#1947,.T.);
#5124=EDGE_CURVE('',#4039,#3989,#1948,.T.);
#5125=EDGE_CURVE('',#3920,#4039,#1949,.T.);
#5126=EDGE_CURVE('',#4041,#3931,#1950,.T.);
#5127=EDGE_CURVE('',#4041,#3991,#1951,.T.);
#5128=EDGE_CURVE('',#4040,#4041,#250,.T.);
#5129=EDGE_CURVE('',#3953,#3927,#1952,.T.);
#5130=EDGE_CURVE('',#4042,#3952,#1953,.T.);
#5131=EDGE_CURVE('',#4042,#3993,#1954,.T.);
#5132=EDGE_CURVE('',#4043,#4042,#251,.T.);
#5133=EDGE_CURVE('',#4043,#3992,#1955,.T.);
#5134=EDGE_CURVE('',#3928,#4043,#1956,.T.);
#5135=EDGE_CURVE('',#3945,#3923,#1957,.T.);
#5136=EDGE_CURVE('',#3924,#3944,#1958,.T.);
#5137=EDGE_CURVE('',#4044,#3907,#1959,.T.);
#5138=EDGE_CURVE('',#4044,#3986,#1960,.T.);
#5139=EDGE_CURVE('',#4045,#4044,#1961,.T.);
#5140=EDGE_CURVE('',#4045,#3985,#1962,.T.);
#5141=EDGE_CURVE('',#4046,#4045,#252,.T.);
#5142=EDGE_CURVE('',#4046,#3984,#1963,.T.);
#5143=EDGE_CURVE('',#4047,#4046,#253,.T.);
#5144=EDGE_CURVE('',#4047,#3983,#1964,.T.);
#5145=EDGE_CURVE('',#3908,#4047,#1965,.T.);
#5146=EDGE_CURVE('',#4048,#3950,#1966,.T.);
#5147=EDGE_CURVE('',#4048,#3996,#1967,.T.);
#5148=EDGE_CURVE('',#4049,#4048,#1968,.T.);
#5149=EDGE_CURVE('',#4049,#3995,#1969,.T.);
#5150=EDGE_CURVE('',#4050,#4049,#254,.T.);
#5151=EDGE_CURVE('',#4050,#3994,#1970,.T.);
#5152=EDGE_CURVE('',#3951,#4050,#1971,.T.);
#5153=EDGE_CURVE('',#4051,#4052,#1972,.T.);
#5154=EDGE_CURVE('',#4052,#4000,#1973,.T.);
#5155=EDGE_CURVE('',#4051,#3999,#1974,.T.);
#5156=EDGE_CURVE('',#3853,#4051,#1975,.T.);
#5157=EDGE_CURVE('',#4053,#3852,#1976,.T.);
#5158=EDGE_CURVE('',#4053,#4001,#1977,.T.);
#5159=EDGE_CURVE('',#4052,#4053,#255,.T.);
#5160=EDGE_CURVE('',#3902,#3886,#1978,.T.);
#5161=EDGE_CURVE('',#4054,#3901,#1979,.T.);
#5162=EDGE_CURVE('',#4054,#3979,#1980,.T.);
#5163=EDGE_CURVE('',#4055,#4054,#1981,.T.);
#5164=EDGE_CURVE('',#4055,#3978,#1982,.T.);
#5165=EDGE_CURVE('',#3887,#4055,#1983,.T.);
#5166=EDGE_CURVE('',#4056,#4057,#1984,.T.);
#5167=EDGE_CURVE('',#4057,#3971,#1985,.T.);
#5168=EDGE_CURVE('',#4056,#3970,#1986,.T.);
#5169=EDGE_CURVE('',#3863,#4056,#1987,.T.);
#5170=EDGE_CURVE('',#4058,#3874,#1988,.T.);
#5171=EDGE_CURVE('',#4058,#3972,#1989,.T.);
#5172=EDGE_CURVE('',#4057,#4058,#256,.T.);
#5173=EDGE_CURVE('',#4059,#3795,#1990,.T.);
#5174=EDGE_CURVE('',#4059,#3820,#1991,.T.);
#5175=EDGE_CURVE('',#4060,#3797,#1992,.T.);
#5176=EDGE_CURVE('',#4060,#4059,#1993,.T.);
#5177=EDGE_CURVE('',#4061,#3799,#1994,.T.);
#5178=EDGE_CURVE('',#4061,#4060,#1995,.T.);
#5179=EDGE_CURVE('',#4062,#3801,#1996,.T.);
#5180=EDGE_CURVE('',#4062,#4061,#1997,.T.);
#5181=EDGE_CURVE('',#4063,#3803,#1998,.T.);
#5182=EDGE_CURVE('',#4063,#4062,#1999,.T.);
#5183=EDGE_CURVE('',#3815,#4063,#2000,.T.);
#5184=EDGE_CURVE('',#4064,#4065,#2001,.T.);
#5185=EDGE_CURVE('',#4066,#4064,#2002,.T.);
#5186=EDGE_CURVE('',#4067,#4066,#2003,.T.);
#5187=EDGE_CURVE('',#4068,#4067,#2004,.T.);
#5188=EDGE_CURVE('',#4069,#4068,#2005,.T.);
#5189=EDGE_CURVE('',#4070,#4069,#2006,.T.);
#5190=EDGE_CURVE('',#4071,#4070,#2007,.T.);
#5191=EDGE_CURVE('',#4072,#4071,#2008,.T.);
#5192=EDGE_CURVE('',#4065,#4072,#2009,.T.);
#5193=EDGE_CURVE('',#4067,#4066,#257,.T.);
#5194=EDGE_CURVE('',#4065,#4073,#2010,.T.);
#5195=EDGE_CURVE('',#4073,#4074,#2011,.T.);
#5196=EDGE_CURVE('',#4064,#4074,#258,.T.);
#5197=EDGE_CURVE('',#4075,#4072,#2012,.T.);
#5198=EDGE_CURVE('',#4076,#4075,#2013,.T.);
#5199=EDGE_CURVE('',#4076,#4073,#2014,.T.);
#5200=EDGE_CURVE('',#4077,#4068,#259,.T.);
#5201=EDGE_CURVE('',#4078,#4077,#260,.T.);
#5202=EDGE_CURVE('',#4078,#4079,#2015,.T.);
#5203=EDGE_CURVE('',#4079,#4069,#2016,.T.);
#5204=EDGE_CURVE('',#4080,#4078,#2017,.T.);
#5205=EDGE_CURVE('',#4081,#4080,#2018,.T.);
#5206=EDGE_CURVE('',#4074,#4081,#2019,.T.);
#5207=EDGE_CURVE('',#4082,#4076,#2020,.T.);
#5208=EDGE_CURVE('',#4083,#4082,#2021,.T.);
#5209=EDGE_CURVE('',#4079,#4083,#2022,.T.);
#5210=EDGE_CURVE('',#4081,#4080,#261,.T.);
#5211=EDGE_CURVE('',#4084,#4083,#2023,.T.);
#5212=EDGE_CURVE('',#4070,#4084,#2024,.T.);
#5213=EDGE_CURVE('',#4084,#4085,#262,.T.);
#5214=EDGE_CURVE('',#4082,#4084,#263,.T.);
#5215=EDGE_CURVE('',#4075,#4082,#264,.T.);
#5216=EDGE_CURVE('',#4071,#4075,#265,.T.);
#5217=EDGE_CURVE('',#4085,#4071,#266,.T.);
#5218=EDGE_CURVE('',#4085,#4086,#2025,.T.);
#5219=EDGE_CURVE('',#4086,#4086,#267,.T.);
#5220=EDGE_CURVE('',#4087,#4088,#2026,.T.);
#5221=EDGE_CURVE('',#4088,#4089,#2027,.T.);
#5222=EDGE_CURVE('',#4089,#4090,#2028,.T.);
#5223=EDGE_CURVE('',#4090,#4091,#2029,.T.);
#5224=EDGE_CURVE('',#4091,#4092,#2030,.T.);
#5225=EDGE_CURVE('',#4092,#4093,#2031,.T.);
#5226=EDGE_CURVE('',#4094,#4093,#2032,.F.);
#5227=EDGE_CURVE('',#4094,#4095,#2033,.T.);
#5228=EDGE_CURVE('',#4096,#4095,#2034,.F.);
#5229=EDGE_CURVE('',#4096,#4097,#2035,.T.);
#5230=EDGE_CURVE('',#4097,#4098,#2036,.T.);
#5231=EDGE_CURVE('',#4098,#4099,#2037,.T.);
#5232=EDGE_CURVE('',#4099,#4100,#2038,.T.);
#5233=EDGE_CURVE('',#4100,#4101,#2039,.T.);
#5234=EDGE_CURVE('',#4101,#4102,#2040,.T.);
#5235=EDGE_CURVE('',#4102,#4103,#2041,.T.);
#5236=EDGE_CURVE('',#4103,#4104,#2042,.T.);
#5237=EDGE_CURVE('',#4104,#4105,#2043,.T.);
#5238=EDGE_CURVE('',#4105,#4106,#2044,.T.);
#5239=EDGE_CURVE('',#4106,#4107,#2045,.T.);
#5240=EDGE_CURVE('',#4107,#4108,#2046,.T.);
#5241=EDGE_CURVE('',#4108,#4087,#2047,.T.);
#5242=EDGE_CURVE('',#4109,#4109,#268,.T.);
#5243=EDGE_CURVE('',#4110,#4110,#269,.T.);
#5244=EDGE_CURVE('',#4111,#4112,#2048,.T.);
#5245=EDGE_CURVE('',#4113,#4111,#2049,.T.);
#5246=EDGE_CURVE('',#4114,#4113,#2050,.T.);
#5247=EDGE_CURVE('',#4115,#4114,#2051,.T.);
#5248=EDGE_CURVE('',#4116,#4115,#2052,.T.);
#5249=EDGE_CURVE('',#4117,#4116,#2053,.T.);
#5250=EDGE_CURVE('',#4118,#4117,#2054,.T.);
#5251=EDGE_CURVE('',#4119,#4118,#2055,.T.);
#5252=EDGE_CURVE('',#4120,#4119,#2056,.T.);
#5253=EDGE_CURVE('',#4121,#4120,#2057,.T.);
#5254=EDGE_CURVE('',#4122,#4121,#2058,.T.);
#5255=EDGE_CURVE('',#4123,#4122,#2059,.T.);
#5256=EDGE_CURVE('',#4124,#4123,#2060,.T.);
#5257=EDGE_CURVE('',#4125,#4124,#2061,.T.);
#5258=EDGE_CURVE('',#4126,#4125,#2062,.T.);
#5259=EDGE_CURVE('',#4127,#4126,#2063,.T.);
#5260=EDGE_CURVE('',#4128,#4127,#2064,.T.);
#5261=EDGE_CURVE('',#4112,#4128,#2065,.T.);
#5262=EDGE_CURVE('',#4117,#4129,#2066,.T.);
#5263=EDGE_CURVE('',#4130,#4129,#2067,.T.);
#5264=EDGE_CURVE('',#4118,#4130,#2068,.T.);
#5265=EDGE_CURVE('',#4116,#4131,#2069,.T.);
#5266=EDGE_CURVE('',#4129,#4131,#2070,.T.);
#5267=EDGE_CURVE('',#4115,#4132,#2071,.T.);
#5268=EDGE_CURVE('',#4131,#4132,#2072,.T.);
#5269=EDGE_CURVE('',#4133,#4134,#2073,.T.);
#5270=EDGE_CURVE('',#4089,#4133,#2074,.T.);
#5271=EDGE_CURVE('',#4089,#4135,#2075,.T.);
#5272=EDGE_CURVE('',#4134,#4135,#2076,.T.);
#5273=EDGE_CURVE('',#4136,#4137,#2077,.T.);
#5274=EDGE_CURVE('',#4133,#4137,#2078,.T.);
#5275=EDGE_CURVE('',#4134,#4136,#2079,.T.);
#5276=EDGE_CURVE('',#4138,#4139,#2080,.T.);
#5277=EDGE_CURVE('',#4140,#4138,#2081,.T.);
#5278=EDGE_CURVE('',#4137,#4140,#270,.T.);
#5279=EDGE_CURVE('',#4139,#4136,#2082,.T.);
#5280=EDGE_CURVE('',#4141,#4142,#2083,.T.);
#5281=EDGE_CURVE('',#4138,#4141,#2084,.T.);
#5282=EDGE_CURVE('',#4142,#4139,#2085,.T.);
#5283=EDGE_CURVE('',#4143,#4144,#2086,.T.);
#5284=EDGE_CURVE('',#4145,#4143,#2087,.T.);
#5285=EDGE_CURVE('',#4146,#4145,#2088,.T.);
#5286=EDGE_CURVE('',#4147,#4146,#2089,.T.);
#5287=EDGE_CURVE('',#4148,#4147,#2090,.T.);
#5288=EDGE_CURVE('',#4149,#4148,#2091,.T.);
#5289=EDGE_CURVE('',#4150,#4149,#2092,.T.);
#5290=EDGE_CURVE('',#4151,#4150,#2093,.T.);
#5291=EDGE_CURVE('',#4144,#4151,#2094,.T.);
#5292=EDGE_CURVE('',#4146,#4145,#271,.T.);
#5293=EDGE_CURVE('',#4144,#4152,#2095,.T.);
#5294=EDGE_CURVE('',#4152,#4153,#2096,.T.);
#5295=EDGE_CURVE('',#4154,#4153,#272,.T.);
#5296=EDGE_CURVE('',#4143,#4154,#273,.T.);
#5297=EDGE_CURVE('',#4155,#4151,#2097,.T.);
#5298=EDGE_CURVE('',#4156,#4155,#2098,.T.);
#5299=EDGE_CURVE('',#4156,#4152,#2099,.T.);
#5300=EDGE_CURVE('',#4157,#4147,#274,.T.);
#5301=EDGE_CURVE('',#4157,#4158,#2100,.T.);
#5302=EDGE_CURVE('',#4158,#4148,#2101,.T.);
#5303=EDGE_CURVE('',#4159,#4157,#2102,.T.);
#5304=EDGE_CURVE('',#4160,#4159,#2103,.T.);
#5305=EDGE_CURVE('',#4153,#4160,#2104,.T.);
#5306=EDGE_CURVE('',#4161,#4156,#2105,.T.);
#5307=EDGE_CURVE('',#4162,#4161,#2106,.T.);
#5308=EDGE_CURVE('',#4158,#4162,#2107,.T.);
#5309=EDGE_CURVE('',#4160,#4159,#275,.T.);
#5310=EDGE_CURVE('',#4163,#4162,#2108,.T.);
#5311=EDGE_CURVE('',#4149,#4163,#2109,.T.);
#5312=EDGE_CURVE('',#4163,#4150,#276,.T.);
#5313=EDGE_CURVE('',#4161,#4163,#277,.T.);
#5314=EDGE_CURVE('',#4155,#4161,#278,.T.);
#5315=EDGE_CURVE('',#4164,#4155,#279,.T.);
#5316=EDGE_CURVE('',#4164,#4109,#2110,.T.);
#5317=EDGE_CURVE('',#4150,#4164,#280,.T.);
#5318=EDGE_CURVE('',#4123,#4165,#2111,.T.);
#5319=EDGE_CURVE('',#4166,#4165,#2112,.T.);
#5320=EDGE_CURVE('',#4124,#4166,#2113,.T.);
#5321=EDGE_CURVE('',#4122,#4167,#2114,.T.);
#5322=EDGE_CURVE('',#4165,#4167,#2115,.T.);
#5323=EDGE_CURVE('',#4121,#4168,#2116,.T.);
#5324=EDGE_CURVE('',#4167,#4168,#2117,.T.);
#5325=EDGE_CURVE('',#4169,#4170,#2118,.T.);
#5326=EDGE_CURVE('',#4171,#4169,#2119,.T.);
#5327=EDGE_CURVE('',#4171,#4172,#2120,.T.);
#5328=EDGE_CURVE('',#4170,#4172,#2121,.T.);
#5329=EDGE_CURVE('',#4173,#4174,#2122,.T.);
#5330=EDGE_CURVE('',#4175,#4173,#281,.T.);
#5331=EDGE_CURVE('',#4169,#4175,#2123,.T.);
#5332=EDGE_CURVE('',#4174,#4170,#2124,.T.);
#5333=EDGE_CURVE('',#4176,#4177,#2125,.T.);
#5334=EDGE_CURVE('',#4173,#4177,#2126,.T.);
#5335=EDGE_CURVE('',#4174,#4176,#2127,.T.);
#5336=EDGE_CURVE('',#4178,#4179,#2128,.T.);
#5337=EDGE_CURVE('',#4180,#4178,#2129,.T.);
#5338=EDGE_CURVE('',#4181,#4180,#2130,.T.);
#5339=EDGE_CURVE('',#4182,#4181,#2131,.T.);
#5340=EDGE_CURVE('',#4183,#4182,#2132,.T.);
#5341=EDGE_CURVE('',#4184,#4183,#2133,.T.);
#5342=EDGE_CURVE('',#4185,#4184,#2134,.T.);
#5343=EDGE_CURVE('',#4186,#4185,#2135,.T.);
#5344=EDGE_CURVE('',#4179,#4186,#2136,.T.);
#5345=EDGE_CURVE('',#4181,#4180,#282,.T.);
#5346=EDGE_CURVE('',#4179,#4187,#2137,.T.);
#5347=EDGE_CURVE('',#4187,#4188,#2138,.T.);
#5348=EDGE_CURVE('',#4178,#4188,#283,.T.);
#5349=EDGE_CURVE('',#4189,#4186,#2139,.T.);
#5350=EDGE_CURVE('',#4190,#4189,#2140,.T.);
#5351=EDGE_CURVE('',#4190,#4187,#2141,.T.);
#5352=EDGE_CURVE('',#4184,#4191,#2142,.T.);
#5353=EDGE_CURVE('',#4191,#4185,#284,.T.);
#5354=EDGE_CURVE('',#4185,#4189,#285,.T.);
#5355=EDGE_CURVE('',#4192,#4182,#286,.T.);
#5356=EDGE_CURVE('',#4192,#4193,#2143,.T.);
#5357=EDGE_CURVE('',#4193,#4183,#2144,.T.);
#5358=EDGE_CURVE('',#4194,#4192,#2145,.T.);
#5359=EDGE_CURVE('',#4195,#4194,#2146,.T.);
#5360=EDGE_CURVE('',#4188,#4195,#2147,.T.);
#5361=EDGE_CURVE('',#4196,#4190,#2148,.T.);
#5362=EDGE_CURVE('',#4197,#4196,#2149,.T.);
#5363=EDGE_CURVE('',#4193,#4197,#2150,.T.);
#5364=EDGE_CURVE('',#4195,#4198,#287,.T.);
#5365=EDGE_CURVE('',#4198,#4194,#288,.T.);
#5366=EDGE_CURVE('',#4191,#4197,#2151,.T.);
#5367=EDGE_CURVE('',#4189,#4196,#289,.T.);
#5368=EDGE_CURVE('',#4196,#4191,#290,.T.);
#5369=EDGE_CURVE('',#4199,#4199,#291,.T.);
#5370=EDGE_CURVE('',#4199,#4198,#2152,.T.);
#5371=EDGE_CURVE('',#4200,#4200,#292,.T.);
#5372=EDGE_CURVE('',#4200,#4077,#2153,.T.);
#5373=EDGE_CURVE('',#4196,#4110,#2154,.T.);
#5374=EDGE_CURVE('',#4201,#4201,#293,.T.);
#5375=EDGE_CURVE('',#4201,#4154,#2155,.T.);
#5376=EDGE_CURVE('',#4202,#4203,#2156,.T.);
#5377=EDGE_CURVE('',#4203,#4168,#2157,.T.);
#5378=EDGE_CURVE('',#4168,#4204,#2158,.T.);
#5379=EDGE_CURVE('',#4202,#4204,#2159,.T.);
#5380=EDGE_CURVE('',#4203,#4205,#2160,.T.);
#5381=EDGE_CURVE('',#4205,#4167,#2161,.T.);
#5382=EDGE_CURVE('',#4205,#4206,#2162,.T.);
#5383=EDGE_CURVE('',#4206,#4165,#2163,.T.);
#5384=EDGE_CURVE('',#4206,#4207,#2164,.T.);
#5385=EDGE_CURVE('',#4207,#4166,#2165,.T.);
#5386=EDGE_CURVE('',#4207,#4208,#2166,.T.);
#5387=EDGE_CURVE('',#4208,#4209,#2167,.T.);
#5388=EDGE_CURVE('',#4209,#4166,#2168,.T.);
#5389=EDGE_CURVE('',#4208,#4210,#2169,.T.);
#5390=EDGE_CURVE('',#4210,#4211,#2170,.T.);
#5391=EDGE_CURVE('',#4211,#4209,#2171,.T.);
#5392=EDGE_CURVE('',#4210,#4212,#2172,.T.);
#5393=EDGE_CURVE('',#4212,#4213,#2173,.T.);
#5394=EDGE_CURVE('',#4213,#4211,#2174,.T.);
#5395=EDGE_CURVE('',#4212,#4214,#2175,.T.);
#5396=EDGE_CURVE('',#4214,#4215,#2176,.T.);
#5397=EDGE_CURVE('',#4215,#4213,#2177,.T.);
#5398=EDGE_CURVE('',#4214,#4216,#2178,.T.);
#5399=EDGE_CURVE('',#4216,#4217,#2179,.T.);
#5400=EDGE_CURVE('',#4217,#4215,#2180,.T.);
#5401=EDGE_CURVE('',#4216,#4218,#2181,.T.);
#5402=EDGE_CURVE('',#4218,#4219,#2182,.T.);
#5403=EDGE_CURVE('',#4219,#4217,#2183,.T.);
#5404=EDGE_CURVE('',#4220,#4219,#2184,.T.);
#5405=EDGE_CURVE('',#4218,#4221,#2185,.T.);
#5406=EDGE_CURVE('',#4221,#4220,#2186,.T.);
#5407=EDGE_CURVE('',#4222,#4220,#2187,.T.);
#5408=EDGE_CURVE('',#4221,#4223,#2188,.T.);
#5409=EDGE_CURVE('',#4223,#4222,#2189,.T.);
#5410=EDGE_CURVE('',#4132,#4222,#2190,.T.);
#5411=EDGE_CURVE('',#4223,#4224,#2191,.T.);
#5412=EDGE_CURVE('',#4224,#4132,#2192,.T.);
#5413=EDGE_CURVE('',#4224,#4225,#2193,.T.);
#5414=EDGE_CURVE('',#4225,#4131,#2194,.T.);
#5415=EDGE_CURVE('',#4225,#4226,#2195,.T.);
#5416=EDGE_CURVE('',#4226,#4129,#2196,.T.);
#5417=EDGE_CURVE('',#4226,#4227,#2197,.T.);
#5418=EDGE_CURVE('',#4227,#4130,#2198,.T.);
#5419=EDGE_CURVE('',#4228,#4130,#2199,.T.);
#5420=EDGE_CURVE('',#4227,#4229,#2200,.T.);
#5421=EDGE_CURVE('',#4229,#4228,#2201,.T.);
#5422=EDGE_CURVE('',#4204,#4228,#2202,.T.);
#5423=EDGE_CURVE('',#4229,#4202,#2203,.T.);
#5424=EDGE_CURVE('',#4113,#4220,#2204,.T.);
#5425=EDGE_CURVE('',#4111,#4219,#2205,.T.);
#5426=EDGE_CURVE('',#4114,#4222,#2206,.T.);
#5427=EDGE_CURVE('',#4119,#4228,#2207,.T.);
#5428=EDGE_CURVE('',#4120,#4204,#2208,.T.);
#5429=EDGE_CURVE('',#4230,#4231,#2209,.T.);
#5430=EDGE_CURVE('',#4232,#4230,#2210,.T.);
#5431=EDGE_CURVE('',#4233,#4232,#2211,.T.);
#5432=EDGE_CURVE('',#4234,#4233,#2212,.T.);
#5433=EDGE_CURVE('',#4235,#4234,#2213,.T.);
#5434=EDGE_CURVE('',#4236,#4235,#2214,.T.);
#5435=EDGE_CURVE('',#4237,#4236,#2215,.T.);
#5436=EDGE_CURVE('',#4238,#4237,#2216,.T.);
#5437=EDGE_CURVE('',#4239,#4238,#2217,.T.);
#5438=EDGE_CURVE('',#4240,#4239,#2218,.T.);
#5439=EDGE_CURVE('',#4241,#4240,#2219,.T.);
#5440=EDGE_CURVE('',#4242,#4241,#2220,.T.);
#5441=EDGE_CURVE('',#4243,#4242,#2221,.T.);
#5442=EDGE_CURVE('',#4244,#4243,#2222,.T.);
#5443=EDGE_CURVE('',#4245,#4244,#2223,.T.);
#5444=EDGE_CURVE('',#4246,#4245,#2224,.T.);
#5445=EDGE_CURVE('',#4247,#4246,#2225,.T.);
#5446=EDGE_CURVE('',#4248,#4247,#2226,.T.);
#5447=EDGE_CURVE('',#4249,#4248,#2227,.T.);
#5448=EDGE_CURVE('',#4231,#4249,#2228,.T.);
#5449=EDGE_CURVE('',#4176,#4234,#2229,.T.);
#5450=EDGE_CURVE('',#4234,#4174,#2230,.T.);
#5451=EDGE_CURVE('',#4175,#4250,#2231,.T.);
#5452=EDGE_CURVE('',#4250,#4251,#2232,.T.);
#5453=EDGE_CURVE('',#4251,#4169,#2233,.T.);
#5454=EDGE_CURVE('',#4177,#4250,#294,.T.);
#5455=EDGE_CURVE('',#4252,#4176,#2234,.T.);
#5456=EDGE_CURVE('',#4233,#4252,#2235,.T.);
#5457=EDGE_CURVE('',#4232,#4253,#2236,.T.);
#5458=EDGE_CURVE('',#4253,#4252,#2237,.T.);
#5459=EDGE_CURVE('',#4254,#4230,#2238,.T.);
#5460=EDGE_CURVE('',#4255,#4254,#2239,.T.);
#5461=EDGE_CURVE('',#4230,#4255,#2240,.T.);
#5462=EDGE_CURVE('',#4256,#4254,#2241,.T.);
#5463=EDGE_CURVE('',#4231,#4256,#2242,.T.);
#5464=EDGE_CURVE('',#4249,#4257,#2243,.T.);
#5465=EDGE_CURVE('',#4257,#4256,#2244,.T.);
#5466=EDGE_CURVE('',#4258,#4248,#2245,.T.);
#5467=EDGE_CURVE('',#4259,#4258,#2246,.T.);
#5468=EDGE_CURVE('',#4248,#4259,#2247,.T.);
#5469=EDGE_CURVE('',#4260,#4261,#2248,.T.);
#5470=EDGE_CURVE('',#4261,#4262,#2249,.T.);
#5471=EDGE_CURVE('',#4262,#4263,#2250,.T.);
#5472=EDGE_CURVE('',#4263,#4260,#2251,.T.);
#5473=EDGE_CURVE('',#4264,#4265,#2252,.T.);
#5474=EDGE_CURVE('',#4265,#4262,#295,.T.);
#5475=EDGE_CURVE('',#4261,#4264,#296,.T.);
#5476=EDGE_CURVE('',#4264,#4259,#2253,.T.);
#5477=EDGE_CURVE('',#4258,#4265,#2254,.T.);
#5478=EDGE_CURVE('',#4259,#4257,#2255,.T.);
#5479=EDGE_CURVE('',#4266,#4258,#2256,.T.);
#5480=EDGE_CURVE('',#4247,#4266,#2257,.T.);
#5481=EDGE_CURVE('',#4246,#4135,#2258,.T.);
#5482=EDGE_CURVE('',#4135,#4266,#2259,.T.);
#5483=EDGE_CURVE('',#4141,#4267,#2260,.T.);
#5484=EDGE_CURVE('',#4267,#4268,#2261,.T.);
#5485=EDGE_CURVE('',#4268,#4269,#2262,.T.);
#5486=EDGE_CURVE('',#4269,#4141,#2263,.T.);
#5487=EDGE_CURVE('',#4136,#4245,#2264,.T.);
#5488=EDGE_CURVE('',#4245,#4134,#2265,.T.);
#5489=EDGE_CURVE('',#4269,#4270,#2266,.T.);
#5490=EDGE_CURVE('',#4270,#4138,#2267,.T.);
#5491=EDGE_CURVE('',#4270,#4271,#2268,.T.);
#5492=EDGE_CURVE('',#4271,#4140,#2269,.T.);
#5493=EDGE_CURVE('',#4271,#4133,#297,.T.);
#5494=EDGE_CURVE('',#4244,#4139,#2270,.T.);
#5495=EDGE_CURVE('',#4093,#4268,#298,.T.);
#5496=EDGE_CURVE('',#4267,#4094,#299,.T.);
#5497=EDGE_CURVE('',#4243,#4142,#2271,.T.);
#5498=EDGE_CURVE('',#4272,#4142,#2272,.T.);
#5499=EDGE_CURVE('',#4242,#4272,#2273,.T.);
#5500=EDGE_CURVE('',#4273,#4272,#2274,.T.);
#5501=EDGE_CURVE('',#4241,#4273,#2275,.T.);
#5502=EDGE_CURVE('',#4274,#4273,#2276,.T.);
#5503=EDGE_CURVE('',#4240,#4274,#2277,.T.);
#5504=EDGE_CURVE('',#4275,#4260,#2278,.T.);
#5505=EDGE_CURVE('',#4263,#4276,#2279,.T.);
#5506=EDGE_CURVE('',#4276,#4275,#2280,.T.);
#5507=EDGE_CURVE('',#4277,#4274,#2281,.T.);
#5508=EDGE_CURVE('',#4239,#4277,#2282,.T.);
#5509=EDGE_CURVE('',#4276,#4278,#2283,.T.);
#5510=EDGE_CURVE('',#4278,#4279,#2284,.T.);
#5511=EDGE_CURVE('',#4279,#4275,#2285,.T.);
#5512=EDGE_CURVE('',#4278,#4280,#300,.T.);
#5513=EDGE_CURVE('',#4280,#4281,#2286,.T.);
#5514=EDGE_CURVE('',#4281,#4279,#301,.T.);
#5515=EDGE_CURVE('',#4280,#4255,#2287,.T.);
#5516=EDGE_CURVE('',#4254,#4281,#2288,.T.);
#5517=EDGE_CURVE('',#4282,#4277,#2289,.T.);
#5518=EDGE_CURVE('',#4238,#4282,#2290,.T.);
#5519=EDGE_CURVE('',#4255,#4253,#2291,.T.);
#5520=EDGE_CURVE('',#4283,#4282,#2292,.T.);
#5521=EDGE_CURVE('',#4237,#4283,#2293,.T.);
#5522=EDGE_CURVE('',#4172,#4283,#2294,.T.);
#5523=EDGE_CURVE('',#4236,#4172,#2295,.T.);
#5524=EDGE_CURVE('',#4235,#4170,#2296,.T.);
#5525=EDGE_CURVE('',#4251,#4284,#2297,.T.);
#5526=EDGE_CURVE('',#4284,#4171,#2298,.T.);
#5527=EDGE_CURVE('',#4285,#4171,#2299,.T.);
#5528=EDGE_CURVE('',#4284,#4286,#2300,.T.);
#5529=EDGE_CURVE('',#4286,#4285,#2301,.T.);
#5530=EDGE_CURVE('',#4287,#4285,#2302,.T.);
#5531=EDGE_CURVE('',#4286,#4288,#2303,.T.);
#5532=EDGE_CURVE('',#4288,#4287,#2304,.T.);
#5533=EDGE_CURVE('',#4289,#4287,#2305,.T.);
#5534=EDGE_CURVE('',#4288,#4290,#2306,.T.);
#5535=EDGE_CURVE('',#4290,#4289,#2307,.T.);
#5536=EDGE_CURVE('',#4291,#4289,#2308,.T.);
#5537=EDGE_CURVE('',#4290,#4292,#2309,.T.);
#5538=EDGE_CURVE('',#4292,#4291,#2310,.T.);
#5539=EDGE_CURVE('',#4293,#4291,#2311,.T.);
#5540=EDGE_CURVE('',#4292,#4294,#2312,.T.);
#5541=EDGE_CURVE('',#4294,#4293,#2313,.T.);
#5542=EDGE_CURVE('',#4295,#4293,#2314,.T.);
#5543=EDGE_CURVE('',#4294,#4296,#2315,.T.);
#5544=EDGE_CURVE('',#4296,#4295,#2316,.T.);
#5545=EDGE_CURVE('',#4095,#4297,#302,.T.);
#5546=EDGE_CURVE('',#4297,#4298,#2317,.T.);
#5547=EDGE_CURVE('',#4298,#4096,#303,.T.);
#5548=EDGE_CURVE('',#4296,#4298,#2318,.T.);
#5549=EDGE_CURVE('',#4297,#4295,#2319,.T.);
#5550=EDGE_CURVE('',#4260,#4257,#2320,.T.);
#5551=EDGE_CURVE('',#4275,#4256,#2321,.T.);
#5552=EDGE_CURVE('',#4285,#4283,#2322,.T.);
#5553=EDGE_CURVE('',#4287,#4282,#2323,.T.);
#5554=EDGE_CURVE('',#4289,#4277,#2324,.T.);
#5555=EDGE_CURVE('',#4291,#4274,#2325,.T.);
#5556=EDGE_CURVE('',#4293,#4273,#2326,.T.);
#5557=EDGE_CURVE('',#4295,#4272,#2327,.T.);
#5558=EDGE_CURVE('',#4092,#4299,#304,.T.);
#5559=EDGE_CURVE('',#4299,#4268,#2328,.T.);
#5560=EDGE_CURVE('',#4299,#4300,#2329,.T.);
#5561=EDGE_CURVE('',#4300,#4301,#2330,.T.);
#5562=EDGE_CURVE('',#4301,#4302,#2331,.T.);
#5563=EDGE_CURVE('',#4271,#4302,#2332,.T.);
#5564=EDGE_CURVE('',#4091,#4300,#2333,.T.);
#5565=EDGE_CURVE('',#4298,#4303,#2334,.T.);
#5566=EDGE_CURVE('',#4303,#4097,#305,.T.);
#5567=EDGE_CURVE('',#4304,#4250,#2335,.T.);
#5568=EDGE_CURVE('',#4304,#4305,#2336,.T.);
#5569=EDGE_CURVE('',#4305,#4306,#2337,.T.);
#5570=EDGE_CURVE('',#4306,#4307,#2338,.T.);
#5571=EDGE_CURVE('',#4307,#4308,#2339,.T.);
#5572=EDGE_CURVE('',#4308,#4309,#2340,.T.);
#5573=EDGE_CURVE('',#4309,#4310,#2341,.T.);
#5574=EDGE_CURVE('',#4310,#4311,#2342,.T.);
#5575=EDGE_CURVE('',#4311,#4312,#2343,.T.);
#5576=EDGE_CURVE('',#4312,#4303,#2344,.T.);
#5577=EDGE_CURVE('',#4302,#4089,#306,.T.);
#5578=EDGE_CURVE('',#4090,#4301,#2345,.T.);
#5579=EDGE_CURVE('',#4265,#4088,#2346,.T.);
#5580=EDGE_CURVE('',#4088,#4313,#307,.T.);
#5581=EDGE_CURVE('',#4313,#4262,#2347,.T.);
#5582=EDGE_CURVE('',#4313,#4314,#2348,.T.);
#5583=EDGE_CURVE('',#4314,#4315,#2349,.T.);
#5584=EDGE_CURVE('',#4315,#4316,#2350,.T.);
#5585=EDGE_CURVE('',#4278,#4316,#2351,.T.);
#5586=EDGE_CURVE('',#4087,#4314,#2352,.T.);
#5587=EDGE_CURVE('',#4316,#4107,#308,.T.);
#5588=EDGE_CURVE('',#4107,#4280,#2353,.T.);
#5589=EDGE_CURVE('',#4107,#4253,#2354,.T.);
#5590=EDGE_CURVE('',#4108,#4315,#2355,.T.);
#5591=EDGE_CURVE('',#4177,#4106,#2356,.T.);
#5592=EDGE_CURVE('',#4106,#4304,#309,.T.);
#5593=EDGE_CURVE('',#4105,#4305,#2357,.T.);
#5594=EDGE_CURVE('',#4099,#4311,#2358,.T.);
#5595=EDGE_CURVE('',#4100,#4310,#2359,.T.);
#5596=EDGE_CURVE('',#4101,#4309,#2360,.T.);
#5597=EDGE_CURVE('',#4102,#4308,#2361,.T.);
#5598=EDGE_CURVE('',#4103,#4307,#2362,.T.);
#5599=EDGE_CURVE('',#4104,#4306,#2363,.T.);
#5600=EDGE_CURVE('',#4098,#4312,#2364,.T.);
#5601=EDGE_CURVE('',#4125,#4209,#2365,.T.);
#5602=EDGE_CURVE('',#4126,#4211,#2366,.T.);
#5603=EDGE_CURVE('',#4127,#4213,#2367,.T.);
#5604=EDGE_CURVE('',#4128,#4215,#2368,.T.);
#5605=EDGE_CURVE('',#4112,#4217,#2369,.T.);
#5606=EDGE_CURVE('',#4088,#4266,#2370,.T.);
#5607=EDGE_CURVE('',#4106,#4252,#2371,.T.);
#5608=ORIENTED_EDGE('',*,*,#4317,.T.);
#5609=ORIENTED_EDGE('',*,*,#4318,.T.);
#5610=ORIENTED_EDGE('',*,*,#4319,.T.);
#5611=ORIENTED_EDGE('',*,*,#4320,.F.);
#5612=ORIENTED_EDGE('',*,*,#4321,.T.);
#5613=ORIENTED_EDGE('',*,*,#4322,.T.);
#5614=ORIENTED_EDGE('',*,*,#4323,.T.);
#5615=ORIENTED_EDGE('',*,*,#4318,.F.);
#5616=ORIENTED_EDGE('',*,*,#4324,.T.);
#5617=ORIENTED_EDGE('',*,*,#4325,.T.);
#5618=ORIENTED_EDGE('',*,*,#4326,.T.);
#5619=ORIENTED_EDGE('',*,*,#4322,.F.);
#5620=ORIENTED_EDGE('',*,*,#4327,.T.);
#5621=ORIENTED_EDGE('',*,*,#4328,.T.);
#5622=ORIENTED_EDGE('',*,*,#4329,.T.);
#5623=ORIENTED_EDGE('',*,*,#4325,.F.);
#5624=ORIENTED_EDGE('',*,*,#4330,.T.);
#5625=ORIENTED_EDGE('',*,*,#4331,.T.);
#5626=ORIENTED_EDGE('',*,*,#4332,.T.);
#5627=ORIENTED_EDGE('',*,*,#4333,.T.);
#5628=ORIENTED_EDGE('',*,*,#4334,.T.);
#5629=ORIENTED_EDGE('',*,*,#4331,.F.);
#5630=ORIENTED_EDGE('',*,*,#4335,.T.);
#5631=ORIENTED_EDGE('',*,*,#4328,.F.);
#5632=ORIENTED_EDGE('',*,*,#4336,.T.);
#5633=ORIENTED_EDGE('',*,*,#4333,.F.);
#5634=ORIENTED_EDGE('',*,*,#4337,.T.);
#5635=ORIENTED_EDGE('',*,*,#4338,.T.);
#5636=ORIENTED_EDGE('',*,*,#4339,.T.);
#5637=ORIENTED_EDGE('',*,*,#4338,.F.);
#5638=ORIENTED_EDGE('',*,*,#4340,.T.);
#5639=ORIENTED_EDGE('',*,*,#4341,.T.);
#5640=ORIENTED_EDGE('',*,*,#4342,.T.);
#5641=ORIENTED_EDGE('',*,*,#4341,.F.);
#5642=ORIENTED_EDGE('',*,*,#4343,.T.);
#5643=ORIENTED_EDGE('',*,*,#4344,.T.);
#5644=ORIENTED_EDGE('',*,*,#4345,.T.);
#5645=ORIENTED_EDGE('',*,*,#4344,.F.);
#5646=ORIENTED_EDGE('',*,*,#4346,.T.);
#5647=ORIENTED_EDGE('',*,*,#4347,.T.);
#5648=ORIENTED_EDGE('',*,*,#4348,.T.);
#5649=ORIENTED_EDGE('',*,*,#4347,.F.);
#5650=ORIENTED_EDGE('',*,*,#4349,.T.);
#5651=ORIENTED_EDGE('',*,*,#4350,.T.);
#5652=ORIENTED_EDGE('',*,*,#4351,.T.);
#5653=ORIENTED_EDGE('',*,*,#4350,.F.);
#5654=ORIENTED_EDGE('',*,*,#4352,.T.);
#5655=ORIENTED_EDGE('',*,*,#4320,.T.);
#5656=ORIENTED_EDGE('',*,*,#4319,.F.);
#5657=ORIENTED_EDGE('',*,*,#4353,.T.);
#5658=ORIENTED_EDGE('',*,*,#4354,.F.);
#5659=ORIENTED_EDGE('',*,*,#4355,.F.);
#5660=ORIENTED_EDGE('',*,*,#4323,.F.);
#5661=ORIENTED_EDGE('',*,*,#4356,.T.);
#5662=ORIENTED_EDGE('',*,*,#4357,.F.);
#5663=ORIENTED_EDGE('',*,*,#4353,.F.);
#5664=ORIENTED_EDGE('',*,*,#4326,.F.);
#5665=ORIENTED_EDGE('',*,*,#4358,.T.);
#5666=ORIENTED_EDGE('',*,*,#4359,.F.);
#5667=ORIENTED_EDGE('',*,*,#4356,.F.);
#5668=ORIENTED_EDGE('',*,*,#4329,.F.);
#5669=ORIENTED_EDGE('',*,*,#4360,.T.);
#5670=ORIENTED_EDGE('',*,*,#4361,.F.);
#5671=ORIENTED_EDGE('',*,*,#4358,.F.);
#5672=ORIENTED_EDGE('',*,*,#4335,.F.);
#5673=ORIENTED_EDGE('',*,*,#4362,.T.);
#5674=ORIENTED_EDGE('',*,*,#4363,.F.);
#5675=ORIENTED_EDGE('',*,*,#4360,.F.);
#5676=ORIENTED_EDGE('',*,*,#4330,.F.);
#5677=ORIENTED_EDGE('',*,*,#4364,.T.);
#5678=ORIENTED_EDGE('',*,*,#4365,.F.);
#5679=ORIENTED_EDGE('',*,*,#4362,.F.);
#5680=ORIENTED_EDGE('',*,*,#4332,.F.);
#5681=ORIENTED_EDGE('',*,*,#4334,.F.);
#5682=ORIENTED_EDGE('',*,*,#4327,.F.);
#5683=ORIENTED_EDGE('',*,*,#4324,.F.);
#5684=ORIENTED_EDGE('',*,*,#4321,.F.);
#5685=ORIENTED_EDGE('',*,*,#4317,.F.);
#5686=ORIENTED_EDGE('',*,*,#4352,.F.);
#5687=ORIENTED_EDGE('',*,*,#4349,.F.);
#5688=ORIENTED_EDGE('',*,*,#4346,.F.);
#5689=ORIENTED_EDGE('',*,*,#4343,.F.);
#5690=ORIENTED_EDGE('',*,*,#4340,.F.);
#5691=ORIENTED_EDGE('',*,*,#4337,.F.);
#5692=ORIENTED_EDGE('',*,*,#4366,.F.);
#5693=ORIENTED_EDGE('',*,*,#4367,.F.);
#5694=ORIENTED_EDGE('',*,*,#4368,.F.);
#5695=ORIENTED_EDGE('',*,*,#4369,.F.);
#5696=ORIENTED_EDGE('',*,*,#4370,.F.);
#5697=ORIENTED_EDGE('',*,*,#4371,.F.);
#5698=ORIENTED_EDGE('',*,*,#4372,.F.);
#5699=ORIENTED_EDGE('',*,*,#4373,.F.);
#5700=ORIENTED_EDGE('',*,*,#4374,.F.);
#5701=ORIENTED_EDGE('',*,*,#4375,.F.);
#5702=ORIENTED_EDGE('',*,*,#4376,.F.);
#5703=ORIENTED_EDGE('',*,*,#4377,.F.);
#5704=ORIENTED_EDGE('',*,*,#4378,.T.);
#5705=ORIENTED_EDGE('',*,*,#4379,.F.);
#5706=ORIENTED_EDGE('',*,*,#4380,.F.);
#5707=ORIENTED_EDGE('',*,*,#4381,.F.);
#5708=ORIENTED_EDGE('',*,*,#4382,.F.);
#5709=ORIENTED_EDGE('',*,*,#4383,.F.);
#5710=ORIENTED_EDGE('',*,*,#4384,.F.);
#5711=ORIENTED_EDGE('',*,*,#4385,.F.);
#5712=ORIENTED_EDGE('',*,*,#4386,.F.);
#5713=ORIENTED_EDGE('',*,*,#4387,.F.);
#5714=ORIENTED_EDGE('',*,*,#4388,.F.);
#5715=ORIENTED_EDGE('',*,*,#4389,.F.);
#5716=ORIENTED_EDGE('',*,*,#4390,.F.);
#5717=ORIENTED_EDGE('',*,*,#4391,.F.);
#5718=ORIENTED_EDGE('',*,*,#4392,.F.);
#5719=ORIENTED_EDGE('',*,*,#4393,.F.);
#5720=ORIENTED_EDGE('',*,*,#4394,.F.);
#5721=ORIENTED_EDGE('',*,*,#4395,.F.);
#5722=ORIENTED_EDGE('',*,*,#4396,.F.);
#5723=ORIENTED_EDGE('',*,*,#4397,.F.);
#5724=ORIENTED_EDGE('',*,*,#4398,.F.);
#5725=ORIENTED_EDGE('',*,*,#4399,.F.);
#5726=ORIENTED_EDGE('',*,*,#4400,.F.);
#5727=ORIENTED_EDGE('',*,*,#4401,.F.);
#5728=ORIENTED_EDGE('',*,*,#4402,.F.);
#5729=ORIENTED_EDGE('',*,*,#4403,.F.);
#5730=ORIENTED_EDGE('',*,*,#4404,.F.);
#5731=ORIENTED_EDGE('',*,*,#4405,.F.);
#5732=ORIENTED_EDGE('',*,*,#4406,.F.);
#5733=ORIENTED_EDGE('',*,*,#4407,.F.);
#5734=ORIENTED_EDGE('',*,*,#4408,.F.);
#5735=ORIENTED_EDGE('',*,*,#4409,.F.);
#5736=ORIENTED_EDGE('',*,*,#4410,.F.);
#5737=ORIENTED_EDGE('',*,*,#4411,.F.);
#5738=ORIENTED_EDGE('',*,*,#4412,.F.);
#5739=ORIENTED_EDGE('',*,*,#4413,.F.);
#5740=ORIENTED_EDGE('',*,*,#4414,.F.);
#5741=ORIENTED_EDGE('',*,*,#4415,.F.);
#5742=ORIENTED_EDGE('',*,*,#4416,.F.);
#5743=ORIENTED_EDGE('',*,*,#4417,.F.);
#5744=ORIENTED_EDGE('',*,*,#4418,.F.);
#5745=ORIENTED_EDGE('',*,*,#4419,.F.);
#5746=ORIENTED_EDGE('',*,*,#4420,.F.);
#5747=ORIENTED_EDGE('',*,*,#4421,.F.);
#5748=ORIENTED_EDGE('',*,*,#4422,.F.);
#5749=ORIENTED_EDGE('',*,*,#4423,.F.);
#5750=ORIENTED_EDGE('',*,*,#4424,.F.);
#5751=ORIENTED_EDGE('',*,*,#4425,.F.);
#5752=ORIENTED_EDGE('',*,*,#4426,.F.);
#5753=ORIENTED_EDGE('',*,*,#4427,.F.);
#5754=ORIENTED_EDGE('',*,*,#4428,.F.);
#5755=ORIENTED_EDGE('',*,*,#4429,.F.);
#5756=ORIENTED_EDGE('',*,*,#4430,.F.);
#5757=ORIENTED_EDGE('',*,*,#4431,.F.);
#5758=ORIENTED_EDGE('',*,*,#4432,.F.);
#5759=ORIENTED_EDGE('',*,*,#4433,.F.);
#5760=ORIENTED_EDGE('',*,*,#4434,.F.);
#5761=ORIENTED_EDGE('',*,*,#4435,.F.);
#5762=ORIENTED_EDGE('',*,*,#4436,.F.);
#5763=ORIENTED_EDGE('',*,*,#4437,.F.);
#5764=ORIENTED_EDGE('',*,*,#4438,.F.);
#5765=ORIENTED_EDGE('',*,*,#4439,.F.);
#5766=ORIENTED_EDGE('',*,*,#4440,.F.);
#5767=ORIENTED_EDGE('',*,*,#4441,.F.);
#5768=ORIENTED_EDGE('',*,*,#4442,.F.);
#5769=ORIENTED_EDGE('',*,*,#4443,.F.);
#5770=ORIENTED_EDGE('',*,*,#4444,.F.);
#5771=ORIENTED_EDGE('',*,*,#4445,.F.);
#5772=ORIENTED_EDGE('',*,*,#4446,.F.);
#5773=ORIENTED_EDGE('',*,*,#4447,.F.);
#5774=ORIENTED_EDGE('',*,*,#4448,.F.);
#5775=ORIENTED_EDGE('',*,*,#4449,.F.);
#5776=ORIENTED_EDGE('',*,*,#4450,.F.);
#5777=ORIENTED_EDGE('',*,*,#4451,.F.);
#5778=ORIENTED_EDGE('',*,*,#4452,.F.);
#5779=ORIENTED_EDGE('',*,*,#4453,.F.);
#5780=ORIENTED_EDGE('',*,*,#4454,.F.);
#5781=ORIENTED_EDGE('',*,*,#4455,.F.);
#5782=ORIENTED_EDGE('',*,*,#4456,.F.);
#5783=ORIENTED_EDGE('',*,*,#4457,.F.);
#5784=ORIENTED_EDGE('',*,*,#4458,.F.);
#5785=ORIENTED_EDGE('',*,*,#4459,.F.);
#5786=ORIENTED_EDGE('',*,*,#4460,.F.);
#5787=ORIENTED_EDGE('',*,*,#4461,.F.);
#5788=ORIENTED_EDGE('',*,*,#4462,.F.);
#5789=ORIENTED_EDGE('',*,*,#4463,.F.);
#5790=ORIENTED_EDGE('',*,*,#4464,.F.);
#5791=ORIENTED_EDGE('',*,*,#4465,.T.);
#5792=ORIENTED_EDGE('',*,*,#4466,.T.);
#5793=ORIENTED_EDGE('',*,*,#4354,.T.);
#5794=ORIENTED_EDGE('',*,*,#4467,.F.);
#5795=ORIENTED_EDGE('',*,*,#4468,.T.);
#5796=ORIENTED_EDGE('',*,*,#4469,.T.);
#5797=ORIENTED_EDGE('',*,*,#4470,.T.);
#5798=ORIENTED_EDGE('',*,*,#4466,.F.);
#5799=ORIENTED_EDGE('',*,*,#4471,.T.);
#5800=ORIENTED_EDGE('',*,*,#4472,.T.);
#5801=ORIENTED_EDGE('',*,*,#4473,.T.);
#5802=ORIENTED_EDGE('',*,*,#4469,.F.);
#5803=ORIENTED_EDGE('',*,*,#4474,.T.);
#5804=ORIENTED_EDGE('',*,*,#4475,.T.);
#5805=ORIENTED_EDGE('',*,*,#4476,.T.);
#5806=ORIENTED_EDGE('',*,*,#4472,.F.);
#5807=ORIENTED_EDGE('',*,*,#4477,.T.);
#5808=ORIENTED_EDGE('',*,*,#4478,.T.);
#5809=ORIENTED_EDGE('',*,*,#4479,.T.);
#5810=ORIENTED_EDGE('',*,*,#4475,.F.);
#5811=ORIENTED_EDGE('',*,*,#4480,.T.);
#5812=ORIENTED_EDGE('',*,*,#4481,.T.);
#5813=ORIENTED_EDGE('',*,*,#4482,.T.);
#5814=ORIENTED_EDGE('',*,*,#4478,.F.);
#5815=ORIENTED_EDGE('',*,*,#4483,.T.);
#5816=ORIENTED_EDGE('',*,*,#4484,.T.);
#5817=ORIENTED_EDGE('',*,*,#4485,.T.);
#5818=ORIENTED_EDGE('',*,*,#4481,.F.);
#5819=ORIENTED_EDGE('',*,*,#4365,.T.);
#5820=ORIENTED_EDGE('',*,*,#4484,.F.);
#5821=ORIENTED_EDGE('',*,*,#4486,.T.);
#5822=ORIENTED_EDGE('',*,*,#4487,.T.);
#5823=ORIENTED_EDGE('',*,*,#4363,.T.);
#5824=ORIENTED_EDGE('',*,*,#4487,.F.);
#5825=ORIENTED_EDGE('',*,*,#4488,.T.);
#5826=ORIENTED_EDGE('',*,*,#4489,.T.);
#5827=ORIENTED_EDGE('',*,*,#4361,.T.);
#5828=ORIENTED_EDGE('',*,*,#4489,.F.);
#5829=ORIENTED_EDGE('',*,*,#4490,.T.);
#5830=ORIENTED_EDGE('',*,*,#4491,.T.);
#5831=ORIENTED_EDGE('',*,*,#4359,.T.);
#5832=ORIENTED_EDGE('',*,*,#4491,.F.);
#5833=ORIENTED_EDGE('',*,*,#4492,.T.);
#5834=ORIENTED_EDGE('',*,*,#4493,.T.);
#5835=ORIENTED_EDGE('',*,*,#4357,.T.);
#5836=ORIENTED_EDGE('',*,*,#4493,.F.);
#5837=ORIENTED_EDGE('',*,*,#4494,.T.);
#5838=ORIENTED_EDGE('',*,*,#4467,.T.);
#5839=ORIENTED_EDGE('',*,*,#4465,.F.);
#5840=ORIENTED_EDGE('',*,*,#4494,.F.);
#5841=ORIENTED_EDGE('',*,*,#4492,.F.);
#5842=ORIENTED_EDGE('',*,*,#4490,.F.);
#5843=ORIENTED_EDGE('',*,*,#4488,.F.);
#5844=ORIENTED_EDGE('',*,*,#4486,.F.);
#5845=ORIENTED_EDGE('',*,*,#4483,.F.);
#5846=ORIENTED_EDGE('',*,*,#4480,.F.);
#5847=ORIENTED_EDGE('',*,*,#4477,.F.);
#5848=ORIENTED_EDGE('',*,*,#4474,.F.);
#5849=ORIENTED_EDGE('',*,*,#4471,.F.);
#5850=ORIENTED_EDGE('',*,*,#4468,.F.);
#5851=ORIENTED_EDGE('',*,*,#4495,.T.);
#5852=ORIENTED_EDGE('',*,*,#4496,.T.);
#5853=ORIENTED_EDGE('',*,*,#4497,.T.);
#5854=ORIENTED_EDGE('',*,*,#4498,.T.);
#5855=ORIENTED_EDGE('',*,*,#4499,.T.);
#5856=ORIENTED_EDGE('',*,*,#4500,.T.);
#5857=ORIENTED_EDGE('',*,*,#4501,.T.);
#5858=ORIENTED_EDGE('',*,*,#4502,.T.);
#5859=ORIENTED_EDGE('',*,*,#4503,.T.);
#5860=ORIENTED_EDGE('',*,*,#4504,.T.);
#5861=ORIENTED_EDGE('',*,*,#4505,.T.);
#5862=ORIENTED_EDGE('',*,*,#4506,.T.);
#5863=ORIENTED_EDGE('',*,*,#4378,.F.);
#5864=ORIENTED_EDGE('',*,*,#4507,.F.);
#5865=ORIENTED_EDGE('',*,*,#4508,.T.);
#5866=ORIENTED_EDGE('',*,*,#4509,.F.);
#5867=ORIENTED_EDGE('',*,*,#4510,.F.);
#5868=ORIENTED_EDGE('',*,*,#4511,.F.);
#5869=ORIENTED_EDGE('',*,*,#4512,.F.);
#5870=ORIENTED_EDGE('',*,*,#4508,.F.);
#5871=ORIENTED_EDGE('',*,*,#4510,.T.);
#5872=ORIENTED_EDGE('',*,*,#4507,.T.);
#5873=ORIENTED_EDGE('',*,*,#4377,.T.);
#5874=ORIENTED_EDGE('',*,*,#4513,.T.);
#5875=ORIENTED_EDGE('',*,*,#4514,.F.);
#5876=ORIENTED_EDGE('',*,*,#4515,.F.);
#5877=ORIENTED_EDGE('',*,*,#4516,.F.);
#5878=ORIENTED_EDGE('',*,*,#4517,.F.);
#5879=ORIENTED_EDGE('',*,*,#4518,.T.);
#5880=ORIENTED_EDGE('',*,*,#4519,.T.);
#5881=ORIENTED_EDGE('',*,*,#4520,.F.);
#5882=ORIENTED_EDGE('',*,*,#4521,.T.);
#5883=ORIENTED_EDGE('',*,*,#4522,.T.);
#5884=ORIENTED_EDGE('',*,*,#4523,.T.);
#5885=ORIENTED_EDGE('',*,*,#4524,.T.);
#5886=ORIENTED_EDGE('',*,*,#4525,.T.);
#5887=ORIENTED_EDGE('',*,*,#4526,.F.);
#5888=ORIENTED_EDGE('',*,*,#4527,.T.);
#5889=ORIENTED_EDGE('',*,*,#4528,.T.);
#5890=ORIENTED_EDGE('',*,*,#4529,.T.);
#5891=ORIENTED_EDGE('',*,*,#4530,.T.);
#5892=ORIENTED_EDGE('',*,*,#4531,.T.);
#5893=ORIENTED_EDGE('',*,*,#4532,.T.);
#5894=ORIENTED_EDGE('',*,*,#4533,.T.);
#5895=ORIENTED_EDGE('',*,*,#4534,.T.);
#5896=ORIENTED_EDGE('',*,*,#4535,.T.);
#5897=ORIENTED_EDGE('',*,*,#4536,.T.);
#5898=ORIENTED_EDGE('',*,*,#4537,.T.);
#5899=ORIENTED_EDGE('',*,*,#4538,.T.);
#5900=ORIENTED_EDGE('',*,*,#4539,.T.);
#5901=ORIENTED_EDGE('',*,*,#4540,.T.);
#5902=ORIENTED_EDGE('',*,*,#4541,.F.);
#5903=ORIENTED_EDGE('',*,*,#4542,.T.);
#5904=ORIENTED_EDGE('',*,*,#4543,.T.);
#5905=ORIENTED_EDGE('',*,*,#4544,.T.);
#5906=ORIENTED_EDGE('',*,*,#4545,.T.);
#5907=ORIENTED_EDGE('',*,*,#4546,.F.);
#5908=ORIENTED_EDGE('',*,*,#4514,.T.);
#5909=ORIENTED_EDGE('',*,*,#4547,.T.);
#5910=ORIENTED_EDGE('',*,*,#4548,.T.);
#5911=ORIENTED_EDGE('',*,*,#4549,.F.);
#5912=ORIENTED_EDGE('',*,*,#4550,.T.);
#5913=ORIENTED_EDGE('',*,*,#4551,.T.);
#5914=ORIENTED_EDGE('',*,*,#4552,.T.);
#5915=ORIENTED_EDGE('',*,*,#4553,.T.);
#5916=ORIENTED_EDGE('',*,*,#4554,.F.);
#5917=ORIENTED_EDGE('',*,*,#4555,.T.);
#5918=ORIENTED_EDGE('',*,*,#4556,.T.);
#5919=ORIENTED_EDGE('',*,*,#4557,.T.);
#5920=ORIENTED_EDGE('',*,*,#4558,.T.);
#5921=ORIENTED_EDGE('',*,*,#4559,.T.);
#5922=ORIENTED_EDGE('',*,*,#4560,.T.);
#5923=ORIENTED_EDGE('',*,*,#4561,.T.);
#5924=ORIENTED_EDGE('',*,*,#4562,.T.);
#5925=ORIENTED_EDGE('',*,*,#4563,.T.);
#5926=ORIENTED_EDGE('',*,*,#4564,.T.);
#5927=ORIENTED_EDGE('',*,*,#4565,.T.);
#5928=ORIENTED_EDGE('',*,*,#4566,.T.);
#5929=ORIENTED_EDGE('',*,*,#4567,.T.);
#5930=ORIENTED_EDGE('',*,*,#4568,.F.);
#5931=ORIENTED_EDGE('',*,*,#4569,.T.);
#5932=ORIENTED_EDGE('',*,*,#4570,.T.);
#5933=ORIENTED_EDGE('',*,*,#4571,.T.);
#5934=ORIENTED_EDGE('',*,*,#4572,.T.);
#5935=ORIENTED_EDGE('',*,*,#4573,.F.);
#5936=ORIENTED_EDGE('',*,*,#4574,.T.);
#5937=ORIENTED_EDGE('',*,*,#4575,.T.);
#5938=ORIENTED_EDGE('',*,*,#4576,.T.);
#5939=ORIENTED_EDGE('',*,*,#4577,.F.);
#5940=ORIENTED_EDGE('',*,*,#4578,.T.);
#5941=ORIENTED_EDGE('',*,*,#4579,.T.);
#5942=ORIENTED_EDGE('',*,*,#4580,.T.);
#5943=ORIENTED_EDGE('',*,*,#4581,.T.);
#5944=ORIENTED_EDGE('',*,*,#4582,.F.);
#5945=ORIENTED_EDGE('',*,*,#4583,.T.);
#5946=ORIENTED_EDGE('',*,*,#4584,.T.);
#5947=ORIENTED_EDGE('',*,*,#4585,.T.);
#5948=ORIENTED_EDGE('',*,*,#4586,.T.);
#5949=ORIENTED_EDGE('',*,*,#4587,.T.);
#5950=ORIENTED_EDGE('',*,*,#4588,.T.);
#5951=ORIENTED_EDGE('',*,*,#4589,.T.);
#5952=ORIENTED_EDGE('',*,*,#4590,.T.);
#5953=ORIENTED_EDGE('',*,*,#4591,.F.);
#5954=ORIENTED_EDGE('',*,*,#4592,.T.);
#5955=ORIENTED_EDGE('',*,*,#4593,.T.);
#5956=ORIENTED_EDGE('',*,*,#4594,.T.);
#5957=ORIENTED_EDGE('',*,*,#4595,.T.);
#5958=ORIENTED_EDGE('',*,*,#4596,.T.);
#5959=ORIENTED_EDGE('',*,*,#4597,.T.);
#5960=ORIENTED_EDGE('',*,*,#4526,.T.);
#5961=ORIENTED_EDGE('',*,*,#4598,.T.);
#5962=ORIENTED_EDGE('',*,*,#4599,.T.);
#5963=ORIENTED_EDGE('',*,*,#4598,.F.);
#5964=ORIENTED_EDGE('',*,*,#4525,.F.);
#5965=ORIENTED_EDGE('',*,*,#4600,.F.);
#5966=ORIENTED_EDGE('',*,*,#4373,.T.);
#5967=ORIENTED_EDGE('',*,*,#4601,.T.);
#5968=ORIENTED_EDGE('',*,*,#4602,.T.);
#5969=ORIENTED_EDGE('',*,*,#4573,.T.);
#5970=ORIENTED_EDGE('',*,*,#4603,.T.);
#5971=ORIENTED_EDGE('',*,*,#4604,.F.);
#5972=ORIENTED_EDGE('',*,*,#4602,.F.);
#5973=ORIENTED_EDGE('',*,*,#4605,.F.);
#5974=ORIENTED_EDGE('',*,*,#4606,.F.);
#5975=ORIENTED_EDGE('',*,*,#4409,.T.);
#5976=ORIENTED_EDGE('',*,*,#4607,.T.);
#5977=ORIENTED_EDGE('',*,*,#4574,.F.);
#5978=ORIENTED_EDGE('',*,*,#4608,.T.);
#5979=ORIENTED_EDGE('',*,*,#4577,.T.);
#5980=ORIENTED_EDGE('',*,*,#4609,.T.);
#5981=ORIENTED_EDGE('',*,*,#4610,.F.);
#5982=ORIENTED_EDGE('',*,*,#4608,.F.);
#5983=ORIENTED_EDGE('',*,*,#4611,.F.);
#5984=ORIENTED_EDGE('',*,*,#4612,.F.);
#5985=ORIENTED_EDGE('',*,*,#4414,.T.);
#5986=ORIENTED_EDGE('',*,*,#4613,.T.);
#5987=ORIENTED_EDGE('',*,*,#4578,.F.);
#5988=ORIENTED_EDGE('',*,*,#4614,.T.);
#5989=ORIENTED_EDGE('',*,*,#4591,.T.);
#5990=ORIENTED_EDGE('',*,*,#4615,.T.);
#5991=ORIENTED_EDGE('',*,*,#4616,.F.);
#5992=ORIENTED_EDGE('',*,*,#4614,.F.);
#5993=ORIENTED_EDGE('',*,*,#4617,.F.);
#5994=ORIENTED_EDGE('',*,*,#4618,.F.);
#5995=ORIENTED_EDGE('',*,*,#4404,.T.);
#5996=ORIENTED_EDGE('',*,*,#4619,.T.);
#5997=ORIENTED_EDGE('',*,*,#4592,.F.);
#5998=ORIENTED_EDGE('',*,*,#4620,.T.);
#5999=ORIENTED_EDGE('',*,*,#4520,.T.);
#6000=ORIENTED_EDGE('',*,*,#4621,.T.);
#6001=ORIENTED_EDGE('',*,*,#4622,.F.);
#6002=ORIENTED_EDGE('',*,*,#4620,.F.);
#6003=ORIENTED_EDGE('',*,*,#4623,.F.);
#6004=ORIENTED_EDGE('',*,*,#4624,.F.);
#6005=ORIENTED_EDGE('',*,*,#4448,.T.);
#6006=ORIENTED_EDGE('',*,*,#4625,.T.);
#6007=ORIENTED_EDGE('',*,*,#4521,.F.);
#6008=ORIENTED_EDGE('',*,*,#4515,.T.);
#6009=ORIENTED_EDGE('',*,*,#4546,.T.);
#6010=ORIENTED_EDGE('',*,*,#4626,.T.);
#6011=ORIENTED_EDGE('',*,*,#4627,.F.);
#6012=ORIENTED_EDGE('',*,*,#4628,.T.);
#6013=ORIENTED_EDGE('',*,*,#4549,.T.);
#6014=ORIENTED_EDGE('',*,*,#4629,.T.);
#6015=ORIENTED_EDGE('',*,*,#4630,.F.);
#6016=ORIENTED_EDGE('',*,*,#4628,.F.);
#6017=ORIENTED_EDGE('',*,*,#4631,.F.);
#6018=ORIENTED_EDGE('',*,*,#4632,.F.);
#6019=ORIENTED_EDGE('',*,*,#4425,.T.);
#6020=ORIENTED_EDGE('',*,*,#4633,.T.);
#6021=ORIENTED_EDGE('',*,*,#4550,.F.);
#6022=ORIENTED_EDGE('',*,*,#4634,.T.);
#6023=ORIENTED_EDGE('',*,*,#4568,.T.);
#6024=ORIENTED_EDGE('',*,*,#4635,.T.);
#6025=ORIENTED_EDGE('',*,*,#4636,.F.);
#6026=ORIENTED_EDGE('',*,*,#4634,.F.);
#6027=ORIENTED_EDGE('',*,*,#4637,.F.);
#6028=ORIENTED_EDGE('',*,*,#4638,.F.);
#6029=ORIENTED_EDGE('',*,*,#4419,.T.);
#6030=ORIENTED_EDGE('',*,*,#4639,.T.);
#6031=ORIENTED_EDGE('',*,*,#4569,.F.);
#6032=ORIENTED_EDGE('',*,*,#4640,.T.);
#6033=ORIENTED_EDGE('',*,*,#4641,.F.);
#6034=ORIENTED_EDGE('',*,*,#4642,.T.);
#6035=ORIENTED_EDGE('',*,*,#4582,.T.);
#6036=ORIENTED_EDGE('',*,*,#4642,.F.);
#6037=ORIENTED_EDGE('',*,*,#4643,.F.);
#6038=ORIENTED_EDGE('',*,*,#4644,.F.);
#6039=ORIENTED_EDGE('',*,*,#4441,.T.);
#6040=ORIENTED_EDGE('',*,*,#4645,.T.);
#6041=ORIENTED_EDGE('',*,*,#4583,.F.);
#6042=ORIENTED_EDGE('',*,*,#4646,.T.);
#6043=ORIENTED_EDGE('',*,*,#4554,.T.);
#6044=ORIENTED_EDGE('',*,*,#4647,.T.);
#6045=ORIENTED_EDGE('',*,*,#4648,.F.);
#6046=ORIENTED_EDGE('',*,*,#4646,.F.);
#6047=ORIENTED_EDGE('',*,*,#4649,.F.);
#6048=ORIENTED_EDGE('',*,*,#4650,.F.);
#6049=ORIENTED_EDGE('',*,*,#4382,.T.);
#6050=ORIENTED_EDGE('',*,*,#4651,.T.);
#6051=ORIENTED_EDGE('',*,*,#4555,.F.);
#6052=ORIENTED_EDGE('',*,*,#4652,.T.);
#6053=ORIENTED_EDGE('',*,*,#4541,.T.);
#6054=ORIENTED_EDGE('',*,*,#4653,.T.);
#6055=ORIENTED_EDGE('',*,*,#4654,.F.);
#6056=ORIENTED_EDGE('',*,*,#4653,.F.);
#6057=ORIENTED_EDGE('',*,*,#4540,.F.);
#6058=ORIENTED_EDGE('',*,*,#4655,.F.);
#6059=ORIENTED_EDGE('',*,*,#4445,.T.);
#6060=ORIENTED_EDGE('',*,*,#4656,.T.);
#6061=ORIENTED_EDGE('',*,*,#4657,.F.);
#6062=ORIENTED_EDGE('',*,*,#4627,.T.);
#6063=ORIENTED_EDGE('',*,*,#4658,.T.);
#6064=ORIENTED_EDGE('',*,*,#4659,.T.);
#6065=ORIENTED_EDGE('',*,*,#4660,.T.);
#6066=ORIENTED_EDGE('',*,*,#4649,.T.);
#6067=ORIENTED_EDGE('',*,*,#4648,.T.);
#6068=ORIENTED_EDGE('',*,*,#4661,.T.);
#6069=ORIENTED_EDGE('',*,*,#4662,.T.);
#6070=ORIENTED_EDGE('',*,*,#4605,.T.);
#6071=ORIENTED_EDGE('',*,*,#4604,.T.);
#6072=ORIENTED_EDGE('',*,*,#4663,.T.);
#6073=ORIENTED_EDGE('',*,*,#4664,.T.);
#6074=ORIENTED_EDGE('',*,*,#4665,.T.);
#6075=ORIENTED_EDGE('',*,*,#4643,.T.);
#6076=ORIENTED_EDGE('',*,*,#4641,.T.);
#6077=ORIENTED_EDGE('',*,*,#4666,.T.);
#6078=ORIENTED_EDGE('',*,*,#4667,.T.);
#6079=ORIENTED_EDGE('',*,*,#4617,.T.);
#6080=ORIENTED_EDGE('',*,*,#4616,.T.);
#6081=ORIENTED_EDGE('',*,*,#4668,.T.);
#6082=ORIENTED_EDGE('',*,*,#4669,.T.);
#6083=ORIENTED_EDGE('',*,*,#4611,.T.);
#6084=ORIENTED_EDGE('',*,*,#4610,.T.);
#6085=ORIENTED_EDGE('',*,*,#4670,.T.);
#6086=ORIENTED_EDGE('',*,*,#4671,.T.);
#6087=ORIENTED_EDGE('',*,*,#4637,.T.);
#6088=ORIENTED_EDGE('',*,*,#4636,.T.);
#6089=ORIENTED_EDGE('',*,*,#4672,.T.);
#6090=ORIENTED_EDGE('',*,*,#4673,.T.);
#6091=ORIENTED_EDGE('',*,*,#4631,.T.);
#6092=ORIENTED_EDGE('',*,*,#4630,.T.);
#6093=ORIENTED_EDGE('',*,*,#4674,.T.);
#6094=ORIENTED_EDGE('',*,*,#4675,.T.);
#6095=ORIENTED_EDGE('',*,*,#4676,.T.);
#6096=ORIENTED_EDGE('',*,*,#4677,.T.);
#6097=ORIENTED_EDGE('',*,*,#4654,.T.);
#6098=ORIENTED_EDGE('',*,*,#4657,.T.);
#6099=ORIENTED_EDGE('',*,*,#4678,.T.);
#6100=ORIENTED_EDGE('',*,*,#4623,.T.);
#6101=ORIENTED_EDGE('',*,*,#4622,.T.);
#6102=ORIENTED_EDGE('',*,*,#4679,.T.);
#6103=ORIENTED_EDGE('',*,*,#4680,.T.);
#6104=ORIENTED_EDGE('',*,*,#4516,.T.);
#6105=ORIENTED_EDGE('',*,*,#4681,.T.);
#6106=ORIENTED_EDGE('',*,*,#4682,.T.);
#6107=ORIENTED_EDGE('',*,*,#4683,.T.);
#6108=ORIENTED_EDGE('',*,*,#4684,.T.);
#6109=ORIENTED_EDGE('',*,*,#4460,.T.);
#6110=ORIENTED_EDGE('',*,*,#4685,.T.);
#6111=ORIENTED_EDGE('',*,*,#4531,.F.);
#6112=ORIENTED_EDGE('',*,*,#4686,.F.);
#6113=ORIENTED_EDGE('',*,*,#4462,.T.);
#6114=ORIENTED_EDGE('',*,*,#4687,.T.);
#6115=ORIENTED_EDGE('',*,*,#4506,.F.);
#6116=ORIENTED_EDGE('',*,*,#4688,.F.);
#6117=ORIENTED_EDGE('',*,*,#4464,.T.);
#6118=ORIENTED_EDGE('',*,*,#4689,.T.);
#6119=ORIENTED_EDGE('',*,*,#4533,.F.);
#6120=ORIENTED_EDGE('',*,*,#4690,.F.);
#6121=ORIENTED_EDGE('',*,*,#4459,.T.);
#6122=ORIENTED_EDGE('',*,*,#4690,.T.);
#6123=ORIENTED_EDGE('',*,*,#4532,.F.);
#6124=ORIENTED_EDGE('',*,*,#4685,.F.);
#6125=ORIENTED_EDGE('',*,*,#4456,.T.);
#6126=ORIENTED_EDGE('',*,*,#4691,.T.);
#6127=ORIENTED_EDGE('',*,*,#4593,.F.);
#6128=ORIENTED_EDGE('',*,*,#4692,.F.);
#6129=ORIENTED_EDGE('',*,*,#4411,.T.);
#6130=ORIENTED_EDGE('',*,*,#4693,.T.);
#6131=ORIENTED_EDGE('',*,*,#4589,.F.);
#6132=ORIENTED_EDGE('',*,*,#4619,.F.);
#6133=ORIENTED_EDGE('',*,*,#4403,.T.);
#6134=ORIENTED_EDGE('',*,*,#4694,.T.);
#6135=ORIENTED_EDGE('',*,*,#4579,.F.);
#6136=ORIENTED_EDGE('',*,*,#4695,.F.);
#6137=ORIENTED_EDGE('',*,*,#4430,.T.);
#6138=ORIENTED_EDGE('',*,*,#4696,.T.);
#6139=ORIENTED_EDGE('',*,*,#4501,.F.);
#6140=ORIENTED_EDGE('',*,*,#4697,.F.);
#6141=ORIENTED_EDGE('',*,*,#4457,.T.);
#6142=ORIENTED_EDGE('',*,*,#4697,.T.);
#6143=ORIENTED_EDGE('',*,*,#4500,.F.);
#6144=ORIENTED_EDGE('',*,*,#4698,.F.);
#6145=ORIENTED_EDGE('',*,*,#4458,.T.);
#6146=ORIENTED_EDGE('',*,*,#4698,.T.);
#6147=ORIENTED_EDGE('',*,*,#4499,.F.);
#6148=ORIENTED_EDGE('',*,*,#4699,.F.);
#6149=ORIENTED_EDGE('',*,*,#4434,.T.);
#6150=ORIENTED_EDGE('',*,*,#4700,.T.);
#6151=ORIENTED_EDGE('',*,*,#4561,.F.);
#6152=ORIENTED_EDGE('',*,*,#4701,.F.);
#6153=ORIENTED_EDGE('',*,*,#4417,.T.);
#6154=ORIENTED_EDGE('',*,*,#4702,.T.);
#6155=ORIENTED_EDGE('',*,*,#4575,.F.);
#6156=ORIENTED_EDGE('',*,*,#4613,.F.);
#6157=ORIENTED_EDGE('',*,*,#4413,.T.);
#6158=ORIENTED_EDGE('',*,*,#4703,.T.);
#6159=ORIENTED_EDGE('',*,*,#4595,.F.);
#6160=ORIENTED_EDGE('',*,*,#4704,.F.);
#6161=ORIENTED_EDGE('',*,*,#4455,.T.);
#6162=ORIENTED_EDGE('',*,*,#4704,.T.);
#6163=ORIENTED_EDGE('',*,*,#4594,.F.);
#6164=ORIENTED_EDGE('',*,*,#4691,.F.);
#6165=ORIENTED_EDGE('',*,*,#4450,.T.);
#6166=ORIENTED_EDGE('',*,*,#4705,.T.);
#6167=ORIENTED_EDGE('',*,*,#4504,.F.);
#6168=ORIENTED_EDGE('',*,*,#4706,.F.);
#6169=ORIENTED_EDGE('',*,*,#4452,.T.);
#6170=ORIENTED_EDGE('',*,*,#4707,.T.);
#6171=ORIENTED_EDGE('',*,*,#4560,.F.);
#6172=ORIENTED_EDGE('',*,*,#4708,.F.);
#6173=ORIENTED_EDGE('',*,*,#4453,.T.);
#6174=ORIENTED_EDGE('',*,*,#4708,.T.);
#6175=ORIENTED_EDGE('',*,*,#4559,.F.);
#6176=ORIENTED_EDGE('',*,*,#4709,.F.);
#6177=ORIENTED_EDGE('',*,*,#4454,.T.);
#6178=ORIENTED_EDGE('',*,*,#4709,.T.);
#6179=ORIENTED_EDGE('',*,*,#4558,.F.);
#6180=ORIENTED_EDGE('',*,*,#4710,.F.);
#6181=ORIENTED_EDGE('',*,*,#4449,.T.);
#6182=ORIENTED_EDGE('',*,*,#4710,.T.);
#6183=ORIENTED_EDGE('',*,*,#4557,.F.);
#6184=ORIENTED_EDGE('',*,*,#4711,.F.);
#6185=ORIENTED_EDGE('',*,*,#4380,.T.);
#6186=ORIENTED_EDGE('',*,*,#4712,.T.);
#6187=ORIENTED_EDGE('',*,*,#4544,.F.);
#6188=ORIENTED_EDGE('',*,*,#4513,.F.);
#6189=ORIENTED_EDGE('',*,*,#4376,.T.);
#6190=ORIENTED_EDGE('',*,*,#4713,.T.);
#6191=ORIENTED_EDGE('',*,*,#4522,.F.);
#6192=ORIENTED_EDGE('',*,*,#4689,.F.);
#6193=ORIENTED_EDGE('',*,*,#4463,.T.);
#6194=ORIENTED_EDGE('',*,*,#4688,.T.);
#6195=ORIENTED_EDGE('',*,*,#4505,.F.);
#6196=ORIENTED_EDGE('',*,*,#4705,.F.);
#6197=ORIENTED_EDGE('',*,*,#4446,.T.);
#6198=ORIENTED_EDGE('',*,*,#4655,.T.);
#6199=ORIENTED_EDGE('',*,*,#4539,.F.);
#6200=ORIENTED_EDGE('',*,*,#4714,.F.);
#6201=ORIENTED_EDGE('',*,*,#4444,.T.);
#6202=ORIENTED_EDGE('',*,*,#4624,.T.);
#6203=ORIENTED_EDGE('',*,*,#4678,.F.);
#6204=ORIENTED_EDGE('',*,*,#4656,.F.);
#6205=ORIENTED_EDGE('',*,*,#4440,.T.);
#6206=ORIENTED_EDGE('',*,*,#4715,.T.);
#6207=ORIENTED_EDGE('',*,*,#4584,.F.);
#6208=ORIENTED_EDGE('',*,*,#4645,.F.);
#6209=ORIENTED_EDGE('',*,*,#4442,.T.);
#6210=ORIENTED_EDGE('',*,*,#4644,.T.);
#6211=ORIENTED_EDGE('',*,*,#4665,.F.);
#6212=ORIENTED_EDGE('',*,*,#4716,.F.);
#6213=ORIENTED_EDGE('',*,*,#4443,.T.);
#6214=ORIENTED_EDGE('',*,*,#4716,.T.);
#6215=ORIENTED_EDGE('',*,*,#4664,.F.);
#6216=ORIENTED_EDGE('',*,*,#4717,.F.);
#6217=ORIENTED_EDGE('',*,*,#4603,.F.);
#6218=ORIENTED_EDGE('',*,*,#4572,.F.);
#6219=ORIENTED_EDGE('',*,*,#4718,.F.);
#6220=ORIENTED_EDGE('',*,*,#4438,.T.);
#6221=ORIENTED_EDGE('',*,*,#4717,.T.);
#6222=ORIENTED_EDGE('',*,*,#4663,.F.);
#6223=ORIENTED_EDGE('',*,*,#4433,.T.);
#6224=ORIENTED_EDGE('',*,*,#4719,.T.);
#6225=ORIENTED_EDGE('',*,*,#4562,.F.);
#6226=ORIENTED_EDGE('',*,*,#4700,.F.);
#6227=ORIENTED_EDGE('',*,*,#4435,.T.);
#6228=ORIENTED_EDGE('',*,*,#4699,.T.);
#6229=ORIENTED_EDGE('',*,*,#4498,.F.);
#6230=ORIENTED_EDGE('',*,*,#4720,.F.);
#6231=ORIENTED_EDGE('',*,*,#4436,.T.);
#6232=ORIENTED_EDGE('',*,*,#4720,.T.);
#6233=ORIENTED_EDGE('',*,*,#4497,.F.);
#6234=ORIENTED_EDGE('',*,*,#4721,.F.);
#6235=ORIENTED_EDGE('',*,*,#4384,.T.);
#6236=ORIENTED_EDGE('',*,*,#4722,.T.);
#6237=ORIENTED_EDGE('',*,*,#4534,.F.);
#6238=ORIENTED_EDGE('',*,*,#4723,.F.);
#6239=ORIENTED_EDGE('',*,*,#4391,.T.);
#6240=ORIENTED_EDGE('',*,*,#4724,.T.);
#6241=ORIENTED_EDGE('',*,*,#4547,.F.);
#6242=ORIENTED_EDGE('',*,*,#4633,.F.);
#6243=ORIENTED_EDGE('',*,*,#4424,.T.);
#6244=ORIENTED_EDGE('',*,*,#4725,.T.);
#6245=ORIENTED_EDGE('',*,*,#4565,.F.);
#6246=ORIENTED_EDGE('',*,*,#4726,.F.);
#6247=ORIENTED_EDGE('',*,*,#4437,.T.);
#6248=ORIENTED_EDGE('',*,*,#4726,.T.);
#6249=ORIENTED_EDGE('',*,*,#4564,.F.);
#6250=ORIENTED_EDGE('',*,*,#4727,.F.);
#6251=ORIENTED_EDGE('',*,*,#4432,.T.);
#6252=ORIENTED_EDGE('',*,*,#4727,.T.);
#6253=ORIENTED_EDGE('',*,*,#4563,.F.);
#6254=ORIENTED_EDGE('',*,*,#4719,.F.);
#6255=ORIENTED_EDGE('',*,*,#4427,.T.);
#6256=ORIENTED_EDGE('',*,*,#4728,.T.);
#6257=ORIENTED_EDGE('',*,*,#4586,.F.);
#6258=ORIENTED_EDGE('',*,*,#4729,.F.);
#6259=ORIENTED_EDGE('',*,*,#4428,.T.);
#6260=ORIENTED_EDGE('',*,*,#4729,.T.);
#6261=ORIENTED_EDGE('',*,*,#4585,.F.);
#6262=ORIENTED_EDGE('',*,*,#4715,.F.);
#6263=ORIENTED_EDGE('',*,*,#4439,.T.);
#6264=ORIENTED_EDGE('',*,*,#4718,.T.);
#6265=ORIENTED_EDGE('',*,*,#4571,.F.);
#6266=ORIENTED_EDGE('',*,*,#4607,.F.);
#6267=ORIENTED_EDGE('',*,*,#4408,.T.);
#6268=ORIENTED_EDGE('',*,*,#4730,.T.);
#6269=ORIENTED_EDGE('',*,*,#4551,.F.);
#6270=ORIENTED_EDGE('',*,*,#4707,.F.);
#6271=ORIENTED_EDGE('',*,*,#4451,.T.);
#6272=ORIENTED_EDGE('',*,*,#4706,.T.);
#6273=ORIENTED_EDGE('',*,*,#4503,.F.);
#6274=ORIENTED_EDGE('',*,*,#4731,.F.);
#6275=ORIENTED_EDGE('',*,*,#4429,.T.);
#6276=ORIENTED_EDGE('',*,*,#4731,.T.);
#6277=ORIENTED_EDGE('',*,*,#4502,.F.);
#6278=ORIENTED_EDGE('',*,*,#4696,.F.);
#6279=ORIENTED_EDGE('',*,*,#4431,.T.);
#6280=ORIENTED_EDGE('',*,*,#4695,.T.);
#6281=ORIENTED_EDGE('',*,*,#4588,.F.);
#6282=ORIENTED_EDGE('',*,*,#4732,.F.);
#6283=ORIENTED_EDGE('',*,*,#4426,.T.);
#6284=ORIENTED_EDGE('',*,*,#4732,.T.);
#6285=ORIENTED_EDGE('',*,*,#4587,.F.);
#6286=ORIENTED_EDGE('',*,*,#4728,.F.);
#6287=ORIENTED_EDGE('',*,*,#4635,.F.);
#6288=ORIENTED_EDGE('',*,*,#4567,.F.);
#6289=ORIENTED_EDGE('',*,*,#4733,.F.);
#6290=ORIENTED_EDGE('',*,*,#4422,.T.);
#6291=ORIENTED_EDGE('',*,*,#4734,.T.);
#6292=ORIENTED_EDGE('',*,*,#4672,.F.);
#6293=ORIENTED_EDGE('',*,*,#4423,.T.);
#6294=ORIENTED_EDGE('',*,*,#4733,.T.);
#6295=ORIENTED_EDGE('',*,*,#4566,.F.);
#6296=ORIENTED_EDGE('',*,*,#4725,.F.);
#6297=ORIENTED_EDGE('',*,*,#4421,.T.);
#6298=ORIENTED_EDGE('',*,*,#4632,.T.);
#6299=ORIENTED_EDGE('',*,*,#4673,.F.);
#6300=ORIENTED_EDGE('',*,*,#4734,.F.);
#6301=ORIENTED_EDGE('',*,*,#4381,.T.);
#6302=ORIENTED_EDGE('',*,*,#4711,.T.);
#6303=ORIENTED_EDGE('',*,*,#4556,.F.);
#6304=ORIENTED_EDGE('',*,*,#4651,.F.);
#6305=ORIENTED_EDGE('',*,*,#4383,.T.);
#6306=ORIENTED_EDGE('',*,*,#4650,.T.);
#6307=ORIENTED_EDGE('',*,*,#4660,.F.);
#6308=ORIENTED_EDGE('',*,*,#4735,.F.);
#6309=ORIENTED_EDGE('',*,*,#4366,.T.);
#6310=ORIENTED_EDGE('',*,*,#4735,.T.);
#6311=ORIENTED_EDGE('',*,*,#4659,.F.);
#6312=ORIENTED_EDGE('',*,*,#4736,.F.);
#6313=ORIENTED_EDGE('',*,*,#4511,.T.);
#6314=ORIENTED_EDGE('',*,*,#4517,.T.);
#6315=ORIENTED_EDGE('',*,*,#4680,.F.);
#6316=ORIENTED_EDGE('',*,*,#4737,.F.);
#6317=ORIENTED_EDGE('',*,*,#4512,.T.);
#6318=ORIENTED_EDGE('',*,*,#4736,.T.);
#6319=ORIENTED_EDGE('',*,*,#4658,.F.);
#6320=ORIENTED_EDGE('',*,*,#4626,.F.);
#6321=ORIENTED_EDGE('',*,*,#4545,.F.);
#6322=ORIENTED_EDGE('',*,*,#4712,.F.);
#6323=ORIENTED_EDGE('',*,*,#4379,.T.);
#6324=ORIENTED_EDGE('',*,*,#4509,.T.);
#6325=ORIENTED_EDGE('',*,*,#4418,.T.);
#6326=ORIENTED_EDGE('',*,*,#4701,.T.);
#6327=ORIENTED_EDGE('',*,*,#4570,.F.);
#6328=ORIENTED_EDGE('',*,*,#4639,.F.);
#6329=ORIENTED_EDGE('',*,*,#4420,.T.);
#6330=ORIENTED_EDGE('',*,*,#4638,.T.);
#6331=ORIENTED_EDGE('',*,*,#4671,.F.);
#6332=ORIENTED_EDGE('',*,*,#4738,.F.);
#6333=ORIENTED_EDGE('',*,*,#4609,.F.);
#6334=ORIENTED_EDGE('',*,*,#4576,.F.);
#6335=ORIENTED_EDGE('',*,*,#4702,.F.);
#6336=ORIENTED_EDGE('',*,*,#4416,.T.);
#6337=ORIENTED_EDGE('',*,*,#4738,.T.);
#6338=ORIENTED_EDGE('',*,*,#4670,.F.);
#6339=ORIENTED_EDGE('',*,*,#4412,.T.);
#6340=ORIENTED_EDGE('',*,*,#4692,.T.);
#6341=ORIENTED_EDGE('',*,*,#4596,.F.);
#6342=ORIENTED_EDGE('',*,*,#4703,.F.);
#6343=ORIENTED_EDGE('',*,*,#4415,.T.);
#6344=ORIENTED_EDGE('',*,*,#4612,.T.);
#6345=ORIENTED_EDGE('',*,*,#4669,.F.);
#6346=ORIENTED_EDGE('',*,*,#4739,.F.);
#6347=ORIENTED_EDGE('',*,*,#4615,.F.);
#6348=ORIENTED_EDGE('',*,*,#4590,.F.);
#6349=ORIENTED_EDGE('',*,*,#4693,.F.);
#6350=ORIENTED_EDGE('',*,*,#4410,.T.);
#6351=ORIENTED_EDGE('',*,*,#4739,.T.);
#6352=ORIENTED_EDGE('',*,*,#4668,.F.);
#6353=ORIENTED_EDGE('',*,*,#4647,.F.);
#6354=ORIENTED_EDGE('',*,*,#4553,.F.);
#6355=ORIENTED_EDGE('',*,*,#4740,.F.);
#6356=ORIENTED_EDGE('',*,*,#4406,.T.);
#6357=ORIENTED_EDGE('',*,*,#4741,.T.);
#6358=ORIENTED_EDGE('',*,*,#4661,.F.);
#6359=ORIENTED_EDGE('',*,*,#4407,.T.);
#6360=ORIENTED_EDGE('',*,*,#4740,.T.);
#6361=ORIENTED_EDGE('',*,*,#4552,.F.);
#6362=ORIENTED_EDGE('',*,*,#4730,.F.);
#6363=ORIENTED_EDGE('',*,*,#4405,.T.);
#6364=ORIENTED_EDGE('',*,*,#4606,.T.);
#6365=ORIENTED_EDGE('',*,*,#4662,.F.);
#6366=ORIENTED_EDGE('',*,*,#4741,.F.);
#6367=ORIENTED_EDGE('',*,*,#4640,.F.);
#6368=ORIENTED_EDGE('',*,*,#4581,.F.);
#6369=ORIENTED_EDGE('',*,*,#4742,.F.);
#6370=ORIENTED_EDGE('',*,*,#4401,.T.);
#6371=ORIENTED_EDGE('',*,*,#4743,.T.);
#6372=ORIENTED_EDGE('',*,*,#4666,.F.);
#6373=ORIENTED_EDGE('',*,*,#4402,.T.);
#6374=ORIENTED_EDGE('',*,*,#4742,.T.);
#6375=ORIENTED_EDGE('',*,*,#4580,.F.);
#6376=ORIENTED_EDGE('',*,*,#4694,.F.);
#6377=ORIENTED_EDGE('',*,*,#4400,.T.);
#6378=ORIENTED_EDGE('',*,*,#4618,.T.);
#6379=ORIENTED_EDGE('',*,*,#4667,.F.);
#6380=ORIENTED_EDGE('',*,*,#4743,.F.);
#6381=ORIENTED_EDGE('',*,*,#4397,.T.);
#6382=ORIENTED_EDGE('',*,*,#4744,.T.);
#6383=ORIENTED_EDGE('',*,*,#4684,.F.);
#6384=ORIENTED_EDGE('',*,*,#4745,.F.);
#6385=ORIENTED_EDGE('',*,*,#4398,.T.);
#6386=ORIENTED_EDGE('',*,*,#4745,.T.);
#6387=ORIENTED_EDGE('',*,*,#4683,.F.);
#6388=ORIENTED_EDGE('',*,*,#4746,.F.);
#6389=ORIENTED_EDGE('',*,*,#4399,.T.);
#6390=ORIENTED_EDGE('',*,*,#4746,.T.);
#6391=ORIENTED_EDGE('',*,*,#4682,.F.);
#6392=ORIENTED_EDGE('',*,*,#4747,.F.);
#6393=ORIENTED_EDGE('',*,*,#4396,.T.);
#6394=ORIENTED_EDGE('',*,*,#4747,.T.);
#6395=ORIENTED_EDGE('',*,*,#4681,.F.);
#6396=ORIENTED_EDGE('',*,*,#4744,.F.);
#6397=ORIENTED_EDGE('',*,*,#4392,.T.);
#6398=ORIENTED_EDGE('',*,*,#4723,.T.);
#6399=ORIENTED_EDGE('',*,*,#4543,.F.);
#6400=ORIENTED_EDGE('',*,*,#4748,.F.);
#6401=ORIENTED_EDGE('',*,*,#4652,.F.);
#6402=ORIENTED_EDGE('',*,*,#4677,.F.);
#6403=ORIENTED_EDGE('',*,*,#4749,.F.);
#6404=ORIENTED_EDGE('',*,*,#4393,.T.);
#6405=ORIENTED_EDGE('',*,*,#4748,.T.);
#6406=ORIENTED_EDGE('',*,*,#4542,.F.);
#6407=ORIENTED_EDGE('',*,*,#4394,.T.);
#6408=ORIENTED_EDGE('',*,*,#4749,.T.);
#6409=ORIENTED_EDGE('',*,*,#4676,.F.);
#6410=ORIENTED_EDGE('',*,*,#4750,.F.);
#6411=ORIENTED_EDGE('',*,*,#4395,.T.);
#6412=ORIENTED_EDGE('',*,*,#4750,.T.);
#6413=ORIENTED_EDGE('',*,*,#4675,.F.);
#6414=ORIENTED_EDGE('',*,*,#4751,.F.);
#6415=ORIENTED_EDGE('',*,*,#4629,.F.);
#6416=ORIENTED_EDGE('',*,*,#4548,.F.);
#6417=ORIENTED_EDGE('',*,*,#4724,.F.);
#6418=ORIENTED_EDGE('',*,*,#4390,.T.);
#6419=ORIENTED_EDGE('',*,*,#4751,.T.);
#6420=ORIENTED_EDGE('',*,*,#4674,.F.);
#6421=ORIENTED_EDGE('',*,*,#4385,.T.);
#6422=ORIENTED_EDGE('',*,*,#4721,.T.);
#6423=ORIENTED_EDGE('',*,*,#4496,.F.);
#6424=ORIENTED_EDGE('',*,*,#4752,.F.);
#6425=ORIENTED_EDGE('',*,*,#4386,.T.);
#6426=ORIENTED_EDGE('',*,*,#4752,.T.);
#6427=ORIENTED_EDGE('',*,*,#4495,.F.);
#6428=ORIENTED_EDGE('',*,*,#4687,.F.);
#6429=ORIENTED_EDGE('',*,*,#4461,.T.);
#6430=ORIENTED_EDGE('',*,*,#4686,.T.);
#6431=ORIENTED_EDGE('',*,*,#4530,.F.);
#6432=ORIENTED_EDGE('',*,*,#4753,.F.);
#6433=ORIENTED_EDGE('',*,*,#4368,.T.);
#6434=ORIENTED_EDGE('',*,*,#4754,.T.);
#6435=ORIENTED_EDGE('',*,*,#4518,.F.);
#6436=ORIENTED_EDGE('',*,*,#4625,.F.);
#6437=ORIENTED_EDGE('',*,*,#4447,.T.);
#6438=ORIENTED_EDGE('',*,*,#4714,.T.);
#6439=ORIENTED_EDGE('',*,*,#4538,.F.);
#6440=ORIENTED_EDGE('',*,*,#4755,.F.);
#6441=ORIENTED_EDGE('',*,*,#4387,.T.);
#6442=ORIENTED_EDGE('',*,*,#4755,.T.);
#6443=ORIENTED_EDGE('',*,*,#4537,.F.);
#6444=ORIENTED_EDGE('',*,*,#4756,.F.);
#6445=ORIENTED_EDGE('',*,*,#4388,.T.);
#6446=ORIENTED_EDGE('',*,*,#4756,.T.);
#6447=ORIENTED_EDGE('',*,*,#4536,.F.);
#6448=ORIENTED_EDGE('',*,*,#4757,.F.);
#6449=ORIENTED_EDGE('',*,*,#4389,.T.);
#6450=ORIENTED_EDGE('',*,*,#4757,.T.);
#6451=ORIENTED_EDGE('',*,*,#4535,.F.);
#6452=ORIENTED_EDGE('',*,*,#4722,.F.);
#6453=ORIENTED_EDGE('',*,*,#4374,.T.);
#6454=ORIENTED_EDGE('',*,*,#4600,.T.);
#6455=ORIENTED_EDGE('',*,*,#4524,.F.);
#6456=ORIENTED_EDGE('',*,*,#4758,.F.);
#6457=ORIENTED_EDGE('',*,*,#4375,.T.);
#6458=ORIENTED_EDGE('',*,*,#4758,.T.);
#6459=ORIENTED_EDGE('',*,*,#4523,.F.);
#6460=ORIENTED_EDGE('',*,*,#4713,.F.);
#6461=ORIENTED_EDGE('',*,*,#4621,.F.);
#6462=ORIENTED_EDGE('',*,*,#4519,.F.);
#6463=ORIENTED_EDGE('',*,*,#4754,.F.);
#6464=ORIENTED_EDGE('',*,*,#4367,.T.);
#6465=ORIENTED_EDGE('',*,*,#4737,.T.);
#6466=ORIENTED_EDGE('',*,*,#4679,.F.);
#6467=ORIENTED_EDGE('',*,*,#4369,.T.);
#6468=ORIENTED_EDGE('',*,*,#4753,.T.);
#6469=ORIENTED_EDGE('',*,*,#4529,.F.);
#6470=ORIENTED_EDGE('',*,*,#4759,.F.);
#6471=ORIENTED_EDGE('',*,*,#4370,.T.);
#6472=ORIENTED_EDGE('',*,*,#4759,.T.);
#6473=ORIENTED_EDGE('',*,*,#4528,.F.);
#6474=ORIENTED_EDGE('',*,*,#4760,.F.);
#6475=ORIENTED_EDGE('',*,*,#4597,.F.);
#6476=ORIENTED_EDGE('',*,*,#4761,.F.);
#6477=ORIENTED_EDGE('',*,*,#4371,.T.);
#6478=ORIENTED_EDGE('',*,*,#4760,.T.);
#6479=ORIENTED_EDGE('',*,*,#4527,.F.);
#6480=ORIENTED_EDGE('',*,*,#4599,.F.);
#6481=ORIENTED_EDGE('',*,*,#4601,.F.);
#6482=ORIENTED_EDGE('',*,*,#4372,.T.);
#6483=ORIENTED_EDGE('',*,*,#4761,.T.);
#6484=ORIENTED_EDGE('',*,*,#4351,.F.);
#6485=ORIENTED_EDGE('',*,*,#4355,.T.);
#6486=ORIENTED_EDGE('',*,*,#4470,.F.);
#6487=ORIENTED_EDGE('',*,*,#4762,.F.);
#6488=ORIENTED_EDGE('',*,*,#4348,.F.);
#6489=ORIENTED_EDGE('',*,*,#4762,.T.);
#6490=ORIENTED_EDGE('',*,*,#4473,.F.);
#6491=ORIENTED_EDGE('',*,*,#4763,.F.);
#6492=ORIENTED_EDGE('',*,*,#4345,.F.);
#6493=ORIENTED_EDGE('',*,*,#4763,.T.);
#6494=ORIENTED_EDGE('',*,*,#4476,.F.);
#6495=ORIENTED_EDGE('',*,*,#4764,.F.);
#6496=ORIENTED_EDGE('',*,*,#4342,.F.);
#6497=ORIENTED_EDGE('',*,*,#4764,.T.);
#6498=ORIENTED_EDGE('',*,*,#4479,.F.);
#6499=ORIENTED_EDGE('',*,*,#4765,.F.);
#6500=ORIENTED_EDGE('',*,*,#4339,.F.);
#6501=ORIENTED_EDGE('',*,*,#4765,.T.);
#6502=ORIENTED_EDGE('',*,*,#4482,.F.);
#6503=ORIENTED_EDGE('',*,*,#4766,.F.);
#6504=ORIENTED_EDGE('',*,*,#4336,.F.);
#6505=ORIENTED_EDGE('',*,*,#4766,.T.);
#6506=ORIENTED_EDGE('',*,*,#4485,.F.);
#6507=ORIENTED_EDGE('',*,*,#4364,.F.);
#6508=ORIENTED_EDGE('',*,*,#4767,.T.);
#6509=ORIENTED_EDGE('',*,*,#4768,.T.);
#6510=ORIENTED_EDGE('',*,*,#4769,.T.);
#6511=ORIENTED_EDGE('',*,*,#4770,.F.);
#6512=ORIENTED_EDGE('',*,*,#4771,.T.);
#6513=ORIENTED_EDGE('',*,*,#4772,.T.);
#6514=ORIENTED_EDGE('',*,*,#4773,.T.);
#6515=ORIENTED_EDGE('',*,*,#4768,.F.);
#6516=ORIENTED_EDGE('',*,*,#4774,.T.);
#6517=ORIENTED_EDGE('',*,*,#4775,.T.);
#6518=ORIENTED_EDGE('',*,*,#4776,.T.);
#6519=ORIENTED_EDGE('',*,*,#4772,.F.);
#6520=ORIENTED_EDGE('',*,*,#4777,.T.);
#6521=ORIENTED_EDGE('',*,*,#4778,.T.);
#6522=ORIENTED_EDGE('',*,*,#4779,.T.);
#6523=ORIENTED_EDGE('',*,*,#4775,.F.);
#6524=ORIENTED_EDGE('',*,*,#4780,.T.);
#6525=ORIENTED_EDGE('',*,*,#4781,.T.);
#6526=ORIENTED_EDGE('',*,*,#4782,.T.);
#6527=ORIENTED_EDGE('',*,*,#4778,.F.);
#6528=ORIENTED_EDGE('',*,*,#4783,.T.);
#6529=ORIENTED_EDGE('',*,*,#4784,.T.);
#6530=ORIENTED_EDGE('',*,*,#4785,.T.);
#6531=ORIENTED_EDGE('',*,*,#4781,.F.);
#6532=ORIENTED_EDGE('',*,*,#4786,.T.);
#6533=ORIENTED_EDGE('',*,*,#4787,.T.);
#6534=ORIENTED_EDGE('',*,*,#4788,.T.);
#6535=ORIENTED_EDGE('',*,*,#4784,.F.);
#6536=ORIENTED_EDGE('',*,*,#4789,.T.);
#6537=ORIENTED_EDGE('',*,*,#4787,.F.);
#6538=ORIENTED_EDGE('',*,*,#4790,.T.);
#6539=ORIENTED_EDGE('',*,*,#4791,.T.);
#6540=ORIENTED_EDGE('',*,*,#4792,.T.);
#6541=ORIENTED_EDGE('',*,*,#4791,.F.);
#6542=ORIENTED_EDGE('',*,*,#4793,.T.);
#6543=ORIENTED_EDGE('',*,*,#4794,.T.);
#6544=ORIENTED_EDGE('',*,*,#4795,.T.);
#6545=ORIENTED_EDGE('',*,*,#4794,.F.);
#6546=ORIENTED_EDGE('',*,*,#4796,.T.);
#6547=ORIENTED_EDGE('',*,*,#4797,.T.);
#6548=ORIENTED_EDGE('',*,*,#4798,.T.);
#6549=ORIENTED_EDGE('',*,*,#4797,.F.);
#6550=ORIENTED_EDGE('',*,*,#4799,.T.);
#6551=ORIENTED_EDGE('',*,*,#4800,.T.);
#6552=ORIENTED_EDGE('',*,*,#4801,.T.);
#6553=ORIENTED_EDGE('',*,*,#4800,.F.);
#6554=ORIENTED_EDGE('',*,*,#4802,.T.);
#6555=ORIENTED_EDGE('',*,*,#4770,.T.);
#6556=ORIENTED_EDGE('',*,*,#4789,.F.);
#6557=ORIENTED_EDGE('',*,*,#4803,.F.);
#6558=ORIENTED_EDGE('',*,*,#4804,.T.);
#6559=ORIENTED_EDGE('',*,*,#4805,.T.);
#6560=ORIENTED_EDGE('',*,*,#4792,.F.);
#6561=ORIENTED_EDGE('',*,*,#4806,.F.);
#6562=ORIENTED_EDGE('',*,*,#4807,.T.);
#6563=ORIENTED_EDGE('',*,*,#4803,.T.);
#6564=ORIENTED_EDGE('',*,*,#4795,.F.);
#6565=ORIENTED_EDGE('',*,*,#4808,.F.);
#6566=ORIENTED_EDGE('',*,*,#4809,.T.);
#6567=ORIENTED_EDGE('',*,*,#4806,.T.);
#6568=ORIENTED_EDGE('',*,*,#4798,.F.);
#6569=ORIENTED_EDGE('',*,*,#4810,.F.);
#6570=ORIENTED_EDGE('',*,*,#4811,.T.);
#6571=ORIENTED_EDGE('',*,*,#4808,.T.);
#6572=ORIENTED_EDGE('',*,*,#4801,.F.);
#6573=ORIENTED_EDGE('',*,*,#4812,.F.);
#6574=ORIENTED_EDGE('',*,*,#4813,.T.);
#6575=ORIENTED_EDGE('',*,*,#4810,.T.);
#6576=ORIENTED_EDGE('',*,*,#4769,.F.);
#6577=ORIENTED_EDGE('',*,*,#4814,.F.);
#6578=ORIENTED_EDGE('',*,*,#4815,.T.);
#6579=ORIENTED_EDGE('',*,*,#4812,.T.);
#6580=ORIENTED_EDGE('',*,*,#4767,.F.);
#6581=ORIENTED_EDGE('',*,*,#4802,.F.);
#6582=ORIENTED_EDGE('',*,*,#4799,.F.);
#6583=ORIENTED_EDGE('',*,*,#4796,.F.);
#6584=ORIENTED_EDGE('',*,*,#4793,.F.);
#6585=ORIENTED_EDGE('',*,*,#4790,.F.);
#6586=ORIENTED_EDGE('',*,*,#4786,.F.);
#6587=ORIENTED_EDGE('',*,*,#4783,.F.);
#6588=ORIENTED_EDGE('',*,*,#4780,.F.);
#6589=ORIENTED_EDGE('',*,*,#4777,.F.);
#6590=ORIENTED_EDGE('',*,*,#4774,.F.);
#6591=ORIENTED_EDGE('',*,*,#4771,.F.);
#6592=ORIENTED_EDGE('',*,*,#4816,.T.);
#6593=ORIENTED_EDGE('',*,*,#4817,.T.);
#6594=ORIENTED_EDGE('',*,*,#4818,.T.);
#6595=ORIENTED_EDGE('',*,*,#4819,.T.);
#6596=ORIENTED_EDGE('',*,*,#4820,.T.);
#6597=ORIENTED_EDGE('',*,*,#4821,.T.);
#6598=ORIENTED_EDGE('',*,*,#4822,.T.);
#6599=ORIENTED_EDGE('',*,*,#4823,.T.);
#6600=ORIENTED_EDGE('',*,*,#4824,.T.);
#6601=ORIENTED_EDGE('',*,*,#4825,.T.);
#6602=ORIENTED_EDGE('',*,*,#4826,.T.);
#6603=ORIENTED_EDGE('',*,*,#4827,.T.);
#6604=ORIENTED_EDGE('',*,*,#4828,.F.);
#6605=ORIENTED_EDGE('',*,*,#4829,.F.);
#6606=ORIENTED_EDGE('',*,*,#4830,.T.);
#6607=ORIENTED_EDGE('',*,*,#4831,.F.);
#6608=ORIENTED_EDGE('',*,*,#4832,.F.);
#6609=ORIENTED_EDGE('',*,*,#4833,.F.);
#6610=ORIENTED_EDGE('',*,*,#4834,.F.);
#6611=ORIENTED_EDGE('',*,*,#4830,.F.);
#6612=ORIENTED_EDGE('',*,*,#4832,.T.);
#6613=ORIENTED_EDGE('',*,*,#4829,.T.);
#6614=ORIENTED_EDGE('',*,*,#4835,.T.);
#6615=ORIENTED_EDGE('',*,*,#4836,.T.);
#6616=ORIENTED_EDGE('',*,*,#4837,.F.);
#6617=ORIENTED_EDGE('',*,*,#4838,.F.);
#6618=ORIENTED_EDGE('',*,*,#4839,.F.);
#6619=ORIENTED_EDGE('',*,*,#4840,.T.);
#6620=ORIENTED_EDGE('',*,*,#4841,.T.);
#6621=ORIENTED_EDGE('',*,*,#4842,.T.);
#6622=ORIENTED_EDGE('',*,*,#4843,.T.);
#6623=ORIENTED_EDGE('',*,*,#4844,.T.);
#6624=ORIENTED_EDGE('',*,*,#4841,.F.);
#6625=ORIENTED_EDGE('',*,*,#4845,.F.);
#6626=ORIENTED_EDGE('',*,*,#4846,.T.);
#6627=ORIENTED_EDGE('',*,*,#4847,.T.);
#6628=ORIENTED_EDGE('',*,*,#4848,.F.);
#6629=ORIENTED_EDGE('',*,*,#4849,.F.);
#6630=ORIENTED_EDGE('',*,*,#4850,.T.);
#6631=ORIENTED_EDGE('',*,*,#4851,.T.);
#6632=ORIENTED_EDGE('',*,*,#4852,.F.);
#6633=ORIENTED_EDGE('',*,*,#4853,.F.);
#6634=ORIENTED_EDGE('',*,*,#4854,.T.);
#6635=ORIENTED_EDGE('',*,*,#4855,.T.);
#6636=ORIENTED_EDGE('',*,*,#4818,.F.);
#6637=ORIENTED_EDGE('',*,*,#4856,.F.);
#6638=ORIENTED_EDGE('',*,*,#4857,.T.);
#6639=ORIENTED_EDGE('',*,*,#4858,.T.);
#6640=ORIENTED_EDGE('',*,*,#4859,.T.);
#6641=ORIENTED_EDGE('',*,*,#4860,.T.);
#6642=ORIENTED_EDGE('',*,*,#4861,.T.);
#6643=ORIENTED_EDGE('',*,*,#4862,.T.);
#6644=ORIENTED_EDGE('',*,*,#4859,.F.);
#6645=ORIENTED_EDGE('',*,*,#4863,.F.);
#6646=ORIENTED_EDGE('',*,*,#4864,.T.);
#6647=ORIENTED_EDGE('',*,*,#4865,.T.);
#6648=ORIENTED_EDGE('',*,*,#4816,.F.);
#6649=ORIENTED_EDGE('',*,*,#4866,.F.);
#6650=ORIENTED_EDGE('',*,*,#4867,.T.);
#6651=ORIENTED_EDGE('',*,*,#4868,.T.);
#6652=ORIENTED_EDGE('',*,*,#4869,.F.);
#6653=ORIENTED_EDGE('',*,*,#4870,.F.);
#6654=ORIENTED_EDGE('',*,*,#4871,.T.);
#6655=ORIENTED_EDGE('',*,*,#4872,.T.);
#6656=ORIENTED_EDGE('',*,*,#4873,.F.);
#6657=ORIENTED_EDGE('',*,*,#4874,.F.);
#6658=ORIENTED_EDGE('',*,*,#4875,.T.);
#6659=ORIENTED_EDGE('',*,*,#4876,.T.);
#6660=ORIENTED_EDGE('',*,*,#4873,.T.);
#6661=ORIENTED_EDGE('',*,*,#4877,.T.);
#6662=ORIENTED_EDGE('',*,*,#4878,.T.);
#6663=ORIENTED_EDGE('',*,*,#4879,.T.);
#6664=ORIENTED_EDGE('',*,*,#4869,.T.);
#6665=ORIENTED_EDGE('',*,*,#4880,.T.);
#6666=ORIENTED_EDGE('',*,*,#4881,.T.);
#6667=ORIENTED_EDGE('',*,*,#4882,.T.);
#6668=ORIENTED_EDGE('',*,*,#4883,.T.);
#6669=ORIENTED_EDGE('',*,*,#4884,.T.);
#6670=ORIENTED_EDGE('',*,*,#4885,.T.);
#6671=ORIENTED_EDGE('',*,*,#4886,.T.);
#6672=ORIENTED_EDGE('',*,*,#4883,.F.);
#6673=ORIENTED_EDGE('',*,*,#4887,.F.);
#6674=ORIENTED_EDGE('',*,*,#4888,.T.);
#6675=ORIENTED_EDGE('',*,*,#4889,.T.);
#6676=ORIENTED_EDGE('',*,*,#4826,.F.);
#6677=ORIENTED_EDGE('',*,*,#4890,.F.);
#6678=ORIENTED_EDGE('',*,*,#4891,.T.);
#6679=ORIENTED_EDGE('',*,*,#4892,.T.);
#6680=ORIENTED_EDGE('',*,*,#4893,.F.);
#6681=ORIENTED_EDGE('',*,*,#4894,.F.);
#6682=ORIENTED_EDGE('',*,*,#4895,.T.);
#6683=ORIENTED_EDGE('',*,*,#4896,.T.);
#6684=ORIENTED_EDGE('',*,*,#4897,.F.);
#6685=ORIENTED_EDGE('',*,*,#4836,.F.);
#6686=ORIENTED_EDGE('',*,*,#4898,.T.);
#6687=ORIENTED_EDGE('',*,*,#4837,.T.);
#6688=ORIENTED_EDGE('',*,*,#4897,.T.);
#6689=ORIENTED_EDGE('',*,*,#4899,.T.);
#6690=ORIENTED_EDGE('',*,*,#4900,.T.);
#6691=ORIENTED_EDGE('',*,*,#4901,.T.);
#6692=ORIENTED_EDGE('',*,*,#4893,.T.);
#6693=ORIENTED_EDGE('',*,*,#4902,.T.);
#6694=ORIENTED_EDGE('',*,*,#4903,.T.);
#6695=ORIENTED_EDGE('',*,*,#4904,.T.);
#6696=ORIENTED_EDGE('',*,*,#4905,.T.);
#6697=ORIENTED_EDGE('',*,*,#4906,.T.);
#6698=ORIENTED_EDGE('',*,*,#4907,.T.);
#6699=ORIENTED_EDGE('',*,*,#4908,.T.);
#6700=ORIENTED_EDGE('',*,*,#4905,.F.);
#6701=ORIENTED_EDGE('',*,*,#4909,.F.);
#6702=ORIENTED_EDGE('',*,*,#4910,.T.);
#6703=ORIENTED_EDGE('',*,*,#4911,.T.);
#6704=ORIENTED_EDGE('',*,*,#4824,.F.);
#6705=ORIENTED_EDGE('',*,*,#4912,.F.);
#6706=ORIENTED_EDGE('',*,*,#4913,.T.);
#6707=ORIENTED_EDGE('',*,*,#4914,.T.);
#6708=ORIENTED_EDGE('',*,*,#4915,.F.);
#6709=ORIENTED_EDGE('',*,*,#4916,.F.);
#6710=ORIENTED_EDGE('',*,*,#4917,.T.);
#6711=ORIENTED_EDGE('',*,*,#4918,.T.);
#6712=ORIENTED_EDGE('',*,*,#4919,.F.);
#6713=ORIENTED_EDGE('',*,*,#4920,.F.);
#6714=ORIENTED_EDGE('',*,*,#4921,.T.);
#6715=ORIENTED_EDGE('',*,*,#4922,.T.);
#6716=ORIENTED_EDGE('',*,*,#4919,.T.);
#6717=ORIENTED_EDGE('',*,*,#4923,.T.);
#6718=ORIENTED_EDGE('',*,*,#4924,.T.);
#6719=ORIENTED_EDGE('',*,*,#4925,.T.);
#6720=ORIENTED_EDGE('',*,*,#4915,.T.);
#6721=ORIENTED_EDGE('',*,*,#4926,.T.);
#6722=ORIENTED_EDGE('',*,*,#4927,.T.);
#6723=ORIENTED_EDGE('',*,*,#4928,.T.);
#6724=ORIENTED_EDGE('',*,*,#4929,.T.);
#6725=ORIENTED_EDGE('',*,*,#4930,.T.);
#6726=ORIENTED_EDGE('',*,*,#4931,.T.);
#6727=ORIENTED_EDGE('',*,*,#4932,.T.);
#6728=ORIENTED_EDGE('',*,*,#4929,.F.);
#6729=ORIENTED_EDGE('',*,*,#4933,.F.);
#6730=ORIENTED_EDGE('',*,*,#4934,.T.);
#6731=ORIENTED_EDGE('',*,*,#4935,.T.);
#6732=ORIENTED_EDGE('',*,*,#4822,.F.);
#6733=ORIENTED_EDGE('',*,*,#4936,.F.);
#6734=ORIENTED_EDGE('',*,*,#4937,.T.);
#6735=ORIENTED_EDGE('',*,*,#4938,.T.);
#6736=ORIENTED_EDGE('',*,*,#4939,.F.);
#6737=ORIENTED_EDGE('',*,*,#4940,.F.);
#6738=ORIENTED_EDGE('',*,*,#4941,.T.);
#6739=ORIENTED_EDGE('',*,*,#4942,.T.);
#6740=ORIENTED_EDGE('',*,*,#4943,.F.);
#6741=ORIENTED_EDGE('',*,*,#4944,.F.);
#6742=ORIENTED_EDGE('',*,*,#4945,.T.);
#6743=ORIENTED_EDGE('',*,*,#4946,.T.);
#6744=ORIENTED_EDGE('',*,*,#4943,.T.);
#6745=ORIENTED_EDGE('',*,*,#4947,.T.);
#6746=ORIENTED_EDGE('',*,*,#4948,.T.);
#6747=ORIENTED_EDGE('',*,*,#4949,.T.);
#6748=ORIENTED_EDGE('',*,*,#4939,.T.);
#6749=ORIENTED_EDGE('',*,*,#4950,.T.);
#6750=ORIENTED_EDGE('',*,*,#4951,.T.);
#6751=ORIENTED_EDGE('',*,*,#4952,.T.);
#6752=ORIENTED_EDGE('',*,*,#4953,.T.);
#6753=ORIENTED_EDGE('',*,*,#4954,.T.);
#6754=ORIENTED_EDGE('',*,*,#4955,.T.);
#6755=ORIENTED_EDGE('',*,*,#4951,.F.);
#6756=ORIENTED_EDGE('',*,*,#4956,.T.);
#6757=ORIENTED_EDGE('',*,*,#4953,.F.);
#6758=ORIENTED_EDGE('',*,*,#4957,.T.);
#6759=ORIENTED_EDGE('',*,*,#4958,.T.);
#6760=ORIENTED_EDGE('',*,*,#4959,.T.);
#6761=ORIENTED_EDGE('',*,*,#4960,.T.);
#6762=ORIENTED_EDGE('',*,*,#4961,.T.);
#6763=ORIENTED_EDGE('',*,*,#4962,.F.);
#6764=ORIENTED_EDGE('',*,*,#4963,.T.);
#6765=ORIENTED_EDGE('',*,*,#4964,.T.);
#6766=ORIENTED_EDGE('',*,*,#4820,.F.);
#6767=ORIENTED_EDGE('',*,*,#4965,.F.);
#6768=ORIENTED_EDGE('',*,*,#4966,.T.);
#6769=ORIENTED_EDGE('',*,*,#4967,.T.);
#6770=ORIENTED_EDGE('',*,*,#4968,.F.);
#6771=ORIENTED_EDGE('',*,*,#4969,.F.);
#6772=ORIENTED_EDGE('',*,*,#4970,.T.);
#6773=ORIENTED_EDGE('',*,*,#4971,.T.);
#6774=ORIENTED_EDGE('',*,*,#4959,.F.);
#6775=ORIENTED_EDGE('',*,*,#4972,.F.);
#6776=ORIENTED_EDGE('',*,*,#4973,.T.);
#6777=ORIENTED_EDGE('',*,*,#4974,.T.);
#6778=ORIENTED_EDGE('',*,*,#4955,.F.);
#6779=ORIENTED_EDGE('',*,*,#4975,.T.);
#6780=ORIENTED_EDGE('',*,*,#4968,.T.);
#6781=ORIENTED_EDGE('',*,*,#4976,.T.);
#6782=ORIENTED_EDGE('',*,*,#4977,.T.);
#6783=ORIENTED_EDGE('',*,*,#4978,.T.);
#6784=ORIENTED_EDGE('',*,*,#4852,.T.);
#6785=ORIENTED_EDGE('',*,*,#4979,.T.);
#6786=ORIENTED_EDGE('',*,*,#4980,.T.);
#6787=ORIENTED_EDGE('',*,*,#4981,.T.);
#6788=ORIENTED_EDGE('',*,*,#4848,.T.);
#6789=ORIENTED_EDGE('',*,*,#4982,.T.);
#6790=ORIENTED_EDGE('',*,*,#4983,.T.);
#6791=ORIENTED_EDGE('',*,*,#4881,.F.);
#6792=ORIENTED_EDGE('',*,*,#4984,.T.);
#6793=ORIENTED_EDGE('',*,*,#4985,.T.);
#6794=ORIENTED_EDGE('',*,*,#4986,.T.);
#6795=ORIENTED_EDGE('',*,*,#4885,.F.);
#6796=ORIENTED_EDGE('',*,*,#4987,.T.);
#6797=ORIENTED_EDGE('',*,*,#4988,.T.);
#6798=ORIENTED_EDGE('',*,*,#4989,.T.);
#6799=ORIENTED_EDGE('',*,*,#4990,.T.);
#6800=ORIENTED_EDGE('',*,*,#4991,.T.);
#6801=ORIENTED_EDGE('',*,*,#4992,.T.);
#6802=ORIENTED_EDGE('',*,*,#4993,.T.);
#6803=ORIENTED_EDGE('',*,*,#4843,.F.);
#6804=ORIENTED_EDGE('',*,*,#4994,.T.);
#6805=ORIENTED_EDGE('',*,*,#4995,.T.);
#6806=ORIENTED_EDGE('',*,*,#4996,.T.);
#6807=ORIENTED_EDGE('',*,*,#4861,.F.);
#6808=ORIENTED_EDGE('',*,*,#4997,.T.);
#6809=ORIENTED_EDGE('',*,*,#4998,.T.);
#6810=ORIENTED_EDGE('',*,*,#4999,.T.);
#6811=ORIENTED_EDGE('',*,*,#5000,.T.);
#6812=ORIENTED_EDGE('',*,*,#4878,.F.);
#6813=ORIENTED_EDGE('',*,*,#5001,.T.);
#6814=ORIENTED_EDGE('',*,*,#5002,.T.);
#6815=ORIENTED_EDGE('',*,*,#4838,.T.);
#6816=ORIENTED_EDGE('',*,*,#4900,.F.);
#6817=ORIENTED_EDGE('',*,*,#5003,.T.);
#6818=ORIENTED_EDGE('',*,*,#5004,.T.);
#6819=ORIENTED_EDGE('',*,*,#5005,.T.);
#6820=ORIENTED_EDGE('',*,*,#5006,.T.);
#6821=ORIENTED_EDGE('',*,*,#5007,.T.);
#6822=ORIENTED_EDGE('',*,*,#4903,.F.);
#6823=ORIENTED_EDGE('',*,*,#5008,.T.);
#6824=ORIENTED_EDGE('',*,*,#5009,.T.);
#6825=ORIENTED_EDGE('',*,*,#5010,.T.);
#6826=ORIENTED_EDGE('',*,*,#4907,.F.);
#6827=ORIENTED_EDGE('',*,*,#5011,.T.);
#6828=ORIENTED_EDGE('',*,*,#5012,.T.);
#6829=ORIENTED_EDGE('',*,*,#5013,.T.);
#6830=ORIENTED_EDGE('',*,*,#5014,.T.);
#6831=ORIENTED_EDGE('',*,*,#4924,.F.);
#6832=ORIENTED_EDGE('',*,*,#5015,.T.);
#6833=ORIENTED_EDGE('',*,*,#5016,.T.);
#6834=ORIENTED_EDGE('',*,*,#5017,.T.);
#6835=ORIENTED_EDGE('',*,*,#5018,.T.);
#6836=ORIENTED_EDGE('',*,*,#5019,.T.);
#6837=ORIENTED_EDGE('',*,*,#4927,.F.);
#6838=ORIENTED_EDGE('',*,*,#5020,.T.);
#6839=ORIENTED_EDGE('',*,*,#5021,.T.);
#6840=ORIENTED_EDGE('',*,*,#5022,.T.);
#6841=ORIENTED_EDGE('',*,*,#4931,.F.);
#6842=ORIENTED_EDGE('',*,*,#5023,.T.);
#6843=ORIENTED_EDGE('',*,*,#5024,.T.);
#6844=ORIENTED_EDGE('',*,*,#5025,.T.);
#6845=ORIENTED_EDGE('',*,*,#5026,.T.);
#6846=ORIENTED_EDGE('',*,*,#4948,.F.);
#6847=ORIENTED_EDGE('',*,*,#5027,.T.);
#6848=ORIENTED_EDGE('',*,*,#5028,.T.);
#6849=ORIENTED_EDGE('',*,*,#5029,.T.);
#6850=ORIENTED_EDGE('',*,*,#4961,.F.);
#6851=ORIENTED_EDGE('',*,*,#5030,.T.);
#6852=ORIENTED_EDGE('',*,*,#5031,.T.);
#6853=ORIENTED_EDGE('',*,*,#5032,.T.);
#6854=ORIENTED_EDGE('',*,*,#5033,.T.);
#6855=ORIENTED_EDGE('',*,*,#4977,.F.);
#6856=ORIENTED_EDGE('',*,*,#5034,.T.);
#6857=ORIENTED_EDGE('',*,*,#5035,.T.);
#6858=ORIENTED_EDGE('',*,*,#5036,.T.);
#6859=ORIENTED_EDGE('',*,*,#4980,.F.);
#6860=ORIENTED_EDGE('',*,*,#5037,.T.);
#6861=ORIENTED_EDGE('',*,*,#5038,.T.);
#6862=ORIENTED_EDGE('',*,*,#5039,.T.);
#6863=ORIENTED_EDGE('',*,*,#5040,.T.);
#6864=ORIENTED_EDGE('',*,*,#4983,.F.);
#6865=ORIENTED_EDGE('',*,*,#5041,.T.);
#6866=ORIENTED_EDGE('',*,*,#5042,.T.);
#6867=ORIENTED_EDGE('',*,*,#5043,.T.);
#6868=ORIENTED_EDGE('',*,*,#5044,.T.);
#6869=ORIENTED_EDGE('',*,*,#5045,.T.);
#6870=ORIENTED_EDGE('',*,*,#5046,.T.);
#6871=ORIENTED_EDGE('',*,*,#5047,.T.);
#6872=ORIENTED_EDGE('',*,*,#5048,.T.);
#6873=ORIENTED_EDGE('',*,*,#5049,.T.);
#6874=ORIENTED_EDGE('',*,*,#5050,.T.);
#6875=ORIENTED_EDGE('',*,*,#5051,.T.);
#6876=ORIENTED_EDGE('',*,*,#5034,.F.);
#6877=ORIENTED_EDGE('',*,*,#4976,.F.);
#6878=ORIENTED_EDGE('',*,*,#4967,.F.);
#6879=ORIENTED_EDGE('',*,*,#5052,.T.);
#6880=ORIENTED_EDGE('',*,*,#4965,.T.);
#6881=ORIENTED_EDGE('',*,*,#4819,.F.);
#6882=ORIENTED_EDGE('',*,*,#4855,.F.);
#6883=ORIENTED_EDGE('',*,*,#5053,.T.);
#6884=ORIENTED_EDGE('',*,*,#4853,.T.);
#6885=ORIENTED_EDGE('',*,*,#4978,.F.);
#6886=ORIENTED_EDGE('',*,*,#5036,.F.);
#6887=ORIENTED_EDGE('',*,*,#5054,.F.);
#6888=ORIENTED_EDGE('',*,*,#5055,.T.);
#6889=ORIENTED_EDGE('',*,*,#5054,.T.);
#6890=ORIENTED_EDGE('',*,*,#5035,.F.);
#6891=ORIENTED_EDGE('',*,*,#5051,.F.);
#6892=ORIENTED_EDGE('',*,*,#5056,.T.);
#6893=ORIENTED_EDGE('',*,*,#5057,.T.);
#6894=ORIENTED_EDGE('',*,*,#4984,.F.);
#6895=ORIENTED_EDGE('',*,*,#4880,.F.);
#6896=ORIENTED_EDGE('',*,*,#4868,.F.);
#6897=ORIENTED_EDGE('',*,*,#5058,.T.);
#6898=ORIENTED_EDGE('',*,*,#4866,.T.);
#6899=ORIENTED_EDGE('',*,*,#4827,.F.);
#6900=ORIENTED_EDGE('',*,*,#4889,.F.);
#6901=ORIENTED_EDGE('',*,*,#5059,.T.);
#6902=ORIENTED_EDGE('',*,*,#4887,.T.);
#6903=ORIENTED_EDGE('',*,*,#4882,.F.);
#6904=ORIENTED_EDGE('',*,*,#4986,.F.);
#6905=ORIENTED_EDGE('',*,*,#5060,.F.);
#6906=ORIENTED_EDGE('',*,*,#5061,.T.);
#6907=ORIENTED_EDGE('',*,*,#5060,.T.);
#6908=ORIENTED_EDGE('',*,*,#4985,.F.);
#6909=ORIENTED_EDGE('',*,*,#5057,.F.);
#6910=ORIENTED_EDGE('',*,*,#5062,.T.);
#6911=ORIENTED_EDGE('',*,*,#5063,.T.);
#6912=ORIENTED_EDGE('',*,*,#5049,.F.);
#6913=ORIENTED_EDGE('',*,*,#5064,.F.);
#6914=ORIENTED_EDGE('',*,*,#5065,.T.);
#6915=ORIENTED_EDGE('',*,*,#5064,.T.);
#6916=ORIENTED_EDGE('',*,*,#5048,.F.);
#6917=ORIENTED_EDGE('',*,*,#5066,.F.);
#6918=ORIENTED_EDGE('',*,*,#5067,.T.);
#6919=ORIENTED_EDGE('',*,*,#5066,.T.);
#6920=ORIENTED_EDGE('',*,*,#5047,.F.);
#6921=ORIENTED_EDGE('',*,*,#5068,.F.);
#6922=ORIENTED_EDGE('',*,*,#5069,.T.);
#6923=ORIENTED_EDGE('',*,*,#5068,.T.);
#6924=ORIENTED_EDGE('',*,*,#5046,.F.);
#6925=ORIENTED_EDGE('',*,*,#5063,.F.);
#6926=ORIENTED_EDGE('',*,*,#5070,.T.);
#6927=ORIENTED_EDGE('',*,*,#5071,.T.);
#6928=ORIENTED_EDGE('',*,*,#5012,.F.);
#6929=ORIENTED_EDGE('',*,*,#5072,.F.);
#6930=ORIENTED_EDGE('',*,*,#5073,.T.);
#6931=ORIENTED_EDGE('',*,*,#5072,.T.);
#6932=ORIENTED_EDGE('',*,*,#5011,.F.);
#6933=ORIENTED_EDGE('',*,*,#4906,.F.);
#6934=ORIENTED_EDGE('',*,*,#4908,.F.);
#6935=ORIENTED_EDGE('',*,*,#5074,.T.);
#6936=ORIENTED_EDGE('',*,*,#4920,.T.);
#6937=ORIENTED_EDGE('',*,*,#4922,.F.);
#6938=ORIENTED_EDGE('',*,*,#5014,.F.);
#6939=ORIENTED_EDGE('',*,*,#5075,.F.);
#6940=ORIENTED_EDGE('',*,*,#5076,.T.);
#6941=ORIENTED_EDGE('',*,*,#5075,.T.);
#6942=ORIENTED_EDGE('',*,*,#5013,.F.);
#6943=ORIENTED_EDGE('',*,*,#5071,.F.);
#6944=ORIENTED_EDGE('',*,*,#5077,.T.);
#6945=ORIENTED_EDGE('',*,*,#5078,.T.);
#6946=ORIENTED_EDGE('',*,*,#4989,.F.);
#6947=ORIENTED_EDGE('',*,*,#5079,.F.);
#6948=ORIENTED_EDGE('',*,*,#5080,.T.);
#6949=ORIENTED_EDGE('',*,*,#5079,.T.);
#6950=ORIENTED_EDGE('',*,*,#4988,.F.);
#6951=ORIENTED_EDGE('',*,*,#5081,.F.);
#6952=ORIENTED_EDGE('',*,*,#5082,.T.);
#6953=ORIENTED_EDGE('',*,*,#5081,.T.);
#6954=ORIENTED_EDGE('',*,*,#4987,.F.);
#6955=ORIENTED_EDGE('',*,*,#4884,.F.);
#6956=ORIENTED_EDGE('',*,*,#4886,.F.);
#6957=ORIENTED_EDGE('',*,*,#5083,.T.);
#6958=ORIENTED_EDGE('',*,*,#5084,.T.);
#6959=ORIENTED_EDGE('',*,*,#5001,.F.);
#6960=ORIENTED_EDGE('',*,*,#4877,.F.);
#6961=ORIENTED_EDGE('',*,*,#4872,.F.);
#6962=ORIENTED_EDGE('',*,*,#5085,.T.);
#6963=ORIENTED_EDGE('',*,*,#4870,.T.);
#6964=ORIENTED_EDGE('',*,*,#4879,.F.);
#6965=ORIENTED_EDGE('',*,*,#4993,.F.);
#6966=ORIENTED_EDGE('',*,*,#5086,.F.);
#6967=ORIENTED_EDGE('',*,*,#5087,.T.);
#6968=ORIENTED_EDGE('',*,*,#5086,.T.);
#6969=ORIENTED_EDGE('',*,*,#4992,.F.);
#6970=ORIENTED_EDGE('',*,*,#5088,.F.);
#6971=ORIENTED_EDGE('',*,*,#5089,.T.);
#6972=ORIENTED_EDGE('',*,*,#5088,.T.);
#6973=ORIENTED_EDGE('',*,*,#4991,.F.);
#6974=ORIENTED_EDGE('',*,*,#5090,.F.);
#6975=ORIENTED_EDGE('',*,*,#5091,.T.);
#6976=ORIENTED_EDGE('',*,*,#5090,.T.);
#6977=ORIENTED_EDGE('',*,*,#4990,.F.);
#6978=ORIENTED_EDGE('',*,*,#5078,.F.);
#6979=ORIENTED_EDGE('',*,*,#5092,.T.);
#6980=ORIENTED_EDGE('',*,*,#4856,.T.);
#6981=ORIENTED_EDGE('',*,*,#4817,.F.);
#6982=ORIENTED_EDGE('',*,*,#4865,.F.);
#6983=ORIENTED_EDGE('',*,*,#5093,.T.);
#6984=ORIENTED_EDGE('',*,*,#4863,.T.);
#6985=ORIENTED_EDGE('',*,*,#4858,.F.);
#6986=ORIENTED_EDGE('',*,*,#4996,.F.);
#6987=ORIENTED_EDGE('',*,*,#5094,.F.);
#6988=ORIENTED_EDGE('',*,*,#5095,.T.);
#6989=ORIENTED_EDGE('',*,*,#5094,.T.);
#6990=ORIENTED_EDGE('',*,*,#4995,.F.);
#6991=ORIENTED_EDGE('',*,*,#5096,.F.);
#6992=ORIENTED_EDGE('',*,*,#5097,.T.);
#6993=ORIENTED_EDGE('',*,*,#5096,.T.);
#6994=ORIENTED_EDGE('',*,*,#4994,.F.);
#6995=ORIENTED_EDGE('',*,*,#4842,.F.);
#6996=ORIENTED_EDGE('',*,*,#4844,.F.);
#6997=ORIENTED_EDGE('',*,*,#5098,.T.);
#6998=ORIENTED_EDGE('',*,*,#4845,.T.);
#6999=ORIENTED_EDGE('',*,*,#4840,.F.);
#7000=ORIENTED_EDGE('',*,*,#5045,.F.);
#7001=ORIENTED_EDGE('',*,*,#5099,.F.);
#7002=ORIENTED_EDGE('',*,*,#5100,.T.);
#7003=ORIENTED_EDGE('',*,*,#5099,.T.);
#7004=ORIENTED_EDGE('',*,*,#5044,.F.);
#7005=ORIENTED_EDGE('',*,*,#5101,.F.);
#7006=ORIENTED_EDGE('',*,*,#5102,.T.);
#7007=ORIENTED_EDGE('',*,*,#5101,.T.);
#7008=ORIENTED_EDGE('',*,*,#5043,.F.);
#7009=ORIENTED_EDGE('',*,*,#5103,.F.);
#7010=ORIENTED_EDGE('',*,*,#5104,.T.);
#7011=ORIENTED_EDGE('',*,*,#5103,.T.);
#7012=ORIENTED_EDGE('',*,*,#5042,.F.);
#7013=ORIENTED_EDGE('',*,*,#5105,.F.);
#7014=ORIENTED_EDGE('',*,*,#5106,.T.);
#7015=ORIENTED_EDGE('',*,*,#5105,.T.);
#7016=ORIENTED_EDGE('',*,*,#5041,.F.);
#7017=ORIENTED_EDGE('',*,*,#4982,.F.);
#7018=ORIENTED_EDGE('',*,*,#4847,.F.);
#7019=ORIENTED_EDGE('',*,*,#5107,.T.);
#7020=ORIENTED_EDGE('',*,*,#5108,.T.);
#7021=ORIENTED_EDGE('',*,*,#5020,.F.);
#7022=ORIENTED_EDGE('',*,*,#4926,.F.);
#7023=ORIENTED_EDGE('',*,*,#4914,.F.);
#7024=ORIENTED_EDGE('',*,*,#5109,.T.);
#7025=ORIENTED_EDGE('',*,*,#4912,.T.);
#7026=ORIENTED_EDGE('',*,*,#4823,.F.);
#7027=ORIENTED_EDGE('',*,*,#4935,.F.);
#7028=ORIENTED_EDGE('',*,*,#5110,.T.);
#7029=ORIENTED_EDGE('',*,*,#4933,.T.);
#7030=ORIENTED_EDGE('',*,*,#4928,.F.);
#7031=ORIENTED_EDGE('',*,*,#5022,.F.);
#7032=ORIENTED_EDGE('',*,*,#5111,.F.);
#7033=ORIENTED_EDGE('',*,*,#5112,.T.);
#7034=ORIENTED_EDGE('',*,*,#5111,.T.);
#7035=ORIENTED_EDGE('',*,*,#5021,.F.);
#7036=ORIENTED_EDGE('',*,*,#5108,.F.);
#7037=ORIENTED_EDGE('',*,*,#5113,.T.);
#7038=ORIENTED_EDGE('',*,*,#4894,.T.);
#7039=ORIENTED_EDGE('',*,*,#4901,.F.);
#7040=ORIENTED_EDGE('',*,*,#5007,.F.);
#7041=ORIENTED_EDGE('',*,*,#5114,.F.);
#7042=ORIENTED_EDGE('',*,*,#5115,.T.);
#7043=ORIENTED_EDGE('',*,*,#5114,.T.);
#7044=ORIENTED_EDGE('',*,*,#5006,.F.);
#7045=ORIENTED_EDGE('',*,*,#5116,.F.);
#7046=ORIENTED_EDGE('',*,*,#5117,.T.);
#7047=ORIENTED_EDGE('',*,*,#5116,.T.);
#7048=ORIENTED_EDGE('',*,*,#5005,.F.);
#7049=ORIENTED_EDGE('',*,*,#5118,.F.);
#7050=ORIENTED_EDGE('',*,*,#5119,.T.);
#7051=ORIENTED_EDGE('',*,*,#5118,.T.);
#7052=ORIENTED_EDGE('',*,*,#5004,.F.);
#7053=ORIENTED_EDGE('',*,*,#5120,.F.);
#7054=ORIENTED_EDGE('',*,*,#4833,.T.);
#7055=ORIENTED_EDGE('',*,*,#4839,.T.);
#7056=ORIENTED_EDGE('',*,*,#5002,.F.);
#7057=ORIENTED_EDGE('',*,*,#5084,.F.);
#7058=ORIENTED_EDGE('',*,*,#4834,.T.);
#7059=ORIENTED_EDGE('',*,*,#5120,.T.);
#7060=ORIENTED_EDGE('',*,*,#5003,.F.);
#7061=ORIENTED_EDGE('',*,*,#4899,.F.);
#7062=ORIENTED_EDGE('',*,*,#4896,.F.);
#7063=ORIENTED_EDGE('',*,*,#5121,.T.);
#7064=ORIENTED_EDGE('',*,*,#4831,.T.);
#7065=ORIENTED_EDGE('',*,*,#5122,.T.);
#7066=ORIENTED_EDGE('',*,*,#5123,.T.);
#7067=ORIENTED_EDGE('',*,*,#5024,.F.);
#7068=ORIENTED_EDGE('',*,*,#5124,.F.);
#7069=ORIENTED_EDGE('',*,*,#5125,.T.);
#7070=ORIENTED_EDGE('',*,*,#5124,.T.);
#7071=ORIENTED_EDGE('',*,*,#5023,.F.);
#7072=ORIENTED_EDGE('',*,*,#4930,.F.);
#7073=ORIENTED_EDGE('',*,*,#4932,.F.);
#7074=ORIENTED_EDGE('',*,*,#5126,.T.);
#7075=ORIENTED_EDGE('',*,*,#4944,.T.);
#7076=ORIENTED_EDGE('',*,*,#4946,.F.);
#7077=ORIENTED_EDGE('',*,*,#5026,.F.);
#7078=ORIENTED_EDGE('',*,*,#5127,.F.);
#7079=ORIENTED_EDGE('',*,*,#5128,.T.);
#7080=ORIENTED_EDGE('',*,*,#5127,.T.);
#7081=ORIENTED_EDGE('',*,*,#5025,.F.);
#7082=ORIENTED_EDGE('',*,*,#5123,.F.);
#7083=ORIENTED_EDGE('',*,*,#5129,.T.);
#7084=ORIENTED_EDGE('',*,*,#4940,.T.);
#7085=ORIENTED_EDGE('',*,*,#4949,.F.);
#7086=ORIENTED_EDGE('',*,*,#4957,.F.);
#7087=ORIENTED_EDGE('',*,*,#4952,.F.);
#7088=ORIENTED_EDGE('',*,*,#4974,.F.);
#7089=ORIENTED_EDGE('',*,*,#5130,.T.);
#7090=ORIENTED_EDGE('',*,*,#4972,.T.);
#7091=ORIENTED_EDGE('',*,*,#4958,.F.);
#7092=ORIENTED_EDGE('',*,*,#5029,.F.);
#7093=ORIENTED_EDGE('',*,*,#5131,.F.);
#7094=ORIENTED_EDGE('',*,*,#5132,.T.);
#7095=ORIENTED_EDGE('',*,*,#5131,.T.);
#7096=ORIENTED_EDGE('',*,*,#5028,.F.);
#7097=ORIENTED_EDGE('',*,*,#5133,.F.);
#7098=ORIENTED_EDGE('',*,*,#5134,.T.);
#7099=ORIENTED_EDGE('',*,*,#5133,.T.);
#7100=ORIENTED_EDGE('',*,*,#5027,.F.);
#7101=ORIENTED_EDGE('',*,*,#4947,.F.);
#7102=ORIENTED_EDGE('',*,*,#4942,.F.);
#7103=ORIENTED_EDGE('',*,*,#5135,.T.);
#7104=ORIENTED_EDGE('',*,*,#4936,.T.);
#7105=ORIENTED_EDGE('',*,*,#4821,.F.);
#7106=ORIENTED_EDGE('',*,*,#4964,.F.);
#7107=ORIENTED_EDGE('',*,*,#5136,.T.);
#7108=ORIENTED_EDGE('',*,*,#4962,.T.);
#7109=ORIENTED_EDGE('',*,*,#4954,.F.);
#7110=ORIENTED_EDGE('',*,*,#4956,.F.);
#7111=ORIENTED_EDGE('',*,*,#4950,.F.);
#7112=ORIENTED_EDGE('',*,*,#4938,.F.);
#7113=ORIENTED_EDGE('',*,*,#5137,.T.);
#7114=ORIENTED_EDGE('',*,*,#4916,.T.);
#7115=ORIENTED_EDGE('',*,*,#4925,.F.);
#7116=ORIENTED_EDGE('',*,*,#5019,.F.);
#7117=ORIENTED_EDGE('',*,*,#5138,.F.);
#7118=ORIENTED_EDGE('',*,*,#5139,.T.);
#7119=ORIENTED_EDGE('',*,*,#5138,.T.);
#7120=ORIENTED_EDGE('',*,*,#5018,.F.);
#7121=ORIENTED_EDGE('',*,*,#5140,.F.);
#7122=ORIENTED_EDGE('',*,*,#5141,.T.);
#7123=ORIENTED_EDGE('',*,*,#5140,.T.);
#7124=ORIENTED_EDGE('',*,*,#5017,.F.);
#7125=ORIENTED_EDGE('',*,*,#5142,.F.);
#7126=ORIENTED_EDGE('',*,*,#5143,.T.);
#7127=ORIENTED_EDGE('',*,*,#5142,.T.);
#7128=ORIENTED_EDGE('',*,*,#5016,.F.);
#7129=ORIENTED_EDGE('',*,*,#5144,.F.);
#7130=ORIENTED_EDGE('',*,*,#5145,.T.);
#7131=ORIENTED_EDGE('',*,*,#5144,.T.);
#7132=ORIENTED_EDGE('',*,*,#5015,.F.);
#7133=ORIENTED_EDGE('',*,*,#4923,.F.);
#7134=ORIENTED_EDGE('',*,*,#4918,.F.);
#7135=ORIENTED_EDGE('',*,*,#5146,.T.);
#7136=ORIENTED_EDGE('',*,*,#4969,.T.);
#7137=ORIENTED_EDGE('',*,*,#4975,.F.);
#7138=ORIENTED_EDGE('',*,*,#5033,.F.);
#7139=ORIENTED_EDGE('',*,*,#5147,.F.);
#7140=ORIENTED_EDGE('',*,*,#5148,.T.);
#7141=ORIENTED_EDGE('',*,*,#5147,.T.);
#7142=ORIENTED_EDGE('',*,*,#5032,.F.);
#7143=ORIENTED_EDGE('',*,*,#5149,.F.);
#7144=ORIENTED_EDGE('',*,*,#5150,.T.);
#7145=ORIENTED_EDGE('',*,*,#5149,.T.);
#7146=ORIENTED_EDGE('',*,*,#5031,.F.);
#7147=ORIENTED_EDGE('',*,*,#5151,.F.);
#7148=ORIENTED_EDGE('',*,*,#5152,.T.);
#7149=ORIENTED_EDGE('',*,*,#5151,.T.);
#7150=ORIENTED_EDGE('',*,*,#5030,.F.);
#7151=ORIENTED_EDGE('',*,*,#4960,.F.);
#7152=ORIENTED_EDGE('',*,*,#4971,.F.);
#7153=ORIENTED_EDGE('',*,*,#5153,.T.);
#7154=ORIENTED_EDGE('',*,*,#5154,.T.);
#7155=ORIENTED_EDGE('',*,*,#5038,.F.);
#7156=ORIENTED_EDGE('',*,*,#5155,.F.);
#7157=ORIENTED_EDGE('',*,*,#5156,.T.);
#7158=ORIENTED_EDGE('',*,*,#5155,.T.);
#7159=ORIENTED_EDGE('',*,*,#5037,.F.);
#7160=ORIENTED_EDGE('',*,*,#4979,.F.);
#7161=ORIENTED_EDGE('',*,*,#4851,.F.);
#7162=ORIENTED_EDGE('',*,*,#5157,.T.);
#7163=ORIENTED_EDGE('',*,*,#4849,.T.);
#7164=ORIENTED_EDGE('',*,*,#4981,.F.);
#7165=ORIENTED_EDGE('',*,*,#5040,.F.);
#7166=ORIENTED_EDGE('',*,*,#5158,.F.);
#7167=ORIENTED_EDGE('',*,*,#5159,.T.);
#7168=ORIENTED_EDGE('',*,*,#5158,.T.);
#7169=ORIENTED_EDGE('',*,*,#5039,.F.);
#7170=ORIENTED_EDGE('',*,*,#5154,.F.);
#7171=ORIENTED_EDGE('',*,*,#5160,.T.);
#7172=ORIENTED_EDGE('',*,*,#4890,.T.);
#7173=ORIENTED_EDGE('',*,*,#4825,.F.);
#7174=ORIENTED_EDGE('',*,*,#4911,.F.);
#7175=ORIENTED_EDGE('',*,*,#5161,.T.);
#7176=ORIENTED_EDGE('',*,*,#4909,.T.);
#7177=ORIENTED_EDGE('',*,*,#4904,.F.);
#7178=ORIENTED_EDGE('',*,*,#5010,.F.);
#7179=ORIENTED_EDGE('',*,*,#5162,.F.);
#7180=ORIENTED_EDGE('',*,*,#5163,.T.);
#7181=ORIENTED_EDGE('',*,*,#5162,.T.);
#7182=ORIENTED_EDGE('',*,*,#5009,.F.);
#7183=ORIENTED_EDGE('',*,*,#5164,.F.);
#7184=ORIENTED_EDGE('',*,*,#5165,.T.);
#7185=ORIENTED_EDGE('',*,*,#5164,.T.);
#7186=ORIENTED_EDGE('',*,*,#5008,.F.);
#7187=ORIENTED_EDGE('',*,*,#4902,.F.);
#7188=ORIENTED_EDGE('',*,*,#4892,.F.);
#7189=ORIENTED_EDGE('',*,*,#5166,.T.);
#7190=ORIENTED_EDGE('',*,*,#5167,.T.);
#7191=ORIENTED_EDGE('',*,*,#4998,.F.);
#7192=ORIENTED_EDGE('',*,*,#5168,.F.);
#7193=ORIENTED_EDGE('',*,*,#5169,.T.);
#7194=ORIENTED_EDGE('',*,*,#5168,.T.);
#7195=ORIENTED_EDGE('',*,*,#4997,.F.);
#7196=ORIENTED_EDGE('',*,*,#4860,.F.);
#7197=ORIENTED_EDGE('',*,*,#4862,.F.);
#7198=ORIENTED_EDGE('',*,*,#5170,.T.);
#7199=ORIENTED_EDGE('',*,*,#4874,.T.);
#7200=ORIENTED_EDGE('',*,*,#4876,.F.);
#7201=ORIENTED_EDGE('',*,*,#5000,.F.);
#7202=ORIENTED_EDGE('',*,*,#5171,.F.);
#7203=ORIENTED_EDGE('',*,*,#5172,.T.);
#7204=ORIENTED_EDGE('',*,*,#5171,.T.);
#7205=ORIENTED_EDGE('',*,*,#4999,.F.);
#7206=ORIENTED_EDGE('',*,*,#5167,.F.);
#7207=ORIENTED_EDGE('',*,*,#4773,.F.);
#7208=ORIENTED_EDGE('',*,*,#5173,.F.);
#7209=ORIENTED_EDGE('',*,*,#5174,.T.);
#7210=ORIENTED_EDGE('',*,*,#4814,.T.);
#7211=ORIENTED_EDGE('',*,*,#4776,.F.);
#7212=ORIENTED_EDGE('',*,*,#5175,.F.);
#7213=ORIENTED_EDGE('',*,*,#5176,.T.);
#7214=ORIENTED_EDGE('',*,*,#5173,.T.);
#7215=ORIENTED_EDGE('',*,*,#4779,.F.);
#7216=ORIENTED_EDGE('',*,*,#5177,.F.);
#7217=ORIENTED_EDGE('',*,*,#5178,.T.);
#7218=ORIENTED_EDGE('',*,*,#5175,.T.);
#7219=ORIENTED_EDGE('',*,*,#4782,.F.);
#7220=ORIENTED_EDGE('',*,*,#5179,.F.);
#7221=ORIENTED_EDGE('',*,*,#5180,.T.);
#7222=ORIENTED_EDGE('',*,*,#5177,.T.);
#7223=ORIENTED_EDGE('',*,*,#4785,.F.);
#7224=ORIENTED_EDGE('',*,*,#5181,.F.);
#7225=ORIENTED_EDGE('',*,*,#5182,.T.);
#7226=ORIENTED_EDGE('',*,*,#5179,.T.);
#7227=ORIENTED_EDGE('',*,*,#4788,.F.);
#7228=ORIENTED_EDGE('',*,*,#4805,.F.);
#7229=ORIENTED_EDGE('',*,*,#5183,.T.);
#7230=ORIENTED_EDGE('',*,*,#5181,.T.);
#7231=ORIENTED_EDGE('',*,*,#4804,.F.);
#7232=ORIENTED_EDGE('',*,*,#4807,.F.);
#7233=ORIENTED_EDGE('',*,*,#4809,.F.);
#7234=ORIENTED_EDGE('',*,*,#4811,.F.);
#7235=ORIENTED_EDGE('',*,*,#4813,.F.);
#7236=ORIENTED_EDGE('',*,*,#4815,.F.);
#7237=ORIENTED_EDGE('',*,*,#5174,.F.);
#7238=ORIENTED_EDGE('',*,*,#5176,.F.);
#7239=ORIENTED_EDGE('',*,*,#5178,.F.);
#7240=ORIENTED_EDGE('',*,*,#5180,.F.);
#7241=ORIENTED_EDGE('',*,*,#5182,.F.);
#7242=ORIENTED_EDGE('',*,*,#5183,.F.);
#7243=ORIENTED_EDGE('',*,*,#5055,.F.);
#7244=ORIENTED_EDGE('',*,*,#5050,.F.);
#7245=ORIENTED_EDGE('',*,*,#4966,.F.);
#7246=ORIENTED_EDGE('',*,*,#5052,.F.);
#7247=ORIENTED_EDGE('',*,*,#4854,.F.);
#7248=ORIENTED_EDGE('',*,*,#5053,.F.);
#7249=ORIENTED_EDGE('',*,*,#5061,.F.);
#7250=ORIENTED_EDGE('',*,*,#5056,.F.);
#7251=ORIENTED_EDGE('',*,*,#4867,.F.);
#7252=ORIENTED_EDGE('',*,*,#5058,.F.);
#7253=ORIENTED_EDGE('',*,*,#4888,.F.);
#7254=ORIENTED_EDGE('',*,*,#5059,.F.);
#7255=ORIENTED_EDGE('',*,*,#5069,.F.);
#7256=ORIENTED_EDGE('',*,*,#5062,.F.);
#7257=ORIENTED_EDGE('',*,*,#5065,.F.);
#7258=ORIENTED_EDGE('',*,*,#5067,.F.);
#7259=ORIENTED_EDGE('',*,*,#5076,.F.);
#7260=ORIENTED_EDGE('',*,*,#5070,.F.);
#7261=ORIENTED_EDGE('',*,*,#5073,.F.);
#7262=ORIENTED_EDGE('',*,*,#4921,.F.);
#7263=ORIENTED_EDGE('',*,*,#5074,.F.);
#7264=ORIENTED_EDGE('',*,*,#5119,.F.);
#7265=ORIENTED_EDGE('',*,*,#5083,.F.);
#7266=ORIENTED_EDGE('',*,*,#4871,.F.);
#7267=ORIENTED_EDGE('',*,*,#5085,.F.);
#7268=ORIENTED_EDGE('',*,*,#5087,.F.);
#7269=ORIENTED_EDGE('',*,*,#5089,.F.);
#7270=ORIENTED_EDGE('',*,*,#5091,.F.);
#7271=ORIENTED_EDGE('',*,*,#5077,.F.);
#7272=ORIENTED_EDGE('',*,*,#5080,.F.);
#7273=ORIENTED_EDGE('',*,*,#5082,.F.);
#7274=ORIENTED_EDGE('',*,*,#4898,.F.);
#7275=ORIENTED_EDGE('',*,*,#4835,.F.);
#7276=ORIENTED_EDGE('',*,*,#4828,.T.);
#7277=ORIENTED_EDGE('',*,*,#5121,.F.);
#7278=ORIENTED_EDGE('',*,*,#4895,.F.);
#7279=ORIENTED_EDGE('',*,*,#5113,.F.);
#7280=ORIENTED_EDGE('',*,*,#5115,.F.);
#7281=ORIENTED_EDGE('',*,*,#5117,.F.);
#7282=ORIENTED_EDGE('',*,*,#4857,.F.);
#7283=ORIENTED_EDGE('',*,*,#5092,.F.);
#7284=ORIENTED_EDGE('',*,*,#4864,.F.);
#7285=ORIENTED_EDGE('',*,*,#5093,.F.);
#7286=ORIENTED_EDGE('',*,*,#5095,.F.);
#7287=ORIENTED_EDGE('',*,*,#5097,.F.);
#7288=ORIENTED_EDGE('',*,*,#5106,.F.);
#7289=ORIENTED_EDGE('',*,*,#4846,.F.);
#7290=ORIENTED_EDGE('',*,*,#5098,.F.);
#7291=ORIENTED_EDGE('',*,*,#5100,.F.);
#7292=ORIENTED_EDGE('',*,*,#5102,.F.);
#7293=ORIENTED_EDGE('',*,*,#5104,.F.);
#7294=ORIENTED_EDGE('',*,*,#5112,.F.);
#7295=ORIENTED_EDGE('',*,*,#5107,.F.);
#7296=ORIENTED_EDGE('',*,*,#4913,.F.);
#7297=ORIENTED_EDGE('',*,*,#5109,.F.);
#7298=ORIENTED_EDGE('',*,*,#4934,.F.);
#7299=ORIENTED_EDGE('',*,*,#5110,.F.);
#7300=ORIENTED_EDGE('',*,*,#5128,.F.);
#7301=ORIENTED_EDGE('',*,*,#5122,.F.);
#7302=ORIENTED_EDGE('',*,*,#5125,.F.);
#7303=ORIENTED_EDGE('',*,*,#4945,.F.);
#7304=ORIENTED_EDGE('',*,*,#5126,.F.);
#7305=ORIENTED_EDGE('',*,*,#5134,.F.);
#7306=ORIENTED_EDGE('',*,*,#4941,.F.);
#7307=ORIENTED_EDGE('',*,*,#5129,.F.);
#7308=ORIENTED_EDGE('',*,*,#4973,.F.);
#7309=ORIENTED_EDGE('',*,*,#5130,.F.);
#7310=ORIENTED_EDGE('',*,*,#5132,.F.);
#7311=ORIENTED_EDGE('',*,*,#5136,.F.);
#7312=ORIENTED_EDGE('',*,*,#4937,.F.);
#7313=ORIENTED_EDGE('',*,*,#5135,.F.);
#7314=ORIENTED_EDGE('',*,*,#4963,.F.);
#7315=ORIENTED_EDGE('',*,*,#5145,.F.);
#7316=ORIENTED_EDGE('',*,*,#4917,.F.);
#7317=ORIENTED_EDGE('',*,*,#5137,.F.);
#7318=ORIENTED_EDGE('',*,*,#5139,.F.);
#7319=ORIENTED_EDGE('',*,*,#5141,.F.);
#7320=ORIENTED_EDGE('',*,*,#5143,.F.);
#7321=ORIENTED_EDGE('',*,*,#5152,.F.);
#7322=ORIENTED_EDGE('',*,*,#4970,.F.);
#7323=ORIENTED_EDGE('',*,*,#5146,.F.);
#7324=ORIENTED_EDGE('',*,*,#5148,.F.);
#7325=ORIENTED_EDGE('',*,*,#5150,.F.);
#7326=ORIENTED_EDGE('',*,*,#5159,.F.);
#7327=ORIENTED_EDGE('',*,*,#5153,.F.);
#7328=ORIENTED_EDGE('',*,*,#5156,.F.);
#7329=ORIENTED_EDGE('',*,*,#4850,.F.);
#7330=ORIENTED_EDGE('',*,*,#5157,.F.);
#7331=ORIENTED_EDGE('',*,*,#4891,.F.);
#7332=ORIENTED_EDGE('',*,*,#5160,.F.);
#7333=ORIENTED_EDGE('',*,*,#4910,.F.);
#7334=ORIENTED_EDGE('',*,*,#5161,.F.);
#7335=ORIENTED_EDGE('',*,*,#5163,.F.);
#7336=ORIENTED_EDGE('',*,*,#5165,.F.);
#7337=ORIENTED_EDGE('',*,*,#5172,.F.);
#7338=ORIENTED_EDGE('',*,*,#5166,.F.);
#7339=ORIENTED_EDGE('',*,*,#5169,.F.);
#7340=ORIENTED_EDGE('',*,*,#4875,.F.);
#7341=ORIENTED_EDGE('',*,*,#5170,.F.);
#7342=ORIENTED_EDGE('',*,*,#5184,.F.);
#7343=ORIENTED_EDGE('',*,*,#5185,.F.);
#7344=ORIENTED_EDGE('',*,*,#5186,.F.);
#7345=ORIENTED_EDGE('',*,*,#5187,.F.);
#7346=ORIENTED_EDGE('',*,*,#5188,.F.);
#7347=ORIENTED_EDGE('',*,*,#5189,.F.);
#7348=ORIENTED_EDGE('',*,*,#5190,.F.);
#7349=ORIENTED_EDGE('',*,*,#5191,.F.);
#7350=ORIENTED_EDGE('',*,*,#5192,.F.);
#7351=ORIENTED_EDGE('',*,*,#5193,.F.);
#7352=ORIENTED_EDGE('',*,*,#5186,.T.);
#7353=ORIENTED_EDGE('',*,*,#5184,.T.);
#7354=ORIENTED_EDGE('',*,*,#5194,.T.);
#7355=ORIENTED_EDGE('',*,*,#5195,.T.);
#7356=ORIENTED_EDGE('',*,*,#5196,.F.);
#7357=ORIENTED_EDGE('',*,*,#5192,.T.);
#7358=ORIENTED_EDGE('',*,*,#5197,.F.);
#7359=ORIENTED_EDGE('',*,*,#5198,.F.);
#7360=ORIENTED_EDGE('',*,*,#5199,.T.);
#7361=ORIENTED_EDGE('',*,*,#5194,.F.);
#7362=ORIENTED_EDGE('',*,*,#5188,.T.);
#7363=ORIENTED_EDGE('',*,*,#5200,.F.);
#7364=ORIENTED_EDGE('',*,*,#5201,.F.);
#7365=ORIENTED_EDGE('',*,*,#5202,.T.);
#7366=ORIENTED_EDGE('',*,*,#5203,.T.);
#7367=ORIENTED_EDGE('',*,*,#5202,.F.);
#7368=ORIENTED_EDGE('',*,*,#5204,.F.);
#7369=ORIENTED_EDGE('',*,*,#5205,.F.);
#7370=ORIENTED_EDGE('',*,*,#5206,.F.);
#7371=ORIENTED_EDGE('',*,*,#5195,.F.);
#7372=ORIENTED_EDGE('',*,*,#5199,.F.);
#7373=ORIENTED_EDGE('',*,*,#5207,.F.);
#7374=ORIENTED_EDGE('',*,*,#5208,.F.);
#7375=ORIENTED_EDGE('',*,*,#5209,.F.);
#7376=ORIENTED_EDGE('',*,*,#5210,.F.);
#7377=ORIENTED_EDGE('',*,*,#5205,.T.);
#7378=ORIENTED_EDGE('',*,*,#5189,.T.);
#7379=ORIENTED_EDGE('',*,*,#5203,.F.);
#7380=ORIENTED_EDGE('',*,*,#5209,.T.);
#7381=ORIENTED_EDGE('',*,*,#5211,.F.);
#7382=ORIENTED_EDGE('',*,*,#5212,.F.);
#7383=ORIENTED_EDGE('',*,*,#5213,.F.);
#7384=ORIENTED_EDGE('',*,*,#5214,.F.);
#7385=ORIENTED_EDGE('',*,*,#5215,.F.);
#7386=ORIENTED_EDGE('',*,*,#5216,.F.);
#7387=ORIENTED_EDGE('',*,*,#5217,.F.);
#7388=ORIENTED_EDGE('',*,*,#5218,.T.);
#7389=ORIENTED_EDGE('',*,*,#5219,.F.);
#7390=ORIENTED_EDGE('',*,*,#5218,.F.);
#7391=ORIENTED_EDGE('',*,*,#5220,.T.);
#7392=ORIENTED_EDGE('',*,*,#5221,.T.);
#7393=ORIENTED_EDGE('',*,*,#5222,.T.);
#7394=ORIENTED_EDGE('',*,*,#5223,.T.);
#7395=ORIENTED_EDGE('',*,*,#5224,.T.);
#7396=ORIENTED_EDGE('',*,*,#5225,.T.);
#7397=ORIENTED_EDGE('',*,*,#5226,.F.);
#7398=ORIENTED_EDGE('',*,*,#5227,.T.);
#7399=ORIENTED_EDGE('',*,*,#5228,.F.);
#7400=ORIENTED_EDGE('',*,*,#5229,.T.);
#7401=ORIENTED_EDGE('',*,*,#5230,.T.);
#7402=ORIENTED_EDGE('',*,*,#5231,.T.);
#7403=ORIENTED_EDGE('',*,*,#5232,.T.);
#7404=ORIENTED_EDGE('',*,*,#5233,.T.);
#7405=ORIENTED_EDGE('',*,*,#5234,.T.);
#7406=ORIENTED_EDGE('',*,*,#5235,.T.);
#7407=ORIENTED_EDGE('',*,*,#5236,.T.);
#7408=ORIENTED_EDGE('',*,*,#5237,.T.);
#7409=ORIENTED_EDGE('',*,*,#5238,.T.);
#7410=ORIENTED_EDGE('',*,*,#5239,.T.);
#7411=ORIENTED_EDGE('',*,*,#5240,.T.);
#7412=ORIENTED_EDGE('',*,*,#5241,.T.);
#7413=ORIENTED_EDGE('',*,*,#5242,.T.);
#7414=ORIENTED_EDGE('',*,*,#5243,.T.);
#7415=ORIENTED_EDGE('',*,*,#5244,.F.);
#7416=ORIENTED_EDGE('',*,*,#5245,.F.);
#7417=ORIENTED_EDGE('',*,*,#5246,.F.);
#7418=ORIENTED_EDGE('',*,*,#5247,.F.);
#7419=ORIENTED_EDGE('',*,*,#5248,.F.);
#7420=ORIENTED_EDGE('',*,*,#5249,.F.);
#7421=ORIENTED_EDGE('',*,*,#5250,.F.);
#7422=ORIENTED_EDGE('',*,*,#5251,.F.);
#7423=ORIENTED_EDGE('',*,*,#5252,.F.);
#7424=ORIENTED_EDGE('',*,*,#5253,.F.);
#7425=ORIENTED_EDGE('',*,*,#5254,.F.);
#7426=ORIENTED_EDGE('',*,*,#5255,.F.);
#7427=ORIENTED_EDGE('',*,*,#5256,.F.);
#7428=ORIENTED_EDGE('',*,*,#5257,.F.);
#7429=ORIENTED_EDGE('',*,*,#5258,.F.);
#7430=ORIENTED_EDGE('',*,*,#5259,.F.);
#7431=ORIENTED_EDGE('',*,*,#5260,.F.);
#7432=ORIENTED_EDGE('',*,*,#5261,.F.);
#7433=ORIENTED_EDGE('',*,*,#5219,.T.);
#7434=ORIENTED_EDGE('',*,*,#5198,.T.);
#7435=ORIENTED_EDGE('',*,*,#5215,.T.);
#7436=ORIENTED_EDGE('',*,*,#5207,.T.);
#7437=ORIENTED_EDGE('',*,*,#5191,.T.);
#7438=ORIENTED_EDGE('',*,*,#5216,.T.);
#7439=ORIENTED_EDGE('',*,*,#5197,.T.);
#7440=ORIENTED_EDGE('',*,*,#5190,.T.);
#7441=ORIENTED_EDGE('',*,*,#5212,.T.);
#7442=ORIENTED_EDGE('',*,*,#5213,.T.);
#7443=ORIENTED_EDGE('',*,*,#5217,.T.);
#7444=ORIENTED_EDGE('',*,*,#5211,.T.);
#7445=ORIENTED_EDGE('',*,*,#5208,.T.);
#7446=ORIENTED_EDGE('',*,*,#5214,.T.);
#7447=ORIENTED_EDGE('',*,*,#5262,.T.);
#7448=ORIENTED_EDGE('',*,*,#5263,.F.);
#7449=ORIENTED_EDGE('',*,*,#5264,.F.);
#7450=ORIENTED_EDGE('',*,*,#5250,.T.);
#7451=ORIENTED_EDGE('',*,*,#5265,.T.);
#7452=ORIENTED_EDGE('',*,*,#5266,.F.);
#7453=ORIENTED_EDGE('',*,*,#5262,.F.);
#7454=ORIENTED_EDGE('',*,*,#5249,.T.);
#7455=ORIENTED_EDGE('',*,*,#5267,.T.);
#7456=ORIENTED_EDGE('',*,*,#5268,.F.);
#7457=ORIENTED_EDGE('',*,*,#5265,.F.);
#7458=ORIENTED_EDGE('',*,*,#5248,.T.);
#7459=ORIENTED_EDGE('',*,*,#5269,.F.);
#7460=ORIENTED_EDGE('',*,*,#5270,.F.);
#7461=ORIENTED_EDGE('',*,*,#5271,.T.);
#7462=ORIENTED_EDGE('',*,*,#5272,.F.);
#7463=ORIENTED_EDGE('',*,*,#5273,.T.);
#7464=ORIENTED_EDGE('',*,*,#5274,.F.);
#7465=ORIENTED_EDGE('',*,*,#5269,.T.);
#7466=ORIENTED_EDGE('',*,*,#5275,.T.);
#7467=ORIENTED_EDGE('',*,*,#5276,.F.);
#7468=ORIENTED_EDGE('',*,*,#5277,.F.);
#7469=ORIENTED_EDGE('',*,*,#5278,.F.);
#7470=ORIENTED_EDGE('',*,*,#5273,.F.);
#7471=ORIENTED_EDGE('',*,*,#5279,.F.);
#7472=ORIENTED_EDGE('',*,*,#5280,.F.);
#7473=ORIENTED_EDGE('',*,*,#5281,.F.);
#7474=ORIENTED_EDGE('',*,*,#5276,.T.);
#7475=ORIENTED_EDGE('',*,*,#5282,.F.);
#7476=ORIENTED_EDGE('',*,*,#5283,.F.);
#7477=ORIENTED_EDGE('',*,*,#5284,.F.);
#7478=ORIENTED_EDGE('',*,*,#5285,.F.);
#7479=ORIENTED_EDGE('',*,*,#5286,.F.);
#7480=ORIENTED_EDGE('',*,*,#5287,.F.);
#7481=ORIENTED_EDGE('',*,*,#5288,.F.);
#7482=ORIENTED_EDGE('',*,*,#5289,.F.);
#7483=ORIENTED_EDGE('',*,*,#5290,.F.);
#7484=ORIENTED_EDGE('',*,*,#5291,.F.);
#7485=ORIENTED_EDGE('',*,*,#5292,.F.);
#7486=ORIENTED_EDGE('',*,*,#5285,.T.);
#7487=ORIENTED_EDGE('',*,*,#5283,.T.);
#7488=ORIENTED_EDGE('',*,*,#5293,.T.);
#7489=ORIENTED_EDGE('',*,*,#5294,.T.);
#7490=ORIENTED_EDGE('',*,*,#5295,.F.);
#7491=ORIENTED_EDGE('',*,*,#5296,.F.);
#7492=ORIENTED_EDGE('',*,*,#5291,.T.);
#7493=ORIENTED_EDGE('',*,*,#5297,.F.);
#7494=ORIENTED_EDGE('',*,*,#5298,.F.);
#7495=ORIENTED_EDGE('',*,*,#5299,.T.);
#7496=ORIENTED_EDGE('',*,*,#5293,.F.);
#7497=ORIENTED_EDGE('',*,*,#5287,.T.);
#7498=ORIENTED_EDGE('',*,*,#5300,.F.);
#7499=ORIENTED_EDGE('',*,*,#5301,.T.);
#7500=ORIENTED_EDGE('',*,*,#5302,.T.);
#7501=ORIENTED_EDGE('',*,*,#5301,.F.);
#7502=ORIENTED_EDGE('',*,*,#5303,.F.);
#7503=ORIENTED_EDGE('',*,*,#5304,.F.);
#7504=ORIENTED_EDGE('',*,*,#5305,.F.);
#7505=ORIENTED_EDGE('',*,*,#5294,.F.);
#7506=ORIENTED_EDGE('',*,*,#5299,.F.);
#7507=ORIENTED_EDGE('',*,*,#5306,.F.);
#7508=ORIENTED_EDGE('',*,*,#5307,.F.);
#7509=ORIENTED_EDGE('',*,*,#5308,.F.);
#7510=ORIENTED_EDGE('',*,*,#5309,.F.);
#7511=ORIENTED_EDGE('',*,*,#5304,.T.);
#7512=ORIENTED_EDGE('',*,*,#5288,.T.);
#7513=ORIENTED_EDGE('',*,*,#5302,.F.);
#7514=ORIENTED_EDGE('',*,*,#5308,.T.);
#7515=ORIENTED_EDGE('',*,*,#5310,.F.);
#7516=ORIENTED_EDGE('',*,*,#5311,.F.);
#7517=ORIENTED_EDGE('',*,*,#5312,.F.);
#7518=ORIENTED_EDGE('',*,*,#5313,.F.);
#7519=ORIENTED_EDGE('',*,*,#5314,.F.);
#7520=ORIENTED_EDGE('',*,*,#5315,.F.);
#7521=ORIENTED_EDGE('',*,*,#5316,.T.);
#7522=ORIENTED_EDGE('',*,*,#5242,.F.);
#7523=ORIENTED_EDGE('',*,*,#5316,.F.);
#7524=ORIENTED_EDGE('',*,*,#5317,.F.);
#7525=ORIENTED_EDGE('',*,*,#5298,.T.);
#7526=ORIENTED_EDGE('',*,*,#5314,.T.);
#7527=ORIENTED_EDGE('',*,*,#5306,.T.);
#7528=ORIENTED_EDGE('',*,*,#5290,.T.);
#7529=ORIENTED_EDGE('',*,*,#5317,.T.);
#7530=ORIENTED_EDGE('',*,*,#5315,.T.);
#7531=ORIENTED_EDGE('',*,*,#5297,.T.);
#7532=ORIENTED_EDGE('',*,*,#5289,.T.);
#7533=ORIENTED_EDGE('',*,*,#5311,.T.);
#7534=ORIENTED_EDGE('',*,*,#5312,.T.);
#7535=ORIENTED_EDGE('',*,*,#5310,.T.);
#7536=ORIENTED_EDGE('',*,*,#5307,.T.);
#7537=ORIENTED_EDGE('',*,*,#5313,.T.);
#7538=ORIENTED_EDGE('',*,*,#5318,.T.);
#7539=ORIENTED_EDGE('',*,*,#5319,.F.);
#7540=ORIENTED_EDGE('',*,*,#5320,.F.);
#7541=ORIENTED_EDGE('',*,*,#5256,.T.);
#7542=ORIENTED_EDGE('',*,*,#5321,.T.);
#7543=ORIENTED_EDGE('',*,*,#5322,.F.);
#7544=ORIENTED_EDGE('',*,*,#5318,.F.);
#7545=ORIENTED_EDGE('',*,*,#5255,.T.);
#7546=ORIENTED_EDGE('',*,*,#5323,.T.);
#7547=ORIENTED_EDGE('',*,*,#5324,.F.);
#7548=ORIENTED_EDGE('',*,*,#5321,.F.);
#7549=ORIENTED_EDGE('',*,*,#5254,.T.);
#7550=ORIENTED_EDGE('',*,*,#5325,.F.);
#7551=ORIENTED_EDGE('',*,*,#5326,.F.);
#7552=ORIENTED_EDGE('',*,*,#5327,.T.);
#7553=ORIENTED_EDGE('',*,*,#5328,.F.);
#7554=ORIENTED_EDGE('',*,*,#5329,.F.);
#7555=ORIENTED_EDGE('',*,*,#5330,.F.);
#7556=ORIENTED_EDGE('',*,*,#5331,.F.);
#7557=ORIENTED_EDGE('',*,*,#5325,.T.);
#7558=ORIENTED_EDGE('',*,*,#5332,.F.);
#7559=ORIENTED_EDGE('',*,*,#5333,.T.);
#7560=ORIENTED_EDGE('',*,*,#5334,.F.);
#7561=ORIENTED_EDGE('',*,*,#5329,.T.);
#7562=ORIENTED_EDGE('',*,*,#5335,.T.);
#7563=ORIENTED_EDGE('',*,*,#5336,.F.);
#7564=ORIENTED_EDGE('',*,*,#5337,.F.);
#7565=ORIENTED_EDGE('',*,*,#5338,.F.);
#7566=ORIENTED_EDGE('',*,*,#5339,.F.);
#7567=ORIENTED_EDGE('',*,*,#5340,.F.);
#7568=ORIENTED_EDGE('',*,*,#5341,.F.);
#7569=ORIENTED_EDGE('',*,*,#5342,.F.);
#7570=ORIENTED_EDGE('',*,*,#5343,.F.);
#7571=ORIENTED_EDGE('',*,*,#5344,.F.);
#7572=ORIENTED_EDGE('',*,*,#5345,.F.);
#7573=ORIENTED_EDGE('',*,*,#5338,.T.);
#7574=ORIENTED_EDGE('',*,*,#5336,.T.);
#7575=ORIENTED_EDGE('',*,*,#5346,.T.);
#7576=ORIENTED_EDGE('',*,*,#5347,.T.);
#7577=ORIENTED_EDGE('',*,*,#5348,.F.);
#7578=ORIENTED_EDGE('',*,*,#5344,.T.);
#7579=ORIENTED_EDGE('',*,*,#5349,.F.);
#7580=ORIENTED_EDGE('',*,*,#5350,.F.);
#7581=ORIENTED_EDGE('',*,*,#5351,.T.);
#7582=ORIENTED_EDGE('',*,*,#5346,.F.);
#7583=ORIENTED_EDGE('',*,*,#5342,.T.);
#7584=ORIENTED_EDGE('',*,*,#5352,.T.);
#7585=ORIENTED_EDGE('',*,*,#5353,.T.);
#7586=ORIENTED_EDGE('',*,*,#5343,.T.);
#7587=ORIENTED_EDGE('',*,*,#5354,.T.);
#7588=ORIENTED_EDGE('',*,*,#5349,.T.);
#7589=ORIENTED_EDGE('',*,*,#5340,.T.);
#7590=ORIENTED_EDGE('',*,*,#5355,.F.);
#7591=ORIENTED_EDGE('',*,*,#5356,.T.);
#7592=ORIENTED_EDGE('',*,*,#5357,.T.);
#7593=ORIENTED_EDGE('',*,*,#5356,.F.);
#7594=ORIENTED_EDGE('',*,*,#5358,.F.);
#7595=ORIENTED_EDGE('',*,*,#5359,.F.);
#7596=ORIENTED_EDGE('',*,*,#5360,.F.);
#7597=ORIENTED_EDGE('',*,*,#5347,.F.);
#7598=ORIENTED_EDGE('',*,*,#5351,.F.);
#7599=ORIENTED_EDGE('',*,*,#5361,.F.);
#7600=ORIENTED_EDGE('',*,*,#5362,.F.);
#7601=ORIENTED_EDGE('',*,*,#5363,.F.);
#7602=ORIENTED_EDGE('',*,*,#5364,.F.);
#7603=ORIENTED_EDGE('',*,*,#5359,.T.);
#7604=ORIENTED_EDGE('',*,*,#5365,.F.);
#7605=ORIENTED_EDGE('',*,*,#5341,.T.);
#7606=ORIENTED_EDGE('',*,*,#5357,.F.);
#7607=ORIENTED_EDGE('',*,*,#5363,.T.);
#7608=ORIENTED_EDGE('',*,*,#5366,.F.);
#7609=ORIENTED_EDGE('',*,*,#5352,.F.);
#7610=ORIENTED_EDGE('',*,*,#5361,.T.);
#7611=ORIENTED_EDGE('',*,*,#5350,.T.);
#7612=ORIENTED_EDGE('',*,*,#5367,.T.);
#7613=ORIENTED_EDGE('',*,*,#5362,.T.);
#7614=ORIENTED_EDGE('',*,*,#5368,.T.);
#7615=ORIENTED_EDGE('',*,*,#5366,.T.);
#7616=ORIENTED_EDGE('',*,*,#5369,.F.);
#7617=ORIENTED_EDGE('',*,*,#5370,.T.);
#7618=ORIENTED_EDGE('',*,*,#5365,.T.);
#7619=ORIENTED_EDGE('',*,*,#5358,.T.);
#7620=ORIENTED_EDGE('',*,*,#5355,.T.);
#7621=ORIENTED_EDGE('',*,*,#5339,.T.);
#7622=ORIENTED_EDGE('',*,*,#5345,.T.);
#7623=ORIENTED_EDGE('',*,*,#5337,.T.);
#7624=ORIENTED_EDGE('',*,*,#5348,.T.);
#7625=ORIENTED_EDGE('',*,*,#5360,.T.);
#7626=ORIENTED_EDGE('',*,*,#5364,.T.);
#7627=ORIENTED_EDGE('',*,*,#5370,.F.);
#7628=ORIENTED_EDGE('',*,*,#5371,.F.);
#7629=ORIENTED_EDGE('',*,*,#5372,.T.);
#7630=ORIENTED_EDGE('',*,*,#5200,.T.);
#7631=ORIENTED_EDGE('',*,*,#5187,.T.);
#7632=ORIENTED_EDGE('',*,*,#5193,.T.);
#7633=ORIENTED_EDGE('',*,*,#5185,.T.);
#7634=ORIENTED_EDGE('',*,*,#5196,.T.);
#7635=ORIENTED_EDGE('',*,*,#5206,.T.);
#7636=ORIENTED_EDGE('',*,*,#5210,.T.);
#7637=ORIENTED_EDGE('',*,*,#5204,.T.);
#7638=ORIENTED_EDGE('',*,*,#5201,.T.);
#7639=ORIENTED_EDGE('',*,*,#5372,.F.);
#7640=ORIENTED_EDGE('',*,*,#5353,.F.);
#7641=ORIENTED_EDGE('',*,*,#5368,.F.);
#7642=ORIENTED_EDGE('',*,*,#5373,.T.);
#7643=ORIENTED_EDGE('',*,*,#5243,.F.);
#7644=ORIENTED_EDGE('',*,*,#5373,.F.);
#7645=ORIENTED_EDGE('',*,*,#5367,.F.);
#7646=ORIENTED_EDGE('',*,*,#5354,.F.);
#7647=ORIENTED_EDGE('',*,*,#5374,.F.);
#7648=ORIENTED_EDGE('',*,*,#5375,.T.);
#7649=ORIENTED_EDGE('',*,*,#5295,.T.);
#7650=ORIENTED_EDGE('',*,*,#5305,.T.);
#7651=ORIENTED_EDGE('',*,*,#5309,.T.);
#7652=ORIENTED_EDGE('',*,*,#5303,.T.);
#7653=ORIENTED_EDGE('',*,*,#5300,.T.);
#7654=ORIENTED_EDGE('',*,*,#5286,.T.);
#7655=ORIENTED_EDGE('',*,*,#5292,.T.);
#7656=ORIENTED_EDGE('',*,*,#5284,.T.);
#7657=ORIENTED_EDGE('',*,*,#5296,.T.);
#7658=ORIENTED_EDGE('',*,*,#5375,.F.);
#7659=ORIENTED_EDGE('',*,*,#5376,.T.);
#7660=ORIENTED_EDGE('',*,*,#5377,.T.);
#7661=ORIENTED_EDGE('',*,*,#5378,.T.);
#7662=ORIENTED_EDGE('',*,*,#5379,.F.);
#7663=ORIENTED_EDGE('',*,*,#5380,.T.);
#7664=ORIENTED_EDGE('',*,*,#5381,.T.);
#7665=ORIENTED_EDGE('',*,*,#5324,.T.);
#7666=ORIENTED_EDGE('',*,*,#5377,.F.);
#7667=ORIENTED_EDGE('',*,*,#5382,.T.);
#7668=ORIENTED_EDGE('',*,*,#5383,.T.);
#7669=ORIENTED_EDGE('',*,*,#5322,.T.);
#7670=ORIENTED_EDGE('',*,*,#5381,.F.);
#7671=ORIENTED_EDGE('',*,*,#5384,.T.);
#7672=ORIENTED_EDGE('',*,*,#5385,.T.);
#7673=ORIENTED_EDGE('',*,*,#5319,.T.);
#7674=ORIENTED_EDGE('',*,*,#5383,.F.);
#7675=ORIENTED_EDGE('',*,*,#5386,.T.);
#7676=ORIENTED_EDGE('',*,*,#5387,.T.);
#7677=ORIENTED_EDGE('',*,*,#5388,.T.);
#7678=ORIENTED_EDGE('',*,*,#5385,.F.);
#7679=ORIENTED_EDGE('',*,*,#5389,.T.);
#7680=ORIENTED_EDGE('',*,*,#5390,.T.);
#7681=ORIENTED_EDGE('',*,*,#5391,.T.);
#7682=ORIENTED_EDGE('',*,*,#5387,.F.);
#7683=ORIENTED_EDGE('',*,*,#5392,.T.);
#7684=ORIENTED_EDGE('',*,*,#5393,.T.);
#7685=ORIENTED_EDGE('',*,*,#5394,.T.);
#7686=ORIENTED_EDGE('',*,*,#5390,.F.);
#7687=ORIENTED_EDGE('',*,*,#5395,.T.);
#7688=ORIENTED_EDGE('',*,*,#5396,.T.);
#7689=ORIENTED_EDGE('',*,*,#5397,.T.);
#7690=ORIENTED_EDGE('',*,*,#5393,.F.);
#7691=ORIENTED_EDGE('',*,*,#5398,.T.);
#7692=ORIENTED_EDGE('',*,*,#5399,.T.);
#7693=ORIENTED_EDGE('',*,*,#5400,.T.);
#7694=ORIENTED_EDGE('',*,*,#5396,.F.);
#7695=ORIENTED_EDGE('',*,*,#5401,.T.);
#7696=ORIENTED_EDGE('',*,*,#5402,.T.);
#7697=ORIENTED_EDGE('',*,*,#5403,.T.);
#7698=ORIENTED_EDGE('',*,*,#5399,.F.);
#7699=ORIENTED_EDGE('',*,*,#5404,.T.);
#7700=ORIENTED_EDGE('',*,*,#5402,.F.);
#7701=ORIENTED_EDGE('',*,*,#5405,.T.);
#7702=ORIENTED_EDGE('',*,*,#5406,.T.);
#7703=ORIENTED_EDGE('',*,*,#5407,.T.);
#7704=ORIENTED_EDGE('',*,*,#5406,.F.);
#7705=ORIENTED_EDGE('',*,*,#5408,.T.);
#7706=ORIENTED_EDGE('',*,*,#5409,.T.);
#7707=ORIENTED_EDGE('',*,*,#5410,.T.);
#7708=ORIENTED_EDGE('',*,*,#5409,.F.);
#7709=ORIENTED_EDGE('',*,*,#5411,.T.);
#7710=ORIENTED_EDGE('',*,*,#5412,.T.);
#7711=ORIENTED_EDGE('',*,*,#5268,.T.);
#7712=ORIENTED_EDGE('',*,*,#5412,.F.);
#7713=ORIENTED_EDGE('',*,*,#5413,.T.);
#7714=ORIENTED_EDGE('',*,*,#5414,.T.);
#7715=ORIENTED_EDGE('',*,*,#5266,.T.);
#7716=ORIENTED_EDGE('',*,*,#5414,.F.);
#7717=ORIENTED_EDGE('',*,*,#5415,.T.);
#7718=ORIENTED_EDGE('',*,*,#5416,.T.);
#7719=ORIENTED_EDGE('',*,*,#5263,.T.);
#7720=ORIENTED_EDGE('',*,*,#5416,.F.);
#7721=ORIENTED_EDGE('',*,*,#5417,.T.);
#7722=ORIENTED_EDGE('',*,*,#5418,.T.);
#7723=ORIENTED_EDGE('',*,*,#5419,.T.);
#7724=ORIENTED_EDGE('',*,*,#5418,.F.);
#7725=ORIENTED_EDGE('',*,*,#5420,.T.);
#7726=ORIENTED_EDGE('',*,*,#5421,.T.);
#7727=ORIENTED_EDGE('',*,*,#5422,.T.);
#7728=ORIENTED_EDGE('',*,*,#5421,.F.);
#7729=ORIENTED_EDGE('',*,*,#5423,.T.);
#7730=ORIENTED_EDGE('',*,*,#5379,.T.);
#7731=ORIENTED_EDGE('',*,*,#5404,.F.);
#7732=ORIENTED_EDGE('',*,*,#5424,.F.);
#7733=ORIENTED_EDGE('',*,*,#5245,.T.);
#7734=ORIENTED_EDGE('',*,*,#5425,.T.);
#7735=ORIENTED_EDGE('',*,*,#5407,.F.);
#7736=ORIENTED_EDGE('',*,*,#5426,.F.);
#7737=ORIENTED_EDGE('',*,*,#5246,.T.);
#7738=ORIENTED_EDGE('',*,*,#5424,.T.);
#7739=ORIENTED_EDGE('',*,*,#5410,.F.);
#7740=ORIENTED_EDGE('',*,*,#5267,.F.);
#7741=ORIENTED_EDGE('',*,*,#5247,.T.);
#7742=ORIENTED_EDGE('',*,*,#5426,.T.);
#7743=ORIENTED_EDGE('',*,*,#5419,.F.);
#7744=ORIENTED_EDGE('',*,*,#5427,.F.);
#7745=ORIENTED_EDGE('',*,*,#5251,.T.);
#7746=ORIENTED_EDGE('',*,*,#5264,.T.);
#7747=ORIENTED_EDGE('',*,*,#5422,.F.);
#7748=ORIENTED_EDGE('',*,*,#5428,.F.);
#7749=ORIENTED_EDGE('',*,*,#5252,.T.);
#7750=ORIENTED_EDGE('',*,*,#5427,.T.);
#7751=ORIENTED_EDGE('',*,*,#5378,.F.);
#7752=ORIENTED_EDGE('',*,*,#5323,.F.);
#7753=ORIENTED_EDGE('',*,*,#5253,.T.);
#7754=ORIENTED_EDGE('',*,*,#5428,.T.);
#7755=ORIENTED_EDGE('',*,*,#5429,.F.);
#7756=ORIENTED_EDGE('',*,*,#5430,.F.);
#7757=ORIENTED_EDGE('',*,*,#5431,.F.);
#7758=ORIENTED_EDGE('',*,*,#5432,.F.);
#7759=ORIENTED_EDGE('',*,*,#5433,.F.);
#7760=ORIENTED_EDGE('',*,*,#5434,.F.);
#7761=ORIENTED_EDGE('',*,*,#5435,.F.);
#7762=ORIENTED_EDGE('',*,*,#5436,.F.);
#7763=ORIENTED_EDGE('',*,*,#5437,.F.);
#7764=ORIENTED_EDGE('',*,*,#5438,.F.);
#7765=ORIENTED_EDGE('',*,*,#5439,.F.);
#7766=ORIENTED_EDGE('',*,*,#5440,.F.);
#7767=ORIENTED_EDGE('',*,*,#5441,.F.);
#7768=ORIENTED_EDGE('',*,*,#5442,.F.);
#7769=ORIENTED_EDGE('',*,*,#5443,.F.);
#7770=ORIENTED_EDGE('',*,*,#5444,.F.);
#7771=ORIENTED_EDGE('',*,*,#5445,.F.);
#7772=ORIENTED_EDGE('',*,*,#5446,.F.);
#7773=ORIENTED_EDGE('',*,*,#5447,.F.);
#7774=ORIENTED_EDGE('',*,*,#5448,.F.);
#7775=ORIENTED_EDGE('',*,*,#5371,.T.);
#7776=ORIENTED_EDGE('',*,*,#5369,.T.);
#7777=ORIENTED_EDGE('',*,*,#5374,.T.);
#7778=ORIENTED_EDGE('',*,*,#5376,.F.);
#7779=ORIENTED_EDGE('',*,*,#5423,.F.);
#7780=ORIENTED_EDGE('',*,*,#5420,.F.);
#7781=ORIENTED_EDGE('',*,*,#5417,.F.);
#7782=ORIENTED_EDGE('',*,*,#5415,.F.);
#7783=ORIENTED_EDGE('',*,*,#5413,.F.);
#7784=ORIENTED_EDGE('',*,*,#5411,.F.);
#7785=ORIENTED_EDGE('',*,*,#5408,.F.);
#7786=ORIENTED_EDGE('',*,*,#5405,.F.);
#7787=ORIENTED_EDGE('',*,*,#5401,.F.);
#7788=ORIENTED_EDGE('',*,*,#5398,.F.);
#7789=ORIENTED_EDGE('',*,*,#5395,.F.);
#7790=ORIENTED_EDGE('',*,*,#5392,.F.);
#7791=ORIENTED_EDGE('',*,*,#5389,.F.);
#7792=ORIENTED_EDGE('',*,*,#5386,.F.);
#7793=ORIENTED_EDGE('',*,*,#5384,.F.);
#7794=ORIENTED_EDGE('',*,*,#5382,.F.);
#7795=ORIENTED_EDGE('',*,*,#5380,.F.);
#7796=ORIENTED_EDGE('',*,*,#5449,.F.);
#7797=ORIENTED_EDGE('',*,*,#5335,.F.);
#7798=ORIENTED_EDGE('',*,*,#5450,.F.);
#7799=ORIENTED_EDGE('',*,*,#5331,.T.);
#7800=ORIENTED_EDGE('',*,*,#5451,.T.);
#7801=ORIENTED_EDGE('',*,*,#5452,.T.);
#7802=ORIENTED_EDGE('',*,*,#5453,.T.);
#7803=ORIENTED_EDGE('',*,*,#5334,.T.);
#7804=ORIENTED_EDGE('',*,*,#5454,.T.);
#7805=ORIENTED_EDGE('',*,*,#5451,.F.);
#7806=ORIENTED_EDGE('',*,*,#5330,.T.);
#7807=ORIENTED_EDGE('',*,*,#5455,.T.);
#7808=ORIENTED_EDGE('',*,*,#5449,.T.);
#7809=ORIENTED_EDGE('',*,*,#5432,.T.);
#7810=ORIENTED_EDGE('',*,*,#5456,.T.);
#7811=ORIENTED_EDGE('',*,*,#5431,.T.);
#7812=ORIENTED_EDGE('',*,*,#5457,.T.);
#7813=ORIENTED_EDGE('',*,*,#5458,.T.);
#7814=ORIENTED_EDGE('',*,*,#5456,.F.);
#7815=ORIENTED_EDGE('',*,*,#5459,.F.);
#7816=ORIENTED_EDGE('',*,*,#5460,.F.);
#7817=ORIENTED_EDGE('',*,*,#5461,.F.);
#7818=ORIENTED_EDGE('',*,*,#5462,.T.);
#7819=ORIENTED_EDGE('',*,*,#5459,.T.);
#7820=ORIENTED_EDGE('',*,*,#5429,.T.);
#7821=ORIENTED_EDGE('',*,*,#5463,.T.);
#7822=ORIENTED_EDGE('',*,*,#5448,.T.);
#7823=ORIENTED_EDGE('',*,*,#5464,.T.);
#7824=ORIENTED_EDGE('',*,*,#5465,.T.);
#7825=ORIENTED_EDGE('',*,*,#5463,.F.);
#7826=ORIENTED_EDGE('',*,*,#5466,.F.);
#7827=ORIENTED_EDGE('',*,*,#5467,.F.);
#7828=ORIENTED_EDGE('',*,*,#5468,.F.);
#7829=ORIENTED_EDGE('',*,*,#5469,.T.);
#7830=ORIENTED_EDGE('',*,*,#5470,.T.);
#7831=ORIENTED_EDGE('',*,*,#5471,.T.);
#7832=ORIENTED_EDGE('',*,*,#5472,.T.);
#7833=ORIENTED_EDGE('',*,*,#5473,.T.);
#7834=ORIENTED_EDGE('',*,*,#5474,.T.);
#7835=ORIENTED_EDGE('',*,*,#5470,.F.);
#7836=ORIENTED_EDGE('',*,*,#5475,.T.);
#7837=ORIENTED_EDGE('',*,*,#5473,.F.);
#7838=ORIENTED_EDGE('',*,*,#5476,.T.);
#7839=ORIENTED_EDGE('',*,*,#5467,.T.);
#7840=ORIENTED_EDGE('',*,*,#5477,.T.);
#7841=ORIENTED_EDGE('',*,*,#5447,.T.);
#7842=ORIENTED_EDGE('',*,*,#5468,.T.);
#7843=ORIENTED_EDGE('',*,*,#5478,.T.);
#7844=ORIENTED_EDGE('',*,*,#5464,.F.);
#7845=ORIENTED_EDGE('',*,*,#5479,.T.);
#7846=ORIENTED_EDGE('',*,*,#5466,.T.);
#7847=ORIENTED_EDGE('',*,*,#5446,.T.);
#7848=ORIENTED_EDGE('',*,*,#5480,.T.);
#7849=ORIENTED_EDGE('',*,*,#5445,.T.);
#7850=ORIENTED_EDGE('',*,*,#5481,.T.);
#7851=ORIENTED_EDGE('',*,*,#5482,.T.);
#7852=ORIENTED_EDGE('',*,*,#5480,.F.);
#7853=ORIENTED_EDGE('',*,*,#5483,.T.);
#7854=ORIENTED_EDGE('',*,*,#5484,.T.);
#7855=ORIENTED_EDGE('',*,*,#5485,.T.);
#7856=ORIENTED_EDGE('',*,*,#5486,.T.);
#7857=ORIENTED_EDGE('',*,*,#5487,.F.);
#7858=ORIENTED_EDGE('',*,*,#5275,.F.);
#7859=ORIENTED_EDGE('',*,*,#5488,.F.);
#7860=ORIENTED_EDGE('',*,*,#5489,.T.);
#7861=ORIENTED_EDGE('',*,*,#5490,.T.);
#7862=ORIENTED_EDGE('',*,*,#5281,.T.);
#7863=ORIENTED_EDGE('',*,*,#5486,.F.);
#7864=ORIENTED_EDGE('',*,*,#5491,.T.);
#7865=ORIENTED_EDGE('',*,*,#5492,.T.);
#7866=ORIENTED_EDGE('',*,*,#5277,.T.);
#7867=ORIENTED_EDGE('',*,*,#5490,.F.);
#7868=ORIENTED_EDGE('',*,*,#5492,.F.);
#7869=ORIENTED_EDGE('',*,*,#5493,.T.);
#7870=ORIENTED_EDGE('',*,*,#5274,.T.);
#7871=ORIENTED_EDGE('',*,*,#5278,.T.);
#7872=ORIENTED_EDGE('',*,*,#5444,.T.);
#7873=ORIENTED_EDGE('',*,*,#5488,.T.);
#7874=ORIENTED_EDGE('',*,*,#5272,.T.);
#7875=ORIENTED_EDGE('',*,*,#5481,.F.);
#7876=ORIENTED_EDGE('',*,*,#5279,.T.);
#7877=ORIENTED_EDGE('',*,*,#5487,.T.);
#7878=ORIENTED_EDGE('',*,*,#5443,.T.);
#7879=ORIENTED_EDGE('',*,*,#5494,.T.);
#7880=ORIENTED_EDGE('',*,*,#5226,.T.);
#7881=ORIENTED_EDGE('',*,*,#5495,.T.);
#7882=ORIENTED_EDGE('',*,*,#5484,.F.);
#7883=ORIENTED_EDGE('',*,*,#5496,.T.);
#7884=ORIENTED_EDGE('',*,*,#5282,.T.);
#7885=ORIENTED_EDGE('',*,*,#5494,.F.);
#7886=ORIENTED_EDGE('',*,*,#5442,.T.);
#7887=ORIENTED_EDGE('',*,*,#5497,.T.);
#7888=ORIENTED_EDGE('',*,*,#5498,.T.);
#7889=ORIENTED_EDGE('',*,*,#5497,.F.);
#7890=ORIENTED_EDGE('',*,*,#5441,.T.);
#7891=ORIENTED_EDGE('',*,*,#5499,.T.);
#7892=ORIENTED_EDGE('',*,*,#5500,.T.);
#7893=ORIENTED_EDGE('',*,*,#5499,.F.);
#7894=ORIENTED_EDGE('',*,*,#5440,.T.);
#7895=ORIENTED_EDGE('',*,*,#5501,.T.);
#7896=ORIENTED_EDGE('',*,*,#5502,.T.);
#7897=ORIENTED_EDGE('',*,*,#5501,.F.);
#7898=ORIENTED_EDGE('',*,*,#5439,.T.);
#7899=ORIENTED_EDGE('',*,*,#5503,.T.);
#7900=ORIENTED_EDGE('',*,*,#5504,.T.);
#7901=ORIENTED_EDGE('',*,*,#5472,.F.);
#7902=ORIENTED_EDGE('',*,*,#5505,.T.);
#7903=ORIENTED_EDGE('',*,*,#5506,.T.);
#7904=ORIENTED_EDGE('',*,*,#5507,.T.);
#7905=ORIENTED_EDGE('',*,*,#5503,.F.);
#7906=ORIENTED_EDGE('',*,*,#5438,.T.);
#7907=ORIENTED_EDGE('',*,*,#5508,.T.);
#7908=ORIENTED_EDGE('',*,*,#5509,.T.);
#7909=ORIENTED_EDGE('',*,*,#5510,.T.);
#7910=ORIENTED_EDGE('',*,*,#5511,.T.);
#7911=ORIENTED_EDGE('',*,*,#5506,.F.);
#7912=ORIENTED_EDGE('',*,*,#5510,.F.);
#7913=ORIENTED_EDGE('',*,*,#5512,.T.);
#7914=ORIENTED_EDGE('',*,*,#5513,.T.);
#7915=ORIENTED_EDGE('',*,*,#5514,.T.);
#7916=ORIENTED_EDGE('',*,*,#5513,.F.);
#7917=ORIENTED_EDGE('',*,*,#5515,.T.);
#7918=ORIENTED_EDGE('',*,*,#5460,.T.);
#7919=ORIENTED_EDGE('',*,*,#5516,.T.);
#7920=ORIENTED_EDGE('',*,*,#5517,.T.);
#7921=ORIENTED_EDGE('',*,*,#5508,.F.);
#7922=ORIENTED_EDGE('',*,*,#5437,.T.);
#7923=ORIENTED_EDGE('',*,*,#5518,.T.);
#7924=ORIENTED_EDGE('',*,*,#5430,.T.);
#7925=ORIENTED_EDGE('',*,*,#5461,.T.);
#7926=ORIENTED_EDGE('',*,*,#5519,.T.);
#7927=ORIENTED_EDGE('',*,*,#5457,.F.);
#7928=ORIENTED_EDGE('',*,*,#5520,.T.);
#7929=ORIENTED_EDGE('',*,*,#5518,.F.);
#7930=ORIENTED_EDGE('',*,*,#5436,.T.);
#7931=ORIENTED_EDGE('',*,*,#5521,.T.);
#7932=ORIENTED_EDGE('',*,*,#5522,.T.);
#7933=ORIENTED_EDGE('',*,*,#5521,.F.);
#7934=ORIENTED_EDGE('',*,*,#5435,.T.);
#7935=ORIENTED_EDGE('',*,*,#5523,.T.);
#7936=ORIENTED_EDGE('',*,*,#5328,.T.);
#7937=ORIENTED_EDGE('',*,*,#5523,.F.);
#7938=ORIENTED_EDGE('',*,*,#5434,.T.);
#7939=ORIENTED_EDGE('',*,*,#5524,.T.);
#7940=ORIENTED_EDGE('',*,*,#5433,.T.);
#7941=ORIENTED_EDGE('',*,*,#5450,.T.);
#7942=ORIENTED_EDGE('',*,*,#5332,.T.);
#7943=ORIENTED_EDGE('',*,*,#5524,.F.);
#7944=ORIENTED_EDGE('',*,*,#5326,.T.);
#7945=ORIENTED_EDGE('',*,*,#5453,.F.);
#7946=ORIENTED_EDGE('',*,*,#5525,.T.);
#7947=ORIENTED_EDGE('',*,*,#5526,.T.);
#7948=ORIENTED_EDGE('',*,*,#5527,.T.);
#7949=ORIENTED_EDGE('',*,*,#5526,.F.);
#7950=ORIENTED_EDGE('',*,*,#5528,.T.);
#7951=ORIENTED_EDGE('',*,*,#5529,.T.);
#7952=ORIENTED_EDGE('',*,*,#5530,.T.);
#7953=ORIENTED_EDGE('',*,*,#5529,.F.);
#7954=ORIENTED_EDGE('',*,*,#5531,.T.);
#7955=ORIENTED_EDGE('',*,*,#5532,.T.);
#7956=ORIENTED_EDGE('',*,*,#5533,.T.);
#7957=ORIENTED_EDGE('',*,*,#5532,.F.);
#7958=ORIENTED_EDGE('',*,*,#5534,.T.);
#7959=ORIENTED_EDGE('',*,*,#5535,.T.);
#7960=ORIENTED_EDGE('',*,*,#5536,.T.);
#7961=ORIENTED_EDGE('',*,*,#5535,.F.);
#7962=ORIENTED_EDGE('',*,*,#5537,.T.);
#7963=ORIENTED_EDGE('',*,*,#5538,.T.);
#7964=ORIENTED_EDGE('',*,*,#5539,.T.);
#7965=ORIENTED_EDGE('',*,*,#5538,.F.);
#7966=ORIENTED_EDGE('',*,*,#5540,.T.);
#7967=ORIENTED_EDGE('',*,*,#5541,.T.);
#7968=ORIENTED_EDGE('',*,*,#5542,.T.);
#7969=ORIENTED_EDGE('',*,*,#5541,.F.);
#7970=ORIENTED_EDGE('',*,*,#5543,.T.);
#7971=ORIENTED_EDGE('',*,*,#5544,.T.);
#7972=ORIENTED_EDGE('',*,*,#5228,.T.);
#7973=ORIENTED_EDGE('',*,*,#5545,.T.);
#7974=ORIENTED_EDGE('',*,*,#5546,.T.);
#7975=ORIENTED_EDGE('',*,*,#5547,.T.);
#7976=ORIENTED_EDGE('',*,*,#5548,.T.);
#7977=ORIENTED_EDGE('',*,*,#5546,.F.);
#7978=ORIENTED_EDGE('',*,*,#5549,.T.);
#7979=ORIENTED_EDGE('',*,*,#5544,.F.);
#7980=ORIENTED_EDGE('',*,*,#5478,.F.);
#7981=ORIENTED_EDGE('',*,*,#5476,.F.);
#7982=ORIENTED_EDGE('',*,*,#5475,.F.);
#7983=ORIENTED_EDGE('',*,*,#5469,.F.);
#7984=ORIENTED_EDGE('',*,*,#5550,.T.);
#7985=ORIENTED_EDGE('',*,*,#5465,.F.);
#7986=ORIENTED_EDGE('',*,*,#5550,.F.);
#7987=ORIENTED_EDGE('',*,*,#5504,.F.);
#7988=ORIENTED_EDGE('',*,*,#5551,.T.);
#7989=ORIENTED_EDGE('',*,*,#5522,.F.);
#7990=ORIENTED_EDGE('',*,*,#5327,.F.);
#7991=ORIENTED_EDGE('',*,*,#5527,.F.);
#7992=ORIENTED_EDGE('',*,*,#5552,.T.);
#7993=ORIENTED_EDGE('',*,*,#5520,.F.);
#7994=ORIENTED_EDGE('',*,*,#5552,.F.);
#7995=ORIENTED_EDGE('',*,*,#5530,.F.);
#7996=ORIENTED_EDGE('',*,*,#5553,.T.);
#7997=ORIENTED_EDGE('',*,*,#5517,.F.);
#7998=ORIENTED_EDGE('',*,*,#5553,.F.);
#7999=ORIENTED_EDGE('',*,*,#5533,.F.);
#8000=ORIENTED_EDGE('',*,*,#5554,.T.);
#8001=ORIENTED_EDGE('',*,*,#5507,.F.);
#8002=ORIENTED_EDGE('',*,*,#5554,.F.);
#8003=ORIENTED_EDGE('',*,*,#5536,.F.);
#8004=ORIENTED_EDGE('',*,*,#5555,.T.);
#8005=ORIENTED_EDGE('',*,*,#5502,.F.);
#8006=ORIENTED_EDGE('',*,*,#5555,.F.);
#8007=ORIENTED_EDGE('',*,*,#5539,.F.);
#8008=ORIENTED_EDGE('',*,*,#5556,.T.);
#8009=ORIENTED_EDGE('',*,*,#5500,.F.);
#8010=ORIENTED_EDGE('',*,*,#5556,.F.);
#8011=ORIENTED_EDGE('',*,*,#5542,.F.);
#8012=ORIENTED_EDGE('',*,*,#5557,.T.);
#8013=ORIENTED_EDGE('',*,*,#5227,.F.);
#8014=ORIENTED_EDGE('',*,*,#5496,.F.);
#8015=ORIENTED_EDGE('',*,*,#5483,.F.);
#8016=ORIENTED_EDGE('',*,*,#5280,.T.);
#8017=ORIENTED_EDGE('',*,*,#5498,.F.);
#8018=ORIENTED_EDGE('',*,*,#5557,.F.);
#8019=ORIENTED_EDGE('',*,*,#5549,.F.);
#8020=ORIENTED_EDGE('',*,*,#5545,.F.);
#8021=ORIENTED_EDGE('',*,*,#5495,.F.);
#8022=ORIENTED_EDGE('',*,*,#5225,.F.);
#8023=ORIENTED_EDGE('',*,*,#5558,.T.);
#8024=ORIENTED_EDGE('',*,*,#5559,.T.);
#8025=ORIENTED_EDGE('',*,*,#5485,.F.);
#8026=ORIENTED_EDGE('',*,*,#5559,.F.);
#8027=ORIENTED_EDGE('',*,*,#5560,.T.);
#8028=ORIENTED_EDGE('',*,*,#5561,.T.);
#8029=ORIENTED_EDGE('',*,*,#5562,.T.);
#8030=ORIENTED_EDGE('',*,*,#5563,.F.);
#8031=ORIENTED_EDGE('',*,*,#5491,.F.);
#8032=ORIENTED_EDGE('',*,*,#5489,.F.);
#8033=ORIENTED_EDGE('',*,*,#5558,.F.);
#8034=ORIENTED_EDGE('',*,*,#5224,.F.);
#8035=ORIENTED_EDGE('',*,*,#5564,.T.);
#8036=ORIENTED_EDGE('',*,*,#5560,.F.);
#8037=ORIENTED_EDGE('',*,*,#5547,.F.);
#8038=ORIENTED_EDGE('',*,*,#5565,.T.);
#8039=ORIENTED_EDGE('',*,*,#5566,.T.);
#8040=ORIENTED_EDGE('',*,*,#5229,.F.);
#8041=ORIENTED_EDGE('',*,*,#5452,.F.);
#8042=ORIENTED_EDGE('',*,*,#5567,.F.);
#8043=ORIENTED_EDGE('',*,*,#5568,.T.);
#8044=ORIENTED_EDGE('',*,*,#5569,.T.);
#8045=ORIENTED_EDGE('',*,*,#5570,.T.);
#8046=ORIENTED_EDGE('',*,*,#5571,.T.);
#8047=ORIENTED_EDGE('',*,*,#5572,.T.);
#8048=ORIENTED_EDGE('',*,*,#5573,.T.);
#8049=ORIENTED_EDGE('',*,*,#5574,.T.);
#8050=ORIENTED_EDGE('',*,*,#5575,.T.);
#8051=ORIENTED_EDGE('',*,*,#5576,.T.);
#8052=ORIENTED_EDGE('',*,*,#5565,.F.);
#8053=ORIENTED_EDGE('',*,*,#5548,.F.);
#8054=ORIENTED_EDGE('',*,*,#5543,.F.);
#8055=ORIENTED_EDGE('',*,*,#5540,.F.);
#8056=ORIENTED_EDGE('',*,*,#5537,.F.);
#8057=ORIENTED_EDGE('',*,*,#5534,.F.);
#8058=ORIENTED_EDGE('',*,*,#5531,.F.);
#8059=ORIENTED_EDGE('',*,*,#5528,.F.);
#8060=ORIENTED_EDGE('',*,*,#5525,.F.);
#8061=ORIENTED_EDGE('',*,*,#5493,.F.);
#8062=ORIENTED_EDGE('',*,*,#5563,.T.);
#8063=ORIENTED_EDGE('',*,*,#5577,.T.);
#8064=ORIENTED_EDGE('',*,*,#5270,.T.);
#8065=ORIENTED_EDGE('',*,*,#5577,.F.);
#8066=ORIENTED_EDGE('',*,*,#5562,.F.);
#8067=ORIENTED_EDGE('',*,*,#5578,.F.);
#8068=ORIENTED_EDGE('',*,*,#5222,.F.);
#8069=ORIENTED_EDGE('',*,*,#5474,.F.);
#8070=ORIENTED_EDGE('',*,*,#5579,.T.);
#8071=ORIENTED_EDGE('',*,*,#5580,.T.);
#8072=ORIENTED_EDGE('',*,*,#5581,.T.);
#8073=ORIENTED_EDGE('',*,*,#5471,.F.);
#8074=ORIENTED_EDGE('',*,*,#5581,.F.);
#8075=ORIENTED_EDGE('',*,*,#5582,.T.);
#8076=ORIENTED_EDGE('',*,*,#5583,.T.);
#8077=ORIENTED_EDGE('',*,*,#5584,.T.);
#8078=ORIENTED_EDGE('',*,*,#5585,.F.);
#8079=ORIENTED_EDGE('',*,*,#5509,.F.);
#8080=ORIENTED_EDGE('',*,*,#5505,.F.);
#8081=ORIENTED_EDGE('',*,*,#5580,.F.);
#8082=ORIENTED_EDGE('',*,*,#5220,.F.);
#8083=ORIENTED_EDGE('',*,*,#5586,.T.);
#8084=ORIENTED_EDGE('',*,*,#5582,.F.);
#8085=ORIENTED_EDGE('',*,*,#5512,.F.);
#8086=ORIENTED_EDGE('',*,*,#5585,.T.);
#8087=ORIENTED_EDGE('',*,*,#5587,.T.);
#8088=ORIENTED_EDGE('',*,*,#5588,.T.);
#8089=ORIENTED_EDGE('',*,*,#5515,.F.);
#8090=ORIENTED_EDGE('',*,*,#5588,.F.);
#8091=ORIENTED_EDGE('',*,*,#5589,.T.);
#8092=ORIENTED_EDGE('',*,*,#5519,.F.);
#8093=ORIENTED_EDGE('',*,*,#5587,.F.);
#8094=ORIENTED_EDGE('',*,*,#5584,.F.);
#8095=ORIENTED_EDGE('',*,*,#5590,.F.);
#8096=ORIENTED_EDGE('',*,*,#5240,.F.);
#8097=ORIENTED_EDGE('',*,*,#5454,.F.);
#8098=ORIENTED_EDGE('',*,*,#5591,.T.);
#8099=ORIENTED_EDGE('',*,*,#5592,.T.);
#8100=ORIENTED_EDGE('',*,*,#5567,.T.);
#8101=ORIENTED_EDGE('',*,*,#5592,.F.);
#8102=ORIENTED_EDGE('',*,*,#5238,.F.);
#8103=ORIENTED_EDGE('',*,*,#5593,.T.);
#8104=ORIENTED_EDGE('',*,*,#5568,.F.);
#8105=ORIENTED_EDGE('',*,*,#5241,.F.);
#8106=ORIENTED_EDGE('',*,*,#5590,.T.);
#8107=ORIENTED_EDGE('',*,*,#5583,.F.);
#8108=ORIENTED_EDGE('',*,*,#5586,.F.);
#8109=ORIENTED_EDGE('',*,*,#5223,.F.);
#8110=ORIENTED_EDGE('',*,*,#5578,.T.);
#8111=ORIENTED_EDGE('',*,*,#5561,.F.);
#8112=ORIENTED_EDGE('',*,*,#5564,.F.);
#8113=ORIENTED_EDGE('',*,*,#5232,.F.);
#8114=ORIENTED_EDGE('',*,*,#5594,.T.);
#8115=ORIENTED_EDGE('',*,*,#5574,.F.);
#8116=ORIENTED_EDGE('',*,*,#5595,.F.);
#8117=ORIENTED_EDGE('',*,*,#5233,.F.);
#8118=ORIENTED_EDGE('',*,*,#5595,.T.);
#8119=ORIENTED_EDGE('',*,*,#5573,.F.);
#8120=ORIENTED_EDGE('',*,*,#5596,.F.);
#8121=ORIENTED_EDGE('',*,*,#5234,.F.);
#8122=ORIENTED_EDGE('',*,*,#5596,.T.);
#8123=ORIENTED_EDGE('',*,*,#5572,.F.);
#8124=ORIENTED_EDGE('',*,*,#5597,.F.);
#8125=ORIENTED_EDGE('',*,*,#5235,.F.);
#8126=ORIENTED_EDGE('',*,*,#5597,.T.);
#8127=ORIENTED_EDGE('',*,*,#5571,.F.);
#8128=ORIENTED_EDGE('',*,*,#5598,.F.);
#8129=ORIENTED_EDGE('',*,*,#5236,.F.);
#8130=ORIENTED_EDGE('',*,*,#5598,.T.);
#8131=ORIENTED_EDGE('',*,*,#5570,.F.);
#8132=ORIENTED_EDGE('',*,*,#5599,.F.);
#8133=ORIENTED_EDGE('',*,*,#5237,.F.);
#8134=ORIENTED_EDGE('',*,*,#5599,.T.);
#8135=ORIENTED_EDGE('',*,*,#5569,.F.);
#8136=ORIENTED_EDGE('',*,*,#5593,.F.);
#8137=ORIENTED_EDGE('',*,*,#5566,.F.);
#8138=ORIENTED_EDGE('',*,*,#5576,.F.);
#8139=ORIENTED_EDGE('',*,*,#5600,.F.);
#8140=ORIENTED_EDGE('',*,*,#5230,.F.);
#8141=ORIENTED_EDGE('',*,*,#5231,.F.);
#8142=ORIENTED_EDGE('',*,*,#5600,.T.);
#8143=ORIENTED_EDGE('',*,*,#5575,.F.);
#8144=ORIENTED_EDGE('',*,*,#5594,.F.);
#8145=ORIENTED_EDGE('',*,*,#5388,.F.);
#8146=ORIENTED_EDGE('',*,*,#5601,.F.);
#8147=ORIENTED_EDGE('',*,*,#5257,.T.);
#8148=ORIENTED_EDGE('',*,*,#5320,.T.);
#8149=ORIENTED_EDGE('',*,*,#5391,.F.);
#8150=ORIENTED_EDGE('',*,*,#5602,.F.);
#8151=ORIENTED_EDGE('',*,*,#5258,.T.);
#8152=ORIENTED_EDGE('',*,*,#5601,.T.);
#8153=ORIENTED_EDGE('',*,*,#5394,.F.);
#8154=ORIENTED_EDGE('',*,*,#5603,.F.);
#8155=ORIENTED_EDGE('',*,*,#5259,.T.);
#8156=ORIENTED_EDGE('',*,*,#5602,.T.);
#8157=ORIENTED_EDGE('',*,*,#5397,.F.);
#8158=ORIENTED_EDGE('',*,*,#5604,.F.);
#8159=ORIENTED_EDGE('',*,*,#5260,.T.);
#8160=ORIENTED_EDGE('',*,*,#5603,.T.);
#8161=ORIENTED_EDGE('',*,*,#5400,.F.);
#8162=ORIENTED_EDGE('',*,*,#5605,.F.);
#8163=ORIENTED_EDGE('',*,*,#5261,.T.);
#8164=ORIENTED_EDGE('',*,*,#5604,.T.);
#8165=ORIENTED_EDGE('',*,*,#5403,.F.);
#8166=ORIENTED_EDGE('',*,*,#5425,.F.);
#8167=ORIENTED_EDGE('',*,*,#5244,.T.);
#8168=ORIENTED_EDGE('',*,*,#5605,.T.);
#8169=ORIENTED_EDGE('',*,*,#5482,.F.);
#8170=ORIENTED_EDGE('',*,*,#5271,.F.);
#8171=ORIENTED_EDGE('',*,*,#5221,.F.);
#8172=ORIENTED_EDGE('',*,*,#5606,.T.);
#8173=ORIENTED_EDGE('',*,*,#5607,.F.);
#8174=ORIENTED_EDGE('',*,*,#5591,.F.);
#8175=ORIENTED_EDGE('',*,*,#5333,.F.);
#8176=ORIENTED_EDGE('',*,*,#5455,.F.);
#8177=ORIENTED_EDGE('',*,*,#5458,.F.);
#8178=ORIENTED_EDGE('',*,*,#5589,.F.);
#8179=ORIENTED_EDGE('',*,*,#5239,.F.);
#8180=ORIENTED_EDGE('',*,*,#5607,.T.);
#8181=ORIENTED_EDGE('',*,*,#5462,.F.);
#8182=ORIENTED_EDGE('',*,*,#5551,.F.);
#8183=ORIENTED_EDGE('',*,*,#5511,.F.);
#8184=ORIENTED_EDGE('',*,*,#5514,.F.);
#8185=ORIENTED_EDGE('',*,*,#5516,.F.);
#8186=ORIENTED_EDGE('',*,*,#5479,.F.);
#8187=ORIENTED_EDGE('',*,*,#5606,.F.);
#8188=ORIENTED_EDGE('',*,*,#5579,.F.);
#8189=ORIENTED_EDGE('',*,*,#5477,.F.);
#8190=PLANE('',#9055);
#8191=PLANE('',#9056);
#8192=PLANE('',#9057);
#8193=PLANE('',#9058);
#8194=PLANE('',#9059);
#8195=PLANE('',#9060);
#8196=PLANE('',#9061);
#8197=PLANE('',#9062);
#8198=PLANE('',#9063);
#8199=PLANE('',#9064);
#8200=PLANE('',#9065);
#8201=PLANE('',#9066);
#8202=PLANE('',#9067);
#8203=PLANE('',#9068);
#8204=PLANE('',#9069);
#8205=PLANE('',#9070);
#8206=PLANE('',#9071);
#8207=PLANE('',#9072);
#8208=PLANE('',#9073);
#8209=PLANE('',#9095);
#8210=PLANE('',#9096);
#8211=PLANE('',#9097);
#8212=PLANE('',#9098);
#8213=PLANE('',#9099);
#8214=PLANE('',#9100);
#8215=PLANE('',#9101);
#8216=PLANE('',#9102);
#8217=PLANE('',#9103);
#8218=PLANE('',#9104);
#8219=PLANE('',#9105);
#8220=PLANE('',#9106);
#8221=PLANE('',#9107);
#8222=PLANE('',#9108);
#8223=PLANE('',#9109);
#8224=PLANE('',#9111);
#8225=PLANE('',#9112);
#8226=PLANE('',#9113);
#8227=PLANE('',#9117);
#8228=PLANE('',#9118);
#8229=PLANE('',#9119);
#8230=PLANE('',#9120);
#8231=PLANE('',#9121);
#8232=PLANE('',#9123);
#8233=PLANE('',#9124);
#8234=PLANE('',#9125);
#8235=PLANE('',#9127);
#8236=PLANE('',#9128);
#8237=PLANE('',#9129);
#8238=PLANE('',#9130);
#8239=PLANE('',#9131);
#8240=PLANE('',#9132);
#8241=PLANE('',#9133);
#8242=PLANE('',#9134);
#8243=PLANE('',#9135);
#8244=PLANE('',#9136);
#8245=PLANE('',#9137);
#8246=PLANE('',#9138);
#8247=PLANE('',#9139);
#8248=PLANE('',#9140);
#8249=PLANE('',#9141);
#8250=PLANE('',#9142);
#8251=PLANE('',#9143);
#8252=PLANE('',#9144);
#8253=PLANE('',#9162);
#8254=PLANE('',#9163);
#8255=PLANE('',#9164);
#8256=PLANE('',#9166);
#8257=PLANE('',#9167);
#8258=PLANE('',#9168);
#8259=PLANE('',#9169);
#8260=PLANE('',#9170);
#8261=PLANE('',#9171);
#8262=PLANE('',#9172);
#8263=PLANE('',#9173);
#8264=PLANE('',#9174);
#8265=PLANE('',#9175);
#8266=PLANE('',#9177);
#8267=PLANE('',#9180);
#8268=PLANE('',#9181);
#8269=PLANE('',#9182);
#8270=PLANE('',#9183);
#8271=PLANE('',#9184);
#8272=PLANE('',#9186);
#8273=PLANE('',#9187);
#8274=PLANE('',#9188);
#8275=PLANE('',#9189);
#8276=PLANE('',#9191);
#8277=PLANE('',#9192);
#8278=PLANE('',#9194);
#8279=PLANE('',#9197);
#8280=PLANE('',#9198);
#8281=PLANE('',#9200);
#8282=PLANE('',#9201);
#8283=PLANE('',#9203);
#8284=PLANE('',#9204);
#8285=PLANE('',#9205);
#8286=PLANE('',#9207);
#8287=PLANE('',#9208);
#8288=PLANE('',#9214);
#8289=PLANE('',#9215);
#8290=PLANE('',#9218);
#8291=PLANE('',#9219);
#8292=PLANE('',#9220);
#8293=PLANE('',#9221);
#8294=PLANE('',#9222);
#8295=PLANE('',#9223);
#8296=PLANE('',#9225);
#8297=PLANE('',#9226);
#8298=PLANE('',#9227);
#8299=PLANE('',#9229);
#8300=PLANE('',#9230);
#8301=PLANE('',#9231);
#8302=PLANE('',#9232);
#8303=PLANE('',#9233);
#8304=PLANE('',#9234);
#8305=PLANE('',#9235);
#8306=PLANE('',#9236);
#8307=PLANE('',#9238);
#8308=PLANE('',#9239);
#8309=PLANE('',#9240);
#8310=PLANE('',#9241);
#8311=PLANE('',#9242);
#8312=PLANE('',#9243);
#8313=PLANE('',#9244);
#8314=PLANE('',#9245);
#8315=PLANE('',#9246);
#8316=PLANE('',#9247);
#8317=PLANE('',#9248);
#8318=PLANE('',#9249);
#8319=PLANE('',#9250);
#8320=PLANE('',#9251);
#8321=PLANE('',#9252);
#8322=PLANE('',#9253);
#8323=PLANE('',#9254);
#8324=PLANE('',#9255);
#8325=PLANE('',#9256);
#8326=PLANE('',#9257);
#8327=PLANE('',#9258);
#8328=PLANE('',#9260);
#8329=PLANE('',#9261);
#8330=PLANE('',#9262);
#8331=PLANE('',#9263);
#8332=PLANE('',#9264);
#8333=PLANE('',#9265);
#8334=PLANE('',#9266);
#8335=PLANE('',#9267);
#8336=PLANE('',#9268);
#8337=PLANE('',#9269);
#8338=PLANE('',#9270);
#8339=PLANE('',#9271);
#8340=PLANE('',#9272);
#8341=PLANE('',#9273);
#8342=PLANE('',#9274);
#8343=PLANE('',#9275);
#8344=PLANE('',#9276);
#8345=PLANE('',#9277);
#8346=PLANE('',#9278);
#8347=PLANE('',#9279);
#8348=PLANE('',#9280);
#8349=PLANE('',#9281);
#8350=PLANE('',#9282);
#8351=PLANE('',#9283);
#8352=PLANE('',#9284);
#8353=PLANE('',#9285);
#8354=PLANE('',#9286);
#8355=PLANE('',#9290);
#8356=PLANE('',#9310);
#8357=PLANE('',#9311);
#8358=PLANE('',#9312);
#8359=PLANE('',#9315);
#8360=PLANE('',#9316);
#8361=PLANE('',#9317);
#8362=PLANE('',#9328);
#8363=PLANE('',#9329);
#8364=PLANE('',#9330);
#8365=PLANE('',#9333);
#8366=PLANE('',#9336);
#8367=PLANE('',#9337);
#8368=PLANE('',#9338);
#8369=PLANE('',#9341);
#8370=PLANE('',#9342);
#8371=PLANE('',#9343);
#8372=PLANE('',#9344);
#8373=PLANE('',#9345);
#8374=PLANE('',#9346);
#8375=PLANE('',#9347);
#8376=PLANE('',#9348);
#8377=PLANE('',#9353);
#8378=PLANE('',#9354);
#8379=PLANE('',#9355);
#8380=PLANE('',#9356);
#8381=PLANE('',#9359);
#8382=PLANE('',#9360);
#8383=PLANE('',#9365);
#8384=PLANE('',#9366);
#8385=PLANE('',#9367);
#8386=PLANE('',#9368);
#8387=PLANE('',#9371);
#8388=PLANE('',#9372);
#8389=PLANE('',#9375);
#8390=PLANE('',#9376);
#8391=PLANE('',#9377);
#8392=PLANE('',#9378);
#8393=PLANE('',#9379);
#8394=PLANE('',#9384);
#8395=PLANE('',#9385);
#8396=PLANE('',#9386);
#8397=PLANE('',#9389);
#8398=PLANE('',#9390);
#8399=PLANE('',#9391);
#8400=PLANE('',#9392);
#8401=PLANE('',#9395);
#8402=PLANE('',#9396);
#8403=PLANE('',#9397);
#8404=PLANE('',#9398);
#8405=PLANE('',#9399);
#8406=PLANE('',#9400);
#8407=PLANE('',#9401);
#8408=PLANE('',#9404);
#8409=PLANE('',#9405);
#8410=PLANE('',#9406);
#8411=PLANE('',#9407);
#8412=PLANE('',#9408);
#8413=PLANE('',#9409);
#8414=PLANE('',#9410);
#8415=PLANE('',#9412);
#8416=PLANE('',#9413);
#8417=PLANE('',#9415);
#8418=PLANE('',#9417);
#8419=PLANE('',#9418);
#8420=PLANE('',#9421);
#8421=PLANE('',#9422);
#8422=PLANE('',#9424);
#8423=PLANE('',#9432);
#8424=PLANE('',#9435);
#8425=PLANE('',#9436);
#8426=PLANE('',#9437);
#8427=PLANE('',#9438);
#8428=PLANE('',#9439);
#8429=PLANE('',#9440);
#8430=PLANE('',#9441);
#8431=PLANE('',#9442);
#8432=PLANE('',#9443);
#8433=PLANE('',#9444);
#8434=PLANE('',#9446);
#8435=PLANE('',#9447);
#8436=PLANE('',#9448);
#8437=PLANE('',#9450);
#8438=PLANE('',#9453);
#8439=PLANE('',#9454);
#8440=PLANE('',#9456);
#8441=PLANE('',#9457);
#8442=PLANE('',#9459);
#8443=PLANE('',#9466);
#8444=PLANE('',#9467);
#8445=PLANE('',#9468);
#8446=PLANE('',#9469);
#8447=PLANE('',#9470);
#8448=PLANE('',#9471);
#8449=PLANE('',#9472);
#8450=PLANE('',#9473);
#8451=PLANE('',#9474);
#8452=PLANE('',#9476);
#8453=PLANE('',#9477);
#8454=PLANE('',#9478);
#8455=PLANE('',#9480);
#8456=PLANE('',#9482);
#8457=PLANE('',#9483);
#8458=PLANE('',#9485);
#8459=PLANE('',#9487);
#8460=PLANE('',#9489);
#8461=PLANE('',#9490);
#8462=PLANE('',#9493);
#8463=PLANE('',#9494);
#8464=PLANE('',#9496);
#8465=PLANE('',#9505);
#8466=PLANE('',#9506);
#8467=PLANE('',#9507);
#8468=PLANE('',#9508);
#8469=PLANE('',#9509);
#8470=PLANE('',#9510);
#8471=PLANE('',#9511);
#8472=PLANE('',#9512);
#8473=PLANE('',#9513);
#8474=PLANE('',#9514);
#8475=PLANE('',#9515);
#8476=PLANE('',#9516);
#8477=PLANE('',#9517);
#8478=PLANE('',#9518);
#8479=PLANE('',#9519);
#8480=PLANE('',#9520);
#8481=PLANE('',#9521);
#8482=PLANE('',#9522);
#8483=PLANE('',#9523);
#8484=PLANE('',#9524);
#8485=PLANE('',#9525);
#8486=PLANE('',#9526);
#8487=PLANE('',#9527);
#8488=PLANE('',#9528);
#8489=PLANE('',#9529);
#8490=PLANE('',#9530);
#8491=PLANE('',#9531);
#8492=PLANE('',#9534);
#8493=PLANE('',#9535);
#8494=PLANE('',#9536);
#8495=PLANE('',#9537);
#8496=PLANE('',#9538);
#8497=PLANE('',#9539);
#8498=PLANE('',#9540);
#8499=PLANE('',#9544);
#8500=PLANE('',#9545);
#8501=PLANE('',#9546);
#8502=PLANE('',#9547);
#8503=PLANE('',#9548);
#8504=PLANE('',#9549);
#8505=PLANE('',#9550);
#8506=PLANE('',#9551);
#8507=PLANE('',#9554);
#8508=PLANE('',#9555);
#8509=PLANE('',#9559);
#8510=PLANE('',#9560);
#8511=PLANE('',#9561);
#8512=PLANE('',#9562);
#8513=PLANE('',#9563);
#8514=PLANE('',#9564);
#8515=PLANE('',#9565);
#8516=PLANE('',#9569);
#8517=PLANE('',#9570);
#8518=PLANE('',#9571);
#8519=PLANE('',#9572);
#8520=PLANE('',#9573);
#8521=PLANE('',#9574);
#8522=PLANE('',#9575);
#8523=PLANE('',#9576);
#8524=PLANE('',#9577);
#8525=PLANE('',#9578);
#8526=PLANE('',#9579);
#8527=PLANE('',#9580);
#8528=PLANE('',#9581);
#8529=PLANE('',#9582);
#8530=PLANE('',#9586);
#8531=PLANE('',#9587);
#8532=PLANE('',#9588);
#8533=PLANE('',#9589);
#8534=PLANE('',#9590);
#8535=PLANE('',#9591);
#8536=PLANE('',#9592);
#8537=PLANE('',#9593);
#8538=PLANE('',#9594);
#8539=PLANE('',#9595);
#8540=PLANE('',#9598);
#8541=PLANE('',#9599);
#8542=PLANE('',#9602);
#8543=PLANE('',#9605);
#8544=PLANE('',#9608);
#8545=PLANE('',#9609);
#8546=PLANE('',#9612);
#8547=PLANE('',#9613);
#8548=PLANE('',#9616);
#8549=PLANE('',#9617);
#8550=PLANE('',#9618);
#8551=PLANE('',#9619);
#8552=PLANE('',#9620);
#8553=PLANE('',#9621);
#8554=PLANE('',#9622);
#8555=PLANE('',#9623);
#8556=PLANE('',#9624);
#8557=PLANE('',#9625);
#8558=PLANE('',#9626);
#8559=PLANE('',#9627);
#8560=PLANE('',#9628);
#8561=PLANE('',#9629);
#8562=PLANE('',#9630);
#8563=PLANE('',#9631);
#8564=PLANE('',#9632);
#8565=PLANE('',#9633);
#8566=PLANE('',#9634);
#8567=PLANE('',#9635);
#8568=PLANE('',#9636);
#8569=PLANE('',#9637);
#8570=ADVANCED_FACE('',(#310),#8190,.T.);
#8571=ADVANCED_FACE('',(#311),#8191,.T.);
#8572=ADVANCED_FACE('',(#312),#8192,.T.);
#8573=ADVANCED_FACE('',(#313),#8193,.T.);
#8574=ADVANCED_FACE('',(#314),#8194,.T.);
#8575=ADVANCED_FACE('',(#315),#8195,.T.);
#8576=ADVANCED_FACE('',(#316),#8196,.T.);
#8577=ADVANCED_FACE('',(#317),#8197,.T.);
#8578=ADVANCED_FACE('',(#318),#8198,.T.);
#8579=ADVANCED_FACE('',(#319),#8199,.T.);
#8580=ADVANCED_FACE('',(#320),#8200,.T.);
#8581=ADVANCED_FACE('',(#321),#8201,.T.);
#8582=ADVANCED_FACE('',(#322),#8202,.T.);
#8583=ADVANCED_FACE('',(#323),#8203,.T.);
#8584=ADVANCED_FACE('',(#324),#8204,.T.);
#8585=ADVANCED_FACE('',(#325),#8205,.T.);
#8586=ADVANCED_FACE('',(#326),#8206,.T.);
#8587=ADVANCED_FACE('',(#327),#8207,.T.);
#8588=ADVANCED_FACE('',(#328,#125,#126,#127,#128,#129,#130,#131,#132,#133,
#134,#135,#136,#137,#138,#139,#140),#8208,.F.);
#8589=ADVANCED_FACE('',(#329),#8209,.T.);
#8590=ADVANCED_FACE('',(#330),#8210,.T.);
#8591=ADVANCED_FACE('',(#331),#8211,.T.);
#8592=ADVANCED_FACE('',(#332),#8212,.T.);
#8593=ADVANCED_FACE('',(#333),#8213,.T.);
#8594=ADVANCED_FACE('',(#334),#8214,.T.);
#8595=ADVANCED_FACE('',(#335),#8215,.T.);
#8596=ADVANCED_FACE('',(#336),#8216,.T.);
#8597=ADVANCED_FACE('',(#337),#8217,.T.);
#8598=ADVANCED_FACE('',(#338),#8218,.T.);
#8599=ADVANCED_FACE('',(#339),#8219,.T.);
#8600=ADVANCED_FACE('',(#340),#8220,.T.);
#8601=ADVANCED_FACE('',(#341,#141),#8221,.T.);
#8602=ADVANCED_FACE('',(#342),#8222,.F.);
#8603=ADVANCED_FACE('',(#343),#8223,.F.);
#8604=ADVANCED_FACE('',(#344),#8224,.T.);
#8605=ADVANCED_FACE('',(#345),#8225,.T.);
#8606=ADVANCED_FACE('',(#346),#8226,.T.);
#8607=ADVANCED_FACE('',(#347),#8227,.T.);
#8608=ADVANCED_FACE('',(#348),#8228,.T.);
#8609=ADVANCED_FACE('',(#349),#8229,.T.);
#8610=ADVANCED_FACE('',(#350),#8230,.T.);
#8611=ADVANCED_FACE('',(#351),#8231,.T.);
#8612=ADVANCED_FACE('',(#352),#8232,.T.);
#8613=ADVANCED_FACE('',(#353),#8233,.T.);
#8614=ADVANCED_FACE('',(#354),#8234,.T.);
#8615=ADVANCED_FACE('',(#355),#8235,.T.);
#8616=ADVANCED_FACE('',(#356),#8236,.T.);
#8617=ADVANCED_FACE('',(#357),#8237,.T.);
#8618=ADVANCED_FACE('',(#358),#8238,.T.);
#8619=ADVANCED_FACE('',(#359),#95,.T.);
#8620=ADVANCED_FACE('',(#360),#8239,.T.);
#8621=ADVANCED_FACE('',(#361),#8240,.T.);
#8622=ADVANCED_FACE('',(#362),#8241,.T.);
#8623=ADVANCED_FACE('',(#363),#8242,.T.);
#8624=ADVANCED_FACE('',(#364),#8243,.T.);
#8625=ADVANCED_FACE('',(#365),#96,.T.);
#8626=ADVANCED_FACE('',(#366),#8244,.T.);
#8627=ADVANCED_FACE('',(#367),#8245,.T.);
#8628=ADVANCED_FACE('',(#368),#97,.T.);
#8629=ADVANCED_FACE('',(#369),#8246,.T.);
#8630=ADVANCED_FACE('',(#370),#8247,.T.);
#8631=ADVANCED_FACE('',(#371),#8248,.T.);
#8632=ADVANCED_FACE('',(#372),#98,.T.);
#8633=ADVANCED_FACE('',(#373),#8249,.T.);
#8634=ADVANCED_FACE('',(#374),#99,.T.);
#8635=ADVANCED_FACE('',(#375),#8250,.T.);
#8636=ADVANCED_FACE('',(#376),#100,.T.);
#8637=ADVANCED_FACE('',(#377),#8251,.T.);
#8638=ADVANCED_FACE('',(#378,#142),#8252,.T.);
#8639=ADVANCED_FACE('',(#379),#8253,.T.);
#8640=ADVANCED_FACE('',(#380),#8254,.T.);
#8641=ADVANCED_FACE('',(#381),#8255,.T.);
#8642=ADVANCED_FACE('',(#382),#41,.F.);
#8643=ADVANCED_FACE('',(#383),#8256,.T.);
#8644=ADVANCED_FACE('',(#384),#8257,.T.);
#8645=ADVANCED_FACE('',(#385),#8258,.T.);
#8646=ADVANCED_FACE('',(#386),#8259,.T.);
#8647=ADVANCED_FACE('',(#387),#8260,.T.);
#8648=ADVANCED_FACE('',(#388),#8261,.T.);
#8649=ADVANCED_FACE('',(#389),#8262,.T.);
#8650=ADVANCED_FACE('',(#390),#8263,.T.);
#8651=ADVANCED_FACE('',(#391),#8264,.T.);
#8652=ADVANCED_FACE('',(#392),#8265,.T.);
#8653=ADVANCED_FACE('',(#393),#42,.T.);
#8654=ADVANCED_FACE('',(#394),#8266,.T.);
#8655=ADVANCED_FACE('',(#395),#43,.T.);
#8656=ADVANCED_FACE('',(#396),#44,.T.);
#8657=ADVANCED_FACE('',(#397),#8267,.T.);
#8658=ADVANCED_FACE('',(#398),#8268,.T.);
#8659=ADVANCED_FACE('',(#399),#8269,.T.);
#8660=ADVANCED_FACE('',(#400),#8270,.T.);
#8661=ADVANCED_FACE('',(#401),#8271,.T.);
#8662=ADVANCED_FACE('',(#402),#45,.F.);
#8663=ADVANCED_FACE('',(#403),#8272,.T.);
#8664=ADVANCED_FACE('',(#404),#8273,.T.);
#8665=ADVANCED_FACE('',(#405),#8274,.T.);
#8666=ADVANCED_FACE('',(#406),#8275,.T.);
#8667=ADVANCED_FACE('',(#407),#46,.F.);
#8668=ADVANCED_FACE('',(#408),#8276,.T.);
#8669=ADVANCED_FACE('',(#409),#8277,.T.);
#8670=ADVANCED_FACE('',(#410),#47,.T.);
#8671=ADVANCED_FACE('',(#411),#8278,.T.);
#8672=ADVANCED_FACE('',(#412),#48,.T.);
#8673=ADVANCED_FACE('',(#413),#49,.T.);
#8674=ADVANCED_FACE('',(#414),#8279,.T.);
#8675=ADVANCED_FACE('',(#415),#8280,.T.);
#8676=ADVANCED_FACE('',(#416),#50,.T.);
#8677=ADVANCED_FACE('',(#417),#8281,.T.);
#8678=ADVANCED_FACE('',(#418),#8282,.T.);
#8679=ADVANCED_FACE('',(#419),#51,.T.);
#8680=ADVANCED_FACE('',(#420),#8283,.T.);
#8681=ADVANCED_FACE('',(#421),#8284,.T.);
#8682=ADVANCED_FACE('',(#422),#8285,.T.);
#8683=ADVANCED_FACE('',(#423),#52,.T.);
#8684=ADVANCED_FACE('',(#424),#8286,.T.);
#8685=ADVANCED_FACE('',(#425),#8287,.T.);
#8686=ADVANCED_FACE('',(#426),#53,.T.);
#8687=ADVANCED_FACE('',(#427),#54,.F.);
#8688=ADVANCED_FACE('',(#428),#55,.F.);
#8689=ADVANCED_FACE('',(#429),#56,.T.);
#8690=ADVANCED_FACE('',(#430),#57,.F.);
#8691=ADVANCED_FACE('',(#431),#8288,.T.);
#8692=ADVANCED_FACE('',(#432),#8289,.T.);
#8693=ADVANCED_FACE('',(#433),#58,.T.);
#8694=ADVANCED_FACE('',(#434),#59,.T.);
#8695=ADVANCED_FACE('',(#435),#8290,.T.);
#8696=ADVANCED_FACE('',(#436),#8291,.T.);
#8697=ADVANCED_FACE('',(#437),#8292,.T.);
#8698=ADVANCED_FACE('',(#438),#8293,.T.);
#8699=ADVANCED_FACE('',(#439),#8294,.T.);
#8700=ADVANCED_FACE('',(#440),#8295,.T.);
#8701=ADVANCED_FACE('',(#441),#60,.T.);
#8702=ADVANCED_FACE('',(#442),#8296,.T.);
#8703=ADVANCED_FACE('',(#443),#8297,.T.);
#8704=ADVANCED_FACE('',(#444),#8298,.T.);
#8705=ADVANCED_FACE('',(#445),#61,.T.);
#8706=ADVANCED_FACE('',(#446),#8299,.T.);
#8707=ADVANCED_FACE('',(#447),#8300,.T.);
#8708=ADVANCED_FACE('',(#448),#8301,.T.);
#8709=ADVANCED_FACE('',(#449),#8302,.T.);
#8710=ADVANCED_FACE('',(#450),#8303,.T.);
#8711=ADVANCED_FACE('',(#451),#8304,.T.);
#8712=ADVANCED_FACE('',(#452),#8305,.T.);
#8713=ADVANCED_FACE('',(#453),#8306,.T.);
#8714=ADVANCED_FACE('',(#454),#8307,.T.);
#8715=ADVANCED_FACE('',(#455),#8308,.T.);
#8716=ADVANCED_FACE('',(#456),#8309,.T.);
#8717=ADVANCED_FACE('',(#457),#8310,.T.);
#8718=ADVANCED_FACE('',(#458),#8311,.T.);
#8719=ADVANCED_FACE('',(#459),#8312,.T.);
#8720=ADVANCED_FACE('',(#460),#8313,.T.);
#8721=ADVANCED_FACE('',(#461),#8314,.T.);
#8722=ADVANCED_FACE('',(#462),#8315,.T.);
#8723=ADVANCED_FACE('',(#463),#8316,.T.);
#8724=ADVANCED_FACE('',(#464),#8317,.T.);
#8725=ADVANCED_FACE('',(#465),#8318,.T.);
#8726=ADVANCED_FACE('',(#466),#8319,.T.);
#8727=ADVANCED_FACE('',(#467),#8320,.T.);
#8728=ADVANCED_FACE('',(#468),#8321,.T.);
#8729=ADVANCED_FACE('',(#469),#8322,.T.);
#8730=ADVANCED_FACE('',(#470),#8323,.T.);
#8731=ADVANCED_FACE('',(#471),#8324,.T.);
#8732=ADVANCED_FACE('',(#472,#143),#8325,.T.);
#8733=ADVANCED_FACE('',(#473),#8326,.F.);
#8734=ADVANCED_FACE('',(#474),#8327,.F.);
#8735=ADVANCED_FACE('',(#475),#8328,.T.);
#8736=ADVANCED_FACE('',(#476),#8329,.T.);
#8737=ADVANCED_FACE('',(#477),#8330,.T.);
#8738=ADVANCED_FACE('',(#478),#8331,.T.);
#8739=ADVANCED_FACE('',(#479),#8332,.T.);
#8740=ADVANCED_FACE('',(#480),#8333,.T.);
#8741=ADVANCED_FACE('',(#481),#8334,.T.);
#8742=ADVANCED_FACE('',(#482),#8335,.T.);
#8743=ADVANCED_FACE('',(#483),#8336,.T.);
#8744=ADVANCED_FACE('',(#484),#8337,.T.);
#8745=ADVANCED_FACE('',(#485),#8338,.T.);
#8746=ADVANCED_FACE('',(#486),#8339,.T.);
#8747=ADVANCED_FACE('',(#487),#8340,.T.);
#8748=ADVANCED_FACE('',(#488),#8341,.T.);
#8749=ADVANCED_FACE('',(#489),#8342,.T.);
#8750=ADVANCED_FACE('',(#490),#8343,.T.);
#8751=ADVANCED_FACE('',(#491),#8344,.T.);
#8752=ADVANCED_FACE('',(#492),#8345,.T.);
#8753=ADVANCED_FACE('',(#493),#8346,.T.);
#8754=ADVANCED_FACE('',(#494),#8347,.T.);
#8755=ADVANCED_FACE('',(#495),#8348,.T.);
#8756=ADVANCED_FACE('',(#496),#8349,.T.);
#8757=ADVANCED_FACE('',(#497),#8350,.T.);
#8758=ADVANCED_FACE('',(#498),#8351,.T.);
#8759=ADVANCED_FACE('',(#499),#8352,.T.);
#8760=ADVANCED_FACE('',(#500),#8353,.T.);
#8761=ADVANCED_FACE('',(#501),#8354,.T.);
#8762=ADVANCED_FACE('',(#502,#144),#8355,.T.);
#8763=ADVANCED_FACE('',(#503),#8356,.T.);
#8764=ADVANCED_FACE('',(#504),#8357,.T.);
#8765=ADVANCED_FACE('',(#505),#8358,.T.);
#8766=ADVANCED_FACE('',(#506),#62,.F.);
#8767=ADVANCED_FACE('',(#507),#8359,.T.);
#8768=ADVANCED_FACE('',(#508),#8360,.T.);
#8769=ADVANCED_FACE('',(#509),#8361,.T.);
#8770=ADVANCED_FACE('',(#510),#63,.F.);
#8771=ADVANCED_FACE('',(#511),#64,.F.);
#8772=ADVANCED_FACE('',(#512),#65,.F.);
#8773=ADVANCED_FACE('',(#513),#66,.T.);
#8774=ADVANCED_FACE('',(#514),#67,.F.);
#8775=ADVANCED_FACE('',(#515),#8362,.T.);
#8776=ADVANCED_FACE('',(#516),#8363,.T.);
#8777=ADVANCED_FACE('',(#517),#8364,.T.);
#8778=ADVANCED_FACE('',(#518),#68,.T.);
#8779=ADVANCED_FACE('',(#519),#8365,.T.);
#8780=ADVANCED_FACE('',(#520),#69,.T.);
#8781=ADVANCED_FACE('',(#521),#8366,.T.);
#8782=ADVANCED_FACE('',(#522),#8367,.T.);
#8783=ADVANCED_FACE('',(#523),#8368,.T.);
#8784=ADVANCED_FACE('',(#524),#70,.T.);
#8785=ADVANCED_FACE('',(#525),#8369,.T.);
#8786=ADVANCED_FACE('',(#526),#8370,.T.);
#8787=ADVANCED_FACE('',(#527),#8371,.T.);
#8788=ADVANCED_FACE('',(#528),#8372,.T.);
#8789=ADVANCED_FACE('',(#529),#8373,.T.);
#8790=ADVANCED_FACE('',(#530),#8374,.T.);
#8791=ADVANCED_FACE('',(#531),#8375,.T.);
#8792=ADVANCED_FACE('',(#532),#8376,.T.);
#8793=ADVANCED_FACE('',(#533),#71,.T.);
#8794=ADVANCED_FACE('',(#534),#72,.T.);
#8795=ADVANCED_FACE('',(#535),#8377,.T.);
#8796=ADVANCED_FACE('',(#536),#8378,.T.);
#8797=ADVANCED_FACE('',(#537),#8379,.T.);
#8798=ADVANCED_FACE('',(#538),#8380,.T.);
#8799=ADVANCED_FACE('',(#539),#73,.F.);
#8800=ADVANCED_FACE('',(#540),#8381,.T.);
#8801=ADVANCED_FACE('',(#541),#8382,.T.);
#8802=ADVANCED_FACE('',(#542),#74,.T.);
#8803=ADVANCED_FACE('',(#543),#75,.T.);
#8804=ADVANCED_FACE('',(#544),#8383,.T.);
#8805=ADVANCED_FACE('',(#545),#8384,.T.);
#8806=ADVANCED_FACE('',(#546),#8385,.T.);
#8807=ADVANCED_FACE('',(#547),#8386,.T.);
#8808=ADVANCED_FACE('',(#548),#76,.T.);
#8809=ADVANCED_FACE('',(#549),#8387,.T.);
#8810=ADVANCED_FACE('',(#550),#8388,.T.);
#8811=ADVANCED_FACE('',(#551),#77,.T.);
#8812=ADVANCED_FACE('',(#552),#8389,.T.);
#8813=ADVANCED_FACE('',(#553),#8390,.T.);
#8814=ADVANCED_FACE('',(#554),#8391,.T.);
#8815=ADVANCED_FACE('',(#555),#8392,.T.);
#8816=ADVANCED_FACE('',(#556),#8393,.T.);
#8817=ADVANCED_FACE('',(#557),#78,.T.);
#8818=ADVANCED_FACE('',(#558),#79,.T.);
#8819=ADVANCED_FACE('',(#559),#8394,.T.);
#8820=ADVANCED_FACE('',(#560),#8395,.T.);
#8821=ADVANCED_FACE('',(#561),#8396,.T.);
#8822=ADVANCED_FACE('',(#562),#80,.T.);
#8823=ADVANCED_FACE('',(#563),#8397,.T.);
#8824=ADVANCED_FACE('',(#564),#8398,.T.);
#8825=ADVANCED_FACE('',(#565),#8399,.T.);
#8826=ADVANCED_FACE('',(#566),#8400,.T.);
#8827=ADVANCED_FACE('',(#567),#81,.T.);
#8828=ADVANCED_FACE('',(#568),#8401,.T.);
#8829=ADVANCED_FACE('',(#569),#8402,.T.);
#8830=ADVANCED_FACE('',(#570),#8403,.T.);
#8831=ADVANCED_FACE('',(#571),#8404,.T.);
#8832=ADVANCED_FACE('',(#572),#8405,.T.);
#8833=ADVANCED_FACE('',(#573),#8406,.T.);
#8834=ADVANCED_FACE('',(#574),#8407,.T.);
#8835=ADVANCED_FACE('',(#575),#82,.T.);
#8836=ADVANCED_FACE('',(#576),#8408,.T.);
#8837=ADVANCED_FACE('',(#577),#8409,.T.);
#8838=ADVANCED_FACE('',(#578),#8410,.T.);
#8839=ADVANCED_FACE('',(#579),#8411,.T.);
#8840=ADVANCED_FACE('',(#580),#8412,.T.);
#8841=ADVANCED_FACE('',(#581),#8413,.T.);
#8842=ADVANCED_FACE('',(#582,#145,#146,#147,#148,#149,#150,#151,#152,#153,
#154,#155,#156,#157,#158,#159,#160),#8414,.F.);
#8843=ADVANCED_FACE('',(#583),#8415,.T.);
#8844=ADVANCED_FACE('',(#584),#8416,.T.);
#8845=ADVANCED_FACE('',(#585),#8417,.T.);
#8846=ADVANCED_FACE('',(#586),#8418,.T.);
#8847=ADVANCED_FACE('',(#587),#8419,.T.);
#8848=ADVANCED_FACE('',(#588),#8420,.T.);
#8849=ADVANCED_FACE('',(#589),#8421,.T.);
#8850=ADVANCED_FACE('',(#590),#8422,.T.);
#8851=ADVANCED_FACE('',(#591),#83,.F.);
#8852=ADVANCED_FACE('',(#592,#161,#162,#163,#164),#8423,.F.);
#8853=ADVANCED_FACE('',(#593),#8424,.F.);
#8854=ADVANCED_FACE('',(#594),#8425,.F.);
#8855=ADVANCED_FACE('',(#595),#8426,.F.);
#8856=ADVANCED_FACE('',(#596),#8427,.F.);
#8857=ADVANCED_FACE('',(#597),#8428,.T.);
#8858=ADVANCED_FACE('',(#598),#8429,.T.);
#8859=ADVANCED_FACE('',(#599),#8430,.T.);
#8860=ADVANCED_FACE('',(#600),#8431,.T.);
#8861=ADVANCED_FACE('',(#601),#8432,.T.);
#8862=ADVANCED_FACE('',(#602),#8433,.T.);
#8863=ADVANCED_FACE('',(#603),#8434,.T.);
#8864=ADVANCED_FACE('',(#604),#8435,.T.);
#8865=ADVANCED_FACE('',(#605),#8436,.T.);
#8866=ADVANCED_FACE('',(#606),#8437,.T.);
#8867=ADVANCED_FACE('',(#607),#8438,.T.);
#8868=ADVANCED_FACE('',(#608),#8439,.T.);
#8869=ADVANCED_FACE('',(#609),#8440,.T.);
#8870=ADVANCED_FACE('',(#610),#8441,.T.);
#8871=ADVANCED_FACE('',(#611),#8442,.T.);
#8872=ADVANCED_FACE('',(#612),#84,.F.);
#8873=ADVANCED_FACE('',(#613),#8443,.F.);
#8874=ADVANCED_FACE('',(#614),#8444,.F.);
#8875=ADVANCED_FACE('',(#615),#8445,.F.);
#8876=ADVANCED_FACE('',(#616),#8446,.F.);
#8877=ADVANCED_FACE('',(#617),#8447,.T.);
#8878=ADVANCED_FACE('',(#618),#8448,.T.);
#8879=ADVANCED_FACE('',(#619),#8449,.T.);
#8880=ADVANCED_FACE('',(#620),#8450,.T.);
#8881=ADVANCED_FACE('',(#621),#8451,.T.);
#8882=ADVANCED_FACE('',(#622),#8452,.T.);
#8883=ADVANCED_FACE('',(#623),#8453,.T.);
#8884=ADVANCED_FACE('',(#624),#8454,.T.);
#8885=ADVANCED_FACE('',(#625),#8455,.T.);
#8886=ADVANCED_FACE('',(#626),#8456,.T.);
#8887=ADVANCED_FACE('',(#627),#8457,.F.);
#8888=ADVANCED_FACE('',(#628),#8458,.F.);
#8889=ADVANCED_FACE('',(#629),#8459,.T.);
#8890=ADVANCED_FACE('',(#630),#8460,.T.);
#8891=ADVANCED_FACE('',(#631),#8461,.T.);
#8892=ADVANCED_FACE('',(#632),#8462,.T.);
#8893=ADVANCED_FACE('',(#633),#8463,.F.);
#8894=ADVANCED_FACE('',(#634),#8464,.F.);
#8895=ADVANCED_FACE('',(#635),#85,.F.);
#8896=ADVANCED_FACE('',(#636),#86,.F.);
#8897=ADVANCED_FACE('',(#637),#87,.F.);
#8898=ADVANCED_FACE('',(#638),#88,.F.);
#8899=ADVANCED_FACE('',(#639),#8465,.T.);
#8900=ADVANCED_FACE('',(#640),#8466,.T.);
#8901=ADVANCED_FACE('',(#641),#8467,.T.);
#8902=ADVANCED_FACE('',(#642),#8468,.T.);
#8903=ADVANCED_FACE('',(#643),#8469,.T.);
#8904=ADVANCED_FACE('',(#644),#8470,.T.);
#8905=ADVANCED_FACE('',(#645),#8471,.T.);
#8906=ADVANCED_FACE('',(#646),#8472,.T.);
#8907=ADVANCED_FACE('',(#647),#8473,.T.);
#8908=ADVANCED_FACE('',(#648),#8474,.T.);
#8909=ADVANCED_FACE('',(#649),#8475,.T.);
#8910=ADVANCED_FACE('',(#650),#8476,.T.);
#8911=ADVANCED_FACE('',(#651),#8477,.T.);
#8912=ADVANCED_FACE('',(#652),#8478,.T.);
#8913=ADVANCED_FACE('',(#653),#8479,.T.);
#8914=ADVANCED_FACE('',(#654),#8480,.T.);
#8915=ADVANCED_FACE('',(#655),#8481,.T.);
#8916=ADVANCED_FACE('',(#656),#8482,.T.);
#8917=ADVANCED_FACE('',(#657),#8483,.T.);
#8918=ADVANCED_FACE('',(#658),#8484,.T.);
#8919=ADVANCED_FACE('',(#659),#8485,.T.);
#8920=ADVANCED_FACE('',(#660),#8486,.T.);
#8921=ADVANCED_FACE('',(#661),#8487,.T.);
#8922=ADVANCED_FACE('',(#662),#8488,.T.);
#8923=ADVANCED_FACE('',(#663,#165,#166,#167,#168),#8489,.T.);
#8924=ADVANCED_FACE('',(#664),#8490,.T.);
#8925=ADVANCED_FACE('',(#665),#8491,.T.);
#8926=ADVANCED_FACE('',(#666),#23,.T.);
#8927=ADVANCED_FACE('',(#667),#8492,.T.);
#8928=ADVANCED_FACE('',(#668),#8493,.T.);
#8929=ADVANCED_FACE('',(#669),#8494,.T.);
#8930=ADVANCED_FACE('',(#670),#8495,.T.);
#8931=ADVANCED_FACE('',(#671),#8496,.T.);
#8932=ADVANCED_FACE('',(#672),#8497,.T.);
#8933=ADVANCED_FACE('',(#673),#8498,.T.);
#8934=ADVANCED_FACE('',(#674),#24,.T.);
#8935=ADVANCED_FACE('',(#675),#8499,.T.);
#8936=ADVANCED_FACE('',(#676),#8500,.T.);
#8937=ADVANCED_FACE('',(#677),#8501,.T.);
#8938=ADVANCED_FACE('',(#678),#8502,.T.);
#8939=ADVANCED_FACE('',(#679),#8503,.T.);
#8940=ADVANCED_FACE('',(#680),#8504,.T.);
#8941=ADVANCED_FACE('',(#681),#8505,.T.);
#8942=ADVANCED_FACE('',(#682),#8506,.T.);
#8943=ADVANCED_FACE('',(#683),#25,.T.);
#8944=ADVANCED_FACE('',(#684),#8507,.T.);
#8945=ADVANCED_FACE('',(#685),#8508,.T.);
#8946=ADVANCED_FACE('',(#686),#26,.T.);
#8947=ADVANCED_FACE('',(#687),#8509,.T.);
#8948=ADVANCED_FACE('',(#688),#8510,.T.);
#8949=ADVANCED_FACE('',(#689),#8511,.T.);
#8950=ADVANCED_FACE('',(#690),#8512,.T.);
#8951=ADVANCED_FACE('',(#691),#8513,.T.);
#8952=ADVANCED_FACE('',(#692),#8514,.T.);
#8953=ADVANCED_FACE('',(#693),#8515,.T.);
#8954=ADVANCED_FACE('',(#694),#27,.T.);
#8955=ADVANCED_FACE('',(#695),#8516,.T.);
#8956=ADVANCED_FACE('',(#696),#8517,.T.);
#8957=ADVANCED_FACE('',(#697),#8518,.T.);
#8958=ADVANCED_FACE('',(#698),#8519,.T.);
#8959=ADVANCED_FACE('',(#699),#8520,.T.);
#8960=ADVANCED_FACE('',(#700),#8521,.T.);
#8961=ADVANCED_FACE('',(#701),#8522,.T.);
#8962=ADVANCED_FACE('',(#702),#8523,.T.);
#8963=ADVANCED_FACE('',(#703),#8524,.T.);
#8964=ADVANCED_FACE('',(#704),#8525,.T.);
#8965=ADVANCED_FACE('',(#705),#8526,.T.);
#8966=ADVANCED_FACE('',(#706),#8527,.T.);
#8967=ADVANCED_FACE('',(#707),#8528,.T.);
#8968=ADVANCED_FACE('',(#708),#8529,.T.);
#8969=ADVANCED_FACE('',(#709),#28,.T.);
#8970=ADVANCED_FACE('',(#710),#8530,.T.);
#8971=ADVANCED_FACE('',(#711),#8531,.T.);
#8972=ADVANCED_FACE('',(#712),#8532,.T.);
#8973=ADVANCED_FACE('',(#713),#8533,.T.);
#8974=ADVANCED_FACE('',(#714),#8534,.T.);
#8975=ADVANCED_FACE('',(#715),#8535,.T.);
#8976=ADVANCED_FACE('',(#716),#8536,.T.);
#8977=ADVANCED_FACE('',(#717),#8537,.T.);
#8978=ADVANCED_FACE('',(#718),#8538,.T.);
#8979=ADVANCED_FACE('',(#719),#8539,.T.);
#8980=ADVANCED_FACE('',(#720),#89,.T.);
#8981=ADVANCED_FACE('',(#721),#8540,.T.);
#8982=ADVANCED_FACE('',(#722),#8541,.T.);
#8983=ADVANCED_FACE('',(#723),#90,.T.);
#8984=ADVANCED_FACE('',(#724),#8542,.T.);
#8985=ADVANCED_FACE('',(#725),#91,.T.);
#8986=ADVANCED_FACE('',(#726),#8543,.T.);
#8987=ADVANCED_FACE('',(#727),#92,.T.);
#8988=ADVANCED_FACE('',(#728),#8544,.T.);
#8989=ADVANCED_FACE('',(#729),#8545,.T.);
#8990=ADVANCED_FACE('',(#730),#93,.T.);
#8991=ADVANCED_FACE('',(#731),#8546,.T.);
#8992=ADVANCED_FACE('',(#732),#8547,.T.);
#8993=ADVANCED_FACE('',(#733),#94,.T.);
#8994=ADVANCED_FACE('',(#734),#8548,.T.);
#8995=ADVANCED_FACE('',(#735),#8549,.T.);
#8996=ADVANCED_FACE('',(#736),#8550,.T.);
#8997=ADVANCED_FACE('',(#737),#8551,.T.);
#8998=ADVANCED_FACE('',(#738),#8552,.T.);
#8999=ADVANCED_FACE('',(#739),#8553,.T.);
#9000=ADVANCED_FACE('',(#740),#8554,.T.);
#9001=ADVANCED_FACE('',(#741),#8555,.T.);
#9002=ADVANCED_FACE('',(#742),#8556,.T.);
#9003=ADVANCED_FACE('',(#743),#8557,.T.);
#9004=ADVANCED_FACE('',(#744),#8558,.T.);
#9005=ADVANCED_FACE('',(#745),#8559,.T.);
#9006=ADVANCED_FACE('',(#746),#8560,.T.);
#9007=ADVANCED_FACE('',(#747),#8561,.T.);
#9008=ADVANCED_FACE('',(#748),#8562,.T.);
#9009=ADVANCED_FACE('',(#749),#8563,.T.);
#9010=ADVANCED_FACE('',(#750),#8564,.T.);
#9011=ADVANCED_FACE('',(#751),#8565,.T.);
#9012=ADVANCED_FACE('',(#752),#8566,.T.);
#9013=ADVANCED_FACE('',(#753),#8567,.T.);
#9014=ADVANCED_FACE('',(#754),#8568,.T.);
#9015=ADVANCED_FACE('',(#755),#8569,.T.);
#9016=CLOSED_SHELL('',(#8570,#8571,#8572,#8573,#8574,#8575,#8576,#8577,
#8578,#8579,#8580,#8581,#8582,#8583,#8584,#8585,#8586,#8587,#8588,#8589,
#8590,#8591,#8592,#8593,#8594,#8595,#8596,#8597,#8598,#8599,#8600,#8601,
#8602,#8603,#8604,#8605,#8606,#8607,#8608,#8609,#8610,#8611,#8612,#8613,
#8614,#8615,#8616,#8617,#8618,#8619,#8620,#8621,#8622,#8623,#8624,#8625,
#8626,#8627,#8628,#8629,#8630,#8631,#8632,#8633,#8634,#8635,#8636,#8637,
#8638,#8639,#8640,#8641,#8642,#8643,#8644,#8645,#8646,#8647,#8648,#8649,
#8650,#8651,#8652,#8653,#8654,#8655,#8656,#8657,#8658,#8659,#8660,#8661,
#8662,#8663,#8664,#8665,#8666,#8667,#8668,#8669,#8670,#8671,#8672,#8673,
#8674,#8675,#8676,#8677,#8678,#8679,#8680,#8681,#8682,#8683,#8684,#8685,
#8686,#8687,#8688,#8689,#8690,#8691,#8692,#8693,#8694,#8695,#8696,#8697,
#8698,#8699,#8700,#8701,#8702,#8703,#8704,#8705,#8706,#8707,#8708,#8709,
#8710,#8711,#8712,#8713));
#9017=CLOSED_SHELL('',(#8714,#8715,#8716,#8717,#8718,#8719,#8720,#8721,
#8722,#8723,#8724,#8725,#8726,#8727,#8728,#8729,#8730,#8731,#8732,#8733,
#8734,#8735,#8736,#8737,#8738,#8739,#8740,#8741,#8742,#8743,#8744,#8745,
#8746,#8747,#8748,#8749,#8750,#8751,#8752,#8753,#8754,#8755,#8756,#8757,
#8758,#8759,#8760,#8761,#8762,#8763,#8764,#8765,#8766,#8767,#8768,#8769,
#8770,#8771,#8772,#8773,#8774,#8775,#8776,#8777,#8778,#8779,#8780,#8781,
#8782,#8783,#8784,#8785,#8786,#8787,#8788,#8789,#8790,#8791,#8792,#8793,
#8794,#8795,#8796,#8797,#8798,#8799,#8800,#8801,#8802,#8803,#8804,#8805,
#8806,#8807,#8808,#8809,#8810,#8811,#8812,#8813,#8814,#8815,#8816,#8817,
#8818,#8819,#8820,#8821,#8822,#8823,#8824,#8825,#8826,#8827,#8828,#8829,
#8830,#8831,#8832,#8833,#8834,#8835,#8836,#8837,#8838,#8839,#8840,#8841,
#8842));
#9018=CLOSED_SHELL('',(#8843,#8844,#8845,#8846,#8847,#8848,#8849,#8850,
#8851,#8852,#8853,#8854,#8855,#8856,#8857,#8858,#8859,#8860,#8861,#8862,
#8863,#8864,#8865,#8866,#8867,#8868,#8869,#8870,#8871,#8872,#8873,#8874,
#8875,#8876,#8877,#8878,#8879,#8880,#8881,#8882,#8883,#8884,#8885,#8886,
#8887,#8888,#8889,#8890,#8891,#8892,#8893,#8894,#8895,#8896,#8897,#8898,
#8899,#8900,#8901,#8902,#8903,#8904,#8905,#8906,#8907,#8908,#8909,#8910,
#8911,#8912,#8913,#8914,#8915,#8916,#8917,#8918,#8919,#8920,#8921,#8922,
#8923,#8924,#8925,#8926,#8927,#8928,#8929,#8930,#8931,#8932,#8933,#8934,
#8935,#8936,#8937,#8938,#8939,#8940,#8941,#8942,#8943,#8944,#8945,#8946,
#8947,#8948,#8949,#8950,#8951,#8952,#8953,#8954,#8955,#8956,#8957,#8958,
#8959,#8960,#8961,#8962,#8963,#8964,#8965,#8966,#8967,#8968,#8969,#8970,
#8971,#8972,#8973,#8974,#8975,#8976,#8977,#8978,#8979,#8980,#8981,#8982,
#8983,#8984,#8985,#8986,#8987,#8988,#8989,#8990,#8991,#8992,#8993,#8994,
#8995,#8996,#8997,#8998,#8999,#9000,#9001,#9002,#9003,#9004,#9005,#9006,
#9007,#9008,#9009,#9010,#9011,#9012,#9013,#9014,#9015));
#9019=DERIVED_UNIT_ELEMENT(#9025,1.);
#9020=DERIVED_UNIT_ELEMENT(#14775,-3.);
#9021=DERIVED_UNIT_ELEMENT(#9025,1.);
#9022=DERIVED_UNIT_ELEMENT(#14775,-3.);
#9023=DERIVED_UNIT_ELEMENT(#9025,1.);
#9024=DERIVED_UNIT_ELEMENT(#14775,-3.);
#9025=(
MASS_UNIT()
NAMED_UNIT(*)
SI_UNIT(.KILO.,.GRAM.)
);
#9026=DERIVED_UNIT((#9019,#9020));
#9027=DERIVED_UNIT((#9021,#9022));
#9028=DERIVED_UNIT((#9023,#9024));
#9029=MEASURE_REPRESENTATION_ITEM('density measure',
POSITIVE_RATIO_MEASURE(7850.),#9026);
#9030=MEASURE_REPRESENTATION_ITEM('density measure',
POSITIVE_RATIO_MEASURE(7850.),#9027);
#9031=MEASURE_REPRESENTATION_ITEM('density measure',
POSITIVE_RATIO_MEASURE(7850.),#9028);
#9032=PROPERTY_DEFINITION_REPRESENTATION(#9047,#9038);
#9033=PROPERTY_DEFINITION_REPRESENTATION(#9048,#9039);
#9034=PROPERTY_DEFINITION_REPRESENTATION(#9049,#9040);
#9035=PROPERTY_DEFINITION_REPRESENTATION(#9050,#9041);
#9036=PROPERTY_DEFINITION_REPRESENTATION(#9051,#9042);
#9037=PROPERTY_DEFINITION_REPRESENTATION(#9052,#9043);
#9038=REPRESENTATION('material name',(#9044),#14770);
#9039=REPRESENTATION('density',(#9029),#14770);
#9040=REPRESENTATION('material name',(#9045),#14771);
#9041=REPRESENTATION('density',(#9030),#14771);
#9042=REPRESENTATION('material name',(#9046),#14772);
#9043=REPRESENTATION('density',(#9031),#14772);
#9044=DESCRIPTIVE_REPRESENTATION_ITEM('Steel','Steel');
#9045=DESCRIPTIVE_REPRESENTATION_ITEM('Steel','Steel');
#9046=DESCRIPTIVE_REPRESENTATION_ITEM('Steel','Steel');
#9047=PROPERTY_DEFINITION('material property','material name',#14795);
#9048=PROPERTY_DEFINITION('material property','density of part',#14795);
#9049=PROPERTY_DEFINITION('material property','material name',#14796);
#9050=PROPERTY_DEFINITION('material property','density of part',#14796);
#9051=PROPERTY_DEFINITION('material property','material name',#14797);
#9052=PROPERTY_DEFINITION('material property','density of part',#14797);
#9053=AXIS2_PLACEMENT_3D('',#11943,#9641,#9642);
#9054=AXIS2_PLACEMENT_3D('',#11944,#9643,#9644);
#9055=AXIS2_PLACEMENT_3D('',#11945,#9645,#9646);
#9056=AXIS2_PLACEMENT_3D('',#11954,#9651,#9652);
#9057=AXIS2_PLACEMENT_3D('',#11960,#9656,#9657);
#9058=AXIS2_PLACEMENT_3D('',#11966,#9661,#9662);
#9059=AXIS2_PLACEMENT_3D('',#11972,#9666,#9667);
#9060=AXIS2_PLACEMENT_3D('',#11981,#9672,#9673);
#9061=AXIS2_PLACEMENT_3D('',#11984,#9676,#9677);
#9062=AXIS2_PLACEMENT_3D('',#11990,#9681,#9682);
#9063=AXIS2_PLACEMENT_3D('',#11996,#9686,#9687);
#9064=AXIS2_PLACEMENT_3D('',#12002,#9691,#9692);
#9065=AXIS2_PLACEMENT_3D('',#12008,#9696,#9697);
#9066=AXIS2_PLACEMENT_3D('',#12014,#9701,#9702);
#9067=AXIS2_PLACEMENT_3D('',#12017,#9705,#9706);
#9068=AXIS2_PLACEMENT_3D('',#12023,#9710,#9711);
#9069=AXIS2_PLACEMENT_3D('',#12027,#9714,#9715);
#9070=AXIS2_PLACEMENT_3D('',#12031,#9718,#9719);
#9071=AXIS2_PLACEMENT_3D('',#12035,#9722,#9723);
#9072=AXIS2_PLACEMENT_3D('',#12039,#9726,#9727);
#9073=AXIS2_PLACEMENT_3D('',#12043,#9730,#9731);
#9074=AXIS2_PLACEMENT_3D('',#12046,#9732,#9733);
#9075=AXIS2_PLACEMENT_3D('',#12054,#9737,#9738);
#9076=AXIS2_PLACEMENT_3D('',#12062,#9742,#9743);
#9077=AXIS2_PLACEMENT_3D('',#12079,#9752,#9753);
#9078=AXIS2_PLACEMENT_3D('',#12102,#9764,#9765);
#9079=AXIS2_PLACEMENT_3D('',#12103,#9766,#9767);
#9080=AXIS2_PLACEMENT_3D('',#12106,#9768,#9769);
#9081=AXIS2_PLACEMENT_3D('',#12108,#9770,#9771);
#9082=AXIS2_PLACEMENT_3D('',#12110,#9772,#9773);
#9083=AXIS2_PLACEMENT_3D('',#12111,#9774,#9775);
#9084=AXIS2_PLACEMENT_3D('',#12114,#9776,#9777);
#9085=AXIS2_PLACEMENT_3D('',#12124,#9782,#9783);
#9086=AXIS2_PLACEMENT_3D('',#12143,#9793,#9794);
#9087=AXIS2_PLACEMENT_3D('',#12153,#9799,#9800);
#9088=AXIS2_PLACEMENT_3D('',#12156,#9801,#9802);
#9089=AXIS2_PLACEMENT_3D('',#12166,#9807,#9808);
#9090=AXIS2_PLACEMENT_3D('',#12178,#9814,#9815);
#9091=AXIS2_PLACEMENT_3D('',#12198,#9825,#9826);
#9092=AXIS2_PLACEMENT_3D('',#12199,#9827,#9828);
#9093=AXIS2_PLACEMENT_3D('',#12202,#9829,#9830);
#9094=AXIS2_PLACEMENT_3D('',#12232,#9845,#9846);
#9095=AXIS2_PLACEMENT_3D('',#12242,#9852,#9853);
#9096=AXIS2_PLACEMENT_3D('',#12248,#9857,#9858);
#9097=AXIS2_PLACEMENT_3D('',#12254,#9862,#9863);
#9098=AXIS2_PLACEMENT_3D('',#12260,#9867,#9868);
#9099=AXIS2_PLACEMENT_3D('',#12266,#9872,#9873);
#9100=AXIS2_PLACEMENT_3D('',#12272,#9877,#9878);
#9101=AXIS2_PLACEMENT_3D('',#12278,#9882,#9883);
#9102=AXIS2_PLACEMENT_3D('',#12283,#9887,#9888);
#9103=AXIS2_PLACEMENT_3D('',#12287,#9891,#9892);
#9104=AXIS2_PLACEMENT_3D('',#12291,#9895,#9896);
#9105=AXIS2_PLACEMENT_3D('',#12295,#9899,#9900);
#9106=AXIS2_PLACEMENT_3D('',#12299,#9903,#9904);
#9107=AXIS2_PLACEMENT_3D('',#12301,#9906,#9907);
#9108=AXIS2_PLACEMENT_3D('',#12326,#9920,#9921);
#9109=AXIS2_PLACEMENT_3D('',#12332,#9925,#9926);
#9110=AXIS2_PLACEMENT_3D('',#12336,#9928,#9929);
#9111=AXIS2_PLACEMENT_3D('',#12338,#9931,#9932);
#9112=AXIS2_PLACEMENT_3D('',#12348,#9938,#9939);
#9113=AXIS2_PLACEMENT_3D('',#12362,#9943,#9944);
#9114=AXIS2_PLACEMENT_3D('',#12369,#9947,#9948);
#9115=AXIS2_PLACEMENT_3D('',#12377,#9952,#9953);
#9116=AXIS2_PLACEMENT_3D('',#12385,#9957,#9958);
#9117=AXIS2_PLACEMENT_3D('',#12387,#9960,#9961);
#9118=AXIS2_PLACEMENT_3D('',#12413,#9971,#9972);
#9119=AXIS2_PLACEMENT_3D('',#12419,#9976,#9977);
#9120=AXIS2_PLACEMENT_3D('',#12433,#9981,#9982);
#9121=AXIS2_PLACEMENT_3D('',#12459,#9992,#9993);
#9122=AXIS2_PLACEMENT_3D('',#12466,#9996,#9997);
#9123=AXIS2_PLACEMENT_3D('',#12480,#10005,#10006);
#9124=AXIS2_PLACEMENT_3D('',#12494,#10010,#10011);
#9125=AXIS2_PLACEMENT_3D('',#12503,#10016,#10017);
#9126=AXIS2_PLACEMENT_3D('',#12527,#10025,#10026);
#9127=AXIS2_PLACEMENT_3D('',#12529,#10028,#10029);
#9128=AXIS2_PLACEMENT_3D('',#12538,#10034,#10035);
#9129=AXIS2_PLACEMENT_3D('',#12547,#10040,#10041);
#9130=AXIS2_PLACEMENT_3D('',#12553,#10045,#10046);
#9131=AXIS2_PLACEMENT_3D('',#12600,#10049,#10050);
#9132=AXIS2_PLACEMENT_3D('',#12605,#10054,#10055);
#9133=AXIS2_PLACEMENT_3D('',#12611,#10059,#10060);
#9134=AXIS2_PLACEMENT_3D('',#12616,#10064,#10065);
#9135=AXIS2_PLACEMENT_3D('',#12622,#10069,#10070);
#9136=AXIS2_PLACEMENT_3D('',#12671,#10074,#10075);
#9137=AXIS2_PLACEMENT_3D('',#12676,#10079,#10080);
#9138=AXIS2_PLACEMENT_3D('',#12724,#10083,#10084);
#9139=AXIS2_PLACEMENT_3D('',#12729,#10088,#10089);
#9140=AXIS2_PLACEMENT_3D('',#12735,#10093,#10094);
#9141=AXIS2_PLACEMENT_3D('',#12784,#10098,#10099);
#9142=AXIS2_PLACEMENT_3D('',#12833,#10103,#10104);
#9143=AXIS2_PLACEMENT_3D('',#12882,#10108,#10109);
#9144=AXIS2_PLACEMENT_3D('',#12887,#10113,#10114);
#9145=AXIS2_PLACEMENT_3D('',#12891,#10116,#10117);
#9146=AXIS2_PLACEMENT_3D('',#12892,#10118,#10119);
#9147=AXIS2_PLACEMENT_3D('',#12895,#10121,#10122);
#9148=AXIS2_PLACEMENT_3D('',#12899,#10124,#10125);
#9149=AXIS2_PLACEMENT_3D('',#12900,#10126,#10127);
#9150=AXIS2_PLACEMENT_3D('',#12903,#10129,#10130);
#9151=AXIS2_PLACEMENT_3D('',#12906,#10132,#10133);
#9152=AXIS2_PLACEMENT_3D('',#12909,#10135,#10136);
#9153=AXIS2_PLACEMENT_3D('',#12912,#10138,#10139);
#9154=AXIS2_PLACEMENT_3D('',#12916,#10141,#10142);
#9155=AXIS2_PLACEMENT_3D('',#12918,#10143,#10144);
#9156=AXIS2_PLACEMENT_3D('',#12920,#10146,#10147);
#9157=AXIS2_PLACEMENT_3D('',#12923,#10149,#10150);
#9158=AXIS2_PLACEMENT_3D('',#12926,#10151,#10152);
#9159=AXIS2_PLACEMENT_3D('',#12928,#10153,#10154);
#9160=AXIS2_PLACEMENT_3D('',#12930,#10155,#10156);
#9161=AXIS2_PLACEMENT_3D('',#12931,#10157,#10158);
#9162=AXIS2_PLACEMENT_3D('',#12932,#10159,#10160);
#9163=AXIS2_PLACEMENT_3D('',#12935,#10163,#10164);
#9164=AXIS2_PLACEMENT_3D('',#12938,#10167,#10168);
#9165=AXIS2_PLACEMENT_3D('',#12941,#10171,#10172);
#9166=AXIS2_PLACEMENT_3D('',#12942,#10173,#10174);
#9167=AXIS2_PLACEMENT_3D('',#12950,#10182,#10183);
#9168=AXIS2_PLACEMENT_3D('',#12952,#10185,#10186);
#9169=AXIS2_PLACEMENT_3D('',#12959,#10193,#10194);
#9170=AXIS2_PLACEMENT_3D('',#12960,#10195,#10196);
#9171=AXIS2_PLACEMENT_3D('',#12963,#10199,#10200);
#9172=AXIS2_PLACEMENT_3D('',#12966,#10203,#10204);
#9173=AXIS2_PLACEMENT_3D('',#12968,#10206,#10207);
#9174=AXIS2_PLACEMENT_3D('',#12970,#10209,#10210);
#9175=AXIS2_PLACEMENT_3D('',#12974,#10214,#10215);
#9176=AXIS2_PLACEMENT_3D('',#12976,#10217,#10218);
#9177=AXIS2_PLACEMENT_3D('',#12977,#10219,#10220);
#9178=AXIS2_PLACEMENT_3D('',#12979,#10222,#10223);
#9179=AXIS2_PLACEMENT_3D('',#12981,#10225,#10226);
#9180=AXIS2_PLACEMENT_3D('',#12983,#10228,#10229);
#9181=AXIS2_PLACEMENT_3D('',#12985,#10231,#10232);
#9182=AXIS2_PLACEMENT_3D('',#12987,#10234,#10235);
#9183=AXIS2_PLACEMENT_3D('',#12989,#10237,#10238);
#9184=AXIS2_PLACEMENT_3D('',#12996,#10245,#10246);
#9185=AXIS2_PLACEMENT_3D('',#12998,#10248,#10249);
#9186=AXIS2_PLACEMENT_3D('',#12999,#10250,#10251);
#9187=AXIS2_PLACEMENT_3D('',#13002,#10254,#10255);
#9188=AXIS2_PLACEMENT_3D('',#13005,#10258,#10259);
#9189=AXIS2_PLACEMENT_3D('',#13006,#10260,#10261);
#9190=AXIS2_PLACEMENT_3D('',#13008,#10263,#10264);
#9191=AXIS2_PLACEMENT_3D('',#13009,#10265,#10266);
#9192=AXIS2_PLACEMENT_3D('',#13012,#10269,#10270);
#9193=AXIS2_PLACEMENT_3D('',#13013,#10271,#10272);
#9194=AXIS2_PLACEMENT_3D('',#13014,#10273,#10274);
#9195=AXIS2_PLACEMENT_3D('',#13015,#10275,#10276);
#9196=AXIS2_PLACEMENT_3D('',#13017,#10278,#10279);
#9197=AXIS2_PLACEMENT_3D('',#13020,#10282,#10283);
#9198=AXIS2_PLACEMENT_3D('',#13021,#10284,#10285);
#9199=AXIS2_PLACEMENT_3D('',#13022,#10286,#10287);
#9200=AXIS2_PLACEMENT_3D('',#13024,#10289,#10290);
#9201=AXIS2_PLACEMENT_3D('',#13025,#10291,#10292);
#9202=AXIS2_PLACEMENT_3D('',#13026,#10293,#10294);
#9203=AXIS2_PLACEMENT_3D('',#13028,#10296,#10297);
#9204=AXIS2_PLACEMENT_3D('',#13029,#10298,#10299);
#9205=AXIS2_PLACEMENT_3D('',#13032,#10302,#10303);
#9206=AXIS2_PLACEMENT_3D('',#13033,#10304,#10305);
#9207=AXIS2_PLACEMENT_3D('',#13034,#10306,#10307);
#9208=AXIS2_PLACEMENT_3D('',#13037,#10310,#10311);
#9209=AXIS2_PLACEMENT_3D('',#13038,#10312,#10313);
#9210=AXIS2_PLACEMENT_3D('',#13039,#10314,#10315);
#9211=AXIS2_PLACEMENT_3D('',#13042,#10318,#10319);
#9212=AXIS2_PLACEMENT_3D('',#13044,#10321,#10322);
#9213=AXIS2_PLACEMENT_3D('',#13046,#10324,#10325);
#9214=AXIS2_PLACEMENT_3D('',#13047,#10326,#10327);
#9215=AXIS2_PLACEMENT_3D('',#13049,#10329,#10330);
#9216=AXIS2_PLACEMENT_3D('',#13051,#10332,#10333);
#9217=AXIS2_PLACEMENT_3D('',#13053,#10335,#10336);
#9218=AXIS2_PLACEMENT_3D('',#13055,#10338,#10339);
#9219=AXIS2_PLACEMENT_3D('',#13056,#10340,#10341);
#9220=AXIS2_PLACEMENT_3D('',#13058,#10343,#10344);
#9221=AXIS2_PLACEMENT_3D('',#13062,#10348,#10349);
#9222=AXIS2_PLACEMENT_3D('',#13064,#10351,#10352);
#9223=AXIS2_PLACEMENT_3D('',#13066,#10354,#10355);
#9224=AXIS2_PLACEMENT_3D('',#13067,#10356,#10357);
#9225=AXIS2_PLACEMENT_3D('',#13069,#10359,#10360);
#9226=AXIS2_PLACEMENT_3D('',#13070,#10361,#10362);
#9227=AXIS2_PLACEMENT_3D('',#13071,#10363,#10364);
#9228=AXIS2_PLACEMENT_3D('',#13073,#10366,#10367);
#9229=AXIS2_PLACEMENT_3D('',#13075,#10369,#10370);
#9230=AXIS2_PLACEMENT_3D('',#13077,#10372,#10373);
#9231=AXIS2_PLACEMENT_3D('',#13078,#10374,#10375);
#9232=AXIS2_PLACEMENT_3D('',#13080,#10377,#10378);
#9233=AXIS2_PLACEMENT_3D('',#13082,#10380,#10381);
#9234=AXIS2_PLACEMENT_3D('',#13084,#10383,#10384);
#9235=AXIS2_PLACEMENT_3D('',#13086,#10386,#10387);
#9236=AXIS2_PLACEMENT_3D('',#13088,#10389,#10390);
#9237=AXIS2_PLACEMENT_3D('',#13089,#10391,#10392);
#9238=AXIS2_PLACEMENT_3D('',#13090,#10393,#10394);
#9239=AXIS2_PLACEMENT_3D('',#13099,#10399,#10400);
#9240=AXIS2_PLACEMENT_3D('',#13105,#10404,#10405);
#9241=AXIS2_PLACEMENT_3D('',#13111,#10409,#10410);
#9242=AXIS2_PLACEMENT_3D('',#13117,#10414,#10415);
#9243=AXIS2_PLACEMENT_3D('',#13123,#10419,#10420);
#9244=AXIS2_PLACEMENT_3D('',#13129,#10424,#10425);
#9245=AXIS2_PLACEMENT_3D('',#13135,#10429,#10430);
#9246=AXIS2_PLACEMENT_3D('',#13141,#10434,#10435);
#9247=AXIS2_PLACEMENT_3D('',#13147,#10439,#10440);
#9248=AXIS2_PLACEMENT_3D('',#13153,#10444,#10445);
#9249=AXIS2_PLACEMENT_3D('',#13159,#10449,#10450);
#9250=AXIS2_PLACEMENT_3D('',#13162,#10453,#10454);
#9251=AXIS2_PLACEMENT_3D('',#13168,#10458,#10459);
#9252=AXIS2_PLACEMENT_3D('',#13172,#10462,#10463);
#9253=AXIS2_PLACEMENT_3D('',#13176,#10466,#10467);
#9254=AXIS2_PLACEMENT_3D('',#13180,#10470,#10471);
#9255=AXIS2_PLACEMENT_3D('',#13184,#10474,#10475);
#9256=AXIS2_PLACEMENT_3D('',#13188,#10478,#10479);
#9257=AXIS2_PLACEMENT_3D('',#13213,#10492,#10493);
#9258=AXIS2_PLACEMENT_3D('',#13222,#10498,#10499);
#9259=AXIS2_PLACEMENT_3D('',#13226,#10501,#10502);
#9260=AXIS2_PLACEMENT_3D('',#13228,#10504,#10505);
#9261=AXIS2_PLACEMENT_3D('',#13238,#10511,#10512);
#9262=AXIS2_PLACEMENT_3D('',#13247,#10517,#10518);
#9263=AXIS2_PLACEMENT_3D('',#13274,#10533,#10534);
#9264=AXIS2_PLACEMENT_3D('',#13283,#10539,#10540);
#9265=AXIS2_PLACEMENT_3D('',#13310,#10555,#10556);
#9266=AXIS2_PLACEMENT_3D('',#13316,#10560,#10561);
#9267=AXIS2_PLACEMENT_3D('',#13322,#10565,#10566);
#9268=AXIS2_PLACEMENT_3D('',#13331,#10571,#10572);
#9269=AXIS2_PLACEMENT_3D('',#13355,#10586,#10587);
#9270=AXIS2_PLACEMENT_3D('',#13359,#10590,#10591);
#9271=AXIS2_PLACEMENT_3D('',#13365,#10595,#10596);
#9272=AXIS2_PLACEMENT_3D('',#13374,#10601,#10602);
#9273=AXIS2_PLACEMENT_3D('',#13401,#10617,#10618);
#9274=AXIS2_PLACEMENT_3D('',#13407,#10622,#10623);
#9275=AXIS2_PLACEMENT_3D('',#13413,#10627,#10628);
#9276=AXIS2_PLACEMENT_3D('',#13422,#10633,#10634);
#9277=AXIS2_PLACEMENT_3D('',#13449,#10649,#10650);
#9278=AXIS2_PLACEMENT_3D('',#13455,#10654,#10655);
#9279=AXIS2_PLACEMENT_3D('',#13461,#10659,#10660);
#9280=AXIS2_PLACEMENT_3D('',#13470,#10665,#10666);
#9281=AXIS2_PLACEMENT_3D('',#13473,#10669,#10670);
#9282=AXIS2_PLACEMENT_3D('',#13482,#10675,#10676);
#9283=AXIS2_PLACEMENT_3D('',#13506,#10690,#10691);
#9284=AXIS2_PLACEMENT_3D('',#13512,#10695,#10696);
#9285=AXIS2_PLACEMENT_3D('',#13518,#10700,#10701);
#9286=AXIS2_PLACEMENT_3D('',#13524,#10705,#10706);
#9287=AXIS2_PLACEMENT_3D('',#13528,#10708,#10709);
#9288=AXIS2_PLACEMENT_3D('',#13533,#10712,#10713);
#9289=AXIS2_PLACEMENT_3D('',#13541,#10717,#10718);
#9290=AXIS2_PLACEMENT_3D('',#13543,#10720,#10721);
#9291=AXIS2_PLACEMENT_3D('',#13554,#10727,#10728);
#9292=AXIS2_PLACEMENT_3D('',#13558,#10731,#10732);
#9293=AXIS2_PLACEMENT_3D('',#13562,#10734,#10735);
#9294=AXIS2_PLACEMENT_3D('',#13564,#10736,#10737);
#9295=AXIS2_PLACEMENT_3D('',#13578,#10745,#10746);
#9296=AXIS2_PLACEMENT_3D('',#13583,#10749,#10750);
#9297=AXIS2_PLACEMENT_3D('',#13585,#10751,#10752);
#9298=AXIS2_PLACEMENT_3D('',#13592,#10756,#10757);
#9299=AXIS2_PLACEMENT_3D('',#13599,#10761,#10762);
#9300=AXIS2_PLACEMENT_3D('',#13604,#10765,#10766);
#9301=AXIS2_PLACEMENT_3D('',#13609,#10769,#10770);
#9302=AXIS2_PLACEMENT_3D('',#13616,#10774,#10775);
#9303=AXIS2_PLACEMENT_3D('',#13623,#10779,#10780);
#9304=AXIS2_PLACEMENT_3D('',#13628,#10783,#10784);
#9305=AXIS2_PLACEMENT_3D('',#13630,#10785,#10786);
#9306=AXIS2_PLACEMENT_3D('',#13636,#10789,#10790);
#9307=AXIS2_PLACEMENT_3D('',#13638,#10791,#10792);
#9308=AXIS2_PLACEMENT_3D('',#13640,#10793,#10794);
#9309=AXIS2_PLACEMENT_3D('',#13641,#10795,#10796);
#9310=AXIS2_PLACEMENT_3D('',#13642,#10797,#10798);
#9311=AXIS2_PLACEMENT_3D('',#13646,#10801,#10802);
#9312=AXIS2_PLACEMENT_3D('',#13648,#10804,#10805);
#9313=AXIS2_PLACEMENT_3D('',#13652,#10808,#10809);
#9314=AXIS2_PLACEMENT_3D('',#13653,#10810,#10811);
#9315=AXIS2_PLACEMENT_3D('',#13654,#10812,#10813);
#9316=AXIS2_PLACEMENT_3D('',#13658,#10816,#10817);
#9317=AXIS2_PLACEMENT_3D('',#13660,#10819,#10820);
#9318=AXIS2_PLACEMENT_3D('',#13664,#10823,#10824);
#9319=AXIS2_PLACEMENT_3D('',#13665,#10825,#10826);
#9320=AXIS2_PLACEMENT_3D('',#13666,#10827,#10828);
#9321=AXIS2_PLACEMENT_3D('',#13669,#10829,#10830);
#9322=AXIS2_PLACEMENT_3D('',#13672,#10833,#10834);
#9323=AXIS2_PLACEMENT_3D('',#13674,#10835,#10836);
#9324=AXIS2_PLACEMENT_3D('',#13676,#10838,#10839);
#9325=AXIS2_PLACEMENT_3D('',#13678,#10840,#10841);
#9326=AXIS2_PLACEMENT_3D('',#13680,#10843,#10844);
#9327=AXIS2_PLACEMENT_3D('',#13681,#10845,#10846);
#9328=AXIS2_PLACEMENT_3D('',#13682,#10847,#10848);
#9329=AXIS2_PLACEMENT_3D('',#13688,#10852,#10853);
#9330=AXIS2_PLACEMENT_3D('',#13690,#10855,#10856);
#9331=AXIS2_PLACEMENT_3D('',#13694,#10859,#10860);
#9332=AXIS2_PLACEMENT_3D('',#13695,#10861,#10862);
#9333=AXIS2_PLACEMENT_3D('',#13696,#10863,#10864);
#9334=AXIS2_PLACEMENT_3D('',#13702,#10868,#10869);
#9335=AXIS2_PLACEMENT_3D('',#13704,#10870,#10871);
#9336=AXIS2_PLACEMENT_3D('',#13706,#10873,#10874);
#9337=AXIS2_PLACEMENT_3D('',#13708,#10876,#10877);
#9338=AXIS2_PLACEMENT_3D('',#13712,#10880,#10881);
#9339=AXIS2_PLACEMENT_3D('',#13716,#10884,#10885);
#9340=AXIS2_PLACEMENT_3D('',#13718,#10886,#10887);
#9341=AXIS2_PLACEMENT_3D('',#13720,#10889,#10890);
#9342=AXIS2_PLACEMENT_3D('',#13724,#10893,#10894);
#9343=AXIS2_PLACEMENT_3D('',#13726,#10896,#10897);
#9344=AXIS2_PLACEMENT_3D('',#13728,#10899,#10900);
#9345=AXIS2_PLACEMENT_3D('',#13732,#10903,#10904);
#9346=AXIS2_PLACEMENT_3D('',#13736,#10907,#10908);
#9347=AXIS2_PLACEMENT_3D('',#13738,#10910,#10911);
#9348=AXIS2_PLACEMENT_3D('',#13742,#10914,#10915);
#9349=AXIS2_PLACEMENT_3D('',#13746,#10918,#10919);
#9350=AXIS2_PLACEMENT_3D('',#13748,#10920,#10921);
#9351=AXIS2_PLACEMENT_3D('',#13750,#10923,#10924);
#9352=AXIS2_PLACEMENT_3D('',#13752,#10925,#10926);
#9353=AXIS2_PLACEMENT_3D('',#13754,#10928,#10929);
#9354=AXIS2_PLACEMENT_3D('',#13756,#10931,#10932);
#9355=AXIS2_PLACEMENT_3D('',#13760,#10935,#10936);
#9356=AXIS2_PLACEMENT_3D('',#13762,#10938,#10939);
#9357=AXIS2_PLACEMENT_3D('',#13766,#10942,#10943);
#9358=AXIS2_PLACEMENT_3D('',#13767,#10944,#10945);
#9359=AXIS2_PLACEMENT_3D('',#13768,#10946,#10947);
#9360=AXIS2_PLACEMENT_3D('',#13772,#10950,#10951);
#9361=AXIS2_PLACEMENT_3D('',#13776,#10954,#10955);
#9362=AXIS2_PLACEMENT_3D('',#13778,#10956,#10957);
#9363=AXIS2_PLACEMENT_3D('',#13780,#10959,#10960);
#9364=AXIS2_PLACEMENT_3D('',#13781,#10961,#10962);
#9365=AXIS2_PLACEMENT_3D('',#13783,#10964,#10965);
#9366=AXIS2_PLACEMENT_3D('',#13785,#10967,#10968);
#9367=AXIS2_PLACEMENT_3D('',#13791,#10972,#10973);
#9368=AXIS2_PLACEMENT_3D('',#13793,#10975,#10976);
#9369=AXIS2_PLACEMENT_3D('',#13797,#10979,#10980);
#9370=AXIS2_PLACEMENT_3D('',#13798,#10981,#10982);
#9371=AXIS2_PLACEMENT_3D('',#13799,#10983,#10984);
#9372=AXIS2_PLACEMENT_3D('',#13801,#10986,#10987);
#9373=AXIS2_PLACEMENT_3D('',#13805,#10990,#10991);
#9374=AXIS2_PLACEMENT_3D('',#13807,#10992,#10993);
#9375=AXIS2_PLACEMENT_3D('',#13809,#10995,#10996);
#9376=AXIS2_PLACEMENT_3D('',#13811,#10998,#10999);
#9377=AXIS2_PLACEMENT_3D('',#13813,#11001,#11002);
#9378=AXIS2_PLACEMENT_3D('',#13815,#11004,#11005);
#9379=AXIS2_PLACEMENT_3D('',#13819,#11008,#11009);
#9380=AXIS2_PLACEMENT_3D('',#13823,#11012,#11013);
#9381=AXIS2_PLACEMENT_3D('',#13825,#11014,#11015);
#9382=AXIS2_PLACEMENT_3D('',#13827,#11017,#11018);
#9383=AXIS2_PLACEMENT_3D('',#13829,#11019,#11020);
#9384=AXIS2_PLACEMENT_3D('',#13831,#11022,#11023);
#9385=AXIS2_PLACEMENT_3D('',#13833,#11025,#11026);
#9386=AXIS2_PLACEMENT_3D('',#13837,#11029,#11030);
#9387=AXIS2_PLACEMENT_3D('',#13841,#11033,#11034);
#9388=AXIS2_PLACEMENT_3D('',#13843,#11035,#11036);
#9389=AXIS2_PLACEMENT_3D('',#13845,#11038,#11039);
#9390=AXIS2_PLACEMENT_3D('',#13847,#11041,#11042);
#9391=AXIS2_PLACEMENT_3D('',#13853,#11046,#11047);
#9392=AXIS2_PLACEMENT_3D('',#13855,#11049,#11050);
#9393=AXIS2_PLACEMENT_3D('',#13859,#11053,#11054);
#9394=AXIS2_PLACEMENT_3D('',#13860,#11055,#11056);
#9395=AXIS2_PLACEMENT_3D('',#13861,#11057,#11058);
#9396=AXIS2_PLACEMENT_3D('',#13863,#11060,#11061);
#9397=AXIS2_PLACEMENT_3D('',#13867,#11064,#11065);
#9398=AXIS2_PLACEMENT_3D('',#13871,#11068,#11069);
#9399=AXIS2_PLACEMENT_3D('',#13873,#11071,#11072);
#9400=AXIS2_PLACEMENT_3D('',#13879,#11076,#11077);
#9401=AXIS2_PLACEMENT_3D('',#13881,#11079,#11080);
#9402=AXIS2_PLACEMENT_3D('',#13885,#11083,#11084);
#9403=AXIS2_PLACEMENT_3D('',#13886,#11085,#11086);
#9404=AXIS2_PLACEMENT_3D('',#13887,#11087,#11088);
#9405=AXIS2_PLACEMENT_3D('',#13891,#11091,#11092);
#9406=AXIS2_PLACEMENT_3D('',#13895,#11095,#11096);
#9407=AXIS2_PLACEMENT_3D('',#13899,#11099,#11100);
#9408=AXIS2_PLACEMENT_3D('',#13903,#11103,#11104);
#9409=AXIS2_PLACEMENT_3D('',#13907,#11107,#11108);
#9410=AXIS2_PLACEMENT_3D('',#13909,#11110,#11111);
#9411=AXIS2_PLACEMENT_3D('',#13910,#11112,#11113);
#9412=AXIS2_PLACEMENT_3D('',#13911,#11114,#11115);
#9413=AXIS2_PLACEMENT_3D('',#13930,#11125,#11126);
#9414=AXIS2_PLACEMENT_3D('',#13931,#11127,#11128);
#9415=AXIS2_PLACEMENT_3D('',#13932,#11129,#11130);
#9416=AXIS2_PLACEMENT_3D('',#13937,#11133,#11134);
#9417=AXIS2_PLACEMENT_3D('',#13938,#11135,#11136);
#9418=AXIS2_PLACEMENT_3D('',#13944,#11140,#11141);
#9419=AXIS2_PLACEMENT_3D('',#13946,#11142,#11143);
#9420=AXIS2_PLACEMENT_3D('',#13948,#11144,#11145);
#9421=AXIS2_PLACEMENT_3D('',#13952,#11148,#11149);
#9422=AXIS2_PLACEMENT_3D('',#13963,#11156,#11157);
#9423=AXIS2_PLACEMENT_3D('',#13964,#11158,#11159);
#9424=AXIS2_PLACEMENT_3D('',#13965,#11160,#11161);
#9425=AXIS2_PLACEMENT_3D('',#13969,#11164,#11165);
#9426=AXIS2_PLACEMENT_3D('',#13971,#11166,#11167);
#9427=AXIS2_PLACEMENT_3D('',#13972,#11168,#11169);
#9428=AXIS2_PLACEMENT_3D('',#13973,#11170,#11171);
#9429=AXIS2_PLACEMENT_3D('',#13974,#11172,#11173);
#9430=AXIS2_PLACEMENT_3D('',#13975,#11174,#11175);
#9431=AXIS2_PLACEMENT_3D('',#13978,#11177,#11178);
#9432=AXIS2_PLACEMENT_3D('',#13979,#11179,#11180);
#9433=AXIS2_PLACEMENT_3D('',#14025,#11203,#11204);
#9434=AXIS2_PLACEMENT_3D('',#14027,#11205,#11206);
#9435=AXIS2_PLACEMENT_3D('',#14064,#11225,#11226);
#9436=AXIS2_PLACEMENT_3D('',#14065,#11227,#11228);
#9437=AXIS2_PLACEMENT_3D('',#14066,#11229,#11230);
#9438=AXIS2_PLACEMENT_3D('',#14067,#11231,#11232);
#9439=AXIS2_PLACEMENT_3D('',#14068,#11233,#11234);
#9440=AXIS2_PLACEMENT_3D('',#14074,#11238,#11239);
#9441=AXIS2_PLACEMENT_3D('',#14078,#11242,#11243);
#9442=AXIS2_PLACEMENT_3D('',#14082,#11246,#11247);
#9443=AXIS2_PLACEMENT_3D('',#14090,#11252,#11253);
#9444=AXIS2_PLACEMENT_3D('',#14096,#11257,#11258);
#9445=AXIS2_PLACEMENT_3D('',#14102,#11261,#11262);
#9446=AXIS2_PLACEMENT_3D('',#14104,#11264,#11265);
#9447=AXIS2_PLACEMENT_3D('',#14110,#11269,#11270);
#9448=AXIS2_PLACEMENT_3D('',#14129,#11280,#11281);
#9449=AXIS2_PLACEMENT_3D('',#14130,#11282,#11283);
#9450=AXIS2_PLACEMENT_3D('',#14131,#11284,#11285);
#9451=AXIS2_PLACEMENT_3D('',#14137,#11288,#11289);
#9452=AXIS2_PLACEMENT_3D('',#14138,#11290,#11291);
#9453=AXIS2_PLACEMENT_3D('',#14139,#11292,#11293);
#9454=AXIS2_PLACEMENT_3D('',#14145,#11297,#11298);
#9455=AXIS2_PLACEMENT_3D('',#14147,#11299,#11300);
#9456=AXIS2_PLACEMENT_3D('',#14151,#11303,#11304);
#9457=AXIS2_PLACEMENT_3D('',#14162,#11311,#11312);
#9458=AXIS2_PLACEMENT_3D('',#14163,#11313,#11314);
#9459=AXIS2_PLACEMENT_3D('',#14164,#11315,#11316);
#9460=AXIS2_PLACEMENT_3D('',#14168,#11319,#11320);
#9461=AXIS2_PLACEMENT_3D('',#14169,#11321,#11322);
#9462=AXIS2_PLACEMENT_3D('',#14170,#11323,#11324);
#9463=AXIS2_PLACEMENT_3D('',#14171,#11325,#11326);
#9464=AXIS2_PLACEMENT_3D('',#14173,#11327,#11328);
#9465=AXIS2_PLACEMENT_3D('',#14175,#11330,#11331);
#9466=AXIS2_PLACEMENT_3D('',#14176,#11332,#11333);
#9467=AXIS2_PLACEMENT_3D('',#14177,#11334,#11335);
#9468=AXIS2_PLACEMENT_3D('',#14178,#11336,#11337);
#9469=AXIS2_PLACEMENT_3D('',#14179,#11338,#11339);
#9470=AXIS2_PLACEMENT_3D('',#14180,#11340,#11341);
#9471=AXIS2_PLACEMENT_3D('',#14186,#11345,#11346);
#9472=AXIS2_PLACEMENT_3D('',#14190,#11349,#11350);
#9473=AXIS2_PLACEMENT_3D('',#14194,#11353,#11354);
#9474=AXIS2_PLACEMENT_3D('',#14203,#11359,#11360);
#9475=AXIS2_PLACEMENT_3D('',#14208,#11362,#11363);
#9476=AXIS2_PLACEMENT_3D('',#14211,#11366,#11367);
#9477=AXIS2_PLACEMENT_3D('',#14217,#11371,#11372);
#9478=AXIS2_PLACEMENT_3D('',#14236,#11382,#11383);
#9479=AXIS2_PLACEMENT_3D('',#14237,#11384,#11385);
#9480=AXIS2_PLACEMENT_3D('',#14238,#11386,#11387);
#9481=AXIS2_PLACEMENT_3D('',#14243,#11390,#11391);
#9482=AXIS2_PLACEMENT_3D('',#14244,#11392,#11393);
#9483=AXIS2_PLACEMENT_3D('',#14250,#11397,#11398);
#9484=AXIS2_PLACEMENT_3D('',#14253,#11400,#11401);
#9485=AXIS2_PLACEMENT_3D('',#14254,#11402,#11403);
#9486=AXIS2_PLACEMENT_3D('',#14255,#11404,#11405);
#9487=AXIS2_PLACEMENT_3D('',#14256,#11406,#11407);
#9488=AXIS2_PLACEMENT_3D('',#14258,#11408,#11409);
#9489=AXIS2_PLACEMENT_3D('',#14262,#11412,#11413);
#9490=AXIS2_PLACEMENT_3D('',#14273,#11420,#11421);
#9491=AXIS2_PLACEMENT_3D('',#14275,#11422,#11423);
#9492=AXIS2_PLACEMENT_3D('',#14276,#11424,#11425);
#9493=AXIS2_PLACEMENT_3D('',#14277,#11426,#11427);
#9494=AXIS2_PLACEMENT_3D('',#14279,#11429,#11430);
#9495=AXIS2_PLACEMENT_3D('',#14280,#11431,#11432);
#9496=AXIS2_PLACEMENT_3D('',#14281,#11433,#11434);
#9497=AXIS2_PLACEMENT_3D('',#14282,#11435,#11436);
#9498=AXIS2_PLACEMENT_3D('',#14283,#11437,#11438);
#9499=AXIS2_PLACEMENT_3D('',#14285,#11439,#11440);
#9500=AXIS2_PLACEMENT_3D('',#14287,#11442,#11443);
#9501=AXIS2_PLACEMENT_3D('',#14289,#11444,#11445);
#9502=AXIS2_PLACEMENT_3D('',#14291,#11447,#11448);
#9503=AXIS2_PLACEMENT_3D('',#14293,#11450,#11451);
#9504=AXIS2_PLACEMENT_3D('',#14295,#11452,#11453);
#9505=AXIS2_PLACEMENT_3D('',#14297,#11455,#11456);
#9506=AXIS2_PLACEMENT_3D('',#14305,#11461,#11462);
#9507=AXIS2_PLACEMENT_3D('',#14309,#11465,#11466);
#9508=AXIS2_PLACEMENT_3D('',#14313,#11469,#11470);
#9509=AXIS2_PLACEMENT_3D('',#14317,#11473,#11474);
#9510=AXIS2_PLACEMENT_3D('',#14323,#11478,#11479);
#9511=AXIS2_PLACEMENT_3D('',#14329,#11483,#11484);
#9512=AXIS2_PLACEMENT_3D('',#14335,#11488,#11489);
#9513=AXIS2_PLACEMENT_3D('',#14341,#11493,#11494);
#9514=AXIS2_PLACEMENT_3D('',#14347,#11498,#11499);
#9515=AXIS2_PLACEMENT_3D('',#14353,#11503,#11504);
#9516=AXIS2_PLACEMENT_3D('',#14359,#11508,#11509);
#9517=AXIS2_PLACEMENT_3D('',#14365,#11513,#11514);
#9518=AXIS2_PLACEMENT_3D('',#14370,#11518,#11519);
#9519=AXIS2_PLACEMENT_3D('',#14374,#11522,#11523);
#9520=AXIS2_PLACEMENT_3D('',#14378,#11526,#11527);
#9521=AXIS2_PLACEMENT_3D('',#14382,#11530,#11531);
#9522=AXIS2_PLACEMENT_3D('',#14388,#11535,#11536);
#9523=AXIS2_PLACEMENT_3D('',#14391,#11539,#11540);
#9524=AXIS2_PLACEMENT_3D('',#14394,#11543,#11544);
#9525=AXIS2_PLACEMENT_3D('',#14396,#11546,#11547);
#9526=AXIS2_PLACEMENT_3D('',#14397,#11548,#11549);
#9527=AXIS2_PLACEMENT_3D('',#14399,#11551,#11552);
#9528=AXIS2_PLACEMENT_3D('',#14401,#11554,#11555);
#9529=AXIS2_PLACEMENT_3D('',#14402,#11556,#11557);
#9530=AXIS2_PLACEMENT_3D('',#14443,#11578,#11579);
#9531=AXIS2_PLACEMENT_3D('',#14446,#11582,#11583);
#9532=AXIS2_PLACEMENT_3D('',#14452,#11587,#11588);
#9533=AXIS2_PLACEMENT_3D('',#14453,#11589,#11590);
#9534=AXIS2_PLACEMENT_3D('',#14454,#11591,#11592);
#9535=AXIS2_PLACEMENT_3D('',#14458,#11595,#11596);
#9536=AXIS2_PLACEMENT_3D('',#14462,#11599,#11600);
#9537=AXIS2_PLACEMENT_3D('',#14468,#11604,#11605);
#9538=AXIS2_PLACEMENT_3D('',#14472,#11608,#11609);
#9539=AXIS2_PLACEMENT_3D('',#14476,#11612,#11613);
#9540=AXIS2_PLACEMENT_3D('',#14482,#11617,#11618);
#9541=AXIS2_PLACEMENT_3D('',#14491,#11623,#11624);
#9542=AXIS2_PLACEMENT_3D('',#14495,#11626,#11627);
#9543=AXIS2_PLACEMENT_3D('',#14496,#11628,#11629);
#9544=AXIS2_PLACEMENT_3D('',#14497,#11630,#11631);
#9545=AXIS2_PLACEMENT_3D('',#14500,#11634,#11635);
#9546=AXIS2_PLACEMENT_3D('',#14502,#11637,#11638);
#9547=AXIS2_PLACEMENT_3D('',#14506,#11641,#11642);
#9548=AXIS2_PLACEMENT_3D('',#14509,#11645,#11646);
#9549=AXIS2_PLACEMENT_3D('',#14517,#11651,#11652);
#9550=AXIS2_PLACEMENT_3D('',#14520,#11655,#11656);
#9551=AXIS2_PLACEMENT_3D('',#14524,#11659,#11660);
#9552=AXIS2_PLACEMENT_3D('',#14528,#11663,#11664);
#9553=AXIS2_PLACEMENT_3D('',#14529,#11665,#11666);
#9554=AXIS2_PLACEMENT_3D('',#14530,#11667,#11668);
#9555=AXIS2_PLACEMENT_3D('',#14531,#11669,#11670);
#9556=AXIS2_PLACEMENT_3D('',#14533,#11672,#11673);
#9557=AXIS2_PLACEMENT_3D('',#14534,#11674,#11675);
#9558=AXIS2_PLACEMENT_3D('',#14535,#11676,#11677);
#9559=AXIS2_PLACEMENT_3D('',#14536,#11678,#11679);
#9560=AXIS2_PLACEMENT_3D('',#14538,#11681,#11682);
#9561=AXIS2_PLACEMENT_3D('',#14542,#11685,#11686);
#9562=AXIS2_PLACEMENT_3D('',#14546,#11689,#11690);
#9563=AXIS2_PLACEMENT_3D('',#14550,#11693,#11694);
#9564=AXIS2_PLACEMENT_3D('',#14556,#11698,#11699);
#9565=AXIS2_PLACEMENT_3D('',#14560,#11702,#11703);
#9566=AXIS2_PLACEMENT_3D('',#14566,#11707,#11708);
#9567=AXIS2_PLACEMENT_3D('',#14568,#11709,#11710);
#9568=AXIS2_PLACEMENT_3D('',#14571,#11712,#11713);
#9569=AXIS2_PLACEMENT_3D('',#14572,#11714,#11715);
#9570=AXIS2_PLACEMENT_3D('',#14575,#11718,#11719);
#9571=AXIS2_PLACEMENT_3D('',#14579,#11722,#11723);
#9572=AXIS2_PLACEMENT_3D('',#14581,#11725,#11726);
#9573=AXIS2_PLACEMENT_3D('',#14585,#11729,#11730);
#9574=AXIS2_PLACEMENT_3D('',#14588,#11733,#11734);
#9575=AXIS2_PLACEMENT_3D('',#14590,#11736,#11737);
#9576=AXIS2_PLACEMENT_3D('',#14591,#11738,#11739);
#9577=AXIS2_PLACEMENT_3D('',#14595,#11742,#11743);
#9578=AXIS2_PLACEMENT_3D('',#14601,#11747,#11748);
#9579=AXIS2_PLACEMENT_3D('',#14607,#11752,#11753);
#9580=AXIS2_PLACEMENT_3D('',#14613,#11757,#11758);
#9581=AXIS2_PLACEMENT_3D('',#14619,#11762,#11763);
#9582=AXIS2_PLACEMENT_3D('',#14625,#11767,#11768);
#9583=AXIS2_PLACEMENT_3D('',#14631,#11772,#11773);
#9584=AXIS2_PLACEMENT_3D('',#14633,#11774,#11775);
#9585=AXIS2_PLACEMENT_3D('',#14636,#11777,#11778);
#9586=AXIS2_PLACEMENT_3D('',#14637,#11779,#11780);
#9587=AXIS2_PLACEMENT_3D('',#14640,#11783,#11784);
#9588=AXIS2_PLACEMENT_3D('',#14642,#11786,#11787);
#9589=AXIS2_PLACEMENT_3D('',#14644,#11789,#11790);
#9590=AXIS2_PLACEMENT_3D('',#14646,#11792,#11793);
#9591=AXIS2_PLACEMENT_3D('',#14648,#11795,#11796);
#9592=AXIS2_PLACEMENT_3D('',#14650,#11798,#11799);
#9593=AXIS2_PLACEMENT_3D('',#14652,#11801,#11802);
#9594=AXIS2_PLACEMENT_3D('',#14654,#11804,#11805);
#9595=AXIS2_PLACEMENT_3D('',#14656,#11807,#11808);
#9596=AXIS2_PLACEMENT_3D('',#14657,#11809,#11810);
#9597=AXIS2_PLACEMENT_3D('',#14659,#11811,#11812);
#9598=AXIS2_PLACEMENT_3D('',#14661,#11814,#11815);
#9599=AXIS2_PLACEMENT_3D('',#14669,#11820,#11821);
#9600=AXIS2_PLACEMENT_3D('',#14671,#11823,#11824);
#9601=AXIS2_PLACEMENT_3D('',#14674,#11826,#11827);
#9602=AXIS2_PLACEMENT_3D('',#14675,#11828,#11829);
#9603=AXIS2_PLACEMENT_3D('',#14695,#11840,#11841);
#9604=AXIS2_PLACEMENT_3D('',#14696,#11842,#11843);
#9605=AXIS2_PLACEMENT_3D('',#14697,#11844,#11845);
#9606=AXIS2_PLACEMENT_3D('',#14699,#11847,#11848);
#9607=AXIS2_PLACEMENT_3D('',#14702,#11850,#11851);
#9608=AXIS2_PLACEMENT_3D('',#14704,#11853,#11854);
#9609=AXIS2_PLACEMENT_3D('',#14712,#11859,#11860);
#9610=AXIS2_PLACEMENT_3D('',#14714,#11862,#11863);
#9611=AXIS2_PLACEMENT_3D('',#14715,#11864,#11865);
#9612=AXIS2_PLACEMENT_3D('',#14717,#11867,#11868);
#9613=AXIS2_PLACEMENT_3D('',#14719,#11870,#11871);
#9614=AXIS2_PLACEMENT_3D('',#14721,#11873,#11874);
#9615=AXIS2_PLACEMENT_3D('',#14723,#11876,#11877);
#9616=AXIS2_PLACEMENT_3D('',#14724,#11878,#11879);
#9617=AXIS2_PLACEMENT_3D('',#14726,#11881,#11882);
#9618=AXIS2_PLACEMENT_3D('',#14727,#11883,#11884);
#9619=AXIS2_PLACEMENT_3D('',#14728,#11885,#11886);
#9620=AXIS2_PLACEMENT_3D('',#14731,#11889,#11890);
#9621=AXIS2_PLACEMENT_3D('',#14733,#11892,#11893);
#9622=AXIS2_PLACEMENT_3D('',#14735,#11895,#11896);
#9623=AXIS2_PLACEMENT_3D('',#14737,#11898,#11899);
#9624=AXIS2_PLACEMENT_3D('',#14739,#11901,#11902);
#9625=AXIS2_PLACEMENT_3D('',#14740,#11903,#11904);
#9626=AXIS2_PLACEMENT_3D('',#14742,#11906,#11907);
#9627=AXIS2_PLACEMENT_3D('',#14743,#11908,#11909);
#9628=AXIS2_PLACEMENT_3D('',#14745,#11911,#11912);
#9629=AXIS2_PLACEMENT_3D('',#14747,#11914,#11915);
#9630=AXIS2_PLACEMENT_3D('',#14749,#11917,#11918);
#9631=AXIS2_PLACEMENT_3D('',#14751,#11920,#11921);
#9632=AXIS2_PLACEMENT_3D('',#14753,#11923,#11924);
#9633=AXIS2_PLACEMENT_3D('',#14754,#11925,#11926);
#9634=AXIS2_PLACEMENT_3D('',#14756,#11928,#11929);
#9635=AXIS2_PLACEMENT_3D('',#14758,#11931,#11932);
#9636=AXIS2_PLACEMENT_3D('',#14759,#11933,#11934);
#9637=AXIS2_PLACEMENT_3D('',#14760,#11935,#11936);
#9638=AXIS2_PLACEMENT_3D('',#14761,#11937,#11938);
#9639=AXIS2_PLACEMENT_3D('',#14762,#11939,#11940);
#9640=AXIS2_PLACEMENT_3D('',#14763,#11941,#11942);
#9641=DIRECTION('axis',(0.,0.,1.));
#9642=DIRECTION('refdir',(1.,0.,0.));
#9643=DIRECTION('axis',(0.,0.,1.));
#9644=DIRECTION('refdir',(1.,0.,0.));
#9645=DIRECTION('center_axis',(-0.353553390593271,-0.612372435695789,-0.707106781186554));
#9646=DIRECTION('ref_axis',(-0.894427190999919,0.,0.447213595499951));
#9647=DIRECTION('',(0.866025403784439,-0.5,0.));
#9648=DIRECTION('',(-0.186156787897403,-0.694746590606864,0.694746590606863));
#9649=DIRECTION('',(-0.866025403784439,0.5,0.));
#9650=DIRECTION('',(-0.508589802709467,-0.508589802709498,0.694746590606862));
#9651=DIRECTION('center_axis',(0.,-0.707106781186547,-0.707106781186548));
#9652=DIRECTION('ref_axis',(-1.,0.,0.));
#9653=DIRECTION('',(1.,0.,0.));
#9654=DIRECTION('',(0.186156787897372,-0.694746590606868,0.694746590606867));
#9655=DIRECTION('',(-1.,0.,0.));
#9656=DIRECTION('center_axis',(0.353553390593277,-0.6123724356958,-0.707106781186541));
#9657=DIRECTION('ref_axis',(-0.894427190999913,0.,-0.447213595499964));
#9658=DIRECTION('',(0.866025403784439,0.5,0.));
#9659=DIRECTION('',(0.5085898027095,-0.508589802709462,0.694746590606865));
#9660=DIRECTION('',(-0.866025403784439,-0.5,0.));
#9661=DIRECTION('center_axis',(0.612372435695792,-0.353553390593272,-0.707106781186551));
#9662=DIRECTION('ref_axis',(-0.755928946018457,0.,-0.654653670707974));
#9663=DIRECTION('',(0.5,0.866025403784439,0.));
#9664=DIRECTION('',(0.694746590606863,-0.186156787897411,0.694746590606862));
#9665=DIRECTION('',(-0.5,-0.866025403784439,0.));
#9666=DIRECTION('center_axis',(0.612372435695793,0.353553390593273,-0.707106781186549));
#9667=DIRECTION('ref_axis',(-0.755928946018456,0.,-0.654653670707976));
#9668=DIRECTION('',(0.5,-0.866025403784439,0.));
#9669=DIRECTION('',(-0.694746590606866,-0.186156787897388,-0.694746590606865));
#9670=DIRECTION('',(-0.5,0.866025403784439,0.));
#9671=DIRECTION('',(0.508589802709469,0.508589802709492,0.694746590606865));
#9672=DIRECTION('center_axis',(0.707106781186547,-4.40878547696069E-16,
-0.707106781186548));
#9673=DIRECTION('ref_axis',(-0.707106781186548,0.,-0.707106781186547));
#9674=DIRECTION('',(6.23496421511134E-16,1.,0.));
#9675=DIRECTION('',(-6.23496421511134E-16,-1.,0.));
#9676=DIRECTION('center_axis',(0.353553390593274,0.612372435695793,-0.707106781186549));
#9677=DIRECTION('ref_axis',(-0.894427190999916,0.,-0.447213595499957));
#9678=DIRECTION('',(0.866025403784438,-0.500000000000001,0.));
#9679=DIRECTION('',(-0.866025403784438,0.500000000000001,0.));
#9680=DIRECTION('',(0.186156787897388,0.694746590606866,0.694746590606865));
#9681=DIRECTION('center_axis',(0.,0.707106781186547,-0.707106781186548));
#9682=DIRECTION('ref_axis',(-1.,0.,0.));
#9683=DIRECTION('',(1.,0.,0.));
#9684=DIRECTION('',(-1.,0.,0.));
#9685=DIRECTION('',(-0.186156787897388,0.694746590606866,0.694746590606865));
#9686=DIRECTION('center_axis',(-0.353553390593273,0.612372435695794,-0.707106781186549));
#9687=DIRECTION('ref_axis',(-0.894427190999917,0.,0.447213595499956));
#9688=DIRECTION('',(0.866025403784439,0.499999999999999,0.));
#9689=DIRECTION('',(-0.866025403784439,-0.499999999999999,0.));
#9690=DIRECTION('',(-0.508589802709483,0.508589802709483,0.694746590606862));
#9691=DIRECTION('center_axis',(-0.612372435695791,0.353553390593273,-0.707106781186551));
#9692=DIRECTION('ref_axis',(-0.755928946018458,0.,0.654653670707973));
#9693=DIRECTION('',(0.500000000000001,0.866025403784438,0.));
#9694=DIRECTION('',(-0.500000000000001,-0.866025403784438,0.));
#9695=DIRECTION('',(-0.694746590606863,0.186156787897411,0.694746590606862));
#9696=DIRECTION('center_axis',(-0.707106781186547,4.40878547696069E-16,
-0.707106781186548));
#9697=DIRECTION('ref_axis',(-0.707106781186548,0.,0.707106781186547));
#9698=DIRECTION('',(6.23496421511135E-16,1.,0.));
#9699=DIRECTION('',(-6.23496421511135E-16,-1.,0.));
#9700=DIRECTION('',(-0.694746590606867,-0.186156787897381,0.694746590606866));
#9701=DIRECTION('center_axis',(-0.612372435695796,-0.353553390593273,-0.707106781186547));
#9702=DIRECTION('ref_axis',(-0.755928946018454,0.,0.654653670707978));
#9703=DIRECTION('',(-0.499999999999998,0.86602540378444,0.));
#9704=DIRECTION('',(0.499999999999998,-0.86602540378444,0.));
#9705=DIRECTION('center_axis',(-0.5,-0.866025403784439,0.));
#9706=DIRECTION('ref_axis',(0.866025403784439,-0.5,0.));
#9707=DIRECTION('',(0.,0.,1.));
#9708=DIRECTION('',(0.866025403784439,-0.5,0.));
#9709=DIRECTION('',(0.,0.,1.));
#9710=DIRECTION('center_axis',(0.,-1.,0.));
#9711=DIRECTION('ref_axis',(1.,0.,0.));
#9712=DIRECTION('',(0.,0.,1.));
#9713=DIRECTION('',(1.,0.,0.));
#9714=DIRECTION('center_axis',(0.5,-0.866025403784439,0.));
#9715=DIRECTION('ref_axis',(0.866025403784439,0.5,0.));
#9716=DIRECTION('',(0.,0.,1.));
#9717=DIRECTION('',(0.866025403784439,0.5,0.));
#9718=DIRECTION('center_axis',(0.866025403784439,-0.5,0.));
#9719=DIRECTION('ref_axis',(0.5,0.866025403784439,0.));
#9720=DIRECTION('',(0.,0.,1.));
#9721=DIRECTION('',(0.5,0.866025403784439,0.));
#9722=DIRECTION('center_axis',(1.,-6.23496421511134E-16,0.));
#9723=DIRECTION('ref_axis',(6.23496421511134E-16,1.,0.));
#9724=DIRECTION('',(0.,0.,1.));
#9725=DIRECTION('',(6.23496421511134E-16,1.,0.));
#9726=DIRECTION('center_axis',(0.866025403784439,0.5,0.));
#9727=DIRECTION('ref_axis',(-0.5,0.866025403784439,0.));
#9728=DIRECTION('',(0.,0.,1.));
#9729=DIRECTION('',(-0.5,0.866025403784439,0.));
#9730=DIRECTION('center_axis',(0.,0.,1.));
#9731=DIRECTION('ref_axis',(-1.,0.,0.));
#9732=DIRECTION('center_axis',(0.,0.,1.));
#9733=DIRECTION('ref_axis',(-0.955064136811237,-0.296399214872452,0.));
#9734=DIRECTION('',(0.5,0.866025403784439,0.));
#9735=DIRECTION('',(-0.866025403784439,0.5,0.));
#9736=DIRECTION('',(-0.86602540378444,-0.499999999999998,0.));
#9737=DIRECTION('center_axis',(0.,0.,1.));
#9738=DIRECTION('ref_axis',(-1.,0.,0.));
#9739=DIRECTION('',(0.,-1.,0.));
#9740=DIRECTION('',(-1.,0.,0.));
#9741=DIRECTION('',(6.36265721810857E-18,1.,0.));
#9742=DIRECTION('center_axis',(0.,0.,1.));
#9743=DIRECTION('ref_axis',(-1.,0.,0.));
#9744=DIRECTION('',(-0.866025403784438,0.500000000000001,0.));
#9745=DIRECTION('',(-0.866025403784439,-0.5,0.));
#9746=DIRECTION('',(0.5,-0.866025403784439,0.));
#9747=DIRECTION('',(0.866025403784439,0.5,0.));
#9748=DIRECTION('',(-0.5,0.866025403784439,0.));
#9749=DIRECTION('',(-0.866025403784439,-0.5,0.));
#9750=DIRECTION('',(-2.08115950573596E-15,-1.,0.));
#9751=DIRECTION('',(0.866025403784438,-0.5,0.));
#9752=DIRECTION('center_axis',(0.,0.,1.));
#9753=DIRECTION('ref_axis',(-0.233153164042029,-0.972440024935826,0.));
#9754=DIRECTION('',(6.36914343197906E-16,1.,0.));
#9755=DIRECTION('',(-0.499999999999999,0.866025403784439,0.));
#9756=DIRECTION('',(-0.866025403784439,0.5,0.));
#9757=DIRECTION('',(-5.08717087744215E-16,-1.,0.));
#9758=DIRECTION('',(0.500000000000189,-0.866025403784329,0.));
#9759=DIRECTION('',(0.866025403784438,-0.500000000000002,0.));
#9760=DIRECTION('',(1.,4.91670323811496E-17,0.));
#9761=DIRECTION('',(6.36914343197906E-16,1.,0.));
#9762=DIRECTION('',(-0.866025403784437,0.500000000000003,0.));
#9763=DIRECTION('',(-0.866025403784439,-0.5,0.));
#9764=DIRECTION('center_axis',(0.,0.,1.));
#9765=DIRECTION('ref_axis',(-0.955064136811237,-0.296399214872452,0.));
#9766=DIRECTION('center_axis',(0.,0.,1.));
#9767=DIRECTION('ref_axis',(0.922249535038505,0.386595130752137,0.));
#9768=DIRECTION('center_axis',(0.,0.,-1.));
#9769=DIRECTION('ref_axis',(-0.233174537510205,-0.972434900163966,0.));
#9770=DIRECTION('center_axis',(0.,0.,-1.));
#9771=DIRECTION('ref_axis',(0.922249535038505,0.386595130752137,0.));
#9772=DIRECTION('center_axis',(0.,0.,-1.));
#9773=DIRECTION('ref_axis',(-0.955064136811237,-0.296399214872452,0.));
#9774=DIRECTION('center_axis',(0.,0.,1.));
#9775=DIRECTION('ref_axis',(0.233152443466371,0.972440197701463,0.));
#9776=DIRECTION('center_axis',(0.,0.,1.));
#9777=DIRECTION('ref_axis',(0.922249535038505,0.386595130752137,0.));
#9778=DIRECTION('',(-0.866025403784439,-0.5,0.));
#9779=DIRECTION('',(-0.499999999999999,-0.866025403784439,0.));
#9780=DIRECTION('',(0.866025403784438,-0.500000000000001,0.));
#9781=DIRECTION('',(0.5,0.866025403784439,0.));
#9782=DIRECTION('center_axis',(0.,0.,1.));
#9783=DIRECTION('ref_axis',(-0.233153164042029,-0.972440024935826,0.));
#9784=DIRECTION('',(-0.866025403784438,0.5,0.));
#9785=DIRECTION('',(-0.866025403784439,-0.499999999999999,0.));
#9786=DIRECTION('',(-6.36914343197906E-16,-1.,0.));
#9787=DIRECTION('',(1.,-4.53162445934552E-17,0.));
#9788=DIRECTION('',(-0.5,-0.866025403784438,0.));
#9789=DIRECTION('',(0.866025403784438,-0.500000000000001,0.));
#9790=DIRECTION('',(1.,0.,0.));
#9791=DIRECTION('',(0.866025403784439,0.499999999999999,0.));
#9792=DIRECTION('',(-0.499999999999999,0.866025403784439,0.));
#9793=DIRECTION('center_axis',(0.,0.,1.));
#9794=DIRECTION('ref_axis',(0.922249535038505,0.386595130752137,0.));
#9795=DIRECTION('',(0.499999999999999,-0.866025403784439,0.));
#9796=DIRECTION('',(0.866025403784439,0.499999999999999,0.));
#9797=DIRECTION('',(-0.499999999999999,0.866025403784439,0.));
#9798=DIRECTION('',(-0.866025403784439,0.5,0.));
#9799=DIRECTION('center_axis',(0.,0.,1.));
#9800=DIRECTION('ref_axis',(0.922249535038505,0.386595130752137,0.));
#9801=DIRECTION('center_axis',(0.,0.,1.));
#9802=DIRECTION('ref_axis',(0.922249535038505,0.386595130752137,0.));
#9803=DIRECTION('',(0.866025403784439,-0.5,0.));
#9804=DIRECTION('',(1.,-1.07774993808521E-15,0.));
#9805=DIRECTION('',(6.36914343197906E-16,1.,0.));
#9806=DIRECTION('',(-1.,-2.51833449446753E-16,0.));
#9807=DIRECTION('center_axis',(0.,0.,-1.));
#9808=DIRECTION('ref_axis',(-1.,0.,0.));
#9809=DIRECTION('',(-1.,8.83817144748035E-16,0.));
#9810=DIRECTION('',(-6.36914343197906E-16,-1.,0.));
#9811=DIRECTION('',(0.5,-0.866025403784439,0.));
#9812=DIRECTION('',(0.866025403784438,-0.500000000000001,0.));
#9813=DIRECTION('',(0.500000000000001,0.866025403784438,0.));
#9814=DIRECTION('center_axis',(0.,0.,-1.));
#9815=DIRECTION('ref_axis',(-1.,0.,0.));
#9816=DIRECTION('',(0.499999999999999,-0.866025403784439,0.));
#9817=DIRECTION('',(0.866025403784439,0.499999999999999,0.));
#9818=DIRECTION('',(0.500000000000001,0.866025403784438,0.));
#9819=DIRECTION('',(6.36914343197906E-16,1.,0.));
#9820=DIRECTION('',(-1.,7.25669032175288E-16,0.));
#9821=DIRECTION('',(-1.,4.63669486187865E-17,0.));
#9822=DIRECTION('',(-6.36914343197906E-16,-1.,0.));
#9823=DIRECTION('',(1.,-1.20479438480915E-15,0.));
#9824=DIRECTION('',(0.866025403784439,0.499999999999999,0.));
#9825=DIRECTION('center_axis',(0.,0.,1.));
#9826=DIRECTION('ref_axis',(0.922249535038505,0.386595130752137,0.));
#9827=DIRECTION('center_axis',(0.,0.,1.));
#9828=DIRECTION('ref_axis',(-0.233153164042029,-0.972440024935826,0.));
#9829=DIRECTION('center_axis',(0.,0.,1.));
#9830=DIRECTION('ref_axis',(-0.955064136811237,-0.296399214872452,0.));
#9831=DIRECTION('',(0.866025403784439,0.5,0.));
#9832=DIRECTION('',(0.,1.,0.));
#9833=DIRECTION('',(-0.866025403784439,0.5,0.));
#9834=DIRECTION('',(-0.5,-0.866025403784439,0.));
#9835=DIRECTION('',(-0.866025403784439,-0.5,0.));
#9836=DIRECTION('',(-0.5,-0.866025403784439,0.));
#9837=DIRECTION('',(-6.36914343197906E-16,-1.,0.));
#9838=DIRECTION('',(0.866025403784438,0.500000000000001,0.));
#9839=DIRECTION('',(0.500000000000189,0.86602540378433,0.));
#9840=DIRECTION('',(9.6390772655158E-16,1.,0.));
#9841=DIRECTION('',(-1.,0.,0.));
#9842=DIRECTION('',(0.866025403784438,-0.500000000000001,0.));
#9843=DIRECTION('',(1.,0.,0.));
#9844=DIRECTION('',(0.866025403784439,0.499999999999999,0.));
#9845=DIRECTION('center_axis',(0.,0.,-1.));
#9846=DIRECTION('ref_axis',(-1.,0.,0.));
#9847=DIRECTION('',(0.866025403784439,0.5,0.));
#9848=DIRECTION('',(-0.866025403784439,0.5,0.));
#9849=DIRECTION('',(-1.,0.,0.));
#9850=DIRECTION('',(-0.866025403784439,-0.5,0.));
#9851=DIRECTION('',(0.866025403784438,-0.5,0.));
#9852=DIRECTION('center_axis',(-0.353553390593275,-0.612372435695796,0.707106781186546));
#9853=DIRECTION('ref_axis',(0.894427190999915,0.,0.44721359549996));
#9854=DIRECTION('',(-0.866025403784439,0.5,0.));
#9855=DIRECTION('',(-0.508589802709469,-0.508589802709488,-0.694746590606869));
#9856=DIRECTION('',(-0.186156787897381,-0.694746590606865,-0.694746590606867));
#9857=DIRECTION('center_axis',(-0.6123724356958,-0.353553390593276,0.707106781186542));
#9858=DIRECTION('ref_axis',(0.755928946018449,0.,0.654653670707984));
#9859=DIRECTION('',(-0.499999999999998,0.86602540378444,0.));
#9860=DIRECTION('',(-0.694746590606866,-0.186156787897375,-0.694746590606868));
#9861=DIRECTION('',(0.499999999999998,-0.86602540378444,0.));
#9862=DIRECTION('center_axis',(-0.707106781186549,4.4087854769607E-16,0.707106781186546));
#9863=DIRECTION('ref_axis',(0.707106781186546,0.,0.707106781186549));
#9864=DIRECTION('',(6.23496421511135E-16,1.,0.));
#9865=DIRECTION('',(-0.694746590606865,0.186156787897381,-0.694746590606867));
#9866=DIRECTION('',(-6.23496421511135E-16,-1.,0.));
#9867=DIRECTION('center_axis',(-0.612372435695795,0.353553390593276,0.707106781186546));
#9868=DIRECTION('ref_axis',(0.755928946018453,0.,0.654653670707979));
#9869=DIRECTION('',(0.500000000000001,0.866025403784438,0.));
#9870=DIRECTION('',(-0.508589802709475,0.508589802709484,-0.694746590606867));
#9871=DIRECTION('',(-0.500000000000001,-0.866025403784438,0.));
#9872=DIRECTION('center_axis',(-0.353553390593274,0.612372435695797,0.707106781186545));
#9873=DIRECTION('ref_axis',(0.894427190999915,0.,0.44721359549996));
#9874=DIRECTION('',(0.866025403784439,0.499999999999999,0.));
#9875=DIRECTION('',(-0.186156787897384,0.694746590606865,-0.694746590606867));
#9876=DIRECTION('',(-0.866025403784439,-0.499999999999999,0.));
#9877=DIRECTION('center_axis',(0.,0.707106781186549,0.707106781186546));
#9878=DIRECTION('ref_axis',(1.,0.,0.));
#9879=DIRECTION('',(1.,0.,0.));
#9880=DIRECTION('',(0.18615678789739,0.694746590606864,-0.694746590606866));
#9881=DIRECTION('',(-1.,0.,0.));
#9882=DIRECTION('center_axis',(0.353553390593274,0.612372435695794,0.707106781186548));
#9883=DIRECTION('ref_axis',(0.894427190999916,0.,-0.447213595499958));
#9884=DIRECTION('',(0.866025403784438,-0.500000000000001,0.));
#9885=DIRECTION('',(0.508589802709471,0.508589802709487,-0.694746590606868));
#9886=DIRECTION('',(-0.866025403784438,0.500000000000001,0.));
#9887=DIRECTION('center_axis',(0.612372435695797,0.353553390593275,0.707106781186545));
#9888=DIRECTION('ref_axis',(0.755928946018452,0.,-0.65465367070798));
#9889=DIRECTION('',(0.5,-0.866025403784439,0.));
#9890=DIRECTION('',(0.694746590606861,0.186156787897391,-0.694746590606869));
#9891=DIRECTION('center_axis',(0.707106781186552,-4.40878547696072E-16,
0.707106781186543));
#9892=DIRECTION('ref_axis',(0.707106781186543,0.,-0.707106781186552));
#9893=DIRECTION('',(-6.23496421511134E-16,-1.,0.));
#9894=DIRECTION('',(0.694746590606858,-0.186156787897409,-0.694746590606867));
#9895=DIRECTION('center_axis',(0.612372435695793,-0.353553390593273,0.707106781186549));
#9896=DIRECTION('ref_axis',(0.755928946018456,0.,-0.654653670707975));
#9897=DIRECTION('',(-0.5,-0.866025403784439,0.));
#9898=DIRECTION('',(0.508589802709488,-0.508589802709473,-0.694746590606865));
#9899=DIRECTION('center_axis',(0.353553390593274,-0.612372435695796,0.707106781186546));
#9900=DIRECTION('ref_axis',(0.894427190999915,0.,-0.447213595499959));
#9901=DIRECTION('',(-0.866025403784439,-0.5,0.));
#9902=DIRECTION('',(0.186156787897382,-0.694746590606865,-0.694746590606867));
#9903=DIRECTION('center_axis',(0.,-0.707106781186549,0.707106781186546));
#9904=DIRECTION('ref_axis',(1.,0.,0.));
#9905=DIRECTION('',(-1.,0.,0.));
#9906=DIRECTION('center_axis',(0.,0.,1.));
#9907=DIRECTION('ref_axis',(1.,0.,0.));
#9908=DIRECTION('',(-0.866025403784439,0.5,0.));
#9909=DIRECTION('',(-0.499999999999999,0.866025403784439,0.));
#9910=DIRECTION('',(6.36914343197906E-16,1.,0.));
#9911=DIRECTION('',(0.500000000000001,0.866025403784438,0.));
#9912=DIRECTION('',(0.866025403784439,0.499999999999999,0.));
#9913=DIRECTION('',(1.,0.,0.));
#9914=DIRECTION('',(0.866025403784438,-0.500000000000001,0.));
#9915=DIRECTION('',(0.5,-0.866025403784439,0.));
#9916=DIRECTION('',(-6.36914343197906E-16,-1.,0.));
#9917=DIRECTION('',(-0.5,-0.866025403784439,0.));
#9918=DIRECTION('',(-0.866025403784439,-0.5,0.));
#9919=DIRECTION('',(-1.,0.,0.));
#9920=DIRECTION('center_axis',(0.5,-0.866025403784439,0.));
#9921=DIRECTION('ref_axis',(0.866025403784439,0.5,0.));
#9922=DIRECTION('',(0.,0.,-1.));
#9923=DIRECTION('',(0.866025403784439,0.5,0.));
#9924=DIRECTION('',(0.,0.,1.));
#9925=DIRECTION('center_axis',(0.,0.,1.));
#9926=DIRECTION('ref_axis',(-1.,0.,0.));
#9927=DIRECTION('',(0.5,-0.866025403784439,0.));
#9928=DIRECTION('center_axis',(0.,0.,-1.));
#9929=DIRECTION('ref_axis',(-0.955064136811237,-0.296399214872452,0.));
#9930=DIRECTION('',(-0.5,0.866025403784439,0.));
#9931=DIRECTION('center_axis',(-0.866025403784439,-0.5,0.));
#9932=DIRECTION('ref_axis',(0.5,-0.866025403784439,0.));
#9933=DIRECTION('',(0.,0.,1.));
#9934=DIRECTION('',(0.5,-0.866025403784439,0.));
#9935=DIRECTION('',(0.353553390593274,-0.612372435695794,0.707106781186548));
#9936=DIRECTION('',(0.5,-0.866025403784439,0.));
#9937=DIRECTION('',(0.,0.,1.));
#9938=DIRECTION('center_axis',(0.,0.,1.));
#9939=DIRECTION('ref_axis',(1.,0.,0.));
#9940=DIRECTION('',(0.866025403784439,-0.5,0.));
#9941=DIRECTION('',(0.5,0.866025403784439,0.));
#9942=DIRECTION('',(-0.5,-0.866025403784439,0.));
#9943=DIRECTION('center_axis',(0.,0.,1.));
#9944=DIRECTION('ref_axis',(1.,0.,0.));
#9945=DIRECTION('',(0.866025403784439,0.5,0.));
#9946=DIRECTION('',(-0.866025403784438,0.500000000000001,0.));
#9947=DIRECTION('center_axis',(0.,0.,1.));
#9948=DIRECTION('ref_axis',(-1.,0.,0.));
#9949=DIRECTION('',(6.36265721810857E-18,1.,0.));
#9950=DIRECTION('',(1.,0.,0.));
#9951=DIRECTION('',(0.,-1.,0.));
#9952=DIRECTION('center_axis',(0.,0.,1.));
#9953=DIRECTION('ref_axis',(-1.,0.,0.));
#9954=DIRECTION('',(-0.86602540378444,-0.499999999999998,0.));
#9955=DIRECTION('',(0.866025403784439,-0.5,0.));
#9956=DIRECTION('',(0.866025403784439,0.5,0.));
#9957=DIRECTION('center_axis',(0.,0.,-1.));
#9958=DIRECTION('ref_axis',(-1.,0.,0.));
#9959=DIRECTION('',(0.866025403784438,-0.5,0.));
#9960=DIRECTION('center_axis',(0.,0.,1.));
#9961=DIRECTION('ref_axis',(1.,0.,0.));
#9962=DIRECTION('',(-6.36914343197906E-16,-1.,0.));
#9963=DIRECTION('',(0.866025403784438,-0.500000000000002,0.));
#9964=DIRECTION('',(0.500000000000189,-0.866025403784329,0.));
#9965=DIRECTION('',(-5.08717087744215E-16,-1.,0.));
#9966=DIRECTION('',(0.866025403784439,-0.5,0.));
#9967=DIRECTION('',(0.,1.,0.));
#9968=DIRECTION('',(0.866025403784439,0.5,0.));
#9969=DIRECTION('',(-0.866025403784439,-0.5,0.));
#9970=DIRECTION('',(-0.866025403784437,0.500000000000003,0.));
#9971=DIRECTION('center_axis',(0.,0.,1.));
#9972=DIRECTION('ref_axis',(1.,0.,0.));
#9973=DIRECTION('',(0.866025403784439,0.5,0.));
#9974=DIRECTION('',(-0.5,0.866025403784439,0.));
#9975=DIRECTION('',(0.866025403784439,0.5,0.));
#9976=DIRECTION('center_axis',(0.,0.,1.));
#9977=DIRECTION('ref_axis',(1.,0.,0.));
#9978=DIRECTION('',(-6.36914343197906E-16,-1.,0.));
#9979=DIRECTION('',(1.,4.91670323811496E-17,0.));
#9980=DIRECTION('',(-1.,-2.51833449446753E-16,0.));
#9981=DIRECTION('center_axis',(0.,0.,1.));
#9982=DIRECTION('ref_axis',(1.,0.,0.));
#9983=DIRECTION('',(6.36914343197906E-16,1.,0.));
#9984=DIRECTION('',(-0.866025403784439,-0.499999999999999,0.));
#9985=DIRECTION('',(-0.866025403784438,0.5,0.));
#9986=DIRECTION('',(0.866025403784438,-0.5,0.));
#9987=DIRECTION('',(-2.08115950573596E-15,-1.,0.));
#9988=DIRECTION('',(0.866025403784439,0.5,0.));
#9989=DIRECTION('',(9.6390772655158E-16,1.,0.));
#9990=DIRECTION('',(0.500000000000189,0.86602540378433,0.));
#9991=DIRECTION('',(0.866025403784438,0.500000000000001,0.));
#9992=DIRECTION('center_axis',(0.,0.,1.));
#9993=DIRECTION('ref_axis',(1.,0.,0.));
#9994=DIRECTION('',(-0.866025403784439,-0.499999999999999,0.));
#9995=DIRECTION('',(0.499999999999999,-0.866025403784439,0.));
#9996=DIRECTION('center_axis',(0.,0.,-1.));
#9997=DIRECTION('ref_axis',(-1.,0.,0.));
#9998=DIRECTION('',(-1.,7.25669032175288E-16,0.));
#9999=DIRECTION('',(-6.36914343197906E-16,-1.,0.));
#10000=DIRECTION('',(1.,-1.07774993808521E-15,0.));
#10001=DIRECTION('',(0.866025403784439,-0.5,0.));
#10002=DIRECTION('',(-0.499999999999998,-0.86602540378444,0.));
#10003=DIRECTION('',(-0.866025403784439,0.5,0.));
#10004=DIRECTION('',(-0.499999999999999,0.866025403784439,0.));
#10005=DIRECTION('center_axis',(0.,0.,1.));
#10006=DIRECTION('ref_axis',(1.,0.,0.));
#10007=DIRECTION('',(6.36914343197906E-16,1.,0.));
#10008=DIRECTION('',(-1.,4.63669486187865E-17,0.));
#10009=DIRECTION('',(1.,-4.53162445934552E-17,0.));
#10010=DIRECTION('center_axis',(0.,0.,1.));
#10011=DIRECTION('ref_axis',(1.,0.,0.));
#10012=DIRECTION('',(-0.866025403784439,-0.499999999999999,0.));
#10013=DIRECTION('',(0.5,-0.866025403784439,0.));
#10014=DIRECTION('',(-0.863385307232936,-0.50454515283995,0.));
#10015=DIRECTION('',(-0.499999999999999,0.866025403784439,0.));
#10016=DIRECTION('center_axis',(0.,0.,1.));
#10017=DIRECTION('ref_axis',(1.,0.,0.));
#10018=DIRECTION('',(-0.866025403784438,0.500000000000001,0.));
#10019=DIRECTION('',(-0.499999999999999,-0.866025403784439,0.));
#10020=DIRECTION('',(-0.866025403784439,-0.5,0.));
#10021=DIRECTION('',(0.866025403784439,0.499999999999999,0.));
#10022=DIRECTION('',(1.,-1.20479438480915E-15,0.));
#10023=DIRECTION('',(6.36914343197906E-16,1.,0.));
#10024=DIRECTION('',(-1.,8.83817144748035E-16,0.));
#10025=DIRECTION('center_axis',(0.,0.,-1.));
#10026=DIRECTION('ref_axis',(-1.,0.,0.));
#10027=DIRECTION('',(0.500000000000001,0.866025403784438,0.));
#10028=DIRECTION('center_axis',(0.,0.,1.));
#10029=DIRECTION('ref_axis',(1.,0.,0.));
#10030=DIRECTION('',(-0.866025403784438,0.500000000000001,0.));
#10031=DIRECTION('',(-0.5,-0.866025403784438,0.));
#10032=DIRECTION('',(-0.866025403784438,0.500000000000002,0.));
#10033=DIRECTION('',(0.5,0.866025403784439,0.));
#10034=DIRECTION('center_axis',(0.,0.,1.));
#10035=DIRECTION('ref_axis',(1.,0.,0.));
#10036=DIRECTION('',(-0.866025403784438,0.500000000000001,0.));
#10037=DIRECTION('',(-1.,0.,0.));
#10038=DIRECTION('',(-0.866025403784439,-0.499999999999999,0.));
#10039=DIRECTION('',(1.,0.,0.));
#10040=DIRECTION('center_axis',(0.,0.707106781186547,0.707106781186548));
#10041=DIRECTION('ref_axis',(1.,0.,0.));
#10042=DIRECTION('',(0.,-0.707106781186548,0.707106781186547));
#10043=DIRECTION('',(4.49907806529011E-18,0.707106781186548,-0.707106781186547));
#10044=DIRECTION('',(-1.,0.,0.));
#10045=DIRECTION('center_axis',(1.,-6.36265721810857E-18,0.));
#10046=DIRECTION('ref_axis',(6.36265721810857E-18,1.,0.));
#10047=DIRECTION('',(0.,0.,1.));
#10048=DIRECTION('',(0.,0.,1.));
#10049=DIRECTION('center_axis',(-4.53162445934552E-17,-1.,0.));
#10050=DIRECTION('ref_axis',(1.,-4.53162445934552E-17,0.));
#10051=DIRECTION('',(1.,-4.53162445934552E-17,0.));
#10052=DIRECTION('',(0.,0.,1.));
#10053=DIRECTION('',(0.,0.,1.));
#10054=DIRECTION('center_axis',(0.356767298987932,-0.610505605521241,0.707106781186546));
#10055=DIRECTION('ref_axis',(0.892798138118843,0.,-0.450456973052396));
#10056=DIRECTION('',(-0.353555832641303,0.612376665447057,0.707101897056753));
#10057=DIRECTION('',(0.353555832641303,-0.612376665447057,-0.707101897056753));
#10058=DIRECTION('',(-0.863385307232936,-0.50454515283995,0.));
#10059=DIRECTION('center_axis',(0.866025403784439,0.499999999999999,0.));
#10060=DIRECTION('ref_axis',(-0.499999999999999,0.866025403784439,0.));
#10061=DIRECTION('',(-0.499999999999999,0.866025403784439,0.));
#10062=DIRECTION('',(0.,0.,1.));
#10063=DIRECTION('',(0.,0.,1.));
#10064=DIRECTION('center_axis',(-0.353553390593274,-0.612372435695793,0.707106781186549));
#10065=DIRECTION('ref_axis',(0.894427190999916,0.,0.447213595499958));
#10066=DIRECTION('',(0.353553390593274,0.612372435695795,0.707106781186547));
#10067=DIRECTION('',(-0.353553390593275,-0.612372435695795,-0.707106781186547));
#10068=DIRECTION('',(-0.866025403784438,0.500000000000002,0.));
#10069=DIRECTION('center_axis',(0.866025403784439,-0.5,0.));
#10070=DIRECTION('ref_axis',(0.5,0.866025403784439,0.));
#10071=DIRECTION('',(0.5,0.866025403784439,0.));
#10072=DIRECTION('',(0.,0.,1.));
#10073=DIRECTION('',(0.,0.,1.));
#10074=DIRECTION('center_axis',(-0.866025403784439,0.5,0.));
#10075=DIRECTION('ref_axis',(-0.5,-0.866025403784439,0.));
#10076=DIRECTION('',(-0.5,-0.866025403784439,0.));
#10077=DIRECTION('',(0.,0.,1.));
#10078=DIRECTION('',(0.,0.,1.));
#10079=DIRECTION('center_axis',(-0.353553390593274,0.612372435695795,0.707106781186547));
#10080=DIRECTION('ref_axis',(0.894427190999916,0.,0.447213595499958));
#10081=DIRECTION('',(-0.353553390593273,0.612372435695794,-0.707106781186548));
#10082=DIRECTION('',(0.866025403784439,0.5,0.));
#10083=DIRECTION('center_axis',(-2.51833449446753E-16,1.,0.));
#10084=DIRECTION('ref_axis',(-1.,-2.51833449446753E-16,0.));
#10085=DIRECTION('',(-1.,-2.51833449446753E-16,0.));
#10086=DIRECTION('',(0.,0.,1.));
#10087=DIRECTION('',(0.,0.,1.));
#10088=DIRECTION('center_axis',(0.612372435695795,-0.353553390593272,0.707106781186548));
#10089=DIRECTION('ref_axis',(0.755928946018454,0.,-0.654653670707977));
#10090=DIRECTION('',(-0.612372435695795,0.353553390593274,0.707106781186547));
#10091=DIRECTION('',(0.612372435695795,-0.353553390593274,-0.707106781186547));
#10092=DIRECTION('',(-0.499999999999998,-0.86602540378444,0.));
#10093=DIRECTION('center_axis',(0.5,0.866025403784439,0.));
#10094=DIRECTION('ref_axis',(-0.866025403784439,0.5,0.));
#10095=DIRECTION('',(-0.866025403784439,0.5,0.));
#10096=DIRECTION('',(0.,0.,1.));
#10097=DIRECTION('',(0.,0.,1.));
#10098=DIRECTION('center_axis',(0.499999999999999,-0.866025403784439,0.));
#10099=DIRECTION('ref_axis',(0.866025403784439,0.499999999999999,0.));
#10100=DIRECTION('',(0.866025403784439,0.499999999999999,0.));
#10101=DIRECTION('',(0.,0.,1.));
#10102=DIRECTION('',(0.,0.,1.));
#10103=DIRECTION('center_axis',(-0.5,-0.866025403784438,0.));
#10104=DIRECTION('ref_axis',(0.866025403784438,-0.5,0.));
#10105=DIRECTION('',(0.866025403784438,-0.5,0.));
#10106=DIRECTION('',(0.,0.,1.));
#10107=DIRECTION('',(0.,0.,1.));
#10108=DIRECTION('center_axis',(0.5,-0.866025403784439,0.));
#10109=DIRECTION('ref_axis',(0.866025403784439,0.5,0.));
#10110=DIRECTION('',(0.,0.,1.));
#10111=DIRECTION('',(0.,0.,1.));
#10112=DIRECTION('',(0.866025403784439,0.5,0.));
#10113=DIRECTION('center_axis',(0.,0.,1.));
#10114=DIRECTION('ref_axis',(-1.,0.,0.));
#10115=DIRECTION('',(-0.5,0.866025403784439,0.));
#10116=DIRECTION('center_axis',(0.,0.,1.));
#10117=DIRECTION('ref_axis',(-0.955064136811237,-0.296399214872452,0.));
#10118=DIRECTION('center_axis',(0.,0.,1.));
#10119=DIRECTION('ref_axis',(-0.233153164042029,-0.972440024935826,0.));
#10120=DIRECTION('',(-0.866025403784438,0.5,0.));
#10121=DIRECTION('center_axis',(0.,0.,1.));
#10122=DIRECTION('ref_axis',(-0.233153164042029,-0.972440024935826,0.));
#10123=DIRECTION('',(-1.,4.63669486187865E-17,0.));
#10124=DIRECTION('center_axis',(0.,0.,1.));
#10125=DIRECTION('ref_axis',(-0.233153164042029,-0.972440024935826,0.));
#10126=DIRECTION('center_axis',(0.,0.,1.));
#10127=DIRECTION('ref_axis',(0.922249535038505,0.386595130752137,0.));
#10128=DIRECTION('',(-0.866025403784439,-0.5,0.));
#10129=DIRECTION('center_axis',(0.,0.,1.));
#10130=DIRECTION('ref_axis',(0.922249535038505,0.386595130752137,0.));
#10131=DIRECTION('',(-0.5,-0.866025403784438,0.));
#10132=DIRECTION('center_axis',(0.,0.,1.));
#10133=DIRECTION('ref_axis',(0.922249535038505,0.386595130752137,0.));
#10134=DIRECTION('',(0.499999999999999,-0.866025403784439,0.));
#10135=DIRECTION('center_axis',(0.,0.,1.));
#10136=DIRECTION('ref_axis',(0.922249535038505,0.386595130752137,0.));
#10137=DIRECTION('',(0.866025403784439,-0.5,0.));
#10138=DIRECTION('center_axis',(0.,0.,1.));
#10139=DIRECTION('ref_axis',(0.922249535038505,0.386595130752137,0.));
#10140=DIRECTION('',(1.,4.91670323811496E-17,0.));
#10141=DIRECTION('center_axis',(0.,0.,1.));
#10142=DIRECTION('ref_axis',(0.922249535038505,0.386595130752137,0.));
#10143=DIRECTION('center_axis',(0.,0.,1.));
#10144=DIRECTION('ref_axis',(-0.955064136811237,-0.296399214872452,0.));
#10145=DIRECTION('',(-0.866025403784439,-0.5,0.));
#10146=DIRECTION('center_axis',(0.,0.,1.));
#10147=DIRECTION('ref_axis',(-0.955064136811237,-0.296399214872452,0.));
#10148=DIRECTION('',(0.5,0.866025403784439,0.));
#10149=DIRECTION('center_axis',(0.,0.,1.));
#10150=DIRECTION('ref_axis',(-0.955064136811237,-0.296399214872452,0.));
#10151=DIRECTION('center_axis',(0.,0.,-1.));
#10152=DIRECTION('ref_axis',(-0.233174537510205,-0.972434900163966,0.));
#10153=DIRECTION('center_axis',(0.,0.,1.));
#10154=DIRECTION('ref_axis',(0.233152443466371,0.972440197701463,0.));
#10155=DIRECTION('center_axis',(0.,0.,-1.));
#10156=DIRECTION('ref_axis',(-0.955064136811237,-0.296399214872452,0.));
#10157=DIRECTION('center_axis',(0.,0.,-1.));
#10158=DIRECTION('ref_axis',(0.922249535038505,0.386595130752137,0.));
#10159=DIRECTION('center_axis',(0.5,-0.866025403784439,0.));
#10160=DIRECTION('ref_axis',(0.866025403784439,0.5,0.));
#10161=DIRECTION('',(0.,0.,1.));
#10162=DIRECTION('',(0.,0.,1.));
#10163=DIRECTION('center_axis',(0.,1.,0.));
#10164=DIRECTION('ref_axis',(-1.,0.,0.));
#10165=DIRECTION('',(0.,0.,1.));
#10166=DIRECTION('',(0.,0.,1.));
#10167=DIRECTION('center_axis',(-0.5,-0.866025403784438,0.));
#10168=DIRECTION('ref_axis',(0.866025403784438,-0.5,0.));
#10169=DIRECTION('',(0.,0.,1.));
#10170=DIRECTION('',(0.,0.,1.));
#10171=DIRECTION('center_axis',(0.,0.,1.));
#10172=DIRECTION('ref_axis',(1.83697019872103E-16,1.,0.));
#10173=DIRECTION('center_axis',(-0.500000000000001,-0.866025403784438,0.));
#10174=DIRECTION('ref_axis',(0.866025403784438,-0.500000000000001,0.));
#10175=DIRECTION('',(0.,0.,1.));
#10176=DIRECTION('',(0.,0.,1.));
#10177=DIRECTION('',(0.,0.,1.));
#10178=DIRECTION('',(0.,0.,1.));
#10179=DIRECTION('',(0.,0.,1.));
#10180=DIRECTION('',(0.,0.,1.));
#10181=DIRECTION('',(0.,0.,1.));
#10182=DIRECTION('center_axis',(0.,-1.,0.));
#10183=DIRECTION('ref_axis',(1.,0.,0.));
#10184=DIRECTION('',(0.,0.,1.));
#10185=DIRECTION('center_axis',(0.499999999999999,-0.866025403784439,0.));
#10186=DIRECTION('ref_axis',(0.866025403784439,0.499999999999999,0.));
#10187=DIRECTION('',(0.,0.,1.));
#10188=DIRECTION('',(0.,0.,1.));
#10189=DIRECTION('',(0.,0.,1.));
#10190=DIRECTION('',(0.,0.,1.));
#10191=DIRECTION('',(0.,0.,1.));
#10192=DIRECTION('',(0.,0.,1.));
#10193=DIRECTION('center_axis',(0.,1.,0.));
#10194=DIRECTION('ref_axis',(-1.,0.,0.));
#10195=DIRECTION('center_axis',(-0.866025403784439,0.5,0.));
#10196=DIRECTION('ref_axis',(-0.5,-0.866025403784439,0.));
#10197=DIRECTION('',(0.,0.,1.));
#10198=DIRECTION('',(0.,0.,1.));
#10199=DIRECTION('center_axis',(0.500000000000001,-0.866025403784438,0.));
#10200=DIRECTION('ref_axis',(0.866025403784438,0.500000000000001,0.));
#10201=DIRECTION('',(0.,0.,1.));
#10202=DIRECTION('',(0.,0.,1.));
#10203=DIRECTION('center_axis',(0.86602540378433,-0.500000000000189,0.));
#10204=DIRECTION('ref_axis',(0.500000000000189,0.86602540378433,0.));
#10205=DIRECTION('',(0.,0.,1.));
#10206=DIRECTION('center_axis',(1.,-9.6390772655158E-16,0.));
#10207=DIRECTION('ref_axis',(9.6390772655158E-16,1.,0.));
#10208=DIRECTION('',(0.,0.,1.));
#10209=DIRECTION('center_axis',(-0.5,0.866025403784439,0.));
#10210=DIRECTION('ref_axis',(-0.866025403784439,-0.5,0.));
#10211=DIRECTION('',(0.,0.,1.));
#10212=DIRECTION('',(0.,0.,1.));
#10213=DIRECTION('',(0.,0.,1.));
#10214=DIRECTION('center_axis',(1.,0.,0.));
#10215=DIRECTION('ref_axis',(0.,1.,0.));
#10216=DIRECTION('',(0.,0.,1.));
#10217=DIRECTION('center_axis',(0.,0.,1.));
#10218=DIRECTION('ref_axis',(-0.955064136811237,-0.296399214872452,0.));
#10219=DIRECTION('center_axis',(-1.20479438480915E-15,-1.,0.));
#10220=DIRECTION('ref_axis',(1.,-1.20479438480915E-15,0.));
#10221=DIRECTION('',(0.,0.,1.));
#10222=DIRECTION('center_axis',(0.,0.,1.));
#10223=DIRECTION('ref_axis',(0.922249535038505,0.386595130752137,0.));
#10224=DIRECTION('',(0.,0.,1.));
#10225=DIRECTION('center_axis',(0.,0.,1.));
#10226=DIRECTION('ref_axis',(-0.233153164042029,-0.972440024935826,0.));
#10227=DIRECTION('',(0.,0.,1.));
#10228=DIRECTION('center_axis',(4.63669486187865E-17,1.,0.));
#10229=DIRECTION('ref_axis',(-1.,4.63669486187865E-17,0.));
#10230=DIRECTION('',(0.,0.,1.));
#10231=DIRECTION('center_axis',(-0.866025403784439,-0.499999999999999,0.));
#10232=DIRECTION('ref_axis',(0.499999999999999,-0.866025403784439,0.));
#10233=DIRECTION('',(0.,0.,1.));
#10234=DIRECTION('center_axis',(0.866025403784438,-0.500000000000001,0.));
#10235=DIRECTION('ref_axis',(0.500000000000001,0.866025403784438,0.));
#10236=DIRECTION('',(0.,0.,1.));
#10237=DIRECTION('center_axis',(1.,-6.36914343197906E-16,0.));
#10238=DIRECTION('ref_axis',(6.36914343197906E-16,1.,0.));
#10239=DIRECTION('',(0.,0.,1.));
#10240=DIRECTION('',(0.,0.,1.));
#10241=DIRECTION('',(0.,0.,1.));
#10242=DIRECTION('',(0.,0.,1.));
#10243=DIRECTION('',(0.,0.,1.));
#10244=DIRECTION('',(0.,0.,1.));
#10245=DIRECTION('center_axis',(7.25669032175288E-16,1.,0.));
#10246=DIRECTION('ref_axis',(-1.,7.25669032175288E-16,0.));
#10247=DIRECTION('',(0.,0.,1.));
#10248=DIRECTION('center_axis',(0.,0.,1.));
#10249=DIRECTION('ref_axis',(0.866025403809628,-0.499999999956371,0.));
#10250=DIRECTION('center_axis',(8.83817144748035E-16,1.,0.));
#10251=DIRECTION('ref_axis',(-1.,8.83817144748035E-16,0.));
#10252=DIRECTION('',(0.,0.,1.));
#10253=DIRECTION('',(0.,0.,1.));
#10254=DIRECTION('center_axis',(-1.,6.36914343197906E-16,0.));
#10255=DIRECTION('ref_axis',(-6.36914343197906E-16,-1.,0.));
#10256=DIRECTION('',(0.,0.,1.));
#10257=DIRECTION('',(0.,0.,1.));
#10258=DIRECTION('center_axis',(-0.866025403784439,-0.5,0.));
#10259=DIRECTION('ref_axis',(0.5,-0.866025403784439,0.));
#10260=DIRECTION('center_axis',(0.866025403784438,-0.500000000000001,0.));
#10261=DIRECTION('ref_axis',(0.500000000000001,0.866025403784438,0.));
#10262=DIRECTION('',(0.,0.,1.));
#10263=DIRECTION('center_axis',(0.,0.,1.));
#10264=DIRECTION('ref_axis',(-1.,0.,0.));
#10265=DIRECTION('center_axis',(-0.5,-0.866025403784439,0.));
#10266=DIRECTION('ref_axis',(0.866025403784439,-0.5,0.));
#10267=DIRECTION('',(0.,0.,1.));
#10268=DIRECTION('',(0.,0.,1.));
#10269=DIRECTION('center_axis',(-1.07774993808521E-15,-1.,0.));
#10270=DIRECTION('ref_axis',(1.,-1.07774993808521E-15,0.));
#10271=DIRECTION('center_axis',(0.,0.,1.));
#10272=DIRECTION('ref_axis',(0.922249535038505,0.386595130752137,0.));
#10273=DIRECTION('center_axis',(-1.,2.08115950573596E-15,0.));
#10274=DIRECTION('ref_axis',(-2.08115950573596E-15,-1.,0.));
#10275=DIRECTION('center_axis',(0.,0.,1.));
#10276=DIRECTION('ref_axis',(-0.233153164042029,-0.972440024935826,0.));
#10277=DIRECTION('',(0.,0.,1.));
#10278=DIRECTION('center_axis',(0.,0.,1.));
#10279=DIRECTION('ref_axis',(-0.955064136811237,-0.296399214872452,0.));
#10280=DIRECTION('',(0.,0.,1.));
#10281=DIRECTION('',(0.,0.,1.));
#10282=DIRECTION('center_axis',(0.866025403784439,0.5,0.));
#10283=DIRECTION('ref_axis',(-0.5,0.866025403784439,0.));
#10284=DIRECTION('center_axis',(0.866025403784439,0.499999999999999,0.));
#10285=DIRECTION('ref_axis',(-0.499999999999999,0.866025403784439,0.));
#10286=DIRECTION('center_axis',(0.,0.,1.));
#10287=DIRECTION('ref_axis',(0.922249535038505,0.386595130752137,0.));
#10288=DIRECTION('',(0.,0.,1.));
#10289=DIRECTION('center_axis',(-0.866025403784439,-0.5,0.));
#10290=DIRECTION('ref_axis',(0.5,-0.866025403784439,0.));
#10291=DIRECTION('center_axis',(0.,-1.,0.));
#10292=DIRECTION('ref_axis',(1.,0.,0.));
#10293=DIRECTION('center_axis',(0.,0.,1.));
#10294=DIRECTION('ref_axis',(0.922249535038505,0.386595130752137,0.));
#10295=DIRECTION('',(0.,0.,1.));
#10296=DIRECTION('center_axis',(-0.866025403784438,0.5,0.));
#10297=DIRECTION('ref_axis',(-0.5,-0.866025403784438,0.));
#10298=DIRECTION('center_axis',(0.5,0.866025403784438,0.));
#10299=DIRECTION('ref_axis',(-0.866025403784438,0.5,0.));
#10300=DIRECTION('',(0.,0.,1.));
#10301=DIRECTION('',(0.,0.,1.));
#10302=DIRECTION('center_axis',(-0.499999999999999,0.866025403784439,0.));
#10303=DIRECTION('ref_axis',(-0.866025403784439,-0.499999999999999,0.));
#10304=DIRECTION('center_axis',(0.,0.,1.));
#10305=DIRECTION('ref_axis',(-0.233153164042029,-0.972440024935826,0.));
#10306=DIRECTION('center_axis',(-0.5,0.866025403784439,0.));
#10307=DIRECTION('ref_axis',(-0.866025403784439,-0.5,0.));
#10308=DIRECTION('',(0.,0.,1.));
#10309=DIRECTION('',(0.,0.,1.));
#10310=DIRECTION('center_axis',(-0.866025403784439,0.499999999999999,0.));
#10311=DIRECTION('ref_axis',(-0.499999999999999,-0.866025403784439,0.));
#10312=DIRECTION('center_axis',(0.,0.,1.));
#10313=DIRECTION('ref_axis',(0.922249535038505,0.386595130752137,0.));
#10314=DIRECTION('center_axis',(0.,0.,1.));
#10315=DIRECTION('ref_axis',(0.922249535038505,0.386595130752137,0.));
#10316=DIRECTION('',(0.,0.,1.));
#10317=DIRECTION('',(0.,0.,1.));
#10318=DIRECTION('center_axis',(0.,0.,1.));
#10319=DIRECTION('ref_axis',(-0.955064136811237,-0.296399214872452,0.));
#10320=DIRECTION('',(0.,0.,1.));
#10321=DIRECTION('center_axis',(0.,0.,1.));
#10322=DIRECTION('ref_axis',(0.233152443466371,0.972440197701463,0.));
#10323=DIRECTION('',(0.,0.,1.));
#10324=DIRECTION('center_axis',(0.,0.,1.));
#10325=DIRECTION('ref_axis',(-0.233174537510205,-0.972434900163966,0.));
#10326=DIRECTION('center_axis',(0.500000000000003,0.866025403784437,0.));
#10327=DIRECTION('ref_axis',(-0.866025403784437,0.500000000000003,0.));
#10328=DIRECTION('',(0.,0.,1.));
#10329=DIRECTION('center_axis',(-0.5,0.866025403784439,0.));
#10330=DIRECTION('ref_axis',(-0.866025403784439,-0.5,0.));
#10331=DIRECTION('',(0.,0.,1.));
#10332=DIRECTION('center_axis',(0.,0.,1.));
#10333=DIRECTION('ref_axis',(-0.955064136811237,-0.296399214872452,0.));
#10334=DIRECTION('',(0.,0.,1.));
#10335=DIRECTION('center_axis',(0.,0.,1.));
#10336=DIRECTION('ref_axis',(0.922249535038505,0.386595130752137,0.));
#10337=DIRECTION('',(0.,0.,1.));
#10338=DIRECTION('center_axis',(4.91670323811496E-17,-1.,0.));
#10339=DIRECTION('ref_axis',(1.,4.91670323811496E-17,0.));
#10340=DIRECTION('center_axis',(0.866025403784439,0.499999999999999,0.));
#10341=DIRECTION('ref_axis',(-0.499999999999999,0.866025403784439,0.));
#10342=DIRECTION('',(0.,0.,1.));
#10343=DIRECTION('center_axis',(0.5,0.866025403784439,0.));
#10344=DIRECTION('ref_axis',(-0.866025403784439,0.5,0.));
#10345=DIRECTION('',(0.,0.,1.));
#10346=DIRECTION('',(0.,0.,1.));
#10347=DIRECTION('',(0.,0.,1.));
#10348=DIRECTION('center_axis',(-1.,5.08717087744215E-16,0.));
#10349=DIRECTION('ref_axis',(-5.08717087744215E-16,-1.,0.));
#10350=DIRECTION('',(0.,0.,1.));
#10351=DIRECTION('center_axis',(-0.866025403784329,-0.500000000000189,0.));
#10352=DIRECTION('ref_axis',(0.500000000000189,-0.866025403784329,0.));
#10353=DIRECTION('',(0.,0.,1.));
#10354=DIRECTION('center_axis',(-0.500000000000002,-0.866025403784438,0.));
#10355=DIRECTION('ref_axis',(0.866025403784438,-0.500000000000002,0.));
#10356=DIRECTION('center_axis',(0.,0.,1.));
#10357=DIRECTION('ref_axis',(0.825395575269959,0.564554819592193,0.));
#10358=DIRECTION('',(0.,0.,1.));
#10359=DIRECTION('center_axis',(0.500000000000001,0.866025403784438,0.));
#10360=DIRECTION('ref_axis',(-0.866025403784438,0.500000000000001,0.));
#10361=DIRECTION('center_axis',(0.866025403784439,-0.5,0.));
#10362=DIRECTION('ref_axis',(0.5,0.866025403784439,0.));
#10363=DIRECTION('center_axis',(-0.499999999999998,0.86602540378444,0.));
#10364=DIRECTION('ref_axis',(-0.86602540378444,-0.499999999999998,0.));
#10365=DIRECTION('',(0.,0.,1.));
#10366=DIRECTION('center_axis',(0.,0.,1.));
#10367=DIRECTION('ref_axis',(-1.,0.,0.));
#10368=DIRECTION('',(0.,0.,1.));
#10369=DIRECTION('center_axis',(-1.,0.,0.));
#10370=DIRECTION('ref_axis',(0.,-1.,0.));
#10371=DIRECTION('',(0.,0.,1.));
#10372=DIRECTION('center_axis',(0.,1.,0.));
#10373=DIRECTION('ref_axis',(-1.,0.,0.));
#10374=DIRECTION('center_axis',(-0.86602540378444,-0.499999999999998,0.));
#10375=DIRECTION('ref_axis',(0.499999999999998,-0.86602540378444,0.));
#10376=DIRECTION('',(0.,0.,1.));
#10377=DIRECTION('center_axis',(-1.,6.23496421511135E-16,0.));
#10378=DIRECTION('ref_axis',(-6.23496421511135E-16,-1.,0.));
#10379=DIRECTION('',(0.,0.,1.));
#10380=DIRECTION('center_axis',(-0.866025403784438,0.500000000000001,0.));
#10381=DIRECTION('ref_axis',(-0.500000000000001,-0.866025403784438,0.));
#10382=DIRECTION('',(0.,0.,1.));
#10383=DIRECTION('center_axis',(-0.499999999999999,0.866025403784439,0.));
#10384=DIRECTION('ref_axis',(-0.866025403784439,-0.499999999999999,0.));
#10385=DIRECTION('',(0.,0.,1.));
#10386=DIRECTION('center_axis',(0.,1.,0.));
#10387=DIRECTION('ref_axis',(-1.,0.,0.));
#10388=DIRECTION('',(0.,0.,1.));
#10389=DIRECTION('center_axis',(0.500000000000001,0.866025403784438,0.));
#10390=DIRECTION('ref_axis',(-0.866025403784438,0.500000000000001,0.));
#10391=DIRECTION('axis',(0.,0.,1.));
#10392=DIRECTION('refdir',(1.,0.,0.));
#10393=DIRECTION('center_axis',(-0.353553390593275,-0.612372435695796,0.707106781186546));
#10394=DIRECTION('ref_axis',(0.894427190999915,0.,0.44721359549996));
#10395=DIRECTION('',(-0.866025403784439,0.5,0.));
#10396=DIRECTION('',(-0.508589802709469,-0.508589802709488,-0.694746590606869));
#10397=DIRECTION('',(0.866025403784439,-0.5,0.));
#10398=DIRECTION('',(-0.186156787897381,-0.694746590606865,-0.694746590606867));
#10399=DIRECTION('center_axis',(-0.6123724356958,-0.353553390593276,0.707106781186542));
#10400=DIRECTION('ref_axis',(0.755928946018449,0.,0.654653670707984));
#10401=DIRECTION('',(-0.499999999999998,0.86602540378444,0.));
#10402=DIRECTION('',(-0.694746590606866,-0.186156787897375,-0.694746590606868));
#10403=DIRECTION('',(0.499999999999998,-0.86602540378444,0.));
#10404=DIRECTION('center_axis',(-0.707106781186549,4.4087854769607E-16,
0.707106781186546));
#10405=DIRECTION('ref_axis',(0.707106781186546,0.,0.707106781186549));
#10406=DIRECTION('',(6.23496421511135E-16,1.,0.));
#10407=DIRECTION('',(-0.694746590606865,0.186156787897381,-0.694746590606867));
#10408=DIRECTION('',(-6.23496421511135E-16,-1.,0.));
#10409=DIRECTION('center_axis',(-0.612372435695795,0.353553390593276,0.707106781186546));
#10410=DIRECTION('ref_axis',(0.755928946018453,0.,0.654653670707979));
#10411=DIRECTION('',(0.500000000000001,0.866025403784438,0.));
#10412=DIRECTION('',(-0.508589802709475,0.508589802709484,-0.694746590606867));
#10413=DIRECTION('',(-0.500000000000001,-0.866025403784438,0.));
#10414=DIRECTION('center_axis',(-0.353553390593274,0.612372435695797,0.707106781186545));
#10415=DIRECTION('ref_axis',(0.894427190999915,0.,0.44721359549996));
#10416=DIRECTION('',(0.866025403784439,0.499999999999999,0.));
#10417=DIRECTION('',(-0.186156787897384,0.694746590606865,-0.694746590606867));
#10418=DIRECTION('',(-0.866025403784439,-0.499999999999999,0.));
#10419=DIRECTION('center_axis',(0.,0.707106781186549,0.707106781186546));
#10420=DIRECTION('ref_axis',(1.,0.,0.));
#10421=DIRECTION('',(1.,0.,0.));
#10422=DIRECTION('',(0.18615678789739,0.694746590606864,-0.694746590606866));
#10423=DIRECTION('',(-1.,0.,0.));
#10424=DIRECTION('center_axis',(0.353553390593274,0.612372435695794,0.707106781186548));
#10425=DIRECTION('ref_axis',(0.894427190999916,0.,-0.447213595499958));
#10426=DIRECTION('',(0.866025403784438,-0.500000000000001,0.));
#10427=DIRECTION('',(0.508589802709471,0.508589802709487,-0.694746590606868));
#10428=DIRECTION('',(-0.866025403784438,0.500000000000001,0.));
#10429=DIRECTION('center_axis',(0.612372435695797,0.353553390593275,0.707106781186545));
#10430=DIRECTION('ref_axis',(0.755928946018452,0.,-0.65465367070798));
#10431=DIRECTION('',(-0.5,0.866025403784439,0.));
#10432=DIRECTION('',(0.5,-0.866025403784439,0.));
#10433=DIRECTION('',(0.694746590606861,0.186156787897391,-0.694746590606869));
#10434=DIRECTION('center_axis',(0.707106781186552,-4.40878547696072E-16,
0.707106781186543));
#10435=DIRECTION('ref_axis',(0.707106781186543,0.,-0.707106781186552));
#10436=DIRECTION('',(6.23496421511134E-16,1.,0.));
#10437=DIRECTION('',(-6.23496421511134E-16,-1.,0.));
#10438=DIRECTION('',(0.694746590606858,-0.186156787897409,-0.694746590606867));
#10439=DIRECTION('center_axis',(0.612372435695793,-0.353553390593273,0.707106781186549));
#10440=DIRECTION('ref_axis',(0.755928946018456,0.,-0.654653670707975));
#10441=DIRECTION('',(0.5,0.866025403784439,0.));
#10442=DIRECTION('',(-0.5,-0.866025403784439,0.));
#10443=DIRECTION('',(0.508589802709488,-0.508589802709473,-0.694746590606865));
#10444=DIRECTION('center_axis',(0.353553390593274,-0.612372435695796,0.707106781186546));
#10445=DIRECTION('ref_axis',(0.894427190999915,0.,-0.447213595499959));
#10446=DIRECTION('',(0.866025403784439,0.5,0.));
#10447=DIRECTION('',(-0.866025403784439,-0.5,0.));
#10448=DIRECTION('',(0.186156787897382,-0.694746590606865,-0.694746590606867));
#10449=DIRECTION('center_axis',(0.,-0.707106781186549,0.707106781186546));
#10450=DIRECTION('ref_axis',(1.,0.,0.));
#10451=DIRECTION('',(1.,0.,0.));
#10452=DIRECTION('',(-1.,0.,0.));
#10453=DIRECTION('center_axis',(0.866025403784439,0.5,0.));
#10454=DIRECTION('ref_axis',(-0.5,0.866025403784439,0.));
#10455=DIRECTION('',(0.,0.,1.));
#10456=DIRECTION('',(-0.5,0.866025403784439,0.));
#10457=DIRECTION('',(0.,0.,1.));
#10458=DIRECTION('center_axis',(1.,-6.23496421511134E-16,0.));
#10459=DIRECTION('ref_axis',(6.23496421511134E-16,1.,0.));
#10460=DIRECTION('',(0.,0.,1.));
#10461=DIRECTION('',(6.23496421511134E-16,1.,0.));
#10462=DIRECTION('center_axis',(0.866025403784439,-0.5,0.));
#10463=DIRECTION('ref_axis',(0.5,0.866025403784439,0.));
#10464=DIRECTION('',(0.,0.,1.));
#10465=DIRECTION('',(0.5,0.866025403784439,0.));
#10466=DIRECTION('center_axis',(0.5,-0.866025403784439,0.));
#10467=DIRECTION('ref_axis',(0.866025403784439,0.5,0.));
#10468=DIRECTION('',(0.,0.,1.));
#10469=DIRECTION('',(0.866025403784439,0.5,0.));
#10470=DIRECTION('center_axis',(0.,-1.,0.));
#10471=DIRECTION('ref_axis',(1.,0.,0.));
#10472=DIRECTION('',(0.,0.,1.));
#10473=DIRECTION('',(1.,0.,0.));
#10474=DIRECTION('center_axis',(-0.5,-0.866025403784439,0.));
#10475=DIRECTION('ref_axis',(0.866025403784439,-0.5,0.));
#10476=DIRECTION('',(0.,0.,1.));
#10477=DIRECTION('',(0.866025403784439,-0.5,0.));
#10478=DIRECTION('center_axis',(0.,0.,1.));
#10479=DIRECTION('ref_axis',(1.,0.,0.));
#10480=DIRECTION('',(-0.866025403784439,0.5,0.));
#10481=DIRECTION('',(-0.499999999999999,0.866025403784439,0.));
#10482=DIRECTION('',(6.36914343197906E-16,1.,0.));
#10483=DIRECTION('',(0.500000000000001,0.866025403784438,0.));
#10484=DIRECTION('',(0.866025403784439,0.499999999999999,0.));
#10485=DIRECTION('',(1.,0.,0.));
#10486=DIRECTION('',(0.866025403784438,-0.500000000000001,0.));
#10487=DIRECTION('',(0.5,-0.866025403784439,0.));
#10488=DIRECTION('',(-6.36914343197906E-16,-1.,0.));
#10489=DIRECTION('',(-0.5,-0.866025403784439,0.));
#10490=DIRECTION('',(-0.866025403784439,-0.5,0.));
#10491=DIRECTION('',(-1.,0.,0.));
#10492=DIRECTION('center_axis',(0.5,-0.866025403784439,0.));
#10493=DIRECTION('ref_axis',(0.866025403784439,0.5,0.));
#10494=DIRECTION('',(0.866025403784439,0.5,0.));
#10495=DIRECTION('',(0.,0.,-1.));
#10496=DIRECTION('',(0.866025403784439,0.5,0.));
#10497=DIRECTION('',(0.,0.,1.));
#10498=DIRECTION('center_axis',(0.,0.,1.));
#10499=DIRECTION('ref_axis',(-1.,0.,0.));
#10500=DIRECTION('',(0.5,-0.866025403784439,0.));
#10501=DIRECTION('center_axis',(0.,0.,-1.));
#10502=DIRECTION('ref_axis',(-0.955064136811237,-0.296399214872452,0.));
#10503=DIRECTION('',(-0.5,0.866025403784439,0.));
#10504=DIRECTION('center_axis',(-0.866025403784439,-0.5,0.));
#10505=DIRECTION('ref_axis',(0.5,-0.866025403784439,0.));
#10506=DIRECTION('',(0.5,-0.866025403784439,0.));
#10507=DIRECTION('',(0.,0.,1.));
#10508=DIRECTION('',(0.353553390593274,-0.612372435695794,0.707106781186548));
#10509=DIRECTION('',(0.5,-0.866025403784439,0.));
#10510=DIRECTION('',(0.,0.,1.));
#10511=DIRECTION('center_axis',(0.707106781186549,-4.50366451110216E-16,
0.707106781186546));
#10512=DIRECTION('ref_axis',(0.707106781186546,0.,-0.707106781186549));
#10513=DIRECTION('',(-0.654653670707975,0.377964473009229,0.654653670707978));
#10514=DIRECTION('',(-6.36914343197906E-16,-1.,0.));
#10515=DIRECTION('',(0.654653670707976,-0.377964473009228,-0.654653670707978));
#10516=DIRECTION('',(6.36914343197906E-16,1.,0.));
#10517=DIRECTION('center_axis',(1.,-6.36914343197906E-16,0.));
#10518=DIRECTION('ref_axis',(6.36914343197906E-16,1.,0.));
#10519=DIRECTION('',(0.,0.,1.));
#10520=DIRECTION('',(0.,0.,1.));
#10521=DIRECTION('',(6.36914343197906E-16,1.,0.));
#10522=DIRECTION('',(0.,0.,1.));
#10523=DIRECTION('',(-6.36914343197906E-16,-1.,0.));
#10524=DIRECTION('',(0.,0.,1.));
#10525=DIRECTION('',(6.36914343197906E-16,1.,0.));
#10526=DIRECTION('',(0.,0.,1.));
#10527=DIRECTION('',(-6.36914343197906E-16,-1.,0.));
#10528=DIRECTION('',(0.,0.,1.));
#10529=DIRECTION('',(6.36914343197906E-16,1.,0.));
#10530=DIRECTION('',(0.,0.,1.));
#10531=DIRECTION('',(0.,0.,1.));
#10532=DIRECTION('',(6.36914343197906E-16,1.,0.));
#10533=DIRECTION('center_axis',(0.353553390593275,0.612372435695796,0.707106781186546));
#10534=DIRECTION('ref_axis',(0.894427190999915,0.,-0.44721359549996));
#10535=DIRECTION('',(-3.84553971960061E-16,-0.755928946018453,0.654653670707979));
#10536=DIRECTION('',(0.866025403784439,-0.5,0.));
#10537=DIRECTION('',(0.,0.755928946018453,-0.654653670707979));
#10538=DIRECTION('',(-0.866025403784439,0.5,0.));
#10539=DIRECTION('center_axis',(0.5,0.866025403784439,0.));
#10540=DIRECTION('ref_axis',(-0.866025403784439,0.5,0.));
#10541=DIRECTION('',(0.,0.,1.));
#10542=DIRECTION('',(0.,0.,1.));
#10543=DIRECTION('',(-0.866025403784439,0.5,0.));
#10544=DIRECTION('',(0.,0.,1.));
#10545=DIRECTION('',(0.,0.,1.));
#10546=DIRECTION('',(-0.866025403784439,0.5,0.));
#10547=DIRECTION('',(0.,0.,1.));
#10548=DIRECTION('',(0.866025403784439,-0.5,0.));
#10549=DIRECTION('',(0.,0.,1.));
#10550=DIRECTION('',(-0.866025403784439,0.5,0.));
#10551=DIRECTION('',(0.,0.,1.));
#10552=DIRECTION('',(0.866025403784439,-0.5,0.));
#10553=DIRECTION('',(0.,0.,1.));
#10554=DIRECTION('',(-0.866025403784439,0.5,0.));
#10555=DIRECTION('center_axis',(0.353553390593275,0.612372435695796,0.707106781186546));
#10556=DIRECTION('ref_axis',(0.894427190999915,0.,-0.44721359549996));
#10557=DIRECTION('',(-0.353553390593273,-0.612372435695793,0.707106781186549));
#10558=DIRECTION('',(0.353553390593273,0.612372435695793,-0.707106781186549));
#10559=DIRECTION('',(-0.866025403784439,0.5,0.));
#10560=DIRECTION('center_axis',(0.353553390593273,0.612372435695793,0.707106781186549));
#10561=DIRECTION('ref_axis',(0.894427190999917,0.,-0.447213595499956));
#10562=DIRECTION('',(-0.65465367070798,-0.377964473009227,0.654653670707975));
#10563=DIRECTION('',(0.654653670707979,0.377964473009228,-0.654653670707975));
#10564=DIRECTION('',(-0.866025403784439,0.5,0.));
#10565=DIRECTION('center_axis',(-0.353553390593273,0.612372435695794,0.707106781186548));
#10566=DIRECTION('ref_axis',(0.894427190999916,0.,0.447213595499957));
#10567=DIRECTION('',(0.654653670707977,-0.377964473009228,0.654653670707977));
#10568=DIRECTION('',(0.866025403784439,0.5,0.));
#10569=DIRECTION('',(-0.654653670707977,0.377964473009228,-0.654653670707977));
#10570=DIRECTION('',(-0.866025403784439,-0.5,0.));
#10571=DIRECTION('center_axis',(-0.5,0.866025403784439,0.));
#10572=DIRECTION('ref_axis',(-0.866025403784439,-0.5,0.));
#10573=DIRECTION('',(0.,0.,1.));
#10574=DIRECTION('',(0.,0.,1.));
#10575=DIRECTION('',(-0.866025403784439,-0.5,0.));
#10576=DIRECTION('',(0.,0.,1.));
#10577=DIRECTION('',(0.,0.,1.));
#10578=DIRECTION('',(-0.866025403784439,-0.5,0.));
#10579=DIRECTION('',(0.,0.,1.));
#10580=DIRECTION('',(0.866025403784439,0.5,0.));
#10581=DIRECTION('',(0.,0.,1.));
#10582=DIRECTION('',(-0.866025403784439,-0.5,0.));
#10583=DIRECTION('',(0.,0.,1.));
#10584=DIRECTION('',(0.866025403784439,0.5,0.));
#10585=DIRECTION('',(-0.866025403784439,-0.5,0.));
#10586=DIRECTION('center_axis',(-0.353553390593274,0.612372435695795,0.707106781186547));
#10587=DIRECTION('ref_axis',(0.894427190999916,0.,0.447213595499958));
#10588=DIRECTION('',(-0.353553390593273,0.612372435695794,-0.707106781186548));
#10589=DIRECTION('',(-0.866025403784439,-0.5,0.));
#10590=DIRECTION('center_axis',(-0.353553390593274,0.612372435695795,0.707106781186547));
#10591=DIRECTION('ref_axis',(0.894427190999916,0.,0.447213595499958));
#10592=DIRECTION('',(-1.57320871166727E-15,-0.755928946018455,0.654653670707977));
#10593=DIRECTION('',(7.2864575179118E-16,0.755928946018454,-0.654653670707977));
#10594=DIRECTION('',(-0.866025403784439,-0.5,0.));
#10595=DIRECTION('center_axis',(-0.707106781186549,4.50366451110216E-16,
0.707106781186546));
#10596=DIRECTION('ref_axis',(0.707106781186546,0.,0.707106781186549));
#10597=DIRECTION('',(0.654653670707976,0.377964473009227,0.654653670707978));
#10598=DIRECTION('',(6.36914343197906E-16,1.,0.));
#10599=DIRECTION('',(-0.654653670707976,-0.377964473009226,-0.654653670707978));
#10600=DIRECTION('',(-6.36914343197906E-16,-1.,0.));
#10601=DIRECTION('center_axis',(-1.,6.36914343197906E-16,0.));
#10602=DIRECTION('ref_axis',(-6.36914343197906E-16,-1.,0.));
#10603=DIRECTION('',(0.,0.,1.));
#10604=DIRECTION('',(0.,0.,1.));
#10605=DIRECTION('',(-6.36914343197906E-16,-1.,0.));
#10606=DIRECTION('',(0.,0.,1.));
#10607=DIRECTION('',(0.,0.,1.));
#10608=DIRECTION('',(-6.36914343197906E-16,-1.,0.));
#10609=DIRECTION('',(0.,0.,1.));
#10610=DIRECTION('',(6.36914343197906E-16,1.,0.));
#10611=DIRECTION('',(0.,0.,1.));
#10612=DIRECTION('',(-6.36914343197906E-16,-1.,0.));
#10613=DIRECTION('',(0.,0.,1.));
#10614=DIRECTION('',(6.36914343197906E-16,1.,0.));
#10615=DIRECTION('',(0.,0.,1.));
#10616=DIRECTION('',(-6.36914343197906E-16,-1.,0.));
#10617=DIRECTION('center_axis',(-0.707106781186549,4.50366451110216E-16,
0.707106781186546));
#10618=DIRECTION('ref_axis',(0.707106781186546,0.,0.707106781186549));
#10619=DIRECTION('',(0.707106781186546,-3.20434238499403E-17,0.707106781186549));
#10620=DIRECTION('',(-0.707106781186546,3.27863837912721E-17,-0.707106781186549));
#10621=DIRECTION('',(-6.36914343197906E-16,-1.,0.));
#10622=DIRECTION('center_axis',(-0.707106781186549,4.50366451110216E-16,
0.707106781186546));
#10623=DIRECTION('ref_axis',(0.707106781186546,0.,0.707106781186549));
#10624=DIRECTION('',(0.707106781186546,-8.51918279434026E-16,0.707106781186549));
#10625=DIRECTION('',(-0.707106781186546,6.24953096380267E-16,-0.707106781186549));
#10626=DIRECTION('',(-6.36914343197906E-16,-1.,0.));
#10627=DIRECTION('center_axis',(-0.353553390593273,-0.612372435695792,0.70710678118655));
#10628=DIRECTION('ref_axis',(0.894427190999917,0.,0.447213595499956));
#10629=DIRECTION('',(0.353553390593276,0.612372435695796,0.707106781186545));
#10630=DIRECTION('',(-0.866025403784438,0.500000000000001,0.));
#10631=DIRECTION('',(-0.353553390593274,-0.612372435695797,-0.707106781186545));
#10632=DIRECTION('',(0.866025403784438,-0.500000000000001,0.));
#10633=DIRECTION('center_axis',(-0.500000000000001,-0.866025403784438,0.));
#10634=DIRECTION('ref_axis',(0.866025403784438,-0.500000000000001,0.));
#10635=DIRECTION('',(0.,0.,1.));
#10636=DIRECTION('',(0.,0.,1.));
#10637=DIRECTION('',(0.866025403784438,-0.500000000000001,0.));
#10638=DIRECTION('',(0.,0.,1.));
#10639=DIRECTION('',(0.,0.,1.));
#10640=DIRECTION('',(0.866025403784438,-0.500000000000001,0.));
#10641=DIRECTION('',(0.,0.,1.));
#10642=DIRECTION('',(-0.866025403784438,0.500000000000001,0.));
#10643=DIRECTION('',(0.,0.,1.));
#10644=DIRECTION('',(0.866025403784438,-0.500000000000001,0.));
#10645=DIRECTION('',(0.,0.,1.));
#10646=DIRECTION('',(-0.866025403784438,0.500000000000001,0.));
#10647=DIRECTION('',(0.,0.,1.));
#10648=DIRECTION('',(0.866025403784438,-0.500000000000001,0.));
#10649=DIRECTION('center_axis',(-0.353553390593273,-0.612372435695792,0.70710678118655));
#10650=DIRECTION('ref_axis',(0.894427190999917,0.,0.447213595499956));
#10651=DIRECTION('',(0.353553390593275,0.612372435695797,0.707106781186545));
#10652=DIRECTION('',(-0.353553390593275,-0.612372435695796,-0.707106781186545));
#10653=DIRECTION('',(0.866025403784438,-0.500000000000001,0.));
#10654=DIRECTION('center_axis',(-0.353553390593273,-0.612372435695793,0.707106781186549));
#10655=DIRECTION('ref_axis',(0.894427190999917,0.,0.447213595499957));
#10656=DIRECTION('',(0.894427190999917,0.,0.447213595499957));
#10657=DIRECTION('',(-0.894427190999917,0.,-0.447213595499957));
#10658=DIRECTION('',(0.866025403784438,-0.500000000000001,0.));
#10659=DIRECTION('center_axis',(0.353553390593271,-0.61237243569579,0.707106781186553));
#10660=DIRECTION('ref_axis',(0.894427190999919,0.,-0.447213595499952));
#10661=DIRECTION('',(0.894427190999919,0.,-0.447213595499952));
#10662=DIRECTION('',(0.866025403784439,0.499999999999999,0.));
#10663=DIRECTION('',(-0.894427190999919,0.,0.447213595499952));
#10664=DIRECTION('',(-0.866025403784439,-0.499999999999999,0.));
#10665=DIRECTION('center_axis',(0.,0.,1.));
#10666=DIRECTION('ref_axis',(-1.,0.,0.));
#10667=DIRECTION('',(-1.,0.,0.));
#10668=DIRECTION('',(1.,0.,0.));
#10669=DIRECTION('center_axis',(0.353553390593272,-0.612372435695793,0.707106781186549));
#10670=DIRECTION('ref_axis',(0.894427190999917,0.,-0.447213595499956));
#10671=DIRECTION('',(-0.353553390593274,0.612372435695796,0.707106781186546));
#10672=DIRECTION('',(-0.866025403784439,-0.499999999999999,0.));
#10673=DIRECTION('',(0.353553390593274,-0.612372435695796,-0.707106781186546));
#10674=DIRECTION('',(0.866025403784439,0.499999999999999,0.));
#10675=DIRECTION('center_axis',(0.499999999999999,-0.866025403784439,0.));
#10676=DIRECTION('ref_axis',(0.866025403784439,0.499999999999999,0.));
#10677=DIRECTION('',(0.,0.,1.));
#10678=DIRECTION('',(0.866025403784439,0.499999999999999,0.));
#10679=DIRECTION('',(0.,0.,1.));
#10680=DIRECTION('',(0.,0.,1.));
#10681=DIRECTION('',(0.866025403784439,0.499999999999999,0.));
#10682=DIRECTION('',(0.,0.,1.));
#10683=DIRECTION('',(-0.866025403784439,-0.499999999999999,0.));
#10684=DIRECTION('',(0.,0.,1.));
#10685=DIRECTION('',(0.866025403784439,0.499999999999999,0.));
#10686=DIRECTION('',(0.,0.,1.));
#10687=DIRECTION('',(0.,0.,1.));
#10688=DIRECTION('',(0.866025403784439,0.499999999999999,0.));
#10689=DIRECTION('',(0.,0.,1.));
#10690=DIRECTION('center_axis',(0.353553390593273,-0.612372435695795,0.707106781186547));
#10691=DIRECTION('ref_axis',(0.894427190999916,0.,-0.447213595499958));
#10692=DIRECTION('',(-0.353553390593273,0.612372435695795,0.707106781186548));
#10693=DIRECTION('',(0.353553390593273,-0.612372435695795,-0.707106781186548));
#10694=DIRECTION('',(0.866025403784439,0.499999999999999,0.));
#10695=DIRECTION('center_axis',(0.707106781186549,-4.50366451110216E-16,
0.707106781186546));
#10696=DIRECTION('ref_axis',(0.707106781186546,0.,-0.707106781186549));
#10697=DIRECTION('',(-0.707106781186546,5.13125493548224E-16,0.707106781186549));
#10698=DIRECTION('',(0.707106781186546,-7.62084289643432E-16,-0.707106781186549));
#10699=DIRECTION('',(6.36914343197906E-16,1.,0.));
#10700=DIRECTION('center_axis',(0.707106781186549,-4.50366451110216E-16,
0.707106781186546));
#10701=DIRECTION('ref_axis',(0.707106781186546,0.,-0.707106781186549));
#10702=DIRECTION('',(-0.707106781186546,-1.78073139833398E-16,0.707106781186549));
#10703=DIRECTION('',(0.707106781186546,3.47663420075294E-17,-0.707106781186549));
#10704=DIRECTION('',(6.36914343197906E-16,1.,0.));
#10705=DIRECTION('center_axis',(0.,0.,1.));
#10706=DIRECTION('ref_axis',(-1.,0.,0.));
#10707=DIRECTION('',(0.866025403784439,0.5,0.));
#10708=DIRECTION('center_axis',(0.,0.,-1.));
#10709=DIRECTION('ref_axis',(-1.,0.,0.));
#10710=DIRECTION('',(0.866025403784438,-0.5,0.));
#10711=DIRECTION('',(-0.866025403784438,0.500000000000001,0.));
#10712=DIRECTION('center_axis',(0.,0.,1.));
#10713=DIRECTION('ref_axis',(-1.,0.,0.));
#10714=DIRECTION('',(6.36265721810857E-18,1.,0.));
#10715=DIRECTION('',(-1.,0.,0.));
#10716=DIRECTION('',(0.,-1.,0.));
#10717=DIRECTION('center_axis',(0.,0.,1.));
#10718=DIRECTION('ref_axis',(-1.,0.,0.));
#10719=DIRECTION('',(-0.86602540378444,-0.499999999999998,0.));
#10720=DIRECTION('center_axis',(0.,0.,1.));
#10721=DIRECTION('ref_axis',(-1.,0.,0.));
#10722=DIRECTION('',(0.866025403784438,-0.500000000000002,0.));
#10723=DIRECTION('',(0.500000000000189,-0.866025403784329,0.));
#10724=DIRECTION('',(-5.08717087744215E-16,-1.,0.));
#10725=DIRECTION('',(0.,1.,0.));
#10726=DIRECTION('',(0.866025403784439,0.5,0.));
#10727=DIRECTION('center_axis',(0.,0.,1.));
#10728=DIRECTION('ref_axis',(-0.955064136811237,-0.296399214872452,0.));
#10729=DIRECTION('',(-0.5,-0.866025403784439,0.));
#10730=DIRECTION('',(0.5,0.866025403784439,0.));
#10731=DIRECTION('center_axis',(0.,0.,1.));
#10732=DIRECTION('ref_axis',(-0.955064136811237,-0.296399214872452,0.));
#10733=DIRECTION('',(-0.5,0.866025403784439,0.));
#10734=DIRECTION('center_axis',(0.,0.,1.));
#10735=DIRECTION('ref_axis',(-0.955064136811237,-0.296399214872452,0.));
#10736=DIRECTION('center_axis',(0.,0.,1.));
#10737=DIRECTION('ref_axis',(-0.233153164042029,-0.972440024935826,0.));
#10738=DIRECTION('',(0.866025403784438,-0.5,0.));
#10739=DIRECTION('',(-2.08115950573596E-15,-1.,0.));
#10740=DIRECTION('',(9.6390772655158E-16,1.,0.));
#10741=DIRECTION('',(0.500000000000189,0.86602540378433,0.));
#10742=DIRECTION('',(0.866025403784438,0.500000000000001,0.));
#10743=DIRECTION('',(-0.866025403784439,-0.499999999999999,0.));
#10744=DIRECTION('',(-0.866025403784438,0.5,0.));
#10745=DIRECTION('center_axis',(0.,0.,1.));
#10746=DIRECTION('ref_axis',(-0.233153164042029,-0.972440024935826,0.));
#10747=DIRECTION('',(1.,-4.53162445934552E-17,0.));
#10748=DIRECTION('',(-1.,4.63669486187865E-17,0.));
#10749=DIRECTION('center_axis',(0.,0.,1.));
#10750=DIRECTION('ref_axis',(-0.233153164042029,-0.972440024935826,0.));
#10751=DIRECTION('center_axis',(0.,0.,1.));
#10752=DIRECTION('ref_axis',(0.922249535038505,0.386595130752137,0.));
#10753=DIRECTION('',(0.866025403784439,0.499999999999999,0.));
#10754=DIRECTION('',(1.,-1.20479438480915E-15,0.));
#10755=DIRECTION('',(-1.,8.83817144748035E-16,0.));
#10756=DIRECTION('center_axis',(0.,0.,-1.));
#10757=DIRECTION('ref_axis',(-1.,0.,0.));
#10758=DIRECTION('',(0.500000000000001,0.866025403784438,0.));
#10759=DIRECTION('',(-0.499999999999999,-0.866025403784439,0.));
#10760=DIRECTION('',(-0.866025403784439,-0.5,0.));
#10761=DIRECTION('center_axis',(0.,0.,1.));
#10762=DIRECTION('ref_axis',(0.922249535038505,0.386595130752137,0.));
#10763=DIRECTION('',(0.5,0.866025403784439,0.));
#10764=DIRECTION('',(-0.5,-0.866025403784438,0.));
#10765=DIRECTION('center_axis',(0.,0.,1.));
#10766=DIRECTION('ref_axis',(0.922249535038505,0.386595130752137,0.));
#10767=DIRECTION('',(-0.499999999999999,0.866025403784439,0.));
#10768=DIRECTION('',(0.499999999999999,-0.866025403784439,0.));
#10769=DIRECTION('center_axis',(0.,0.,1.));
#10770=DIRECTION('ref_axis',(0.922249535038505,0.386595130752137,0.));
#10771=DIRECTION('',(-0.866025403784439,0.5,0.));
#10772=DIRECTION('',(-0.499999999999999,0.866025403784439,0.));
#10773=DIRECTION('',(0.499999999999999,-0.866025403784439,0.));
#10774=DIRECTION('center_axis',(0.,0.,-1.));
#10775=DIRECTION('ref_axis',(-1.,0.,0.));
#10776=DIRECTION('',(-1.,7.25669032175288E-16,0.));
#10777=DIRECTION('',(1.,-1.07774993808521E-15,0.));
#10778=DIRECTION('',(0.866025403784439,-0.5,0.));
#10779=DIRECTION('center_axis',(0.,0.,1.));
#10780=DIRECTION('ref_axis',(0.922249535038505,0.386595130752137,0.));
#10781=DIRECTION('',(-1.,-2.51833449446753E-16,0.));
#10782=DIRECTION('',(1.,4.91670323811496E-17,0.));
#10783=DIRECTION('center_axis',(0.,0.,1.));
#10784=DIRECTION('ref_axis',(0.922249535038505,0.386595130752137,0.));
#10785=DIRECTION('center_axis',(0.,0.,1.));
#10786=DIRECTION('ref_axis',(-0.955064136811237,-0.296399214872452,0.));
#10787=DIRECTION('',(-0.866025403784439,-0.5,0.));
#10788=DIRECTION('',(-0.866025403784437,0.500000000000003,0.));
#10789=DIRECTION('center_axis',(0.,0.,-1.));
#10790=DIRECTION('ref_axis',(-0.233174537510205,-0.972434900163966,0.));
#10791=DIRECTION('center_axis',(0.,0.,1.));
#10792=DIRECTION('ref_axis',(0.233152443466371,0.972440197701463,0.));
#10793=DIRECTION('center_axis',(0.,0.,-1.));
#10794=DIRECTION('ref_axis',(-0.955064136811237,-0.296399214872452,0.));
#10795=DIRECTION('center_axis',(0.,0.,-1.));
#10796=DIRECTION('ref_axis',(0.922249535038505,0.386595130752137,0.));
#10797=DIRECTION('center_axis',(-0.866025403784439,-0.499999999999999,0.));
#10798=DIRECTION('ref_axis',(0.499999999999999,-0.866025403784439,0.));
#10799=DIRECTION('',(0.499999999999999,-0.866025403784439,0.));
#10800=DIRECTION('',(0.,0.,1.));
#10801=DIRECTION('center_axis',(0.866025403784438,-0.500000000000001,0.));
#10802=DIRECTION('ref_axis',(0.500000000000001,0.866025403784438,0.));
#10803=DIRECTION('',(0.500000000000001,0.866025403784438,0.));
#10804=DIRECTION('center_axis',(7.25669032175288E-16,1.,0.));
#10805=DIRECTION('ref_axis',(-1.,7.25669032175288E-16,0.));
#10806=DIRECTION('',(-1.,7.25669032175288E-16,0.));
#10807=DIRECTION('',(0.,0.,1.));
#10808=DIRECTION('center_axis',(0.,0.,1.));
#10809=DIRECTION('ref_axis',(0.866025403809628,-0.499999999956371,0.));
#10810=DIRECTION('center_axis',(0.,0.,-1.));
#10811=DIRECTION('ref_axis',(-1.,0.,0.));
#10812=DIRECTION('center_axis',(0.5,-0.866025403784439,0.));
#10813=DIRECTION('ref_axis',(0.866025403784439,0.5,0.));
#10814=DIRECTION('',(0.866025403784439,0.5,0.));
#10815=DIRECTION('',(0.,0.,1.));
#10816=DIRECTION('center_axis',(0.,1.,0.));
#10817=DIRECTION('ref_axis',(-1.,0.,0.));
#10818=DIRECTION('',(-1.,0.,0.));
#10819=DIRECTION('center_axis',(-0.5,-0.866025403784438,0.));
#10820=DIRECTION('ref_axis',(0.866025403784438,-0.5,0.));
#10821=DIRECTION('',(0.866025403784438,-0.5,0.));
#10822=DIRECTION('',(0.,0.,1.));
#10823=DIRECTION('center_axis',(0.,0.,1.));
#10824=DIRECTION('ref_axis',(1.83697019872103E-16,1.,0.));
#10825=DIRECTION('center_axis',(0.,0.,-1.));
#10826=DIRECTION('ref_axis',(-1.,0.,0.));
#10827=DIRECTION('center_axis',(0.,0.,1.));
#10828=DIRECTION('ref_axis',(0.922249535038505,0.386595130752137,0.));
#10829=DIRECTION('center_axis',(0.,0.,-1.));
#10830=DIRECTION('ref_axis',(0.922249535038505,0.386595130752137,0.));
#10831=DIRECTION('',(0.,0.,1.));
#10832=DIRECTION('',(0.,0.,1.));
#10833=DIRECTION('center_axis',(0.,0.,1.));
#10834=DIRECTION('ref_axis',(-0.955064136811237,-0.296399214872452,0.));
#10835=DIRECTION('center_axis',(0.,0.,-1.));
#10836=DIRECTION('ref_axis',(-0.955064136811237,-0.296399214872452,0.));
#10837=DIRECTION('',(0.,0.,1.));
#10838=DIRECTION('center_axis',(0.,0.,1.));
#10839=DIRECTION('ref_axis',(0.233152443466371,0.972440197701463,0.));
#10840=DIRECTION('center_axis',(0.,0.,1.));
#10841=DIRECTION('ref_axis',(0.233152443466371,0.972440197701463,0.));
#10842=DIRECTION('',(0.,0.,1.));
#10843=DIRECTION('center_axis',(0.,0.,1.));
#10844=DIRECTION('ref_axis',(-0.233174537510205,-0.972434900163966,0.));
#10845=DIRECTION('center_axis',(0.,0.,-1.));
#10846=DIRECTION('ref_axis',(-0.233174537510205,-0.972434900163966,0.));
#10847=DIRECTION('center_axis',(0.5,0.866025403784438,0.));
#10848=DIRECTION('ref_axis',(-0.866025403784438,0.5,0.));
#10849=DIRECTION('',(-0.866025403784438,0.5,0.));
#10850=DIRECTION('',(0.,0.,1.));
#10851=DIRECTION('',(0.,0.,1.));
#10852=DIRECTION('center_axis',(-0.499999999999999,0.866025403784439,0.));
#10853=DIRECTION('ref_axis',(-0.866025403784439,-0.499999999999999,0.));
#10854=DIRECTION('',(-0.866025403784439,-0.499999999999999,0.));
#10855=DIRECTION('center_axis',(-4.53162445934552E-17,-1.,0.));
#10856=DIRECTION('ref_axis',(1.,-4.53162445934552E-17,0.));
#10857=DIRECTION('',(1.,-4.53162445934552E-17,0.));
#10858=DIRECTION('',(0.,0.,1.));
#10859=DIRECTION('center_axis',(0.,0.,1.));
#10860=DIRECTION('ref_axis',(-0.233153164042029,-0.972440024935826,0.));
#10861=DIRECTION('center_axis',(0.,0.,1.));
#10862=DIRECTION('ref_axis',(-0.233153164042029,-0.972440024935826,0.));
#10863=DIRECTION('center_axis',(1.,-6.36265721810857E-18,0.));
#10864=DIRECTION('ref_axis',(6.36265721810857E-18,1.,0.));
#10865=DIRECTION('',(6.36265721810857E-18,1.,0.));
#10866=DIRECTION('',(0.,0.,1.));
#10867=DIRECTION('',(0.,0.,1.));
#10868=DIRECTION('center_axis',(0.,0.,1.));
#10869=DIRECTION('ref_axis',(0.825395575269959,0.564554819592193,0.));
#10870=DIRECTION('center_axis',(0.,0.,1.));
#10871=DIRECTION('ref_axis',(-1.,0.,0.));
#10872=DIRECTION('',(0.,0.,1.));
#10873=DIRECTION('center_axis',(0.500000000000001,0.866025403784438,0.));
#10874=DIRECTION('ref_axis',(-0.866025403784438,0.500000000000001,0.));
#10875=DIRECTION('',(-0.866025403784438,0.500000000000001,0.));
#10876=DIRECTION('center_axis',(0.866025403784439,-0.5,0.));
#10877=DIRECTION('ref_axis',(0.5,0.866025403784439,0.));
#10878=DIRECTION('',(0.5,0.866025403784439,0.));
#10879=DIRECTION('',(0.,0.,1.));
#10880=DIRECTION('center_axis',(-0.499999999999998,0.86602540378444,0.));
#10881=DIRECTION('ref_axis',(-0.86602540378444,-0.499999999999998,0.));
#10882=DIRECTION('',(-0.86602540378444,-0.499999999999998,0.));
#10883=DIRECTION('',(0.,0.,1.));
#10884=DIRECTION('center_axis',(0.,0.,1.));
#10885=DIRECTION('ref_axis',(-1.,0.,0.));
#10886=DIRECTION('center_axis',(0.,0.,1.));
#10887=DIRECTION('ref_axis',(-1.,0.,0.));
#10888=DIRECTION('',(0.,0.,1.));
#10889=DIRECTION('center_axis',(-1.,0.,0.));
#10890=DIRECTION('ref_axis',(0.,-1.,0.));
#10891=DIRECTION('',(0.,-1.,0.));
#10892=DIRECTION('',(0.,0.,1.));
#10893=DIRECTION('center_axis',(0.,1.,0.));
#10894=DIRECTION('ref_axis',(-1.,0.,0.));
#10895=DIRECTION('',(-1.,0.,0.));
#10896=DIRECTION('center_axis',(0.866025403784439,0.499999999999999,0.));
#10897=DIRECTION('ref_axis',(-0.499999999999999,0.866025403784439,0.));
#10898=DIRECTION('',(-0.499999999999999,0.866025403784439,0.));
#10899=DIRECTION('center_axis',(-1.,5.08717087744215E-16,0.));
#10900=DIRECTION('ref_axis',(-5.08717087744215E-16,-1.,0.));
#10901=DIRECTION('',(-5.08717087744215E-16,-1.,0.));
#10902=DIRECTION('',(0.,0.,1.));
#10903=DIRECTION('center_axis',(-0.866025403784329,-0.500000000000189,0.));
#10904=DIRECTION('ref_axis',(0.500000000000189,-0.866025403784329,0.));
#10905=DIRECTION('',(0.500000000000189,-0.866025403784329,0.));
#10906=DIRECTION('',(0.,0.,1.));
#10907=DIRECTION('center_axis',(-0.500000000000002,-0.866025403784438,0.));
#10908=DIRECTION('ref_axis',(0.866025403784438,-0.500000000000002,0.));
#10909=DIRECTION('',(0.866025403784438,-0.500000000000002,0.));
#10910=DIRECTION('center_axis',(0.500000000000003,0.866025403784437,0.));
#10911=DIRECTION('ref_axis',(-0.866025403784437,0.500000000000003,0.));
#10912=DIRECTION('',(-0.866025403784437,0.500000000000003,0.));
#10913=DIRECTION('',(0.,0.,1.));
#10914=DIRECTION('center_axis',(-0.5,0.866025403784439,0.));
#10915=DIRECTION('ref_axis',(-0.866025403784439,-0.5,0.));
#10916=DIRECTION('',(-0.866025403784439,-0.5,0.));
#10917=DIRECTION('',(0.,0.,1.));
#10918=DIRECTION('center_axis',(0.,0.,1.));
#10919=DIRECTION('ref_axis',(-0.955064136811237,-0.296399214872452,0.));
#10920=DIRECTION('center_axis',(0.,0.,1.));
#10921=DIRECTION('ref_axis',(-0.955064136811237,-0.296399214872452,0.));
#10922=DIRECTION('',(0.,0.,1.));
#10923=DIRECTION('center_axis',(0.,0.,1.));
#10924=DIRECTION('ref_axis',(0.922249535038505,0.386595130752137,0.));
#10925=DIRECTION('center_axis',(0.,0.,1.));
#10926=DIRECTION('ref_axis',(0.922249535038505,0.386595130752137,0.));
#10927=DIRECTION('',(0.,0.,1.));
#10928=DIRECTION('center_axis',(4.91670323811496E-17,-1.,0.));
#10929=DIRECTION('ref_axis',(1.,4.91670323811496E-17,0.));
#10930=DIRECTION('',(1.,4.91670323811496E-17,0.));
#10931=DIRECTION('center_axis',(8.83817144748035E-16,1.,0.));
#10932=DIRECTION('ref_axis',(-1.,8.83817144748035E-16,0.));
#10933=DIRECTION('',(-1.,8.83817144748035E-16,0.));
#10934=DIRECTION('',(0.,0.,1.));
#10935=DIRECTION('center_axis',(-0.866025403784439,-0.5,0.));
#10936=DIRECTION('ref_axis',(0.5,-0.866025403784439,0.));
#10937=DIRECTION('',(0.5,-0.866025403784439,0.));
#10938=DIRECTION('center_axis',(0.866025403784438,-0.500000000000001,0.));
#10939=DIRECTION('ref_axis',(0.500000000000001,0.866025403784438,0.));
#10940=DIRECTION('',(0.500000000000001,0.866025403784438,0.));
#10941=DIRECTION('',(0.,0.,1.));
#10942=DIRECTION('center_axis',(0.,0.,1.));
#10943=DIRECTION('ref_axis',(-1.,0.,0.));
#10944=DIRECTION('center_axis',(0.,0.,-1.));
#10945=DIRECTION('ref_axis',(-1.,0.,0.));
#10946=DIRECTION('center_axis',(-1.,2.08115950573596E-15,0.));
#10947=DIRECTION('ref_axis',(-2.08115950573596E-15,-1.,0.));
#10948=DIRECTION('',(-2.08115950573596E-15,-1.,0.));
#10949=DIRECTION('',(0.,0.,1.));
#10950=DIRECTION('center_axis',(-0.5,-0.866025403784438,0.));
#10951=DIRECTION('ref_axis',(0.866025403784438,-0.5,0.));
#10952=DIRECTION('',(0.866025403784438,-0.5,0.));
#10953=DIRECTION('',(0.,0.,1.));
#10954=DIRECTION('center_axis',(0.,0.,1.));
#10955=DIRECTION('ref_axis',(-0.233153164042029,-0.972440024935826,0.));
#10956=DIRECTION('center_axis',(0.,0.,1.));
#10957=DIRECTION('ref_axis',(-0.233153164042029,-0.972440024935826,0.));
#10958=DIRECTION('',(0.,0.,1.));
#10959=DIRECTION('center_axis',(0.,0.,1.));
#10960=DIRECTION('ref_axis',(-0.955064136811237,-0.296399214872452,0.));
#10961=DIRECTION('center_axis',(0.,0.,1.));
#10962=DIRECTION('ref_axis',(-0.955064136811237,-0.296399214872452,0.));
#10963=DIRECTION('',(0.,0.,1.));
#10964=DIRECTION('center_axis',(0.866025403784439,0.5,0.));
#10965=DIRECTION('ref_axis',(-0.5,0.866025403784439,0.));
#10966=DIRECTION('',(-0.5,0.866025403784439,0.));
#10967=DIRECTION('center_axis',(-0.5,0.866025403784439,0.));
#10968=DIRECTION('ref_axis',(-0.866025403784439,-0.5,0.));
#10969=DIRECTION('',(-0.866025403784439,-0.5,0.));
#10970=DIRECTION('',(0.,0.,1.));
#10971=DIRECTION('',(0.,0.,1.));
#10972=DIRECTION('center_axis',(-0.866025403784439,0.499999999999999,0.));
#10973=DIRECTION('ref_axis',(-0.499999999999999,-0.866025403784439,0.));
#10974=DIRECTION('',(-0.499999999999999,-0.866025403784439,0.));
#10975=DIRECTION('center_axis',(0.866025403784439,-0.5,0.));
#10976=DIRECTION('ref_axis',(0.5,0.866025403784439,0.));
#10977=DIRECTION('',(0.5,0.866025403784439,0.));
#10978=DIRECTION('',(0.,0.,1.));
#10979=DIRECTION('center_axis',(0.,0.,1.));
#10980=DIRECTION('ref_axis',(0.922249535038505,0.386595130752137,0.));
#10981=DIRECTION('center_axis',(0.,0.,1.));
#10982=DIRECTION('ref_axis',(0.922249535038505,0.386595130752137,0.));
#10983=DIRECTION('center_axis',(0.,-1.,0.));
#10984=DIRECTION('ref_axis',(1.,0.,0.));
#10985=DIRECTION('',(1.,0.,0.));
#10986=DIRECTION('center_axis',(0.866025403784439,0.499999999999999,0.));
#10987=DIRECTION('ref_axis',(-0.499999999999999,0.866025403784439,0.));
#10988=DIRECTION('',(-0.499999999999999,0.866025403784439,0.));
#10989=DIRECTION('',(0.,0.,1.));
#10990=DIRECTION('center_axis',(0.,0.,1.));
#10991=DIRECTION('ref_axis',(0.922249535038505,0.386595130752137,0.));
#10992=DIRECTION('center_axis',(0.,0.,1.));
#10993=DIRECTION('ref_axis',(0.922249535038505,0.386595130752137,0.));
#10994=DIRECTION('',(0.,0.,1.));
#10995=DIRECTION('center_axis',(-0.866025403784438,0.5,0.));
#10996=DIRECTION('ref_axis',(-0.5,-0.866025403784438,0.));
#10997=DIRECTION('',(-0.5,-0.866025403784438,0.));
#10998=DIRECTION('center_axis',(0.,-1.,0.));
#10999=DIRECTION('ref_axis',(1.,0.,0.));
#11000=DIRECTION('',(1.,0.,0.));
#11001=DIRECTION('center_axis',(0.,1.,0.));
#11002=DIRECTION('ref_axis',(-1.,0.,0.));
#11003=DIRECTION('',(-1.,0.,0.));
#11004=DIRECTION('center_axis',(-1.20479438480915E-15,-1.,0.));
#11005=DIRECTION('ref_axis',(1.,-1.20479438480915E-15,0.));
#11006=DIRECTION('',(1.,-1.20479438480915E-15,0.));
#11007=DIRECTION('',(0.,0.,1.));
#11008=DIRECTION('center_axis',(0.499999999999999,-0.866025403784439,0.));
#11009=DIRECTION('ref_axis',(0.866025403784439,0.499999999999999,0.));
#11010=DIRECTION('',(0.866025403784439,0.499999999999999,0.));
#11011=DIRECTION('',(0.,0.,1.));
#11012=DIRECTION('center_axis',(0.,0.,1.));
#11013=DIRECTION('ref_axis',(0.922249535038505,0.386595130752137,0.));
#11014=DIRECTION('center_axis',(0.,0.,1.));
#11015=DIRECTION('ref_axis',(0.922249535038505,0.386595130752137,0.));
#11016=DIRECTION('',(0.,0.,1.));
#11017=DIRECTION('center_axis',(0.,0.,1.));
#11018=DIRECTION('ref_axis',(-0.233153164042029,-0.972440024935826,0.));
#11019=DIRECTION('center_axis',(0.,0.,1.));
#11020=DIRECTION('ref_axis',(-0.233153164042029,-0.972440024935826,0.));
#11021=DIRECTION('',(0.,0.,1.));
#11022=DIRECTION('center_axis',(4.63669486187865E-17,1.,0.));
#11023=DIRECTION('ref_axis',(-1.,4.63669486187865E-17,0.));
#11024=DIRECTION('',(-1.,4.63669486187865E-17,0.));
#11025=DIRECTION('center_axis',(0.866025403784439,0.499999999999999,0.));
#11026=DIRECTION('ref_axis',(-0.499999999999999,0.866025403784439,0.));
#11027=DIRECTION('',(-0.499999999999999,0.866025403784439,0.));
#11028=DIRECTION('',(0.,0.,1.));
#11029=DIRECTION('center_axis',(0.5,0.866025403784439,0.));
#11030=DIRECTION('ref_axis',(-0.866025403784439,0.5,0.));
#11031=DIRECTION('',(-0.866025403784439,0.5,0.));
#11032=DIRECTION('',(0.,0.,1.));
#11033=DIRECTION('center_axis',(0.,0.,1.));
#11034=DIRECTION('ref_axis',(0.922249535038505,0.386595130752137,0.));
#11035=DIRECTION('center_axis',(0.,0.,1.));
#11036=DIRECTION('ref_axis',(0.922249535038505,0.386595130752137,0.));
#11037=DIRECTION('',(0.,0.,1.));
#11038=DIRECTION('center_axis',(-0.866025403784439,-0.5,0.));
#11039=DIRECTION('ref_axis',(0.5,-0.866025403784439,0.));
#11040=DIRECTION('',(0.499999999999999,-0.866025403784439,0.));
#11041=DIRECTION('center_axis',(-0.5,-0.866025403784439,0.));
#11042=DIRECTION('ref_axis',(0.866025403784439,-0.5,0.));
#11043=DIRECTION('',(0.866025403784439,-0.5,0.));
#11044=DIRECTION('',(0.,0.,1.));
#11045=DIRECTION('',(0.,0.,1.));
#11046=DIRECTION('center_axis',(-1.07774993808521E-15,-1.,0.));
#11047=DIRECTION('ref_axis',(1.,-1.07774993808521E-15,0.));
#11048=DIRECTION('',(1.,-1.07774993808521E-15,0.));
#11049=DIRECTION('center_axis',(-2.51833449446753E-16,1.,0.));
#11050=DIRECTION('ref_axis',(-1.,-2.51833449446753E-16,0.));
#11051=DIRECTION('',(-1.,-2.51833449446753E-16,0.));
#11052=DIRECTION('',(0.,0.,1.));
#11053=DIRECTION('center_axis',(0.,0.,1.));
#11054=DIRECTION('ref_axis',(0.922249535038505,0.386595130752137,0.));
#11055=DIRECTION('center_axis',(0.,0.,1.));
#11056=DIRECTION('ref_axis',(0.922249535038505,0.386595130752137,0.));
#11057=DIRECTION('center_axis',(-0.866025403784439,0.5,0.));
#11058=DIRECTION('ref_axis',(-0.5,-0.866025403784439,0.));
#11059=DIRECTION('',(-0.5,-0.866025403784439,0.));
#11060=DIRECTION('center_axis',(0.500000000000001,-0.866025403784438,0.));
#11061=DIRECTION('ref_axis',(0.866025403784438,0.500000000000001,0.));
#11062=DIRECTION('',(0.866025403784438,0.500000000000001,0.));
#11063=DIRECTION('',(0.,0.,1.));
#11064=DIRECTION('center_axis',(0.86602540378433,-0.500000000000189,0.));
#11065=DIRECTION('ref_axis',(0.500000000000189,0.86602540378433,0.));
#11066=DIRECTION('',(0.500000000000189,0.86602540378433,0.));
#11067=DIRECTION('',(0.,0.,1.));
#11068=DIRECTION('center_axis',(1.,-9.6390772655158E-16,0.));
#11069=DIRECTION('ref_axis',(9.6390772655158E-16,1.,0.));
#11070=DIRECTION('',(9.6390772655158E-16,1.,0.));
#11071=DIRECTION('center_axis',(0.5,-0.866025403784439,0.));
#11072=DIRECTION('ref_axis',(0.866025403784439,0.5,0.));
#11073=DIRECTION('',(0.866025403784439,0.5,0.));
#11074=DIRECTION('',(0.,0.,1.));
#11075=DIRECTION('',(0.,0.,1.));
#11076=DIRECTION('center_axis',(1.,0.,0.));
#11077=DIRECTION('ref_axis',(0.,1.,0.));
#11078=DIRECTION('',(0.,1.,0.));
#11079=DIRECTION('center_axis',(-0.866025403784439,0.5,0.));
#11080=DIRECTION('ref_axis',(-0.5,-0.866025403784439,0.));
#11081=DIRECTION('',(-0.5,-0.866025403784439,0.));
#11082=DIRECTION('',(0.,0.,1.));
#11083=DIRECTION('center_axis',(0.,0.,1.));
#11084=DIRECTION('ref_axis',(-0.955064136811237,-0.296399214872452,0.));
#11085=DIRECTION('center_axis',(0.,0.,1.));
#11086=DIRECTION('ref_axis',(-0.955064136811237,-0.296399214872452,0.));
#11087=DIRECTION('center_axis',(-0.86602540378444,-0.499999999999998,0.));
#11088=DIRECTION('ref_axis',(0.499999999999998,-0.86602540378444,0.));
#11089=DIRECTION('',(0.,0.,1.));
#11090=DIRECTION('',(0.499999999999998,-0.86602540378444,0.));
#11091=DIRECTION('center_axis',(-1.,6.23496421511135E-16,0.));
#11092=DIRECTION('ref_axis',(-6.23496421511135E-16,-1.,0.));
#11093=DIRECTION('',(0.,0.,1.));
#11094=DIRECTION('',(-6.23496421511135E-16,-1.,0.));
#11095=DIRECTION('center_axis',(-0.866025403784438,0.500000000000001,0.));
#11096=DIRECTION('ref_axis',(-0.500000000000001,-0.866025403784438,0.));
#11097=DIRECTION('',(0.,0.,1.));
#11098=DIRECTION('',(-0.500000000000001,-0.866025403784438,0.));
#11099=DIRECTION('center_axis',(-0.499999999999999,0.866025403784439,0.));
#11100=DIRECTION('ref_axis',(-0.866025403784439,-0.499999999999999,0.));
#11101=DIRECTION('',(0.,0.,1.));
#11102=DIRECTION('',(-0.866025403784439,-0.499999999999999,0.));
#11103=DIRECTION('center_axis',(0.,1.,0.));
#11104=DIRECTION('ref_axis',(-1.,0.,0.));
#11105=DIRECTION('',(0.,0.,1.));
#11106=DIRECTION('',(-1.,0.,0.));
#11107=DIRECTION('center_axis',(0.500000000000001,0.866025403784438,0.));
#11108=DIRECTION('ref_axis',(-0.866025403784438,0.500000000000001,0.));
#11109=DIRECTION('',(-0.866025403784438,0.500000000000001,0.));
#11110=DIRECTION('center_axis',(0.,0.,1.));
#11111=DIRECTION('ref_axis',(-1.,0.,0.));
#11112=DIRECTION('axis',(0.,0.,1.));
#11113=DIRECTION('refdir',(1.,0.,0.));
#11114=DIRECTION('center_axis',(-0.5,-0.866025403784438,0.));
#11115=DIRECTION('ref_axis',(-0.866025403784438,0.5,0.));
#11116=DIRECTION('',(0.866025403784438,-0.5,0.));
#11117=DIRECTION('',(0.,0.,1.));
#11118=DIRECTION('',(-0.866025403784438,0.5,0.));
#11119=DIRECTION('',(0.,0.,-1.));
#11120=DIRECTION('',(0.866025403784438,-0.5,0.));
#11121=DIRECTION('',(0.,0.,-1.));
#11122=DIRECTION('',(0.866025403784438,-0.5,0.));
#11123=DIRECTION('',(0.866025403784438,-0.5,0.));
#11124=DIRECTION('',(0.,0.,1.));
#11125=DIRECTION('center_axis',(0.,0.,-1.));
#11126=DIRECTION('ref_axis',(-0.5,-0.866025403784438,0.));
#11127=DIRECTION('center_axis',(0.,0.,1.));
#11128=DIRECTION('ref_axis',(-1.,0.,0.));
#11129=DIRECTION('center_axis',(0.,0.,-1.));
#11130=DIRECTION('ref_axis',(-0.5,-0.866025403784438,0.));
#11131=DIRECTION('',(-0.5,-0.866025403784438,0.));
#11132=DIRECTION('',(-0.866025403784438,0.5,0.));
#11133=DIRECTION('center_axis',(0.,0.,1.));
#11134=DIRECTION('ref_axis',(-1.,0.,0.));
#11135=DIRECTION('center_axis',(0.866025403784438,-0.5,0.));
#11136=DIRECTION('ref_axis',(-0.5,-0.866025403784438,0.));
#11137=DIRECTION('',(0.5,0.866025403784438,0.));
#11138=DIRECTION('',(0.5,0.866025403784438,0.));
#11139=DIRECTION('',(0.,0.,-1.));
#11140=DIRECTION('center_axis',(0.,0.,-1.));
#11141=DIRECTION('ref_axis',(-0.5,-0.866025403784438,0.));
#11142=DIRECTION('center_axis',(0.,0.,1.));
#11143=DIRECTION('ref_axis',(-1.,0.,0.));
#11144=DIRECTION('center_axis',(0.,0.,1.));
#11145=DIRECTION('ref_axis',(-1.,0.,0.));
#11146=DIRECTION('',(-0.866025403784438,0.5,0.));
#11147=DIRECTION('',(0.5,0.866025403784438,0.));
#11148=DIRECTION('center_axis',(0.5,0.866025403784438,0.));
#11149=DIRECTION('ref_axis',(0.866025403784438,-0.5,0.));
#11150=DIRECTION('',(0.,0.,1.));
#11151=DIRECTION('',(0.866025403784438,-0.5,0.));
#11152=DIRECTION('',(0.,0.,-1.));
#11153=DIRECTION('',(-0.866025403784438,0.5,0.));
#11154=DIRECTION('',(-0.866025403784438,0.5,0.));
#11155=DIRECTION('',(0.,0.,1.));
#11156=DIRECTION('center_axis',(0.,0.,-1.));
#11157=DIRECTION('ref_axis',(-0.5,-0.866025403784438,0.));
#11158=DIRECTION('center_axis',(0.,0.,1.));
#11159=DIRECTION('ref_axis',(-1.,0.,0.));
#11160=DIRECTION('center_axis',(-0.866025403784438,0.5,0.));
#11161=DIRECTION('ref_axis',(0.5,0.866025403784438,0.));
#11162=DIRECTION('',(-0.5,-0.866025403784438,0.));
#11163=DIRECTION('',(-0.5,-0.866025403784438,0.));
#11164=DIRECTION('center_axis',(0.,0.,1.));
#11165=DIRECTION('ref_axis',(-1.,0.,0.));
#11166=DIRECTION('center_axis',(0.,0.,1.));
#11167=DIRECTION('ref_axis',(-1.,0.,0.));
#11168=DIRECTION('center_axis',(0.,0.,1.));
#11169=DIRECTION('ref_axis',(-1.,0.,0.));
#11170=DIRECTION('center_axis',(0.,0.,1.));
#11171=DIRECTION('ref_axis',(-1.,0.,0.));
#11172=DIRECTION('center_axis',(0.,0.,1.));
#11173=DIRECTION('ref_axis',(-1.,0.,0.));
#11174=DIRECTION('center_axis',(0.,0.,1.));
#11175=DIRECTION('ref_axis',(-1.,0.,0.));
#11176=DIRECTION('',(0.,0.,1.));
#11177=DIRECTION('center_axis',(0.,0.,-1.));
#11178=DIRECTION('ref_axis',(-1.,0.,0.));
#11179=DIRECTION('center_axis',(0.,0.,-1.));
#11180=DIRECTION('ref_axis',(1.,0.,0.));
#11181=DIRECTION('',(-0.866025403784439,-0.499999999999999,0.));
#11182=DIRECTION('',(-0.866025403784439,-0.499999999999999,0.));
#11183=DIRECTION('',(-0.866025403784439,-0.499999999999999,0.));
#11184=DIRECTION('',(-0.500000000000001,-0.866025403784438,0.));
#11185=DIRECTION('',(-8.49219124263875E-16,-1.,0.));
#11186=DIRECTION('',(-1.,-1.32169407693471E-15,0.));
#11187=DIRECTION('',(-0.707106781186441,0.707106781186654,0.));
#11188=DIRECTION('',(-6.23496421511134E-16,-1.,0.));
#11189=DIRECTION('',(0.707106781186508,0.707106781186587,0.));
#11190=DIRECTION('',(1.,1.32169407693471E-15,0.));
#11191=DIRECTION('',(-8.49219124263875E-16,-1.,0.));
#11192=DIRECTION('',(0.499999999999998,-0.86602540378444,0.));
#11193=DIRECTION('',(0.866025403784439,-0.5,0.));
#11194=DIRECTION('',(1.,0.,0.));
#11195=DIRECTION('',(0.866025403784439,0.499999999999999,0.));
#11196=DIRECTION('',(0.5,0.866025403784438,0.));
#11197=DIRECTION('',(8.49219124263876E-16,1.,0.));
#11198=DIRECTION('',(-0.5,0.866025403784439,0.));
#11199=DIRECTION('',(-0.866025403784438,0.500000000000001,0.));
#11200=DIRECTION('',(-0.866025403784438,0.500000000000001,0.));
#11201=DIRECTION('',(-0.866025403784438,0.500000000000001,0.));
#11202=DIRECTION('',(-1.,0.,0.));
#11203=DIRECTION('center_axis',(0.,0.,-1.));
#11204=DIRECTION('ref_axis',(-1.,0.,0.));
#11205=DIRECTION('center_axis',(0.,0.,-1.));
#11206=DIRECTION('ref_axis',(-1.,0.,0.));
#11207=DIRECTION('',(0.499999999999971,0.866025403784455,0.));
#11208=DIRECTION('',(0.866025403784439,-0.5,0.));
#11209=DIRECTION('',(0.499999999999999,-0.866025403784439,0.));
#11210=DIRECTION('',(-6.67705756790154E-16,-1.,0.));
#11211=DIRECTION('',(-1.,-2.15763155400299E-14,0.));
#11212=DIRECTION('',(-0.500000000000001,-0.866025403784438,0.));
#11213=DIRECTION('',(0.5,-0.866025403784439,0.));
#11214=DIRECTION('',(-0.866025403784439,-0.499999999999999,0.));
#11215=DIRECTION('',(-1.,0.,0.));
#11216=DIRECTION('',(-0.866025403784438,0.500000000000001,0.));
#11217=DIRECTION('',(0.499999999999997,0.86602540378444,0.));
#11218=DIRECTION('',(-0.5,0.866025403784439,0.));
#11219=DIRECTION('',(-1.,3.65825191476594E-15,0.));
#11220=DIRECTION('',(6.67705756790156E-16,1.,0.));
#11221=DIRECTION('',(0.499999999999999,0.866025403784439,0.));
#11222=DIRECTION('',(0.866025403784439,0.499999999999999,0.));
#11223=DIRECTION('',(0.49999999999999,-0.866025403784444,0.));
#11224=DIRECTION('',(1.,1.21941730492199E-14,0.));
#11225=DIRECTION('center_axis',(0.,0.,1.));
#11226=DIRECTION('ref_axis',(-1.,0.,0.));
#11227=DIRECTION('center_axis',(0.,0.,1.));
#11228=DIRECTION('ref_axis',(-1.,0.,0.));
#11229=DIRECTION('center_axis',(0.,0.,1.));
#11230=DIRECTION('ref_axis',(-1.,0.,0.));
#11231=DIRECTION('center_axis',(0.,0.,1.));
#11232=DIRECTION('ref_axis',(-1.,0.,0.));
#11233=DIRECTION('center_axis',(0.866025403784439,0.5,0.));
#11234=DIRECTION('ref_axis',(0.5,-0.866025403784439,0.));
#11235=DIRECTION('',(0.,0.,-1.));
#11236=DIRECTION('',(0.5,-0.866025403784439,0.));
#11237=DIRECTION('',(0.,0.,-1.));
#11238=DIRECTION('center_axis',(0.866025403784438,-0.500000000000001,0.));
#11239=DIRECTION('ref_axis',(-0.500000000000001,-0.866025403784438,0.));
#11240=DIRECTION('',(0.,0.,-1.));
#11241=DIRECTION('',(-0.500000000000001,-0.866025403784438,0.));
#11242=DIRECTION('center_axis',(2.15763155400299E-14,-1.,0.));
#11243=DIRECTION('ref_axis',(-1.,-2.15763155400299E-14,0.));
#11244=DIRECTION('',(0.,0.,-1.));
#11245=DIRECTION('',(-1.,-2.15763155400299E-14,0.));
#11246=DIRECTION('center_axis',(0.866025403784439,0.5,0.));
#11247=DIRECTION('ref_axis',(0.5,-0.866025403784439,0.));
#11248=DIRECTION('',(0.,0.,-1.));
#11249=DIRECTION('',(-0.5,0.866025403784439,0.));
#11250=DIRECTION('',(0.,0.,-1.));
#11251=DIRECTION('',(0.5,-0.866025403784439,0.));
#11252=DIRECTION('center_axis',(0.258819045102515,0.96592582628907,0.));
#11253=DIRECTION('ref_axis',(0.,0.,1.));
#11254=DIRECTION('',(0.,0.,1.));
#11255=DIRECTION('',(-0.965925826289071,0.25881904510251,0.));
#11256=DIRECTION('',(-0.96592582628907,0.258819045102515,0.));
#11257=DIRECTION('center_axis',(-0.499999999999999,0.866025403784439,0.));
#11258=DIRECTION('ref_axis',(0.866025403784439,0.499999999999999,0.));
#11259=DIRECTION('',(0.,0.,-1.));
#11260=DIRECTION('',(-0.866025403784439,-0.499999999999999,0.));
#11261=DIRECTION('center_axis',(0.499999999999999,-0.866025403784439,0.));
#11262=DIRECTION('ref_axis',(0.612372435695796,0.353553390593274,0.707106781186546));
#11263=DIRECTION('',(0.866025403784439,0.499999999999999,0.));
#11264=DIRECTION('center_axis',(-0.866025403784438,0.500000000000002,0.));
#11265=DIRECTION('ref_axis',(0.500000000000002,0.866025403784438,0.));
#11266=DIRECTION('',(0.,0.,-1.));
#11267=DIRECTION('',(-0.500000000000002,-0.866025403784438,0.));
#11268=DIRECTION('',(0.500000000000002,0.866025403784438,0.));
#11269=DIRECTION('center_axis',(-0.5,0.866025403784439,0.));
#11270=DIRECTION('ref_axis',(0.866025403784439,0.5,0.));
#11271=DIRECTION('',(-0.866025403784439,-0.5,0.));
#11272=DIRECTION('',(0.,0.,1.));
#11273=DIRECTION('',(0.866025403784439,0.5,0.));
#11274=DIRECTION('',(0.,0.,-1.));
#11275=DIRECTION('',(-0.866025403784439,-0.5,0.));
#11276=DIRECTION('',(0.,0.,-1.));
#11277=DIRECTION('',(-0.866025403784439,-0.5,0.));
#11278=DIRECTION('',(-0.866025403784439,-0.5,0.));
#11279=DIRECTION('',(0.,0.,1.));
#11280=DIRECTION('center_axis',(0.,0.,-1.));
#11281=DIRECTION('ref_axis',(-0.5,0.866025403784439,0.));
#11282=DIRECTION('center_axis',(0.,0.,1.));
#11283=DIRECTION('ref_axis',(-1.,0.,0.));
#11284=DIRECTION('center_axis',(0.,0.,-1.));
#11285=DIRECTION('ref_axis',(-0.5,0.866025403784439,0.));
#11286=DIRECTION('',(-0.5,0.866025403784439,0.));
#11287=DIRECTION('',(0.866025403784439,0.5,0.));
#11288=DIRECTION('center_axis',(0.,0.,1.));
#11289=DIRECTION('ref_axis',(-1.,0.,0.));
#11290=DIRECTION('center_axis',(0.,0.,1.));
#11291=DIRECTION('ref_axis',(-1.,0.,0.));
#11292=DIRECTION('center_axis',(-0.866025403784439,-0.5,0.));
#11293=DIRECTION('ref_axis',(-0.5,0.866025403784439,0.));
#11294=DIRECTION('',(0.5,-0.866025403784439,0.));
#11295=DIRECTION('',(0.5,-0.866025403784439,0.));
#11296=DIRECTION('',(0.,0.,-1.));
#11297=DIRECTION('center_axis',(0.,0.,-1.));
#11298=DIRECTION('ref_axis',(-0.5,0.866025403784439,0.));
#11299=DIRECTION('center_axis',(0.,0.,1.));
#11300=DIRECTION('ref_axis',(-1.,0.,0.));
#11301=DIRECTION('',(0.866025403784439,0.5,0.));
#11302=DIRECTION('',(0.5,-0.866025403784439,0.));
#11303=DIRECTION('center_axis',(0.5,-0.866025403784439,0.));
#11304=DIRECTION('ref_axis',(-0.866025403784439,-0.5,0.));
#11305=DIRECTION('',(0.,0.,1.));
#11306=DIRECTION('',(-0.866025403784439,-0.5,0.));
#11307=DIRECTION('',(0.,0.,-1.));
#11308=DIRECTION('',(0.866025403784439,0.5,0.));
#11309=DIRECTION('',(0.866025403784439,0.5,0.));
#11310=DIRECTION('',(0.,0.,1.));
#11311=DIRECTION('center_axis',(0.,0.,-1.));
#11312=DIRECTION('ref_axis',(-0.5,0.866025403784439,0.));
#11313=DIRECTION('center_axis',(0.,0.,1.));
#11314=DIRECTION('ref_axis',(-1.,0.,0.));
#11315=DIRECTION('center_axis',(0.866025403784439,0.5,0.));
#11316=DIRECTION('ref_axis',(0.5,-0.866025403784439,0.));
#11317=DIRECTION('',(-0.5,0.866025403784439,0.));
#11318=DIRECTION('',(-0.5,0.866025403784439,0.));
#11319=DIRECTION('center_axis',(0.,0.,1.));
#11320=DIRECTION('ref_axis',(-1.,0.,0.));
#11321=DIRECTION('center_axis',(0.,0.,1.));
#11322=DIRECTION('ref_axis',(-1.,0.,0.));
#11323=DIRECTION('center_axis',(0.,0.,1.));
#11324=DIRECTION('ref_axis',(-1.,0.,0.));
#11325=DIRECTION('center_axis',(0.,0.,1.));
#11326=DIRECTION('ref_axis',(-1.,0.,0.));
#11327=DIRECTION('center_axis',(0.,0.,1.));
#11328=DIRECTION('ref_axis',(-1.,0.,0.));
#11329=DIRECTION('',(0.,0.,1.));
#11330=DIRECTION('center_axis',(0.,0.,1.));
#11331=DIRECTION('ref_axis',(-1.,0.,0.));
#11332=DIRECTION('center_axis',(0.,0.,1.));
#11333=DIRECTION('ref_axis',(-1.,0.,0.));
#11334=DIRECTION('center_axis',(0.,0.,1.));
#11335=DIRECTION('ref_axis',(-1.,0.,0.));
#11336=DIRECTION('center_axis',(0.,0.,1.));
#11337=DIRECTION('ref_axis',(-1.,0.,0.));
#11338=DIRECTION('center_axis',(0.,0.,1.));
#11339=DIRECTION('ref_axis',(-1.,0.,0.));
#11340=DIRECTION('center_axis',(-3.65825191476594E-15,-1.,0.));
#11341=DIRECTION('ref_axis',(-1.,3.65825191476594E-15,0.));
#11342=DIRECTION('',(0.,0.,-1.));
#11343=DIRECTION('',(-1.,3.65825191476594E-15,0.));
#11344=DIRECTION('',(0.,0.,-1.));
#11345=DIRECTION('center_axis',(-0.866025403784439,-0.5,0.));
#11346=DIRECTION('ref_axis',(-0.5,0.866025403784439,0.));
#11347=DIRECTION('',(0.,0.,-1.));
#11348=DIRECTION('',(-0.5,0.866025403784439,0.));
#11349=DIRECTION('center_axis',(-0.86602540378444,0.499999999999997,0.));
#11350=DIRECTION('ref_axis',(0.499999999999997,0.86602540378444,0.));
#11351=DIRECTION('',(0.,0.,-1.));
#11352=DIRECTION('',(0.499999999999997,0.86602540378444,0.));
#11353=DIRECTION('center_axis',(0.866025403784439,0.5,0.));
#11354=DIRECTION('ref_axis',(0.5,-0.866025403784439,0.));
#11355=DIRECTION('',(0.,0.,-1.));
#11356=DIRECTION('',(-0.5,0.866025403784439,0.));
#11357=DIRECTION('',(0.,0.,-1.));
#11358=DIRECTION('',(0.5,-0.866025403784439,0.));
#11359=DIRECTION('center_axis',(0.500000000000001,0.866025403784438,0.));
#11360=DIRECTION('ref_axis',(0.866025403784438,-0.500000000000001,0.));
#11361=DIRECTION('',(0.,0.,-1.));
#11362=DIRECTION('center_axis',(-0.500000000000001,-0.866025403784438,0.));
#11363=DIRECTION('ref_axis',(-0.612372435695794,0.353553390593274,0.707106781186548));
#11364=DIRECTION('',(-0.866025403784438,0.500000000000001,0.));
#11365=DIRECTION('',(0.866025403784438,-0.500000000000001,0.));
#11366=DIRECTION('center_axis',(-0.258819045102522,0.965925826289068,0.));
#11367=DIRECTION('ref_axis',(0.,0.,1.));
#11368=DIRECTION('',(0.,0.,1.));
#11369=DIRECTION('',(-0.965925826289071,-0.25881904510251,0.));
#11370=DIRECTION('',(-0.965925826289068,-0.258819045102522,0.));
#11371=DIRECTION('center_axis',(1.,0.,0.));
#11372=DIRECTION('ref_axis',(0.,-1.,0.));
#11373=DIRECTION('',(0.,1.,0.));
#11374=DIRECTION('',(0.,0.,1.));
#11375=DIRECTION('',(0.,-1.,0.));
#11376=DIRECTION('',(0.,0.,-1.));
#11377=DIRECTION('',(0.,1.,0.));
#11378=DIRECTION('',(0.,0.,-1.));
#11379=DIRECTION('',(0.,1.,0.));
#11380=DIRECTION('',(0.,1.,0.));
#11381=DIRECTION('',(0.,0.,1.));
#11382=DIRECTION('center_axis',(0.,0.,-1.));
#11383=DIRECTION('ref_axis',(1.,0.,0.));
#11384=DIRECTION('center_axis',(0.,0.,1.));
#11385=DIRECTION('ref_axis',(-1.,0.,0.));
#11386=DIRECTION('center_axis',(0.,0.,-1.));
#11387=DIRECTION('ref_axis',(1.,0.,0.));
#11388=DIRECTION('',(1.,0.,0.));
#11389=DIRECTION('',(-4.33680868994201E-17,-1.,0.));
#11390=DIRECTION('center_axis',(0.,0.,1.));
#11391=DIRECTION('ref_axis',(-1.,0.,0.));
#11392=DIRECTION('center_axis',(0.,1.,0.));
#11393=DIRECTION('ref_axis',(1.,0.,0.));
#11394=DIRECTION('',(-1.,0.,0.));
#11395=DIRECTION('',(-1.,0.,0.));
#11396=DIRECTION('',(0.,0.,-1.));
#11397=DIRECTION('center_axis',(0.,0.,1.));
#11398=DIRECTION('ref_axis',(-1.,0.,0.));
#11399=DIRECTION('',(1.,0.,0.));
#11400=DIRECTION('center_axis',(0.,0.,1.));
#11401=DIRECTION('ref_axis',(-1.,0.,0.));
#11402=DIRECTION('center_axis',(0.,0.,1.));
#11403=DIRECTION('ref_axis',(-1.,0.,0.));
#11404=DIRECTION('center_axis',(0.,0.,1.));
#11405=DIRECTION('ref_axis',(-1.,0.,0.));
#11406=DIRECTION('center_axis',(0.,0.,-1.));
#11407=DIRECTION('ref_axis',(1.,0.,0.));
#11408=DIRECTION('center_axis',(0.,0.,1.));
#11409=DIRECTION('ref_axis',(-1.,0.,0.));
#11410=DIRECTION('',(-4.33680868994201E-17,-1.,0.));
#11411=DIRECTION('',(-1.,0.,0.));
#11412=DIRECTION('center_axis',(-1.,4.33680868994201E-17,0.));
#11413=DIRECTION('ref_axis',(4.33680868994201E-17,1.,0.));
#11414=DIRECTION('',(0.,0.,1.));
#11415=DIRECTION('',(4.33680868994201E-17,1.,0.));
#11416=DIRECTION('',(0.,0.,-1.));
#11417=DIRECTION('',(-4.33680868994201E-17,-1.,0.));
#11418=DIRECTION('',(-4.33680868994201E-17,-1.,0.));
#11419=DIRECTION('',(0.,0.,1.));
#11420=DIRECTION('center_axis',(0.,0.,-1.));
#11421=DIRECTION('ref_axis',(1.,0.,0.));
#11422=DIRECTION('center_axis',(0.,0.,1.));
#11423=DIRECTION('ref_axis',(-1.,0.,0.));
#11424=DIRECTION('center_axis',(0.,0.,1.));
#11425=DIRECTION('ref_axis',(-1.,0.,0.));
#11426=DIRECTION('center_axis',(0.,-1.,0.));
#11427=DIRECTION('ref_axis',(-1.,0.,0.));
#11428=DIRECTION('',(1.,0.,0.));
#11429=DIRECTION('center_axis',(0.,0.,1.));
#11430=DIRECTION('ref_axis',(-1.,0.,0.));
#11431=DIRECTION('center_axis',(0.,0.,1.));
#11432=DIRECTION('ref_axis',(-1.,0.,0.));
#11433=DIRECTION('center_axis',(0.,0.,1.));
#11434=DIRECTION('ref_axis',(-1.,0.,0.));
#11435=DIRECTION('center_axis',(0.,0.,1.));
#11436=DIRECTION('ref_axis',(-1.,0.,0.));
#11437=DIRECTION('center_axis',(0.,0.,1.));
#11438=DIRECTION('ref_axis',(-1.,0.,0.));
#11439=DIRECTION('center_axis',(0.,0.,1.));
#11440=DIRECTION('ref_axis',(-1.,0.,0.));
#11441=DIRECTION('',(0.,0.,1.));
#11442=DIRECTION('center_axis',(0.,0.,1.));
#11443=DIRECTION('ref_axis',(-1.,0.,0.));
#11444=DIRECTION('center_axis',(0.,0.,1.));
#11445=DIRECTION('ref_axis',(-1.,0.,0.));
#11446=DIRECTION('',(0.,0.,1.));
#11447=DIRECTION('center_axis',(0.,0.,1.));
#11448=DIRECTION('ref_axis',(-1.,0.,0.));
#11449=DIRECTION('',(0.,0.,1.));
#11450=DIRECTION('center_axis',(0.,0.,1.));
#11451=DIRECTION('ref_axis',(-1.,0.,0.));
#11452=DIRECTION('center_axis',(0.,0.,1.));
#11453=DIRECTION('ref_axis',(-1.,0.,0.));
#11454=DIRECTION('',(0.,0.,1.));
#11455=DIRECTION('center_axis',(-0.353553390593273,-0.612372435695792,-0.70710678118655));
#11456=DIRECTION('ref_axis',(-0.894427190999916,0.,0.447213595499957));
#11457=DIRECTION('',(0.866025403784438,-0.500000000000001,0.));
#11458=DIRECTION('',(-0.788675134594814,-0.211324865405192,0.577350269189623));
#11459=DIRECTION('',(-0.866025403784438,0.500000000000001,0.));
#11460=DIRECTION('',(-0.186156787897383,-0.694746590606871,0.694746590606861));
#11461=DIRECTION('center_axis',(-0.612372435695794,0.353553390593271,-0.707106781186549));
#11462=DIRECTION('ref_axis',(-0.755928946018456,0.,0.654653670707976));
#11463=DIRECTION('',(-0.499999999999997,-0.86602540378444,0.));
#11464=DIRECTION('',(-0.755928946018459,1.09021736756305E-14,0.654653670707972));
#11465=DIRECTION('center_axis',(-0.612372435695792,-0.353553390593272,-0.70710678118655));
#11466=DIRECTION('ref_axis',(-0.755928946018457,0.,0.654653670707974));
#11467=DIRECTION('',(0.5,-0.866025403784439,0.));
#11468=DIRECTION('',(-0.377964473009234,-0.654653670707974,0.654653670707976));
#11469=DIRECTION('center_axis',(-2.58677473621967E-15,-0.707106781186548,
-0.707106781186548));
#11470=DIRECTION('ref_axis',(-1.,0.,3.65825191476594E-15));
#11471=DIRECTION('',(1.,-3.65825191476594E-15,0.));
#11472=DIRECTION('',(-0.577350269189639,-0.577350269189607,0.577350269189631));
#11473=DIRECTION('center_axis',(-0.707106781186547,4.72139268463614E-16,
-0.707106781186548));
#11474=DIRECTION('ref_axis',(-0.707106781186548,0.,0.707106781186547));
#11475=DIRECTION('',(-6.67705756790156E-16,-1.,0.));
#11476=DIRECTION('',(-0.694746590606864,0.186156787897393,0.694746590606866));
#11477=DIRECTION('',(6.67705756790156E-16,1.,0.));
#11478=DIRECTION('center_axis',(-0.612372435695793,0.353553390593272,-0.70710678118655));
#11479=DIRECTION('ref_axis',(-0.755928946018456,0.,0.654653670707975));
#11480=DIRECTION('',(-0.499999999999999,-0.866025403784439,0.));
#11481=DIRECTION('',(-0.508589802709474,0.508589802709489,0.694746590606864));
#11482=DIRECTION('',(0.499999999999999,0.866025403784439,0.));
#11483=DIRECTION('center_axis',(-0.353553390593272,0.612372435695793,-0.70710678118655));
#11484=DIRECTION('ref_axis',(-0.894427190999917,0.,0.447213595499956));
#11485=DIRECTION('',(-0.866025403784439,-0.499999999999999,0.));
#11486=DIRECTION('',(0.21132486540519,0.788675134594816,0.57735026918962));
#11487=DIRECTION('',(0.866025403784439,0.499999999999999,0.));
#11488=DIRECTION('center_axis',(0.612372435695798,0.353553390593267,-0.707106781186548));
#11489=DIRECTION('ref_axis',(-0.755928946018453,0.,-0.654653670707979));
#11490=DIRECTION('',(-0.49999999999999,0.866025403784444,0.));
#11491=DIRECTION('',(0.377964473009164,0.654653670707998,0.654653670707993));
#11492=DIRECTION('',(0.49999999999999,-0.866025403784444,0.));
#11493=DIRECTION('center_axis',(-8.62258245406564E-15,0.707106781186547,
-0.707106781186548));
#11494=DIRECTION('ref_axis',(-1.,0.,1.21941730492199E-14));
#11495=DIRECTION('',(-1.,-1.21941730492199E-14,0.));
#11496=DIRECTION('',(-0.377964473009028,0.654653670708032,0.654653670708037));
#11497=DIRECTION('',(1.,1.21941730492199E-14,0.));
#11498=DIRECTION('center_axis',(-0.612372435695805,0.353553390593253,-0.707106781186549));
#11499=DIRECTION('ref_axis',(-0.755928946018449,0.,0.654653670707983));
#11500=DIRECTION('',(-0.499999999999971,-0.866025403784455,0.));
#11501=DIRECTION('',(-0.21132486540521,0.78867513459481,0.577350269189621));
#11502=DIRECTION('',(0.499999999999971,0.866025403784455,0.));
#11503=DIRECTION('center_axis',(0.353553390593273,0.612372435695794,-0.707106781186548));
#11504=DIRECTION('ref_axis',(-0.894427190999916,0.,-0.447213595499957));
#11505=DIRECTION('',(0.866025403784439,-0.5,0.));
#11506=DIRECTION('',(-0.866025403784439,0.5,0.));
#11507=DIRECTION('',(0.508589802709479,0.508589802709482,0.694746590606865));
#11508=DIRECTION('center_axis',(0.612372435695795,0.353553390593274,-0.707106781186547));
#11509=DIRECTION('ref_axis',(-0.755928946018454,0.,-0.654653670707978));
#11510=DIRECTION('',(0.499999999999999,-0.866025403784439,0.));
#11511=DIRECTION('',(-0.499999999999999,0.866025403784439,0.));
#11512=DIRECTION('',(0.694746590606865,0.186156787897387,0.694746590606866));
#11513=DIRECTION('center_axis',(0.707106781186549,-4.72139268463614E-16,
-0.707106781186547));
#11514=DIRECTION('ref_axis',(-0.707106781186546,0.,-0.707106781186548));
#11515=DIRECTION('',(-6.67705756790154E-16,-1.,0.));
#11516=DIRECTION('',(6.67705756790154E-16,1.,0.));
#11517=DIRECTION('',(0.577350269189628,-0.57735026918962,0.57735026918963));
#11518=DIRECTION('center_axis',(1.52567590313758E-14,-0.707106781186546,
-0.707106781186549));
#11519=DIRECTION('ref_axis',(-1.,0.,-2.15763155400298E-14));
#11520=DIRECTION('',(1.,2.15763155400299E-14,0.));
#11521=DIRECTION('',(0.377964473009159,-0.654653670708041,0.654653670707952));
#11522=DIRECTION('center_axis',(0.612372435695794,-0.353553390593274,-0.707106781186548));
#11523=DIRECTION('ref_axis',(-0.755928946018455,0.,-0.654653670707977));
#11524=DIRECTION('',(0.500000000000001,0.866025403784438,0.));
#11525=DIRECTION('',(0.755928946018455,1.81702894593843E-15,0.654653670707977));
#11526=DIRECTION('center_axis',(0.612372435695795,0.353553390593274,-0.707106781186548));
#11527=DIRECTION('ref_axis',(-0.755928946018454,0.,-0.654653670707977));
#11528=DIRECTION('',(-0.5,0.866025403784439,0.));
#11529=DIRECTION('',(0.78867513459481,-0.211324865405185,0.57735026918963));
#11530=DIRECTION('center_axis',(0.353553390593275,-0.612372435695797,-0.707106781186545));
#11531=DIRECTION('ref_axis',(-0.894427190999915,0.,-0.44721359549996));
#11532=DIRECTION('',(-0.866025403784439,-0.499999999999999,0.));
#11533=DIRECTION('',(0.866025403784439,0.499999999999999,0.));
#11534=DIRECTION('',(0.186156787897375,-0.694746590606868,0.694746590606866));
#11535=DIRECTION('center_axis',(0.,-0.707106781186547,-0.707106781186548));
#11536=DIRECTION('ref_axis',(-1.,0.,0.));
#11537=DIRECTION('',(-1.,0.,0.));
#11538=DIRECTION('',(1.,0.,0.));
#11539=DIRECTION('center_axis',(0.5,0.866025403784439,0.));
#11540=DIRECTION('ref_axis',(0.866025403784439,-0.5,0.));
#11541=DIRECTION('',(0.,0.,-1.));
#11542=DIRECTION('',(0.,0.,-1.));
#11543=DIRECTION('center_axis',(0.866025403784439,0.5,0.));
#11544=DIRECTION('ref_axis',(0.499999999999999,-0.866025403784439,0.));
#11545=DIRECTION('',(0.,0.,-1.));
#11546=DIRECTION('center_axis',(1.,-6.67705756790154E-16,0.));
#11547=DIRECTION('ref_axis',(-6.67705756790154E-16,-1.,0.));
#11548=DIRECTION('center_axis',(0.499999999999999,-0.866025403784439,0.));
#11549=DIRECTION('ref_axis',(-0.866025403784439,-0.499999999999999,0.));
#11550=DIRECTION('',(0.,0.,-1.));
#11551=DIRECTION('center_axis',(0.,-1.,0.));
#11552=DIRECTION('ref_axis',(-1.,0.,0.));
#11553=DIRECTION('',(0.,0.,-1.));
#11554=DIRECTION('center_axis',(-0.500000000000001,-0.866025403784438,0.));
#11555=DIRECTION('ref_axis',(-0.866025403784438,0.500000000000001,0.));
#11556=DIRECTION('center_axis',(0.,0.,-1.));
#11557=DIRECTION('ref_axis',(-1.,0.,0.));
#11558=DIRECTION('',(-0.866025403784438,0.500000000000001,0.));
#11559=DIRECTION('',(0.500000000000009,0.866025403784433,0.));
#11560=DIRECTION('',(-0.866025403784438,0.500000000000001,0.));
#11561=DIRECTION('',(-0.500000000000002,-0.866025403784437,0.));
#11562=DIRECTION('',(-0.866025403784438,0.500000000000001,0.));
#11563=DIRECTION('',(-0.5,0.866025403784439,0.));
#11564=DIRECTION('',(8.31328562014846E-16,1.,0.));
#11565=DIRECTION('',(0.5,0.866025403784439,0.));
#11566=DIRECTION('',(0.866025403784439,0.5,0.));
#11567=DIRECTION('',(1.,0.,0.));
#11568=DIRECTION('',(0.866025403784439,-0.5,0.));
#11569=DIRECTION('',(0.499999999999999,-0.866025403784439,0.));
#11570=DIRECTION('',(-6.23496421511134E-16,-1.,0.));
#11571=DIRECTION('',(-0.500000000000002,-0.866025403784438,0.));
#11572=DIRECTION('',(-0.866025403784439,-0.499999999999999,0.));
#11573=DIRECTION('',(-0.5,0.866025403784439,0.));
#11574=DIRECTION('',(-0.866025403784439,-0.499999999999999,0.));
#11575=DIRECTION('',(0.500000000000001,-0.866025403784438,0.));
#11576=DIRECTION('',(-0.866025403784439,-0.499999999999999,0.));
#11577=DIRECTION('',(-1.,0.,0.));
#11578=DIRECTION('center_axis',(-0.177548400172072,0.662619650244738,-0.727606875108997));
#11579=DIRECTION('ref_axis',(-0.971494726396154,0.,0.23706116633574));
#11580=DIRECTION('',(0.410683602522963,-0.622008467928142,-0.666666666666668));
#11581=DIRECTION('',(0.0446581987385232,0.744016935856291,0.666666666666668));
#11582=DIRECTION('center_axis',(0.353553390593276,0.612372435695796,0.707106781186545));
#11583=DIRECTION('ref_axis',(0.894427190999914,0.,-0.447213595499961));
#11584=DIRECTION('',(-0.353553390593275,-0.612372435695791,0.70710678118655));
#11585=DIRECTION('',(0.866025403784438,-0.500000000000001,0.));
#11586=DIRECTION('',(0.5085898027095,0.508589802709461,-0.694746590606865));
#11587=DIRECTION('center_axis',(-0.500000000000005,-0.866025403784436,0.));
#11588=DIRECTION('ref_axis',(-0.612372435695794,0.353553390593274,0.707106781186548));
#11589=DIRECTION('center_axis',(0.500000000000001,0.866025403784438,0.));
#11590=DIRECTION('ref_axis',(-0.612372435695794,0.353553390593274,0.707106781186548));
#11591=DIRECTION('center_axis',(-0.612372435695793,0.353553390593275,-0.707106781186548));
#11592=DIRECTION('ref_axis',(-0.755928946018455,0.,0.654653670707976));
#11593=DIRECTION('',(0.500000000000002,0.866025403784437,0.));
#11594=DIRECTION('',(-0.211324865405182,0.788675134594816,0.577350269189623));
#11595=DIRECTION('center_axis',(0.353553390593275,0.612372435695796,-0.707106781186546));
#11596=DIRECTION('ref_axis',(-0.894427190999915,0.,-0.44721359549996));
#11597=DIRECTION('',(0.788675134594817,0.211324865405182,0.577350269189622));
#11598=DIRECTION('',(0.866025403784438,-0.500000000000001,0.));
#11599=DIRECTION('center_axis',(0.662619650244731,0.177548400172066,-0.727606875109004));
#11600=DIRECTION('ref_axis',(-0.739353674811371,0.,-0.673317268115798));
#11601=DIRECTION('',(-0.622008467928149,-0.410683602522958,-0.666666666666665));
#11602=DIRECTION('',(-0.258819045102517,0.965925826289069,0.));
#11603=DIRECTION('',(0.744016935856297,-0.0446581987385191,0.666666666666662));
#11604=DIRECTION('center_axis',(0.353553390593273,0.612372435695792,-0.70710678118655));
#11605=DIRECTION('ref_axis',(-0.894427190999917,0.,-0.447213595499956));
#11606=DIRECTION('',(0.866025403784438,-0.500000000000001,0.));
#11607=DIRECTION('',(0.186156787897386,0.694746590606867,0.694746590606865));
#11608=DIRECTION('center_axis',(0.,0.707106781186547,-0.707106781186548));
#11609=DIRECTION('ref_axis',(-1.,0.,0.));
#11610=DIRECTION('',(-0.186156787897386,0.694746590606867,0.694746590606865));
#11611=DIRECTION('',(1.,0.,0.));
#11612=DIRECTION('center_axis',(-0.662619650244736,0.177548400172065,-0.727606875109));
#11613=DIRECTION('ref_axis',(-0.739353674811367,0.,0.673317268115803));
#11614=DIRECTION('',(0.744016935856293,0.0446581987385194,-0.666666666666666));
#11615=DIRECTION('',(-0.258819045102513,-0.96592582628907,0.));
#11616=DIRECTION('',(-0.622008467928149,0.410683602522958,0.666666666666665));
#11617=DIRECTION('center_axis',(-0.353553390593273,0.612372435695794,0.707106781186549));
#11618=DIRECTION('ref_axis',(0.894427190999917,0.,0.447213595499956));
#11619=DIRECTION('',(-0.866025403784439,-0.499999999999999,0.));
#11620=DIRECTION('',(0.353553390593273,-0.612372435695796,0.707106781186546));
#11621=DIRECTION('',(0.866025403784439,0.499999999999999,0.));
#11622=DIRECTION('',(-0.186156787897387,0.694746590606866,-0.694746590606866));
#11623=DIRECTION('center_axis',(0.499999999999999,-0.866025403784439,0.));
#11624=DIRECTION('ref_axis',(-0.612372435695795,-0.353553390593274,0.707106781186547));
#11625=DIRECTION('',(-0.258819045102513,-0.96592582628907,0.));
#11626=DIRECTION('center_axis',(-0.499999999999999,0.866025403784439,0.));
#11627=DIRECTION('ref_axis',(-0.612372435695795,-0.353553390593274,0.707106781186547));
#11628=DIRECTION('center_axis',(0.499999999999999,-0.866025403784439,0.));
#11629=DIRECTION('ref_axis',(-0.612372435695795,-0.353553390593273,0.707106781186547));
#11630=DIRECTION('center_axis',(-0.96592582628907,0.258819045102513,0.));
#11631=DIRECTION('ref_axis',(0.,0.,1.));
#11632=DIRECTION('',(0.,0.,-1.));
#11633=DIRECTION('',(0.,0.,1.));
#11634=DIRECTION('center_axis',(-0.353553390593272,0.612372435695793,-0.70710678118655));
#11635=DIRECTION('ref_axis',(-0.894427190999917,0.,0.447213595499955));
#11636=DIRECTION('',(0.866025403784439,0.499999999999999,0.));
#11637=DIRECTION('center_axis',(-0.612372435695794,-0.353553390593274,-0.707106781186548));
#11638=DIRECTION('ref_axis',(-0.755928946018455,0.,0.654653670707977));
#11639=DIRECTION('',(-0.500000000000001,0.866025403784438,0.));
#11640=DIRECTION('',(-0.788675134594813,0.211324865405184,0.577350269189627));
#11641=DIRECTION('center_axis',(-0.353553390593274,0.612372435695795,-0.707106781186547));
#11642=DIRECTION('ref_axis',(-0.894427190999916,0.,0.447213595499958));
#11643=DIRECTION('',(0.21132486540519,0.78867513459481,0.577350269189628));
#11644=DIRECTION('',(0.866025403784439,0.499999999999999,0.));
#11645=DIRECTION('center_axis',(-0.707106781186548,4.40878547696069E-16,
0.707106781186548));
#11646=DIRECTION('ref_axis',(0.707106781186548,0.,0.707106781186548));
#11647=DIRECTION('',(-6.23496421511134E-16,-1.,0.));
#11648=DIRECTION('',(0.707106781186548,0.,0.707106781186548));
#11649=DIRECTION('',(6.23496421511134E-16,1.,0.));
#11650=DIRECTION('',(-0.694746590606865,0.186156787897388,-0.694746590606865));
#11651=DIRECTION('center_axis',(0.177548400172066,0.662619650244738,-0.727606875108998));
#11652=DIRECTION('ref_axis',(-0.971494726396156,0.,-0.237061166335733));
#11653=DIRECTION('',(0.0446581987385231,-0.744016935856293,-0.666666666666666));
#11654=DIRECTION('',(0.410683602522959,0.622008467928146,0.666666666666667));
#11655=DIRECTION('center_axis',(-0.612372435695793,0.353553390593275,0.707106781186549));
#11656=DIRECTION('ref_axis',(0.755928946018456,0.,0.654653670707976));
#11657=DIRECTION('',(0.500000000000002,0.866025403784438,0.));
#11658=DIRECTION('',(-0.508589802709483,0.508589802709483,-0.694746590606862));
#11659=DIRECTION('center_axis',(-0.353553390593273,0.612372435695794,0.707106781186549));
#11660=DIRECTION('ref_axis',(0.894427190999917,0.,0.447213595499956));
#11661=DIRECTION('',(0.866025403784439,0.499999999999999,0.));
#11662=DIRECTION('',(-0.35355339059328,0.612372435695794,-0.707106781186544));
#11663=DIRECTION('center_axis',(0.5,-0.866025403784439,0.));
#11664=DIRECTION('ref_axis',(0.612372435695796,0.353553390593273,0.707106781186546));
#11665=DIRECTION('center_axis',(-0.499999999999999,0.866025403784439,0.));
#11666=DIRECTION('ref_axis',(0.612372435695796,0.353553390593273,0.707106781186546));
#11667=DIRECTION('center_axis',(0.612372435695794,0.353553390593273,-0.707106781186548));
#11668=DIRECTION('ref_axis',(-0.755928946018455,0.,-0.654653670707977));
#11669=DIRECTION('center_axis',(-0.353553390593272,0.612372435695793,-0.70710678118655));
#11670=DIRECTION('ref_axis',(-0.894427190999917,0.,0.447213595499955));
#11671=DIRECTION('',(-0.508589802709491,0.508589802709476,0.694746590606861));
#11672=DIRECTION('center_axis',(1.,0.,0.));
#11673=DIRECTION('ref_axis',(-1.88947949012601E-16,-0.707106781186547,0.707106781186548));
#11674=DIRECTION('center_axis',(-1.,6.23496421511134E-16,0.));
#11675=DIRECTION('ref_axis',(0.,-0.707106781186547,0.707106781186548));
#11676=DIRECTION('center_axis',(1.,-6.23496421511134E-16,0.));
#11677=DIRECTION('ref_axis',(-4.40878547696068E-16,-0.707106781186547,0.707106781186548));
#11678=DIRECTION('center_axis',(-0.612372435695791,0.353553390593274,-0.70710678118655));
#11679=DIRECTION('ref_axis',(-0.755928946018458,0.,0.654653670707974));
#11680=DIRECTION('',(-0.694746590606865,0.186156787897396,0.694746590606863));
#11681=DIRECTION('center_axis',(-0.707106781186547,4.40878547696068E-16,
-0.707106781186548));
#11682=DIRECTION('ref_axis',(-0.707106781186548,0.,0.707106781186547));
#11683=DIRECTION('',(6.23496421511134E-16,1.,0.));
#11684=DIRECTION('',(-0.694746590606866,-0.186156787897389,0.694746590606864));
#11685=DIRECTION('center_axis',(-0.612372435695793,-0.353553390593272,-0.70710678118655));
#11686=DIRECTION('ref_axis',(-0.755928946018456,0.,0.654653670707975));
#11687=DIRECTION('',(-0.499999999999999,0.866025403784439,0.));
#11688=DIRECTION('',(-0.508589802709485,-0.508589802709478,0.694746590606864));
#11689=DIRECTION('center_axis',(-0.353553390593273,-0.612372435695793,-0.70710678118655));
#11690=DIRECTION('ref_axis',(-0.894427190999917,0.,0.447213595499956));
#11691=DIRECTION('',(-0.866025403784439,0.5,0.));
#11692=DIRECTION('',(-0.186156787897383,-0.694746590606867,0.694746590606865));
#11693=DIRECTION('center_axis',(0.,0.707106781186548,0.707106781186548));
#11694=DIRECTION('ref_axis',(1.,0.,0.));
#11695=DIRECTION('',(-1.,0.,0.));
#11696=DIRECTION('',(1.,0.,0.));
#11697=DIRECTION('',(0.186156787897379,0.694746590606867,-0.694746590606867));
#11698=DIRECTION('center_axis',(0.,-0.707106781186547,-0.707106781186548));
#11699=DIRECTION('ref_axis',(-1.,0.,0.));
#11700=DIRECTION('',(-1.,0.,0.));
#11701=DIRECTION('',(0.186156787897378,-0.694746590606871,0.694746590606862));
#11702=DIRECTION('center_axis',(0.353553390593274,0.612372435695793,0.707106781186549));
#11703=DIRECTION('ref_axis',(0.894427190999916,0.,-0.447213595499957));
#11704=DIRECTION('',(0.866025403784438,-0.500000000000001,0.));
#11705=DIRECTION('',(0.353553390593273,0.612372435695796,-0.707106781186546));
#11706=DIRECTION('',(-0.866025403784438,0.500000000000001,0.));
#11707=DIRECTION('center_axis',(-0.500000000000004,-0.866025403784436,0.));
#11708=DIRECTION('ref_axis',(0.612372435695792,-0.353553390593279,0.707106781186547));
#11709=DIRECTION('center_axis',(0.500000000000001,0.866025403784438,0.));
#11710=DIRECTION('ref_axis',(0.612372435695791,-0.353553390593281,0.707106781186547));
#11711=DIRECTION('',(-0.258819045102203,0.965925826289154,0.));
#11712=DIRECTION('center_axis',(-0.500000000000001,-0.866025403784438,0.));
#11713=DIRECTION('ref_axis',(0.612372435695795,-0.353553390593275,0.707106781186547));
#11714=DIRECTION('center_axis',(0.965925826289069,0.258819045102517,0.));
#11715=DIRECTION('ref_axis',(0.,0.,-1.));
#11716=DIRECTION('',(0.,0.,-1.));
#11717=DIRECTION('',(0.,0.,1.));
#11718=DIRECTION('center_axis',(0.353553390593273,-0.612372435695794,-0.707106781186548));
#11719=DIRECTION('ref_axis',(-0.894427190999916,0.,-0.447213595499957));
#11720=DIRECTION('',(-0.866025403784439,-0.5,0.));
#11721=DIRECTION('',(0.508589802709492,-0.508589802709473,0.694746590606863));
#11722=DIRECTION('center_axis',(0.612372435695789,-0.353553390593279,-0.70710678118655));
#11723=DIRECTION('ref_axis',(-0.755928946018458,0.,-0.654653670707973));
#11724=DIRECTION('',(-0.500000000000009,-0.866025403784433,0.));
#11725=DIRECTION('center_axis',(0.612372435695792,-0.353553390593272,-0.707106781186551));
#11726=DIRECTION('ref_axis',(-0.755928946018457,0.,-0.654653670707974));
#11727=DIRECTION('',(-0.5,-0.866025403784439,0.));
#11728=DIRECTION('',(0.694746590606865,-0.1861567878974,0.694746590606863));
#11729=DIRECTION('center_axis',(0.707106781186547,-5.87838063594758E-16,
-0.707106781186548));
#11730=DIRECTION('ref_axis',(-0.707106781186548,0.,-0.707106781186547));
#11731=DIRECTION('',(-8.31328562014846E-16,-1.,0.));
#11732=DIRECTION('',(0.694746590606866,0.186156787897389,0.694746590606864));
#11733=DIRECTION('center_axis',(0.612372435695793,0.353553390593273,-0.70710678118655));
#11734=DIRECTION('ref_axis',(-0.755928946018456,0.,-0.654653670707975));
#11735=DIRECTION('',(0.508589802709485,0.508589802709478,0.694746590606864));
#11736=DIRECTION('center_axis',(0.353553390593274,0.612372435695794,-0.707106781186548));
#11737=DIRECTION('ref_axis',(-0.894427190999916,0.,-0.447213595499958));
#11738=DIRECTION('center_axis',(0.612372435695794,0.353553390593273,0.707106781186549));
#11739=DIRECTION('ref_axis',(0.755928946018455,0.,-0.654653670707976));
#11740=DIRECTION('',(0.5,-0.866025403784439,0.));
#11741=DIRECTION('',(0.694746590606874,0.186156787897379,-0.694746590606859));
#11742=DIRECTION('center_axis',(0.70710678118654,-5.87838063594752E-16,
0.707106781186555));
#11743=DIRECTION('ref_axis',(0.707106781186555,0.,-0.70710678118654));
#11744=DIRECTION('',(8.31328562014846E-16,1.,0.));
#11745=DIRECTION('',(-8.31328562014846E-16,-1.,0.));
#11746=DIRECTION('',(0.694746590606878,-0.186156787897349,-0.694746590606863));
#11747=DIRECTION('center_axis',(0.612372435695801,-0.353553390593278,0.70710678118654));
#11748=DIRECTION('ref_axis',(0.755928946018447,0.,-0.654653670707985));
#11749=DIRECTION('',(0.5,0.866025403784439,0.));
#11750=DIRECTION('',(-0.5,-0.866025403784439,0.));
#11751=DIRECTION('',(0.508589802709454,-0.508589802709508,-0.694746590606865));
#11752=DIRECTION('center_axis',(0.35355339059327,-0.612372435695789,0.707106781186554));
#11753=DIRECTION('ref_axis',(0.894427190999919,0.,-0.447213595499951));
#11754=DIRECTION('',(0.866025403784439,0.5,0.));
#11755=DIRECTION('',(-0.866025403784439,-0.5,0.));
#11756=DIRECTION('',(0.186156787897407,-0.694746590606863,-0.694746590606863));
#11757=DIRECTION('center_axis',(0.,-0.707106781186548,0.707106781186548));
#11758=DIRECTION('ref_axis',(1.,0.,0.));
#11759=DIRECTION('',(1.,0.,0.));
#11760=DIRECTION('',(-1.,0.,0.));
#11761=DIRECTION('',(-0.186156787897372,-0.694746590606868,-0.694746590606868));
#11762=DIRECTION('center_axis',(-0.353553390593273,-0.612372435695794,0.707106781186549));
#11763=DIRECTION('ref_axis',(0.894427190999916,0.,0.447213595499957));
#11764=DIRECTION('',(0.866025403784439,-0.5,0.));
#11765=DIRECTION('',(-0.866025403784439,0.5,0.));
#11766=DIRECTION('',(-0.508589802709471,-0.508589802709487,-0.694746590606868));
#11767=DIRECTION('center_axis',(-0.612372435695794,-0.353553390593273,0.707106781186549));
#11768=DIRECTION('ref_axis',(0.755928946018455,0.,0.654653670707976));
#11769=DIRECTION('',(0.499999999999999,-0.866025403784439,0.));
#11770=DIRECTION('',(-0.499999999999999,0.866025403784439,0.));
#11771=DIRECTION('',(-0.694746590606864,-0.186156787897396,-0.694746590606864));
#11772=DIRECTION('center_axis',(1.,0.,0.));
#11773=DIRECTION('ref_axis',(1.88947949012601E-16,0.707106781186547,0.707106781186547));
#11774=DIRECTION('center_axis',(1.,-6.23496421511134E-16,0.));
#11775=DIRECTION('ref_axis',(4.40878547696069E-16,0.707106781186547,0.707106781186547));
#11776=DIRECTION('',(0.707106781186508,0.,0.707106781186587));
#11777=DIRECTION('center_axis',(-1.,6.23496421511134E-16,0.));
#11778=DIRECTION('ref_axis',(0.,0.707106781186548,0.707106781186548));
#11779=DIRECTION('center_axis',(-0.707106781186555,4.40878547696074E-16,
0.70710678118654));
#11780=DIRECTION('ref_axis',(0.70710678118654,0.,0.707106781186555));
#11781=DIRECTION('',(6.23496421511134E-16,1.,0.));
#11782=DIRECTION('',(-6.23496421511134E-16,-1.,0.));
#11783=DIRECTION('center_axis',(-0.499999999999999,0.866025403784439,0.));
#11784=DIRECTION('ref_axis',(0.866025403784439,0.499999999999999,0.));
#11785=DIRECTION('',(0.,0.,-1.));
#11786=DIRECTION('center_axis',(0.,1.,0.));
#11787=DIRECTION('ref_axis',(1.,0.,0.));
#11788=DIRECTION('',(0.,0.,-1.));
#11789=DIRECTION('center_axis',(1.,-8.31328562014846E-16,0.));
#11790=DIRECTION('ref_axis',(-8.31328562014846E-16,-1.,0.));
#11791=DIRECTION('',(0.,0.,-1.));
#11792=DIRECTION('center_axis',(0.866025403784439,-0.5,0.));
#11793=DIRECTION('ref_axis',(-0.5,-0.866025403784439,0.));
#11794=DIRECTION('',(0.,0.,-1.));
#11795=DIRECTION('center_axis',(0.5,-0.866025403784439,0.));
#11796=DIRECTION('ref_axis',(-0.866025403784439,-0.5,0.));
#11797=DIRECTION('',(0.,0.,-1.));
#11798=DIRECTION('center_axis',(0.,-1.,0.));
#11799=DIRECTION('ref_axis',(-1.,0.,0.));
#11800=DIRECTION('',(0.,0.,-1.));
#11801=DIRECTION('center_axis',(-0.5,-0.866025403784439,0.));
#11802=DIRECTION('ref_axis',(-0.866025403784439,0.5,0.));
#11803=DIRECTION('',(0.,0.,-1.));
#11804=DIRECTION('center_axis',(-0.866025403784439,-0.499999999999999,0.));
#11805=DIRECTION('ref_axis',(-0.499999999999999,0.866025403784439,0.));
#11806=DIRECTION('',(0.,0.,-1.));
#11807=DIRECTION('center_axis',(-1.,6.23496421511134E-16,0.));
#11808=DIRECTION('ref_axis',(6.23496421511134E-16,1.,0.));
#11809=DIRECTION('center_axis',(1.,1.32169407693471E-15,0.));
#11810=DIRECTION('ref_axis',(0.,-0.707106781186547,0.707106781186548));
#11811=DIRECTION('center_axis',(-1.,8.49219124263875E-16,0.));
#11812=DIRECTION('ref_axis',(0.,-0.707106781186547,0.707106781186548));
#11813=DIRECTION('',(-1.,-1.32169407693471E-15,0.));
#11814=DIRECTION('center_axis',(0.,0.,1.));
#11815=DIRECTION('ref_axis',(1.,0.,0.));
#11816=DIRECTION('',(8.49219124263875E-16,1.,0.));
#11817=DIRECTION('',(0.500000000000001,0.866025403784438,0.));
#11818=DIRECTION('',(0.866025403784439,0.499999999999999,0.));
#11819=DIRECTION('',(0.5,-0.866025403784439,0.));
#11820=DIRECTION('center_axis',(1.,-8.49219124263875E-16,0.));
#11821=DIRECTION('ref_axis',(8.49219124263875E-16,1.,0.));
#11822=DIRECTION('',(0.,0.,1.));
#11823=DIRECTION('center_axis',(-1.,-1.32169407693471E-15,0.));
#11824=DIRECTION('ref_axis',(0.,0.707106781186548,0.707106781186548));
#11825=DIRECTION('',(1.,1.32169407693471E-15,0.));
#11826=DIRECTION('center_axis',(-1.,8.49219124263875E-16,0.));
#11827=DIRECTION('ref_axis',(0.,0.707106781186548,0.707106781186548));
#11828=DIRECTION('center_axis',(0.,0.,1.));
#11829=DIRECTION('ref_axis',(1.,0.,0.));
#11830=DIRECTION('',(0.500000000000002,0.866025403784437,0.));
#11831=DIRECTION('',(0.866025403784438,-0.500000000000001,0.));
#11832=DIRECTION('',(0.5,-0.866025403784439,0.));
#11833=DIRECTION('',(-8.49219124263876E-16,-1.,0.));
#11834=DIRECTION('',(-0.5,-0.866025403784439,0.));
#11835=DIRECTION('',(-0.866025403784439,-0.499999999999999,0.));
#11836=DIRECTION('',(-1.,0.,0.));
#11837=DIRECTION('',(-0.866025403784439,0.5,0.));
#11838=DIRECTION('',(-0.499999999999998,0.86602540378444,0.));
#11839=DIRECTION('',(8.49219124263875E-16,1.,0.));
#11840=DIRECTION('center_axis',(-0.5,0.866025403784439,0.));
#11841=DIRECTION('ref_axis',(0.612372435695796,0.353553390593273,0.707106781186546));
#11842=DIRECTION('center_axis',(-0.499999999999999,0.866025403784439,0.));
#11843=DIRECTION('ref_axis',(0.612372435695796,0.353553390593273,0.707106781186546));
#11844=DIRECTION('center_axis',(0.499999999999999,-0.866025403784439,0.));
#11845=DIRECTION('ref_axis',(0.866025403784439,0.499999999999999,0.));
#11846=DIRECTION('',(0.,0.,1.));
#11847=DIRECTION('center_axis',(0.500000000000001,-0.866025403784438,0.));
#11848=DIRECTION('ref_axis',(-0.612372435695795,-0.353553390593274,0.707106781186547));
#11849=DIRECTION('',(0.500000000000001,-0.866025403784438,0.));
#11850=DIRECTION('center_axis',(-0.499999999999999,0.866025403784439,0.));
#11851=DIRECTION('ref_axis',(-0.612372435695795,-0.353553390593274,0.707106781186547));
#11852=DIRECTION('',(-0.500000000000001,0.866025403784438,0.));
#11853=DIRECTION('center_axis',(0.,0.,1.));
#11854=DIRECTION('ref_axis',(1.,0.,0.));
#11855=DIRECTION('',(0.866025403784439,0.499999999999999,0.));
#11856=DIRECTION('',(1.,0.,0.));
#11857=DIRECTION('',(0.866025403784438,-0.500000000000001,0.));
#11858=DIRECTION('',(-0.500000000000009,-0.866025403784433,0.));
#11859=DIRECTION('center_axis',(0.499999999999999,-0.866025403784439,0.));
#11860=DIRECTION('ref_axis',(0.866025403784439,0.499999999999999,0.));
#11861=DIRECTION('',(0.,0.,1.));
#11862=DIRECTION('center_axis',(0.500000000000009,0.866025403784433,0.));
#11863=DIRECTION('ref_axis',(0.612372435695791,-0.353553390593281,0.707106781186547));
#11864=DIRECTION('center_axis',(0.500000000000001,0.866025403784438,0.));
#11865=DIRECTION('ref_axis',(0.612372435695791,-0.353553390593281,0.707106781186547));
#11866=DIRECTION('',(0.500000000000009,0.866025403784433,0.));
#11867=DIRECTION('center_axis',(0.866025403784433,-0.500000000000009,0.));
#11868=DIRECTION('ref_axis',(-0.500000000000009,-0.866025403784433,0.));
#11869=DIRECTION('',(0.,0.,-1.));
#11870=DIRECTION('center_axis',(-0.500000000000001,-0.866025403784438,0.));
#11871=DIRECTION('ref_axis',(0.866025403784438,-0.500000000000001,0.));
#11872=DIRECTION('',(0.,0.,1.));
#11873=DIRECTION('center_axis',(-0.500000000000002,-0.866025403784438,0.));
#11874=DIRECTION('ref_axis',(-0.612372435695794,0.353553390593274,0.707106781186548));
#11875=DIRECTION('',(-0.500000000000002,-0.866025403784437,0.));
#11876=DIRECTION('center_axis',(0.500000000000001,0.866025403784438,0.));
#11877=DIRECTION('ref_axis',(-0.612372435695794,0.353553390593274,0.707106781186548));
#11878=DIRECTION('center_axis',(-0.500000000000001,-0.866025403784438,0.));
#11879=DIRECTION('ref_axis',(0.866025403784438,-0.500000000000001,0.));
#11880=DIRECTION('',(0.,0.,1.));
#11881=DIRECTION('center_axis',(0.,-1.,0.));
#11882=DIRECTION('ref_axis',(1.,0.,0.));
#11883=DIRECTION('center_axis',(0.866025403784438,-0.500000000000001,0.));
#11884=DIRECTION('ref_axis',(0.500000000000001,0.866025403784438,0.));
#11885=DIRECTION('center_axis',(0.5,0.866025403784439,0.));
#11886=DIRECTION('ref_axis',(-0.866025403784439,0.5,0.));
#11887=DIRECTION('',(0.,0.,1.));
#11888=DIRECTION('',(0.,0.,1.));
#11889=DIRECTION('center_axis',(0.,1.,0.));
#11890=DIRECTION('ref_axis',(-1.,0.,0.));
#11891=DIRECTION('',(0.,0.,1.));
#11892=DIRECTION('center_axis',(-0.499999999999999,0.866025403784439,0.));
#11893=DIRECTION('ref_axis',(-0.866025403784439,-0.499999999999999,0.));
#11894=DIRECTION('',(0.,0.,1.));
#11895=DIRECTION('center_axis',(-0.866025403784439,0.5,0.));
#11896=DIRECTION('ref_axis',(-0.5,-0.866025403784438,0.));
#11897=DIRECTION('',(0.,0.,1.));
#11898=DIRECTION('center_axis',(-1.,8.49219124263876E-16,0.));
#11899=DIRECTION('ref_axis',(-8.49219124263876E-16,-1.,0.));
#11900=DIRECTION('',(0.,0.,1.));
#11901=DIRECTION('center_axis',(-0.866025403784439,-0.5,0.));
#11902=DIRECTION('ref_axis',(0.5,-0.866025403784439,0.));
#11903=DIRECTION('center_axis',(1.,-8.49219124263875E-16,0.));
#11904=DIRECTION('ref_axis',(8.49219124263875E-16,1.,0.));
#11905=DIRECTION('',(0.,0.,1.));
#11906=DIRECTION('center_axis',(0.86602540378444,0.499999999999998,0.));
#11907=DIRECTION('ref_axis',(-0.499999999999998,0.86602540378444,0.));
#11908=DIRECTION('center_axis',(-1.,6.67705756790156E-16,0.));
#11909=DIRECTION('ref_axis',(6.67705756790156E-16,1.,0.));
#11910=DIRECTION('',(0.,0.,-1.));
#11911=DIRECTION('center_axis',(-0.866025403784439,0.499999999999999,0.));
#11912=DIRECTION('ref_axis',(0.499999999999999,0.866025403784439,0.));
#11913=DIRECTION('',(0.,0.,-1.));
#11914=DIRECTION('center_axis',(-0.5,0.866025403784439,0.));
#11915=DIRECTION('ref_axis',(0.866025403784439,0.499999999999999,0.));
#11916=DIRECTION('',(0.,0.,-1.));
#11917=DIRECTION('center_axis',(0.866025403784444,0.49999999999999,0.));
#11918=DIRECTION('ref_axis',(0.49999999999999,-0.866025403784444,0.));
#11919=DIRECTION('',(0.,0.,-1.));
#11920=DIRECTION('center_axis',(-1.21941730492199E-14,1.,0.));
#11921=DIRECTION('ref_axis',(1.,1.21941730492199E-14,0.));
#11922=DIRECTION('',(0.,0.,-1.));
#11923=DIRECTION('center_axis',(-0.866025403784455,0.499999999999971,0.));
#11924=DIRECTION('ref_axis',(0.499999999999971,0.866025403784455,0.));
#11925=DIRECTION('center_axis',(-0.499999999999999,0.866025403784439,0.));
#11926=DIRECTION('ref_axis',(0.866025403784439,0.499999999999999,0.));
#11927=DIRECTION('',(0.,0.,-1.));
#11928=DIRECTION('center_axis',(-0.866025403784438,0.500000000000002,0.));
#11929=DIRECTION('ref_axis',(0.500000000000002,0.866025403784437,0.));
#11930=DIRECTION('',(0.,0.,-1.));
#11931=DIRECTION('center_axis',(0.500000000000001,0.866025403784438,0.));
#11932=DIRECTION('ref_axis',(0.866025403784438,-0.500000000000001,0.));
#11933=DIRECTION('center_axis',(0.500000000000001,0.866025403784438,0.));
#11934=DIRECTION('ref_axis',(0.866025403784438,-0.500000000000001,0.));
#11935=DIRECTION('center_axis',(-0.866025403784438,-0.500000000000001,0.));
#11936=DIRECTION('ref_axis',(-0.500000000000001,0.866025403784438,0.));
#11937=DIRECTION('',(0.,0.,1.));
#11938=DIRECTION('',(1.,0.,0.));
#11939=DIRECTION('',(0.,0.,1.));
#11940=DIRECTION('',(1.,0.,0.));
#11941=DIRECTION('',(0.,0.,1.));
#11942=DIRECTION('',(1.,0.,0.));
#11943=CARTESIAN_POINT('',(0.,0.,0.));
#11944=CARTESIAN_POINT('',(0.,0.,0.));
#11945=CARTESIAN_POINT('Origin',(-31.2805911542945,-32.8118863063045,1.71));
#11946=CARTESIAN_POINT('',(-40.3402506533146,-27.3503493481031,1.51));
#11947=CARTESIAN_POINT('',(-3.51597201117914,-48.6108565348538,1.51));
#11948=CARTESIAN_POINT('',(-31.1805911542945,-32.6386812255477,1.51));
#11949=CARTESIAN_POINT('',(-3.6231516881516,-49.0108565348538,1.91));
#11950=CARTESIAN_POINT('',(-3.51597201117914,-48.6108565348538,1.51));
#11951=CARTESIAN_POINT('',(-40.6330709763422,-27.6431696711306,1.91));
#11952=CARTESIAN_POINT('',(-31.3805911542945,-32.9850913870614,1.91));
#11953=CARTESIAN_POINT('',(-40.3402506533146,-27.3503493481031,1.51));
#11954=CARTESIAN_POINT('Origin',(-1.8115758440758,-48.8108565348538,1.71));
#11955=CARTESIAN_POINT('',(3.51597201117913,-48.6108565348538,1.51));
#11956=CARTESIAN_POINT('',(-1.8115758440758,-48.6108565348538,1.51));
#11957=CARTESIAN_POINT('',(3.62315168815158,-49.0108565348538,1.91));
#11958=CARTESIAN_POINT('',(3.51597201117913,-48.6108565348538,1.51));
#11959=CARTESIAN_POINT('',(-1.8115758440758,-49.0108565348538,1.91));
#11960=CARTESIAN_POINT('Origin',(12.7756315101992,-43.4957297381661,1.71));
#11961=CARTESIAN_POINT('',(40.3402506533146,-27.3503493481031,1.51));
#11962=CARTESIAN_POINT('',(12.6756315101992,-43.3225246574093,1.51));
#11963=CARTESIAN_POINT('',(40.6330709763422,-27.6431696711307,1.91));
#11964=CARTESIAN_POINT('',(40.3402506533146,-27.3503493481031,1.51));
#11965=CARTESIAN_POINT('',(12.8756315101992,-43.668934818923,1.91));
#11966=CARTESIAN_POINT('Origin',(41.3656538176232,-25.9742989692788,1.71));
#11967=CARTESIAN_POINT('',(43.8562226644937,-21.2605071867507,1.51));
#11968=CARTESIAN_POINT('',(41.1924487368663,-25.8742989692788,1.51));
#11969=CARTESIAN_POINT('',(44.2562226644937,-21.3676868637232,1.91));
#11970=CARTESIAN_POINT('',(43.8562226644937,-21.2605071867507,1.51));
#11971=CARTESIAN_POINT('',(41.5388588983801,-26.0742989692788,1.91));
#11972=CARTESIAN_POINT('Origin',(43.177229661699,22.836557565575,1.71));
#11973=CARTESIAN_POINT('',(40.6330709763422,27.6431696711306,1.91));
#11974=CARTESIAN_POINT('',(44.2562226644938,21.3676868637232,1.91));
#11975=CARTESIAN_POINT('',(43.3504347424559,22.936557565575,1.91));
#11976=CARTESIAN_POINT('',(43.8562226644938,21.2605071867507,1.51));
#11977=CARTESIAN_POINT('',(44.2562226644938,21.3676868637232,1.91));
#11978=CARTESIAN_POINT('',(40.3402506533147,27.3503493481031,1.51));
#11979=CARTESIAN_POINT('',(43.0040245809421,22.736557565575,1.51));
#11980=CARTESIAN_POINT('',(40.3402506533147,27.3503493481031,1.51));
#11981=CARTESIAN_POINT('Origin',(44.0562226644938,-10.6838434318616,1.71));
#11982=CARTESIAN_POINT('',(43.8562226644937,-10.6838434318616,1.51));
#11983=CARTESIAN_POINT('',(44.2562226644937,-10.6838434318616,1.91));
#11984=CARTESIAN_POINT('Origin',(31.2805911542946,32.8118863063045,1.71));
#11985=CARTESIAN_POINT('',(3.62315168815162,49.0108565348538,1.91));
#11986=CARTESIAN_POINT('',(31.3805911542946,32.9850913870614,1.91));
#11987=CARTESIAN_POINT('',(3.51597201117917,48.6108565348538,1.51));
#11988=CARTESIAN_POINT('',(31.1805911542946,32.6386812255476,1.51));
#11989=CARTESIAN_POINT('',(3.51597201117917,48.6108565348538,1.51));
#11990=CARTESIAN_POINT('Origin',(1.81157584407581,48.8108565348538,1.71));
#11991=CARTESIAN_POINT('',(-3.62315168815154,49.0108565348538,1.91));
#11992=CARTESIAN_POINT('',(1.81157584407581,49.0108565348538,1.91));
#11993=CARTESIAN_POINT('',(-3.51597201117909,48.6108565348538,1.51));
#11994=CARTESIAN_POINT('',(1.81157584407581,48.6108565348538,1.51));
#11995=CARTESIAN_POINT('',(-3.51597201117909,48.6108565348538,1.51));
#11996=CARTESIAN_POINT('Origin',(-12.7756315101992,43.4957297381661,1.71));
#11997=CARTESIAN_POINT('',(-40.6330709763421,27.6431696711307,1.91));
#11998=CARTESIAN_POINT('',(-12.8756315101992,43.668934818923,1.91));
#11999=CARTESIAN_POINT('',(-40.3402506533146,27.3503493481031,1.51));
#12000=CARTESIAN_POINT('',(-12.6756315101992,43.3225246574093,1.51));
#12001=CARTESIAN_POINT('',(-40.3402506533146,27.3503493481031,1.51));
#12002=CARTESIAN_POINT('Origin',(-41.3656538176231,25.9742989692788,1.71));
#12003=CARTESIAN_POINT('',(-44.2562226644937,21.3676868637232,1.91));
#12004=CARTESIAN_POINT('',(-41.53885889838,26.0742989692788,1.91));
#12005=CARTESIAN_POINT('',(-43.8562226644937,21.2605071867507,1.51));
#12006=CARTESIAN_POINT('',(-41.1924487368663,25.8742989692788,1.51));
#12007=CARTESIAN_POINT('',(-43.8562226644937,21.2605071867507,1.51));
#12008=CARTESIAN_POINT('Origin',(-44.0562226644937,10.6838434318616,1.71));
#12009=CARTESIAN_POINT('',(-44.2562226644938,-21.3676868637231,1.91));
#12010=CARTESIAN_POINT('',(-44.2562226644937,10.6838434318616,1.91));
#12011=CARTESIAN_POINT('',(-43.8562226644938,-21.2605071867507,1.51));
#12012=CARTESIAN_POINT('',(-43.8562226644937,10.6838434318616,1.51));
#12013=CARTESIAN_POINT('',(-43.8562226644938,-21.2605071867507,1.51));
#12014=CARTESIAN_POINT('Origin',(-43.177229661699,-22.836557565575,1.71));
#12015=CARTESIAN_POINT('',(-43.3504347424559,-22.936557565575,1.91));
#12016=CARTESIAN_POINT('',(-43.0040245809421,-22.736557565575,1.51));
#12017=CARTESIAN_POINT('Origin',(-40.6330709763422,-27.6431696711306,1.51));
#12018=CARTESIAN_POINT('',(-3.6231516881516,-49.0108565348538,6.165));
#12019=CARTESIAN_POINT('',(-3.6231516881516,-49.0108565348538,1.51));
#12020=CARTESIAN_POINT('',(-40.6330709763422,-27.6431696711306,6.165));
#12021=CARTESIAN_POINT('',(-31.3805911542945,-32.9850913870614,6.165));
#12022=CARTESIAN_POINT('',(-40.6330709763422,-27.6431696711306,1.51));
#12023=CARTESIAN_POINT('Origin',(-3.6231516881516,-49.0108565348538,1.51));
#12024=CARTESIAN_POINT('',(3.62315168815158,-49.0108565348538,6.165));
#12025=CARTESIAN_POINT('',(3.62315168815158,-49.0108565348538,1.51));
#12026=CARTESIAN_POINT('',(-1.8115758440758,-49.0108565348538,6.165));
#12027=CARTESIAN_POINT('Origin',(3.62315168815158,-49.0108565348538,1.51));
#12028=CARTESIAN_POINT('',(40.6330709763422,-27.6431696711307,6.165));
#12029=CARTESIAN_POINT('',(40.6330709763422,-27.6431696711307,1.51));
#12030=CARTESIAN_POINT('',(12.8756315101992,-43.668934818923,6.165));
#12031=CARTESIAN_POINT('Origin',(40.6330709763422,-27.6431696711307,1.51));
#12032=CARTESIAN_POINT('',(44.2562226644937,-21.3676868637232,6.165));
#12033=CARTESIAN_POINT('',(44.2562226644937,-21.3676868637232,1.51));
#12034=CARTESIAN_POINT('',(41.5388588983801,-26.0742989692788,6.165));
#12035=CARTESIAN_POINT('Origin',(44.2562226644937,-21.3676868637232,1.51));
#12036=CARTESIAN_POINT('',(44.2562226644938,21.3676868637232,6.165));
#12037=CARTESIAN_POINT('',(44.2562226644938,21.3676868637232,1.51));
#12038=CARTESIAN_POINT('',(44.2562226644937,-10.6838434318616,6.165));
#12039=CARTESIAN_POINT('Origin',(44.2562226644938,21.3676868637232,1.51));
#12040=CARTESIAN_POINT('',(40.6330709763422,27.6431696711306,6.165));
#12041=CARTESIAN_POINT('',(40.6330709763422,27.6431696711306,1.51));
#12042=CARTESIAN_POINT('',(43.3504347424559,22.936557565575,6.165));
#12043=CARTESIAN_POINT('Origin',(0.,0.,1.51));
#12044=CARTESIAN_POINT('',(-7.96556256828927,-15.476755377906,1.51));
#12045=CARTESIAN_POINT('',(7.4265606898061,-5.22864180063263,1.51));
#12046=CARTESIAN_POINT('Origin',(-5.93584807271099,-1.84214561345795,1.51));
#12047=CARTESIAN_POINT('',(-20.5606515957518,-37.2920894993244,1.51));
#12048=CARTESIAN_POINT('',(-7.96556256828927,-15.476755377906,1.51));
#12049=CARTESIAN_POINT('',(-10.0708498293553,-43.3483793728992,1.51));
#12050=CARTESIAN_POINT('',(-39.4032256196265,-26.4133243144149,1.51));
#12051=CARTESIAN_POINT('',(-4.14327117165163,-39.9260902392314,1.51));
#12052=CARTESIAN_POINT('',(-10.0708498293553,-43.3483793728992,1.51));
#12053=CARTESIAN_POINT('',(-0.637205,-34.8001194667644,1.51));
#12054=CARTESIAN_POINT('Origin',(-0.007205,-38.993054,1.51));
#12055=CARTESIAN_POINT('',(-0.637205,-28.0873998588989,1.51));
#12056=CARTESIAN_POINT('',(-0.637205,-38.993054,1.51));
#12057=CARTESIAN_POINT('',(0.622795,-28.0873998588989,1.51));
#12058=CARTESIAN_POINT('',(-0.637205,-28.0873998588989,1.51));
#12059=CARTESIAN_POINT('',(0.622795,-34.8001194667644,1.51));
#12060=CARTESIAN_POINT('',(0.622795,-28.0873998588989,1.51));
#12061=CARTESIAN_POINT('',(4.12886117165164,-39.9260902392313,1.51));
#12062=CARTESIAN_POINT('Origin',(-0.007205,-38.993054,1.51));
#12063=CARTESIAN_POINT('',(10.0636448293553,-43.3525391815888,1.51));
#12064=CARTESIAN_POINT('',(4.12886117165164,-39.9260902392313,1.51));
#12065=CARTESIAN_POINT('',(20.9243806224155,-37.0820904478681,1.51));
#12066=CARTESIAN_POINT('',(3.1729970448673,-47.3308565348538,1.51));
#12067=CARTESIAN_POINT('',(12.2569288191647,-22.0696235524833,1.51));
#12068=CARTESIAN_POINT('',(5.23873768135626,-9.91375992456942,1.51));
#12069=CARTESIAN_POINT('',(13.3481208279331,-21.4396235524833,1.51));
#12070=CARTESIAN_POINT('',(12.4387941740805,-21.9646235408665,1.51));
#12071=CARTESIAN_POINT('',(22.0155726311839,-36.4520904478681,1.51));
#12072=CARTESIAN_POINT('',(6.00752118765711,-8.72533201750342,1.51));
#12073=CARTESIAN_POINT('',(32.9161755433768,-30.1586244221842,1.51));
#12074=CARTESIAN_POINT('',(3.1729970448673,-47.3308565348538,1.51));
#12075=CARTESIAN_POINT('',(32.9161755433769,-19.4893506681521,1.51));
#12076=CARTESIAN_POINT('',(32.9161755433769,-19.4893506681521,1.51));
#12077=CARTESIAN_POINT('',(8.56359461797735,-5.42938151541058,1.51));
#12078=CARTESIAN_POINT('',(8.56359461797735,-5.42938151541058,1.51));
#12079=CARTESIAN_POINT('Origin',(9.65006157950398,4.04518156567979,1.51));
#12080=CARTESIAN_POINT('',(-42.5762226644938,-20.9175322204389,1.51));
#12081=CARTESIAN_POINT('',(-42.5762226644937,-14.8818548604442,1.51));
#12082=CARTESIAN_POINT('',(-42.5762226644937,20.9175322204389,1.51));
#12083=CARTESIAN_POINT('',(-39.4032256196265,-26.4133243144149,1.51));
#12084=CARTESIAN_POINT('',(-42.5762226644938,-20.9175322204389,1.51));
#12085=CARTESIAN_POINT('',(-34.1761755433769,-29.4311630830053,1.51));
#12086=CARTESIAN_POINT('',(-39.4032256196265,-26.4133243144149,1.51));
#12087=CARTESIAN_POINT('',(-34.1761755433769,-23.5051270189214,1.51));
#12088=CARTESIAN_POINT('',(-34.1761755433769,-20.7015721070216,1.51));
#12089=CARTESIAN_POINT('',(-37.4441247358092,-17.8448729810778,1.51));
#12090=CARTESIAN_POINT('',(-37.4441247358092,-17.8448729810778,1.51));
#12091=CARTESIAN_POINT('',(-34.5961761255569,-19.4891368778452,1.51));
#12092=CARTESIAN_POINT('',(-42.5762226644937,-0.419999956806577,1.51));
#12093=CARTESIAN_POINT('',(-19.9955833446634,-0.419999956806576,1.51));
#12094=CARTESIAN_POINT('',(-19.9955833446634,-0.419999956806576,1.51));
#12095=CARTESIAN_POINT('',(-42.5762226644937,-13.4269321820863,1.51));
#12096=CARTESIAN_POINT('',(-42.5762226644937,20.9175322204389,1.51));
#12097=CARTESIAN_POINT('',(-33.3361761255569,-18.7616755386662,1.51));
#12098=CARTESIAN_POINT('',(-42.5762226644937,-13.4269321820863,1.51));
#12099=CARTESIAN_POINT('',(-17.3690586500083,-9.54305596597589,1.51));
#12100=CARTESIAN_POINT('',(-17.3690586500083,-9.54305596597589,1.51));
#12101=CARTESIAN_POINT('',(-19.1012720743066,-5.92796685533243,1.51));
#12102=CARTESIAN_POINT('Origin',(-5.93584807271099,-1.84214561345795,1.51));
#12103=CARTESIAN_POINT('Origin',(0.000129850672473471,5.44317300206672E-5,
1.51));
#12104=CARTESIAN_POINT('',(15.2171740281937,6.37865090298077,1.51));
#12105=CARTESIAN_POINT('',(8.2426373560121,-1.82492128702209,1.51));
#12106=CARTESIAN_POINT('Origin',(9.65015897644756,4.0450298708606,1.51));
#12107=CARTESIAN_POINT('',(-15.7586120953693,-4.89079601519169,1.51));
#12108=CARTESIAN_POINT('Origin',(2.39711498434416E-6,-0.000191517524176974,
1.51));
#12109=CARTESIAN_POINT('',(4.03362437429779,-4.36882925198962,1.51));
#12110=CARTESIAN_POINT('Origin',(-5.93600432466315,-1.84240050014497,1.51));
#12111=CARTESIAN_POINT('Origin',(7.4265606898061,-5.22864180063263,1.51));
#12112=CARTESIAN_POINT('',(17.0310695724218,10.4858583624547,1.51));
#12113=CARTESIAN_POINT('',(10.3616461953331,17.1068943187106,1.51));
#12114=CARTESIAN_POINT('Origin',(0.000129850672473471,5.44317300206672E-5,
1.51));
#12115=CARTESIAN_POINT('',(26.979757725817,16.2297361459011,1.51));
#12116=CARTESIAN_POINT('',(17.0310695724218,10.4858583624547,1.51));
#12117=CARTESIAN_POINT('',(34.4952477270752,29.2469466718561,1.51));
#12118=CARTESIAN_POINT('',(26.9797577258171,16.2297361459011,1.51));
#12119=CARTESIAN_POINT('',(21.6518434488172,36.6620895892196,1.51));
#12120=CARTESIAN_POINT('',(39.4032256196265,26.4133243144149,1.51));
#12121=CARTESIAN_POINT('',(10.3616461953331,17.1068943187106,1.51));
#12122=CARTESIAN_POINT('',(11.0198587882723,-5.39258361697336,1.51));
#12123=CARTESIAN_POINT('',(18.076773635006,-0.420048548178526,1.51));
#12124=CARTESIAN_POINT('Origin',(9.65006157950398,4.04518156567979,1.51));
#12125=CARTESIAN_POINT('',(33.7559906866299,-18.519295488821,1.51));
#12126=CARTESIAN_POINT('',(11.0198587882723,-5.39258361697336,1.51));
#12127=CARTESIAN_POINT('',(42.5762226644937,-13.4269321820864,1.51));
#12128=CARTESIAN_POINT('',(33.7559906866299,-18.519295488821,1.51));
#12129=CARTESIAN_POINT('',(42.5762226644937,-0.420048548178526,1.51));
#12130=CARTESIAN_POINT('',(42.5762226644937,-20.9175322204389,1.51));
#12131=CARTESIAN_POINT('',(18.076773635006,-0.420048548178525,1.51));
#12132=CARTESIAN_POINT('',(20.5606514400488,37.2920895892196,1.51));
#12133=CARTESIAN_POINT('',(9.26383294391306,17.7254259900287,1.51));
#12134=CARTESIAN_POINT('',(9.26383294391306,17.7254259900287,1.51));
#12135=CARTESIAN_POINT('',(16.6174481224234,39.56869908612,1.51));
#12136=CARTESIAN_POINT('',(39.4032256196265,26.4133243144149,1.51));
#12137=CARTESIAN_POINT('',(-16.6174481224234,39.56869908612,1.51));
#12138=CARTESIAN_POINT('',(-16.6174481224234,39.56869908612,1.51));
#12139=CARTESIAN_POINT('',(-20.924379995973,37.0820908095448,1.51));
#12140=CARTESIAN_POINT('',(-3.17299704486726,47.3308565348538,1.51));
#12141=CARTESIAN_POINT('',(-9.63411839811705,17.5267840913144,1.51));
#12142=CARTESIAN_POINT('',(-9.63411839811705,17.5267840913144,1.51));
#12143=CARTESIAN_POINT('Origin',(0.000129850672473471,5.44317300206672E-5,
1.51));
#12144=CARTESIAN_POINT('',(-22.0155720047414,36.4520908095448,1.51));
#12145=CARTESIAN_POINT('',(-10.7186874201087,16.8853127417193,1.51));
#12146=CARTESIAN_POINT('',(-10.7186874201087,16.8853127417193,1.51));
#12147=CARTESIAN_POINT('',(-34.5115906157553,29.2375111006774,1.51));
#12148=CARTESIAN_POINT('',(-3.17299704486726,47.3308565348538,1.51));
#12149=CARTESIAN_POINT('',(-26.8669586551022,15.9966201396614,1.51));
#12150=CARTESIAN_POINT('',(-26.8669586551022,15.9966201396614,1.51));
#12151=CARTESIAN_POINT('',(-17.1067247575765,10.3615464715712,1.51));
#12152=CARTESIAN_POINT('',(-17.1067247575765,10.3615464715712,1.51));
#12153=CARTESIAN_POINT('Origin',(0.000129850672473471,5.44317300206672E-5,
1.51));
#12154=CARTESIAN_POINT('',(-17.7252548778815,9.2637323246733,1.51));
#12155=CARTESIAN_POINT('',(-19.9823495562791,0.840000043193426,1.51));
#12156=CARTESIAN_POINT('Origin',(0.000129850672473471,5.44317300206672E-5,
1.51));
#12157=CARTESIAN_POINT('',(-28.1543964175194,15.285,1.51));
#12158=CARTESIAN_POINT('',(-17.7252548778815,9.2637323246733,1.51));
#12159=CARTESIAN_POINT('',(-42.5762226644937,15.285,1.51));
#12160=CARTESIAN_POINT('',(-28.1543964175194,15.285,1.51));
#12161=CARTESIAN_POINT('',(-42.5762226644937,0.840000043193421,1.51));
#12162=CARTESIAN_POINT('',(-42.5762226644937,20.9175322204389,1.51));
#12163=CARTESIAN_POINT('',(-19.9823495562791,0.840000043193426,1.51));
#12164=CARTESIAN_POINT('',(33.7677860813434,16.526946,1.51));
#12165=CARTESIAN_POINT('',(31.1870302969815,20.9969460004488,1.51));
#12166=CARTESIAN_POINT('Origin',(33.767786,19.506946,1.51));
#12167=CARTESIAN_POINT('',(42.5762226644938,16.526946,1.51));
#12168=CARTESIAN_POINT('',(30.0145402936266,16.526946,1.51));
#12169=CARTESIAN_POINT('',(42.5762226644938,20.9175322204389,1.51));
#12170=CARTESIAN_POINT('',(42.5762226644937,-20.9175322204389,1.51));
#12171=CARTESIAN_POINT('',(39.4032256196265,26.4133243144149,1.51));
#12172=CARTESIAN_POINT('',(42.5762226644938,20.9175322204389,1.51));
#12173=CARTESIAN_POINT('',(35.5864397358436,28.6169466718561,1.51));
#12174=CARTESIAN_POINT('',(39.4032256196265,26.4133243144149,1.51));
#12175=CARTESIAN_POINT('',(29.1621417433538,17.4897361459011,1.51));
#12176=CARTESIAN_POINT('',(-31.2192442968725,21.01500000026,1.51));
#12177=CARTESIAN_POINT('',(-33.8,16.545,1.51));
#12178=CARTESIAN_POINT('Origin',(-33.8,19.525,1.51));
#12179=CARTESIAN_POINT('',(-35.6027826245237,28.6075111006774,1.51));
#12180=CARTESIAN_POINT('',(-29.049342672639,17.2566201396614,1.51));
#12181=CARTESIAN_POINT('',(-39.4032256196264,26.413324314415,1.51));
#12182=CARTESIAN_POINT('',(-3.17299704486726,47.3308565348538,1.51));
#12183=CARTESIAN_POINT('',(-42.5762226644937,20.9175322204389,1.51));
#12184=CARTESIAN_POINT('',(-39.4032256196264,26.413324314415,1.51));
#12185=CARTESIAN_POINT('',(-42.5762226644937,16.545,1.51));
#12186=CARTESIAN_POINT('',(-42.5762226644937,20.9175322204389,1.51));
#12187=CARTESIAN_POINT('',(-30.3367804350562,16.545,1.51));
#12188=CARTESIAN_POINT('',(42.5762226644938,0.839951451821474,1.51));
#12189=CARTESIAN_POINT('',(18.6319464570375,0.839951451821475,1.51));
#12190=CARTESIAN_POINT('',(18.6319464570375,0.839951451821475,1.51));
#12191=CARTESIAN_POINT('',(42.5762226644938,15.266946,1.51));
#12192=CARTESIAN_POINT('',(42.5762226644937,-20.9175322204389,1.51));
#12193=CARTESIAN_POINT('',(27.8321562760898,15.266946,1.51));
#12194=CARTESIAN_POINT('',(27.8321562760898,15.266946,1.51));
#12195=CARTESIAN_POINT('',(17.6575488832272,9.39263368283207,1.51));
#12196=CARTESIAN_POINT('',(17.6575488832272,9.39263368283207,1.51));
#12197=CARTESIAN_POINT('',(18.4452356450462,7.73200529252954,1.51));
#12198=CARTESIAN_POINT('Origin',(0.000129850672473471,5.44317300206672E-5,
1.51));
#12199=CARTESIAN_POINT('Origin',(9.65006157950398,4.04518156567979,1.51));
#12200=CARTESIAN_POINT('',(-16.6128144171106,-10.5613608328971,1.51));
#12201=CARTESIAN_POINT('',(-9.27080951418982,-15.2175094046298,1.51));
#12202=CARTESIAN_POINT('Origin',(-5.93584807271099,-1.84214561345795,1.51));
#12203=CARTESIAN_POINT('',(-32.9161755433769,-19.9741107678426,1.51));
#12204=CARTESIAN_POINT('',(-16.6128144171106,-10.5613608328971,1.51));
#12205=CARTESIAN_POINT('',(-32.9161755433769,-30.1586244221842,1.51));
#12206=CARTESIAN_POINT('',(-32.9161755433769,-30.1586244221842,1.51));
#12207=CARTESIAN_POINT('',(-21.6518436045202,-36.6620894993244,1.51));
#12208=CARTESIAN_POINT('',(-39.4032256196265,-26.4133243144149,1.51));
#12209=CARTESIAN_POINT('',(-9.27080951418982,-15.2175094046298,1.51));
#12210=CARTESIAN_POINT('',(39.4032256196265,-26.4133243144149,1.51));
#12211=CARTESIAN_POINT('',(34.1761755433768,-29.4311630830053,1.51));
#12212=CARTESIAN_POINT('',(3.1729970448673,-47.3308565348538,1.51));
#12213=CARTESIAN_POINT('',(42.5762226644937,-20.9175322204389,1.51));
#12214=CARTESIAN_POINT('',(39.4032256196265,-26.4133243144149,1.51));
#12215=CARTESIAN_POINT('',(42.5762226644937,-14.8818548604442,1.51));
#12216=CARTESIAN_POINT('',(42.5762226644937,-20.9175322204389,1.51));
#12217=CARTESIAN_POINT('',(37.4441247358092,-17.8448729810777,1.51));
#12218=CARTESIAN_POINT('',(35.0159906866299,-19.2467568279999,1.51));
#12219=CARTESIAN_POINT('',(34.1761755433769,-23.5051270189214,1.51));
#12220=CARTESIAN_POINT('',(34.1761755433769,-23.5051270189214,1.51));
#12221=CARTESIAN_POINT('',(34.1761755433768,-29.4311630830053,1.51));
#12222=CARTESIAN_POINT('',(14.4350641048867,40.82869908612,1.51));
#12223=CARTESIAN_POINT('',(-14.4350641048866,40.82869908612,1.51));
#12224=CARTESIAN_POINT('',(-14.4350641048866,40.82869908612,1.51));
#12225=CARTESIAN_POINT('',(3.17299704486733,47.3308565348538,1.51));
#12226=CARTESIAN_POINT('',(39.4032256196265,26.4133243144149,1.51));
#12227=CARTESIAN_POINT('',(-3.17299704486726,47.3308565348538,1.51));
#12228=CARTESIAN_POINT('',(3.17299704486733,47.3308565348538,1.51));
#12229=CARTESIAN_POINT('',(-3.17299704486726,47.3308565348538,1.51));
#12230=CARTESIAN_POINT('',(-2.58796070327763,-40.483054,1.51));
#12231=CARTESIAN_POINT('',(2.57355070327763,-40.483054,1.51));
#12232=CARTESIAN_POINT('Origin',(-0.007205,-38.993054,1.51));
#12233=CARTESIAN_POINT('',(-8.81084982935535,-44.0758407120782,1.51));
#12234=CARTESIAN_POINT('',(-0.007205,-38.993054,1.51));
#12235=CARTESIAN_POINT('',(-3.17299704486732,-47.3308565348538,1.51));
#12236=CARTESIAN_POINT('',(-39.4032256196265,-26.4133243144149,1.51));
#12237=CARTESIAN_POINT('',(3.1729970448673,-47.3308565348538,1.51));
#12238=CARTESIAN_POINT('',(-3.17299704486732,-47.3308565348538,1.51));
#12239=CARTESIAN_POINT('',(8.80364482935533,-44.0800005207677,1.51));
#12240=CARTESIAN_POINT('',(3.1729970448673,-47.3308565348538,1.51));
#12241=CARTESIAN_POINT('',(-0.007205,-38.993054,1.51));
#12242=CARTESIAN_POINT('Origin',(-31.1305911542945,-32.5520786851692,6.665));
#12243=CARTESIAN_POINT('',(-3.35520249572049,-48.0108565348538,7.165));
#12244=CARTESIAN_POINT('',(-39.9010201687733,-26.9111188635618,7.165));
#12245=CARTESIAN_POINT('',(-30.8805911542945,-32.119065983277,7.165));
#12246=CARTESIAN_POINT('',(-39.9010201687733,-26.9111188635618,7.165));
#12247=CARTESIAN_POINT('',(-3.35520249572049,-48.0108565348538,7.165));
#12248=CARTESIAN_POINT('Origin',(-42.9174220405637,-22.686557565575,6.665));
#12249=CARTESIAN_POINT('',(-43.2562226644938,-21.099737671292,7.165));
#12250=CARTESIAN_POINT('',(-42.4844093386715,-22.436557565575,7.165));
#12251=CARTESIAN_POINT('',(-44.2562226644938,-21.3676868637231,6.165));
#12252=CARTESIAN_POINT('',(-43.2562226644938,-21.099737671292,7.165));
#12253=CARTESIAN_POINT('',(-43.3504347424559,-22.936557565575,6.165));
#12254=CARTESIAN_POINT('Origin',(-43.7562226644937,10.6838434318616,6.665));
#12255=CARTESIAN_POINT('',(-43.2562226644937,21.0997376712921,7.165));
#12256=CARTESIAN_POINT('',(-43.2562226644937,10.6838434318616,7.165));
#12257=CARTESIAN_POINT('',(-44.2562226644937,21.3676868637232,6.165));
#12258=CARTESIAN_POINT('',(-43.2562226644937,21.0997376712921,7.165));
#12259=CARTESIAN_POINT('',(-44.2562226644937,10.6838434318616,6.165));
#12260=CARTESIAN_POINT('Origin',(-41.1058461964878,25.8242989692788,6.665));
#12261=CARTESIAN_POINT('',(-39.9010201687733,26.9111188635618,7.165));
#12262=CARTESIAN_POINT('',(-40.6728334945956,25.5742989692788,7.165));
#12263=CARTESIAN_POINT('',(-40.6330709763421,27.6431696711307,6.165));
#12264=CARTESIAN_POINT('',(-39.9010201687733,26.9111188635618,7.165));
#12265=CARTESIAN_POINT('',(-41.53885889838,26.0742989692788,6.165));
#12266=CARTESIAN_POINT('Origin',(-12.6256315101992,43.2359221170308,6.665));
#12267=CARTESIAN_POINT('',(-3.35520249572042,48.0108565348538,7.165));
#12268=CARTESIAN_POINT('',(-12.3756315101992,42.8029094151386,7.165));
#12269=CARTESIAN_POINT('',(-3.62315168815154,49.0108565348538,6.165));
#12270=CARTESIAN_POINT('',(-3.35520249572042,48.0108565348538,7.165));
#12271=CARTESIAN_POINT('',(-12.8756315101992,43.668934818923,6.165));
#12272=CARTESIAN_POINT('Origin',(1.81157584407581,48.5108565348538,6.665));
#12273=CARTESIAN_POINT('',(3.35520249572049,48.0108565348538,7.165));
#12274=CARTESIAN_POINT('',(1.81157584407581,48.0108565348538,7.165));
#12275=CARTESIAN_POINT('',(3.62315168815162,49.0108565348538,6.165));
#12276=CARTESIAN_POINT('',(3.35520249572049,48.0108565348538,7.165));
#12277=CARTESIAN_POINT('',(1.81157584407581,49.0108565348538,6.165));
#12278=CARTESIAN_POINT('Origin',(31.1305911542946,32.5520786851692,6.665));
#12279=CARTESIAN_POINT('',(39.9010201687733,26.9111188635617,7.165));
#12280=CARTESIAN_POINT('',(30.8805911542946,32.119065983277,7.165));
#12281=CARTESIAN_POINT('',(39.9010201687733,26.9111188635617,7.165));
#12282=CARTESIAN_POINT('',(31.3805911542946,32.9850913870614,6.165));
#12283=CARTESIAN_POINT('Origin',(42.9174220405637,22.686557565575,6.665));
#12284=CARTESIAN_POINT('',(43.2562226644938,21.099737671292,7.165));
#12285=CARTESIAN_POINT('',(42.4844093386714,22.436557565575,7.165));
#12286=CARTESIAN_POINT('',(43.2562226644938,21.099737671292,7.165));
#12287=CARTESIAN_POINT('Origin',(43.7562226644938,-10.6838434318616,6.665));
#12288=CARTESIAN_POINT('',(43.2562226644938,-21.0997376712921,7.165));
#12289=CARTESIAN_POINT('',(43.2562226644938,-10.6838434318616,7.165));
#12290=CARTESIAN_POINT('',(43.2562226644938,-21.0997376712921,7.165));
#12291=CARTESIAN_POINT('Origin',(41.1058461964879,-25.8242989692788,6.665));
#12292=CARTESIAN_POINT('',(39.9010201687733,-26.9111188635618,7.165));
#12293=CARTESIAN_POINT('',(40.6728334945957,-25.5742989692788,7.165));
#12294=CARTESIAN_POINT('',(39.9010201687733,-26.9111188635618,7.165));
#12295=CARTESIAN_POINT('Origin',(12.6256315101992,-43.2359221170308,6.665));
#12296=CARTESIAN_POINT('',(3.35520249572046,-48.0108565348538,7.165));
#12297=CARTESIAN_POINT('',(12.3756315101992,-42.8029094151386,7.165));
#12298=CARTESIAN_POINT('',(3.35520249572046,-48.0108565348538,7.165));
#12299=CARTESIAN_POINT('Origin',(-1.8115758440758,-48.5108565348538,6.665));
#12300=CARTESIAN_POINT('',(-1.8115758440758,-48.0108565348538,7.165));
#12301=CARTESIAN_POINT('Origin',(4.44089209850063E-15,4.44089209850063E-15,
7.165));
#12302=CARTESIAN_POINT('',(-3.17299704486732,-47.3308565348538,7.165));
#12303=CARTESIAN_POINT('',(-39.4032256196265,-26.4133243144149,7.165));
#12304=CARTESIAN_POINT('',(-12.2305541885571,-42.1014734797441,7.165));
#12305=CARTESIAN_POINT('',(-42.5762226644938,-20.9175322204389,7.165));
#12306=CARTESIAN_POINT('',(-40.1964748808433,-25.0393762909209,7.165));
#12307=CARTESIAN_POINT('',(-42.5762226644937,20.9175322204389,7.165));
#12308=CARTESIAN_POINT('',(-42.5762226644938,-10.4587661102194,7.165));
#12309=CARTESIAN_POINT('',(-39.4032256196264,26.413324314415,7.165));
#12310=CARTESIAN_POINT('',(-41.7829734032769,22.2914802439329,7.165));
#12311=CARTESIAN_POINT('',(-3.17299704486726,47.3308565348538,7.165));
#12312=CARTESIAN_POINT('',(-30.3456684759366,31.6427073695247,7.165));
#12313=CARTESIAN_POINT('',(3.17299704486733,47.3308565348538,7.165));
#12314=CARTESIAN_POINT('',(-1.58649852243363,47.3308565348538,7.165));
#12315=CARTESIAN_POINT('',(39.4032256196265,26.4133243144149,7.165));
#12316=CARTESIAN_POINT('',(12.2305541885571,42.1014734797441,7.165));
#12317=CARTESIAN_POINT('',(42.5762226644938,20.9175322204389,7.165));
#12318=CARTESIAN_POINT('',(40.1964748808433,25.0393762909209,7.165));
#12319=CARTESIAN_POINT('',(42.5762226644937,-20.9175322204389,7.165));
#12320=CARTESIAN_POINT('',(42.5762226644938,10.4587661102194,7.165));
#12321=CARTESIAN_POINT('',(39.4032256196265,-26.4133243144149,7.165));
#12322=CARTESIAN_POINT('',(41.7829734032769,-22.2914802439329,7.165));
#12323=CARTESIAN_POINT('',(3.1729970448673,-47.3308565348538,7.165));
#12324=CARTESIAN_POINT('',(30.3456684759367,-31.6427073695247,7.165));
#12325=CARTESIAN_POINT('',(1.58649852243365,-47.3308565348538,7.165));
#12326=CARTESIAN_POINT('Origin',(12.2569288191647,-22.0696235524833,1.51));
#12327=CARTESIAN_POINT('',(12.2569288191647,-22.0696235524833,2.51));
#12328=CARTESIAN_POINT('',(12.2569288191647,-22.0696235524833,1.51));
#12329=CARTESIAN_POINT('',(13.3481208279331,-21.4396235524833,2.51));
#12330=CARTESIAN_POINT('',(12.2569288191647,-22.0696235524833,2.51));
#12331=CARTESIAN_POINT('',(13.3481208279331,-21.4396235524833,1.51));
#12332=CARTESIAN_POINT('Origin',(9.2934292546447,-15.3974777849934,2.51));
#12333=CARTESIAN_POINT('',(5.23873768135626,-9.91375992456942,2.51));
#12334=CARTESIAN_POINT('',(6.93283387159572,-12.848020598973,2.51));
#12335=CARTESIAN_POINT('',(6.00752118765711,-8.72533201750342,2.51));
#12336=CARTESIAN_POINT('Origin',(-5.93584807271099,-1.84214561345795,2.51));
#12337=CARTESIAN_POINT('',(15.8668473508937,-25.8021858606224,2.51));
#12338=CARTESIAN_POINT('Origin',(5.23873768135626,-9.91375992456942,1.51));
#12339=CARTESIAN_POINT('',(20.9243806224155,-37.0820904478681,5.565));
#12340=CARTESIAN_POINT('',(20.9243806224155,-37.0820904478681,1.51));
#12341=CARTESIAN_POINT('',(13.1569288191647,-23.6284692792953,5.565));
#12342=CARTESIAN_POINT('',(5.94659905466667,-11.1398117878585,5.565));
#12343=CARTESIAN_POINT('',(12.2569288191647,-22.0696235524833,3.765));
#12344=CARTESIAN_POINT('',(10.4455060347126,-18.9321472558244,0.142154431095757));
#12345=CARTESIAN_POINT('',(5.23873768135626,-9.91375992456942,3.765));
#12346=CARTESIAN_POINT('',(5.23873768135626,-9.91375992456942,3.765));
#12347=CARTESIAN_POINT('',(5.23873768135626,-9.91375992456942,1.51));
#12348=CARTESIAN_POINT('Origin',(4.44089209850063E-15,4.44089209850063E-15,
5.565));
#12349=CARTESIAN_POINT('',(-21.6518436045202,-36.6620894993244,5.565));
#12350=CARTESIAN_POINT('',(-20.5606515957518,-37.2920894993244,5.565));
#12351=CARTESIAN_POINT('',(-12.2305541885571,-42.1014734797441,5.565));
#12352=CARTESIAN_POINT('',(-10.7444582866885,-20.2899439511091,5.565));
#12353=CARTESIAN_POINT('',(-9.91659592962839,-18.8560442870072,5.565));
#12354=CARTESIAN_POINT('',(-11.8392039701628,-19.6660990962533,5.565));
#12355=CARTESIAN_POINT('Ctrl Pts',(-11.8392039701659,-19.6660990962515,
5.565));
#12356=CARTESIAN_POINT('Ctrl Pts',(-11.6565182097349,-19.7769954942216,
5.565));
#12357=CARTESIAN_POINT('Ctrl Pts',(-11.4722827227608,-19.8853199378103,
5.565));
#12358=CARTESIAN_POINT('Ctrl Pts',(-11.1072132931469,-20.0931222992915,
5.565));
#12359=CARTESIAN_POINT('Ctrl Pts',(-10.9264987312829,-20.1927659912021,
5.565));
#12360=CARTESIAN_POINT('Ctrl Pts',(-10.7444582866832,-20.2899439511121,
5.565));
#12361=CARTESIAN_POINT('',(-5.65135011904116,-8.94842183629981,5.565));
#12362=CARTESIAN_POINT('Origin',(4.44089209850063E-15,4.44089209850063E-15,
5.565));
#12363=CARTESIAN_POINT('',(8.80364482935533,-44.0800005207677,5.565));
#12364=CARTESIAN_POINT('',(10.0636448293553,-43.3525391815888,5.565));
#12365=CARTESIAN_POINT('',(30.3456684759367,-31.6427073695247,5.565));
#12366=CARTESIAN_POINT('',(4.12886117165164,-39.9260902392313,5.565));
#12367=CARTESIAN_POINT('',(-3.09632204410695,-35.7546287646687,5.565));
#12368=CARTESIAN_POINT('',(0.622795,-34.8001194667644,5.565));
#12369=CARTESIAN_POINT('Origin',(-0.007205,-38.993054,5.565));
#12370=CARTESIAN_POINT('',(0.622795,-29.8873998588989,5.565));
#12371=CARTESIAN_POINT('',(0.622795,-17.4000597333822,5.565));
#12372=CARTESIAN_POINT('',(-0.637205,-29.8873998588989,5.565));
#12373=CARTESIAN_POINT('',(0.311397500000002,-29.8873998588989,5.565));
#12374=CARTESIAN_POINT('',(-0.637205,-34.8001194667644,5.565));
#12375=CARTESIAN_POINT('',(-0.637205,-14.0436999294495,5.565));
#12376=CARTESIAN_POINT('',(-4.14327117165163,-39.9260902392314,5.565));
#12377=CARTESIAN_POINT('Origin',(-0.007205,-38.993054,5.565));
#12378=CARTESIAN_POINT('',(-10.0708498293553,-43.3483793728992,5.565));
#12379=CARTESIAN_POINT('',(6.05470762295878,-34.038284436973,5.565));
#12380=CARTESIAN_POINT('',(-8.81084982935535,-44.0758407120782,5.565));
#12381=CARTESIAN_POINT('',(-12.2305541885571,-42.1014734797441,5.565));
#12382=CARTESIAN_POINT('',(-2.58796070327763,-40.483054,5.565));
#12383=CARTESIAN_POINT('',(4.03591829410693,-36.6587556777805,5.565));
#12384=CARTESIAN_POINT('',(2.57355070327763,-40.483054,5.565));
#12385=CARTESIAN_POINT('Origin',(-0.007205,-38.993054,5.565));
#12386=CARTESIAN_POINT('',(-7.15636910714579,-34.8654821782586,5.565));
#12387=CARTESIAN_POINT('Origin',(4.44089209850063E-15,4.44089209850063E-15,
5.565));
#12388=CARTESIAN_POINT('',(-42.5762226644937,-13.4269321820863,5.565));
#12389=CARTESIAN_POINT('',(-42.5762226644937,-14.8818548604442,5.565));
#12390=CARTESIAN_POINT('',(-42.5762226644938,-10.4587661102194,5.565));
#12391=CARTESIAN_POINT('',(-37.4441247358092,-17.8448729810778,5.565));
#12392=CARTESIAN_POINT('',(-29.832155256453,-22.2396456090473,5.565));
#12393=CARTESIAN_POINT('',(-34.1761755433769,-23.5051270189214,5.565));
#12394=CARTESIAN_POINT('',(-36.6271374760605,-19.2599364240983,5.565));
#12395=CARTESIAN_POINT('',(-34.1761755433769,-29.4311630830053,5.565));
#12396=CARTESIAN_POINT('',(-34.1761755433768,-11.7525635094607,5.565));
#12397=CARTESIAN_POINT('',(-32.9161755433769,-30.1586244221842,5.565));
#12398=CARTESIAN_POINT('',(-12.2305541885571,-42.1014734797441,5.565));
#12399=CARTESIAN_POINT('',(-32.9161755433769,-19.9741107678426,5.565));
#12400=CARTESIAN_POINT('',(-32.9161755433769,-15.0793122110921,5.565));
#12401=CARTESIAN_POINT('',(-19.399944825443,-12.1705113244145,5.565));
#12402=CARTESIAN_POINT('',(-16.2480878788715,-10.3507858678642,5.565));
#12403=CARTESIAN_POINT('',(-20.0332286802556,-11.0812152501061,5.565));
#12404=CARTESIAN_POINT('Ctrl Pts',(-20.0332286802576,-11.0812152501022,
5.565));
#12405=CARTESIAN_POINT('Ctrl Pts',(-19.9317821230355,-11.267358516211,5.565));
#12406=CARTESIAN_POINT('Ctrl Pts',(-19.8277456151589,-11.4520794172527,
5.565));
#12407=CARTESIAN_POINT('Ctrl Pts',(-19.6165262555136,-11.8151770427192,
5.565));
#12408=CARTESIAN_POINT('Ctrl Pts',(-19.50944801365,-11.9935894626414,5.565));
#12409=CARTESIAN_POINT('Ctrl Pts',(-19.3999448254401,-12.170511324419,5.565));
#12410=CARTESIAN_POINT('',(-33.3361761255569,-18.7616755386662,5.565));
#12411=CARTESIAN_POINT('',(-9.34193528794891,-4.90859413207254,5.565));
#12412=CARTESIAN_POINT('',(-24.8971319869846,-23.6339599437741,5.565));
#12413=CARTESIAN_POINT('Origin',(4.44089209850063E-15,4.44089209850063E-15,
5.565));
#12414=CARTESIAN_POINT('',(22.0155726311839,-36.4520904478681,5.565));
#12415=CARTESIAN_POINT('',(30.3456684759367,-31.6427073695247,5.565));
#12416=CARTESIAN_POINT('',(14.2481208279331,-22.9984692792953,5.565));
#12417=CARTESIAN_POINT('',(11.3715169650604,-18.0160452355509,5.565));
#12418=CARTESIAN_POINT('',(13.8843901784647,-23.2084692676785,5.565));
#12419=CARTESIAN_POINT('Origin',(4.44089209850063E-15,4.44089209850063E-15,
5.565));
#12420=CARTESIAN_POINT('',(-42.5762226644937,0.840000043193418,5.565));
#12421=CARTESIAN_POINT('',(-42.5762226644937,-0.419999956806576,5.565));
#12422=CARTESIAN_POINT('',(-42.5762226644938,-10.4587661102194,5.565));
#12423=CARTESIAN_POINT('',(-22.8135631946792,-0.419999956806576,5.565));
#12424=CARTESIAN_POINT('',(-21.2881113322469,-0.419999956806576,5.565));
#12425=CARTESIAN_POINT('',(-22.7928984625006,0.840000043193428,5.565));
#12426=CARTESIAN_POINT('Ctrl Pts',(-22.7928984624997,0.8400000432034,5.565));
#12427=CARTESIAN_POINT('Ctrl Pts',(-22.8016719282009,0.64082923657538,5.565));
#12428=CARTESIAN_POINT('Ctrl Pts',(-22.8078342894774,0.44155074861847,5.565));
#12429=CARTESIAN_POINT('Ctrl Pts',(-22.8153141836312,0.021499087489504,
5.565));
#12430=CARTESIAN_POINT('Ctrl Pts',(-22.8160406936256,-0.199262793277382,
5.565));
#12431=CARTESIAN_POINT('Ctrl Pts',(-22.8135631946792,-0.419999956807551,
5.565));
#12432=CARTESIAN_POINT('',(-10.4955015940364,0.840000043193429,5.565));
#12433=CARTESIAN_POINT('Origin',(4.44089209850063E-15,4.44089209850063E-15,
5.565));
#12434=CARTESIAN_POINT('',(42.5762226644937,-14.8818548604442,5.565));
#12435=CARTESIAN_POINT('',(42.5762226644937,-13.4269321820864,5.565));
#12436=CARTESIAN_POINT('',(42.5762226644938,10.4587661102194,5.565));
#12437=CARTESIAN_POINT('',(33.7559906866299,-18.519295488821,5.565));
#12438=CARTESIAN_POINT('',(29.517155256453,-20.9665882654842,5.565));
#12439=CARTESIAN_POINT('',(20.2308371745767,-10.710544467806,5.565));
#12440=CARTESIAN_POINT('',(17.0879490907663,-8.89599718658524,5.565));
#12441=CARTESIAN_POINT('',(19.6176426164062,-11.8114391029385,5.565));
#12442=CARTESIAN_POINT('Ctrl Pts',(19.6176426164056,-11.8114391029394,5.565));
#12443=CARTESIAN_POINT('Ctrl Pts',(19.7300118609125,-11.6221895483006,5.565));
#12444=CARTESIAN_POINT('Ctrl Pts',(19.8396368089252,-11.4313234247425,5.565));
#12445=CARTESIAN_POINT('Ctrl Pts',(20.0435802812851,-11.0640349811913,5.565));
#12446=CARTESIAN_POINT('Ctrl Pts',(20.138373179571,-10.88790100846,5.565));
#12447=CARTESIAN_POINT('Ctrl Pts',(20.2308371745813,-10.7105444677967,5.565));
#12448=CARTESIAN_POINT('',(32.9161755433769,-19.4893506681521,5.565));
#12449=CARTESIAN_POINT('',(8.9242889920784,-5.63762850939301,5.565));
#12450=CARTESIAN_POINT('',(32.9161755433768,-30.1586244221842,5.565));
#12451=CARTESIAN_POINT('',(32.9161755433769,-9.7446753340761,5.565));
#12452=CARTESIAN_POINT('',(34.1761755433768,-29.4311630830053,5.565));
#12453=CARTESIAN_POINT('',(30.3456684759367,-31.6427073695247,5.565));
#12454=CARTESIAN_POINT('',(34.1761755433769,-23.5051270189214,5.565));
#12455=CARTESIAN_POINT('',(34.1761755433769,-14.7155815415027,5.565));
#12456=CARTESIAN_POINT('',(37.4441247358092,-17.8448729810777,5.565));
#12457=CARTESIAN_POINT('',(34.9931628798443,-22.0900634430202,5.565));
#12458=CARTESIAN_POINT('',(27.2661062921107,-23.721154669364,5.565));
#12459=CARTESIAN_POINT('Origin',(4.44089209850063E-15,4.44089209850063E-15,
5.565));
#12460=CARTESIAN_POINT('',(-34.5115906157553,29.2375111006774,5.565));
#12461=CARTESIAN_POINT('',(-35.6027826245237,28.6075111006774,5.565));
#12462=CARTESIAN_POINT('',(-30.3456684759366,31.6427073695247,5.565));
#12463=CARTESIAN_POINT('',(-31.2192442968725,21.01500000026,5.565));
#12464=CARTESIAN_POINT('',(-24.9587269584002,10.1714658883602,5.565));
#12465=CARTESIAN_POINT('',(-33.8,16.545,5.565));
#12466=CARTESIAN_POINT('Origin',(-33.8,19.525,5.565));
#12467=CARTESIAN_POINT('',(-42.5762226644937,16.545,5.565));
#12468=CARTESIAN_POINT('',(-16.9,16.545,5.565));
#12469=CARTESIAN_POINT('',(-42.5762226644937,15.285,5.565));
#12470=CARTESIAN_POINT('',(-42.5762226644938,-10.4587661102194,5.565));
#12471=CARTESIAN_POINT('',(-28.1543964175194,15.285,5.565));
#12472=CARTESIAN_POINT('',(-21.2881113322469,15.285,5.565));
#12473=CARTESIAN_POINT('',(-23.7886582748614,12.7644399081249,5.565));
#12474=CARTESIAN_POINT('',(-14.2871981867384,7.27876936855263,5.565));
#12475=CARTESIAN_POINT('',(-23.1586582748614,13.8556319168933,5.565));
#12476=CARTESIAN_POINT('',(-23.5786582968827,13.1281705395723,5.565));
#12477=CARTESIAN_POINT('',(-26.8669586551022,15.9966201396614,5.565));
#12478=CARTESIAN_POINT('',(-10.6949062520033,6.65968133138349,5.565));
#12479=CARTESIAN_POINT('',(-20.0452189693053,4.18102040785218,5.565));
#12480=CARTESIAN_POINT('Origin',(4.44089209850063E-15,4.44089209850063E-15,
5.565));
#12481=CARTESIAN_POINT('',(42.5762226644937,-0.420048548178524,5.565));
#12482=CARTESIAN_POINT('',(42.5762226644938,0.83995145182147,5.565));
#12483=CARTESIAN_POINT('',(42.5762226644938,10.4587661102194,5.565));
#12484=CARTESIAN_POINT('',(22.7929006028966,0.839951451821477,5.565));
#12485=CARTESIAN_POINT('',(21.2881113322469,0.839951451821475,5.565));
#12486=CARTESIAN_POINT('',(22.81356264925,-0.420048548178525,5.565));
#12487=CARTESIAN_POINT('Ctrl Pts',(22.8135626492499,-0.420048548179505,
5.565));
#12488=CARTESIAN_POINT('Ctrl Pts',(22.8160406026972,-0.199312787094137,
5.565));
#12489=CARTESIAN_POINT('Ctrl Pts',(22.8153145878178,0.0214476978863059,
5.565));
#12490=CARTESIAN_POINT('Ctrl Pts',(22.8078356658366,0.441499361649819,5.565));
#12491=CARTESIAN_POINT('Ctrl Pts',(22.8016737048033,0.640779245308868,5.565));
#12492=CARTESIAN_POINT('Ctrl Pts',(22.7929006028957,0.839951451831453,5.565));
#12493=CARTESIAN_POINT('',(10.5067197592148,-0.420048548178525,5.565));
#12494=CARTESIAN_POINT('Origin',(4.44089209850063E-15,4.44089209850063E-15,
5.565));
#12495=CARTESIAN_POINT('',(-20.924379995973,37.0820908095448,5.565));
#12496=CARTESIAN_POINT('',(-22.0155720047414,36.4520908095448,5.565));
#12497=CARTESIAN_POINT('',(-30.3456684759366,31.6427073695247,5.565));
#12498=CARTESIAN_POINT('',(-17.2671421454327,28.2275690370449,5.565));
#12499=CARTESIAN_POINT('',(-11.371516338618,18.0160455972276,5.565));
#12500=CARTESIAN_POINT('',(-16.1792616300527,28.8633047118425,5.565));
#12501=CARTESIAN_POINT('',(-16.9836701791004,28.3932244001612,5.565));
#12502=CARTESIAN_POINT('',(-7.45775893038562,13.75721891767,5.565));
#12503=CARTESIAN_POINT('Origin',(4.44089209850063E-15,4.44089209850063E-15,
5.565));
#12504=CARTESIAN_POINT('',(35.5864397358436,28.6169466718561,5.565));
#12505=CARTESIAN_POINT('',(34.4952477270752,29.2469466718561,5.565));
#12506=CARTESIAN_POINT('',(12.2305541885571,42.1014734797441,5.565));
#12507=CARTESIAN_POINT('',(26.979757725817,16.2297361459011,5.565));
#12508=CARTESIAN_POINT('',(23.8511920609518,10.8109014595389,5.565));
#12509=CARTESIAN_POINT('',(19.3949533432984,11.8506472939033,5.565));
#12510=CARTESIAN_POINT('',(13.3485076288684,8.35973023303668,5.565));
#12511=CARTESIAN_POINT('',(20.0286906445596,10.7616130170241,5.565));
#12512=CARTESIAN_POINT('Ctrl Pts',(20.0286906445616,10.7616130170204,5.565));
#12513=CARTESIAN_POINT('Ctrl Pts',(19.9270368597141,10.9479522164937,5.565));
#12514=CARTESIAN_POINT('Ctrl Pts',(19.8227870981806,11.1328643070401,5.565));
#12515=CARTESIAN_POINT('Ctrl Pts',(19.6114036578907,11.495867084072,5.565));
#12516=CARTESIAN_POINT('Ctrl Pts',(19.5043875056139,11.6740010435738,5.565));
#12517=CARTESIAN_POINT('Ctrl Pts',(19.3949533432954,11.8506472939079,5.565));
#12518=CARTESIAN_POINT('',(27.8321562760898,15.266946,5.565));
#12519=CARTESIAN_POINT('',(9.40830351319385,4.62992964783204,5.565));
#12520=CARTESIAN_POINT('',(42.5762226644938,15.266946,5.565));
#12521=CARTESIAN_POINT('',(13.9160781380449,15.266946,5.565));
#12522=CARTESIAN_POINT('',(42.5762226644938,16.526946,5.565));
#12523=CARTESIAN_POINT('',(42.5762226644938,10.4587661102194,5.565));
#12524=CARTESIAN_POINT('',(33.7677860813434,16.526946,5.565));
#12525=CARTESIAN_POINT('',(21.2881113322469,16.526946,5.565));
#12526=CARTESIAN_POINT('',(31.1870302969815,20.9969460004488,5.565));
#12527=CARTESIAN_POINT('Origin',(33.767786,19.506946,5.565));
#12528=CARTESIAN_POINT('',(22.7426793502891,6.37090112383526,5.565));
#12529=CARTESIAN_POINT('Origin',(4.44089209850063E-15,4.44089209850063E-15,
5.565));
#12530=CARTESIAN_POINT('',(21.6518434488172,36.6620895892196,5.565));
#12531=CARTESIAN_POINT('',(20.5606514400488,37.2920895892196,5.565));
#12532=CARTESIAN_POINT('',(12.2305541885571,42.1014734797441,5.565));
#12533=CARTESIAN_POINT('',(14.4000000000005,26.6215282873336,5.565));
#12534=CARTESIAN_POINT('',(9.91659577392534,18.8560443769024,5.565));
#12535=CARTESIAN_POINT('',(15.4911920087689,25.9915282873336,5.565));
#12536=CARTESIAN_POINT('',(14.7637299460996,26.411528705041,5.565));
#12537=CARTESIAN_POINT('',(7.47746206266958,12.1113408625534,5.565));
#12538=CARTESIAN_POINT('Origin',(4.44089209850063E-15,4.44089209850063E-15,
5.565));
#12539=CARTESIAN_POINT('',(16.6174481224234,39.56869908612,5.565));
#12540=CARTESIAN_POINT('',(14.4350641048867,40.82869908612,5.565));
#12541=CARTESIAN_POINT('',(12.2305541885571,42.1014734797441,5.565));
#12542=CARTESIAN_POINT('',(-14.4350641048866,40.82869908612,5.565));
#12543=CARTESIAN_POINT('',(7.21753205244333,40.82869908612,5.565));
#12544=CARTESIAN_POINT('',(-16.6174481224234,39.56869908612,5.565));
#12545=CARTESIAN_POINT('',(-30.3456684759366,31.6427073695247,5.565));
#12546=CARTESIAN_POINT('',(-8.30872406121171,39.56869908612,5.565));
#12547=CARTESIAN_POINT('Origin',(0.311397500000002,-28.9873998588989,4.665));
#12548=CARTESIAN_POINT('',(-0.637205,-28.0873998588989,3.765));
#12549=CARTESIAN_POINT('',(-0.637205,-27.9736498588989,3.65125));
#12550=CARTESIAN_POINT('',(0.622795,-28.0873998588989,3.765));
#12551=CARTESIAN_POINT('',(0.622795,-29.6518297608653,5.32942990196636));
#12552=CARTESIAN_POINT('',(0.311397500000002,-28.0873998588989,3.765));
#12553=CARTESIAN_POINT('Origin',(0.622795,-34.8001194667644,1.51));
#12554=CARTESIAN_POINT('',(0.622795,-34.8001194667644,1.51));
#12555=CARTESIAN_POINT('',(0.622795,-28.0873998588989,1.51));
#12556=CARTESIAN_POINT('Ctrl Pts',(22.7889501684551,0.92594571384401,5.565));
#12557=CARTESIAN_POINT('Ctrl Pts',(22.7998457839769,0.698143146054616,5.565));
#12558=CARTESIAN_POINT('Ctrl Pts',(22.8073248356722,0.47019000195568,5.565));
#12559=CARTESIAN_POINT('Ctrl Pts',(22.8154447652732,0.0141363157302633,
5.565));
#12560=CARTESIAN_POINT('Ctrl Pts',(22.8160851868195,-0.213938583950904,
5.565));
#12561=CARTESIAN_POINT('Ctrl Pts',(22.8133058491284,-0.441984628426556,
5.565));
#12562=CARTESIAN_POINT('Ctrl Pts',(22.189635283042,0.897280959836498,4.965));
#12563=CARTESIAN_POINT('Ctrl Pts',(22.2002443422245,0.675469634079711,4.965));
#12564=CARTESIAN_POINT('Ctrl Pts',(22.2075266936951,0.453511692950714,4.965));
#12565=CARTESIAN_POINT('Ctrl Pts',(22.2154330678779,0.00945228998413216,
4.965));
#12566=CARTESIAN_POINT('Ctrl Pts',(22.2160566462351,-0.212624203926532,
4.965));
#12567=CARTESIAN_POINT('Ctrl Pts',(22.2133504055621,-0.434672601677212,
4.965));
#12568=CARTESIAN_POINT('Ctrl Pts',(21.590320397629,0.868616205828987,4.365));
#12569=CARTESIAN_POINT('Ctrl Pts',(21.600642900478,0.652796122045413,4.365));
#12570=CARTESIAN_POINT('Ctrl Pts',(21.6077285517182,0.436833383986558,4.365));
#12571=CARTESIAN_POINT('Ctrl Pts',(21.6154213704843,0.00476826419733815,
4.365));
#12572=CARTESIAN_POINT('Ctrl Pts',(21.6160281056546,-0.211309823842061,
4.365));
#12573=CARTESIAN_POINT('Ctrl Pts',(21.6133949619958,-0.427360574927868,
4.365));
#12574=CARTESIAN_POINT('Ctrl Pts',(20.9910055122159,0.839951451821475,3.765));
#12575=CARTESIAN_POINT('Ctrl Pts',(21.0010414587256,0.630122610070509,3.765));
#12576=CARTESIAN_POINT('Ctrl Pts',(21.0079304097411,0.420155074981593,3.765));
#12577=CARTESIAN_POINT('Ctrl Pts',(21.015409673089,8.42384512069956E-5,
3.765));
#12578=CARTESIAN_POINT('Ctrl Pts',(21.0159995650702,-0.209995443817689,
3.765));
#12579=CARTESIAN_POINT('Ctrl Pts',(21.0134395184295,-0.420048548178525,
3.765));
#12580=CARTESIAN_POINT('',(21.0134395184295,-0.420048548178524,3.765));
#12581=CARTESIAN_POINT('Ctrl Pts',(21.0134395184295,-0.420048548178524,
3.765));
#12582=CARTESIAN_POINT('Ctrl Pts',(21.3133316555566,-0.420048548178524,
4.06486986692019));
#12583=CARTESIAN_POINT('Ctrl Pts',(21.6136194711501,-0.420048548178524,
4.36513633640117));
#12584=CARTESIAN_POINT('Ctrl Pts',(22.2134037777944,-0.420048548178524,
4.96487968620981));
#12585=CARTESIAN_POINT('Ctrl Pts',(22.5136694373033,-0.420048548178526,
5.26512568260036));
#12586=CARTESIAN_POINT('Ctrl Pts',(22.81356264925,-0.420048548178526,5.565));
#12587=CARTESIAN_POINT('',(20.9910055122159,0.839951451821473,3.765));
#12588=CARTESIAN_POINT('Ctrl Pts',(22.7929006028966,0.839951451821475,5.565));
#12589=CARTESIAN_POINT('Ctrl Pts',(22.4927346803483,0.839951451821475,5.26512484696087));
#12590=CARTESIAN_POINT('Ctrl Pts',(22.192189910534,0.839951451821475,4.96488268535235));
#12591=CARTESIAN_POINT('Ctrl Pts',(21.5918162150866,0.839951451821475,4.36513934684984));
#12592=CARTESIAN_POINT('Ctrl Pts',(21.2912158342874,0.839951451821475,4.0648675246202));
#12593=CARTESIAN_POINT('Ctrl Pts',(20.9910055122159,0.839951451821475,3.765));
#12594=CARTESIAN_POINT('Ctrl Pts',(21.0134395184295,-0.420048548178524,
3.765));
#12595=CARTESIAN_POINT('Ctrl Pts',(21.0159995650702,-0.209995443817688,
3.765));
#12596=CARTESIAN_POINT('Ctrl Pts',(21.015409673089,8.42384512067182E-5,
3.765));
#12597=CARTESIAN_POINT('Ctrl Pts',(21.0079304097411,0.420155074981594,3.765));
#12598=CARTESIAN_POINT('Ctrl Pts',(21.0010414587256,0.630122610070507,3.765));
#12599=CARTESIAN_POINT('Ctrl Pts',(20.9910055122159,0.839951451821473,3.765));
#12600=CARTESIAN_POINT('Origin',(18.076773635006,-0.420048548178525,1.51));
#12601=CARTESIAN_POINT('',(18.076773635006,-0.420048548178524,3.765));
#12602=CARTESIAN_POINT('',(18.076773635006,-0.420048548178525,3.765));
#12603=CARTESIAN_POINT('',(18.076773635006,-0.420048548178526,1.51));
#12604=CARTESIAN_POINT('',(42.5762226644937,-0.420048548178526,1.51));
#12605=CARTESIAN_POINT('Origin',(-16.5295795415444,27.6161776236516,4.665));
#12606=CARTESIAN_POINT('',(-15.279249197045,27.3044374504296,3.765));
#12607=CARTESIAN_POINT('',(-13.8104660572936,24.7604304270796,0.827474300807599));
#12608=CARTESIAN_POINT('',(-16.3671297124251,26.668701775632,3.765));
#12609=CARTESIAN_POINT('',(-17.7226067336324,29.0164568448552,6.47591659258499));
#12610=CARTESIAN_POINT('',(-16.0754889039885,26.839130847142,3.765));
#12611=CARTESIAN_POINT('Origin',(-9.63411839811705,17.5267840913144,1.51));
#12612=CARTESIAN_POINT('',(-9.63411839811705,17.5267840913144,3.765));
#12613=CARTESIAN_POINT('',(-9.63411839811705,17.5267840913144,3.765));
#12614=CARTESIAN_POINT('',(-9.63411839811705,17.5267840913144,1.51));
#12615=CARTESIAN_POINT('',(-20.924379995973,37.0820908095448,1.51));
#12616=CARTESIAN_POINT('Origin',(14.3137299460995,25.632105841635,4.665));
#12617=CARTESIAN_POINT('',(14.5911920087689,24.4326825605216,3.765));
#12618=CARTESIAN_POINT('',(13.4769305554099,22.5027251103884,1.53647709328212));
#12619=CARTESIAN_POINT('',(13.5000000000005,25.0626825605216,3.765));
#12620=CARTESIAN_POINT('',(15.2082878600126,28.0215239280156,7.18157572002415));
#12621=CARTESIAN_POINT('',(13.8637299460996,24.852682978229,3.765));
#12622=CARTESIAN_POINT('Origin',(10.3616461953331,17.1068943187106,1.51));
#12623=CARTESIAN_POINT('',(10.3616461953331,17.1068943187106,3.765));
#12624=CARTESIAN_POINT('',(10.3616461953331,17.1068943187106,3.765));
#12625=CARTESIAN_POINT('',(10.3616461953331,17.1068943187106,1.51));
#12626=CARTESIAN_POINT('',(21.6518434488172,36.6620895892196,1.51));
#12627=CARTESIAN_POINT('Ctrl Pts',(-10.6870570628695,-20.3204812097832,
5.565));
#12628=CARTESIAN_POINT('Ctrl Pts',(-10.8885237912833,-20.2136696221798,
5.565));
#12629=CARTESIAN_POINT('Ctrl Pts',(-11.088377908991,-20.1038436497786,5.565));
#12630=CARTESIAN_POINT('Ctrl Pts',(-11.4847260274209,-19.8782370437544,
5.565));
#12631=CARTESIAN_POINT('Ctrl Pts',(-11.6811977617465,-19.7624690899697,
5.565));
#12632=CARTESIAN_POINT('Ctrl Pts',(-11.8759010019324,-19.6437754635703,
5.565));
#12633=CARTESIAN_POINT('Ctrl Pts',(-10.406010584958,-19.7903747325038,4.965));
#12634=CARTESIAN_POINT('Ctrl Pts',(-10.6021791005134,-19.6863720976816,
4.965));
#12635=CARTESIAN_POINT('Ctrl Pts',(-10.7967774079095,-19.5794343542544,
4.965));
#12636=CARTESIAN_POINT('Ctrl Pts',(-11.1827022580703,-19.3597608107793,
4.965));
#12637=CARTESIAN_POINT('Ctrl Pts',(-11.3740071201041,-19.2470373570563,
4.965));
#12638=CARTESIAN_POINT('Ctrl Pts',(-11.5635899898913,-19.1314651750167,
4.965));
#12639=CARTESIAN_POINT('Ctrl Pts',(-10.1249641070465,-19.2602682552244,
4.365));
#12640=CARTESIAN_POINT('Ctrl Pts',(-10.3158344097893,-19.1590745731558,
4.365));
#12641=CARTESIAN_POINT('Ctrl Pts',(-10.5051769067926,-19.0550250587503,
4.365));
#12642=CARTESIAN_POINT('Ctrl Pts',(-10.8806784887525,-18.8412845777854,
4.365));
#12643=CARTESIAN_POINT('Ctrl Pts',(-11.0668164784033,-18.7316056241751,
4.365));
#12644=CARTESIAN_POINT('Ctrl Pts',(-11.2512789778501,-18.6191548864632,
4.365));
#12645=CARTESIAN_POINT('Ctrl Pts',(-9.84391762913508,-18.730161777945,3.765));
#12646=CARTESIAN_POINT('Ctrl Pts',(-10.0294897190193,-18.6317770486576,
3.765));
#12647=CARTESIAN_POINT('Ctrl Pts',(-10.2135764057111,-18.5306157632262,
3.765));
#12648=CARTESIAN_POINT('Ctrl Pts',(-10.5786547194019,-18.3228083448103,
3.765));
#12649=CARTESIAN_POINT('Ctrl Pts',(-10.759625836761,-18.2161738912618,3.765));
#12650=CARTESIAN_POINT('Ctrl Pts',(-10.938967965809,-18.1068445979096,3.765));
#12651=CARTESIAN_POINT('',(-10.938967965809,-18.1068445979096,3.765));
#12652=CARTESIAN_POINT('Ctrl Pts',(-10.938967965809,-18.1068445979096,3.765));
#12653=CARTESIAN_POINT('Ctrl Pts',(-11.0889450439871,-18.3666125172849,
4.06486878466816));
#12654=CARTESIAN_POINT('Ctrl Pts',(-11.2391193785204,-18.6267220946895,
4.36513562496562));
#12655=CARTESIAN_POINT('Ctrl Pts',(-11.5390695721823,-19.146251069852,4.96487900882482));
#12656=CARTESIAN_POINT('Ctrl Pts',(-11.6892301852962,-19.4063368810608,
5.26512485939406));
#12657=CARTESIAN_POINT('Ctrl Pts',(-11.8392039701628,-19.6660990962533,
5.565));
#12658=CARTESIAN_POINT('',(-9.84391762913508,-18.730161777945,3.765));
#12659=CARTESIAN_POINT('Ctrl Pts',(-10.7444582866885,-20.2899439511091,
5.565));
#12660=CARTESIAN_POINT('Ctrl Pts',(-10.5944369746442,-20.0300994164302,
5.2651232964125));
#12661=CARTESIAN_POINT('Ctrl Pts',(-10.4442277340218,-19.7699293799058,
4.96487748775174));
#12662=CARTESIAN_POINT('Ctrl Pts',(-10.1441762043432,-19.2502248856138,
4.36513410368423));
#12663=CARTESIAN_POINT('Ctrl Pts',(-9.99394877428605,-18.9900233440643,
4.06486670719578));
#12664=CARTESIAN_POINT('Ctrl Pts',(-9.84391762913508,-18.730161777945,3.765));
#12665=CARTESIAN_POINT('Ctrl Pts',(-10.9389679658089,-18.1068445979097,
3.765));
#12666=CARTESIAN_POINT('Ctrl Pts',(-10.7596258367609,-18.2161738912618,
3.765));
#12667=CARTESIAN_POINT('Ctrl Pts',(-10.5786547194019,-18.3228083448104,
3.765));
#12668=CARTESIAN_POINT('Ctrl Pts',(-10.2135764057111,-18.5306157632262,
3.765));
#12669=CARTESIAN_POINT('Ctrl Pts',(-10.0294897190193,-18.6317770486576,
3.765));
#12670=CARTESIAN_POINT('Ctrl Pts',(-9.84391762913508,-18.730161777945,3.765));
#12671=CARTESIAN_POINT('Origin',(-9.27080951418982,-15.2175094046298,1.51));
#12672=CARTESIAN_POINT('',(-9.27080951418982,-15.2175094046298,3.765));
#12673=CARTESIAN_POINT('',(-9.27080951418982,-15.2175094046298,3.765));
#12674=CARTESIAN_POINT('',(-9.27080951418982,-15.2175094046298,1.51));
#12675=CARTESIAN_POINT('',(-21.6518436045202,-36.6620894993244,1.51));
#12676=CARTESIAN_POINT('Origin',(13.4343901784647,-22.4290464042725,4.665));
#12677=CARTESIAN_POINT('',(13.3481208279331,-21.4396235524833,3.765));
#12678=CARTESIAN_POINT('',(15.4581087787458,-25.094229886649,7.98497590162536));
#12679=CARTESIAN_POINT('',(12.9843901784646,-21.6496235408665,3.765));
#12680=CARTESIAN_POINT('Ctrl Pts',(-22.8133064920087,-0.44193187476597,
5.565));
#12681=CARTESIAN_POINT('Ctrl Pts',(-22.8160853024455,-0.213885814465341,
5.565));
#12682=CARTESIAN_POINT('Ctrl Pts',(-22.8154443532963,0.0141890931344597,
5.565));
#12683=CARTESIAN_POINT('Ctrl Pts',(-22.8073233681481,0.470242779365001,
5.565));
#12684=CARTESIAN_POINT('Ctrl Pts',(-22.799843788568,0.698195915549671,5.565));
#12685=CARTESIAN_POINT('Ctrl Pts',(-22.7889476452284,0.925998467503628,
5.565));
#12686=CARTESIAN_POINT('Ctrl Pts',(-22.2133510315346,-0.434621235446172,
4.965));
#12687=CARTESIAN_POINT('Ctrl Pts',(-22.2160567588202,-0.212572822286724,
4.965));
#12688=CARTESIAN_POINT('Ctrl Pts',(-22.215432666736,0.00950367933431254,
4.965));
#12689=CARTESIAN_POINT('Ctrl Pts',(-22.2075252647672,0.453563082305936,
4.965));
#12690=CARTESIAN_POINT('Ctrl Pts',(-22.2002423992951,0.675521015728979,
4.965));
#12691=CARTESIAN_POINT('Ctrl Pts',(-22.1896328261765,0.897332326066894,
4.965));
#12692=CARTESIAN_POINT('Ctrl Pts',(-21.6133955710605,-0.427310596126374,
4.365));
#12693=CARTESIAN_POINT('Ctrl Pts',(-21.6160282151986,-0.211259830048081,
4.365));
#12694=CARTESIAN_POINT('Ctrl Pts',(-21.6154209801774,0.0048182654931541,
4.365));
#12695=CARTESIAN_POINT('Ctrl Pts',(-21.6077271613863,0.436883385288031,
4.365));
#12696=CARTESIAN_POINT('Ctrl Pts',(-21.6006410100282,0.65284611584878,4.365));
#12697=CARTESIAN_POINT('Ctrl Pts',(-21.5903180071247,0.86866618463016,4.365));
#12698=CARTESIAN_POINT('Ctrl Pts',(-21.0134401105863,-0.419999956806576,
3.765));
#12699=CARTESIAN_POINT('Ctrl Pts',(-21.0159996715733,-0.209946837869464,
3.765));
#12700=CARTESIAN_POINT('Ctrl Pts',(-21.0154092936172,0.00013285169300698,
3.765));
#12701=CARTESIAN_POINT('Ctrl Pts',(-21.0079290580053,0.420203688228966,
3.765));
#12702=CARTESIAN_POINT('Ctrl Pts',(-21.0010396207553,0.630171216028088,
3.765));
#12703=CARTESIAN_POINT('Ctrl Pts',(-20.9910031880729,0.840000043193427,
3.765));
#12704=CARTESIAN_POINT('',(-20.9910031880729,0.840000043193426,3.765));
#12705=CARTESIAN_POINT('Ctrl Pts',(-20.9910031880729,0.840000043193427,
3.765));
#12706=CARTESIAN_POINT('Ctrl Pts',(-21.2911960286567,0.840000043193426,
4.06485002989193));
#12707=CARTESIAN_POINT('Ctrl Pts',(-21.5917788595555,0.840000043193426,
4.36510428872669));
#12708=CARTESIAN_POINT('Ctrl Pts',(-22.1921526207281,0.840000043193426,
4.96484762880576));
#12709=CARTESIAN_POINT('Ctrl Pts',(-22.4927149993318,0.840000043193427,
5.2651073514955));
#12710=CARTESIAN_POINT('Ctrl Pts',(-22.7928984625006,0.840000043193427,
5.565));
#12711=CARTESIAN_POINT('',(-21.0134401105863,-0.419999956806576,3.765));
#12712=CARTESIAN_POINT('Ctrl Pts',(-22.8135631946792,-0.419999956806576,
5.565));
#12713=CARTESIAN_POINT('Ctrl Pts',(-22.5136710119278,-0.419999956806576,
5.26512670456095));
#12714=CARTESIAN_POINT('Ctrl Pts',(-22.2134063864961,-0.419999956806576,
4.96488173471583));
#12715=CARTESIAN_POINT('Ctrl Pts',(-21.613622095946,-0.419999956806576,
4.36513838544687));
#12716=CARTESIAN_POINT('Ctrl Pts',(-21.3133332619272,-0.419999956806576,
4.06487088950957));
#12717=CARTESIAN_POINT('Ctrl Pts',(-21.0134401105863,-0.419999956806576,
3.765));
#12718=CARTESIAN_POINT('Ctrl Pts',(-20.9910031880729,0.840000043193426,
3.765));
#12719=CARTESIAN_POINT('Ctrl Pts',(-21.0010396207553,0.630171216028088,
3.765));
#12720=CARTESIAN_POINT('Ctrl Pts',(-21.0079290580053,0.420203688228965,
3.765));
#12721=CARTESIAN_POINT('Ctrl Pts',(-21.0154092936172,0.000132851693005927,
3.765));
#12722=CARTESIAN_POINT('Ctrl Pts',(-21.0159996715733,-0.209946837869464,
3.765));
#12723=CARTESIAN_POINT('Ctrl Pts',(-21.0134401105863,-0.419999956806576,
3.765));
#12724=CARTESIAN_POINT('Origin',(-19.9823495562791,0.840000043193426,1.51));
#12725=CARTESIAN_POINT('',(-19.9823495562791,0.840000043193427,3.765));
#12726=CARTESIAN_POINT('',(-19.9823495562791,0.840000043193426,3.765));
#12727=CARTESIAN_POINT('',(-19.9823495562791,0.840000043193426,1.51));
#12728=CARTESIAN_POINT('',(-42.5762226644937,0.840000043193421,1.51));
#12729=CARTESIAN_POINT('Origin',(-22.7992354334767,12.6781705395723,4.665));
#12730=CARTESIAN_POINT('',(-21.5998125480494,12.9556319168933,3.765));
#12731=CARTESIAN_POINT('',(-20.3780302107507,12.2502355555628,2.35420727733892));
#12732=CARTESIAN_POINT('',(-22.2298125480494,11.8644399081249,3.765));
#12733=CARTESIAN_POINT('',(-23.6124481257364,12.6627049310937,5.36153004593753));
#12734=CARTESIAN_POINT('',(-22.0198125700707,12.2281705395723,3.765));
#12735=CARTESIAN_POINT('Origin',(-17.1067247575765,10.3615464715712,1.51));
#12736=CARTESIAN_POINT('',(-17.1067247575765,10.3615464715712,3.765));
#12737=CARTESIAN_POINT('',(-17.1067247575765,10.3615464715712,3.765));
#12738=CARTESIAN_POINT('',(-17.1067247575765,10.3615464715712,1.51));
#12739=CARTESIAN_POINT('',(-26.8669586551022,15.9966201396614,1.51));
#12740=CARTESIAN_POINT('Ctrl Pts',(19.3629251856077,11.9021931911432,5.565));
#12741=CARTESIAN_POINT('Ctrl Pts',(19.4835287864762,11.7086692259251,5.565));
#12742=CARTESIAN_POINT('Ctrl Pts',(19.6012242089416,11.5133479625745,5.565));
#12743=CARTESIAN_POINT('Ctrl Pts',(19.8307192413196,11.1192426629637,5.565));
#12744=CARTESIAN_POINT('Ctrl Pts',(19.94250595756,10.9204807782658,5.565));
#12745=CARTESIAN_POINT('Ctrl Pts',(20.0512942193599,10.7200765911809,5.565));
#12746=CARTESIAN_POINT('Ctrl Pts',(18.8537140535456,11.5848542194047,4.965));
#12747=CARTESIAN_POINT('Ctrl Pts',(18.9711458452291,11.3964198293395,4.965));
#12748=CARTESIAN_POINT('Ctrl Pts',(19.0857459379856,11.2062354155855,4.965));
#12749=CARTESIAN_POINT('Ctrl Pts',(19.3092053604538,10.8224948974132,4.965));
#12750=CARTESIAN_POINT('Ctrl Pts',(19.4180521356478,10.6289603618841,4.965));
#12751=CARTESIAN_POINT('Ctrl Pts',(19.5239793110625,10.4338267222073,4.965));
#12752=CARTESIAN_POINT('Ctrl Pts',(18.3445029214835,11.2675152476662,4.365));
#12753=CARTESIAN_POINT('Ctrl Pts',(18.458762904011,11.0841704327092,4.365));
#12754=CARTESIAN_POINT('Ctrl Pts',(18.5702676670097,10.8991228686319,4.365));
#12755=CARTESIAN_POINT('Ctrl Pts',(18.7876914796075,10.5257471318303,4.365));
#12756=CARTESIAN_POINT('Ctrl Pts',(18.8935983137048,10.3374399455612,4.365));
#12757=CARTESIAN_POINT('Ctrl Pts',(18.9966644027652,10.1475768532337,4.365));
#12758=CARTESIAN_POINT('Ctrl Pts',(17.8352917894214,10.9501762759277,3.765));
#12759=CARTESIAN_POINT('Ctrl Pts',(17.9463799627639,10.7719210361236,3.765));
#12760=CARTESIAN_POINT('Ctrl Pts',(18.0547893960536,10.592010321643,3.765));
#12761=CARTESIAN_POINT('Ctrl Pts',(18.2661775987417,10.2289993662798,3.765));
#12762=CARTESIAN_POINT('Ctrl Pts',(18.3691444917926,10.0459195291794,3.765));
#12763=CARTESIAN_POINT('Ctrl Pts',(18.4693494944679,9.86132698426016,3.765));
#12764=CARTESIAN_POINT('',(17.8352917894214,10.9501762759277,3.765));
#12765=CARTESIAN_POINT('Ctrl Pts',(19.3949533432984,11.8506472939033,5.565));
#12766=CARTESIAN_POINT('Ctrl Pts',(19.1351276726166,11.7006368729928,5.26512370780688));
#12767=CARTESIAN_POINT('Ctrl Pts',(18.874976905328,11.5504387574688,4.96487790863754));
#12768=CARTESIAN_POINT('Ctrl Pts',(18.3553125540452,11.2504104043674,4.3651345497073));
#12769=CARTESIAN_POINT('Ctrl Pts',(18.0951319748643,11.1001950769394,4.06486721173187));
#12770=CARTESIAN_POINT('Ctrl Pts',(17.8352917894214,10.9501762759277,3.765));
#12771=CARTESIAN_POINT('',(18.4693494944679,9.86132698426017,3.765));
#12772=CARTESIAN_POINT('Ctrl Pts',(18.4693494944679,9.86132698426019,3.765));
#12773=CARTESIAN_POINT('Ctrl Pts',(18.3691444917926,10.0459195291795,3.765));
#12774=CARTESIAN_POINT('Ctrl Pts',(18.2661775987417,10.2289993662798,3.765));
#12775=CARTESIAN_POINT('Ctrl Pts',(18.0547893960536,10.592010321643,3.765));
#12776=CARTESIAN_POINT('Ctrl Pts',(17.9463799627639,10.7719210361236,3.765));
#12777=CARTESIAN_POINT('Ctrl Pts',(17.8352917894214,10.9501762759277,3.765));
#12778=CARTESIAN_POINT('Ctrl Pts',(18.4693494944679,9.86132698426016,3.765));
#12779=CARTESIAN_POINT('Ctrl Pts',(18.7291327216049,10.0113129003787,4.06486836238623));
#12780=CARTESIAN_POINT('Ctrl Pts',(18.9892573659593,10.1614959338196,4.36513525386962));
#12781=CARTESIAN_POINT('Ctrl Pts',(19.5088151410911,10.4614627551514,4.96487861143827));
#12782=CARTESIAN_POINT('Ctrl Pts',(19.768914863792,10.6116314000689,5.26512454794514));
#12783=CARTESIAN_POINT('Ctrl Pts',(20.0286906445596,10.7616130170241,5.565));
#12784=CARTESIAN_POINT('Origin',(17.6575488832272,9.39263368283207,1.51));
#12785=CARTESIAN_POINT('',(17.6575488832272,9.39263368283207,3.765));
#12786=CARTESIAN_POINT('',(17.6575488832272,9.39263368283207,3.765));
#12787=CARTESIAN_POINT('',(17.6575488832272,9.39263368283207,1.51));
#12788=CARTESIAN_POINT('',(27.8321562760898,15.266946,1.51));
#12789=CARTESIAN_POINT('Ctrl Pts',(20.2695920811852,-10.6358725682104,5.565));
#12790=CARTESIAN_POINT('Ctrl Pts',(20.1649091498964,-10.8384856177263,5.565));
#12791=CARTESIAN_POINT('Ctrl Pts',(20.0571940086308,-11.0395175760993,5.565));
#12792=CARTESIAN_POINT('Ctrl Pts',(19.8357718938114,-11.4382838762841,5.565));
#12793=CARTESIAN_POINT('Ctrl Pts',(19.7220773637116,-11.6359957985326,5.565));
#12794=CARTESIAN_POINT('Ctrl Pts',(19.6054377478076,-11.8319697580022,5.565));
#12795=CARTESIAN_POINT('Ctrl Pts',(19.7365360246259,-10.3604615289155,4.965));
#12796=CARTESIAN_POINT('Ctrl Pts',(19.6346062156564,-10.5577459302742,4.965));
#12797=CARTESIAN_POINT('Ctrl Pts',(19.5297239394769,-10.7534908288623,4.965));
#12798=CARTESIAN_POINT('Ctrl Pts',(19.3141251304234,-11.1417697479787,4.965));
#12799=CARTESIAN_POINT('Ctrl Pts',(19.2034207136907,-11.3342819386675,4.965));
#12800=CARTESIAN_POINT('Ctrl Pts',(19.0898486616231,-11.5251018805575,4.965));
#12801=CARTESIAN_POINT('Ctrl Pts',(19.2034799680666,-10.0850504896207,4.365));
#12802=CARTESIAN_POINT('Ctrl Pts',(19.1043032813872,-10.2770062428816,4.365));
#12803=CARTESIAN_POINT('Ctrl Pts',(19.0022538703436,-10.4674640815894,4.365));
#12804=CARTESIAN_POINT('Ctrl Pts',(18.7924783670147,-10.8452556197119,4.365));
#12805=CARTESIAN_POINT('Ctrl Pts',(18.6847640636982,-11.0325680787571,4.365));
#12806=CARTESIAN_POINT('Ctrl Pts',(18.5742595754386,-11.2182340031128,4.365));
#12807=CARTESIAN_POINT('Ctrl Pts',(18.6704239115073,-9.80963945032585,3.765));
#12808=CARTESIAN_POINT('Ctrl Pts',(18.5740003471472,-9.99626655542948,3.765));
#12809=CARTESIAN_POINT('Ctrl Pts',(18.4747838011898,-10.1814373343524,3.765));
#12810=CARTESIAN_POINT('Ctrl Pts',(18.2708316036267,-10.5487414914064,3.765));
#12811=CARTESIAN_POINT('Ctrl Pts',(18.1661074136773,-10.730854218892,3.765));
#12812=CARTESIAN_POINT('Ctrl Pts',(18.0586704892541,-10.9113661256681,3.765));
#12813=CARTESIAN_POINT('',(18.0586704892541,-10.9113661256681,3.765));
#12814=CARTESIAN_POINT('Ctrl Pts',(18.0586704892541,-10.9113661256681,3.765));
#12815=CARTESIAN_POINT('Ctrl Pts',(18.3183884760942,-11.0613143752837,4.0648701009778));
#12816=CARTESIAN_POINT('Ctrl Pts',(18.578449050477,-11.2114604179092,4.36513688334843));
#12817=CARTESIAN_POINT('Ctrl Pts',(19.09788408192,-11.5113563731393,4.96488024515286));
#12818=CARTESIAN_POINT('Ctrl Pts',(19.3579246499342,-11.6614908650825,5.26512592115294));
#12819=CARTESIAN_POINT('Ctrl Pts',(19.6176426164062,-11.8114391029385,5.565));
#12820=CARTESIAN_POINT('',(18.6704239115073,-9.80963945032585,3.765));
#12821=CARTESIAN_POINT('Ctrl Pts',(20.2308371745767,-10.710544467806,5.565));
#12822=CARTESIAN_POINT('Ctrl Pts',(19.9708940313115,-10.5604662240679,5.2651212370953));
#12823=CARTESIAN_POINT('Ctrl Pts',(19.7106230627638,-10.4101987103146,4.96487524113107));
#12824=CARTESIAN_POINT('Ctrl Pts',(19.1907086821614,-10.1100260027182,4.36513189197508));
#12825=CARTESIAN_POINT('Ctrl Pts',(18.9303972922093,-9.95973515165627,4.06486399704079));
#12826=CARTESIAN_POINT('Ctrl Pts',(18.6704239115073,-9.80963945032585,3.765));
#12827=CARTESIAN_POINT('Ctrl Pts',(18.0586704892541,-10.9113661256681,3.765));
#12828=CARTESIAN_POINT('Ctrl Pts',(18.1661074136773,-10.730854218892,3.765));
#12829=CARTESIAN_POINT('Ctrl Pts',(18.2708316036267,-10.5487414914064,3.765));
#12830=CARTESIAN_POINT('Ctrl Pts',(18.4747838011897,-10.1814373343525,3.765));
#12831=CARTESIAN_POINT('Ctrl Pts',(18.5740003471471,-9.99626655542978,3.765));
#12832=CARTESIAN_POINT('Ctrl Pts',(18.6704239115071,-9.80963945032631,3.765));
#12833=CARTESIAN_POINT('Origin',(8.56359461797735,-5.42938151541058,1.51));
#12834=CARTESIAN_POINT('',(8.56359461797735,-5.42938151541058,3.765));
#12835=CARTESIAN_POINT('',(8.56359461797735,-5.42938151541058,3.765));
#12836=CARTESIAN_POINT('',(8.56359461797735,-5.42938151541058,1.51));
#12837=CARTESIAN_POINT('',(32.9161755433769,-19.4893506681521,1.51));
#12838=CARTESIAN_POINT('Ctrl Pts',(-19.368367787199,-12.221380360425,5.565));
#12839=CARTESIAN_POINT('Ctrl Pts',(-19.4888838645286,-12.0278023008627,
5.565));
#12840=CARTESIAN_POINT('Ctrl Pts',(-19.6064909618211,-11.8324282611525,
5.565));
#12841=CARTESIAN_POINT('Ctrl Pts',(-19.8358078004943,-11.4382200799445,
5.565));
#12842=CARTESIAN_POINT('Ctrl Pts',(-19.9475046582541,-11.2394080957231,
5.565));
#12843=CARTESIAN_POINT('Ctrl Pts',(-20.0562023303057,-11.0389551670961,
5.565));
#12844=CARTESIAN_POINT('Ctrl Pts',(-18.8590135176694,-11.9042711866189,
4.965));
#12845=CARTESIAN_POINT('Ctrl Pts',(-18.9763600875133,-11.7157841250576,
4.965));
#12846=CARTESIAN_POINT('Ctrl Pts',(-19.0908741778865,-11.5255483231307,
4.965));
#12847=CARTESIAN_POINT('Ctrl Pts',(-19.3141600928341,-11.1417076294853,
4.965));
#12848=CARTESIAN_POINT('Ctrl Pts',(-19.4229193726778,-10.9481243122199,
4.965));
#12849=CARTESIAN_POINT('Ctrl Pts',(-19.5287583407144,-10.7529432130733,
4.965));
#12850=CARTESIAN_POINT('Ctrl Pts',(-18.3496592481399,-11.5871620128128,
4.365));
#12851=CARTESIAN_POINT('Ctrl Pts',(-18.4638363105271,-11.4037659492079,
4.365));
#12852=CARTESIAN_POINT('Ctrl Pts',(-18.575257393932,-11.2186683851442,4.365));
#12853=CARTESIAN_POINT('Ctrl Pts',(-18.7925123851934,-10.8451951789937,
4.365));
#12854=CARTESIAN_POINT('Ctrl Pts',(-18.8983340870708,-10.6568405287756,
4.365));
#12855=CARTESIAN_POINT('Ctrl Pts',(-19.001314351123,-10.4669312590505,4.365));
#12856=CARTESIAN_POINT('Ctrl Pts',(-17.8403049786103,-11.2700528390067,
3.765));
#12857=CARTESIAN_POINT('Ctrl Pts',(-17.9513125335117,-11.0917477734028,
3.765));
#12858=CARTESIAN_POINT('Ctrl Pts',(-18.0596406099973,-10.9117884471225,
3.765));
#12859=CARTESIAN_POINT('Ctrl Pts',(-18.2708646775332,-10.5486827285345,
3.765));
#12860=CARTESIAN_POINT('Ctrl Pts',(-18.3737488014944,-10.3655567452723,
3.765));
#12861=CARTESIAN_POINT('Ctrl Pts',(-18.4738703615316,-10.1809193050277,
3.765));
#12862=CARTESIAN_POINT('',(-18.4738703615316,-10.1809193050277,3.765));
#12863=CARTESIAN_POINT('Ctrl Pts',(-18.4738703615316,-10.1809193050277,
3.765));
#12864=CARTESIAN_POINT('Ctrl Pts',(-18.7336566238939,-10.3309069735344,
4.06486828135053));
#12865=CARTESIAN_POINT('Ctrl Pts',(-18.9937842489034,-10.4810917278572,
4.3651351776633));
#12866=CARTESIAN_POINT('Ctrl Pts',(-19.5133477349601,-10.7810618463932,
4.96487853542315));
#12867=CARTESIAN_POINT('Ctrl Pts',(-19.7734502098452,-10.931232080285,5.26512448414433));
#12868=CARTESIAN_POINT('Ctrl Pts',(-20.0332286802556,-11.0812152501061,
5.565));
#12869=CARTESIAN_POINT('',(-17.8403049786103,-11.2700528390067,3.765));
#12870=CARTESIAN_POINT('Ctrl Pts',(-19.399944825443,-12.1705113244145,5.565));
#12871=CARTESIAN_POINT('Ctrl Pts',(-19.1401225475002,-12.0205028623027,
5.2651237795178));
#12872=CARTESIAN_POINT('Ctrl Pts',(-18.8799752512925,-11.8703067508082,
4.96487798594098));
#12873=CARTESIAN_POINT('Ctrl Pts',(-18.3603181200456,-11.5702825661965,
4.36513462665668));
#12874=CARTESIAN_POINT('Ctrl Pts',(-18.1001413179269,-11.4200694194564,
4.06486730448906));
#12875=CARTESIAN_POINT('Ctrl Pts',(-17.8403049786103,-11.2700528390067,
3.765));
#12876=CARTESIAN_POINT('Ctrl Pts',(-18.4738703615314,-10.1809193050282,
3.765));
#12877=CARTESIAN_POINT('Ctrl Pts',(-18.3737488014943,-10.3655567452726,
3.765));
#12878=CARTESIAN_POINT('Ctrl Pts',(-18.2708646775331,-10.5486827285347,
3.765));
#12879=CARTESIAN_POINT('Ctrl Pts',(-18.0596406099973,-10.9117884471225,
3.765));
#12880=CARTESIAN_POINT('Ctrl Pts',(-17.9513125335117,-11.0917477734028,
3.765));
#12881=CARTESIAN_POINT('Ctrl Pts',(-17.8403049786103,-11.2700528390067,
3.765));
#12882=CARTESIAN_POINT('Origin',(-32.9161755433769,-19.9741107678426,1.51));
#12883=CARTESIAN_POINT('',(-32.9161755433769,-19.9741107678426,1.51));
#12884=CARTESIAN_POINT('',(-16.6128144171106,-10.5613608328971,3.765));
#12885=CARTESIAN_POINT('',(-16.6128144171106,-10.5613608328971,1.51));
#12886=CARTESIAN_POINT('',(-16.6128144171106,-10.5613608328971,3.765));
#12887=CARTESIAN_POINT('Origin',(0.,0.,3.765));
#12888=CARTESIAN_POINT('',(6.00752118765711,-8.72533201750342,3.765));
#12889=CARTESIAN_POINT('',(6.00752118765711,-8.72533201750342,3.765));
#12890=CARTESIAN_POINT('',(7.4265606898061,-5.22864180063263,3.765));
#12891=CARTESIAN_POINT('Origin',(-5.93584807271099,-1.84214561345795,3.765));
#12892=CARTESIAN_POINT('Origin',(9.65006157950398,4.04518156567979,3.765));
#12893=CARTESIAN_POINT('',(11.0198587882723,-5.39258361697335,3.765));
#12894=CARTESIAN_POINT('',(11.0198587882723,-5.39258361697336,3.765));
#12895=CARTESIAN_POINT('Origin',(9.65006157950398,4.04518156567979,3.765));
#12896=CARTESIAN_POINT('',(18.6319464570375,0.839951451821475,3.765));
#12897=CARTESIAN_POINT('',(18.6319464570375,0.839951451821475,3.765));
#12898=CARTESIAN_POINT('',(18.4452356450462,7.73200529252954,3.765));
#12899=CARTESIAN_POINT('Origin',(9.65006157950398,4.04518156567979,3.765));
#12900=CARTESIAN_POINT('Origin',(0.000129850672473471,5.44317300206672E-5,
3.765));
#12901=CARTESIAN_POINT('',(17.0310695724218,10.4858583624547,3.765));
#12902=CARTESIAN_POINT('',(17.0310695724218,10.4858583624547,3.765));
#12903=CARTESIAN_POINT('Origin',(0.000129850672473471,5.44317300206672E-5,
3.765));
#12904=CARTESIAN_POINT('',(9.26383294391306,17.7254259900287,3.765));
#12905=CARTESIAN_POINT('',(9.26383294391306,17.7254259900287,3.765));
#12906=CARTESIAN_POINT('Origin',(0.000129850672473471,5.44317300206672E-5,
3.765));
#12907=CARTESIAN_POINT('',(-10.7186874201087,16.8853127417193,3.765));
#12908=CARTESIAN_POINT('',(-10.7186874201087,16.8853127417193,3.765));
#12909=CARTESIAN_POINT('Origin',(0.000129850672473471,5.44317300206672E-5,
3.765));
#12910=CARTESIAN_POINT('',(-17.7252548778815,9.2637323246733,3.765));
#12911=CARTESIAN_POINT('',(-17.7252548778815,9.2637323246733,3.765));
#12912=CARTESIAN_POINT('Origin',(0.000129850672473471,5.44317300206672E-5,
3.765));
#12913=CARTESIAN_POINT('',(-19.9955833446634,-0.419999956806576,3.765));
#12914=CARTESIAN_POINT('',(-19.9955833446634,-0.419999956806576,3.765));
#12915=CARTESIAN_POINT('',(-19.1012720743066,-5.92796685533243,3.765));
#12916=CARTESIAN_POINT('Origin',(0.000129850672473471,5.44317300206672E-5,
3.765));
#12917=CARTESIAN_POINT('',(-17.3690586500083,-9.54305596597589,3.765));
#12918=CARTESIAN_POINT('Origin',(-5.93584807271099,-1.84214561345795,3.765));
#12919=CARTESIAN_POINT('',(-17.3690586500083,-9.54305596597589,3.765));
#12920=CARTESIAN_POINT('Origin',(-5.93584807271099,-1.84214561345795,3.765));
#12921=CARTESIAN_POINT('',(-7.96556256828927,-15.476755377906,3.765));
#12922=CARTESIAN_POINT('',(-7.96556256828927,-15.476755377906,3.765));
#12923=CARTESIAN_POINT('Origin',(-5.93584807271099,-1.84214561345795,3.765));
#12924=CARTESIAN_POINT('',(15.2171740281937,6.37865090298077,3.765));
#12925=CARTESIAN_POINT('',(8.2426373560121,-1.82492128702209,3.765));
#12926=CARTESIAN_POINT('Origin',(9.65015897644756,4.0450298708606,3.765));
#12927=CARTESIAN_POINT('',(4.03362437429779,-4.36882925198963,3.765));
#12928=CARTESIAN_POINT('Origin',(7.4265606898061,-5.22864180063263,3.765));
#12929=CARTESIAN_POINT('',(-15.7586120953693,-4.89079601519169,3.765));
#12930=CARTESIAN_POINT('Origin',(-5.93600432466315,-1.84240050014497,3.765));
#12931=CARTESIAN_POINT('Origin',(2.39711498434416E-6,-0.000191517524176974,
3.765));
#12932=CARTESIAN_POINT('Origin',(-8.81084982935535,-44.0758407120782,1.51));
#12933=CARTESIAN_POINT('',(-2.58796070327763,-40.483054,1.51));
#12934=CARTESIAN_POINT('',(-8.81084982935535,-44.0758407120782,1.51));
#12935=CARTESIAN_POINT('Origin',(3.1729970448673,-47.3308565348538,1.51));
#12936=CARTESIAN_POINT('',(-3.17299704486732,-47.3308565348538,1.51));
#12937=CARTESIAN_POINT('',(3.1729970448673,-47.3308565348538,1.51));
#12938=CARTESIAN_POINT('Origin',(2.57355070327763,-40.483054,1.51));
#12939=CARTESIAN_POINT('',(8.80364482935533,-44.0800005207677,1.51));
#12940=CARTESIAN_POINT('',(2.57355070327763,-40.483054,1.51));
#12941=CARTESIAN_POINT('Origin',(-0.007205,-38.993054,1.51));
#12942=CARTESIAN_POINT('Origin',(3.17299704486733,47.3308565348538,1.51));
#12943=CARTESIAN_POINT('',(14.4350641048867,40.82869908612,1.51));
#12944=CARTESIAN_POINT('',(16.6174481224234,39.56869908612,1.51));
#12945=CARTESIAN_POINT('',(20.5606514400488,37.2920895892196,1.51));
#12946=CARTESIAN_POINT('',(34.4952477270752,29.2469466718561,1.51));
#12947=CARTESIAN_POINT('',(35.5864397358436,28.6169466718561,1.51));
#12948=CARTESIAN_POINT('',(39.4032256196265,26.4133243144149,1.51));
#12949=CARTESIAN_POINT('',(3.17299704486733,47.3308565348538,1.51));
#12950=CARTESIAN_POINT('Origin',(-3.17299704486726,47.3308565348538,1.51));
#12951=CARTESIAN_POINT('',(-3.17299704486726,47.3308565348538,1.51));
#12952=CARTESIAN_POINT('Origin',(-14.4350641048866,40.82869908612,1.51));
#12953=CARTESIAN_POINT('',(-39.4032256196264,26.413324314415,1.51));
#12954=CARTESIAN_POINT('',(-35.6027826245237,28.6075111006774,1.51));
#12955=CARTESIAN_POINT('',(-34.5115906157553,29.2375111006774,1.51));
#12956=CARTESIAN_POINT('',(-22.0155720047414,36.4520908095448,1.51));
#12957=CARTESIAN_POINT('',(-16.6174481224234,39.56869908612,1.51));
#12958=CARTESIAN_POINT('',(-14.4350641048866,40.82869908612,1.51));
#12959=CARTESIAN_POINT('Origin',(14.4350641048867,40.82869908612,1.51));
#12960=CARTESIAN_POINT('Origin',(42.5762226644937,-20.9175322204389,1.51));
#12961=CARTESIAN_POINT('',(39.4032256196265,-26.4133243144149,1.51));
#12962=CARTESIAN_POINT('',(42.5762226644937,-20.9175322204389,1.51));
#12963=CARTESIAN_POINT('Origin',(37.4441247358092,-17.8448729810777,1.51));
#12964=CARTESIAN_POINT('',(42.5762226644937,-14.8818548604442,1.51));
#12965=CARTESIAN_POINT('',(37.4441247358092,-17.8448729810777,1.51));
#12966=CARTESIAN_POINT('Origin',(34.1761755433769,-23.5051270189214,1.51));
#12967=CARTESIAN_POINT('',(34.1761755433769,-23.5051270189214,1.51));
#12968=CARTESIAN_POINT('Origin',(34.1761755433768,-29.4311630830053,1.51));
#12969=CARTESIAN_POINT('',(34.1761755433768,-29.4311630830053,1.51));
#12970=CARTESIAN_POINT('Origin',(39.4032256196265,-26.4133243144149,1.51));
#12971=CARTESIAN_POINT('',(32.9161755433768,-30.1586244221842,1.51));
#12972=CARTESIAN_POINT('',(22.0155726311839,-36.4520904478681,1.51));
#12973=CARTESIAN_POINT('',(10.0636448293553,-43.3525391815888,1.51));
#12974=CARTESIAN_POINT('Origin',(-32.9161755433769,-30.1586244221842,1.51));
#12975=CARTESIAN_POINT('',(-32.9161755433769,-30.1586244221842,1.51));
#12976=CARTESIAN_POINT('Origin',(-5.93584807271099,-1.84214561345795,1.51));
#12977=CARTESIAN_POINT('Origin',(27.8321562760898,15.266946,1.51));
#12978=CARTESIAN_POINT('',(42.5762226644938,15.266946,1.51));
#12979=CARTESIAN_POINT('Origin',(0.000129850672473471,5.44317300206672E-5,
1.51));
#12980=CARTESIAN_POINT('',(18.4452356450462,7.73200529252954,1.51));
#12981=CARTESIAN_POINT('Origin',(9.65006157950398,4.04518156567979,1.51));
#12982=CARTESIAN_POINT('',(18.6319464570375,0.839951451821475,1.51));
#12983=CARTESIAN_POINT('Origin',(42.5762226644938,0.839951451821474,1.51));
#12984=CARTESIAN_POINT('',(42.5762226644938,0.839951451821474,1.51));
#12985=CARTESIAN_POINT('Origin',(-35.6027826245237,28.6075111006774,1.51));
#12986=CARTESIAN_POINT('',(-31.2192442968725,21.01500000026,1.51));
#12987=CARTESIAN_POINT('Origin',(-42.5762226644937,20.9175322204389,1.51));
#12988=CARTESIAN_POINT('',(-42.5762226644937,20.9175322204389,1.51));
#12989=CARTESIAN_POINT('Origin',(-42.5762226644937,16.545,1.51));
#12990=CARTESIAN_POINT('',(-42.5762226644938,-20.9175322204389,1.51));
#12991=CARTESIAN_POINT('',(-42.5762226644937,-14.8818548604442,1.51));
#12992=CARTESIAN_POINT('',(-42.5762226644937,-13.4269321820863,1.51));
#12993=CARTESIAN_POINT('',(-42.5762226644937,-0.419999956806577,1.51));
#12994=CARTESIAN_POINT('',(-42.5762226644937,15.285,1.51));
#12995=CARTESIAN_POINT('',(-42.5762226644937,16.545,1.51));
#12996=CARTESIAN_POINT('Origin',(-33.8,16.545,1.51));
#12997=CARTESIAN_POINT('',(-33.8,16.545,1.51));
#12998=CARTESIAN_POINT('Origin',(-33.8,19.525,1.51));
#12999=CARTESIAN_POINT('Origin',(42.5762226644938,16.526946,1.51));
#13000=CARTESIAN_POINT('',(33.7677860813434,16.526946,1.51));
#13001=CARTESIAN_POINT('',(42.5762226644938,16.526946,1.51));
#13002=CARTESIAN_POINT('Origin',(42.5762226644938,20.9175322204389,1.51));
#13003=CARTESIAN_POINT('',(42.5762226644937,-13.4269321820864,1.51));
#13004=CARTESIAN_POINT('',(42.5762226644938,20.9175322204389,1.51));
#13005=CARTESIAN_POINT('Origin',(39.4032256196265,26.4133243144149,1.51));
#13006=CARTESIAN_POINT('Origin',(31.1870302969815,20.9969460004488,1.51));
#13007=CARTESIAN_POINT('',(31.1870302969815,20.9969460004488,1.51));
#13008=CARTESIAN_POINT('Origin',(33.767786,19.506946,1.51));
#13009=CARTESIAN_POINT('Origin',(-28.1543964175194,15.285,1.51));
#13010=CARTESIAN_POINT('',(-28.1543964175194,15.285,1.51));
#13011=CARTESIAN_POINT('',(-17.7252548778815,9.2637323246733,1.51));
#13012=CARTESIAN_POINT('Origin',(-42.5762226644937,15.285,1.51));
#13013=CARTESIAN_POINT('Origin',(0.000129850672473471,5.44317300206672E-5,
1.51));
#13014=CARTESIAN_POINT('Origin',(32.9161755433769,-19.4893506681521,1.51));
#13015=CARTESIAN_POINT('Origin',(9.65006157950398,4.04518156567979,1.51));
#13016=CARTESIAN_POINT('',(7.4265606898061,-5.22864180063263,1.51));
#13017=CARTESIAN_POINT('Origin',(-5.93584807271099,-1.84214561345795,1.51));
#13018=CARTESIAN_POINT('',(6.00752118765711,-8.72533201750342,1.51));
#13019=CARTESIAN_POINT('',(-7.96556256828927,-15.476755377906,1.51));
#13020=CARTESIAN_POINT('Origin',(22.0155726311839,-36.4520904478681,1.51));
#13021=CARTESIAN_POINT('Origin',(-26.8669586551022,15.9966201396614,1.51));
#13022=CARTESIAN_POINT('Origin',(0.000129850672473471,5.44317300206672E-5,
1.51));
#13023=CARTESIAN_POINT('',(-10.7186874201087,16.8853127417193,1.51));
#13024=CARTESIAN_POINT('Origin',(-22.0155720047414,36.4520908095448,1.51));
#13025=CARTESIAN_POINT('Origin',(-16.6174481224234,39.56869908612,1.51));
#13026=CARTESIAN_POINT('Origin',(0.000129850672473471,5.44317300206672E-5,
1.51));
#13027=CARTESIAN_POINT('',(9.26383294391306,17.7254259900287,1.51));
#13028=CARTESIAN_POINT('Origin',(20.5606514400488,37.2920895892196,1.51));
#13029=CARTESIAN_POINT('Origin',(33.7559906866299,-18.519295488821,1.51));
#13030=CARTESIAN_POINT('',(33.7559906866299,-18.519295488821,1.51));
#13031=CARTESIAN_POINT('',(11.0198587882723,-5.39258361697336,1.51));
#13032=CARTESIAN_POINT('Origin',(42.5762226644937,-13.4269321820864,1.51));
#13033=CARTESIAN_POINT('Origin',(9.65006157950398,4.04518156567979,1.51));
#13034=CARTESIAN_POINT('Origin',(26.979757725817,16.2297361459011,1.51));
#13035=CARTESIAN_POINT('',(26.979757725817,16.2297361459011,1.51));
#13036=CARTESIAN_POINT('',(17.0310695724218,10.4858583624547,1.51));
#13037=CARTESIAN_POINT('Origin',(34.4952477270752,29.2469466718561,1.51));
#13038=CARTESIAN_POINT('Origin',(0.000129850672473471,5.44317300206672E-5,
1.51));
#13039=CARTESIAN_POINT('Origin',(2.39711498434416E-6,-0.000191517524176974,
1.51));
#13040=CARTESIAN_POINT('',(15.2171740281937,6.37865090298077,1.51));
#13041=CARTESIAN_POINT('',(-15.7586120953693,-4.89079601519169,1.51));
#13042=CARTESIAN_POINT('Origin',(-5.93600432466315,-1.84240050014497,1.51));
#13043=CARTESIAN_POINT('',(4.03362437429779,-4.36882925198962,1.51));
#13044=CARTESIAN_POINT('Origin',(7.4265606898061,-5.22864180063263,1.51));
#13045=CARTESIAN_POINT('',(8.2426373560121,-1.82492128702209,1.51));
#13046=CARTESIAN_POINT('Origin',(9.65015897644756,4.0450298708606,1.51));
#13047=CARTESIAN_POINT('Origin',(-33.3361761255569,-18.7616755386662,1.51));
#13048=CARTESIAN_POINT('',(-33.3361761255569,-18.7616755386662,1.51));
#13049=CARTESIAN_POINT('Origin',(-17.3690586500083,-9.54305596597589,1.51));
#13050=CARTESIAN_POINT('',(-17.3690586500083,-9.54305596597589,1.51));
#13051=CARTESIAN_POINT('Origin',(-5.93584807271099,-1.84214561345795,1.51));
#13052=CARTESIAN_POINT('',(-19.1012720743066,-5.92796685533243,1.51));
#13053=CARTESIAN_POINT('Origin',(0.000129850672473471,5.44317300206672E-5,
1.51));
#13054=CARTESIAN_POINT('',(-19.9955833446634,-0.419999956806576,1.51));
#13055=CARTESIAN_POINT('Origin',(-42.5762226644937,-0.419999956806577,1.51));
#13056=CARTESIAN_POINT('Origin',(-39.4032256196265,-26.4133243144149,1.51));
#13057=CARTESIAN_POINT('',(-39.4032256196265,-26.4133243144149,1.51));
#13058=CARTESIAN_POINT('Origin',(-34.1761755433769,-29.4311630830053,1.51));
#13059=CARTESIAN_POINT('',(-10.0708498293553,-43.3483793728992,1.51));
#13060=CARTESIAN_POINT('',(-20.5606515957518,-37.2920894993244,1.51));
#13061=CARTESIAN_POINT('',(-34.1761755433769,-29.4311630830053,1.51));
#13062=CARTESIAN_POINT('Origin',(-34.1761755433769,-23.5051270189214,1.51));
#13063=CARTESIAN_POINT('',(-34.1761755433769,-23.5051270189214,1.51));
#13064=CARTESIAN_POINT('Origin',(-37.4441247358092,-17.8448729810778,1.51));
#13065=CARTESIAN_POINT('',(-37.4441247358092,-17.8448729810778,1.51));
#13066=CARTESIAN_POINT('Origin',(-42.5762226644937,-14.8818548604442,1.51));
#13067=CARTESIAN_POINT('Origin',(-0.007205,-38.993054,1.51));
#13068=CARTESIAN_POINT('',(4.12886117165164,-39.9260902392313,1.51));
#13069=CARTESIAN_POINT('Origin',(10.0636448293553,-43.3525391815888,1.51));
#13070=CARTESIAN_POINT('Origin',(-20.5606515957518,-37.2920894993244,1.51));
#13071=CARTESIAN_POINT('Origin',(-4.14327117165164,-39.9260902392314,1.51));
#13072=CARTESIAN_POINT('',(-4.14327117165163,-39.9260902392314,1.51));
#13073=CARTESIAN_POINT('Origin',(-0.007205,-38.993054,1.51));
#13074=CARTESIAN_POINT('',(-0.637205,-34.8001194667644,1.51));
#13075=CARTESIAN_POINT('Origin',(-0.637205,-28.0873998588989,1.51));
#13076=CARTESIAN_POINT('',(-0.637205,-28.0873998588989,1.51));
#13077=CARTESIAN_POINT('Origin',(0.622795,-28.0873998588989,1.51));
#13078=CARTESIAN_POINT('Origin',(-44.2562226644938,-21.3676868637231,1.51));
#13079=CARTESIAN_POINT('',(-44.2562226644938,-21.3676868637231,1.51));
#13080=CARTESIAN_POINT('Origin',(-44.2562226644937,21.3676868637232,1.51));
#13081=CARTESIAN_POINT('',(-44.2562226644937,21.3676868637232,1.51));
#13082=CARTESIAN_POINT('Origin',(-40.6330709763421,27.6431696711307,1.51));
#13083=CARTESIAN_POINT('',(-40.6330709763421,27.6431696711307,1.51));
#13084=CARTESIAN_POINT('Origin',(-3.62315168815154,49.0108565348538,1.51));
#13085=CARTESIAN_POINT('',(-3.62315168815154,49.0108565348538,1.51));
#13086=CARTESIAN_POINT('Origin',(3.62315168815162,49.0108565348538,1.51));
#13087=CARTESIAN_POINT('',(3.62315168815162,49.0108565348538,1.51));
#13088=CARTESIAN_POINT('Origin',(40.6330709763422,27.6431696711306,1.51));
#13089=CARTESIAN_POINT('',(0.,0.,0.));
#13090=CARTESIAN_POINT('Origin',(-31.1305911542945,-32.5520786851692,6.665));
#13091=CARTESIAN_POINT('',(-3.35520249572049,-48.0108565348538,7.165));
#13092=CARTESIAN_POINT('',(-39.9010201687733,-26.9111188635618,7.165));
#13093=CARTESIAN_POINT('',(-30.8805911542945,-32.119065983277,7.165));
#13094=CARTESIAN_POINT('',(-40.6330709763422,-27.6431696711306,6.165));
#13095=CARTESIAN_POINT('',(-39.9010201687733,-26.9111188635618,7.165));
#13096=CARTESIAN_POINT('',(-3.6231516881516,-49.0108565348538,6.165));
#13097=CARTESIAN_POINT('',(-31.3805911542945,-32.9850913870614,6.165));
#13098=CARTESIAN_POINT('',(-3.35520249572049,-48.0108565348538,7.165));
#13099=CARTESIAN_POINT('Origin',(-42.9174220405637,-22.686557565575,6.665));
#13100=CARTESIAN_POINT('',(-43.2562226644938,-21.099737671292,7.165));
#13101=CARTESIAN_POINT('',(-42.4844093386715,-22.436557565575,7.165));
#13102=CARTESIAN_POINT('',(-44.2562226644938,-21.3676868637231,6.165));
#13103=CARTESIAN_POINT('',(-43.2562226644938,-21.099737671292,7.165));
#13104=CARTESIAN_POINT('',(-43.3504347424559,-22.936557565575,6.165));
#13105=CARTESIAN_POINT('Origin',(-43.7562226644937,10.6838434318616,6.665));
#13106=CARTESIAN_POINT('',(-43.2562226644937,21.0997376712921,7.165));
#13107=CARTESIAN_POINT('',(-43.2562226644937,10.6838434318616,7.165));
#13108=CARTESIAN_POINT('',(-44.2562226644937,21.3676868637232,6.165));
#13109=CARTESIAN_POINT('',(-43.2562226644937,21.0997376712921,7.165));
#13110=CARTESIAN_POINT('',(-44.2562226644937,10.6838434318616,6.165));
#13111=CARTESIAN_POINT('Origin',(-41.1058461964878,25.8242989692788,6.665));
#13112=CARTESIAN_POINT('',(-39.9010201687733,26.9111188635618,7.165));
#13113=CARTESIAN_POINT('',(-40.6728334945956,25.5742989692788,7.165));
#13114=CARTESIAN_POINT('',(-40.6330709763421,27.6431696711307,6.165));
#13115=CARTESIAN_POINT('',(-39.9010201687733,26.9111188635618,7.165));
#13116=CARTESIAN_POINT('',(-41.53885889838,26.0742989692788,6.165));
#13117=CARTESIAN_POINT('Origin',(-12.6256315101992,43.2359221170308,6.665));
#13118=CARTESIAN_POINT('',(-3.35520249572042,48.0108565348538,7.165));
#13119=CARTESIAN_POINT('',(-12.3756315101992,42.8029094151386,7.165));
#13120=CARTESIAN_POINT('',(-3.62315168815154,49.0108565348538,6.165));
#13121=CARTESIAN_POINT('',(-3.35520249572042,48.0108565348538,7.165));
#13122=CARTESIAN_POINT('',(-12.8756315101992,43.668934818923,6.165));
#13123=CARTESIAN_POINT('Origin',(1.81157584407581,48.5108565348538,6.665));
#13124=CARTESIAN_POINT('',(3.35520249572049,48.0108565348538,7.165));
#13125=CARTESIAN_POINT('',(1.81157584407581,48.0108565348538,7.165));
#13126=CARTESIAN_POINT('',(3.62315168815162,49.0108565348538,6.165));
#13127=CARTESIAN_POINT('',(3.35520249572049,48.0108565348538,7.165));
#13128=CARTESIAN_POINT('',(1.81157584407581,49.0108565348538,6.165));
#13129=CARTESIAN_POINT('Origin',(31.1305911542946,32.5520786851692,6.665));
#13130=CARTESIAN_POINT('',(39.9010201687733,26.9111188635617,7.165));
#13131=CARTESIAN_POINT('',(30.8805911542946,32.119065983277,7.165));
#13132=CARTESIAN_POINT('',(40.6330709763422,27.6431696711306,6.165));
#13133=CARTESIAN_POINT('',(39.9010201687733,26.9111188635617,7.165));
#13134=CARTESIAN_POINT('',(31.3805911542946,32.9850913870614,6.165));
#13135=CARTESIAN_POINT('Origin',(42.9174220405637,22.686557565575,6.665));
#13136=CARTESIAN_POINT('',(44.2562226644938,21.3676868637232,6.165));
#13137=CARTESIAN_POINT('',(43.3504347424559,22.936557565575,6.165));
#13138=CARTESIAN_POINT('',(43.2562226644938,21.099737671292,7.165));
#13139=CARTESIAN_POINT('',(42.4844093386714,22.436557565575,7.165));
#13140=CARTESIAN_POINT('',(43.2562226644938,21.099737671292,7.165));
#13141=CARTESIAN_POINT('Origin',(43.7562226644938,-10.6838434318616,6.665));
#13142=CARTESIAN_POINT('',(44.2562226644937,-21.3676868637232,6.165));
#13143=CARTESIAN_POINT('',(44.2562226644937,-10.6838434318616,6.165));
#13144=CARTESIAN_POINT('',(43.2562226644938,-21.0997376712921,7.165));
#13145=CARTESIAN_POINT('',(43.2562226644938,-10.6838434318616,7.165));
#13146=CARTESIAN_POINT('',(43.2562226644938,-21.0997376712921,7.165));
#13147=CARTESIAN_POINT('Origin',(41.1058461964879,-25.8242989692788,6.665));
#13148=CARTESIAN_POINT('',(40.6330709763422,-27.6431696711307,6.165));
#13149=CARTESIAN_POINT('',(41.5388588983801,-26.0742989692788,6.165));
#13150=CARTESIAN_POINT('',(39.9010201687733,-26.9111188635618,7.165));
#13151=CARTESIAN_POINT('',(40.6728334945957,-25.5742989692788,7.165));
#13152=CARTESIAN_POINT('',(39.9010201687733,-26.9111188635618,7.165));
#13153=CARTESIAN_POINT('Origin',(12.6256315101992,-43.2359221170308,6.665));
#13154=CARTESIAN_POINT('',(3.62315168815158,-49.0108565348538,6.165));
#13155=CARTESIAN_POINT('',(12.8756315101992,-43.668934818923,6.165));
#13156=CARTESIAN_POINT('',(3.35520249572046,-48.0108565348538,7.165));
#13157=CARTESIAN_POINT('',(12.3756315101992,-42.8029094151386,7.165));
#13158=CARTESIAN_POINT('',(3.35520249572046,-48.0108565348538,7.165));
#13159=CARTESIAN_POINT('Origin',(-1.8115758440758,-48.5108565348538,6.665));
#13160=CARTESIAN_POINT('',(-1.8115758440758,-49.0108565348538,6.165));
#13161=CARTESIAN_POINT('',(-1.8115758440758,-48.0108565348538,7.165));
#13162=CARTESIAN_POINT('Origin',(44.2562226644938,21.3676868637232,1.51));
#13163=CARTESIAN_POINT('',(44.2562226644938,21.3676868637232,1.51));
#13164=CARTESIAN_POINT('',(44.2562226644938,21.3676868637232,1.51));
#13165=CARTESIAN_POINT('',(40.6330709763422,27.6431696711306,1.51));
#13166=CARTESIAN_POINT('',(44.2562226644938,21.3676868637232,1.51));
#13167=CARTESIAN_POINT('',(40.6330709763422,27.6431696711306,1.51));
#13168=CARTESIAN_POINT('Origin',(44.2562226644937,-21.3676868637232,1.51));
#13169=CARTESIAN_POINT('',(44.2562226644937,-21.3676868637232,1.51));
#13170=CARTESIAN_POINT('',(44.2562226644937,-21.3676868637232,1.51));
#13171=CARTESIAN_POINT('',(44.2562226644937,-21.3676868637232,1.51));
#13172=CARTESIAN_POINT('Origin',(40.6330709763422,-27.6431696711307,1.51));
#13173=CARTESIAN_POINT('',(40.6330709763422,-27.6431696711307,1.51));
#13174=CARTESIAN_POINT('',(40.6330709763422,-27.6431696711307,1.51));
#13175=CARTESIAN_POINT('',(40.6330709763422,-27.6431696711307,1.51));
#13176=CARTESIAN_POINT('Origin',(3.62315168815158,-49.0108565348538,1.51));
#13177=CARTESIAN_POINT('',(3.62315168815158,-49.0108565348538,1.51));
#13178=CARTESIAN_POINT('',(3.62315168815158,-49.0108565348538,1.51));
#13179=CARTESIAN_POINT('',(3.62315168815158,-49.0108565348538,1.51));
#13180=CARTESIAN_POINT('Origin',(-3.6231516881516,-49.0108565348538,1.51));
#13181=CARTESIAN_POINT('',(-3.6231516881516,-49.0108565348538,1.51));
#13182=CARTESIAN_POINT('',(-3.6231516881516,-49.0108565348538,1.51));
#13183=CARTESIAN_POINT('',(-3.6231516881516,-49.0108565348538,1.51));
#13184=CARTESIAN_POINT('Origin',(-40.6330709763422,-27.6431696711306,1.51));
#13185=CARTESIAN_POINT('',(-40.6330709763422,-27.6431696711306,1.51));
#13186=CARTESIAN_POINT('',(-40.6330709763422,-27.6431696711306,1.51));
#13187=CARTESIAN_POINT('',(-40.6330709763422,-27.6431696711306,1.51));
#13188=CARTESIAN_POINT('Origin',(4.44089209850063E-15,4.44089209850063E-15,
7.165));
#13189=CARTESIAN_POINT('',(-3.17299704486732,-47.3308565348538,7.165));
#13190=CARTESIAN_POINT('',(-39.4032256196265,-26.4133243144149,7.165));
#13191=CARTESIAN_POINT('',(-12.2305541885571,-42.1014734797441,7.165));
#13192=CARTESIAN_POINT('',(-42.5762226644938,-20.9175322204389,7.165));
#13193=CARTESIAN_POINT('',(-40.1964748808433,-25.0393762909209,7.165));
#13194=CARTESIAN_POINT('',(-42.5762226644937,20.9175322204389,7.165));
#13195=CARTESIAN_POINT('',(-42.5762226644938,-10.4587661102194,7.165));
#13196=CARTESIAN_POINT('',(-39.4032256196264,26.413324314415,7.165));
#13197=CARTESIAN_POINT('',(-41.7829734032769,22.2914802439329,7.165));
#13198=CARTESIAN_POINT('',(-3.17299704486726,47.3308565348538,7.165));
#13199=CARTESIAN_POINT('',(-30.3456684759366,31.6427073695247,7.165));
#13200=CARTESIAN_POINT('',(3.17299704486733,47.3308565348538,7.165));
#13201=CARTESIAN_POINT('',(-1.58649852243363,47.3308565348538,7.165));
#13202=CARTESIAN_POINT('',(39.4032256196265,26.4133243144149,7.165));
#13203=CARTESIAN_POINT('',(12.2305541885571,42.1014734797441,7.165));
#13204=CARTESIAN_POINT('',(42.5762226644938,20.9175322204389,7.165));
#13205=CARTESIAN_POINT('',(40.1964748808433,25.0393762909209,7.165));
#13206=CARTESIAN_POINT('',(42.5762226644937,-20.9175322204389,7.165));
#13207=CARTESIAN_POINT('',(42.5762226644938,10.4587661102194,7.165));
#13208=CARTESIAN_POINT('',(39.4032256196265,-26.4133243144149,7.165));
#13209=CARTESIAN_POINT('',(41.7829734032769,-22.2914802439329,7.165));
#13210=CARTESIAN_POINT('',(3.1729970448673,-47.3308565348538,7.165));
#13211=CARTESIAN_POINT('',(30.3456684759367,-31.6427073695247,7.165));
#13212=CARTESIAN_POINT('',(1.58649852243365,-47.3308565348538,7.165));
#13213=CARTESIAN_POINT('Origin',(12.2569288191647,-22.0696235524833,1.51));
#13214=CARTESIAN_POINT('',(12.2569288191647,-22.0696235524833,1.51));
#13215=CARTESIAN_POINT('',(13.3481208279331,-21.4396235524833,1.51));
#13216=CARTESIAN_POINT('',(12.4387941740805,-21.9646235408665,1.51));
#13217=CARTESIAN_POINT('',(12.2569288191647,-22.0696235524833,2.51));
#13218=CARTESIAN_POINT('',(12.2569288191647,-22.0696235524833,1.51));
#13219=CARTESIAN_POINT('',(13.3481208279331,-21.4396235524833,2.51));
#13220=CARTESIAN_POINT('',(12.2569288191647,-22.0696235524833,2.51));
#13221=CARTESIAN_POINT('',(13.3481208279331,-21.4396235524833,1.51));
#13222=CARTESIAN_POINT('Origin',(9.2934292546447,-15.3974777849934,2.51));
#13223=CARTESIAN_POINT('',(5.23873768135626,-9.91375992456942,2.51));
#13224=CARTESIAN_POINT('',(6.93283387159572,-12.848020598973,2.51));
#13225=CARTESIAN_POINT('',(6.00752118765711,-8.72533201750342,2.51));
#13226=CARTESIAN_POINT('Origin',(-5.93584807271099,-1.84214561345795,2.51));
#13227=CARTESIAN_POINT('',(15.8668473508937,-25.8021858606224,2.51));
#13228=CARTESIAN_POINT('Origin',(5.23873768135626,-9.91375992456942,1.51));
#13229=CARTESIAN_POINT('',(20.9243806224155,-37.0820904478681,1.51));
#13230=CARTESIAN_POINT('',(5.23873768135626,-9.91375992456942,1.51));
#13231=CARTESIAN_POINT('',(20.9243806224155,-37.0820904478681,4.765));
#13232=CARTESIAN_POINT('',(20.9243806224155,-37.0820904478681,1.51));
#13233=CARTESIAN_POINT('',(20.4243806224155,-36.2160650440836,3.765));
#13234=CARTESIAN_POINT('',(16.4710948871507,-29.3687732937677,-4.1415714705296));
#13235=CARTESIAN_POINT('',(5.23873768135626,-9.91375992456942,3.765));
#13236=CARTESIAN_POINT('',(5.23873768135626,-9.91375992456942,3.765));
#13237=CARTESIAN_POINT('',(5.23873768135626,-9.91375992456942,1.51));
#13238=CARTESIAN_POINT('Origin',(-42.0762226644937,8.27250000000002,4.265));
#13239=CARTESIAN_POINT('',(-41.5762226644938,-14.004282451276,3.765));
#13240=CARTESIAN_POINT('',(-42.5762226644938,-13.4269321820863,4.765));
#13241=CARTESIAN_POINT('',(-41.7090321558524,-13.9276048556891,3.89780949135868));
#13242=CARTESIAN_POINT('',(-42.5762226644938,-14.8818548604442,4.765));
#13243=CARTESIAN_POINT('',(-42.5762226644937,8.27250000000002,4.765));
#13244=CARTESIAN_POINT('',(-41.5762226644938,-15.4592051296338,3.765));
#13245=CARTESIAN_POINT('',(-44.5290454526915,-13.7543920979986,6.71782278819777));
#13246=CARTESIAN_POINT('',(-41.5762226644937,8.27250000000002,3.765));
#13247=CARTESIAN_POINT('Origin',(-42.5762226644937,16.545,1.51));
#13248=CARTESIAN_POINT('',(-42.5762226644937,-14.8818548604442,1.51));
#13249=CARTESIAN_POINT('',(-42.5762226644937,-14.8818548604442,1.51));
#13250=CARTESIAN_POINT('',(-42.5762226644937,-13.4269321820863,1.51));
#13251=CARTESIAN_POINT('',(-42.5762226644937,-13.4269321820863,1.51));
#13252=CARTESIAN_POINT('',(-42.5762226644937,-0.419999956806577,1.51));
#13253=CARTESIAN_POINT('',(-42.5762226644937,20.9175322204389,1.51));
#13254=CARTESIAN_POINT('',(-42.5762226644937,-0.419999956806577,4.765));
#13255=CARTESIAN_POINT('',(-42.5762226644937,-0.419999956806577,1.51));
#13256=CARTESIAN_POINT('',(-42.5762226644937,0.840000043193421,4.765));
#13257=CARTESIAN_POINT('',(-42.5762226644937,8.27250000000002,4.765));
#13258=CARTESIAN_POINT('',(-42.5762226644937,0.840000043193421,1.51));
#13259=CARTESIAN_POINT('',(-42.5762226644937,0.840000043193421,1.51));
#13260=CARTESIAN_POINT('',(-42.5762226644937,15.285,1.51));
#13261=CARTESIAN_POINT('',(-42.5762226644937,20.9175322204389,1.51));
#13262=CARTESIAN_POINT('',(-42.5762226644937,15.285,4.765));
#13263=CARTESIAN_POINT('',(-42.5762226644937,15.285,1.51));
#13264=CARTESIAN_POINT('',(-42.5762226644937,16.545,4.765));
#13265=CARTESIAN_POINT('',(-42.5762226644937,8.27250000000002,4.765));
#13266=CARTESIAN_POINT('',(-42.5762226644937,16.545,1.51));
#13267=CARTESIAN_POINT('',(-42.5762226644937,16.545,1.51));
#13268=CARTESIAN_POINT('',(-42.5762226644937,20.9175322204389,1.51));
#13269=CARTESIAN_POINT('',(-42.5762226644937,20.9175322204389,1.51));
#13270=CARTESIAN_POINT('',(-42.5762226644937,20.9175322204389,1.51));
#13271=CARTESIAN_POINT('',(-42.5762226644938,-20.9175322204389,1.51));
#13272=CARTESIAN_POINT('',(-42.5762226644938,-20.9175322204389,1.51));
#13273=CARTESIAN_POINT('',(-42.5762226644937,20.9175322204389,1.51));
#13274=CARTESIAN_POINT('Origin',(-27.4821434378119,-32.7186140519276,4.265));
#13275=CARTESIAN_POINT('',(-34.1761755433769,-28.2764625446261,3.765));
#13276=CARTESIAN_POINT('',(-34.1761755433769,-29.4311630830053,4.765));
#13277=CARTESIAN_POINT('',(-34.1761755433769,-27.748160086899,3.3074766507266));
#13278=CARTESIAN_POINT('',(-32.9161755433769,-30.1586244221842,4.765));
#13279=CARTESIAN_POINT('',(-27.7321434378119,-33.1516267538198,4.765));
#13280=CARTESIAN_POINT('',(-32.9161755433769,-29.003923883805,3.765));
#13281=CARTESIAN_POINT('',(-32.9161755433769,-29.9609284903365,4.593790300795));
#13282=CARTESIAN_POINT('',(-27.2321434378119,-32.2856013500354,3.765));
#13283=CARTESIAN_POINT('Origin',(-34.1761755433769,-29.4311630830053,1.51));
#13284=CARTESIAN_POINT('',(-32.9161755433769,-30.1586244221842,1.51));
#13285=CARTESIAN_POINT('',(-32.9161755433769,-30.1586244221842,1.51));
#13286=CARTESIAN_POINT('',(-34.1761755433769,-29.4311630830053,1.51));
#13287=CARTESIAN_POINT('',(-34.1761755433769,-29.4311630830053,1.51));
#13288=CARTESIAN_POINT('',(-39.4032256196265,-26.4133243144149,1.51));
#13289=CARTESIAN_POINT('',(-39.4032256196265,-26.4133243144149,1.51));
#13290=CARTESIAN_POINT('',(-39.4032256196265,-26.4133243144149,1.51));
#13291=CARTESIAN_POINT('',(-3.17299704486732,-47.3308565348538,1.51));
#13292=CARTESIAN_POINT('',(-3.17299704486732,-47.3308565348538,1.51));
#13293=CARTESIAN_POINT('',(-8.81084982935535,-44.0758407120782,1.51));
#13294=CARTESIAN_POINT('',(-39.4032256196265,-26.4133243144149,1.51));
#13295=CARTESIAN_POINT('',(-8.81084982935535,-44.0758407120782,4.765));
#13296=CARTESIAN_POINT('',(-8.81084982935535,-44.0758407120782,1.51));
#13297=CARTESIAN_POINT('',(-10.0708498293553,-43.3483793728992,4.765));
#13298=CARTESIAN_POINT('',(-27.7321434378119,-33.1516267538198,4.765));
#13299=CARTESIAN_POINT('',(-10.0708498293553,-43.3483793728992,1.51));
#13300=CARTESIAN_POINT('',(-10.0708498293553,-43.3483793728992,1.51));
#13301=CARTESIAN_POINT('',(-20.5606515957518,-37.2920894993244,1.51));
#13302=CARTESIAN_POINT('',(-39.4032256196265,-26.4133243144149,1.51));
#13303=CARTESIAN_POINT('',(-20.5606515957518,-37.2920894993244,4.765));
#13304=CARTESIAN_POINT('',(-20.5606515957518,-37.2920894993244,1.51));
#13305=CARTESIAN_POINT('',(-21.6518436045202,-36.6620894993244,4.765));
#13306=CARTESIAN_POINT('',(-27.7321434378119,-33.1516267538198,4.765));
#13307=CARTESIAN_POINT('',(-21.6518436045202,-36.6620894993244,1.51));
#13308=CARTESIAN_POINT('',(-21.6518436045202,-36.6620894993244,1.51));
#13309=CARTESIAN_POINT('',(-39.4032256196265,-26.4133243144149,1.51));
#13310=CARTESIAN_POINT('Origin',(-27.4821434378119,-32.7186140519276,4.265));
#13311=CARTESIAN_POINT('',(-21.1518436045202,-35.79606409554,3.765));
#13312=CARTESIAN_POINT('',(-18.0247100819376,-30.3797099523751,-2.48926704516521));
#13313=CARTESIAN_POINT('',(-20.0606515957518,-36.42606409554,3.765));
#13314=CARTESIAN_POINT('',(-20.0287765957518,-36.3708549760487,3.70125));
#13315=CARTESIAN_POINT('',(-27.2321434378119,-32.2856013500354,3.765));
#13316=CARTESIAN_POINT('Origin',(-27.4821434378119,-32.7186140519276,4.265));
#13317=CARTESIAN_POINT('',(-9.07084982935532,-42.7710291037096,3.765));
#13318=CARTESIAN_POINT('',(-9.9885121569338,-43.3008416955622,4.68266232757847));
#13319=CARTESIAN_POINT('',(-7.81084982935534,-43.4984904428885,3.765));
#13320=CARTESIAN_POINT('',(-10.6021060591349,-45.110022978529,6.55625622977951));
#13321=CARTESIAN_POINT('',(-27.2321434378119,-32.2856013500354,3.765));
#13322=CARTESIAN_POINT('Origin',(30.0956684759367,-31.2096946676324,4.265));
#13323=CARTESIAN_POINT('',(7.80364482935532,-43.502650251578,3.765));
#13324=CARTESIAN_POINT('',(8.80364482935533,-44.0800005207677,4.765));
#13325=CARTESIAN_POINT('',(9.18926417141618,-44.3026379517112,5.15061934206085));
#13326=CARTESIAN_POINT('',(10.0636448293553,-43.3525391815888,4.765));
#13327=CARTESIAN_POINT('',(30.3456684759367,-31.6427073695247,4.765));
#13328=CARTESIAN_POINT('',(9.06364482935532,-42.7751889123991,3.765));
#13329=CARTESIAN_POINT('',(12.0492910645812,-44.4989525700118,6.75064623522591));
#13330=CARTESIAN_POINT('',(29.8456684759367,-30.7766819657402,3.765));
#13331=CARTESIAN_POINT('Origin',(39.4032256196265,-26.4133243144149,1.51));
#13332=CARTESIAN_POINT('',(10.0636448293553,-43.3525391815888,1.51));
#13333=CARTESIAN_POINT('',(10.0636448293553,-43.3525391815888,1.51));
#13334=CARTESIAN_POINT('',(8.80364482935533,-44.0800005207677,1.51));
#13335=CARTESIAN_POINT('',(8.80364482935533,-44.0800005207677,1.51));
#13336=CARTESIAN_POINT('',(3.1729970448673,-47.3308565348538,1.51));
#13337=CARTESIAN_POINT('',(3.1729970448673,-47.3308565348538,1.51));
#13338=CARTESIAN_POINT('',(3.1729970448673,-47.3308565348538,1.51));
#13339=CARTESIAN_POINT('',(39.4032256196265,-26.4133243144149,1.51));
#13340=CARTESIAN_POINT('',(39.4032256196265,-26.4133243144149,1.51));
#13341=CARTESIAN_POINT('',(34.1761755433768,-29.4311630830053,1.51));
#13342=CARTESIAN_POINT('',(3.1729970448673,-47.3308565348538,1.51));
#13343=CARTESIAN_POINT('',(34.1761755433768,-29.4311630830053,4.765));
#13344=CARTESIAN_POINT('',(34.1761755433768,-29.4311630830053,1.51));
#13345=CARTESIAN_POINT('',(32.9161755433768,-30.1586244221842,4.765));
#13346=CARTESIAN_POINT('',(30.3456684759367,-31.6427073695247,4.765));
#13347=CARTESIAN_POINT('',(32.9161755433768,-30.1586244221842,1.51));
#13348=CARTESIAN_POINT('',(32.9161755433768,-30.1586244221842,1.51));
#13349=CARTESIAN_POINT('',(22.0155726311839,-36.4520904478681,1.51));
#13350=CARTESIAN_POINT('',(3.1729970448673,-47.3308565348538,1.51));
#13351=CARTESIAN_POINT('',(22.0155726311839,-36.4520904478681,4.765));
#13352=CARTESIAN_POINT('',(22.0155726311839,-36.4520904478681,1.51));
#13353=CARTESIAN_POINT('',(30.3456684759367,-31.6427073695247,4.765));
#13354=CARTESIAN_POINT('',(3.1729970448673,-47.3308565348538,1.51));
#13355=CARTESIAN_POINT('Origin',(30.0956684759367,-31.2096946676324,4.265));
#13356=CARTESIAN_POINT('',(21.5155726311839,-35.5860650440836,3.765));
#13357=CARTESIAN_POINT('',(21.4836976311839,-35.5308559245924,3.70125));
#13358=CARTESIAN_POINT('',(29.8456684759367,-30.7766819657402,3.765));
#13359=CARTESIAN_POINT('Origin',(30.0956684759367,-31.2096946676324,4.265));
#13360=CARTESIAN_POINT('',(32.9161755433768,-29.003923883805,3.765));
#13361=CARTESIAN_POINT('',(32.9161755433768,-26.4814447365287,1.58046897794221));
#13362=CARTESIAN_POINT('',(34.1761755433768,-28.2764625446261,3.765));
#13363=CARTESIAN_POINT('',(34.1761755433768,-29.0101934239815,4.40042958106288));
#13364=CARTESIAN_POINT('',(29.8456684759367,-30.7766819657402,3.765));
#13365=CARTESIAN_POINT('Origin',(42.0762226644938,10.4587661102194,4.265));
#13366=CARTESIAN_POINT('',(41.5762226644937,-15.4592051296338,3.765));
#13367=CARTESIAN_POINT('',(42.5762226644937,-14.8818548604442,4.765));
#13368=CARTESIAN_POINT('',(43.3332120431935,-14.4448068388782,5.52198937869977));
#13369=CARTESIAN_POINT('',(42.5762226644937,-13.4269321820864,4.765));
#13370=CARTESIAN_POINT('',(42.5762226644938,10.4587661102194,4.765));
#13371=CARTESIAN_POINT('',(41.5762226644937,-14.004282451276,3.765));
#13372=CARTESIAN_POINT('',(44.6195257371034,-12.2472306030792,6.80830307260962));
#13373=CARTESIAN_POINT('',(41.5762226644938,10.4587661102194,3.765));
#13374=CARTESIAN_POINT('Origin',(42.5762226644938,20.9175322204389,1.51));
#13375=CARTESIAN_POINT('',(42.5762226644937,-13.4269321820864,1.51));
#13376=CARTESIAN_POINT('',(42.5762226644937,-13.4269321820864,1.51));
#13377=CARTESIAN_POINT('',(42.5762226644937,-14.8818548604442,1.51));
#13378=CARTESIAN_POINT('',(42.5762226644937,-14.8818548604442,1.51));
#13379=CARTESIAN_POINT('',(42.5762226644937,-20.9175322204389,1.51));
#13380=CARTESIAN_POINT('',(42.5762226644937,-20.9175322204389,1.51));
#13381=CARTESIAN_POINT('',(42.5762226644937,-20.9175322204389,1.51));
#13382=CARTESIAN_POINT('',(42.5762226644938,20.9175322204389,1.51));
#13383=CARTESIAN_POINT('',(42.5762226644938,20.9175322204389,1.51));
#13384=CARTESIAN_POINT('',(42.5762226644938,16.526946,1.51));
#13385=CARTESIAN_POINT('',(42.5762226644937,-20.9175322204389,1.51));
#13386=CARTESIAN_POINT('',(42.5762226644938,16.526946,4.765));
#13387=CARTESIAN_POINT('',(42.5762226644938,16.526946,1.51));
#13388=CARTESIAN_POINT('',(42.5762226644938,15.266946,4.765));
#13389=CARTESIAN_POINT('',(42.5762226644938,10.4587661102194,4.765));
#13390=CARTESIAN_POINT('',(42.5762226644938,15.266946,1.51));
#13391=CARTESIAN_POINT('',(42.5762226644938,15.266946,1.51));
#13392=CARTESIAN_POINT('',(42.5762226644938,0.839951451821474,1.51));
#13393=CARTESIAN_POINT('',(42.5762226644937,-20.9175322204389,1.51));
#13394=CARTESIAN_POINT('',(42.5762226644937,0.839951451821475,4.765));
#13395=CARTESIAN_POINT('',(42.5762226644938,0.839951451821474,1.51));
#13396=CARTESIAN_POINT('',(42.5762226644937,-0.420048548178527,4.765));
#13397=CARTESIAN_POINT('',(42.5762226644938,10.4587661102194,4.765));
#13398=CARTESIAN_POINT('',(42.5762226644937,-0.420048548178526,1.51));
#13399=CARTESIAN_POINT('',(42.5762226644937,-0.420048548178526,1.51));
#13400=CARTESIAN_POINT('',(42.5762226644937,-20.9175322204389,1.51));
#13401=CARTESIAN_POINT('Origin',(42.0762226644938,10.4587661102194,4.265));
#13402=CARTESIAN_POINT('',(41.5762226644938,-0.420048548178526,3.765));
#13403=CARTESIAN_POINT('',(35.3876104071218,-0.420048548178527,-2.42361225737195));
#13404=CARTESIAN_POINT('',(41.5762226644938,0.839951451821474,3.765));
#13405=CARTESIAN_POINT('',(41.5124726644937,0.839951451821475,3.70125));
#13406=CARTESIAN_POINT('',(41.5762226644938,10.4587661102194,3.765));
#13407=CARTESIAN_POINT('Origin',(42.0762226644938,10.4587661102194,4.265));
#13408=CARTESIAN_POINT('',(41.5762226644938,15.266946,3.765));
#13409=CARTESIAN_POINT('',(37.8264560673928,15.266946,0.0152334028989993));
#13410=CARTESIAN_POINT('',(41.5762226644938,16.526946,3.765));
#13411=CARTESIAN_POINT('',(41.5124726644938,16.526946,3.70125));
#13412=CARTESIAN_POINT('',(41.5762226644938,10.4587661102194,3.765));
#13413=CARTESIAN_POINT('Origin',(11.9805541885571,41.6684607778519,4.265));
#13414=CARTESIAN_POINT('',(35.0864397358436,27.7509212680717,3.765));
#13415=CARTESIAN_POINT('',(35.5864397358436,28.6169466718561,4.765));
#13416=CARTESIAN_POINT('',(33.9547123761281,25.7907119807286,1.50154528056893));
#13417=CARTESIAN_POINT('',(34.4952477270752,29.2469466718561,4.765));
#13418=CARTESIAN_POINT('',(12.2305541885571,42.1014734797441,4.765));
#13419=CARTESIAN_POINT('',(33.9952477270752,28.3809212680717,3.765));
#13420=CARTESIAN_POINT('',(33.9633727270752,28.3257121485804,3.70125000000002));
#13421=CARTESIAN_POINT('',(11.7305541885571,41.2354480759596,3.765));
#13422=CARTESIAN_POINT('Origin',(3.17299704486733,47.3308565348538,1.51));
#13423=CARTESIAN_POINT('',(34.4952477270752,29.2469466718561,1.51));
#13424=CARTESIAN_POINT('',(34.4952477270752,29.2469466718561,1.51));
#13425=CARTESIAN_POINT('',(35.5864397358436,28.6169466718561,1.51));
#13426=CARTESIAN_POINT('',(35.5864397358436,28.6169466718561,1.51));
#13427=CARTESIAN_POINT('',(39.4032256196265,26.4133243144149,1.51));
#13428=CARTESIAN_POINT('',(39.4032256196265,26.4133243144149,1.51));
#13429=CARTESIAN_POINT('',(39.4032256196265,26.4133243144149,1.51));
#13430=CARTESIAN_POINT('',(3.17299704486733,47.3308565348538,1.51));
#13431=CARTESIAN_POINT('',(3.17299704486733,47.3308565348538,1.51));
#13432=CARTESIAN_POINT('',(14.4350641048867,40.82869908612,1.51));
#13433=CARTESIAN_POINT('',(39.4032256196265,26.4133243144149,1.51));
#13434=CARTESIAN_POINT('',(14.4350641048867,40.82869908612,4.765));
#13435=CARTESIAN_POINT('',(14.4350641048867,40.82869908612,1.51));
#13436=CARTESIAN_POINT('',(16.6174481224234,39.56869908612,4.765));
#13437=CARTESIAN_POINT('',(12.2305541885571,42.1014734797441,4.765));
#13438=CARTESIAN_POINT('',(16.6174481224234,39.56869908612,1.51));
#13439=CARTESIAN_POINT('',(16.6174481224234,39.56869908612,1.51));
#13440=CARTESIAN_POINT('',(20.5606514400488,37.2920895892196,1.51));
#13441=CARTESIAN_POINT('',(39.4032256196265,26.4133243144149,1.51));
#13442=CARTESIAN_POINT('',(20.5606514400488,37.2920895892196,4.765));
#13443=CARTESIAN_POINT('',(20.5606514400488,37.2920895892196,1.51));
#13444=CARTESIAN_POINT('',(21.6518434488172,36.6620895892196,4.765));
#13445=CARTESIAN_POINT('',(12.2305541885571,42.1014734797441,4.765));
#13446=CARTESIAN_POINT('',(21.6518434488172,36.6620895892196,1.51));
#13447=CARTESIAN_POINT('',(21.6518434488172,36.6620895892196,1.51));
#13448=CARTESIAN_POINT('',(39.4032256196265,26.4133243144149,1.51));
#13449=CARTESIAN_POINT('Origin',(11.9805541885571,41.6684607778519,4.265));
#13450=CARTESIAN_POINT('',(21.1518434488172,35.7960641854352,3.765));
#13451=CARTESIAN_POINT('',(18.2974191354461,30.8520562483166,-1.94384862674203));
#13452=CARTESIAN_POINT('',(20.0606514400488,36.4260641854352,3.765));
#13453=CARTESIAN_POINT('',(20.0287764400488,36.3708550659439,3.70125000000001));
#13454=CARTESIAN_POINT('',(11.7305541885571,41.2354480759596,3.765));
#13455=CARTESIAN_POINT('Origin',(11.9805541885571,41.6684607778519,4.265));
#13456=CARTESIAN_POINT('',(14.6174481224234,39.56869908612,3.765));
#13457=CARTESIAN_POINT('',(0.717732050938144,39.56869908612,-3.18485803574261));
#13458=CARTESIAN_POINT('',(12.4350641048867,40.82869908612,3.765));
#13459=CARTESIAN_POINT('',(12.7022601383548,40.82869908612,3.89859801673409));
#13460=CARTESIAN_POINT('',(11.7305541885571,41.2354480759596,3.765));
#13461=CARTESIAN_POINT('Origin',(-17.6115877185667,38.417382053485,4.265));
#13462=CARTESIAN_POINT('',(-16.6174481224234,39.56869908612,4.765));
#13463=CARTESIAN_POINT('',(-14.6174481224234,39.56869908612,3.765));
#13464=CARTESIAN_POINT('',(-16.2641039608808,39.56869908612,4.58832791922867));
#13465=CARTESIAN_POINT('',(-12.4350641048866,40.82869908612,3.765));
#13466=CARTESIAN_POINT('',(-17.3615877185667,37.9843693515928,3.765));
#13467=CARTESIAN_POINT('',(-14.4350641048866,40.82869908612,4.765));
#13468=CARTESIAN_POINT('',(-3.4066222664493,40.82869908612,-0.749220919218578));
#13469=CARTESIAN_POINT('',(-17.8615877185667,38.8503947553772,4.765));
#13470=CARTESIAN_POINT('Origin',(0.,0.,3.765));
#13471=CARTESIAN_POINT('',(-14.4350641048866,40.82869908612,3.765));
#13472=CARTESIAN_POINT('',(-16.6174481224234,39.56869908612,3.765));
#13473=CARTESIAN_POINT('Origin',(-17.6115877185667,38.417382053485,4.265));
#13474=CARTESIAN_POINT('',(-20.424379995973,36.2160654057603,3.765));
#13475=CARTESIAN_POINT('',(-20.924379995973,37.0820908095448,4.765));
#13476=CARTESIAN_POINT('',(-17.569939596509,31.2720296067115,-1.94388079892799));
#13477=CARTESIAN_POINT('',(-22.0155720047414,36.4520908095448,4.765));
#13478=CARTESIAN_POINT('',(-17.8615877185667,38.8503947553772,4.765));
#13479=CARTESIAN_POINT('',(-21.5155720047414,35.5860654057603,3.765));
#13480=CARTESIAN_POINT('',(-21.4836970047414,35.5308562862691,3.70125));
#13481=CARTESIAN_POINT('',(-17.3615877185667,37.9843693515928,3.765));
#13482=CARTESIAN_POINT('Origin',(-14.4350641048866,40.82869908612,1.51));
#13483=CARTESIAN_POINT('',(-14.4350641048866,40.82869908612,1.51));
#13484=CARTESIAN_POINT('',(-14.4350641048866,40.82869908612,1.51));
#13485=CARTESIAN_POINT('',(-3.17299704486726,47.3308565348538,1.51));
#13486=CARTESIAN_POINT('',(-3.17299704486726,47.3308565348538,1.51));
#13487=CARTESIAN_POINT('',(-3.17299704486726,47.3308565348538,1.51));
#13488=CARTESIAN_POINT('',(-39.4032256196264,26.413324314415,1.51));
#13489=CARTESIAN_POINT('',(-39.4032256196264,26.413324314415,1.51));
#13490=CARTESIAN_POINT('',(-35.6027826245237,28.6075111006774,1.51));
#13491=CARTESIAN_POINT('',(-3.17299704486726,47.3308565348538,1.51));
#13492=CARTESIAN_POINT('',(-35.6027826245237,28.6075111006774,4.765));
#13493=CARTESIAN_POINT('',(-35.6027826245237,28.6075111006774,1.51));
#13494=CARTESIAN_POINT('',(-34.5115906157553,29.2375111006774,4.765));
#13495=CARTESIAN_POINT('',(-17.8615877185667,38.8503947553772,4.765));
#13496=CARTESIAN_POINT('',(-34.5115906157553,29.2375111006774,1.51));
#13497=CARTESIAN_POINT('',(-34.5115906157553,29.2375111006774,1.51));
#13498=CARTESIAN_POINT('',(-22.0155720047414,36.4520908095448,1.51));
#13499=CARTESIAN_POINT('',(-3.17299704486726,47.3308565348538,1.51));
#13500=CARTESIAN_POINT('',(-22.0155720047414,36.4520908095448,1.51));
#13501=CARTESIAN_POINT('',(-20.924379995973,37.0820908095448,1.51));
#13502=CARTESIAN_POINT('',(-20.924379995973,37.0820908095448,1.51));
#13503=CARTESIAN_POINT('',(-16.6174481224234,39.56869908612,1.51));
#13504=CARTESIAN_POINT('',(-3.17299704486726,47.3308565348538,1.51));
#13505=CARTESIAN_POINT('',(-16.6174481224234,39.56869908612,1.51));
#13506=CARTESIAN_POINT('Origin',(-17.6115877185667,38.417382053485,4.265));
#13507=CARTESIAN_POINT('',(-34.0115906157553,28.3714856968929,3.765));
#13508=CARTESIAN_POINT('',(-32.068557625592,25.0060538371477,-0.121065980326528));
#13509=CARTESIAN_POINT('',(-35.1027826245237,27.7414856968929,3.765));
#13510=CARTESIAN_POINT('',(-35.0709076245237,27.6862765774017,3.70125));
#13511=CARTESIAN_POINT('',(-17.3615877185667,37.9843693515928,3.765));
#13512=CARTESIAN_POINT('Origin',(-42.0762226644937,8.27250000000002,4.265));
#13513=CARTESIAN_POINT('',(-41.5762226644937,16.545,3.765));
#13514=CARTESIAN_POINT('',(-39.3184169983703,16.545,1.50719433387656));
#13515=CARTESIAN_POINT('',(-41.5762226644937,15.285,3.765));
#13516=CARTESIAN_POINT('',(-41.5124726644937,15.285,3.70125));
#13517=CARTESIAN_POINT('',(-41.5762226644937,8.27250000000002,3.765));
#13518=CARTESIAN_POINT('Origin',(-42.0762226644937,8.27250000000002,4.265));
#13519=CARTESIAN_POINT('',(-41.5762226644937,0.840000043193421,3.765));
#13520=CARTESIAN_POINT('',(-35.8640043874401,0.840000043193422,-1.94721827705367));
#13521=CARTESIAN_POINT('',(-41.5762226644937,-0.419999956806577,3.765));
#13522=CARTESIAN_POINT('',(-41.5124726644937,-0.419999956806577,3.70125));
#13523=CARTESIAN_POINT('',(-41.5762226644937,8.27250000000002,3.765));
#13524=CARTESIAN_POINT('Origin',(0.,0.,3.765));
#13525=CARTESIAN_POINT('',(-2.58796070327763,-40.483054,3.765));
#13526=CARTESIAN_POINT('',(-0.007205,-38.993054,3.765));
#13527=CARTESIAN_POINT('',(2.57355070327763,-40.483054,3.765));
#13528=CARTESIAN_POINT('Origin',(-0.007205,-38.993054,3.765));
#13529=CARTESIAN_POINT('',(-0.007205,-38.993054,3.765));
#13530=CARTESIAN_POINT('',(4.12886117165164,-39.9260902392313,3.765));
#13531=CARTESIAN_POINT('',(4.12886117165164,-39.9260902392313,3.765));
#13532=CARTESIAN_POINT('',(0.622795,-34.8001194667644,3.765));
#13533=CARTESIAN_POINT('Origin',(-0.007205,-38.993054,3.765));
#13534=CARTESIAN_POINT('',(0.622795,-28.0873998588989,3.765));
#13535=CARTESIAN_POINT('',(0.622795,-28.0873998588989,3.765));
#13536=CARTESIAN_POINT('',(-0.637205000000001,-28.0873998588989,3.765));
#13537=CARTESIAN_POINT('',(-0.637205,-28.0873998588989,3.765));
#13538=CARTESIAN_POINT('',(-0.637205000000001,-34.8001194667644,3.765));
#13539=CARTESIAN_POINT('',(-0.637205,-38.993054,3.765));
#13540=CARTESIAN_POINT('',(-4.14327117165163,-39.9260902392314,3.765));
#13541=CARTESIAN_POINT('Origin',(-0.007205,-38.993054,3.765));
#13542=CARTESIAN_POINT('',(-10.0708498293553,-43.3483793728992,3.765));
#13543=CARTESIAN_POINT('Origin',(0.,0.,3.765));
#13544=CARTESIAN_POINT('',(-37.4441247358092,-17.8448729810778,3.765));
#13545=CARTESIAN_POINT('',(-34.5961761255569,-19.4891368778452,3.765));
#13546=CARTESIAN_POINT('',(-34.1761755433769,-23.5051270189214,3.765));
#13547=CARTESIAN_POINT('',(-37.4441247358092,-17.8448729810778,3.765));
#13548=CARTESIAN_POINT('',(-34.1761755433769,-20.7015721070216,3.765));
#13549=CARTESIAN_POINT('',(-32.9161755433769,-19.9741107678426,3.765));
#13550=CARTESIAN_POINT('',(-32.9161755433769,-30.1586244221842,3.765));
#13551=CARTESIAN_POINT('',(-16.6128144171106,-10.5613608328971,3.765));
#13552=CARTESIAN_POINT('',(-16.6128144171106,-10.5613608328971,3.765));
#13553=CARTESIAN_POINT('',(-9.27080951418982,-15.2175094046298,3.765));
#13554=CARTESIAN_POINT('Origin',(-5.93584807271099,-1.84214561345795,3.765));
#13555=CARTESIAN_POINT('',(-9.27080951418982,-15.2175094046298,3.765));
#13556=CARTESIAN_POINT('',(-7.96556256828927,-15.476755377906,3.765));
#13557=CARTESIAN_POINT('',(-7.96556256828927,-15.476755377906,3.765));
#13558=CARTESIAN_POINT('Origin',(-5.93584807271099,-1.84214561345795,3.765));
#13559=CARTESIAN_POINT('',(6.00752118765711,-8.72533201750342,3.765));
#13560=CARTESIAN_POINT('',(6.00752118765711,-8.72533201750342,3.765));
#13561=CARTESIAN_POINT('',(7.4265606898061,-5.22864180063263,3.765));
#13562=CARTESIAN_POINT('Origin',(-5.93584807271099,-1.84214561345795,3.765));
#13563=CARTESIAN_POINT('',(8.56359461797735,-5.42938151541058,3.765));
#13564=CARTESIAN_POINT('Origin',(9.65006157950398,4.04518156567979,3.765));
#13565=CARTESIAN_POINT('',(32.9161755433769,-19.4893506681521,3.765));
#13566=CARTESIAN_POINT('',(8.56359461797735,-5.42938151541058,3.765));
#13567=CARTESIAN_POINT('',(32.9161755433769,-19.4893506681521,3.765));
#13568=CARTESIAN_POINT('',(34.1761755433769,-23.5051270189214,3.765));
#13569=CARTESIAN_POINT('',(34.1761755433768,-29.4311630830053,3.765));
#13570=CARTESIAN_POINT('',(37.4441247358092,-17.8448729810777,3.765));
#13571=CARTESIAN_POINT('',(34.1761755433769,-23.5051270189214,3.765));
#13572=CARTESIAN_POINT('',(35.0159906866299,-19.2467568279999,3.765));
#13573=CARTESIAN_POINT('',(33.7559906866299,-18.519295488821,3.765));
#13574=CARTESIAN_POINT('',(33.7559906866299,-18.519295488821,3.765));
#13575=CARTESIAN_POINT('',(11.0198587882723,-5.39258361697336,3.765));
#13576=CARTESIAN_POINT('',(11.0198587882723,-5.39258361697336,3.765));
#13577=CARTESIAN_POINT('',(18.076773635006,-0.420048548178527,3.765));
#13578=CARTESIAN_POINT('Origin',(9.65006157950398,4.04518156567979,3.765));
#13579=CARTESIAN_POINT('',(18.076773635006,-0.420048548178525,3.765));
#13580=CARTESIAN_POINT('',(18.6319464570375,0.839951451821475,3.765));
#13581=CARTESIAN_POINT('',(18.6319464570375,0.839951451821475,3.765));
#13582=CARTESIAN_POINT('',(18.4452356450462,7.73200529252954,3.765));
#13583=CARTESIAN_POINT('Origin',(9.65006157950398,4.04518156567979,3.765));
#13584=CARTESIAN_POINT('',(17.6575488832272,9.39263368283207,3.765));
#13585=CARTESIAN_POINT('Origin',(0.000129850672473471,5.44317300206672E-5,
3.765));
#13586=CARTESIAN_POINT('',(27.8321562760898,15.266946,3.765));
#13587=CARTESIAN_POINT('',(17.6575488832272,9.39263368283207,3.765));
#13588=CARTESIAN_POINT('',(27.8321562760898,15.266946,3.765));
#13589=CARTESIAN_POINT('',(33.7677860813434,16.526946,3.765));
#13590=CARTESIAN_POINT('',(30.0145402936266,16.526946,3.765));
#13591=CARTESIAN_POINT('',(31.1870302969815,20.9969460004488,3.765));
#13592=CARTESIAN_POINT('Origin',(33.767786,19.506946,3.765));
#13593=CARTESIAN_POINT('',(29.1621417433538,17.4897361459011,3.765));
#13594=CARTESIAN_POINT('',(26.979757725817,16.2297361459011,3.765));
#13595=CARTESIAN_POINT('',(26.9797577258171,16.2297361459011,3.765));
#13596=CARTESIAN_POINT('',(17.0310695724218,10.4858583624547,3.765));
#13597=CARTESIAN_POINT('',(17.0310695724218,10.4858583624547,3.765));
#13598=CARTESIAN_POINT('',(10.3616461953331,17.1068943187106,3.765));
#13599=CARTESIAN_POINT('Origin',(0.000129850672473471,5.44317300206672E-5,
3.765));
#13600=CARTESIAN_POINT('',(10.3616461953331,17.1068943187106,3.765));
#13601=CARTESIAN_POINT('',(9.26383294391306,17.7254259900287,3.765));
#13602=CARTESIAN_POINT('',(9.26383294391306,17.7254259900287,3.765));
#13603=CARTESIAN_POINT('',(-9.63411839811705,17.5267840913144,3.765));
#13604=CARTESIAN_POINT('Origin',(0.000129850672473471,5.44317300206672E-5,
3.765));
#13605=CARTESIAN_POINT('',(-9.63411839811705,17.5267840913144,3.765));
#13606=CARTESIAN_POINT('',(-10.7186874201087,16.8853127417193,3.765));
#13607=CARTESIAN_POINT('',(-10.7186874201087,16.8853127417193,3.765));
#13608=CARTESIAN_POINT('',(-17.1067247575765,10.3615464715712,3.765));
#13609=CARTESIAN_POINT('Origin',(0.000129850672473471,5.44317300206672E-5,
3.765));
#13610=CARTESIAN_POINT('',(-26.8669586551022,15.9966201396614,3.765));
#13611=CARTESIAN_POINT('',(-17.1067247575765,10.3615464715712,3.765));
#13612=CARTESIAN_POINT('',(-26.8669586551022,15.9966201396614,3.765));
#13613=CARTESIAN_POINT('',(-31.2192442968725,21.01500000026,3.765));
#13614=CARTESIAN_POINT('',(-29.049342672639,17.2566201396614,3.765));
#13615=CARTESIAN_POINT('',(-33.8,16.545,3.765));
#13616=CARTESIAN_POINT('Origin',(-33.8,19.525,3.765));
#13617=CARTESIAN_POINT('',(-30.3367804350562,16.545,3.765));
#13618=CARTESIAN_POINT('',(-28.1543964175194,15.285,3.765));
#13619=CARTESIAN_POINT('',(-28.1543964175194,15.285,3.765));
#13620=CARTESIAN_POINT('',(-17.7252548778815,9.2637323246733,3.765));
#13621=CARTESIAN_POINT('',(-17.7252548778815,9.2637323246733,3.765));
#13622=CARTESIAN_POINT('',(-19.9823495562791,0.840000043193427,3.765));
#13623=CARTESIAN_POINT('Origin',(0.000129850672473471,5.44317300206672E-5,
3.765));
#13624=CARTESIAN_POINT('',(-19.9823495562791,0.840000043193426,3.765));
#13625=CARTESIAN_POINT('',(-19.9955833446634,-0.419999956806576,3.765));
#13626=CARTESIAN_POINT('',(-19.9955833446634,-0.419999956806576,3.765));
#13627=CARTESIAN_POINT('',(-19.1012720743066,-5.92796685533244,3.765));
#13628=CARTESIAN_POINT('Origin',(0.000129850672473471,5.44317300206672E-5,
3.765));
#13629=CARTESIAN_POINT('',(-17.3690586500083,-9.54305596597589,3.765));
#13630=CARTESIAN_POINT('Origin',(-5.93584807271099,-1.84214561345795,3.765));
#13631=CARTESIAN_POINT('',(-33.3361761255569,-18.7616755386662,3.765));
#13632=CARTESIAN_POINT('',(-17.3690586500083,-9.54305596597589,3.765));
#13633=CARTESIAN_POINT('',(-42.5762226644937,-13.4269321820863,3.765));
#13634=CARTESIAN_POINT('',(15.2171740281937,6.37865090298077,3.765));
#13635=CARTESIAN_POINT('',(8.2426373560121,-1.82492128702209,3.765));
#13636=CARTESIAN_POINT('Origin',(9.65015897644756,4.0450298708606,3.765));
#13637=CARTESIAN_POINT('',(4.03362437429779,-4.36882925198962,3.765));
#13638=CARTESIAN_POINT('Origin',(7.4265606898061,-5.22864180063263,3.765));
#13639=CARTESIAN_POINT('',(-15.7586120953693,-4.89079601519169,3.765));
#13640=CARTESIAN_POINT('Origin',(-5.93600432466315,-1.84240050014497,3.765));
#13641=CARTESIAN_POINT('Origin',(2.39711498434416E-6,-0.000191517524176974,
3.765));
#13642=CARTESIAN_POINT('Origin',(-35.6027826245237,28.6075111006774,1.51));
#13643=CARTESIAN_POINT('',(-31.2192442968725,21.01500000026,1.51));
#13644=CARTESIAN_POINT('',(-29.049342672639,17.2566201396614,1.51));
#13645=CARTESIAN_POINT('',(-31.2192442968725,21.01500000026,1.51));
#13646=CARTESIAN_POINT('Origin',(-42.5762226644937,20.9175322204389,1.51));
#13647=CARTESIAN_POINT('',(-39.4032256196264,26.413324314415,1.51));
#13648=CARTESIAN_POINT('Origin',(-33.8,16.545,1.51));
#13649=CARTESIAN_POINT('',(-33.8,16.545,1.51));
#13650=CARTESIAN_POINT('',(-30.3367804350562,16.545,1.51));
#13651=CARTESIAN_POINT('',(-33.8,16.545,1.51));
#13652=CARTESIAN_POINT('Origin',(-33.8,19.525,1.51));
#13653=CARTESIAN_POINT('Origin',(-33.8,19.525,1.51));
#13654=CARTESIAN_POINT('Origin',(-8.81084982935535,-44.0758407120782,1.51));
#13655=CARTESIAN_POINT('',(-2.58796070327763,-40.483054,1.51));
#13656=CARTESIAN_POINT('',(-0.007205,-38.993054,1.51));
#13657=CARTESIAN_POINT('',(-2.58796070327763,-40.483054,1.51));
#13658=CARTESIAN_POINT('Origin',(3.1729970448673,-47.3308565348538,1.51));
#13659=CARTESIAN_POINT('',(-3.17299704486732,-47.3308565348538,1.51));
#13660=CARTESIAN_POINT('Origin',(2.57355070327763,-40.483054,1.51));
#13661=CARTESIAN_POINT('',(2.57355070327763,-40.483054,1.51));
#13662=CARTESIAN_POINT('',(-0.007205,-38.993054,1.51));
#13663=CARTESIAN_POINT('',(2.57355070327763,-40.483054,1.51));
#13664=CARTESIAN_POINT('Origin',(-0.007205,-38.993054,1.51));
#13665=CARTESIAN_POINT('Origin',(-0.007205,-38.993054,1.51));
#13666=CARTESIAN_POINT('Origin',(2.39711498434416E-6,-0.000191517524176974,
1.51));
#13667=CARTESIAN_POINT('',(-15.7586120953693,-4.89079601519169,1.51));
#13668=CARTESIAN_POINT('',(15.2171740281937,6.37865090298077,1.51));
#13669=CARTESIAN_POINT('Origin',(2.39711498434416E-6,-0.000191517524176974,
1.51));
#13670=CARTESIAN_POINT('',(15.2171740281937,6.37865090298077,1.51));
#13671=CARTESIAN_POINT('',(-15.7586120953693,-4.89079601519169,1.51));
#13672=CARTESIAN_POINT('Origin',(-5.93600432466315,-1.84240050014497,1.51));
#13673=CARTESIAN_POINT('',(4.03362437429779,-4.36882925198962,1.51));
#13674=CARTESIAN_POINT('Origin',(-5.93600432466315,-1.84240050014497,1.51));
#13675=CARTESIAN_POINT('',(4.03362437429779,-4.36882925198962,1.51));
#13676=CARTESIAN_POINT('Origin',(7.4265606898061,-5.22864180063263,1.51));
#13677=CARTESIAN_POINT('',(8.2426373560121,-1.82492128702209,1.51));
#13678=CARTESIAN_POINT('Origin',(7.4265606898061,-5.22864180063263,1.51));
#13679=CARTESIAN_POINT('',(8.2426373560121,-1.82492128702209,1.51));
#13680=CARTESIAN_POINT('Origin',(9.65015897644756,4.0450298708606,1.51));
#13681=CARTESIAN_POINT('Origin',(9.65015897644756,4.0450298708606,1.51));
#13682=CARTESIAN_POINT('Origin',(33.7559906866299,-18.519295488821,1.51));
#13683=CARTESIAN_POINT('',(33.7559906866299,-18.519295488821,1.51));
#13684=CARTESIAN_POINT('',(11.0198587882723,-5.39258361697336,1.51));
#13685=CARTESIAN_POINT('',(11.0198587882723,-5.39258361697336,1.51));
#13686=CARTESIAN_POINT('',(11.0198587882723,-5.39258361697336,1.51));
#13687=CARTESIAN_POINT('',(33.7559906866299,-18.519295488821,1.51));
#13688=CARTESIAN_POINT('Origin',(42.5762226644937,-13.4269321820864,1.51));
#13689=CARTESIAN_POINT('',(33.7559906866299,-18.519295488821,1.51));
#13690=CARTESIAN_POINT('Origin',(18.076773635006,-0.420048548178525,1.51));
#13691=CARTESIAN_POINT('',(18.076773635006,-0.420048548178526,1.51));
#13692=CARTESIAN_POINT('',(18.076773635006,-0.420048548178525,1.51));
#13693=CARTESIAN_POINT('',(18.076773635006,-0.420048548178526,1.51));
#13694=CARTESIAN_POINT('Origin',(9.65006157950398,4.04518156567979,1.51));
#13695=CARTESIAN_POINT('Origin',(9.65006157950398,4.04518156567979,1.51));
#13696=CARTESIAN_POINT('Origin',(0.622795,-34.8001194667644,1.51));
#13697=CARTESIAN_POINT('',(0.622795,-34.8001194667644,1.51));
#13698=CARTESIAN_POINT('',(0.622795,-28.0873998588989,1.51));
#13699=CARTESIAN_POINT('',(0.622795,-28.0873998588989,1.51));
#13700=CARTESIAN_POINT('',(0.622795,-28.0873998588989,1.51));
#13701=CARTESIAN_POINT('',(0.622795,-34.8001194667644,1.51));
#13702=CARTESIAN_POINT('Origin',(-0.007205,-38.993054,1.51));
#13703=CARTESIAN_POINT('',(4.12886117165164,-39.9260902392313,1.51));
#13704=CARTESIAN_POINT('Origin',(-0.007205,-38.993054,1.51));
#13705=CARTESIAN_POINT('',(4.12886117165164,-39.9260902392313,1.51));
#13706=CARTESIAN_POINT('Origin',(10.0636448293553,-43.3525391815888,1.51));
#13707=CARTESIAN_POINT('',(4.12886117165164,-39.9260902392313,1.51));
#13708=CARTESIAN_POINT('Origin',(-20.5606515957518,-37.2920894993244,1.51));
#13709=CARTESIAN_POINT('',(-7.96556256828927,-15.476755377906,1.51));
#13710=CARTESIAN_POINT('',(-7.96556256828927,-15.476755377906,1.51));
#13711=CARTESIAN_POINT('',(-7.96556256828927,-15.476755377906,1.51));
#13712=CARTESIAN_POINT('Origin',(-4.14327117165164,-39.9260902392314,1.51));
#13713=CARTESIAN_POINT('',(-4.14327117165163,-39.9260902392314,1.51));
#13714=CARTESIAN_POINT('',(-10.0708498293553,-43.3483793728992,1.51));
#13715=CARTESIAN_POINT('',(-4.14327117165163,-39.9260902392314,1.51));
#13716=CARTESIAN_POINT('Origin',(-0.007205,-38.993054,1.51));
#13717=CARTESIAN_POINT('',(-0.637205,-34.8001194667644,1.51));
#13718=CARTESIAN_POINT('Origin',(-0.007205,-38.993054,1.51));
#13719=CARTESIAN_POINT('',(-0.637205,-34.8001194667644,1.51));
#13720=CARTESIAN_POINT('Origin',(-0.637205,-28.0873998588989,1.51));
#13721=CARTESIAN_POINT('',(-0.637205,-28.0873998588989,1.51));
#13722=CARTESIAN_POINT('',(-0.637205,-38.993054,1.51));
#13723=CARTESIAN_POINT('',(-0.637205,-28.0873998588989,1.51));
#13724=CARTESIAN_POINT('Origin',(0.622795,-28.0873998588989,1.51));
#13725=CARTESIAN_POINT('',(-0.637205,-28.0873998588989,1.51));
#13726=CARTESIAN_POINT('Origin',(-39.4032256196265,-26.4133243144149,1.51));
#13727=CARTESIAN_POINT('',(-42.5762226644938,-20.9175322204389,1.51));
#13728=CARTESIAN_POINT('Origin',(-34.1761755433769,-23.5051270189214,1.51));
#13729=CARTESIAN_POINT('',(-34.1761755433769,-23.5051270189214,1.51));
#13730=CARTESIAN_POINT('',(-34.1761755433769,-20.7015721070216,1.51));
#13731=CARTESIAN_POINT('',(-34.1761755433769,-23.5051270189214,1.51));
#13732=CARTESIAN_POINT('Origin',(-37.4441247358092,-17.8448729810778,1.51));
#13733=CARTESIAN_POINT('',(-37.4441247358092,-17.8448729810778,1.51));
#13734=CARTESIAN_POINT('',(-37.4441247358092,-17.8448729810778,1.51));
#13735=CARTESIAN_POINT('',(-37.4441247358092,-17.8448729810778,1.51));
#13736=CARTESIAN_POINT('Origin',(-42.5762226644937,-14.8818548604442,1.51));
#13737=CARTESIAN_POINT('',(-34.5961761255569,-19.4891368778452,1.51));
#13738=CARTESIAN_POINT('Origin',(-33.3361761255569,-18.7616755386662,1.51));
#13739=CARTESIAN_POINT('',(-33.3361761255569,-18.7616755386662,1.51));
#13740=CARTESIAN_POINT('',(-42.5762226644937,-13.4269321820863,1.51));
#13741=CARTESIAN_POINT('',(-33.3361761255569,-18.7616755386662,1.51));
#13742=CARTESIAN_POINT('Origin',(-17.3690586500083,-9.54305596597589,1.51));
#13743=CARTESIAN_POINT('',(-17.3690586500083,-9.54305596597589,1.51));
#13744=CARTESIAN_POINT('',(-17.3690586500083,-9.54305596597589,1.51));
#13745=CARTESIAN_POINT('',(-17.3690586500083,-9.54305596597589,1.51));
#13746=CARTESIAN_POINT('Origin',(-5.93584807271099,-1.84214561345795,1.51));
#13747=CARTESIAN_POINT('',(-19.1012720743066,-5.92796685533244,1.51));
#13748=CARTESIAN_POINT('Origin',(-5.93584807271099,-1.84214561345795,1.51));
#13749=CARTESIAN_POINT('',(-19.1012720743066,-5.92796685533244,1.51));
#13750=CARTESIAN_POINT('Origin',(0.000129850672473471,5.44317300206672E-5,
1.51));
#13751=CARTESIAN_POINT('',(-19.9955833446634,-0.419999956806576,1.51));
#13752=CARTESIAN_POINT('Origin',(0.000129850672473471,5.44317300206672E-5,
1.51));
#13753=CARTESIAN_POINT('',(-19.9955833446634,-0.419999956806576,1.51));
#13754=CARTESIAN_POINT('Origin',(-42.5762226644937,-0.419999956806577,1.51));
#13755=CARTESIAN_POINT('',(-19.9955833446634,-0.419999956806576,1.51));
#13756=CARTESIAN_POINT('Origin',(42.5762226644938,16.526946,1.51));
#13757=CARTESIAN_POINT('',(33.7677860813434,16.526946,1.51));
#13758=CARTESIAN_POINT('',(30.0145402936266,16.526946,1.51));
#13759=CARTESIAN_POINT('',(33.7677860813434,16.526946,1.51));
#13760=CARTESIAN_POINT('Origin',(39.4032256196265,26.4133243144149,1.51));
#13761=CARTESIAN_POINT('',(42.5762226644938,20.9175322204389,1.51));
#13762=CARTESIAN_POINT('Origin',(31.1870302969815,20.9969460004488,1.51));
#13763=CARTESIAN_POINT('',(31.1870302969815,20.9969460004488,1.51));
#13764=CARTESIAN_POINT('',(29.1621417433538,17.4897361459011,1.51));
#13765=CARTESIAN_POINT('',(31.1870302969815,20.9969460004488,1.51));
#13766=CARTESIAN_POINT('Origin',(33.767786,19.506946,1.51));
#13767=CARTESIAN_POINT('Origin',(33.767786,19.506946,1.51));
#13768=CARTESIAN_POINT('Origin',(32.9161755433769,-19.4893506681521,1.51));
#13769=CARTESIAN_POINT('',(32.9161755433769,-19.4893506681521,1.51));
#13770=CARTESIAN_POINT('',(32.9161755433769,-19.4893506681521,1.51));
#13771=CARTESIAN_POINT('',(32.9161755433769,-19.4893506681521,1.51));
#13772=CARTESIAN_POINT('Origin',(8.56359461797735,-5.42938151541058,1.51));
#13773=CARTESIAN_POINT('',(8.56359461797735,-5.42938151541058,1.51));
#13774=CARTESIAN_POINT('',(8.56359461797735,-5.42938151541058,1.51));
#13775=CARTESIAN_POINT('',(8.56359461797735,-5.42938151541058,1.51));
#13776=CARTESIAN_POINT('Origin',(9.65006157950398,4.04518156567979,1.51));
#13777=CARTESIAN_POINT('',(7.4265606898061,-5.22864180063263,1.51));
#13778=CARTESIAN_POINT('Origin',(9.65006157950398,4.04518156567979,1.51));
#13779=CARTESIAN_POINT('',(7.4265606898061,-5.22864180063263,1.51));
#13780=CARTESIAN_POINT('Origin',(-5.93584807271099,-1.84214561345795,1.51));
#13781=CARTESIAN_POINT('Origin',(-5.93584807271099,-1.84214561345795,1.51));
#13782=CARTESIAN_POINT('',(6.00752118765711,-8.72533201750342,1.51));
#13783=CARTESIAN_POINT('Origin',(22.0155726311839,-36.4520904478681,1.51));
#13784=CARTESIAN_POINT('',(6.00752118765711,-8.72533201750342,1.51));
#13785=CARTESIAN_POINT('Origin',(26.979757725817,16.2297361459011,1.51));
#13786=CARTESIAN_POINT('',(26.979757725817,16.2297361459011,1.51));
#13787=CARTESIAN_POINT('',(17.0310695724218,10.4858583624547,1.51));
#13788=CARTESIAN_POINT('',(17.0310695724218,10.4858583624547,1.51));
#13789=CARTESIAN_POINT('',(17.0310695724218,10.4858583624547,1.51));
#13790=CARTESIAN_POINT('',(26.979757725817,16.2297361459011,1.51));
#13791=CARTESIAN_POINT('Origin',(34.4952477270752,29.2469466718561,1.51));
#13792=CARTESIAN_POINT('',(26.9797577258171,16.2297361459011,1.51));
#13793=CARTESIAN_POINT('Origin',(10.3616461953331,17.1068943187106,1.51));
#13794=CARTESIAN_POINT('',(10.3616461953331,17.1068943187106,1.51));
#13795=CARTESIAN_POINT('',(10.3616461953331,17.1068943187106,1.51));
#13796=CARTESIAN_POINT('',(10.3616461953331,17.1068943187106,1.51));
#13797=CARTESIAN_POINT('Origin',(0.000129850672473471,5.44317300206672E-5,
1.51));
#13798=CARTESIAN_POINT('Origin',(0.000129850672473471,5.44317300206672E-5,
1.51));
#13799=CARTESIAN_POINT('Origin',(-16.6174481224234,39.56869908612,1.51));
#13800=CARTESIAN_POINT('',(-16.6174481224234,39.56869908612,1.51));
#13801=CARTESIAN_POINT('Origin',(-9.63411839811705,17.5267840913144,1.51));
#13802=CARTESIAN_POINT('',(-9.63411839811705,17.5267840913144,1.51));
#13803=CARTESIAN_POINT('',(-9.63411839811705,17.5267840913144,1.51));
#13804=CARTESIAN_POINT('',(-9.63411839811705,17.5267840913144,1.51));
#13805=CARTESIAN_POINT('Origin',(0.000129850672473471,5.44317300206672E-5,
1.51));
#13806=CARTESIAN_POINT('',(9.26383294391306,17.7254259900287,1.51));
#13807=CARTESIAN_POINT('Origin',(0.000129850672473471,5.44317300206672E-5,
1.51));
#13808=CARTESIAN_POINT('',(9.26383294391306,17.7254259900287,1.51));
#13809=CARTESIAN_POINT('Origin',(20.5606514400488,37.2920895892196,1.51));
#13810=CARTESIAN_POINT('',(9.26383294391306,17.7254259900287,1.51));
#13811=CARTESIAN_POINT('Origin',(-3.17299704486726,47.3308565348538,1.51));
#13812=CARTESIAN_POINT('',(3.17299704486733,47.3308565348538,1.51));
#13813=CARTESIAN_POINT('Origin',(14.4350641048867,40.82869908612,1.51));
#13814=CARTESIAN_POINT('',(-14.4350641048866,40.82869908612,1.51));
#13815=CARTESIAN_POINT('Origin',(27.8321562760898,15.266946,1.51));
#13816=CARTESIAN_POINT('',(27.8321562760898,15.266946,1.51));
#13817=CARTESIAN_POINT('',(27.8321562760898,15.266946,1.51));
#13818=CARTESIAN_POINT('',(27.8321562760898,15.266946,1.51));
#13819=CARTESIAN_POINT('Origin',(17.6575488832272,9.39263368283207,1.51));
#13820=CARTESIAN_POINT('',(17.6575488832272,9.39263368283207,1.51));
#13821=CARTESIAN_POINT('',(17.6575488832272,9.39263368283207,1.51));
#13822=CARTESIAN_POINT('',(17.6575488832272,9.39263368283207,1.51));
#13823=CARTESIAN_POINT('Origin',(0.000129850672473471,5.44317300206672E-5,
1.51));
#13824=CARTESIAN_POINT('',(18.4452356450462,7.73200529252954,1.51));
#13825=CARTESIAN_POINT('Origin',(0.000129850672473471,5.44317300206672E-5,
1.51));
#13826=CARTESIAN_POINT('',(18.4452356450462,7.73200529252954,1.51));
#13827=CARTESIAN_POINT('Origin',(9.65006157950398,4.04518156567979,1.51));
#13828=CARTESIAN_POINT('',(18.6319464570375,0.839951451821475,1.51));
#13829=CARTESIAN_POINT('Origin',(9.65006157950398,4.04518156567979,1.51));
#13830=CARTESIAN_POINT('',(18.6319464570375,0.839951451821475,1.51));
#13831=CARTESIAN_POINT('Origin',(42.5762226644938,0.839951451821474,1.51));
#13832=CARTESIAN_POINT('',(18.6319464570375,0.839951451821475,1.51));
#13833=CARTESIAN_POINT('Origin',(-26.8669586551022,15.9966201396614,1.51));
#13834=CARTESIAN_POINT('',(-26.8669586551022,15.9966201396614,1.51));
#13835=CARTESIAN_POINT('',(-26.8669586551022,15.9966201396614,1.51));
#13836=CARTESIAN_POINT('',(-26.8669586551022,15.9966201396614,1.51));
#13837=CARTESIAN_POINT('Origin',(-17.1067247575765,10.3615464715712,1.51));
#13838=CARTESIAN_POINT('',(-17.1067247575765,10.3615464715712,1.51));
#13839=CARTESIAN_POINT('',(-17.1067247575765,10.3615464715712,1.51));
#13840=CARTESIAN_POINT('',(-17.1067247575765,10.3615464715712,1.51));
#13841=CARTESIAN_POINT('Origin',(0.000129850672473471,5.44317300206672E-5,
1.51));
#13842=CARTESIAN_POINT('',(-10.7186874201087,16.8853127417193,1.51));
#13843=CARTESIAN_POINT('Origin',(0.000129850672473471,5.44317300206672E-5,
1.51));
#13844=CARTESIAN_POINT('',(-10.7186874201087,16.8853127417193,1.51));
#13845=CARTESIAN_POINT('Origin',(-22.0155720047414,36.4520908095448,1.51));
#13846=CARTESIAN_POINT('',(-10.7186874201087,16.8853127417193,1.51));
#13847=CARTESIAN_POINT('Origin',(-28.1543964175194,15.285,1.51));
#13848=CARTESIAN_POINT('',(-28.1543964175194,15.285,1.51));
#13849=CARTESIAN_POINT('',(-17.7252548778815,9.2637323246733,1.51));
#13850=CARTESIAN_POINT('',(-17.7252548778815,9.2637323246733,1.51));
#13851=CARTESIAN_POINT('',(-17.7252548778815,9.2637323246733,1.51));
#13852=CARTESIAN_POINT('',(-28.1543964175194,15.285,1.51));
#13853=CARTESIAN_POINT('Origin',(-42.5762226644937,15.285,1.51));
#13854=CARTESIAN_POINT('',(-28.1543964175194,15.285,1.51));
#13855=CARTESIAN_POINT('Origin',(-19.9823495562791,0.840000043193426,1.51));
#13856=CARTESIAN_POINT('',(-19.9823495562791,0.840000043193426,1.51));
#13857=CARTESIAN_POINT('',(-19.9823495562791,0.840000043193426,1.51));
#13858=CARTESIAN_POINT('',(-19.9823495562791,0.840000043193426,1.51));
#13859=CARTESIAN_POINT('Origin',(0.000129850672473471,5.44317300206672E-5,
1.51));
#13860=CARTESIAN_POINT('Origin',(0.000129850672473471,5.44317300206672E-5,
1.51));
#13861=CARTESIAN_POINT('Origin',(42.5762226644937,-20.9175322204389,1.51));
#13862=CARTESIAN_POINT('',(39.4032256196265,-26.4133243144149,1.51));
#13863=CARTESIAN_POINT('Origin',(37.4441247358092,-17.8448729810777,1.51));
#13864=CARTESIAN_POINT('',(37.4441247358092,-17.8448729810777,1.51));
#13865=CARTESIAN_POINT('',(35.0159906866299,-19.2467568279999,1.51));
#13866=CARTESIAN_POINT('',(37.4441247358092,-17.8448729810777,1.51));
#13867=CARTESIAN_POINT('Origin',(34.1761755433769,-23.5051270189214,1.51));
#13868=CARTESIAN_POINT('',(34.1761755433769,-23.5051270189214,1.51));
#13869=CARTESIAN_POINT('',(34.1761755433769,-23.5051270189214,1.51));
#13870=CARTESIAN_POINT('',(34.1761755433769,-23.5051270189214,1.51));
#13871=CARTESIAN_POINT('Origin',(34.1761755433768,-29.4311630830053,1.51));
#13872=CARTESIAN_POINT('',(34.1761755433768,-29.4311630830053,1.51));
#13873=CARTESIAN_POINT('Origin',(-32.9161755433769,-19.9741107678426,1.51));
#13874=CARTESIAN_POINT('',(-32.9161755433769,-19.9741107678426,1.51));
#13875=CARTESIAN_POINT('',(-16.6128144171106,-10.5613608328971,1.51));
#13876=CARTESIAN_POINT('',(-16.6128144171106,-10.5613608328971,1.51));
#13877=CARTESIAN_POINT('',(-16.6128144171106,-10.5613608328971,1.51));
#13878=CARTESIAN_POINT('',(-32.9161755433769,-19.9741107678426,1.51));
#13879=CARTESIAN_POINT('Origin',(-32.9161755433769,-30.1586244221842,1.51));
#13880=CARTESIAN_POINT('',(-32.9161755433769,-30.1586244221842,1.51));
#13881=CARTESIAN_POINT('Origin',(-9.27080951418982,-15.2175094046298,1.51));
#13882=CARTESIAN_POINT('',(-9.27080951418982,-15.2175094046298,1.51));
#13883=CARTESIAN_POINT('',(-9.27080951418982,-15.2175094046298,1.51));
#13884=CARTESIAN_POINT('',(-9.27080951418982,-15.2175094046298,1.51));
#13885=CARTESIAN_POINT('Origin',(-5.93584807271099,-1.84214561345795,1.51));
#13886=CARTESIAN_POINT('Origin',(-5.93584807271099,-1.84214561345795,1.51));
#13887=CARTESIAN_POINT('Origin',(-44.2562226644938,-21.3676868637231,1.51));
#13888=CARTESIAN_POINT('',(-44.2562226644938,-21.3676868637231,1.51));
#13889=CARTESIAN_POINT('',(-44.2562226644938,-21.3676868637231,1.51));
#13890=CARTESIAN_POINT('',(-44.2562226644938,-21.3676868637231,1.51));
#13891=CARTESIAN_POINT('Origin',(-44.2562226644937,21.3676868637232,1.51));
#13892=CARTESIAN_POINT('',(-44.2562226644937,21.3676868637232,1.51));
#13893=CARTESIAN_POINT('',(-44.2562226644937,21.3676868637232,1.51));
#13894=CARTESIAN_POINT('',(-44.2562226644937,21.3676868637232,1.51));
#13895=CARTESIAN_POINT('Origin',(-40.6330709763421,27.6431696711307,1.51));
#13896=CARTESIAN_POINT('',(-40.6330709763421,27.6431696711307,1.51));
#13897=CARTESIAN_POINT('',(-40.6330709763421,27.6431696711307,1.51));
#13898=CARTESIAN_POINT('',(-40.6330709763421,27.6431696711307,1.51));
#13899=CARTESIAN_POINT('Origin',(-3.62315168815154,49.0108565348538,1.51));
#13900=CARTESIAN_POINT('',(-3.62315168815154,49.0108565348538,1.51));
#13901=CARTESIAN_POINT('',(-3.62315168815154,49.0108565348538,1.51));
#13902=CARTESIAN_POINT('',(-3.62315168815154,49.0108565348538,1.51));
#13903=CARTESIAN_POINT('Origin',(3.62315168815162,49.0108565348538,1.51));
#13904=CARTESIAN_POINT('',(3.62315168815162,49.0108565348538,1.51));
#13905=CARTESIAN_POINT('',(3.62315168815162,49.0108565348538,1.51));
#13906=CARTESIAN_POINT('',(3.62315168815162,49.0108565348538,1.51));
#13907=CARTESIAN_POINT('Origin',(40.6330709763422,27.6431696711306,1.51));
#13908=CARTESIAN_POINT('',(40.6330709763422,27.6431696711306,1.51));
#13909=CARTESIAN_POINT('Origin',(0.,0.,1.51));
#13910=CARTESIAN_POINT('',(0.,0.,0.));
#13911=CARTESIAN_POINT('Origin',(-30.5887687328409,19.7966298580865,-15.08));
#13912=CARTESIAN_POINT('',(-35.1112127623453,22.4076641359159,-15.24));
#13913=CARTESIAN_POINT('',(-34.4521377445943,22.0271469970012,-15.24));
#13914=CARTESIAN_POINT('',(-32.8127368124948,21.0806384275439,-15.24));
#13915=CARTESIAN_POINT('',(-35.1112127623453,22.4076641359159,-15.4));
#13916=CARTESIAN_POINT('',(-35.1112128742112,22.4076642005017,-15.8));
#13917=CARTESIAN_POINT('',(-30.5887687328409,19.7966298580865,-15.4));
#13918=CARTESIAN_POINT('',(-30.0787094554829,19.5021469970012,-15.4));
#13919=CARTESIAN_POINT('',(-30.5887687328409,19.7966298580865,-15.24));
#13920=CARTESIAN_POINT('',(-30.5887689995853,19.7966300120915,-15.8));
#13921=CARTESIAN_POINT('',(-31.2478437505919,20.1771469970012,-15.24));
#13922=CARTESIAN_POINT('',(-30.6260226679391,19.8181384275439,-15.24));
#13923=CARTESIAN_POINT('',(-31.2478437505919,20.1771469970012,-15.08));
#13924=CARTESIAN_POINT('',(-31.2478437505919,20.1771469970012,-15.08));
#13925=CARTESIAN_POINT('',(-32.8499909368983,21.1021471062966,-15.08));
#13926=CARTESIAN_POINT('',(-31.7193798348696,20.4493884821916,-15.08));
#13927=CARTESIAN_POINT('',(-34.4521377445943,22.0271469970012,-15.08));
#13928=CARTESIAN_POINT('',(-31.7193798348696,20.4493884821916,-15.08));
#13929=CARTESIAN_POINT('',(-34.4521377445943,22.0271469970012,-15.08));
#13930=CARTESIAN_POINT('Origin',(-32.5124907475931,21.6867141445557,-15.4));
#13931=CARTESIAN_POINT('Origin',(-33.774991,19.5,-15.4));
#13932=CARTESIAN_POINT('Origin',(-35.9617048921488,20.7625,-15.24));
#13933=CARTESIAN_POINT('',(-36.3021377445943,18.8228530029988,-15.24));
#13934=CARTESIAN_POINT('',(-33.7771377445943,23.1962812921102,-15.24));
#13935=CARTESIAN_POINT('',(-36.9612127623453,19.2033701419135,-15.24));
#13936=CARTESIAN_POINT('',(-36.923958827247,19.1818615724562,-15.24));
#13937=CARTESIAN_POINT('Origin',(-33.774991,19.5,-15.24));
#13938=CARTESIAN_POINT('Origin',(-34.0716206056796,22.6862220147522,-15.08));
#13939=CARTESIAN_POINT('',(-35.377137807696,20.4249998907046,-15.08));
#13940=CARTESIAN_POINT('',(-34.7243792066878,21.5556109527284,-15.08));
#13941=CARTESIAN_POINT('',(-36.3021377445943,18.8228530029988,-15.08));
#13942=CARTESIAN_POINT('',(-34.7243792066878,21.5556109527284,-15.08));
#13943=CARTESIAN_POINT('',(-36.3021377445943,18.8228530029988,-15.08));
#13944=CARTESIAN_POINT('Origin',(-31.5882766030374,18.2375,-15.24));
#13945=CARTESIAN_POINT('',(-30.574991,19.5,-15.24));
#13946=CARTESIAN_POINT('Origin',(-33.774991,19.5,-15.24));
#13947=CARTESIAN_POINT('',(-32.4387687328409,16.5923358640841,-15.24));
#13948=CARTESIAN_POINT('Origin',(-33.774991,19.5,-15.24));
#13949=CARTESIAN_POINT('',(-33.0978437505919,16.9728530029988,-15.24));
#13950=CARTESIAN_POINT('',(-34.7372446826914,17.9193615724562,-15.24));
#13951=CARTESIAN_POINT('',(-33.7728437505919,15.8037187078898,-15.24));
#13952=CARTESIAN_POINT('Origin',(-36.9612127623453,19.2033701419135,-15.08));
#13953=CARTESIAN_POINT('',(-32.4387687328409,16.5923358640841,-15.4));
#13954=CARTESIAN_POINT('',(-32.4387688447068,16.5923359286699,-15.8));
#13955=CARTESIAN_POINT('',(-36.9612127623453,19.2033701419135,-15.4));
#13956=CARTESIAN_POINT('',(-37.4712720397033,19.4978530029988,-15.4));
#13957=CARTESIAN_POINT('',(-36.9612130290897,19.2033702959185,-15.8));
#13958=CARTESIAN_POINT('',(-34.6999909368983,17.8978531122942,-15.08));
#13959=CARTESIAN_POINT('',(-35.8306018496218,18.5506116271039,-15.08));
#13960=CARTESIAN_POINT('',(-33.0978437505919,16.9728530029988,-15.08));
#13961=CARTESIAN_POINT('',(-35.8306018496218,18.5506116271039,-15.08));
#13962=CARTESIAN_POINT('',(-33.0978437505919,16.9728530029988,-15.08));
#13963=CARTESIAN_POINT('Origin',(-35.0374907475931,17.3132858554443,-15.4));
#13964=CARTESIAN_POINT('Origin',(-33.774991,19.5,-15.4));
#13965=CARTESIAN_POINT('Origin',(-33.4783608895066,16.3137779852478,-15.08));
#13966=CARTESIAN_POINT('',(-32.1728438136936,18.5749998907046,-15.08));
#13967=CARTESIAN_POINT('',(-32.8256023516001,17.4443889379762,-15.08));
#13968=CARTESIAN_POINT('',(-32.8256023516001,17.4443889379762,-15.08));
#13969=CARTESIAN_POINT('Origin',(-33.774991,19.5,-12.52));
#13970=CARTESIAN_POINT('',(-31.924991,19.5,-15.08));
#13971=CARTESIAN_POINT('Origin',(-33.774991,19.5,-15.08));
#13972=CARTESIAN_POINT('Origin',(-33.774991,19.5,-15.08));
#13973=CARTESIAN_POINT('Origin',(-33.774991,19.5,-15.08));
#13974=CARTESIAN_POINT('Origin',(-33.774991,19.5,-15.08));
#13975=CARTESIAN_POINT('Origin',(-33.774991,19.5,-15.08));
#13976=CARTESIAN_POINT('',(-31.924991,19.5,-14.6));
#13977=CARTESIAN_POINT('',(-31.924991,19.5,-12.52));
#13978=CARTESIAN_POINT('Origin',(-33.774991,19.5,-14.6));
#13979=CARTESIAN_POINT('Origin',(8.88178419700125E-15,0.,-14.6));
#13980=CARTESIAN_POINT('',(-3.17299704486726,47.3308565348538,-14.6));
#13981=CARTESIAN_POINT('',(-15.2259335057558,40.3720904246344,-14.6));
#13982=CARTESIAN_POINT('',(-18.2570224190013,38.6220904246344,-14.6));
#13983=CARTESIAN_POINT('',(-27.3502891587379,33.3720904246344,-14.6));
#13984=CARTESIAN_POINT('',(-3.17299704486726,47.3308565348538,-14.6));
#13985=CARTESIAN_POINT('',(-39.4032256196264,26.413324314415,-14.6));
#13986=CARTESIAN_POINT('',(-30.3456684759366,31.6427073695247,-14.6));
#13987=CARTESIAN_POINT('',(-42.5762226644937,20.9175322204389,-14.6));
#13988=CARTESIAN_POINT('',(-41.7829734032769,22.2914802439329,-14.6));
#13989=CARTESIAN_POINT('',(-42.5762226644937,10.9175322204389,-14.6));
#13990=CARTESIAN_POINT('',(-42.5762226644937,5.45876611021948,-14.6));
#13991=CARTESIAN_POINT('',(-43.8562226644939,10.9175322204389,-14.6));
#13992=CARTESIAN_POINT('',(-22.1281113322469,10.917532220439,-14.6));
#13993=CARTESIAN_POINT('',(-44.2562226644937,11.3175322204389,-14.6));
#13994=CARTESIAN_POINT('',(-44.0562226644938,11.1175322204389,-14.6));
#13995=CARTESIAN_POINT('',(-44.2562226644937,-11.3175322204389,-14.6));
#13996=CARTESIAN_POINT('',(-44.2562226644937,21.3676868637232,-14.6));
#13997=CARTESIAN_POINT('',(-43.8562226644938,-10.9175322204389,-14.6));
#13998=CARTESIAN_POINT('',(-44.0562226644938,-11.1175322204389,-14.6));
#13999=CARTESIAN_POINT('',(-42.5762226644937,-10.9175322204389,-14.6));
#14000=CARTESIAN_POINT('',(-21.2881113322469,-10.9175322204388,-14.6));
#14001=CARTESIAN_POINT('',(-42.5762226644938,-20.9175322204389,-14.6));
#14002=CARTESIAN_POINT('',(-42.5762226644937,-10.4587661102194,-14.6));
#14003=CARTESIAN_POINT('',(-39.4032256196265,-26.4133243144149,-14.6));
#14004=CARTESIAN_POINT('',(-40.1964748808433,-25.0393762909209,-14.6));
#14005=CARTESIAN_POINT('',(-3.17299704486731,-47.3308565348538,-14.6));
#14006=CARTESIAN_POINT('',(-12.2305541885571,-42.1014734797441,-14.6));
#14007=CARTESIAN_POINT('',(3.17299704486726,-47.3308565348538,-14.6));
#14008=CARTESIAN_POINT('',(1.58649852243364,-47.3308565348538,-14.6));
#14009=CARTESIAN_POINT('',(39.4032256196265,-26.4133243144149,-14.6));
#14010=CARTESIAN_POINT('',(30.3456684759367,-31.6427073695247,-14.6));
#14011=CARTESIAN_POINT('',(42.5762226644937,-20.9175322204389,-14.6));
#14012=CARTESIAN_POINT('',(41.7829734032769,-22.2914802439329,-14.6));
#14013=CARTESIAN_POINT('',(42.5762226644938,20.9175322204388,-14.6));
#14014=CARTESIAN_POINT('',(42.5762226644938,10.4587661102194,-14.6));
#14015=CARTESIAN_POINT('',(39.4032256196265,26.4133243144149,-14.6));
#14016=CARTESIAN_POINT('',(40.1964748808433,25.0393762909209,-14.6));
#14017=CARTESIAN_POINT('',(27.350289158738,33.3720904246344,-14.6));
#14018=CARTESIAN_POINT('',(24.3192002454924,35.1220904246344,-14.6));
#14019=CARTESIAN_POINT('',(15.2259335057558,40.3720904246344,-14.6));
#14020=CARTESIAN_POINT('',(39.4032256196265,26.4133243144149,-14.6));
#14021=CARTESIAN_POINT('',(3.17299704486733,47.3308565348538,-14.6));
#14022=CARTESIAN_POINT('',(12.2305541885571,42.1014734797441,-14.6));
#14023=CARTESIAN_POINT('',(-1.58649852243363,47.3308565348538,-14.6));
#14024=CARTESIAN_POINT('',(35.624991,19.5,-14.6));
#14025=CARTESIAN_POINT('Origin',(33.774991,19.5,-14.6));
#14026=CARTESIAN_POINT('',(1.85,-39.,-14.6));
#14027=CARTESIAN_POINT('Origin',(0.,-39.,-14.6));
#14028=CARTESIAN_POINT('',(-6.69765752068299,-41.1389709221743,-14.6));
#14029=CARTESIAN_POINT('',(-2.73136104148845,-34.2691439023278,-14.6));
#14030=CARTESIAN_POINT('',(-5.46272220918045,-39.0000002185908,-14.6));
#14031=CARTESIAN_POINT('',(-36.7678427123785,-23.777941407167,-14.6));
#14032=CARTESIAN_POINT('',(-36.7678427123785,-23.777941407167,-14.6));
#14033=CARTESIAN_POINT('',(-38.9762226644938,-19.9529151276868,-14.6));
#14034=CARTESIAN_POINT('',(-38.9762226644938,-19.9529151276868,-14.6));
#14035=CARTESIAN_POINT('',(-38.9762226644937,14.7691436837369,-14.6));
#14036=CARTESIAN_POINT('',(-38.9762226644937,19.9529151276869,-14.6));
#14037=CARTESIAN_POINT('',(-31.0436298323081,14.769143683737,-14.6));
#14038=CARTESIAN_POINT('',(-36.5063521676919,14.769143683737,-14.6));
#14039=CARTESIAN_POINT('',(-28.3122686646161,19.5,-14.6));
#14040=CARTESIAN_POINT('',(-28.3122686646161,19.5,-14.6));
#14041=CARTESIAN_POINT('',(-32.2785651438107,26.3698270198466,-14.6));
#14042=CARTESIAN_POINT('',(-31.0436298323081,24.2308563162631,-14.6));
#14043=CARTESIAN_POINT('',(-2.2083799521152,43.7308565348538,-14.6));
#14044=CARTESIAN_POINT('',(-2.2083799521152,43.7308565348538,-14.6));
#14045=CARTESIAN_POINT('',(2.20837995211528,43.7308565348538,-14.6));
#14046=CARTESIAN_POINT('',(2.20837995211528,43.7308565348538,-14.6));
#14047=CARTESIAN_POINT('',(32.2785649545055,26.3698271291419,-14.6));
#14048=CARTESIAN_POINT('',(36.7678427123785,23.7779414071669,-14.6));
#14049=CARTESIAN_POINT('',(28.3122685384127,19.5000002185908,-14.6));
#14050=CARTESIAN_POINT('',(31.0436297061046,24.2308565348538,-14.6));
#14051=CARTESIAN_POINT('',(31.0436297061046,14.7691439023277,-14.6));
#14052=CARTESIAN_POINT('',(31.0436297061046,14.7691439023277,-14.6));
#14053=CARTESIAN_POINT('',(38.9762226644938,14.7691439023277,-14.6));
#14054=CARTESIAN_POINT('',(36.5063520414885,14.7691439023277,-14.6));
#14055=CARTESIAN_POINT('',(38.9762226644938,-19.9529151276869,-14.6));
#14056=CARTESIAN_POINT('',(38.9762226644938,-19.9529151276869,-14.6));
#14057=CARTESIAN_POINT('',(36.7678427123785,-23.777941407167,-14.6));
#14058=CARTESIAN_POINT('',(36.7678427123785,-23.777941407167,-14.6));
#14059=CARTESIAN_POINT('',(6.69765770998821,-41.1389708128788,-14.6));
#14060=CARTESIAN_POINT('',(2.20837995211514,-43.7308565348539,-14.6));
#14061=CARTESIAN_POINT('',(2.73136129389539,-34.2691439023277,-14.6));
#14062=CARTESIAN_POINT('',(5.46272246158731,-39.0000002185907,-14.6));
#14063=CARTESIAN_POINT('',(-2.73136104148845,-34.2691439023278,-14.6));
#14064=CARTESIAN_POINT('Origin',(-33.774991,19.5,-15.08));
#14065=CARTESIAN_POINT('Origin',(-33.774991,19.5,-15.08));
#14066=CARTESIAN_POINT('Origin',(-33.774991,19.5,-15.08));
#14067=CARTESIAN_POINT('Origin',(-33.774991,19.5,-15.08));
#14068=CARTESIAN_POINT('Origin',(-32.2785651438107,26.3698270198466,-14.6));
#14069=CARTESIAN_POINT('',(-28.3122686646161,19.5,-15.72));
#14070=CARTESIAN_POINT('',(-28.3122686646161,19.5,-14.6));
#14071=CARTESIAN_POINT('',(-32.2785651438107,26.3698270198466,-15.72));
#14072=CARTESIAN_POINT('',(-22.5345094776873,9.49262753434136,-15.72));
#14073=CARTESIAN_POINT('',(-32.2785651438107,26.3698270198466,-14.6));
#14074=CARTESIAN_POINT('Origin',(-28.3122686646161,19.5,-14.6));
#14075=CARTESIAN_POINT('',(-31.0436298323081,14.769143683737,-15.72));
#14076=CARTESIAN_POINT('',(-31.0436298323081,14.769143683737,-14.6));
#14077=CARTESIAN_POINT('',(-28.9951089249883,18.317285975582,-15.72));
#14078=CARTESIAN_POINT('Origin',(-31.0436298323081,14.7691436837371,-14.6));
#14079=CARTESIAN_POINT('',(-38.9762226644937,14.7691436837369,-15.72));
#14080=CARTESIAN_POINT('',(-38.9762226644937,14.7691436837369,-14.6));
#14081=CARTESIAN_POINT('',(-15.5218149161542,14.7691436837374,-15.72));
#14082=CARTESIAN_POINT('Origin',(-28.1902891587379,34.8270131029923,-14.6));
#14083=CARTESIAN_POINT('',(-27.9902891587379,34.4806029414785,-14.6));
#14084=CARTESIAN_POINT('',(-27.9902891587379,34.4806029414785,-15.72));
#14085=CARTESIAN_POINT('',(-27.9902891587379,34.4806029414785,-14.6));
#14086=CARTESIAN_POINT('',(-26.553632773399,31.9922410890532,-14.6));
#14087=CARTESIAN_POINT('',(-27.3502891587379,33.3720904246344,-15.72));
#14088=CARTESIAN_POINT('',(-27.3502891587379,33.3720904246344,-14.6));
#14089=CARTESIAN_POINT('',(-17.1262334926145,15.6635065514961,-15.72));
#14090=CARTESIAN_POINT('Origin',(-28.2634942394948,34.5538080222354,-14.6));
#14091=CARTESIAN_POINT('',(-28.5366993202517,34.6270131029923,-15.72));
#14092=CARTESIAN_POINT('',(-28.5366993202517,34.6270131029923,-14.6));
#14093=CARTESIAN_POINT('',(-28.5366993202517,34.6270131029923,-14.6));
#14094=CARTESIAN_POINT('',(-27.9902891587379,34.4806029414785,-14.6));
#14095=CARTESIAN_POINT('',(-27.9902891587379,34.4806029414785,-15.72));
#14096=CARTESIAN_POINT('Origin',(-40.6330709763421,27.6431696711307,-14.6));
#14097=CARTESIAN_POINT('',(-40.6330709763421,27.6431696711307,-13.4));
#14098=CARTESIAN_POINT('',(-40.6330709763421,27.6431696711307,-15.72));
#14099=CARTESIAN_POINT('',(-40.6330709763421,27.6431696711307,-14.6));
#14100=CARTESIAN_POINT('',(-29.575929804793,34.0270131029923,-13.4));
#14101=CARTESIAN_POINT('',(-39.8548198293179,28.0924931803622,-13.4));
#14102=CARTESIAN_POINT('Origin',(-29.575929804793,34.0270131029923,-14.6));
#14103=CARTESIAN_POINT('',(-31.3805911542945,32.9850913870615,-15.72));
#14104=CARTESIAN_POINT('Origin',(-44.2562226644937,21.3676868637232,-14.6));
#14105=CARTESIAN_POINT('',(-44.2562226644937,21.3676868637232,-13.4));
#14106=CARTESIAN_POINT('',(-44.2562226644937,21.3676868637232,-15.72));
#14107=CARTESIAN_POINT('',(-44.2562226644937,21.3676868637232,-14.6));
#14108=CARTESIAN_POINT('',(-42.8738494395753,23.7620275243047,-13.4));
#14109=CARTESIAN_POINT('',(-43.3504347424558,22.9365575655751,-15.72));
#14110=CARTESIAN_POINT('Origin',(32.4387687328409,16.5923358640841,-15.08));
#14111=CARTESIAN_POINT('',(36.9612127623453,19.2033701419135,-15.24));
#14112=CARTESIAN_POINT('',(36.3021377445943,18.8228530029988,-15.24));
#14113=CARTESIAN_POINT('',(34.6627368124949,17.8763444335414,-15.24));
#14114=CARTESIAN_POINT('',(36.9612127623453,19.2033701419135,-15.4));
#14115=CARTESIAN_POINT('',(36.9612130290897,19.2033702959184,-15.8));
#14116=CARTESIAN_POINT('',(32.4387687328409,16.5923358640841,-15.4));
#14117=CARTESIAN_POINT('',(31.9287094554829,16.2978530029988,-15.4));
#14118=CARTESIAN_POINT('',(32.4387687328409,16.5923358640841,-15.24));
#14119=CARTESIAN_POINT('',(32.4387688447069,16.5923359286699,-15.8));
#14120=CARTESIAN_POINT('',(33.0978437505919,16.9728530029988,-15.24));
#14121=CARTESIAN_POINT('',(32.4760226679392,16.6138444335414,-15.24));
#14122=CARTESIAN_POINT('',(33.0978437505919,16.9728530029988,-15.08));
#14123=CARTESIAN_POINT('',(33.0978437505919,16.9728530029988,-15.08));
#14124=CARTESIAN_POINT('',(34.6999909368983,17.8978531122942,-15.08));
#14125=CARTESIAN_POINT('',(33.5693798348696,17.2450944881891,-15.08));
#14126=CARTESIAN_POINT('',(36.3021377445943,18.8228530029988,-15.08));
#14127=CARTESIAN_POINT('',(33.5693798348696,17.2450944881891,-15.08));
#14128=CARTESIAN_POINT('',(36.3021377445943,18.8228530029988,-15.08));
#14129=CARTESIAN_POINT('Origin',(35.0374907475931,17.3132858554443,-15.4));
#14130=CARTESIAN_POINT('Origin',(33.774991,19.5,-15.4));
#14131=CARTESIAN_POINT('Origin',(35.9617048921488,20.7625,-15.24));
#14132=CARTESIAN_POINT('',(34.4521377445943,22.0271469970012,-15.24));
#14133=CARTESIAN_POINT('',(36.9771377445943,17.6537187078898,-15.24));
#14134=CARTESIAN_POINT('',(35.1112127623453,22.4076641359159,-15.24));
#14135=CARTESIAN_POINT('',(35.0739588272471,22.3861555664585,-15.24));
#14136=CARTESIAN_POINT('',(36.974991,19.5,-15.24));
#14137=CARTESIAN_POINT('Origin',(33.774991,19.5,-15.24));
#14138=CARTESIAN_POINT('Origin',(33.774991,19.5,-15.24));
#14139=CARTESIAN_POINT('Origin',(36.682654883509,18.1637779852478,-15.08));
#14140=CARTESIAN_POINT('',(35.377137807696,20.4249998907046,-15.08));
#14141=CARTESIAN_POINT('',(36.0298963456025,19.2943889379762,-15.08));
#14142=CARTESIAN_POINT('',(34.4521377445943,22.0271469970012,-15.08));
#14143=CARTESIAN_POINT('',(36.0298963456025,19.2943889379762,-15.08));
#14144=CARTESIAN_POINT('',(34.4521377445943,22.0271469970012,-15.08));
#14145=CARTESIAN_POINT('Origin',(31.5882766030374,18.2375,-15.24));
#14146=CARTESIAN_POINT('',(30.5887687328409,19.7966298580865,-15.24));
#14147=CARTESIAN_POINT('Origin',(33.774991,19.5,-15.24));
#14148=CARTESIAN_POINT('',(31.2478437505919,20.1771469970012,-15.24));
#14149=CARTESIAN_POINT('',(32.8872446826914,21.1236555664586,-15.24));
#14150=CARTESIAN_POINT('',(30.5728437505919,21.3462812921102,-15.24));
#14151=CARTESIAN_POINT('Origin',(35.1112127623453,22.4076641359159,-15.08));
#14152=CARTESIAN_POINT('',(30.5887687328409,19.7966298580865,-15.4));
#14153=CARTESIAN_POINT('',(30.5887689995853,19.7966300120915,-15.8));
#14154=CARTESIAN_POINT('',(35.1112127623453,22.4076641359159,-15.4));
#14155=CARTESIAN_POINT('',(35.6212720397033,22.7021469970012,-15.4));
#14156=CARTESIAN_POINT('',(35.1112128742113,22.4076642005017,-15.8));
#14157=CARTESIAN_POINT('',(32.8499909368983,21.1021471062966,-15.08));
#14158=CARTESIAN_POINT('',(33.9806018496218,21.7549056211062,-15.08));
#14159=CARTESIAN_POINT('',(31.2478437505919,20.1771469970012,-15.08));
#14160=CARTESIAN_POINT('',(33.9806018496218,21.7549056211062,-15.08));
#14161=CARTESIAN_POINT('',(31.2478437505919,20.1771469970012,-15.08));
#14162=CARTESIAN_POINT('Origin',(32.5124907475931,21.6867141445557,-15.4));
#14163=CARTESIAN_POINT('Origin',(33.774991,19.5,-15.4));
#14164=CARTESIAN_POINT('Origin',(30.8673266116772,20.8362220147522,-15.08));
#14165=CARTESIAN_POINT('',(32.1728438136936,18.5749998907046,-15.08));
#14166=CARTESIAN_POINT('',(31.5200852126854,19.7056109527284,-15.08));
#14167=CARTESIAN_POINT('',(31.5200852126854,19.7056109527284,-15.08));
#14168=CARTESIAN_POINT('Origin',(33.774991,19.5,-12.52));
#14169=CARTESIAN_POINT('Origin',(33.774991,19.5,-15.08));
#14170=CARTESIAN_POINT('Origin',(33.774991,19.5,-15.08));
#14171=CARTESIAN_POINT('Origin',(33.774991,19.5,-15.08));
#14172=CARTESIAN_POINT('',(35.624991,19.5,-15.08));
#14173=CARTESIAN_POINT('Origin',(33.774991,19.5,-15.08));
#14174=CARTESIAN_POINT('',(35.624991,19.5,-12.52));
#14175=CARTESIAN_POINT('Origin',(33.774991,19.5,-15.08));
#14176=CARTESIAN_POINT('Origin',(33.774991,19.5,-15.08));
#14177=CARTESIAN_POINT('Origin',(33.774991,19.5,-15.08));
#14178=CARTESIAN_POINT('Origin',(33.774991,19.5,-15.08));
#14179=CARTESIAN_POINT('Origin',(33.774991,19.5,-15.08));
#14180=CARTESIAN_POINT('Origin',(38.9762226644938,14.7691439023277,-14.6));
#14181=CARTESIAN_POINT('',(31.0436297061046,14.7691439023277,-15.72));
#14182=CARTESIAN_POINT('',(31.0436297061046,14.7691439023277,-14.6));
#14183=CARTESIAN_POINT('',(38.9762226644938,14.7691439023277,-15.72));
#14184=CARTESIAN_POINT('',(19.4881113322469,14.7691439023277,-15.72));
#14185=CARTESIAN_POINT('',(38.9762226644938,14.7691439023277,-14.6));
#14186=CARTESIAN_POINT('Origin',(31.0436297061046,14.7691439023277,-14.6));
#14187=CARTESIAN_POINT('',(28.3122685384127,19.5000002185908,-15.72));
#14188=CARTESIAN_POINT('',(28.3122685384127,19.5000002185908,-14.6));
#14189=CARTESIAN_POINT('',(30.3607894457325,15.9518579267458,-15.72));
#14190=CARTESIAN_POINT('Origin',(28.3122685384127,19.5000002185908,-14.6));
#14191=CARTESIAN_POINT('',(32.2785649545055,26.3698271291419,-15.72));
#14192=CARTESIAN_POINT('',(32.2785649545055,26.3698271291419,-14.6));
#14193=CARTESIAN_POINT('',(20.5513610803358,6.05771418836115,-15.72));
#14194=CARTESIAN_POINT('Origin',(40.6330709763422,27.6431696711306,-14.6));
#14195=CARTESIAN_POINT('',(40.6330709763422,27.6431696711306,-13.4));
#14196=CARTESIAN_POINT('',(40.6330709763422,27.6431696711306,-15.72));
#14197=CARTESIAN_POINT('',(40.6330709763422,27.6431696711306,-14.6));
#14198=CARTESIAN_POINT('',(44.2562226644938,21.3676868637231,-13.4));
#14199=CARTESIAN_POINT('',(43.0743049902917,23.4148283258047,-13.4));
#14200=CARTESIAN_POINT('',(44.2562226644938,21.3676868637231,-15.72));
#14201=CARTESIAN_POINT('',(44.2562226644938,21.3676868637231,-14.6));
#14202=CARTESIAN_POINT('',(41.5388588983801,26.0742989692788,-15.72));
#14203=CARTESIAN_POINT('Origin',(28.190289158738,34.8270131029922,-14.6));
#14204=CARTESIAN_POINT('',(28.5366993202517,34.6270131029922,-14.6));
#14205=CARTESIAN_POINT('',(28.5366993202517,34.6270131029922,-15.72));
#14206=CARTESIAN_POINT('',(28.5366993202517,34.6270131029922,-14.6));
#14207=CARTESIAN_POINT('',(29.5759298047931,34.0270131029922,-13.4));
#14208=CARTESIAN_POINT('Origin',(29.5759298047931,34.0270131029922,-14.6));
#14209=CARTESIAN_POINT('',(26.6946463374041,35.6905228885009,-13.4));
#14210=CARTESIAN_POINT('',(25.1592002454924,36.5770131029922,-15.72));
#14211=CARTESIAN_POINT('Origin',(28.2634942394948,34.5538080222353,-14.6));
#14212=CARTESIAN_POINT('',(27.990289158738,34.4806029414784,-15.72));
#14213=CARTESIAN_POINT('',(27.990289158738,34.4806029414785,-14.6));
#14214=CARTESIAN_POINT('',(27.990289158738,34.4806029414784,-14.6));
#14215=CARTESIAN_POINT('',(28.5366993202517,34.6270131029922,-14.6));
#14216=CARTESIAN_POINT('',(28.5366993202517,34.6270131029922,-15.72));
#14217=CARTESIAN_POINT('Origin',(-1.85,-36.3889657221706,-15.08));
#14218=CARTESIAN_POINT('',(-1.85,-41.6110342778294,-15.24));
#14219=CARTESIAN_POINT('',(-1.85,-40.85,-15.24));
#14220=CARTESIAN_POINT('',(-1.85,-38.9569828610853,-15.24));
#14221=CARTESIAN_POINT('',(-1.85,-41.6110342778294,-15.4));
#14222=CARTESIAN_POINT('',(-1.85,-41.6110342778294,-15.8));
#14223=CARTESIAN_POINT('',(-1.85,-36.3889657221706,-15.4));
#14224=CARTESIAN_POINT('',(-1.85,-35.8,-15.4));
#14225=CARTESIAN_POINT('',(-1.85,-36.3889657221706,-15.24));
#14226=CARTESIAN_POINT('',(-1.85,-36.3889657221706,-15.8));
#14227=CARTESIAN_POINT('',(-1.85,-37.15,-15.24));
#14228=CARTESIAN_POINT('',(-1.85,-36.4319828610853,-15.24));
#14229=CARTESIAN_POINT('',(-1.85,-37.15,-15.08));
#14230=CARTESIAN_POINT('',(-1.85,-37.15,-15.08));
#14231=CARTESIAN_POINT('',(-1.85,-39.,-15.08));
#14232=CARTESIAN_POINT('',(-1.85,-37.6944828610853,-15.08));
#14233=CARTESIAN_POINT('',(-1.85,-40.85,-15.08));
#14234=CARTESIAN_POINT('',(-1.85,-37.6944828610853,-15.08));
#14235=CARTESIAN_POINT('',(-1.85,-40.85,-15.08));
#14236=CARTESIAN_POINT('Origin',(-2.525,-39.,-15.4));
#14237=CARTESIAN_POINT('Origin',(0.,-39.,-15.4));
#14238=CARTESIAN_POINT('Origin',(0.,-41.525,-15.24));
#14239=CARTESIAN_POINT('',(1.85,-40.85,-15.24));
#14240=CARTESIAN_POINT('',(-3.2,-40.85,-15.24));
#14241=CARTESIAN_POINT('',(1.85,-41.6110342778294,-15.24));
#14242=CARTESIAN_POINT('',(1.85,-41.5680171389147,-15.24));
#14243=CARTESIAN_POINT('Origin',(0.,-39.,-15.24));
#14244=CARTESIAN_POINT('Origin',(-2.61103427782938,-40.85,-15.08));
#14245=CARTESIAN_POINT('',(0.,-40.85,-15.08));
#14246=CARTESIAN_POINT('',(-1.30551713891469,-40.85,-15.08));
#14247=CARTESIAN_POINT('',(1.85,-40.85,-15.08));
#14248=CARTESIAN_POINT('',(-1.30551713891469,-40.85,-15.08));
#14249=CARTESIAN_POINT('',(1.85,-40.85,-15.08));
#14250=CARTESIAN_POINT('Origin',(0.,-39.,-15.08));
#14251=CARTESIAN_POINT('',(0.,-37.15,-15.08));
#14252=CARTESIAN_POINT('',(1.30551713891469,-37.15,-15.08));
#14253=CARTESIAN_POINT('Origin',(0.,-39.,-15.08));
#14254=CARTESIAN_POINT('Origin',(0.,-39.,-15.08));
#14255=CARTESIAN_POINT('Origin',(0.,-39.,-15.08));
#14256=CARTESIAN_POINT('Origin',(-1.66533453693773E-15,-36.475,-15.24));
#14257=CARTESIAN_POINT('',(1.85,-36.3889657221706,-15.24));
#14258=CARTESIAN_POINT('Origin',(0.,-39.,-15.24));
#14259=CARTESIAN_POINT('',(1.85,-37.15,-15.24));
#14260=CARTESIAN_POINT('',(1.85,-39.0430171389147,-15.24));
#14261=CARTESIAN_POINT('',(3.2,-37.15,-15.24));
#14262=CARTESIAN_POINT('Origin',(1.85,-41.6110342778294,-15.08));
#14263=CARTESIAN_POINT('',(1.85,-36.3889657221706,-15.4));
#14264=CARTESIAN_POINT('',(1.85,-36.3889657221706,-15.8));
#14265=CARTESIAN_POINT('',(1.85,-41.6110342778294,-15.4));
#14266=CARTESIAN_POINT('',(1.85,-42.2,-15.4));
#14267=CARTESIAN_POINT('',(1.85,-41.6110342778294,-15.8));
#14268=CARTESIAN_POINT('',(1.85,-39.,-15.08));
#14269=CARTESIAN_POINT('',(1.85,-40.3055171389147,-15.08));
#14270=CARTESIAN_POINT('',(1.85,-37.15,-15.08));
#14271=CARTESIAN_POINT('',(1.85,-40.3055171389147,-15.08));
#14272=CARTESIAN_POINT('',(1.85,-37.15,-15.08));
#14273=CARTESIAN_POINT('Origin',(2.525,-39.,-15.4));
#14274=CARTESIAN_POINT('',(3.2,-39.,-15.4));
#14275=CARTESIAN_POINT('Origin',(0.,-39.,-15.4));
#14276=CARTESIAN_POINT('Origin',(0.,-39.,-15.4));
#14277=CARTESIAN_POINT('Origin',(2.61103427782938,-37.15,-15.08));
#14278=CARTESIAN_POINT('',(1.30551713891469,-37.15,-15.08));
#14279=CARTESIAN_POINT('Origin',(0.,-39.,-15.08));
#14280=CARTESIAN_POINT('Origin',(0.,-39.,-15.08));
#14281=CARTESIAN_POINT('Origin',(0.,-39.,-15.08));
#14282=CARTESIAN_POINT('Origin',(0.,-39.,-15.08));
#14283=CARTESIAN_POINT('Origin',(0.,-39.,-15.8));
#14284=CARTESIAN_POINT('',(3.2,-39.,-16.52));
#14285=CARTESIAN_POINT('Origin',(0.,-39.,-16.52));
#14286=CARTESIAN_POINT('',(3.2,-39.,-15.8));
#14287=CARTESIAN_POINT('Origin',(-33.774991,19.5,-15.8));
#14288=CARTESIAN_POINT('',(-30.574991,19.5,-16.52));
#14289=CARTESIAN_POINT('Origin',(-33.774991,19.5,-16.52));
#14290=CARTESIAN_POINT('',(-30.574991,19.5,-15.8));
#14291=CARTESIAN_POINT('Origin',(0.,-39.,-12.52));
#14292=CARTESIAN_POINT('',(1.85,-39.,-12.52));
#14293=CARTESIAN_POINT('Origin',(33.774991,19.5,-15.8));
#14294=CARTESIAN_POINT('',(36.974991,19.5,-16.52));
#14295=CARTESIAN_POINT('Origin',(33.774991,19.5,-16.52));
#14296=CARTESIAN_POINT('',(36.974991,19.5,-15.8));
#14297=CARTESIAN_POINT('Origin',(26.0833381433762,30.4085232115899,-16.12));
#14298=CARTESIAN_POINT('',(2.42273930606017,44.5308565348538,-16.52));
#14299=CARTESIAN_POINT('',(33.3713852775331,26.6626474521695,-16.52));
#14300=CARTESIAN_POINT('',(26.2833381433762,30.7549333731037,-16.52));
#14301=CARTESIAN_POINT('',(33.3713852775331,26.6626474521695,-16.52));
#14302=CARTESIAN_POINT('',(2.20837995211528,43.7308565348538,-15.72));
#14303=CARTESIAN_POINT('',(25.8833381433762,30.0621130500761,-15.72));
#14304=CARTESIAN_POINT('',(2.42273930606018,44.5308565348538,-16.52));
#14305=CARTESIAN_POINT('Origin',(20.8977712418495,5.85771418836116,-16.12));
#14306=CARTESIAN_POINT('',(29.2360289691161,19.5000002185908,-16.52));
#14307=CARTESIAN_POINT('',(21.2441814033633,5.65771418836116,-16.52));
#14308=CARTESIAN_POINT('',(29.2360289691161,19.5000002185908,-16.52));
#14309=CARTESIAN_POINT('Origin',(30.7071996072463,16.1518579267458,-16.12));
#14310=CARTESIAN_POINT('',(31.5055099214563,15.5691439023277,-16.52));
#14311=CARTESIAN_POINT('',(31.0536097687601,16.3518579267458,-16.52));
#14312=CARTESIAN_POINT('',(31.5055099214563,15.5691439023277,-16.52));
#14313=CARTESIAN_POINT('Origin',(19.4881113322469,15.1691439023277,-16.12));
#14314=CARTESIAN_POINT('',(39.7762226644938,15.5691439023277,-16.52));
#14315=CARTESIAN_POINT('',(19.4881113322469,15.5691439023277,-16.52));
#14316=CARTESIAN_POINT('',(39.7762226644938,15.5691439023277,-16.52));
#14317=CARTESIAN_POINT('Origin',(39.3762226644938,-9.97645756384344,-16.12));
#14318=CARTESIAN_POINT('',(39.7762226644937,-20.1672744816318,-16.52));
#14319=CARTESIAN_POINT('',(39.7762226644938,-9.97645756384344,-16.52));
#14320=CARTESIAN_POINT('',(38.9762226644938,-19.9529151276869,-15.72));
#14321=CARTESIAN_POINT('',(39.7762226644937,-20.1672744816318,-16.52));
#14322=CARTESIAN_POINT('',(38.9762226644938,-9.97645756384344,-15.72));
#14323=CARTESIAN_POINT('Origin',(37.6663478619211,-23.0216848372969,-16.12));
#14324=CARTESIAN_POINT('',(37.3534833584336,-24.3635820532221,-16.52));
#14325=CARTESIAN_POINT('',(38.0127580234349,-23.2216848372969,-16.52));
#14326=CARTESIAN_POINT('',(36.7678427123785,-23.777941407167,-15.72));
#14327=CARTESIAN_POINT('',(37.3534833584336,-24.3635820532221,-16.52));
#14328=CARTESIAN_POINT('',(37.3199377004074,-22.8216848372969,-15.72));
#14329=CARTESIAN_POINT('Origin',(13.2928845211175,-37.7930950534584,-16.12));
#14330=CARTESIAN_POINT('',(6.40483738696066,-42.2317911359064,-16.52));
#14331=CARTESIAN_POINT('',(13.4928845211175,-38.1395052149722,-16.52));
#14332=CARTESIAN_POINT('',(6.69765770998821,-41.1389708128788,-15.72));
#14333=CARTESIAN_POINT('',(6.40483738696065,-42.2317911359064,-16.52));
#14334=CARTESIAN_POINT('',(13.0928845211175,-37.4466848919446,-15.72));
#14335=CARTESIAN_POINT('Origin',(-5.37595632569522,-21.0268578720979,-16.12));
#14336=CARTESIAN_POINT('',(2.26948107854378,-35.0691439023277,-16.52));
#14337=CARTESIAN_POINT('',(-5.722366487209,-21.2268578720979,-16.52));
#14338=CARTESIAN_POINT('',(2.73136129389539,-34.2691439023277,-15.72));
#14339=CARTESIAN_POINT('',(2.26948107854378,-35.0691439023277,-16.52));
#14340=CARTESIAN_POINT('',(-5.02954616418145,-20.8268578720979,-15.72));
#14341=CARTESIAN_POINT('Origin',(-1.365680520744,-34.6691439023278,-16.12));
#14342=CARTESIAN_POINT('',(-2.26948082613703,-35.0691439023278,-16.52));
#14343=CARTESIAN_POINT('',(-1.365680520744,-35.0691439023278,-16.52));
#14344=CARTESIAN_POINT('',(-2.73136104148845,-34.2691439023278,-15.72));
#14345=CARTESIAN_POINT('',(-2.26948082613703,-35.0691439023278,-16.52));
#14346=CARTESIAN_POINT('',(-1.36568052074401,-34.2691439023278,-15.72));
#14347=CARTESIAN_POINT('Origin',(3.3928083069538,-24.4617714366685,-16.12));
#14348=CARTESIAN_POINT('',(-6.4048371976554,-42.2317912452018,-16.52));
#14349=CARTESIAN_POINT('',(3.73921846846758,-24.6617714366685,-16.52));
#14350=CARTESIAN_POINT('',(-6.69765752068299,-41.1389709221743,-15.72));
#14351=CARTESIAN_POINT('',(-6.40483719765541,-42.2317912452018,-16.52));
#14352=CARTESIAN_POINT('',(3.04639814544001,-24.2617714366685,-15.72));
#14353=CARTESIAN_POINT('Origin',(-28.3279770223127,-29.1125803506025,-16.12));
#14354=CARTESIAN_POINT('',(-36.7678427123785,-23.777941407167,-15.72));
#14355=CARTESIAN_POINT('',(-28.1279770223127,-28.7661701890887,-15.72));
#14356=CARTESIAN_POINT('',(-37.3534833584336,-24.3635820532221,-16.52));
#14357=CARTESIAN_POINT('',(-28.5279770223127,-29.4589905121162,-16.52));
#14358=CARTESIAN_POINT('',(-37.3534833584336,-24.3635820532221,-16.52));
#14359=CARTESIAN_POINT('Origin',(-38.7705378379787,-21.1091716975569,-16.12));
#14360=CARTESIAN_POINT('',(-38.9762226644938,-19.9529151276868,-15.72));
#14361=CARTESIAN_POINT('',(-38.424127676465,-20.9091716975569,-15.72));
#14362=CARTESIAN_POINT('',(-39.7762226644938,-20.1672744816317,-16.52));
#14363=CARTESIAN_POINT('',(-39.1169479994925,-21.3091716975569,-16.52));
#14364=CARTESIAN_POINT('',(-39.7762226644938,-20.1672744816317,-16.52));
#14365=CARTESIAN_POINT('Origin',(-39.3762226644937,7.38457184186847,-16.12));
#14366=CARTESIAN_POINT('',(-38.9762226644937,7.38457184186847,-15.72));
#14367=CARTESIAN_POINT('',(-39.7762226644937,15.5691436837369,-16.52));
#14368=CARTESIAN_POINT('',(-39.7762226644937,7.38457184186847,-16.52));
#14369=CARTESIAN_POINT('',(-39.7762226644937,15.5691436837369,-16.52));
#14370=CARTESIAN_POINT('Origin',(-15.5218149161542,15.1691436837374,-16.12));
#14371=CARTESIAN_POINT('',(-31.5055100476597,15.5691436837371,-16.52));
#14372=CARTESIAN_POINT('',(-15.5218149161542,15.5691436837374,-16.52));
#14373=CARTESIAN_POINT('',(-31.5055100476597,15.5691436837371,-16.52));
#14374=CARTESIAN_POINT('Origin',(-29.341519086502,18.517285975582,-16.12));
#14375=CARTESIAN_POINT('',(-29.2360290953195,19.5,-16.52));
#14376=CARTESIAN_POINT('',(-29.6879292480158,18.717285975582,-16.52));
#14377=CARTESIAN_POINT('',(-29.2360290953195,19.5,-16.52));
#14378=CARTESIAN_POINT('Origin',(-22.880919639201,9.29262753434136,-16.12));
#14379=CARTESIAN_POINT('',(-33.3713854668382,26.6626473428741,-16.52));
#14380=CARTESIAN_POINT('',(-23.2273298007148,9.09262753434136,-16.52));
#14381=CARTESIAN_POINT('',(-33.3713854668382,26.6626473428741,-16.52));
#14382=CARTESIAN_POINT('Origin',(-11.048245642181,39.0890379144459,-16.12));
#14383=CARTESIAN_POINT('',(-2.2083799521152,43.7308565348538,-15.72));
#14384=CARTESIAN_POINT('',(-10.848245642181,38.7426277529321,-15.72));
#14385=CARTESIAN_POINT('',(-2.42273930606008,44.5308565348538,-16.52));
#14386=CARTESIAN_POINT('',(-11.248245642181,39.4354480759597,-16.52));
#14387=CARTESIAN_POINT('',(-2.42273930606008,44.5308565348538,-16.52));
#14388=CARTESIAN_POINT('Origin',(1.10418997605765,44.1308565348538,-16.12));
#14389=CARTESIAN_POINT('',(1.10418997605765,43.7308565348538,-15.72));
#14390=CARTESIAN_POINT('',(1.10418997605765,44.5308565348538,-16.52));
#14391=CARTESIAN_POINT('Origin',(-36.7678427123785,-23.777941407167,-14.6));
#14392=CARTESIAN_POINT('',(-36.7678427123785,-23.777941407167,-14.6));
#14393=CARTESIAN_POINT('',(-6.69765752068299,-41.1389709221743,-14.6));
#14394=CARTESIAN_POINT('Origin',(-38.9762226644938,-19.9529151276868,-14.6));
#14395=CARTESIAN_POINT('',(-38.9762226644938,-19.9529151276868,-14.6));
#14396=CARTESIAN_POINT('Origin',(-38.9762226644937,14.7691436837369,-14.6));
#14397=CARTESIAN_POINT('Origin',(-2.2083799521152,43.7308565348538,-14.6));
#14398=CARTESIAN_POINT('',(-2.2083799521152,43.7308565348538,-14.6));
#14399=CARTESIAN_POINT('Origin',(2.20837995211528,43.7308565348538,-14.6));
#14400=CARTESIAN_POINT('',(2.20837995211528,43.7308565348538,-14.6));
#14401=CARTESIAN_POINT('Origin',(32.2785649545055,26.3698271291419,-14.6));
#14402=CARTESIAN_POINT('Origin',(8.88178419700125E-15,0.,-16.52));
#14403=CARTESIAN_POINT('',(14.9731131827283,41.5341927799647,-16.52));
#14404=CARTESIAN_POINT('',(3.40879233420672,48.2108565348538,-16.52));
#14405=CARTESIAN_POINT('',(12.4756315101993,42.9761144958955,-16.52));
#14406=CARTESIAN_POINT('',(14.1331131827282,40.0792701016068,-16.52));
#14407=CARTESIAN_POINT('',(4.30905751660465,23.0635065514963,-16.52));
#14408=CARTESIAN_POINT('',(27.6431094817655,32.2792701016068,-16.52));
#14409=CARTESIAN_POINT('',(17.8570224190014,37.9292701016068,-16.52));
#14410=CARTESIAN_POINT('',(28.4831094817655,33.7341927799647,-16.52));
#14411=CARTESIAN_POINT('',(17.399053815642,14.5360452123172,-16.52));
#14412=CARTESIAN_POINT('',(40.0474303302871,27.0575290250755,-16.52));
#14413=CARTESIAN_POINT('',(24.7592002454924,35.8841927799647,-16.52));
#14414=CARTESIAN_POINT('',(43.4562226644938,21.1533275097782,-16.52));
#14415=CARTESIAN_POINT('',(40.8460385753525,25.6742989692788,-16.52));
#14416=CARTESIAN_POINT('',(43.4562226644937,-21.1533275097783,-16.52));
#14417=CARTESIAN_POINT('',(43.4562226644938,10.6838434318616,-16.52));
#14418=CARTESIAN_POINT('',(40.0474303302871,-27.0575290250756,-16.52));
#14419=CARTESIAN_POINT('',(42.6576144194283,-22.5365575655751,-16.52));
#14420=CARTESIAN_POINT('',(3.4087923342067,-48.2108565348538,-16.52));
#14421=CARTESIAN_POINT('',(30.9805911542945,-32.2922710640339,-16.52));
#14422=CARTESIAN_POINT('',(-3.40879233420671,-48.2108565348538,-16.52));
#14423=CARTESIAN_POINT('',(1.81157584407579,-48.2108565348538,-16.52));
#14424=CARTESIAN_POINT('',(-40.0474303302871,-27.0575290250755,-16.52));
#14425=CARTESIAN_POINT('',(-12.4756315101992,-42.9761144958955,-16.52));
#14426=CARTESIAN_POINT('',(-43.4562226644938,-21.1533275097783,-16.52));
#14427=CARTESIAN_POINT('',(-40.8460385753525,-25.6742989692788,-16.52));
#14428=CARTESIAN_POINT('',(-43.4562226644937,21.1533275097783,-16.52));
#14429=CARTESIAN_POINT('',(-43.4562226644938,-10.6838434318616,-16.52));
#14430=CARTESIAN_POINT('',(-40.047430330287,27.0575290250756,-16.52));
#14431=CARTESIAN_POINT('',(-42.6576144194283,22.5365575655751,-16.52));
#14432=CARTESIAN_POINT('',(-28.4831094817655,33.7341927799647,-16.52));
#14433=CARTESIAN_POINT('',(-30.9805911542945,32.2922710640339,-16.52));
#14434=CARTESIAN_POINT('',(-27.6431094817655,32.2792701016069,-16.52));
#14435=CARTESIAN_POINT('',(-17.819053815642,15.2635065514961,-16.52));
#14436=CARTESIAN_POINT('',(-14.1331131827282,40.0792701016069,-16.52));
#14437=CARTESIAN_POINT('',(-23.9192002454924,34.4292701016069,-16.52));
#14438=CARTESIAN_POINT('',(-14.9731131827282,41.5341927799647,-16.52));
#14439=CARTESIAN_POINT('',(-3.88905751660476,22.3360452123172,-16.52));
#14440=CARTESIAN_POINT('',(-3.40879233420664,48.2108565348538,-16.52));
#14441=CARTESIAN_POINT('',(-18.6970224190013,39.3841927799647,-16.52));
#14442=CARTESIAN_POINT('',(-1.81157584407577,48.2108565348538,-16.52));
#14443=CARTESIAN_POINT('Origin',(28.5366993202517,34.6270131029922,-15.72));
#14444=CARTESIAN_POINT('',(27.990289158738,34.4806029414785,-15.72));
#14445=CARTESIAN_POINT('',(28.4831094817655,33.7341927799647,-16.52));
#14446=CARTESIAN_POINT('Origin',(26.5946463374041,35.517317807744,-13.2));
#14447=CARTESIAN_POINT('',(29.3759298047931,33.6806029414784,-13.));
#14448=CARTESIAN_POINT('',(29.5759298047931,34.0270131029922,-13.4));
#14449=CARTESIAN_POINT('',(40.3402506533146,27.3503493481031,-13.));
#14450=CARTESIAN_POINT('',(26.4946463374041,35.3441127269871,-13.));
#14451=CARTESIAN_POINT('',(40.3402506533146,27.3503493481031,-13.));
#14452=CARTESIAN_POINT('Origin',(29.4759298047931,33.8538080222353,-14.6));
#14453=CARTESIAN_POINT('Origin',(29.3759298047931,33.6806029414785,-14.6));
#14454=CARTESIAN_POINT('Origin',(17.0526436541282,14.7360452123172,-16.12));
#14455=CARTESIAN_POINT('',(27.350289158738,33.3720904246344,-15.72));
#14456=CARTESIAN_POINT('',(16.7062334926145,14.9360452123172,-15.72));
#14457=CARTESIAN_POINT('',(27.6431094817655,32.2792701016068,-16.52));
#14458=CARTESIAN_POINT('Origin',(18.0570224190014,38.2756802631206,-16.12));
#14459=CARTESIAN_POINT('',(15.2259335057558,40.3720904246344,-15.72));
#14460=CARTESIAN_POINT('',(14.1331131827282,40.0792701016068,-16.52));
#14461=CARTESIAN_POINT('',(18.2570224190014,38.6220904246344,-15.72));
#14462=CARTESIAN_POINT('Origin',(15.8659335057558,41.4806029414785,-15.72));
#14463=CARTESIAN_POINT('',(15.719523344242,42.0270131029922,-15.72));
#14464=CARTESIAN_POINT('',(15.719523344242,42.0270131029922,-15.72));
#14465=CARTESIAN_POINT('',(15.8659335057558,41.4806029414785,-15.72));
#14466=CARTESIAN_POINT('',(15.8659335057558,41.4806029414785,-15.72));
#14467=CARTESIAN_POINT('',(14.9731131827283,41.5341927799647,-16.52));
#14468=CARTESIAN_POINT('Origin',(12.6756315101993,43.3225246574092,-16.12));
#14469=CARTESIAN_POINT('',(3.62315168815162,49.0108565348538,-15.72));
#14470=CARTESIAN_POINT('',(12.8756315101993,43.668934818923,-15.72));
#14471=CARTESIAN_POINT('',(3.40879233420672,48.2108565348538,-16.52));
#14472=CARTESIAN_POINT('Origin',(-1.81157584407577,48.6108565348538,-16.12));
#14473=CARTESIAN_POINT('',(-3.62315168815154,49.0108565348538,-15.72));
#14474=CARTESIAN_POINT('',(-3.40879233420664,48.2108565348538,-16.52));
#14475=CARTESIAN_POINT('',(-1.81157584407577,49.0108565348538,-15.72));
#14476=CARTESIAN_POINT('Origin',(-15.719523344242,42.0270131029922,-15.72));
#14477=CARTESIAN_POINT('',(-15.8659335057558,41.4806029414785,-15.72));
#14478=CARTESIAN_POINT('',(-15.8659335057558,41.4806029414785,-15.72));
#14479=CARTESIAN_POINT('',(-15.719523344242,42.0270131029922,-15.72));
#14480=CARTESIAN_POINT('',(-15.719523344242,42.0270131029922,-15.72));
#14481=CARTESIAN_POINT('',(-14.9731131827282,41.5341927799647,-16.52));
#14482=CARTESIAN_POINT('Origin',(-9.32103457749707,45.4902422072034,-13.2));
#14483=CARTESIAN_POINT('',(-3.62315168815154,49.0108565348538,-13.4));
#14484=CARTESIAN_POINT('',(-14.6802928597007,42.6270131029923,-13.4));
#14485=CARTESIAN_POINT('',(-9.42103457749707,45.6634472879603,-13.4));
#14486=CARTESIAN_POINT('',(-14.4802928597007,42.2806029414785,-13.));
#14487=CARTESIAN_POINT('',(-14.6802928597007,42.6270131029923,-13.4));
#14488=CARTESIAN_POINT('',(-3.51597201117909,48.6108565348538,-13.));
#14489=CARTESIAN_POINT('',(-9.22103457749707,45.3170371264465,-13.));
#14490=CARTESIAN_POINT('',(-3.51597201117909,48.6108565348538,-13.));
#14491=CARTESIAN_POINT('Origin',(-14.5802928597007,42.4538080222354,-14.6));
#14492=CARTESIAN_POINT('',(-15.719523344242,42.0270131029922,-14.6));
#14493=CARTESIAN_POINT('',(-15.8659335057558,41.4806029414785,-14.6));
#14494=CARTESIAN_POINT('',(-15.719523344242,42.0270131029922,-14.6));
#14495=CARTESIAN_POINT('Origin',(-14.4802928597007,42.2806029414785,-14.6));
#14496=CARTESIAN_POINT('Origin',(-14.6802928597007,42.6270131029923,-14.6));
#14497=CARTESIAN_POINT('Origin',(-15.7927284249989,41.7538080222354,-14.6));
#14498=CARTESIAN_POINT('',(-15.719523344242,42.0270131029922,-14.6));
#14499=CARTESIAN_POINT('',(-15.8659335057558,41.4806029414785,-14.6));
#14500=CARTESIAN_POINT('Origin',(-18.8970224190013,39.7306029414785,-16.12));
#14501=CARTESIAN_POINT('',(-19.0970224190013,40.0770131029923,-15.72));
#14502=CARTESIAN_POINT('Origin',(-4.23546767811853,22.1360452123172,-16.12));
#14503=CARTESIAN_POINT('',(-15.2259335057558,40.3720904246344,-15.72));
#14504=CARTESIAN_POINT('',(-4.5818778396323,21.9360452123172,-15.72));
#14505=CARTESIAN_POINT('',(-14.1331131827282,40.0792701016069,-16.52));
#14506=CARTESIAN_POINT('Origin',(-24.1192002454924,34.7756802631206,-16.12));
#14507=CARTESIAN_POINT('',(-27.6431094817655,32.2792701016069,-16.52));
#14508=CARTESIAN_POINT('',(-24.3192002454924,35.1220904246344,-15.72));
#14509=CARTESIAN_POINT('Origin',(-44.0562226644937,0.752292898996217,-13.2));
#14510=CARTESIAN_POINT('',(-44.2562226644937,12.5175322204389,-13.4));
#14511=CARTESIAN_POINT('',(-44.2562226644937,0.752292898996217,-13.4));
#14512=CARTESIAN_POINT('',(-43.8562226644937,12.5175322204389,-13.));
#14513=CARTESIAN_POINT('',(-44.2562226644937,12.5175322204389,-13.4));
#14514=CARTESIAN_POINT('',(-43.8562226644937,21.2605071867508,-13.));
#14515=CARTESIAN_POINT('',(-43.8562226644937,0.752292898996217,-13.));
#14516=CARTESIAN_POINT('',(-43.8562226644937,21.2605071867508,-13.));
#14517=CARTESIAN_POINT('Origin',(-27.9902891587379,34.4806029414785,-15.72));
#14518=CARTESIAN_POINT('',(-28.5366993202517,34.6270131029923,-15.72));
#14519=CARTESIAN_POINT('',(-28.4831094817655,33.7341927799647,-16.52));
#14520=CARTESIAN_POINT('Origin',(-42.7006443588184,23.6620275243047,-13.2));
#14521=CARTESIAN_POINT('',(-40.3402506533146,27.3503493481031,-13.));
#14522=CARTESIAN_POINT('',(-42.5274392780615,23.5620275243047,-13.));
#14523=CARTESIAN_POINT('',(-40.3402506533146,27.3503493481031,-13.));
#14524=CARTESIAN_POINT('Origin',(-39.7548198293179,27.9192880996054,-13.2));
#14525=CARTESIAN_POINT('',(-29.375929804793,33.6806029414785,-13.));
#14526=CARTESIAN_POINT('',(-39.6548198293179,27.7460830188485,-13.));
#14527=CARTESIAN_POINT('',(-29.375929804793,33.6806029414785,-13.));
#14528=CARTESIAN_POINT('Origin',(-29.475929804793,33.8538080222354,-14.6));
#14529=CARTESIAN_POINT('Origin',(-29.375929804793,33.6806029414785,-14.6));
#14530=CARTESIAN_POINT('Origin',(-17.4726436541283,15.4635065514961,-16.12));
#14531=CARTESIAN_POINT('Origin',(-31.1805911542945,32.6386812255477,-16.12));
#14532=CARTESIAN_POINT('',(-40.047430330287,27.0575290250756,-16.52));
#14533=CARTESIAN_POINT('Origin',(-44.0562226644938,12.5175322204389,-14.6));
#14534=CARTESIAN_POINT('Origin',(-43.8562226644939,12.5175322204389,-14.6));
#14535=CARTESIAN_POINT('Origin',(-44.2562226644937,12.5175322204389,-14.6));
#14536=CARTESIAN_POINT('Origin',(-43.004024580942,22.7365575655751,-16.12));
#14537=CARTESIAN_POINT('',(-43.4562226644937,21.1533275097783,-16.52));
#14538=CARTESIAN_POINT('Origin',(-43.8562226644937,-10.6838434318616,-16.12));
#14539=CARTESIAN_POINT('',(-44.2562226644938,-21.3676868637232,-15.72));
#14540=CARTESIAN_POINT('',(-44.2562226644937,-10.6838434318616,-15.72));
#14541=CARTESIAN_POINT('',(-43.4562226644938,-21.1533275097783,-16.52));
#14542=CARTESIAN_POINT('Origin',(-41.1924487368663,-25.8742989692788,-16.12));
#14543=CARTESIAN_POINT('',(-40.6330709763422,-27.6431696711306,-15.72));
#14544=CARTESIAN_POINT('',(-41.5388588983801,-26.0742989692788,-15.72));
#14545=CARTESIAN_POINT('',(-40.0474303302871,-27.0575290250755,-16.52));
#14546=CARTESIAN_POINT('Origin',(-12.6756315101992,-43.3225246574092,-16.12));
#14547=CARTESIAN_POINT('',(-3.62315168815161,-49.0108565348538,-15.72));
#14548=CARTESIAN_POINT('',(-12.8756315101992,-43.668934818923,-15.72));
#14549=CARTESIAN_POINT('',(-3.40879233420671,-48.2108565348538,-16.52));
#14550=CARTESIAN_POINT('Origin',(-1.81157584407575,48.8108565348538,-13.2));
#14551=CARTESIAN_POINT('',(3.62315168815162,49.0108565348538,-13.4));
#14552=CARTESIAN_POINT('',(-1.81157584407575,49.0108565348538,-13.4));
#14553=CARTESIAN_POINT('',(3.51597201117917,48.6108565348538,-13.));
#14554=CARTESIAN_POINT('',(-1.81157584407575,48.6108565348538,-13.));
#14555=CARTESIAN_POINT('',(3.51597201117917,48.6108565348538,-13.));
#14556=CARTESIAN_POINT('Origin',(1.81157584407579,-48.6108565348538,-16.12));
#14557=CARTESIAN_POINT('',(3.62315168815158,-49.0108565348538,-15.72));
#14558=CARTESIAN_POINT('',(1.81157584407579,-49.0108565348538,-15.72));
#14559=CARTESIAN_POINT('',(3.40879233420669,-48.2108565348538,-16.52));
#14560=CARTESIAN_POINT('Origin',(3.09964366869504,49.0821639231341,-13.2));
#14561=CARTESIAN_POINT('',(14.4802928597007,42.2806029414785,-13.));
#14562=CARTESIAN_POINT('',(2.99964366869504,48.9089588423773,-13.));
#14563=CARTESIAN_POINT('',(14.6802928597007,42.6270131029922,-13.4));
#14564=CARTESIAN_POINT('',(14.4802928597007,42.2806029414785,-13.));
#14565=CARTESIAN_POINT('',(3.19964366869504,49.255369003891,-13.4));
#14566=CARTESIAN_POINT('Origin',(14.5802928597007,42.4538080222352,-14.6));
#14567=CARTESIAN_POINT('',(15.8659335057557,41.4806029414782,-14.6));
#14568=CARTESIAN_POINT('Origin',(14.4802928597006,42.2806029414782,-14.6));
#14569=CARTESIAN_POINT('',(15.719523344242,42.0270131029922,-14.6));
#14570=CARTESIAN_POINT('',(15.8659335057557,41.4806029414782,-14.6));
#14571=CARTESIAN_POINT('Origin',(14.6802928597007,42.6270131029922,-14.6));
#14572=CARTESIAN_POINT('Origin',(15.7927284249989,41.7538080222353,-14.6));
#14573=CARTESIAN_POINT('',(15.8659335057558,41.4806029414785,-14.6));
#14574=CARTESIAN_POINT('',(15.719523344242,42.0270131029922,-14.6));
#14575=CARTESIAN_POINT('Origin',(31.1805911542945,-32.6386812255477,-16.12));
#14576=CARTESIAN_POINT('',(40.6330709763422,-27.6431696711307,-15.72));
#14577=CARTESIAN_POINT('',(31.3805911542945,-32.9850913870615,-15.72));
#14578=CARTESIAN_POINT('',(40.0474303302871,-27.0575290250756,-16.52));
#14579=CARTESIAN_POINT('Origin',(4.65546767811842,22.8635065514963,-16.12));
#14580=CARTESIAN_POINT('',(5.0018778396322,22.6635065514963,-15.72));
#14581=CARTESIAN_POINT('Origin',(43.0040245809421,-22.7365575655751,-16.12));
#14582=CARTESIAN_POINT('',(44.2562226644937,-21.3676868637232,-15.72));
#14583=CARTESIAN_POINT('',(43.3504347424559,-22.9365575655751,-15.72));
#14584=CARTESIAN_POINT('',(43.4562226644937,-21.1533275097783,-16.52));
#14585=CARTESIAN_POINT('Origin',(43.8562226644938,10.6838434318616,-16.12));
#14586=CARTESIAN_POINT('',(44.2562226644938,10.6838434318616,-15.72));
#14587=CARTESIAN_POINT('',(43.4562226644938,21.1533275097782,-16.52));
#14588=CARTESIAN_POINT('Origin',(41.1924487368663,25.8742989692788,-16.12));
#14589=CARTESIAN_POINT('',(40.0474303302871,27.0575290250755,-16.52));
#14590=CARTESIAN_POINT('Origin',(24.9592002454924,36.2306029414784,-16.12));
#14591=CARTESIAN_POINT('Origin',(42.9010999095348,23.3148283258047,-13.2));
#14592=CARTESIAN_POINT('',(43.8562226644938,21.2605071867507,-13.));
#14593=CARTESIAN_POINT('',(42.727894828778,23.2148283258047,-13.));
#14594=CARTESIAN_POINT('',(43.8562226644938,21.2605071867507,-13.));
#14595=CARTESIAN_POINT('Origin',(44.0562226644938,7.13788257389616,-13.2));
#14596=CARTESIAN_POINT('',(44.2562226644937,-21.3676868637232,-13.4));
#14597=CARTESIAN_POINT('',(44.2562226644938,7.13788257389616,-13.4));
#14598=CARTESIAN_POINT('',(43.8562226644937,-21.2605071867508,-13.));
#14599=CARTESIAN_POINT('',(43.8562226644938,7.13788257389616,-13.));
#14600=CARTESIAN_POINT('',(43.8562226644937,-21.2605071867508,-13.));
#14601=CARTESIAN_POINT('Origin',(41.6417835697873,-25.4960282090491,-13.2));
#14602=CARTESIAN_POINT('',(40.6330709763422,-27.6431696711307,-13.4));
#14603=CARTESIAN_POINT('',(41.8149886505442,-25.5960282090491,-13.4));
#14604=CARTESIAN_POINT('',(40.3402506533147,-27.3503493481031,-13.));
#14605=CARTESIAN_POINT('',(41.4685784890304,-25.3960282090491,-13.));
#14606=CARTESIAN_POINT('',(40.3402506533147,-27.3503493481031,-13.));
#14607=CARTESIAN_POINT('Origin',(29.7451450623829,-33.6983765207959,-13.2));
#14608=CARTESIAN_POINT('',(3.62315168815158,-49.0108565348538,-13.4));
#14609=CARTESIAN_POINT('',(29.8451450623829,-33.8715816015528,-13.4));
#14610=CARTESIAN_POINT('',(3.51597201117912,-48.6108565348538,-13.));
#14611=CARTESIAN_POINT('',(29.6451450623829,-33.525171440039,-13.));
#14612=CARTESIAN_POINT('',(3.51597201117912,-48.6108565348538,-13.));
#14613=CARTESIAN_POINT('Origin',(1.81157584407579,-48.8108565348538,-13.2));
#14614=CARTESIAN_POINT('',(-3.62315168815161,-49.0108565348538,-13.4));
#14615=CARTESIAN_POINT('',(1.81157584407579,-49.0108565348538,-13.4));
#14616=CARTESIAN_POINT('',(-3.51597201117916,-48.6108565348538,-13.));
#14617=CARTESIAN_POINT('',(1.81157584407579,-48.6108565348538,-13.));
#14618=CARTESIAN_POINT('',(-3.51597201117917,-48.6108565348538,-13.));
#14619=CARTESIAN_POINT('Origin',(-11.2401854182876,-44.3822199526575,-13.2));
#14620=CARTESIAN_POINT('',(-40.6330709763422,-27.6431696711306,-13.4));
#14621=CARTESIAN_POINT('',(-11.3401854182876,-44.5554250334144,-13.4));
#14622=CARTESIAN_POINT('',(-40.3402506533146,-27.3503493481031,-13.));
#14623=CARTESIAN_POINT('',(-11.1401854182876,-44.2090148719006,-13.));
#14624=CARTESIAN_POINT('',(-40.3402506533146,-27.3503493481031,-13.));
#14625=CARTESIAN_POINT('Origin',(-39.8302077257116,-28.6337696127528,-13.2));
#14626=CARTESIAN_POINT('',(-44.2562226644938,-21.3676868637232,-13.4));
#14627=CARTESIAN_POINT('',(-40.0034128064684,-28.7337696127528,-13.4));
#14628=CARTESIAN_POINT('',(-43.8562226644938,-21.2605071867507,-13.));
#14629=CARTESIAN_POINT('',(-39.6570026449547,-28.5337696127528,-13.));
#14630=CARTESIAN_POINT('',(-43.8562226644938,-21.2605071867507,-13.));
#14631=CARTESIAN_POINT('Origin',(-44.0562226644938,-12.5175322204389,-14.6));
#14632=CARTESIAN_POINT('',(-44.2562226644937,-12.5175322204389,-13.4));
#14633=CARTESIAN_POINT('Origin',(-44.2562226644937,-12.5175322204389,-14.6));
#14634=CARTESIAN_POINT('',(-43.8562226644938,-12.5175322204389,-13.));
#14635=CARTESIAN_POINT('',(-44.2562226644937,-12.5175322204389,-13.4));
#14636=CARTESIAN_POINT('Origin',(-43.8562226644938,-12.5175322204389,-14.6));
#14637=CARTESIAN_POINT('Origin',(-44.0562226644938,-14.229804289827,-13.2));
#14638=CARTESIAN_POINT('',(-43.8562226644938,-14.229804289827,-13.));
#14639=CARTESIAN_POINT('',(-44.2562226644937,-14.229804289827,-13.4));
#14640=CARTESIAN_POINT('Origin',(-16.0659335057558,41.8270131029923,-14.6));
#14641=CARTESIAN_POINT('',(-3.62315168815154,49.0108565348538,-14.6));
#14642=CARTESIAN_POINT('Origin',(-3.62315168815154,49.0108565348538,-14.6));
#14643=CARTESIAN_POINT('',(3.62315168815162,49.0108565348538,-14.6));
#14644=CARTESIAN_POINT('Origin',(44.2562226644938,21.3676868637231,-14.6));
#14645=CARTESIAN_POINT('',(44.2562226644937,-21.3676868637232,-14.6));
#14646=CARTESIAN_POINT('Origin',(44.2562226644937,-21.3676868637232,-14.6));
#14647=CARTESIAN_POINT('',(40.6330709763422,-27.6431696711307,-14.6));
#14648=CARTESIAN_POINT('Origin',(40.6330709763422,-27.6431696711307,-14.6));
#14649=CARTESIAN_POINT('',(3.62315168815158,-49.0108565348538,-14.6));
#14650=CARTESIAN_POINT('Origin',(3.62315168815158,-49.0108565348538,-14.6));
#14651=CARTESIAN_POINT('',(-3.62315168815161,-49.0108565348538,-14.6));
#14652=CARTESIAN_POINT('Origin',(-3.62315168815161,-49.0108565348538,-14.6));
#14653=CARTESIAN_POINT('',(-40.6330709763422,-27.6431696711306,-14.6));
#14654=CARTESIAN_POINT('Origin',(-40.6330709763422,-27.6431696711306,-14.6));
#14655=CARTESIAN_POINT('',(-44.2562226644938,-21.3676868637232,-14.6));
#14656=CARTESIAN_POINT('Origin',(-44.2562226644938,-21.3676868637232,-14.6));
#14657=CARTESIAN_POINT('Origin',(-40.0297392880548,12.5175322204389,-14.6));
#14658=CARTESIAN_POINT('',(-42.5762226644937,12.5175322204389,-13.));
#14659=CARTESIAN_POINT('Origin',(-42.5762226644937,12.5175322204389,-14.6));
#14660=CARTESIAN_POINT('',(-40.0297392880548,12.5175322204389,-13.));
#14661=CARTESIAN_POINT('Origin',(-35.8032559116158,22.8722726617156,-13.));
#14662=CARTESIAN_POINT('',(-42.5762226644937,20.9175322204389,-13.));
#14663=CARTESIAN_POINT('',(-42.5762226644937,20.9175322204389,-13.));
#14664=CARTESIAN_POINT('',(-39.4032256196264,26.413324314415,-13.));
#14665=CARTESIAN_POINT('',(-39.4032256196264,26.413324314415,-13.));
#14666=CARTESIAN_POINT('',(-28.735929804793,32.5720904246344,-13.));
#14667=CARTESIAN_POINT('',(-3.17299704486726,47.3308565348538,-13.));
#14668=CARTESIAN_POINT('',(-27.9392734194541,31.1922410890532,-13.));
#14669=CARTESIAN_POINT('Origin',(-42.5762226644937,10.9175322204389,-14.6));
#14670=CARTESIAN_POINT('',(-42.5762226644937,20.9175322204389,-14.6));
#14671=CARTESIAN_POINT('Origin',(-21.2881113322469,-12.5175322204388,-14.6));
#14672=CARTESIAN_POINT('',(-42.5762226644937,-12.5175322204389,-13.));
#14673=CARTESIAN_POINT('',(-21.2881113322469,-12.5175322204388,-13.));
#14674=CARTESIAN_POINT('Origin',(-42.5762226644938,-12.5175322204389,-14.6));
#14675=CARTESIAN_POINT('Origin',(8.88178419700125E-15,-7.09192171593079,
-13.));
#14676=CARTESIAN_POINT('',(28.7359298047931,32.5720904246344,-13.));
#14677=CARTESIAN_POINT('',(16.5564280467579,11.4765745688432,-13.));
#14678=CARTESIAN_POINT('',(39.4032256196265,26.4133243144149,-13.));
#14679=CARTESIAN_POINT('',(39.4032256196265,26.4133243144149,-13.));
#14680=CARTESIAN_POINT('',(42.5762226644938,20.9175322204388,-13.));
#14681=CARTESIAN_POINT('',(42.5762226644938,20.9175322204388,-13.));
#14682=CARTESIAN_POINT('',(42.5762226644938,-20.9175322204389,-13.));
#14683=CARTESIAN_POINT('',(42.5762226644937,-20.9175322204389,-13.));
#14684=CARTESIAN_POINT('',(39.4032256196265,-26.4133243144149,-13.));
#14685=CARTESIAN_POINT('',(39.4032256196265,-26.4133243144149,-13.));
#14686=CARTESIAN_POINT('',(3.17299704486726,-47.3308565348538,-13.));
#14687=CARTESIAN_POINT('',(3.17299704486726,-47.3308565348538,-13.));
#14688=CARTESIAN_POINT('',(-3.17299704486731,-47.3308565348538,-13.));
#14689=CARTESIAN_POINT('',(-3.17299704486731,-47.3308565348538,-13.));
#14690=CARTESIAN_POINT('',(-39.4032256196265,-26.4133243144149,-13.));
#14691=CARTESIAN_POINT('',(-39.4032256196265,-26.4133243144149,-13.));
#14692=CARTESIAN_POINT('',(-42.5762226644938,-20.9175322204389,-13.));
#14693=CARTESIAN_POINT('',(-42.5762226644938,-20.9175322204389,-13.));
#14694=CARTESIAN_POINT('',(-42.5762226644937,20.9175322204389,-13.));
#14695=CARTESIAN_POINT('Origin',(-27.9392734194541,31.1922410890532,-14.6));
#14696=CARTESIAN_POINT('Origin',(-28.735929804793,32.5720904246344,-14.6));
#14697=CARTESIAN_POINT('Origin',(-39.4032256196264,26.413324314415,-14.6));
#14698=CARTESIAN_POINT('',(-39.4032256196264,26.413324314415,-14.6));
#14699=CARTESIAN_POINT('Origin',(-12.8722250350814,39.4953477672212,-14.6));
#14700=CARTESIAN_POINT('',(-14.2578656811365,38.6953477672212,-14.6));
#14701=CARTESIAN_POINT('',(-13.8402928597007,41.1720904246344,-13.));
#14702=CARTESIAN_POINT('Origin',(-13.8402928597007,41.1720904246344,-14.6));
#14703=CARTESIAN_POINT('',(-12.8722250350814,39.4953477672212,-13.));
#14704=CARTESIAN_POINT('Origin',(3.33066907387547E-14,44.6914734797441,
-13.));
#14705=CARTESIAN_POINT('',(-3.17299704486726,47.3308565348538,-13.));
#14706=CARTESIAN_POINT('',(-3.17299704486726,47.3308565348538,-13.));
#14707=CARTESIAN_POINT('',(3.17299704486733,47.3308565348538,-13.));
#14708=CARTESIAN_POINT('',(3.17299704486733,47.3308565348538,-13.));
#14709=CARTESIAN_POINT('',(13.8402928597007,41.1720904246344,-13.));
#14710=CARTESIAN_POINT('',(39.4032256196265,26.4133243144149,-13.));
#14711=CARTESIAN_POINT('',(13.2922250350815,40.2228091064001,-13.));
#14712=CARTESIAN_POINT('Origin',(-15.2259335057558,40.3720904246344,-14.6));
#14713=CARTESIAN_POINT('',(-3.17299704486726,47.3308565348538,-14.6));
#14714=CARTESIAN_POINT('Origin',(13.2922250350815,40.2228091064001,-14.6));
#14715=CARTESIAN_POINT('Origin',(13.8402928597006,41.1720904246343,-14.6));
#14716=CARTESIAN_POINT('',(14.6778656811365,39.4228091064001,-14.6));
#14717=CARTESIAN_POINT('Origin',(16.0659335057558,41.8270131029922,-14.6));
#14718=CARTESIAN_POINT('',(15.2259335057558,40.3720904246344,-14.6));
#14719=CARTESIAN_POINT('Origin',(3.17299704486733,47.3308565348538,-14.6));
#14720=CARTESIAN_POINT('',(3.17299704486733,47.3308565348538,-14.6));
#14721=CARTESIAN_POINT('Origin',(16.5564280467579,11.4765745688432,-14.6));
#14722=CARTESIAN_POINT('',(15.1707874007028,12.2765745688432,-14.6));
#14723=CARTESIAN_POINT('Origin',(28.7359298047931,32.5720904246344,-14.6));
#14724=CARTESIAN_POINT('Origin',(27.350289158738,33.3720904246344,-14.6));
#14725=CARTESIAN_POINT('',(39.4032256196265,26.4133243144149,-14.6));
#14726=CARTESIAN_POINT('Origin',(-3.17299704486726,47.3308565348538,-14.6));
#14727=CARTESIAN_POINT('Origin',(-42.5762226644937,20.9175322204389,-14.6));
#14728=CARTESIAN_POINT('Origin',(-3.17299704486731,-47.3308565348538,-14.6));
#14729=CARTESIAN_POINT('',(-39.4032256196265,-26.4133243144149,-14.6));
#14730=CARTESIAN_POINT('',(-3.17299704486731,-47.3308565348538,-14.6));
#14731=CARTESIAN_POINT('Origin',(3.17299704486726,-47.3308565348538,-14.6));
#14732=CARTESIAN_POINT('',(3.17299704486726,-47.3308565348538,-14.6));
#14733=CARTESIAN_POINT('Origin',(39.4032256196265,-26.4133243144149,-14.6));
#14734=CARTESIAN_POINT('',(39.4032256196265,-26.4133243144149,-14.6));
#14735=CARTESIAN_POINT('Origin',(42.5762226644937,-20.9175322204389,-14.6));
#14736=CARTESIAN_POINT('',(42.5762226644937,-20.9175322204389,-14.6));
#14737=CARTESIAN_POINT('Origin',(42.5762226644938,20.9175322204388,-14.6));
#14738=CARTESIAN_POINT('',(42.5762226644938,20.9175322204388,-14.6));
#14739=CARTESIAN_POINT('Origin',(39.4032256196265,26.4133243144149,-14.6));
#14740=CARTESIAN_POINT('Origin',(-42.5762226644938,-20.9175322204389,-14.6));
#14741=CARTESIAN_POINT('',(-42.5762226644938,-20.9175322204389,-14.6));
#14742=CARTESIAN_POINT('Origin',(-39.4032256196265,-26.4133243144149,-14.6));
#14743=CARTESIAN_POINT('Origin',(38.9762226644938,-19.9529151276869,-14.6));
#14744=CARTESIAN_POINT('',(38.9762226644938,-19.9529151276869,-14.6));
#14745=CARTESIAN_POINT('Origin',(36.7678427123785,-23.777941407167,-14.6));
#14746=CARTESIAN_POINT('',(36.7678427123785,-23.777941407167,-14.6));
#14747=CARTESIAN_POINT('Origin',(6.69765770998821,-41.1389708128788,-14.6));
#14748=CARTESIAN_POINT('',(6.69765770998821,-41.1389708128788,-14.6));
#14749=CARTESIAN_POINT('Origin',(2.73136129389546,-34.2691439023277,-14.6));
#14750=CARTESIAN_POINT('',(2.73136129389539,-34.2691439023277,-14.6));
#14751=CARTESIAN_POINT('Origin',(-2.73136104148845,-34.2691439023278,-14.6));
#14752=CARTESIAN_POINT('',(-2.73136104148845,-34.2691439023278,-14.6));
#14753=CARTESIAN_POINT('Origin',(-6.69765752068299,-41.1389709221743,-14.6));
#14754=CARTESIAN_POINT('Origin',(-27.3502891587379,33.3720904246344,-14.6));
#14755=CARTESIAN_POINT('',(-15.2259335057558,40.3720904246344,-14.6));
#14756=CARTESIAN_POINT('Origin',(27.350289158738,33.3720904246344,-14.6));
#14757=CARTESIAN_POINT('',(27.350289158738,33.3720904246344,-14.6));
#14758=CARTESIAN_POINT('Origin',(15.2259335057558,40.3720904246344,-14.6));
#14759=CARTESIAN_POINT('Origin',(3.62315168815162,49.0108565348538,-14.6));
#14760=CARTESIAN_POINT('Origin',(-15.2259335057558,40.3720904246344,-14.6));
#14761=CARTESIAN_POINT('',(0.,0.,0.));
#14762=CARTESIAN_POINT('',(0.,0.,0.));
#14763=CARTESIAN_POINT('',(0.,0.,0.));
#14764=UNCERTAINTY_MEASURE_WITH_UNIT(LENGTH_MEASURE(0.01),#14774,
'DISTANCE_ACCURACY_VALUE',
'Maximum model space distance between geometric entities at asserted c
onnectivities');
#14765=UNCERTAINTY_MEASURE_WITH_UNIT(LENGTH_MEASURE(0.01),#14774,
'DISTANCE_ACCURACY_VALUE',
'Maximum model space distance between geometric entities at asserted c
onnectivities');
#14766=UNCERTAINTY_MEASURE_WITH_UNIT(LENGTH_MEASURE(0.01),#14774,
'DISTANCE_ACCURACY_VALUE',
'Maximum model space distance between geometric entities at asserted c
onnectivities');
#14767=UNCERTAINTY_MEASURE_WITH_UNIT(LENGTH_MEASURE(0.01),#14774,
'DISTANCE_ACCURACY_VALUE',
'Maximum model space distance between geometric entities at asserted c
onnectivities');
#14768=UNCERTAINTY_MEASURE_WITH_UNIT(LENGTH_MEASURE(0.01),#14774,
'DISTANCE_ACCURACY_VALUE',
'Maximum model space distance between geometric entities at asserted c
onnectivities');
#14769=(
GEOMETRIC_REPRESENTATION_CONTEXT(3)
GLOBAL_UNCERTAINTY_ASSIGNED_CONTEXT((#14764))
GLOBAL_UNIT_ASSIGNED_CONTEXT((#14774,#14776,#14777))
REPRESENTATION_CONTEXT('','3D')
);
#14770=(
GEOMETRIC_REPRESENTATION_CONTEXT(3)
GLOBAL_UNCERTAINTY_ASSIGNED_CONTEXT((#14765))
GLOBAL_UNIT_ASSIGNED_CONTEXT((#14774,#14776,#14777))
REPRESENTATION_CONTEXT('','3D')
);
#14771=(
GEOMETRIC_REPRESENTATION_CONTEXT(3)
GLOBAL_UNCERTAINTY_ASSIGNED_CONTEXT((#14766))
GLOBAL_UNIT_ASSIGNED_CONTEXT((#14774,#14776,#14777))
REPRESENTATION_CONTEXT('','3D')
);
#14772=(
GEOMETRIC_REPRESENTATION_CONTEXT(3)
GLOBAL_UNCERTAINTY_ASSIGNED_CONTEXT((#14767))
GLOBAL_UNIT_ASSIGNED_CONTEXT((#14774,#14776,#14777))
REPRESENTATION_CONTEXT('','3D')
);
#14773=(
GEOMETRIC_REPRESENTATION_CONTEXT(3)
GLOBAL_UNCERTAINTY_ASSIGNED_CONTEXT((#14768))
GLOBAL_UNIT_ASSIGNED_CONTEXT((#14774,#14776,#14777))
REPRESENTATION_CONTEXT('','3D')
);
#14774=(
LENGTH_UNIT()
NAMED_UNIT(*)
SI_UNIT(.MILLI.,.METRE.)
);
#14775=(
LENGTH_UNIT()
NAMED_UNIT(*)
SI_UNIT($,.METRE.)
);
#14776=(
NAMED_UNIT(*)
PLANE_ANGLE_UNIT()
SI_UNIT($,.RADIAN.)
);
#14777=(
NAMED_UNIT(*)
SI_UNIT($,.STERADIAN.)
SOLID_ANGLE_UNIT()
);
#14778=SHAPE_DEFINITION_REPRESENTATION(#14782,#14789);
#14779=SHAPE_DEFINITION_REPRESENTATION(#14783,#14790);
#14780=SHAPE_DEFINITION_REPRESENTATION(#14784,#14791);
#14781=SHAPE_DEFINITION_REPRESENTATION(#14785,#14792);
#14782=PRODUCT_DEFINITION_SHAPE('',$,#14794);
#14783=PRODUCT_DEFINITION_SHAPE('',$,#14795);
#14784=PRODUCT_DEFINITION_SHAPE('',$,#14796);
#14785=PRODUCT_DEFINITION_SHAPE('',$,#14797);
#14786=PRODUCT_DEFINITION_SHAPE($,$,#20);
#14787=PRODUCT_DEFINITION_SHAPE($,$,#21);
#14788=PRODUCT_DEFINITION_SHAPE($,$,#22);
#14789=SHAPE_REPRESENTATION('',(#9053,#9638,#9639,#9640),#14769);
#14790=SHAPE_REPRESENTATION('',(#9054),#14770);
#14791=SHAPE_REPRESENTATION('',(#9237),#14771);
#14792=SHAPE_REPRESENTATION('',(#9411),#14772);
#14793=PRODUCT_DEFINITION_CONTEXT('part definition',#14807,'design');
#14794=PRODUCT_DEFINITION('SMTSO','Frame Case - Tildagon 2026 v8',#14798,
#14793);
#14795=PRODUCT_DEFINITION('Frame Case','Frame Case',#14799,#14793);
#14796=PRODUCT_DEFINITION('Frame Case No Baffles',
'Frame Case No Baffles',#14800,#14793);
#14797=PRODUCT_DEFINITION('Case Bottom','Case Bottom',#14801,#14793);
#14798=PRODUCT_DEFINITION_FORMATION('',$,#14809);
#14799=PRODUCT_DEFINITION_FORMATION('',$,#14810);
#14800=PRODUCT_DEFINITION_FORMATION('',$,#14811);
#14801=PRODUCT_DEFINITION_FORMATION('',$,#14812);
#14802=PRODUCT_RELATED_PRODUCT_CATEGORY('Frame Case - Tildagon 2026 v8',
'Frame Case - Tildagon 2026 v8',(#14809));
#14803=PRODUCT_RELATED_PRODUCT_CATEGORY('Frame Case','Frame Case',(#14810));
#14804=PRODUCT_RELATED_PRODUCT_CATEGORY('Frame Case No Baffles',
'Frame Case No Baffles',(#14811));
#14805=PRODUCT_RELATED_PRODUCT_CATEGORY('Case Bottom','Case Bottom',(#14812));
#14806=APPLICATION_PROTOCOL_DEFINITION('international standard',
'automotive_design',2009,#14807);
#14807=APPLICATION_CONTEXT(
'Core Data for Automotive Mechanical Design Process');
#14808=PRODUCT_CONTEXT('part definition',#14807,'mechanical');
#14809=PRODUCT('SMTSO','Frame Case - Tildagon 2026 v8','FreeCAD Model',
(#14808));
#14810=PRODUCT('Frame Case','Frame Case',$,(#14808));
#14811=PRODUCT('Frame Case No Baffles','Frame Case No Baffles',$,(#14808));
#14812=PRODUCT('Case Bottom','Case Bottom',$,(#14808));
#14813=PRESENTATION_STYLE_ASSIGNMENT((#14817));
#14814=PRESENTATION_STYLE_ASSIGNMENT((#14818));
#14815=PRESENTATION_STYLE_ASSIGNMENT((#14819));
#14816=PRESENTATION_STYLE_ASSIGNMENT((#14820));
#14817=SURFACE_STYLE_USAGE(.BOTH.,#14821);
#14818=SURFACE_STYLE_USAGE(.BOTH.,#14822);
#14819=SURFACE_STYLE_USAGE(.BOTH.,#14823);
#14820=SURFACE_STYLE_USAGE(.BOTH.,#14824);
#14821=SURFACE_SIDE_STYLE('',(#14825));
#14822=SURFACE_SIDE_STYLE('',(#14826));
#14823=SURFACE_SIDE_STYLE('',(#14827));
#14824=SURFACE_SIDE_STYLE('',(#14828));
#14825=SURFACE_STYLE_FILL_AREA(#14829);
#14826=SURFACE_STYLE_FILL_AREA(#14830);
#14827=SURFACE_STYLE_FILL_AREA(#14831);
#14828=SURFACE_STYLE_FILL_AREA(#14832);
#14829=FILL_AREA_STYLE('Steel - Satin',(#14833));
#14830=FILL_AREA_STYLE('Opaque(191,191,0)',(#14834));
#14831=FILL_AREA_STYLE('Opaque(87,173,113)',(#14835));
#14832=FILL_AREA_STYLE('Opaque(18,119,189)',(#14836));
#14833=FILL_AREA_STYLE_COLOUR('Steel - Satin',#14837);
#14834=FILL_AREA_STYLE_COLOUR('Opaque(191,191,0)',#14838);
#14835=FILL_AREA_STYLE_COLOUR('Opaque(87,173,113)',#14839);
#14836=FILL_AREA_STYLE_COLOUR('Opaque(18,119,189)',#14840);
#14837=COLOUR_RGB('Steel - Satin',0.627450980392157,0.627450980392157,0.627450980392157);
#14838=COLOUR_RGB('Opaque(191,191,0)',0.749019607843137,0.749019607843137,
0.);
#14839=COLOUR_RGB('Opaque(87,173,113)',0.341176470588235,0.67843137254902,
0.443137254901961);
#14840=COLOUR_RGB('Opaque(18,119,189)',0.0705882352941176,0.466666666666667,
0.741176470588235);
ENDSEC;
END-ISO-10303-21;
