ISO-10303-21;
HEADER;
/* Generated by software containing ST-Developer
 * from STEP Tools, Inc. (www.steptools.com) 
 */

FILE_DESCRIPTION(
/* description */ ('FreeCAD Model'),
/* implementation_level */ '2;1');

FILE_NAME(
/* name */ 'frame-case-v7.step',
/* time_stamp */ '2026-06-09T10:15:49+01:00',
/* author */ (''),
/* organization */ (''),
/* preprocessor_version */ 'ST-DEVELOPER v20.1',
/* originating_system */ 'Autodesk Translation Framework v15.8.0.0',
/* authorisation */ '');

FILE_SCHEMA (('AUTOMOTIVE_DESIGN { 1 0 10303 214 3 1 1 }'));
ENDSEC;

DATA;
#10=MECHANICAL_DESIGN_GEOMETRIC_PRESENTATION_REPRESENTATION('',(#35,#36,
#37),#14233);
#11=ITEM_DEFINED_TRANSFORMATION($,$,#8718,#9278);
#12=ITEM_DEFINED_TRANSFORMATION($,$,#8901,#9279);
#13=ITEM_DEFINED_TRANSFORMATION($,$,#9075,#9280);
#14=(
REPRESENTATION_RELATIONSHIP($,$,#14250,#14249)
REPRESENTATION_RELATIONSHIP_WITH_TRANSFORMATION(#11)
SHAPE_REPRESENTATION_RELATIONSHIP()
);
#15=(
REPRESENTATION_RELATIONSHIP($,$,#14251,#14249)
REPRESENTATION_RELATIONSHIP_WITH_TRANSFORMATION(#12)
SHAPE_REPRESENTATION_RELATIONSHIP()
);
#16=(
REPRESENTATION_RELATIONSHIP($,$,#14252,#14249)
REPRESENTATION_RELATIONSHIP_WITH_TRANSFORMATION(#13)
SHAPE_REPRESENTATION_RELATIONSHIP()
);
#17=CONTEXT_DEPENDENT_SHAPE_REPRESENTATION(#14,#14246);
#18=CONTEXT_DEPENDENT_SHAPE_REPRESENTATION(#15,#14247);
#19=CONTEXT_DEPENDENT_SHAPE_REPRESENTATION(#16,#14248);
#20=NEXT_ASSEMBLY_USAGE_OCCURRENCE('Frame Case:1','Frame Case:1',
'Frame Case:1',#14254,#14255,'Frame Case:1');
#21=NEXT_ASSEMBLY_USAGE_OCCURRENCE('Frame Case No Baffles:1',
'Frame Case No Baffles:1','Frame Case No Baffles:1',#14254,#14256,
'Frame Case No Baffles:1');
#22=NEXT_ASSEMBLY_USAGE_OCCURRENCE('Case Bottom:1','Case Bottom:1',
'Case Bottom:1',#14254,#14257,'Case Bottom:1');
#23=CONICAL_SURFACE('',#9208,1.4,0.785398163397366);
#24=CONICAL_SURFACE('',#9216,1.4,0.785398163397503);
#25=CONICAL_SURFACE('',#9225,1.4,0.785398163397586);
#26=CONICAL_SURFACE('',#9229,1.4,0.785398163397138);
#27=CONICAL_SURFACE('',#9237,1.4,0.785398163397461);
#28=CONICAL_SURFACE('',#9240,1.4,0.7853981633976);
#29=SHAPE_REPRESENTATION_RELATIONSHIP('SRR','None',#14250,#32);
#30=SHAPE_REPRESENTATION_RELATIONSHIP('SRR','None',#14251,#33);
#31=SHAPE_REPRESENTATION_RELATIONSHIP('SRR','None',#14252,#34);
#32=ADVANCED_BREP_SHAPE_REPRESENTATION('',(#38),#14230);
#33=ADVANCED_BREP_SHAPE_REPRESENTATION('',(#39),#14231);
#34=ADVANCED_BREP_SHAPE_REPRESENTATION('',(#40),#14232);
#35=STYLED_ITEM('',(#14274),#38);
#36=STYLED_ITEM('',(#14275),#39);
#37=STYLED_ITEM('',(#14276),#40);
#38=MANIFOLD_SOLID_BREP('Body1',#8680);
#39=MANIFOLD_SOLID_BREP('Body1',#8681);
#40=MANIFOLD_SOLID_BREP('Body1',#8682);
#41=CYLINDRICAL_SURFACE('',#8829,2.98);
#42=CYLINDRICAL_SURFACE('',#8840,13.7848585180386);
#43=CYLINDRICAL_SURFACE('',#8842,20.0001247965971);
#44=CYLINDRICAL_SURFACE('',#8843,9.53665329327062);
#45=CYLINDRICAL_SURFACE('',#8849,2.98);
#46=CYLINDRICAL_SURFACE('',#8854,2.98);
#47=CYLINDRICAL_SURFACE('',#8857,20.0001247965971);
#48=CYLINDRICAL_SURFACE('',#8859,9.53665329327062);
#49=CYLINDRICAL_SURFACE('',#8860,13.7848585180386);
#50=CYLINDRICAL_SURFACE('',#8863,20.0001247965971);
#51=CYLINDRICAL_SURFACE('',#8866,20.0001247965971);
#52=CYLINDRICAL_SURFACE('',#8870,9.53665329327062);
#53=CYLINDRICAL_SURFACE('',#8873,20.0001247965971);
#54=CYLINDRICAL_SURFACE('',#8874,16.5000588809659);
#55=CYLINDRICAL_SURFACE('',#8875,10.2847624490453);
#56=CYLINDRICAL_SURFACE('',#8876,3.50018491795778);
#57=CYLINDRICAL_SURFACE('',#8877,6.03634357106366);
#58=CYLINDRICAL_SURFACE('',#8880,13.7848585180386);
#59=CYLINDRICAL_SURFACE('',#8881,20.0001247965971);
#60=CYLINDRICAL_SURFACE('',#8888,4.24);
#61=CYLINDRICAL_SURFACE('',#8892,4.24);
#62=CYLINDRICAL_SURFACE('',#8977,2.98);
#63=CYLINDRICAL_SURFACE('',#8982,2.98);
#64=CYLINDRICAL_SURFACE('',#8984,16.5000588809659);
#65=CYLINDRICAL_SURFACE('',#8986,10.2847624490453);
#66=CYLINDRICAL_SURFACE('',#8988,3.50018491795778);
#67=CYLINDRICAL_SURFACE('',#8990,6.03634357106366);
#68=CYLINDRICAL_SURFACE('',#8995,9.53665329327062);
#69=CYLINDRICAL_SURFACE('',#8998,4.24);
#70=CYLINDRICAL_SURFACE('',#9003,4.24);
#71=CYLINDRICAL_SURFACE('',#9013,13.7848585180386);
#72=CYLINDRICAL_SURFACE('',#9015,20.0001247965971);
#73=CYLINDRICAL_SURFACE('',#9021,2.98);
#74=CYLINDRICAL_SURFACE('',#9025,9.53665329327062);
#75=CYLINDRICAL_SURFACE('',#9027,13.7848585180386);
#76=CYLINDRICAL_SURFACE('',#9033,20.0001247965971);
#77=CYLINDRICAL_SURFACE('',#9037,20.0001247965971);
#78=CYLINDRICAL_SURFACE('',#9044,20.0001247965971);
#79=CYLINDRICAL_SURFACE('',#9046,9.53665329327062);
#80=CYLINDRICAL_SURFACE('',#9051,20.0001247965971);
#81=CYLINDRICAL_SURFACE('',#9057,20.0001247965971);
#82=CYLINDRICAL_SURFACE('',#9066,13.7848585180386);
#83=CYLINDRICAL_SURFACE('',#9089,1.85);
#84=CYLINDRICAL_SURFACE('',#9120,1.85);
#85=CYLINDRICAL_SURFACE('',#9155,3.2);
#86=CYLINDRICAL_SURFACE('',#9157,3.2);
#87=CYLINDRICAL_SURFACE('',#9159,1.85);
#88=CYLINDRICAL_SURFACE('',#9160,3.2);
#89=CYLINDRICAL_SURFACE('',#9242,1.6);
#90=CYLINDRICAL_SURFACE('',#9244,1.6);
#91=CYLINDRICAL_SURFACE('',#9247,1.6);
#92=CYLINDRICAL_SURFACE('',#9250,1.6);
#93=CYLINDRICAL_SURFACE('',#9253,1.6);
#94=CYLINDRICAL_SURFACE('',#9255,1.6);
#95=B_SPLINE_SURFACE_WITH_KNOTS('',3,3,((#12104,#12105,#12106,#12107,#12108,
#12109),(#12110,#12111,#12112,#12113,#12114,#12115),(#12116,#12117,#12118,
#12119,#12120,#12121),(#12122,#12123,#12124,#12125,#12126,#12127)),
 .UNSPECIFIED.,.F.,.F.,.F.,(4,4),(4,2,4),(0.,1.),(-0.126041224357516,-0.0630206112643982,
5.55111512312578E-17),.UNSPECIFIED.);
#96=B_SPLINE_SURFACE_WITH_KNOTS('',3,3,((#12175,#12176,#12177,#12178,#12179,
#12180),(#12181,#12182,#12183,#12184,#12185,#12186),(#12187,#12188,#12189,
#12190,#12191,#12192),(#12193,#12194,#12195,#12196,#12197,#12198)),
 .UNSPECIFIED.,.F.,.F.,.F.,(4,4),(4,2,4),(0.,1.),(-0.126023604287429,-0.063011780067464,
1.34747008985728E-14),.UNSPECIFIED.);
#97=B_SPLINE_SURFACE_WITH_KNOTS('',3,3,((#12228,#12229,#12230,#12231,#12232,
#12233),(#12234,#12235,#12236,#12237,#12238,#12239),(#12240,#12241,#12242,
#12243,#12244,#12245),(#12246,#12247,#12248,#12249,#12250,#12251)),
 .UNSPECIFIED.,.F.,.F.,.F.,(4,4),(4,2,4),(0.,1.),(-0.126041229554308,-0.0630206156916245,
4.15858194444001E-17),.UNSPECIFIED.);
#98=B_SPLINE_SURFACE_WITH_KNOTS('',3,3,((#12288,#12289,#12290,#12291,#12292,
#12293),(#12294,#12295,#12296,#12297,#12298,#12299),(#12300,#12301,#12302,
#12303,#12304,#12305),(#12306,#12307,#12308,#12309,#12310,#12311)),
 .UNSPECIFIED.,.F.,.F.,.F.,(4,4),(4,2,4),(0.,1.),(-0.126022114441553,-0.0630110348913833,
3.99680288865056E-15),.UNSPECIFIED.);
#99=B_SPLINE_SURFACE_WITH_KNOTS('',3,3,((#12337,#12338,#12339,#12340,#12341,
#12342),(#12343,#12344,#12345,#12346,#12347,#12348),(#12349,#12350,#12351,
#12352,#12353,#12354),(#12355,#12356,#12357,#12358,#12359,#12360)),
 .UNSPECIFIED.,.F.,.F.,.F.,(4,4),(4,2,4),(0.,1.),(-0.126038866419699,-0.0630194550085341,
4.44089209850063E-16),.UNSPECIFIED.);
#100=B_SPLINE_SURFACE_WITH_KNOTS('',3,3,((#12386,#12387,#12388,#12389,#12390,
#12391),(#12392,#12393,#12394,#12395,#12396,#12397),(#12398,#12399,#12400,
#12401,#12402,#12403),(#12404,#12405,#12406,#12407,#12408,#12409)),
 .UNSPECIFIED.,.F.,.F.,.F.,(4,4),(4,2,4),(0.,1.),(-0.126021915772281,-0.0630109355682383,
5.28466159721575E-14),.UNSPECIFIED.);
#101=B_SPLINE_CURVE_WITH_KNOTS('',3,(#11903,#11904,#11905,#11906,#11907,
#11908),.UNSPECIFIED.,.F.,.F.,(4,2,4),(0.00395649690156794,0.063011780067464,
0.120034669588126),.UNSPECIFIED.);
#102=B_SPLINE_CURVE_WITH_KNOTS('',3,(#11952,#11953,#11954,#11955,#11956,
#11957),.UNSPECIFIED.,.F.,.F.,(4,2,4),(0.00443060373213133,0.0630109355682383,
0.120506983053986),.UNSPECIFIED.);
#103=B_SPLINE_CURVE_WITH_KNOTS('',3,(#11974,#11975,#11976,#11977,#11978,
#11979),.UNSPECIFIED.,.F.,.F.,(4,2,4),(0.00792972174744044,0.0630206156916245,
0.124020939609586),.UNSPECIFIED.);
#104=B_SPLINE_CURVE_WITH_KNOTS('',3,(#11990,#11991,#11992,#11993,#11994,
#11995),.UNSPECIFIED.,.F.,.F.,(4,2,4),(0.00220000391626174,0.0630194550085341,
0.118289600887689),.UNSPECIFIED.);
#105=B_SPLINE_CURVE_WITH_KNOTS('',3,(#12035,#12036,#12037,#12038,#12039,
#12040),.UNSPECIFIED.,.F.,.F.,(4,2,4),(0.00202067341308099,0.0630206112643982,
0.118111887218106),.UNSPECIFIED.);
#106=B_SPLINE_CURVE_WITH_KNOTS('',3,(#12060,#12061,#12062,#12063,#12064,
#12065),.UNSPECIFIED.,.F.,.F.,(4,2,4),(0.00435576073290234,0.0630110348913833,
0.120432295493777),.UNSPECIFIED.);
#107=B_SPLINE_CURVE_WITH_KNOTS('',3,(#12129,#12130,#12131,#12132,#12133,
#12134),.UNSPECIFIED.,.F.,.F.,(4,2,4),(0.,0.127228734135666,0.254465149291278),
 .UNSPECIFIED.);
#108=B_SPLINE_CURVE_WITH_KNOTS('',3,(#12136,#12137,#12138,#12139,#12140,
#12141),.UNSPECIFIED.,.F.,.F.,(4,2,4),(0.,0.127287949006401,0.254577173004602),
 .UNSPECIFIED.);
#109=B_SPLINE_CURVE_WITH_KNOTS('',3,(#12142,#12143,#12144,#12145,#12146,
#12147),.UNSPECIFIED.,.F.,.F.,(4,2,4),(0.,0.0630206112643982,0.126041224357516),
 .UNSPECIFIED.);
#110=B_SPLINE_CURVE_WITH_KNOTS('',3,(#12200,#12201,#12202,#12203,#12204,
#12205),.UNSPECIFIED.,.F.,.F.,(4,2,4),(0.,0.127241662021682,0.254489786619975),
 .UNSPECIFIED.);
#111=B_SPLINE_CURVE_WITH_KNOTS('',3,(#12207,#12208,#12209,#12210,#12211,
#12212),.UNSPECIFIED.,.F.,.F.,(4,2,4),(0.,0.127262112296636,0.254519758484238),
 .UNSPECIFIED.);
#112=B_SPLINE_CURVE_WITH_KNOTS('',3,(#12213,#12214,#12215,#12216,#12217,
#12218),.UNSPECIFIED.,.F.,.F.,(4,2,4),(0.,0.063011780067464,0.126023604287429),
 .UNSPECIFIED.);
#113=B_SPLINE_CURVE_WITH_KNOTS('',3,(#12253,#12254,#12255,#12256,#12257,
#12258),.UNSPECIFIED.,.F.,.F.,(4,2,4),(0.,0.127288335587983,0.254590248350383),
 .UNSPECIFIED.);
#114=B_SPLINE_CURVE_WITH_KNOTS('',3,(#12260,#12261,#12262,#12263,#12264,
#12265),.UNSPECIFIED.,.F.,.F.,(4,2,4),(0.,0.1272294710881,0.254452128944941),
 .UNSPECIFIED.);
#115=B_SPLINE_CURVE_WITH_KNOTS('',3,(#12266,#12267,#12268,#12269,#12270,
#12271),.UNSPECIFIED.,.F.,.F.,(4,2,4),(0.,0.0630206156916245,0.126041229554308),
 .UNSPECIFIED.);
#116=B_SPLINE_CURVE_WITH_KNOTS('',3,(#12313,#12314,#12315,#12316,#12317,
#12318),.UNSPECIFIED.,.F.,.F.,(4,2,4),(0.,0.127257403137043,0.254509918365133),
 .UNSPECIFIED.);
#117=B_SPLINE_CURVE_WITH_KNOTS('',3,(#12320,#12321,#12322,#12323,#12324,
#12325),.UNSPECIFIED.,.F.,.F.,(4,2,4),(0.,0.0630110348913833,0.126022114441552),
 .UNSPECIFIED.);
#118=B_SPLINE_CURVE_WITH_KNOTS('',3,(#12326,#12327,#12328,#12329,#12330,
#12331),.UNSPECIFIED.,.F.,.F.,(4,2,4),(0.,0.127245322666982,0.254496838964359),
 .UNSPECIFIED.);
#119=B_SPLINE_CURVE_WITH_KNOTS('',3,(#12362,#12363,#12364,#12365,#12366,
#12367),.UNSPECIFIED.,.F.,.F.,(4,2,4),(0.,0.127229709164315,0.254466766016439),
 .UNSPECIFIED.);
#120=B_SPLINE_CURVE_WITH_KNOTS('',3,(#12369,#12370,#12371,#12372,#12373,
#12374),.UNSPECIFIED.,.F.,.F.,(4,2,4),(0.,0.127286711982754,0.254571173992466),
 .UNSPECIFIED.);
#121=B_SPLINE_CURVE_WITH_KNOTS('',3,(#12375,#12376,#12377,#12378,#12379,
#12380),.UNSPECIFIED.,.F.,.F.,(4,2,4),(0.,0.0630194550085338,0.126038866419647),
 .UNSPECIFIED.);
#122=B_SPLINE_CURVE_WITH_KNOTS('',3,(#12411,#12412,#12413,#12414,#12415,
#12416),.UNSPECIFIED.,.F.,.F.,(4,2,4),(0.,0.127246049085509,0.254498238083208),
 .UNSPECIFIED.);
#123=B_SPLINE_CURVE_WITH_KNOTS('',3,(#12418,#12419,#12420,#12421,#12422,
#12423),.UNSPECIFIED.,.F.,.F.,(4,2,4),(0.,0.127256556682993,0.254508149532427),
 .UNSPECIFIED.);
#124=B_SPLINE_CURVE_WITH_KNOTS('',3,(#12424,#12425,#12426,#12427,#12428,
#12429),.UNSPECIFIED.,.F.,.F.,(4,2,4),(0.,0.0630109355682383,0.126021915772281),
 .UNSPECIFIED.);
#125=FACE_BOUND('',#751,.T.);
#126=FACE_BOUND('',#752,.T.);
#127=FACE_BOUND('',#753,.T.);
#128=FACE_BOUND('',#754,.T.);
#129=FACE_BOUND('',#755,.T.);
#130=FACE_BOUND('',#756,.T.);
#131=FACE_BOUND('',#757,.T.);
#132=FACE_BOUND('',#758,.T.);
#133=FACE_BOUND('',#759,.T.);
#134=FACE_BOUND('',#760,.T.);
#135=FACE_BOUND('',#761,.T.);
#136=FACE_BOUND('',#762,.T.);
#137=FACE_BOUND('',#763,.T.);
#138=FACE_BOUND('',#764,.T.);
#139=FACE_BOUND('',#765,.T.);
#140=FACE_BOUND('',#766,.T.);
#141=FACE_BOUND('',#780,.T.);
#142=FACE_BOUND('',#818,.T.);
#143=FACE_BOUND('',#913,.T.);
#144=FACE_BOUND('',#944,.T.);
#145=FACE_BOUND('',#1025,.T.);
#146=FACE_BOUND('',#1026,.T.);
#147=FACE_BOUND('',#1027,.T.);
#148=FACE_BOUND('',#1028,.T.);
#149=FACE_BOUND('',#1029,.T.);
#150=FACE_BOUND('',#1030,.T.);
#151=FACE_BOUND('',#1031,.T.);
#152=FACE_BOUND('',#1032,.T.);
#153=FACE_BOUND('',#1033,.T.);
#154=FACE_BOUND('',#1034,.T.);
#155=FACE_BOUND('',#1035,.T.);
#156=FACE_BOUND('',#1036,.T.);
#157=FACE_BOUND('',#1037,.T.);
#158=FACE_BOUND('',#1038,.T.);
#159=FACE_BOUND('',#1039,.T.);
#160=FACE_BOUND('',#1040,.T.);
#161=FACE_BOUND('',#1051,.T.);
#162=FACE_BOUND('',#1052,.T.);
#163=FACE_BOUND('',#1053,.T.);
#164=FACE_BOUND('',#1054,.T.);
#165=FACE_BOUND('',#1115,.T.);
#166=FACE_BOUND('',#1116,.T.);
#167=FACE_BOUND('',#1117,.T.);
#168=FACE_BOUND('',#1118,.T.);
#169=CIRCLE('',#8738,13.7848585180386);
#170=CIRCLE('',#8739,4.24);
#171=CIRCLE('',#8740,4.24);
#172=CIRCLE('',#8741,9.53665329327062);
#173=CIRCLE('',#8742,13.7848585180386);
#174=CIRCLE('',#8743,20.0001247965971);
#175=CIRCLE('',#8744,6.03634357106366);
#176=CIRCLE('',#8745,16.5000588809659);
#177=CIRCLE('',#8746,10.2847624490453);
#178=CIRCLE('',#8747,3.50018491795778);
#179=CIRCLE('',#8748,20.0001247965971);
#180=CIRCLE('',#8749,9.53665329327062);
#181=CIRCLE('',#8750,20.0001247965971);
#182=CIRCLE('',#8751,20.0001247965971);
#183=CIRCLE('',#8752,20.0001247965971);
#184=CIRCLE('',#8753,2.98);
#185=CIRCLE('',#8754,2.98);
#186=CIRCLE('',#8755,20.0001247965971);
#187=CIRCLE('',#8756,9.53665329327062);
#188=CIRCLE('',#8757,13.7848585180386);
#189=CIRCLE('',#8758,2.98);
#190=CIRCLE('',#8774,13.7848585180386);
#191=CIRCLE('',#8778,4.24);
#192=CIRCLE('',#8779,4.24);
#193=CIRCLE('',#8780,2.98);
#194=CIRCLE('',#8786,2.98);
#195=CIRCLE('',#8790,2.98);
#196=CIRCLE('',#8809,13.7848585180386);
#197=CIRCLE('',#8810,9.53665329327062);
#198=CIRCLE('',#8811,9.53665329327062);
#199=CIRCLE('',#8812,9.53665329327062);
#200=CIRCLE('',#8813,20.0001247965971);
#201=CIRCLE('',#8814,20.0001247965971);
#202=CIRCLE('',#8815,20.0001247965971);
#203=CIRCLE('',#8816,20.0001247965971);
#204=CIRCLE('',#8817,20.0001247965971);
#205=CIRCLE('',#8818,20.0001247965971);
#206=CIRCLE('',#8819,13.7848585180386);
#207=CIRCLE('',#8820,13.7848585180386);
#208=CIRCLE('',#8821,13.7848585180386);
#209=CIRCLE('',#8822,6.03634357106366);
#210=CIRCLE('',#8823,3.50018491795778);
#211=CIRCLE('',#8824,10.2847624490453);
#212=CIRCLE('',#8825,16.5000588809659);
#213=CIRCLE('',#8923,13.7848585180386);
#214=CIRCLE('',#8951,2.98);
#215=CIRCLE('',#8952,4.24);
#216=CIRCLE('',#8953,4.24);
#217=CIRCLE('',#8955,13.7848585180386);
#218=CIRCLE('',#8956,13.7848585180386);
#219=CIRCLE('',#8957,13.7848585180386);
#220=CIRCLE('',#8958,9.53665329327062);
#221=CIRCLE('',#8959,9.53665329327062);
#222=CIRCLE('',#8960,9.53665329327062);
#223=CIRCLE('',#8961,20.0001247965971);
#224=CIRCLE('',#8962,2.98);
#225=CIRCLE('',#8963,20.0001247965971);
#226=CIRCLE('',#8964,20.0001247965971);
#227=CIRCLE('',#8965,20.0001247965971);
#228=CIRCLE('',#8966,2.98);
#229=CIRCLE('',#8967,20.0001247965971);
#230=CIRCLE('',#8968,20.0001247965971);
#231=CIRCLE('',#8969,13.7848585180386);
#232=CIRCLE('',#8970,6.03634357106366);
#233=CIRCLE('',#8971,3.50018491795778);
#234=CIRCLE('',#8972,10.2847624490453);
#235=CIRCLE('',#8973,16.5000588809659);
#236=CIRCLE('',#8978,2.98);
#237=CIRCLE('',#8983,2.98);
#238=CIRCLE('',#8985,16.5000588809659);
#239=CIRCLE('',#8987,10.2847624490453);
#240=CIRCLE('',#8989,3.50018491795778);
#241=CIRCLE('',#8991,6.03634357106366);
#242=CIRCLE('',#8996,9.53665329327062);
#243=CIRCLE('',#8999,4.24);
#244=CIRCLE('',#9004,4.24);
#245=CIRCLE('',#9014,13.7848585180386);
#246=CIRCLE('',#9016,20.0001247965971);
#247=CIRCLE('',#9022,2.98);
#248=CIRCLE('',#9026,9.53665329327062);
#249=CIRCLE('',#9028,13.7848585180386);
#250=CIRCLE('',#9034,20.0001247965971);
#251=CIRCLE('',#9038,20.0001247965971);
#252=CIRCLE('',#9045,20.0001247965971);
#253=CIRCLE('',#9047,9.53665329327062);
#254=CIRCLE('',#9052,20.0001247965971);
#255=CIRCLE('',#9058,20.0001247965971);
#256=CIRCLE('',#9067,13.7848585180386);
#257=CIRCLE('',#9078,3.2);
#258=CIRCLE('',#9080,3.2);
#259=CIRCLE('',#9083,3.2);
#260=CIRCLE('',#9084,3.2);
#261=CIRCLE('',#9087,3.2);
#262=CIRCLE('',#9090,1.85);
#263=CIRCLE('',#9091,1.85);
#264=CIRCLE('',#9092,1.85);
#265=CIRCLE('',#9093,1.85);
#266=CIRCLE('',#9094,1.85);
#267=CIRCLE('',#9095,1.85);
#268=CIRCLE('',#9097,1.85);
#269=CIRCLE('',#9098,1.85);
#270=CIRCLE('',#9109,3.2);
#271=CIRCLE('',#9111,3.2);
#272=CIRCLE('',#9112,3.2);
#273=CIRCLE('',#9115,3.2);
#274=CIRCLE('',#9118,3.2);
#275=CIRCLE('',#9121,1.85);
#276=CIRCLE('',#9122,1.85);
#277=CIRCLE('',#9123,1.85);
#278=CIRCLE('',#9124,1.85);
#279=CIRCLE('',#9125,1.85);
#280=CIRCLE('',#9136,3.2);
#281=CIRCLE('',#9138,3.2);
#282=CIRCLE('',#9141,1.85);
#283=CIRCLE('',#9143,1.85);
#284=CIRCLE('',#9145,3.2);
#285=CIRCLE('',#9148,3.2);
#286=CIRCLE('',#9149,3.2);
#287=CIRCLE('',#9152,1.85);
#288=CIRCLE('',#9154,1.85);
#289=CIRCLE('',#9156,3.2);
#290=CIRCLE('',#9158,3.2);
#291=CIRCLE('',#9161,3.2);
#292=CIRCLE('',#9209,1.6);
#293=CIRCLE('',#9210,1.2);
#294=CIRCLE('',#9217,1.2);
#295=CIRCLE('',#9218,1.6);
#296=CIRCLE('',#9221,1.2);
#297=CIRCLE('',#9223,1.2);
#298=CIRCLE('',#9226,1.6);
#299=CIRCLE('',#9227,1.2);
#300=CIRCLE('',#9230,1.6);
#301=CIRCLE('',#9233,1.2);
#302=CIRCLE('',#9238,1.6);
#303=CIRCLE('',#9241,1.6);
#304=CIRCLE('',#9243,1.6);
#305=CIRCLE('',#9245,1.6);
#306=CIRCLE('',#9248,1.6);
#307=CIRCLE('',#9251,1.6);
#308=CIRCLE('',#9254,1.6);
#309=CIRCLE('',#9256,1.6);
#310=FACE_OUTER_BOUND('',#732,.T.);
#311=FACE_OUTER_BOUND('',#733,.T.);
#312=FACE_OUTER_BOUND('',#734,.T.);
#313=FACE_OUTER_BOUND('',#735,.T.);
#314=FACE_OUTER_BOUND('',#736,.T.);
#315=FACE_OUTER_BOUND('',#737,.T.);
#316=FACE_OUTER_BOUND('',#738,.T.);
#317=FACE_OUTER_BOUND('',#739,.T.);
#318=FACE_OUTER_BOUND('',#740,.T.);
#319=FACE_OUTER_BOUND('',#741,.T.);
#320=FACE_OUTER_BOUND('',#742,.T.);
#321=FACE_OUTER_BOUND('',#743,.T.);
#322=FACE_OUTER_BOUND('',#744,.T.);
#323=FACE_OUTER_BOUND('',#745,.T.);
#324=FACE_OUTER_BOUND('',#746,.T.);
#325=FACE_OUTER_BOUND('',#747,.T.);
#326=FACE_OUTER_BOUND('',#748,.T.);
#327=FACE_OUTER_BOUND('',#749,.T.);
#328=FACE_OUTER_BOUND('',#750,.T.);
#329=FACE_OUTER_BOUND('',#767,.T.);
#330=FACE_OUTER_BOUND('',#768,.T.);
#331=FACE_OUTER_BOUND('',#769,.T.);
#332=FACE_OUTER_BOUND('',#770,.T.);
#333=FACE_OUTER_BOUND('',#771,.T.);
#334=FACE_OUTER_BOUND('',#772,.T.);
#335=FACE_OUTER_BOUND('',#773,.T.);
#336=FACE_OUTER_BOUND('',#774,.T.);
#337=FACE_OUTER_BOUND('',#775,.T.);
#338=FACE_OUTER_BOUND('',#776,.T.);
#339=FACE_OUTER_BOUND('',#777,.T.);
#340=FACE_OUTER_BOUND('',#778,.T.);
#341=FACE_OUTER_BOUND('',#779,.T.);
#342=FACE_OUTER_BOUND('',#781,.T.);
#343=FACE_OUTER_BOUND('',#782,.T.);
#344=FACE_OUTER_BOUND('',#783,.T.);
#345=FACE_OUTER_BOUND('',#784,.T.);
#346=FACE_OUTER_BOUND('',#785,.T.);
#347=FACE_OUTER_BOUND('',#786,.T.);
#348=FACE_OUTER_BOUND('',#787,.T.);
#349=FACE_OUTER_BOUND('',#788,.T.);
#350=FACE_OUTER_BOUND('',#789,.T.);
#351=FACE_OUTER_BOUND('',#790,.T.);
#352=FACE_OUTER_BOUND('',#791,.T.);
#353=FACE_OUTER_BOUND('',#792,.T.);
#354=FACE_OUTER_BOUND('',#793,.T.);
#355=FACE_OUTER_BOUND('',#794,.T.);
#356=FACE_OUTER_BOUND('',#795,.T.);
#357=FACE_OUTER_BOUND('',#796,.T.);
#358=FACE_OUTER_BOUND('',#797,.T.);
#359=FACE_OUTER_BOUND('',#798,.T.);
#360=FACE_OUTER_BOUND('',#799,.T.);
#361=FACE_OUTER_BOUND('',#800,.T.);
#362=FACE_OUTER_BOUND('',#801,.T.);
#363=FACE_OUTER_BOUND('',#802,.T.);
#364=FACE_OUTER_BOUND('',#803,.T.);
#365=FACE_OUTER_BOUND('',#804,.T.);
#366=FACE_OUTER_BOUND('',#805,.T.);
#367=FACE_OUTER_BOUND('',#806,.T.);
#368=FACE_OUTER_BOUND('',#807,.T.);
#369=FACE_OUTER_BOUND('',#808,.T.);
#370=FACE_OUTER_BOUND('',#809,.T.);
#371=FACE_OUTER_BOUND('',#810,.T.);
#372=FACE_OUTER_BOUND('',#811,.T.);
#373=FACE_OUTER_BOUND('',#812,.T.);
#374=FACE_OUTER_BOUND('',#813,.T.);
#375=FACE_OUTER_BOUND('',#814,.T.);
#376=FACE_OUTER_BOUND('',#815,.T.);
#377=FACE_OUTER_BOUND('',#816,.T.);
#378=FACE_OUTER_BOUND('',#817,.T.);
#379=FACE_OUTER_BOUND('',#819,.T.);
#380=FACE_OUTER_BOUND('',#820,.T.);
#381=FACE_OUTER_BOUND('',#821,.T.);
#382=FACE_OUTER_BOUND('',#822,.T.);
#383=FACE_OUTER_BOUND('',#823,.T.);
#384=FACE_OUTER_BOUND('',#824,.T.);
#385=FACE_OUTER_BOUND('',#825,.T.);
#386=FACE_OUTER_BOUND('',#826,.T.);
#387=FACE_OUTER_BOUND('',#827,.T.);
#388=FACE_OUTER_BOUND('',#828,.T.);
#389=FACE_OUTER_BOUND('',#829,.T.);
#390=FACE_OUTER_BOUND('',#830,.T.);
#391=FACE_OUTER_BOUND('',#831,.T.);
#392=FACE_OUTER_BOUND('',#832,.T.);
#393=FACE_OUTER_BOUND('',#833,.T.);
#394=FACE_OUTER_BOUND('',#834,.T.);
#395=FACE_OUTER_BOUND('',#835,.T.);
#396=FACE_OUTER_BOUND('',#836,.T.);
#397=FACE_OUTER_BOUND('',#837,.T.);
#398=FACE_OUTER_BOUND('',#838,.T.);
#399=FACE_OUTER_BOUND('',#839,.T.);
#400=FACE_OUTER_BOUND('',#840,.T.);
#401=FACE_OUTER_BOUND('',#841,.T.);
#402=FACE_OUTER_BOUND('',#842,.T.);
#403=FACE_OUTER_BOUND('',#843,.T.);
#404=FACE_OUTER_BOUND('',#844,.T.);
#405=FACE_OUTER_BOUND('',#845,.T.);
#406=FACE_OUTER_BOUND('',#846,.T.);
#407=FACE_OUTER_BOUND('',#847,.T.);
#408=FACE_OUTER_BOUND('',#848,.T.);
#409=FACE_OUTER_BOUND('',#849,.T.);
#410=FACE_OUTER_BOUND('',#850,.T.);
#411=FACE_OUTER_BOUND('',#851,.T.);
#412=FACE_OUTER_BOUND('',#852,.T.);
#413=FACE_OUTER_BOUND('',#853,.T.);
#414=FACE_OUTER_BOUND('',#854,.T.);
#415=FACE_OUTER_BOUND('',#855,.T.);
#416=FACE_OUTER_BOUND('',#856,.T.);
#417=FACE_OUTER_BOUND('',#857,.T.);
#418=FACE_OUTER_BOUND('',#858,.T.);
#419=FACE_OUTER_BOUND('',#859,.T.);
#420=FACE_OUTER_BOUND('',#860,.T.);
#421=FACE_OUTER_BOUND('',#861,.T.);
#422=FACE_OUTER_BOUND('',#862,.T.);
#423=FACE_OUTER_BOUND('',#863,.T.);
#424=FACE_OUTER_BOUND('',#864,.T.);
#425=FACE_OUTER_BOUND('',#865,.T.);
#426=FACE_OUTER_BOUND('',#866,.T.);
#427=FACE_OUTER_BOUND('',#867,.T.);
#428=FACE_OUTER_BOUND('',#868,.T.);
#429=FACE_OUTER_BOUND('',#869,.T.);
#430=FACE_OUTER_BOUND('',#870,.T.);
#431=FACE_OUTER_BOUND('',#871,.T.);
#432=FACE_OUTER_BOUND('',#872,.T.);
#433=FACE_OUTER_BOUND('',#873,.T.);
#434=FACE_OUTER_BOUND('',#874,.T.);
#435=FACE_OUTER_BOUND('',#875,.T.);
#436=FACE_OUTER_BOUND('',#876,.T.);
#437=FACE_OUTER_BOUND('',#877,.T.);
#438=FACE_OUTER_BOUND('',#878,.T.);
#439=FACE_OUTER_BOUND('',#879,.T.);
#440=FACE_OUTER_BOUND('',#880,.T.);
#441=FACE_OUTER_BOUND('',#881,.T.);
#442=FACE_OUTER_BOUND('',#882,.T.);
#443=FACE_OUTER_BOUND('',#883,.T.);
#444=FACE_OUTER_BOUND('',#884,.T.);
#445=FACE_OUTER_BOUND('',#885,.T.);
#446=FACE_OUTER_BOUND('',#886,.T.);
#447=FACE_OUTER_BOUND('',#887,.T.);
#448=FACE_OUTER_BOUND('',#888,.T.);
#449=FACE_OUTER_BOUND('',#889,.T.);
#450=FACE_OUTER_BOUND('',#890,.T.);
#451=FACE_OUTER_BOUND('',#891,.T.);
#452=FACE_OUTER_BOUND('',#892,.T.);
#453=FACE_OUTER_BOUND('',#893,.T.);
#454=FACE_OUTER_BOUND('',#894,.T.);
#455=FACE_OUTER_BOUND('',#895,.T.);
#456=FACE_OUTER_BOUND('',#896,.T.);
#457=FACE_OUTER_BOUND('',#897,.T.);
#458=FACE_OUTER_BOUND('',#898,.T.);
#459=FACE_OUTER_BOUND('',#899,.T.);
#460=FACE_OUTER_BOUND('',#900,.T.);
#461=FACE_OUTER_BOUND('',#901,.T.);
#462=FACE_OUTER_BOUND('',#902,.T.);
#463=FACE_OUTER_BOUND('',#903,.T.);
#464=FACE_OUTER_BOUND('',#904,.T.);
#465=FACE_OUTER_BOUND('',#905,.T.);
#466=FACE_OUTER_BOUND('',#906,.T.);
#467=FACE_OUTER_BOUND('',#907,.T.);
#468=FACE_OUTER_BOUND('',#908,.T.);
#469=FACE_OUTER_BOUND('',#909,.T.);
#470=FACE_OUTER_BOUND('',#910,.T.);
#471=FACE_OUTER_BOUND('',#911,.T.);
#472=FACE_OUTER_BOUND('',#912,.T.);
#473=FACE_OUTER_BOUND('',#914,.T.);
#474=FACE_OUTER_BOUND('',#915,.T.);
#475=FACE_OUTER_BOUND('',#916,.T.);
#476=FACE_OUTER_BOUND('',#917,.T.);
#477=FACE_OUTER_BOUND('',#918,.T.);
#478=FACE_OUTER_BOUND('',#919,.T.);
#479=FACE_OUTER_BOUND('',#920,.T.);
#480=FACE_OUTER_BOUND('',#921,.T.);
#481=FACE_OUTER_BOUND('',#922,.T.);
#482=FACE_OUTER_BOUND('',#923,.T.);
#483=FACE_OUTER_BOUND('',#924,.T.);
#484=FACE_OUTER_BOUND('',#925,.T.);
#485=FACE_OUTER_BOUND('',#926,.T.);
#486=FACE_OUTER_BOUND('',#927,.T.);
#487=FACE_OUTER_BOUND('',#928,.T.);
#488=FACE_OUTER_BOUND('',#929,.T.);
#489=FACE_OUTER_BOUND('',#930,.T.);
#490=FACE_OUTER_BOUND('',#931,.T.);
#491=FACE_OUTER_BOUND('',#932,.T.);
#492=FACE_OUTER_BOUND('',#933,.T.);
#493=FACE_OUTER_BOUND('',#934,.T.);
#494=FACE_OUTER_BOUND('',#935,.T.);
#495=FACE_OUTER_BOUND('',#936,.T.);
#496=FACE_OUTER_BOUND('',#937,.T.);
#497=FACE_OUTER_BOUND('',#938,.T.);
#498=FACE_OUTER_BOUND('',#939,.T.);
#499=FACE_OUTER_BOUND('',#940,.T.);
#500=FACE_OUTER_BOUND('',#941,.T.);
#501=FACE_OUTER_BOUND('',#942,.T.);
#502=FACE_OUTER_BOUND('',#943,.T.);
#503=FACE_OUTER_BOUND('',#945,.T.);
#504=FACE_OUTER_BOUND('',#946,.T.);
#505=FACE_OUTER_BOUND('',#947,.T.);
#506=FACE_OUTER_BOUND('',#948,.T.);
#507=FACE_OUTER_BOUND('',#949,.T.);
#508=FACE_OUTER_BOUND('',#950,.T.);
#509=FACE_OUTER_BOUND('',#951,.T.);
#510=FACE_OUTER_BOUND('',#952,.T.);
#511=FACE_OUTER_BOUND('',#953,.T.);
#512=FACE_OUTER_BOUND('',#954,.T.);
#513=FACE_OUTER_BOUND('',#955,.T.);
#514=FACE_OUTER_BOUND('',#956,.T.);
#515=FACE_OUTER_BOUND('',#957,.T.);
#516=FACE_OUTER_BOUND('',#958,.T.);
#517=FACE_OUTER_BOUND('',#959,.T.);
#518=FACE_OUTER_BOUND('',#960,.T.);
#519=FACE_OUTER_BOUND('',#961,.T.);
#520=FACE_OUTER_BOUND('',#962,.T.);
#521=FACE_OUTER_BOUND('',#963,.T.);
#522=FACE_OUTER_BOUND('',#964,.T.);
#523=FACE_OUTER_BOUND('',#965,.T.);
#524=FACE_OUTER_BOUND('',#966,.T.);
#525=FACE_OUTER_BOUND('',#967,.T.);
#526=FACE_OUTER_BOUND('',#968,.T.);
#527=FACE_OUTER_BOUND('',#969,.T.);
#528=FACE_OUTER_BOUND('',#970,.T.);
#529=FACE_OUTER_BOUND('',#971,.T.);
#530=FACE_OUTER_BOUND('',#972,.T.);
#531=FACE_OUTER_BOUND('',#973,.T.);
#532=FACE_OUTER_BOUND('',#974,.T.);
#533=FACE_OUTER_BOUND('',#975,.T.);
#534=FACE_OUTER_BOUND('',#976,.T.);
#535=FACE_OUTER_BOUND('',#977,.T.);
#536=FACE_OUTER_BOUND('',#978,.T.);
#537=FACE_OUTER_BOUND('',#979,.T.);
#538=FACE_OUTER_BOUND('',#980,.T.);
#539=FACE_OUTER_BOUND('',#981,.T.);
#540=FACE_OUTER_BOUND('',#982,.T.);
#541=FACE_OUTER_BOUND('',#983,.T.);
#542=FACE_OUTER_BOUND('',#984,.T.);
#543=FACE_OUTER_BOUND('',#985,.T.);
#544=FACE_OUTER_BOUND('',#986,.T.);
#545=FACE_OUTER_BOUND('',#987,.T.);
#546=FACE_OUTER_BOUND('',#988,.T.);
#547=FACE_OUTER_BOUND('',#989,.T.);
#548=FACE_OUTER_BOUND('',#990,.T.);
#549=FACE_OUTER_BOUND('',#991,.T.);
#550=FACE_OUTER_BOUND('',#992,.T.);
#551=FACE_OUTER_BOUND('',#993,.T.);
#552=FACE_OUTER_BOUND('',#994,.T.);
#553=FACE_OUTER_BOUND('',#995,.T.);
#554=FACE_OUTER_BOUND('',#996,.T.);
#555=FACE_OUTER_BOUND('',#997,.T.);
#556=FACE_OUTER_BOUND('',#998,.T.);
#557=FACE_OUTER_BOUND('',#999,.T.);
#558=FACE_OUTER_BOUND('',#1000,.T.);
#559=FACE_OUTER_BOUND('',#1001,.T.);
#560=FACE_OUTER_BOUND('',#1002,.T.);
#561=FACE_OUTER_BOUND('',#1003,.T.);
#562=FACE_OUTER_BOUND('',#1004,.T.);
#563=FACE_OUTER_BOUND('',#1005,.T.);
#564=FACE_OUTER_BOUND('',#1006,.T.);
#565=FACE_OUTER_BOUND('',#1007,.T.);
#566=FACE_OUTER_BOUND('',#1008,.T.);
#567=FACE_OUTER_BOUND('',#1009,.T.);
#568=FACE_OUTER_BOUND('',#1010,.T.);
#569=FACE_OUTER_BOUND('',#1011,.T.);
#570=FACE_OUTER_BOUND('',#1012,.T.);
#571=FACE_OUTER_BOUND('',#1013,.T.);
#572=FACE_OUTER_BOUND('',#1014,.T.);
#573=FACE_OUTER_BOUND('',#1015,.T.);
#574=FACE_OUTER_BOUND('',#1016,.T.);
#575=FACE_OUTER_BOUND('',#1017,.T.);
#576=FACE_OUTER_BOUND('',#1018,.T.);
#577=FACE_OUTER_BOUND('',#1019,.T.);
#578=FACE_OUTER_BOUND('',#1020,.T.);
#579=FACE_OUTER_BOUND('',#1021,.T.);
#580=FACE_OUTER_BOUND('',#1022,.T.);
#581=FACE_OUTER_BOUND('',#1023,.T.);
#582=FACE_OUTER_BOUND('',#1024,.T.);
#583=FACE_OUTER_BOUND('',#1041,.T.);
#584=FACE_OUTER_BOUND('',#1042,.T.);
#585=FACE_OUTER_BOUND('',#1043,.T.);
#586=FACE_OUTER_BOUND('',#1044,.T.);
#587=FACE_OUTER_BOUND('',#1045,.T.);
#588=FACE_OUTER_BOUND('',#1046,.T.);
#589=FACE_OUTER_BOUND('',#1047,.T.);
#590=FACE_OUTER_BOUND('',#1048,.T.);
#591=FACE_OUTER_BOUND('',#1049,.T.);
#592=FACE_OUTER_BOUND('',#1050,.T.);
#593=FACE_OUTER_BOUND('',#1055,.T.);
#594=FACE_OUTER_BOUND('',#1056,.T.);
#595=FACE_OUTER_BOUND('',#1057,.T.);
#596=FACE_OUTER_BOUND('',#1058,.T.);
#597=FACE_OUTER_BOUND('',#1059,.T.);
#598=FACE_OUTER_BOUND('',#1060,.T.);
#599=FACE_OUTER_BOUND('',#1061,.T.);
#600=FACE_OUTER_BOUND('',#1062,.T.);
#601=FACE_OUTER_BOUND('',#1063,.T.);
#602=FACE_OUTER_BOUND('',#1064,.T.);
#603=FACE_OUTER_BOUND('',#1065,.T.);
#604=FACE_OUTER_BOUND('',#1066,.T.);
#605=FACE_OUTER_BOUND('',#1067,.T.);
#606=FACE_OUTER_BOUND('',#1068,.T.);
#607=FACE_OUTER_BOUND('',#1069,.T.);
#608=FACE_OUTER_BOUND('',#1070,.T.);
#609=FACE_OUTER_BOUND('',#1071,.T.);
#610=FACE_OUTER_BOUND('',#1072,.T.);
#611=FACE_OUTER_BOUND('',#1073,.T.);
#612=FACE_OUTER_BOUND('',#1074,.T.);
#613=FACE_OUTER_BOUND('',#1075,.T.);
#614=FACE_OUTER_BOUND('',#1076,.T.);
#615=FACE_OUTER_BOUND('',#1077,.T.);
#616=FACE_OUTER_BOUND('',#1078,.T.);
#617=FACE_OUTER_BOUND('',#1079,.T.);
#618=FACE_OUTER_BOUND('',#1080,.T.);
#619=FACE_OUTER_BOUND('',#1081,.T.);
#620=FACE_OUTER_BOUND('',#1082,.T.);
#621=FACE_OUTER_BOUND('',#1083,.T.);
#622=FACE_OUTER_BOUND('',#1084,.T.);
#623=FACE_OUTER_BOUND('',#1085,.T.);
#624=FACE_OUTER_BOUND('',#1086,.T.);
#625=FACE_OUTER_BOUND('',#1087,.T.);
#626=FACE_OUTER_BOUND('',#1088,.T.);
#627=FACE_OUTER_BOUND('',#1089,.T.);
#628=FACE_OUTER_BOUND('',#1090,.T.);
#629=FACE_OUTER_BOUND('',#1091,.T.);
#630=FACE_OUTER_BOUND('',#1092,.T.);
#631=FACE_OUTER_BOUND('',#1093,.T.);
#632=FACE_OUTER_BOUND('',#1094,.T.);
#633=FACE_OUTER_BOUND('',#1095,.T.);
#634=FACE_OUTER_BOUND('',#1096,.T.);
#635=FACE_OUTER_BOUND('',#1097,.T.);
#636=FACE_OUTER_BOUND('',#1098,.T.);
#637=FACE_OUTER_BOUND('',#1099,.T.);
#638=FACE_OUTER_BOUND('',#1100,.T.);
#639=FACE_OUTER_BOUND('',#1101,.T.);
#640=FACE_OUTER_BOUND('',#1102,.T.);
#641=FACE_OUTER_BOUND('',#1103,.T.);
#642=FACE_OUTER_BOUND('',#1104,.T.);
#643=FACE_OUTER_BOUND('',#1105,.T.);
#644=FACE_OUTER_BOUND('',#1106,.T.);
#645=FACE_OUTER_BOUND('',#1107,.T.);
#646=FACE_OUTER_BOUND('',#1108,.T.);
#647=FACE_OUTER_BOUND('',#1109,.T.);
#648=FACE_OUTER_BOUND('',#1110,.T.);
#649=FACE_OUTER_BOUND('',#1111,.T.);
#650=FACE_OUTER_BOUND('',#1112,.T.);
#651=FACE_OUTER_BOUND('',#1113,.T.);
#652=FACE_OUTER_BOUND('',#1114,.T.);
#653=FACE_OUTER_BOUND('',#1119,.T.);
#654=FACE_OUTER_BOUND('',#1120,.T.);
#655=FACE_OUTER_BOUND('',#1121,.T.);
#656=FACE_OUTER_BOUND('',#1122,.T.);
#657=FACE_OUTER_BOUND('',#1123,.T.);
#658=FACE_OUTER_BOUND('',#1124,.T.);
#659=FACE_OUTER_BOUND('',#1125,.T.);
#660=FACE_OUTER_BOUND('',#1126,.T.);
#661=FACE_OUTER_BOUND('',#1127,.T.);
#662=FACE_OUTER_BOUND('',#1128,.T.);
#663=FACE_OUTER_BOUND('',#1129,.T.);
#664=FACE_OUTER_BOUND('',#1130,.T.);
#665=FACE_OUTER_BOUND('',#1131,.T.);
#666=FACE_OUTER_BOUND('',#1132,.T.);
#667=FACE_OUTER_BOUND('',#1133,.T.);
#668=FACE_OUTER_BOUND('',#1134,.T.);
#669=FACE_OUTER_BOUND('',#1135,.T.);
#670=FACE_OUTER_BOUND('',#1136,.T.);
#671=FACE_OUTER_BOUND('',#1137,.T.);
#672=FACE_OUTER_BOUND('',#1138,.T.);
#673=FACE_OUTER_BOUND('',#1139,.T.);
#674=FACE_OUTER_BOUND('',#1140,.T.);
#675=FACE_OUTER_BOUND('',#1141,.T.);
#676=FACE_OUTER_BOUND('',#1142,.T.);
#677=FACE_OUTER_BOUND('',#1143,.T.);
#678=FACE_OUTER_BOUND('',#1144,.T.);
#679=FACE_OUTER_BOUND('',#1145,.T.);
#680=FACE_OUTER_BOUND('',#1146,.T.);
#681=FACE_OUTER_BOUND('',#1147,.T.);
#682=FACE_OUTER_BOUND('',#1148,.T.);
#683=FACE_OUTER_BOUND('',#1149,.T.);
#684=FACE_OUTER_BOUND('',#1150,.T.);
#685=FACE_OUTER_BOUND('',#1151,.T.);
#686=FACE_OUTER_BOUND('',#1152,.T.);
#687=FACE_OUTER_BOUND('',#1153,.T.);
#688=FACE_OUTER_BOUND('',#1154,.T.);
#689=FACE_OUTER_BOUND('',#1155,.T.);
#690=FACE_OUTER_BOUND('',#1156,.T.);
#691=FACE_OUTER_BOUND('',#1157,.T.);
#692=FACE_OUTER_BOUND('',#1158,.T.);
#693=FACE_OUTER_BOUND('',#1159,.T.);
#694=FACE_OUTER_BOUND('',#1160,.T.);
#695=FACE_OUTER_BOUND('',#1161,.T.);
#696=FACE_OUTER_BOUND('',#1162,.T.);
#697=FACE_OUTER_BOUND('',#1163,.T.);
#698=FACE_OUTER_BOUND('',#1164,.T.);
#699=FACE_OUTER_BOUND('',#1165,.T.);
#700=FACE_OUTER_BOUND('',#1166,.T.);
#701=FACE_OUTER_BOUND('',#1167,.T.);
#702=FACE_OUTER_BOUND('',#1168,.T.);
#703=FACE_OUTER_BOUND('',#1169,.T.);
#704=FACE_OUTER_BOUND('',#1170,.T.);
#705=FACE_OUTER_BOUND('',#1171,.T.);
#706=FACE_OUTER_BOUND('',#1172,.T.);
#707=FACE_OUTER_BOUND('',#1173,.T.);
#708=FACE_OUTER_BOUND('',#1174,.T.);
#709=FACE_OUTER_BOUND('',#1175,.T.);
#710=FACE_OUTER_BOUND('',#1176,.T.);
#711=FACE_OUTER_BOUND('',#1177,.T.);
#712=FACE_OUTER_BOUND('',#1178,.T.);
#713=FACE_OUTER_BOUND('',#1179,.T.);
#714=FACE_OUTER_BOUND('',#1180,.T.);
#715=FACE_OUTER_BOUND('',#1181,.T.);
#716=FACE_OUTER_BOUND('',#1182,.T.);
#717=FACE_OUTER_BOUND('',#1183,.T.);
#718=FACE_OUTER_BOUND('',#1184,.T.);
#719=FACE_OUTER_BOUND('',#1185,.T.);
#720=FACE_OUTER_BOUND('',#1186,.T.);
#721=FACE_OUTER_BOUND('',#1187,.T.);
#722=FACE_OUTER_BOUND('',#1188,.T.);
#723=FACE_OUTER_BOUND('',#1189,.T.);
#724=FACE_OUTER_BOUND('',#1190,.T.);
#725=FACE_OUTER_BOUND('',#1191,.T.);
#726=FACE_OUTER_BOUND('',#1192,.T.);
#727=FACE_OUTER_BOUND('',#1193,.T.);
#728=FACE_OUTER_BOUND('',#1194,.T.);
#729=FACE_OUTER_BOUND('',#1195,.T.);
#730=FACE_OUTER_BOUND('',#1196,.T.);
#731=FACE_OUTER_BOUND('',#1197,.T.);
#732=EDGE_LOOP('',(#5408,#5409,#5410,#5411));
#733=EDGE_LOOP('',(#5412,#5413,#5414,#5415));
#734=EDGE_LOOP('',(#5416,#5417,#5418,#5419));
#735=EDGE_LOOP('',(#5420,#5421,#5422,#5423));
#736=EDGE_LOOP('',(#5424,#5425,#5426,#5427));
#737=EDGE_LOOP('',(#5428,#5429,#5430,#5431));
#738=EDGE_LOOP('',(#5432,#5433,#5434,#5435));
#739=EDGE_LOOP('',(#5436,#5437,#5438,#5439));
#740=EDGE_LOOP('',(#5440,#5441,#5442,#5443));
#741=EDGE_LOOP('',(#5444,#5445,#5446,#5447));
#742=EDGE_LOOP('',(#5448,#5449,#5450,#5451));
#743=EDGE_LOOP('',(#5452,#5453,#5454,#5455));
#744=EDGE_LOOP('',(#5456,#5457,#5458,#5459));
#745=EDGE_LOOP('',(#5460,#5461,#5462,#5463));
#746=EDGE_LOOP('',(#5464,#5465,#5466,#5467));
#747=EDGE_LOOP('',(#5468,#5469,#5470,#5471));
#748=EDGE_LOOP('',(#5472,#5473,#5474,#5475));
#749=EDGE_LOOP('',(#5476,#5477,#5478,#5479));
#750=EDGE_LOOP('',(#5480,#5481,#5482,#5483,#5484,#5485,#5486,#5487,#5488,
#5489,#5490,#5491));
#751=EDGE_LOOP('',(#5492,#5493,#5494,#5495,#5496,#5497,#5498,#5499,#5500,
#5501,#5502,#5503,#5504,#5505,#5506,#5507,#5508,#5509));
#752=EDGE_LOOP('',(#5510,#5511,#5512,#5513,#5514,#5515));
#753=EDGE_LOOP('',(#5516,#5517,#5518,#5519,#5520,#5521));
#754=EDGE_LOOP('',(#5522,#5523,#5524,#5525));
#755=EDGE_LOOP('',(#5526,#5527,#5528,#5529,#5530));
#756=EDGE_LOOP('',(#5531,#5532,#5533,#5534,#5535));
#757=EDGE_LOOP('',(#5536,#5537,#5538,#5539,#5540,#5541));
#758=EDGE_LOOP('',(#5542,#5543,#5544,#5545,#5546));
#759=EDGE_LOOP('',(#5547,#5548,#5549,#5550,#5551));
#760=EDGE_LOOP('',(#5552,#5553,#5554,#5555,#5556,#5557));
#761=EDGE_LOOP('',(#5558,#5559,#5560,#5561,#5562,#5563));
#762=EDGE_LOOP('',(#5564,#5565,#5566,#5567,#5568,#5569));
#763=EDGE_LOOP('',(#5570,#5571,#5572,#5573,#5574));
#764=EDGE_LOOP('',(#5575,#5576,#5577,#5578,#5579,#5580));
#765=EDGE_LOOP('',(#5581,#5582,#5583,#5584));
#766=EDGE_LOOP('',(#5585,#5586,#5587,#5588,#5589,#5590));
#767=EDGE_LOOP('',(#5591,#5592,#5593,#5594));
#768=EDGE_LOOP('',(#5595,#5596,#5597,#5598));
#769=EDGE_LOOP('',(#5599,#5600,#5601,#5602));
#770=EDGE_LOOP('',(#5603,#5604,#5605,#5606));
#771=EDGE_LOOP('',(#5607,#5608,#5609,#5610));
#772=EDGE_LOOP('',(#5611,#5612,#5613,#5614));
#773=EDGE_LOOP('',(#5615,#5616,#5617,#5618));
#774=EDGE_LOOP('',(#5619,#5620,#5621,#5622));
#775=EDGE_LOOP('',(#5623,#5624,#5625,#5626));
#776=EDGE_LOOP('',(#5627,#5628,#5629,#5630));
#777=EDGE_LOOP('',(#5631,#5632,#5633,#5634));
#778=EDGE_LOOP('',(#5635,#5636,#5637,#5638));
#779=EDGE_LOOP('',(#5639,#5640,#5641,#5642,#5643,#5644,#5645,#5646,#5647,
#5648,#5649,#5650));
#780=EDGE_LOOP('',(#5651,#5652,#5653,#5654,#5655,#5656,#5657,#5658,#5659,
#5660,#5661,#5662));
#781=EDGE_LOOP('',(#5663,#5664,#5665,#5666));
#782=EDGE_LOOP('',(#5667,#5668,#5669,#5670));
#783=EDGE_LOOP('',(#5671,#5672,#5673,#5674,#5675,#5676,#5677,#5678));
#784=EDGE_LOOP('',(#5679,#5680,#5681,#5682));
#785=EDGE_LOOP('',(#5683,#5684,#5685,#5686,#5687,#5688,#5689,#5690,#5691,
#5692,#5693,#5694));
#786=EDGE_LOOP('',(#5695,#5696,#5697,#5698,#5699,#5700,#5701,#5702,#5703,
#5704));
#787=EDGE_LOOP('',(#5705,#5706,#5707,#5708));
#788=EDGE_LOOP('',(#5709,#5710,#5711,#5712));
#789=EDGE_LOOP('',(#5713,#5714,#5715,#5716,#5717,#5718,#5719,#5720,#5721,
#5722));
#790=EDGE_LOOP('',(#5723,#5724,#5725,#5726,#5727,#5728,#5729,#5730,#5731,
#5732));
#791=EDGE_LOOP('',(#5733,#5734,#5735,#5736));
#792=EDGE_LOOP('',(#5737,#5738,#5739,#5740));
#793=EDGE_LOOP('',(#5741,#5742,#5743,#5744,#5745,#5746,#5747,#5748,#5749,
#5750));
#794=EDGE_LOOP('',(#5751,#5752,#5753,#5754));
#795=EDGE_LOOP('',(#5755,#5756,#5757,#5758));
#796=EDGE_LOOP('',(#5759,#5760,#5761,#5762));
#797=EDGE_LOOP('',(#5763,#5764,#5765,#5766,#5767));
#798=EDGE_LOOP('',(#5768,#5769,#5770,#5771));
#799=EDGE_LOOP('',(#5772,#5773,#5774,#5775,#5776,#5777));
#800=EDGE_LOOP('',(#5778,#5779,#5780,#5781));
#801=EDGE_LOOP('',(#5782,#5783,#5784,#5785,#5786,#5787));
#802=EDGE_LOOP('',(#5788,#5789,#5790,#5791));
#803=EDGE_LOOP('',(#5792,#5793,#5794,#5795,#5796,#5797));
#804=EDGE_LOOP('',(#5798,#5799,#5800,#5801));
#805=EDGE_LOOP('',(#5802,#5803,#5804,#5805,#5806,#5807));
#806=EDGE_LOOP('',(#5808,#5809,#5810,#5811));
#807=EDGE_LOOP('',(#5812,#5813,#5814,#5815));
#808=EDGE_LOOP('',(#5816,#5817,#5818,#5819,#5820,#5821));
#809=EDGE_LOOP('',(#5822,#5823,#5824,#5825));
#810=EDGE_LOOP('',(#5826,#5827,#5828,#5829,#5830,#5831));
#811=EDGE_LOOP('',(#5832,#5833,#5834,#5835));
#812=EDGE_LOOP('',(#5836,#5837,#5838,#5839,#5840,#5841));
#813=EDGE_LOOP('',(#5842,#5843,#5844,#5845));
#814=EDGE_LOOP('',(#5846,#5847,#5848,#5849,#5850,#5851));
#815=EDGE_LOOP('',(#5852,#5853,#5854,#5855));
#816=EDGE_LOOP('',(#5856,#5857,#5858,#5859,#5860,#5861));
#817=EDGE_LOOP('',(#5862,#5863,#5864,#5865,#5866,#5867,#5868,#5869,#5870,
#5871,#5872,#5873,#5874,#5875,#5876,#5877,#5878,#5879,#5880,#5881,#5882,
#5883,#5884,#5885,#5886,#5887,#5888,#5889,#5890,#5891,#5892,#5893,#5894,
#5895,#5896,#5897,#5898,#5899,#5900,#5901,#5902,#5903,#5904));
#818=EDGE_LOOP('',(#5905,#5906,#5907,#5908));
#819=EDGE_LOOP('',(#5909,#5910,#5911,#5912));
#820=EDGE_LOOP('',(#5913,#5914,#5915,#5916));
#821=EDGE_LOOP('',(#5917,#5918,#5919,#5920));
#822=EDGE_LOOP('',(#5921,#5922,#5923,#5924));
#823=EDGE_LOOP('',(#5925,#5926,#5927,#5928,#5929,#5930,#5931,#5932,#5933,
#5934,#5935,#5936,#5937,#5938,#5939,#5940));
#824=EDGE_LOOP('',(#5941,#5942,#5943,#5944));
#825=EDGE_LOOP('',(#5945,#5946,#5947,#5948,#5949,#5950,#5951,#5952,#5953,
#5954,#5955,#5956,#5957,#5958,#5959,#5960));
#826=EDGE_LOOP('',(#5961,#5962,#5963,#5964));
#827=EDGE_LOOP('',(#5965,#5966,#5967,#5968));
#828=EDGE_LOOP('',(#5969,#5970,#5971,#5972));
#829=EDGE_LOOP('',(#5973,#5974,#5975,#5976));
#830=EDGE_LOOP('',(#5977,#5978,#5979,#5980));
#831=EDGE_LOOP('',(#5981,#5982,#5983,#5984,#5985,#5986,#5987,#5988,#5989,
#5990,#5991,#5992,#5993,#5994,#5995,#5996));
#832=EDGE_LOOP('',(#5997,#5998,#5999,#6000));
#833=EDGE_LOOP('',(#6001,#6002,#6003,#6004));
#834=EDGE_LOOP('',(#6005,#6006,#6007,#6008));
#835=EDGE_LOOP('',(#6009,#6010,#6011,#6012));
#836=EDGE_LOOP('',(#6013,#6014,#6015,#6016));
#837=EDGE_LOOP('',(#6017,#6018,#6019,#6020,#6021,#6022));
#838=EDGE_LOOP('',(#6023,#6024,#6025,#6026));
#839=EDGE_LOOP('',(#6027,#6028,#6029,#6030));
#840=EDGE_LOOP('',(#6031,#6032,#6033,#6034,#6035,#6036,#6037,#6038,#6039,
#6040,#6041,#6042,#6043,#6044,#6045,#6046));
#841=EDGE_LOOP('',(#6047,#6048,#6049,#6050));
#842=EDGE_LOOP('',(#6051,#6052,#6053,#6054));
#843=EDGE_LOOP('',(#6055,#6056,#6057,#6058));
#844=EDGE_LOOP('',(#6059,#6060,#6061,#6062,#6063,#6064,#6065,#6066,#6067,
#6068,#6069,#6070,#6071,#6072,#6073,#6074));
#845=EDGE_LOOP('',(#6075,#6076,#6077,#6078));
#846=EDGE_LOOP('',(#6079,#6080,#6081,#6082));
#847=EDGE_LOOP('',(#6083,#6084,#6085,#6086));
#848=EDGE_LOOP('',(#6087,#6088,#6089,#6090,#6091,#6092));
#849=EDGE_LOOP('',(#6093,#6094,#6095,#6096));
#850=EDGE_LOOP('',(#6097,#6098,#6099,#6100));
#851=EDGE_LOOP('',(#6101,#6102,#6103,#6104));
#852=EDGE_LOOP('',(#6105,#6106,#6107,#6108));
#853=EDGE_LOOP('',(#6109,#6110,#6111,#6112,#6113,#6114,#6115,#6116));
#854=EDGE_LOOP('',(#6117,#6118,#6119,#6120,#6121,#6122,#6123,#6124));
#855=EDGE_LOOP('',(#6125,#6126,#6127,#6128));
#856=EDGE_LOOP('',(#6129,#6130,#6131,#6132));
#857=EDGE_LOOP('',(#6133,#6134,#6135,#6136,#6137,#6138));
#858=EDGE_LOOP('',(#6139,#6140,#6141,#6142));
#859=EDGE_LOOP('',(#6143,#6144,#6145,#6146));
#860=EDGE_LOOP('',(#6147,#6148,#6149,#6150,#6151,#6152));
#861=EDGE_LOOP('',(#6153,#6154,#6155,#6156,#6157,#6158));
#862=EDGE_LOOP('',(#6159,#6160,#6161,#6162));
#863=EDGE_LOOP('',(#6163,#6164,#6165,#6166));
#864=EDGE_LOOP('',(#6167,#6168,#6169,#6170,#6171,#6172));
#865=EDGE_LOOP('',(#6173,#6174,#6175,#6176));
#866=EDGE_LOOP('',(#6177,#6178,#6179,#6180));
#867=EDGE_LOOP('',(#6181,#6182,#6183,#6184));
#868=EDGE_LOOP('',(#6185,#6186,#6187,#6188));
#869=EDGE_LOOP('',(#6189,#6190,#6191,#6192));
#870=EDGE_LOOP('',(#6193,#6194,#6195,#6196));
#871=EDGE_LOOP('',(#6197,#6198,#6199,#6200));
#872=EDGE_LOOP('',(#6201,#6202,#6203,#6204,#6205,#6206));
#873=EDGE_LOOP('',(#6207,#6208,#6209,#6210));
#874=EDGE_LOOP('',(#6211,#6212,#6213,#6214));
#875=EDGE_LOOP('',(#6215,#6216,#6217,#6218,#6219,#6220));
#876=EDGE_LOOP('',(#6221,#6222,#6223,#6224));
#877=EDGE_LOOP('',(#6225,#6226,#6227,#6228,#6229,#6230,#6231,#6232,#6233,
#6234,#6235,#6236,#6237,#6238,#6239,#6240));
#878=EDGE_LOOP('',(#6241,#6242,#6243,#6244));
#879=EDGE_LOOP('',(#6245,#6246,#6247,#6248));
#880=EDGE_LOOP('',(#6249,#6250,#6251,#6252));
#881=EDGE_LOOP('',(#6253,#6254,#6255,#6256));
#882=EDGE_LOOP('',(#6257,#6258,#6259,#6260));
#883=EDGE_LOOP('',(#6261,#6262,#6263,#6264,#6265,#6266));
#884=EDGE_LOOP('',(#6267,#6268,#6269,#6270));
#885=EDGE_LOOP('',(#6271,#6272,#6273,#6274));
#886=EDGE_LOOP('',(#6275,#6276,#6277,#6278,#6279));
#887=EDGE_LOOP('',(#6280,#6281,#6282,#6283));
#888=EDGE_LOOP('',(#6284,#6285,#6286,#6287));
#889=EDGE_LOOP('',(#6288,#6289,#6290,#6291));
#890=EDGE_LOOP('',(#6292,#6293,#6294,#6295));
#891=EDGE_LOOP('',(#6296,#6297,#6298,#6299));
#892=EDGE_LOOP('',(#6300,#6301,#6302,#6303));
#893=EDGE_LOOP('',(#6304,#6305,#6306,#6307));
#894=EDGE_LOOP('',(#6308,#6309,#6310,#6311));
#895=EDGE_LOOP('',(#6312,#6313,#6314,#6315));
#896=EDGE_LOOP('',(#6316,#6317,#6318,#6319));
#897=EDGE_LOOP('',(#6320,#6321,#6322,#6323));
#898=EDGE_LOOP('',(#6324,#6325,#6326,#6327));
#899=EDGE_LOOP('',(#6328,#6329,#6330,#6331));
#900=EDGE_LOOP('',(#6332,#6333,#6334,#6335));
#901=EDGE_LOOP('',(#6336,#6337,#6338,#6339));
#902=EDGE_LOOP('',(#6340,#6341,#6342,#6343));
#903=EDGE_LOOP('',(#6344,#6345,#6346,#6347));
#904=EDGE_LOOP('',(#6348,#6349,#6350,#6351));
#905=EDGE_LOOP('',(#6352,#6353,#6354,#6355));
#906=EDGE_LOOP('',(#6356,#6357,#6358,#6359));
#907=EDGE_LOOP('',(#6360,#6361,#6362,#6363));
#908=EDGE_LOOP('',(#6364,#6365,#6366,#6367));
#909=EDGE_LOOP('',(#6368,#6369,#6370,#6371));
#910=EDGE_LOOP('',(#6372,#6373,#6374,#6375));
#911=EDGE_LOOP('',(#6376,#6377,#6378,#6379));
#912=EDGE_LOOP('',(#6380,#6381,#6382,#6383,#6384,#6385,#6386,#6387,#6388,
#6389,#6390,#6391));
#913=EDGE_LOOP('',(#6392,#6393,#6394,#6395,#6396,#6397,#6398,#6399,#6400,
#6401,#6402,#6403));
#914=EDGE_LOOP('',(#6404,#6405,#6406,#6407));
#915=EDGE_LOOP('',(#6408,#6409,#6410,#6411));
#916=EDGE_LOOP('',(#6412,#6413,#6414,#6415,#6416,#6417,#6418));
#917=EDGE_LOOP('',(#6419,#6420,#6421,#6422));
#918=EDGE_LOOP('',(#6423,#6424,#6425,#6426,#6427,#6428,#6429,#6430,#6431,
#6432,#6433,#6434,#6435,#6436,#6437,#6438));
#919=EDGE_LOOP('',(#6439,#6440,#6441,#6442));
#920=EDGE_LOOP('',(#6443,#6444,#6445,#6446,#6447,#6448,#6449,#6450,#6451,
#6452,#6453,#6454,#6455,#6456,#6457,#6458));
#921=EDGE_LOOP('',(#6459,#6460,#6461,#6462));
#922=EDGE_LOOP('',(#6463,#6464,#6465,#6466));
#923=EDGE_LOOP('',(#6467,#6468,#6469,#6470));
#924=EDGE_LOOP('',(#6471,#6472,#6473,#6474,#6475,#6476,#6477,#6478,#6479,
#6480,#6481,#6482,#6483,#6484,#6485,#6486));
#925=EDGE_LOOP('',(#6487,#6488,#6489,#6490));
#926=EDGE_LOOP('',(#6491,#6492,#6493,#6494));
#927=EDGE_LOOP('',(#6495,#6496,#6497,#6498));
#928=EDGE_LOOP('',(#6499,#6500,#6501,#6502,#6503,#6504,#6505,#6506,#6507,
#6508,#6509,#6510,#6511,#6512,#6513,#6514));
#929=EDGE_LOOP('',(#6515,#6516,#6517,#6518));
#930=EDGE_LOOP('',(#6519,#6520,#6521,#6522));
#931=EDGE_LOOP('',(#6523,#6524,#6525,#6526));
#932=EDGE_LOOP('',(#6527,#6528,#6529,#6530,#6531,#6532,#6533,#6534,#6535,
#6536,#6537,#6538,#6539,#6540,#6541,#6542));
#933=EDGE_LOOP('',(#6543,#6544,#6545,#6546));
#934=EDGE_LOOP('',(#6547,#6548,#6549,#6550));
#935=EDGE_LOOP('',(#6551,#6552,#6553,#6554));
#936=EDGE_LOOP('',(#6555,#6556,#6557,#6558));
#937=EDGE_LOOP('',(#6559,#6560,#6561,#6562));
#938=EDGE_LOOP('',(#6563,#6564,#6565,#6566,#6567,#6568,#6569,#6570,#6571,
#6572,#6573,#6574,#6575,#6576,#6577,#6578));
#939=EDGE_LOOP('',(#6579,#6580,#6581,#6582));
#940=EDGE_LOOP('',(#6583,#6584,#6585,#6586));
#941=EDGE_LOOP('',(#6587,#6588,#6589,#6590));
#942=EDGE_LOOP('',(#6591,#6592,#6593,#6594,#6595,#6596,#6597,#6598,#6599,
#6600,#6601,#6602));
#943=EDGE_LOOP('',(#6603,#6604,#6605,#6606,#6607,#6608,#6609,#6610,#6611,
#6612,#6613,#6614,#6615,#6616,#6617,#6618,#6619,#6620,#6621,#6622,#6623,
#6624,#6625,#6626,#6627,#6628,#6629,#6630,#6631,#6632,#6633,#6634,#6635,
#6636,#6637,#6638,#6639,#6640,#6641,#6642,#6643,#6644,#6645,#6646,#6647,
#6648,#6649,#6650,#6651,#6652,#6653,#6654,#6655,#6656,#6657,#6658,#6659,
#6660,#6661,#6662,#6663,#6664,#6665,#6666,#6667,#6668,#6669));
#944=EDGE_LOOP('',(#6670,#6671,#6672,#6673));
#945=EDGE_LOOP('',(#6674,#6675,#6676,#6677,#6678));
#946=EDGE_LOOP('',(#6679,#6680,#6681,#6682));
#947=EDGE_LOOP('',(#6683,#6684,#6685,#6686,#6687));
#948=EDGE_LOOP('',(#6688,#6689,#6690,#6691));
#949=EDGE_LOOP('',(#6692,#6693,#6694,#6695,#6696));
#950=EDGE_LOOP('',(#6697,#6698,#6699,#6700));
#951=EDGE_LOOP('',(#6701,#6702,#6703,#6704,#6705));
#952=EDGE_LOOP('',(#6706,#6707,#6708,#6709));
#953=EDGE_LOOP('',(#6710,#6711,#6712,#6713));
#954=EDGE_LOOP('',(#6714,#6715,#6716,#6717));
#955=EDGE_LOOP('',(#6718,#6719,#6720,#6721));
#956=EDGE_LOOP('',(#6722,#6723,#6724,#6725));
#957=EDGE_LOOP('',(#6726,#6727,#6728,#6729));
#958=EDGE_LOOP('',(#6730,#6731,#6732,#6733,#6734));
#959=EDGE_LOOP('',(#6735,#6736,#6737,#6738,#6739));
#960=EDGE_LOOP('',(#6740,#6741,#6742,#6743));
#961=EDGE_LOOP('',(#6744,#6745,#6746,#6747));
#962=EDGE_LOOP('',(#6748,#6749,#6750,#6751));
#963=EDGE_LOOP('',(#6752,#6753,#6754,#6755,#6756));
#964=EDGE_LOOP('',(#6757,#6758,#6759,#6760,#6761));
#965=EDGE_LOOP('',(#6762,#6763,#6764,#6765,#6766));
#966=EDGE_LOOP('',(#6767,#6768,#6769,#6770));
#967=EDGE_LOOP('',(#6771,#6772,#6773,#6774));
#968=EDGE_LOOP('',(#6775,#6776,#6777,#6778));
#969=EDGE_LOOP('',(#6779,#6780,#6781,#6782));
#970=EDGE_LOOP('',(#6783,#6784,#6785,#6786,#6787));
#971=EDGE_LOOP('',(#6788,#6789,#6790,#6791));
#972=EDGE_LOOP('',(#6792,#6793,#6794,#6795,#6796));
#973=EDGE_LOOP('',(#6797,#6798,#6799,#6800,#6801));
#974=EDGE_LOOP('',(#6802,#6803,#6804,#6805));
#975=EDGE_LOOP('',(#6806,#6807,#6808,#6809));
#976=EDGE_LOOP('',(#6810,#6811,#6812,#6813));
#977=EDGE_LOOP('',(#6814,#6815,#6816,#6817,#6818));
#978=EDGE_LOOP('',(#6819,#6820,#6821,#6822,#6823));
#979=EDGE_LOOP('',(#6824,#6825,#6826,#6827));
#980=EDGE_LOOP('',(#6828,#6829,#6830,#6831,#6832));
#981=EDGE_LOOP('',(#6833,#6834,#6835,#6836));
#982=EDGE_LOOP('',(#6837,#6838,#6839,#6840,#6841));
#983=EDGE_LOOP('',(#6842,#6843,#6844,#6845));
#984=EDGE_LOOP('',(#6846,#6847,#6848,#6849));
#985=EDGE_LOOP('',(#6850,#6851,#6852,#6853,#6854,#6855,#6856,#6857));
#986=EDGE_LOOP('',(#6858,#6859,#6860,#6861,#6862,#6863,#6864));
#987=EDGE_LOOP('',(#6865,#6866,#6867,#6868));
#988=EDGE_LOOP('',(#6869,#6870,#6871,#6872,#6873));
#989=EDGE_LOOP('',(#6874,#6875,#6876,#6877,#6878));
#990=EDGE_LOOP('',(#6879,#6880,#6881,#6882));
#991=EDGE_LOOP('',(#6883,#6884,#6885,#6886,#6887,#6888));
#992=EDGE_LOOP('',(#6889,#6890,#6891,#6892,#6893));
#993=EDGE_LOOP('',(#6894,#6895,#6896,#6897));
#994=EDGE_LOOP('',(#6898,#6899,#6900,#6901,#6902));
#995=EDGE_LOOP('',(#6903,#6904,#6905,#6906));
#996=EDGE_LOOP('',(#6907,#6908,#6909,#6910,#6911,#6912));
#997=EDGE_LOOP('',(#6913,#6914,#6915,#6916,#6917));
#998=EDGE_LOOP('',(#6918,#6919,#6920,#6921));
#999=EDGE_LOOP('',(#6922,#6923,#6924,#6925));
#1000=EDGE_LOOP('',(#6926,#6927,#6928,#6929));
#1001=EDGE_LOOP('',(#6930,#6931,#6932,#6933,#6934));
#1002=EDGE_LOOP('',(#6935,#6936,#6937,#6938,#6939));
#1003=EDGE_LOOP('',(#6940,#6941,#6942,#6943));
#1004=EDGE_LOOP('',(#6944,#6945,#6946,#6947));
#1005=EDGE_LOOP('',(#6948,#6949,#6950,#6951,#6952));
#1006=EDGE_LOOP('',(#6953,#6954,#6955,#6956));
#1007=EDGE_LOOP('',(#6957,#6958,#6959,#6960,#6961));
#1008=EDGE_LOOP('',(#6962,#6963,#6964,#6965,#6966));
#1009=EDGE_LOOP('',(#6967,#6968,#6969,#6970));
#1010=EDGE_LOOP('',(#6971,#6972,#6973,#6974));
#1011=EDGE_LOOP('',(#6975,#6976,#6977,#6978,#6979));
#1012=EDGE_LOOP('',(#6980,#6981,#6982,#6983));
#1013=EDGE_LOOP('',(#6984,#6985,#6986,#6987,#6988));
#1014=EDGE_LOOP('',(#6989,#6990,#6991,#6992));
#1015=EDGE_LOOP('',(#6993,#6994,#6995,#6996,#6997));
#1016=EDGE_LOOP('',(#6998,#6999,#7000,#7001,#7002));
#1017=EDGE_LOOP('',(#7003,#7004,#7005,#7006));
#1018=EDGE_LOOP('',(#7007,#7008,#7009,#7010));
#1019=EDGE_LOOP('',(#7011,#7012,#7013,#7014));
#1020=EDGE_LOOP('',(#7015,#7016,#7017,#7018));
#1021=EDGE_LOOP('',(#7019,#7020,#7021,#7022));
#1022=EDGE_LOOP('',(#7023,#7024,#7025,#7026));
#1023=EDGE_LOOP('',(#7027,#7028,#7029,#7030));
#1024=EDGE_LOOP('',(#7031,#7032,#7033,#7034,#7035,#7036,#7037,#7038,#7039,
#7040,#7041,#7042));
#1025=EDGE_LOOP('',(#7043,#7044,#7045,#7046,#7047,#7048));
#1026=EDGE_LOOP('',(#7049,#7050,#7051,#7052,#7053,#7054));
#1027=EDGE_LOOP('',(#7055,#7056,#7057,#7058));
#1028=EDGE_LOOP('',(#7059,#7060,#7061,#7062,#7063));
#1029=EDGE_LOOP('',(#7064,#7065,#7066,#7067,#7068,#7069,#7070,#7071,#7072,
#7073,#7074,#7075,#7076,#7077,#7078,#7079,#7080,#7081));
#1030=EDGE_LOOP('',(#7082,#7083,#7084,#7085,#7086,#7087));
#1031=EDGE_LOOP('',(#7088,#7089,#7090,#7091,#7092,#7093));
#1032=EDGE_LOOP('',(#7094,#7095,#7096,#7097,#7098,#7099));
#1033=EDGE_LOOP('',(#7100,#7101,#7102,#7103,#7104));
#1034=EDGE_LOOP('',(#7105,#7106,#7107,#7108,#7109,#7110));
#1035=EDGE_LOOP('',(#7111,#7112,#7113,#7114));
#1036=EDGE_LOOP('',(#7115,#7116,#7117,#7118,#7119,#7120));
#1037=EDGE_LOOP('',(#7121,#7122,#7123,#7124,#7125));
#1038=EDGE_LOOP('',(#7126,#7127,#7128,#7129,#7130));
#1039=EDGE_LOOP('',(#7131,#7132,#7133,#7134,#7135,#7136));
#1040=EDGE_LOOP('',(#7137,#7138,#7139,#7140,#7141));
#1041=EDGE_LOOP('',(#7142,#7143,#7144,#7145,#7146,#7147,#7148,#7149,#7150));
#1042=EDGE_LOOP('',(#7151,#7152));
#1043=EDGE_LOOP('',(#7153,#7154,#7155,#7156));
#1044=EDGE_LOOP('',(#7157,#7158,#7159,#7160,#7161));
#1045=EDGE_LOOP('',(#7162,#7163,#7164,#7165,#7166));
#1046=EDGE_LOOP('',(#7167,#7168,#7169,#7170,#7171,#7172,#7173,#7174,#7175));
#1047=EDGE_LOOP('',(#7176,#7177));
#1048=EDGE_LOOP('',(#7178,#7179,#7180,#7181,#7182));
#1049=EDGE_LOOP('',(#7183,#7184,#7185,#7186,#7187,#7188,#7189,#7190));
#1050=EDGE_LOOP('',(#7191,#7192,#7193,#7194,#7195,#7196,#7197,#7198,#7199,
#7200,#7201,#7202,#7203,#7204,#7205,#7206,#7207,#7208,#7209,#7210,#7211,
#7212,#7213,#7214,#7215,#7216,#7217,#7218,#7219,#7220));
#1051=EDGE_LOOP('',(#7221));
#1052=EDGE_LOOP('',(#7222));
#1053=EDGE_LOOP('',(#7223,#7224,#7225,#7226,#7227,#7228,#7229,#7230,#7231,
#7232,#7233,#7234,#7235,#7236,#7237,#7238,#7239,#7240));
#1054=EDGE_LOOP('',(#7241));
#1055=EDGE_LOOP('',(#7242,#7243,#7244));
#1056=EDGE_LOOP('',(#7245,#7246,#7247));
#1057=EDGE_LOOP('',(#7248,#7249,#7250,#7251));
#1058=EDGE_LOOP('',(#7252,#7253,#7254));
#1059=EDGE_LOOP('',(#7255,#7256,#7257,#7258));
#1060=EDGE_LOOP('',(#7259,#7260,#7261,#7262));
#1061=EDGE_LOOP('',(#7263,#7264,#7265,#7266));
#1062=EDGE_LOOP('',(#7267,#7268,#7269,#7270));
#1063=EDGE_LOOP('',(#7271,#7272,#7273,#7274,#7275,#7276,#7277,#7278,#7279));
#1064=EDGE_LOOP('',(#7280,#7281));
#1065=EDGE_LOOP('',(#7282,#7283,#7284,#7285,#7286));
#1066=EDGE_LOOP('',(#7287,#7288,#7289,#7290,#7291));
#1067=EDGE_LOOP('',(#7292,#7293,#7294,#7295));
#1068=EDGE_LOOP('',(#7296,#7297,#7298,#7299,#7300,#7301,#7302,#7303,#7304));
#1069=EDGE_LOOP('',(#7305,#7306));
#1070=EDGE_LOOP('',(#7307,#7308,#7309,#7310,#7311));
#1071=EDGE_LOOP('',(#7312,#7313,#7314,#7315,#7316,#7317,#7318,#7319));
#1072=EDGE_LOOP('',(#7320,#7321,#7322));
#1073=EDGE_LOOP('',(#7323,#7324,#7325,#7326));
#1074=EDGE_LOOP('',(#7327,#7328,#7329));
#1075=EDGE_LOOP('',(#7330,#7331,#7332));
#1076=EDGE_LOOP('',(#7333,#7334,#7335,#7336));
#1077=EDGE_LOOP('',(#7337,#7338,#7339,#7340));
#1078=EDGE_LOOP('',(#7341,#7342,#7343,#7344));
#1079=EDGE_LOOP('',(#7345,#7346,#7347,#7348));
#1080=EDGE_LOOP('',(#7349,#7350,#7351,#7352,#7353,#7354,#7355,#7356,#7357));
#1081=EDGE_LOOP('',(#7358,#7359));
#1082=EDGE_LOOP('',(#7360,#7361,#7362,#7363));
#1083=EDGE_LOOP('',(#7364,#7365,#7366,#7367,#7368));
#1084=EDGE_LOOP('',(#7369,#7370,#7371));
#1085=EDGE_LOOP('',(#7372,#7373,#7374));
#1086=EDGE_LOOP('',(#7375,#7376,#7377,#7378));
#1087=EDGE_LOOP('',(#7379,#7380,#7381,#7382,#7383,#7384,#7385,#7386,#7387));
#1088=EDGE_LOOP('',(#7388,#7389,#7390));
#1089=EDGE_LOOP('',(#7391,#7392,#7393,#7394,#7395));
#1090=EDGE_LOOP('',(#7396,#7397,#7398));
#1091=EDGE_LOOP('',(#7399,#7400,#7401));
#1092=EDGE_LOOP('',(#7402,#7403,#7404,#7405,#7406,#7407,#7408,#7409,#7410,
#7411,#7412,#7413));
#1093=EDGE_LOOP('',(#7414,#7415,#7416,#7417,#7418,#7419,#7420,#7421,#7422,
#7423,#7424,#7425));
#1094=EDGE_LOOP('',(#7426,#7427,#7428,#7429,#7430,#7431,#7432));
#1095=EDGE_LOOP('',(#7433,#7434,#7435,#7436,#7437,#7438,#7439,#7440,#7441,
#7442,#7443,#7444));
#1096=EDGE_LOOP('',(#7445,#7446,#7447,#7448));
#1097=EDGE_LOOP('',(#7449,#7450,#7451,#7452));
#1098=EDGE_LOOP('',(#7453,#7454,#7455,#7456));
#1099=EDGE_LOOP('',(#7457,#7458,#7459,#7460));
#1100=EDGE_LOOP('',(#7461,#7462,#7463,#7464));
#1101=EDGE_LOOP('',(#7465,#7466,#7467,#7468));
#1102=EDGE_LOOP('',(#7469,#7470,#7471,#7472));
#1103=EDGE_LOOP('',(#7473,#7474,#7475,#7476));
#1104=EDGE_LOOP('',(#7477,#7478,#7479,#7480));
#1105=EDGE_LOOP('',(#7481,#7482,#7483,#7484));
#1106=EDGE_LOOP('',(#7485,#7486,#7487,#7488));
#1107=EDGE_LOOP('',(#7489,#7490,#7491,#7492));
#1108=EDGE_LOOP('',(#7493,#7494,#7495,#7496));
#1109=EDGE_LOOP('',(#7497,#7498,#7499,#7500));
#1110=EDGE_LOOP('',(#7501,#7502,#7503,#7504));
#1111=EDGE_LOOP('',(#7505,#7506,#7507,#7508));
#1112=EDGE_LOOP('',(#7509,#7510,#7511,#7512));
#1113=EDGE_LOOP('',(#7513,#7514,#7515,#7516));
#1114=EDGE_LOOP('',(#7517,#7518,#7519,#7520,#7521,#7522,#7523,#7524,#7525,
#7526,#7527,#7528));
#1115=EDGE_LOOP('',(#7529));
#1116=EDGE_LOOP('',(#7530));
#1117=EDGE_LOOP('',(#7531));
#1118=EDGE_LOOP('',(#7532,#7533,#7534,#7535,#7536,#7537,#7538,#7539,#7540,
#7541,#7542,#7543,#7544,#7545,#7546,#7547,#7548,#7549));
#1119=EDGE_LOOP('',(#7550,#7551,#7552,#7553));
#1120=EDGE_LOOP('',(#7554,#7555,#7556,#7557));
#1121=EDGE_LOOP('',(#7558,#7559,#7560,#7561));
#1122=EDGE_LOOP('',(#7562,#7563,#7564,#7565));
#1123=EDGE_LOOP('',(#7566,#7567,#7568,#7569));
#1124=EDGE_LOOP('',(#7570,#7571,#7572,#7573));
#1125=EDGE_LOOP('',(#7574,#7575,#7576,#7577));
#1126=EDGE_LOOP('',(#7578,#7579,#7580,#7581));
#1127=EDGE_LOOP('',(#7582,#7583,#7584,#7585));
#1128=EDGE_LOOP('',(#7586,#7587,#7588,#7589));
#1129=EDGE_LOOP('',(#7590,#7591,#7592,#7593));
#1130=EDGE_LOOP('',(#7594,#7595,#7596,#7597));
#1131=EDGE_LOOP('',(#7598,#7599,#7600,#7601));
#1132=EDGE_LOOP('',(#7602,#7603,#7604,#7605));
#1133=EDGE_LOOP('',(#7606,#7607,#7608,#7609));
#1134=EDGE_LOOP('',(#7610,#7611,#7612,#7613));
#1135=EDGE_LOOP('',(#7614,#7615,#7616,#7617));
#1136=EDGE_LOOP('',(#7618,#7619,#7620,#7621));
#1137=EDGE_LOOP('',(#7622,#7623,#7624,#7625));
#1138=EDGE_LOOP('',(#7626,#7627,#7628,#7629));
#1139=EDGE_LOOP('',(#7630,#7631,#7632,#7633));
#1140=EDGE_LOOP('',(#7634,#7635,#7636,#7637));
#1141=EDGE_LOOP('',(#7638,#7639,#7640,#7641));
#1142=EDGE_LOOP('',(#7642,#7643,#7644,#7645));
#1143=EDGE_LOOP('',(#7646,#7647,#7648,#7649));
#1144=EDGE_LOOP('',(#7650,#7651,#7652,#7653));
#1145=EDGE_LOOP('',(#7654,#7655,#7656,#7657));
#1146=EDGE_LOOP('',(#7658,#7659,#7660,#7661));
#1147=EDGE_LOOP('',(#7662,#7663,#7664,#7665));
#1148=EDGE_LOOP('',(#7666,#7667,#7668,#7669));
#1149=EDGE_LOOP('',(#7670,#7671,#7672,#7673));
#1150=EDGE_LOOP('',(#7674,#7675,#7676,#7677));
#1151=EDGE_LOOP('',(#7678,#7679,#7680,#7681));
#1152=EDGE_LOOP('',(#7682,#7683,#7684,#7685));
#1153=EDGE_LOOP('',(#7686,#7687,#7688,#7689));
#1154=EDGE_LOOP('',(#7690,#7691,#7692,#7693,#7694,#7695,#7696,#7697));
#1155=EDGE_LOOP('',(#7698,#7699,#7700,#7701,#7702,#7703,#7704,#7705));
#1156=EDGE_LOOP('',(#7706,#7707,#7708,#7709));
#1157=EDGE_LOOP('',(#7710,#7711,#7712,#7713));
#1158=EDGE_LOOP('',(#7714,#7715,#7716,#7717));
#1159=EDGE_LOOP('',(#7718,#7719,#7720,#7721));
#1160=EDGE_LOOP('',(#7722,#7723,#7724,#7725));
#1161=EDGE_LOOP('',(#7726,#7727,#7728,#7729,#7730,#7731,#7732,#7733));
#1162=EDGE_LOOP('',(#7734,#7735,#7736,#7737));
#1163=EDGE_LOOP('',(#7738,#7739,#7740,#7741));
#1164=EDGE_LOOP('',(#7742,#7743,#7744,#7745));
#1165=EDGE_LOOP('',(#7746,#7747,#7748,#7749));
#1166=EDGE_LOOP('',(#7750,#7751,#7752,#7753));
#1167=EDGE_LOOP('',(#7754,#7755,#7756,#7757));
#1168=EDGE_LOOP('',(#7758,#7759,#7760,#7761));
#1169=EDGE_LOOP('',(#7762,#7763,#7764,#7765));
#1170=EDGE_LOOP('',(#7766,#7767,#7768,#7769,#7770,#7771,#7772,#7773,#7774,
#7775,#7776,#7777,#7778,#7779,#7780,#7781,#7782,#7783,#7784,#7785));
#1171=EDGE_LOOP('',(#7786,#7787,#7788,#7789));
#1172=EDGE_LOOP('',(#7790,#7791,#7792,#7793,#7794,#7795,#7796,#7797));
#1173=EDGE_LOOP('',(#7798,#7799,#7800,#7801));
#1174=EDGE_LOOP('',(#7802,#7803,#7804,#7805,#7806,#7807,#7808,#7809));
#1175=EDGE_LOOP('',(#7810,#7811,#7812,#7813));
#1176=EDGE_LOOP('',(#7814,#7815,#7816,#7817));
#1177=EDGE_LOOP('',(#7818,#7819,#7820,#7821));
#1178=EDGE_LOOP('',(#7822,#7823,#7824,#7825));
#1179=EDGE_LOOP('',(#7826,#7827,#7828,#7829));
#1180=EDGE_LOOP('',(#7830,#7831,#7832,#7833));
#1181=EDGE_LOOP('',(#7834,#7835,#7836,#7837));
#1182=EDGE_LOOP('',(#7838,#7839,#7840,#7841));
#1183=EDGE_LOOP('',(#7842,#7843,#7844,#7845));
#1184=EDGE_LOOP('',(#7846,#7847,#7848,#7849));
#1185=EDGE_LOOP('',(#7850,#7851,#7852,#7853));
#1186=EDGE_LOOP('',(#7854,#7855,#7856,#7857));
#1187=EDGE_LOOP('',(#7858,#7859,#7860,#7861));
#1188=EDGE_LOOP('',(#7862,#7863,#7864,#7865));
#1189=EDGE_LOOP('',(#7866,#7867,#7868,#7869));
#1190=EDGE_LOOP('',(#7870,#7871,#7872,#7873));
#1191=EDGE_LOOP('',(#7874,#7875,#7876,#7877));
#1192=EDGE_LOOP('',(#7878,#7879,#7880,#7881));
#1193=EDGE_LOOP('',(#7882,#7883,#7884,#7885));
#1194=EDGE_LOOP('',(#7886,#7887,#7888,#7889));
#1195=EDGE_LOOP('',(#7890,#7891,#7892,#7893));
#1196=EDGE_LOOP('',(#7894,#7895,#7896,#7897));
#1197=EDGE_LOOP('',(#7898,#7899,#7900,#7901));
#1198=LINE('',#11496,#2280);
#1199=LINE('',#11498,#2281);
#1200=LINE('',#11500,#2282);
#1201=LINE('',#11501,#2283);
#1202=LINE('',#11504,#2284);
#1203=LINE('',#11506,#2285);
#1204=LINE('',#11507,#2286);
#1205=LINE('',#11510,#2287);
#1206=LINE('',#11512,#2288);
#1207=LINE('',#11513,#2289);
#1208=LINE('',#11516,#2290);
#1209=LINE('',#11518,#2291);
#1210=LINE('',#11519,#2292);
#1211=LINE('',#11523,#2293);
#1212=LINE('',#11525,#2294);
#1213=LINE('',#11527,#2295);
#1214=LINE('',#11528,#2296);
#1215=LINE('',#11530,#2297);
#1216=LINE('',#11531,#2298);
#1217=LINE('',#11534,#2299);
#1218=LINE('',#11536,#2300);
#1219=LINE('',#11537,#2301);
#1220=LINE('',#11540,#2302);
#1221=LINE('',#11542,#2303);
#1222=LINE('',#11543,#2304);
#1223=LINE('',#11546,#2305);
#1224=LINE('',#11548,#2306);
#1225=LINE('',#11549,#2307);
#1226=LINE('',#11552,#2308);
#1227=LINE('',#11554,#2309);
#1228=LINE('',#11555,#2310);
#1229=LINE('',#11558,#2311);
#1230=LINE('',#11560,#2312);
#1231=LINE('',#11561,#2313);
#1232=LINE('',#11563,#2314);
#1233=LINE('',#11564,#2315);
#1234=LINE('',#11567,#2316);
#1235=LINE('',#11569,#2317);
#1236=LINE('',#11570,#2318);
#1237=LINE('',#11573,#2319);
#1238=LINE('',#11574,#2320);
#1239=LINE('',#11577,#2321);
#1240=LINE('',#11578,#2322);
#1241=LINE('',#11581,#2323);
#1242=LINE('',#11582,#2324);
#1243=LINE('',#11585,#2325);
#1244=LINE('',#11586,#2326);
#1245=LINE('',#11589,#2327);
#1246=LINE('',#11590,#2328);
#1247=LINE('',#11596,#2329);
#1248=LINE('',#11598,#2330);
#1249=LINE('',#11600,#2331);
#1250=LINE('',#11604,#2332);
#1251=LINE('',#11606,#2333);
#1252=LINE('',#11608,#2334);
#1253=LINE('',#11612,#2335);
#1254=LINE('',#11614,#2336);
#1255=LINE('',#11616,#2337);
#1256=LINE('',#11618,#2338);
#1257=LINE('',#11620,#2339);
#1258=LINE('',#11622,#2340);
#1259=LINE('',#11624,#2341);
#1260=LINE('',#11626,#2342);
#1261=LINE('',#11630,#2343);
#1262=LINE('',#11632,#2344);
#1263=LINE('',#11634,#2345);
#1264=LINE('',#11636,#2346);
#1265=LINE('',#11638,#2347);
#1266=LINE('',#11639,#2348);
#1267=LINE('',#11642,#2349);
#1268=LINE('',#11644,#2350);
#1269=LINE('',#11646,#2351);
#1270=LINE('',#11648,#2352);
#1271=LINE('',#11664,#2353);
#1272=LINE('',#11666,#2354);
#1273=LINE('',#11668,#2355);
#1274=LINE('',#11669,#2356);
#1275=LINE('',#11674,#2357);
#1276=LINE('',#11676,#2358);
#1277=LINE('',#11678,#2359);
#1278=LINE('',#11679,#2360);
#1279=LINE('',#11682,#2361);
#1280=LINE('',#11684,#2362);
#1281=LINE('',#11686,#2363);
#1282=LINE('',#11688,#2364);
#1283=LINE('',#11690,#2365);
#1284=LINE('',#11694,#2366);
#1285=LINE('',#11696,#2367);
#1286=LINE('',#11698,#2368);
#1287=LINE('',#11700,#2369);
#1288=LINE('',#11706,#2370);
#1289=LINE('',#11708,#2371);
#1290=LINE('',#11710,#2372);
#1291=LINE('',#11711,#2373);
#1292=LINE('',#11716,#2374);
#1293=LINE('',#11718,#2375);
#1294=LINE('',#11720,#2376);
#1295=LINE('',#11722,#2377);
#1296=LINE('',#11723,#2378);
#1297=LINE('',#11728,#2379);
#1298=LINE('',#11730,#2380);
#1299=LINE('',#11732,#2381);
#1300=LINE('',#11734,#2382);
#1301=LINE('',#11735,#2383);
#1302=LINE('',#11738,#2384);
#1303=LINE('',#11740,#2385);
#1304=LINE('',#11742,#2386);
#1305=LINE('',#11744,#2387);
#1306=LINE('',#11752,#2388);
#1307=LINE('',#11754,#2389);
#1308=LINE('',#11756,#2390);
#1309=LINE('',#11757,#2391);
#1310=LINE('',#11760,#2392);
#1311=LINE('',#11762,#2393);
#1312=LINE('',#11764,#2394);
#1313=LINE('',#11766,#2395);
#1314=LINE('',#11768,#2396);
#1315=LINE('',#11769,#2397);
#1316=LINE('',#11772,#2398);
#1317=LINE('',#11774,#2399);
#1318=LINE('',#11776,#2400);
#1319=LINE('',#11777,#2401);
#1320=LINE('',#11782,#2402);
#1321=LINE('',#11784,#2403);
#1322=LINE('',#11786,#2404);
#1323=LINE('',#11788,#2405);
#1324=LINE('',#11789,#2406);
#1325=LINE('',#11793,#2407);
#1326=LINE('',#11794,#2408);
#1327=LINE('',#11795,#2409);
#1328=LINE('',#11798,#2410);
#1329=LINE('',#11800,#2411);
#1330=LINE('',#11801,#2412);
#1331=LINE('',#11804,#2413);
#1332=LINE('',#11806,#2414);
#1333=LINE('',#11807,#2415);
#1334=LINE('',#11810,#2416);
#1335=LINE('',#11812,#2417);
#1336=LINE('',#11813,#2418);
#1337=LINE('',#11816,#2419);
#1338=LINE('',#11818,#2420);
#1339=LINE('',#11819,#2421);
#1340=LINE('',#11822,#2422);
#1341=LINE('',#11824,#2423);
#1342=LINE('',#11825,#2424);
#1343=LINE('',#11828,#2425);
#1344=LINE('',#11829,#2426);
#1345=LINE('',#11830,#2427);
#1346=LINE('',#11833,#2428);
#1347=LINE('',#11834,#2429);
#1348=LINE('',#11837,#2430);
#1349=LINE('',#11838,#2431);
#1350=LINE('',#11841,#2432);
#1351=LINE('',#11842,#2433);
#1352=LINE('',#11845,#2434);
#1353=LINE('',#11846,#2435);
#1354=LINE('',#11848,#2436);
#1355=LINE('',#11852,#2437);
#1356=LINE('',#11854,#2438);
#1357=LINE('',#11856,#2439);
#1358=LINE('',#11858,#2440);
#1359=LINE('',#11860,#2441);
#1360=LINE('',#11862,#2442);
#1361=LINE('',#11864,#2443);
#1362=LINE('',#11866,#2444);
#1363=LINE('',#11868,#2445);
#1364=LINE('',#11870,#2446);
#1365=LINE('',#11872,#2447);
#1366=LINE('',#11873,#2448);
#1367=LINE('',#11876,#2449);
#1368=LINE('',#11878,#2450);
#1369=LINE('',#11879,#2451);
#1370=LINE('',#11882,#2452);
#1371=LINE('',#11885,#2453);
#1372=LINE('',#11888,#2454);
#1373=LINE('',#11890,#2455);
#1374=LINE('',#11892,#2456);
#1375=LINE('',#11894,#2457);
#1376=LINE('',#11895,#2458);
#1377=LINE('',#11899,#2459);
#1378=LINE('',#11901,#2460);
#1379=LINE('',#11909,#2461);
#1380=LINE('',#11913,#2462);
#1381=LINE('',#11915,#2463);
#1382=LINE('',#11919,#2464);
#1383=LINE('',#11921,#2465);
#1384=LINE('',#11923,#2466);
#1385=LINE('',#11927,#2467);
#1386=LINE('',#11929,#2468);
#1387=LINE('',#11931,#2469);
#1388=LINE('',#11934,#2470);
#1389=LINE('',#11938,#2471);
#1390=LINE('',#11940,#2472);
#1391=LINE('',#11942,#2473);
#1392=LINE('',#11944,#2474);
#1393=LINE('',#11946,#2475);
#1394=LINE('',#11948,#2476);
#1395=LINE('',#11950,#2477);
#1396=LINE('',#11959,#2478);
#1397=LINE('',#11960,#2479);
#1398=LINE('',#11963,#2480);
#1399=LINE('',#11965,#2481);
#1400=LINE('',#11966,#2482);
#1401=LINE('',#11970,#2483);
#1402=LINE('',#11972,#2484);
#1403=LINE('',#11980,#2485);
#1404=LINE('',#11984,#2486);
#1405=LINE('',#11986,#2487);
#1406=LINE('',#11988,#2488);
#1407=LINE('',#11997,#2489);
#1408=LINE('',#11999,#2490);
#1409=LINE('',#12001,#2491);
#1410=LINE('',#12003,#2492);
#1411=LINE('',#12005,#2493);
#1412=LINE('',#12006,#2494);
#1413=LINE('',#12010,#2495);
#1414=LINE('',#12012,#2496);
#1415=LINE('',#12016,#2497);
#1416=LINE('',#12018,#2498);
#1417=LINE('',#12020,#2499);
#1418=LINE('',#12022,#2500);
#1419=LINE('',#12024,#2501);
#1420=LINE('',#12026,#2502);
#1421=LINE('',#12027,#2503);
#1422=LINE('',#12031,#2504);
#1423=LINE('',#12033,#2505);
#1424=LINE('',#12041,#2506);
#1425=LINE('',#12045,#2507);
#1426=LINE('',#12047,#2508);
#1427=LINE('',#12049,#2509);
#1428=LINE('',#12050,#2510);
#1429=LINE('',#12054,#2511);
#1430=LINE('',#12056,#2512);
#1431=LINE('',#12058,#2513);
#1432=LINE('',#12067,#2514);
#1433=LINE('',#12069,#2515);
#1434=LINE('',#12071,#2516);
#1435=LINE('',#12073,#2517);
#1436=LINE('',#12076,#2518);
#1437=LINE('',#12080,#2519);
#1438=LINE('',#12082,#2520);
#1439=LINE('',#12084,#2521);
#1440=LINE('',#12085,#2522);
#1441=LINE('',#12089,#2523);
#1442=LINE('',#12091,#2524);
#1443=LINE('',#12093,#2525);
#1444=LINE('',#12094,#2526);
#1445=LINE('',#12097,#2527);
#1446=LINE('',#12099,#2528);
#1447=LINE('',#12100,#2529);
#1448=LINE('',#12102,#2530);
#1449=LINE('',#12103,#2531);
#1450=LINE('',#12150,#2532);
#1451=LINE('',#12151,#2533);
#1452=LINE('',#12152,#2534);
#1453=LINE('',#12155,#2535);
#1454=LINE('',#12157,#2536);
#1455=LINE('',#12158,#2537);
#1456=LINE('',#12161,#2538);
#1457=LINE('',#12162,#2539);
#1458=LINE('',#12163,#2540);
#1459=LINE('',#12166,#2541);
#1460=LINE('',#12168,#2542);
#1461=LINE('',#12169,#2543);
#1462=LINE('',#12172,#2544);
#1463=LINE('',#12173,#2545);
#1464=LINE('',#12174,#2546);
#1465=LINE('',#12221,#2547);
#1466=LINE('',#12222,#2548);
#1467=LINE('',#12223,#2549);
#1468=LINE('',#12226,#2550);
#1469=LINE('',#12227,#2551);
#1470=LINE('',#12274,#2552);
#1471=LINE('',#12275,#2553);
#1472=LINE('',#12276,#2554);
#1473=LINE('',#12279,#2555);
#1474=LINE('',#12281,#2556);
#1475=LINE('',#12282,#2557);
#1476=LINE('',#12285,#2558);
#1477=LINE('',#12286,#2559);
#1478=LINE('',#12287,#2560);
#1479=LINE('',#12334,#2561);
#1480=LINE('',#12335,#2562);
#1481=LINE('',#12336,#2563);
#1482=LINE('',#12383,#2564);
#1483=LINE('',#12384,#2565);
#1484=LINE('',#12385,#2566);
#1485=LINE('',#12431,#2567);
#1486=LINE('',#12433,#2568);
#1487=LINE('',#12434,#2569);
#1488=LINE('',#12437,#2570);
#1489=LINE('',#12442,#2571);
#1490=LINE('',#12445,#2572);
#1491=LINE('',#12450,#2573);
#1492=LINE('',#12453,#2574);
#1493=LINE('',#12456,#2575);
#1494=LINE('',#12459,#2576);
#1495=LINE('',#12462,#2577);
#1496=LINE('',#12467,#2578);
#1497=LINE('',#12470,#2579);
#1498=LINE('',#12481,#2580);
#1499=LINE('',#12482,#2581);
#1500=LINE('',#12484,#2582);
#1501=LINE('',#12485,#2583);
#1502=LINE('',#12487,#2584);
#1503=LINE('',#12488,#2585);
#1504=LINE('',#12491,#2586);
#1505=LINE('',#12492,#2587);
#1506=LINE('',#12493,#2588);
#1507=LINE('',#12494,#2589);
#1508=LINE('',#12495,#2590);
#1509=LINE('',#12496,#2591);
#1510=LINE('',#12497,#2592);
#1511=LINE('',#12499,#2593);
#1512=LINE('',#12501,#2594);
#1513=LINE('',#12502,#2595);
#1514=LINE('',#12503,#2596);
#1515=LINE('',#12504,#2597);
#1516=LINE('',#12505,#2598);
#1517=LINE('',#12506,#2599);
#1518=LINE('',#12509,#2600);
#1519=LINE('',#12510,#2601);
#1520=LINE('',#12512,#2602);
#1521=LINE('',#12513,#2603);
#1522=LINE('',#12515,#2604);
#1523=LINE('',#12517,#2605);
#1524=LINE('',#12519,#2606);
#1525=LINE('',#12520,#2607);
#1526=LINE('',#12521,#2608);
#1527=LINE('',#12523,#2609);
#1528=LINE('',#12526,#2610);
#1529=LINE('',#12528,#2611);
#1530=LINE('',#12530,#2612);
#1531=LINE('',#12532,#2613);
#1532=LINE('',#12534,#2614);
#1533=LINE('',#12536,#2615);
#1534=LINE('',#12538,#2616);
#1535=LINE('',#12539,#2617);
#1536=LINE('',#12540,#2618);
#1537=LINE('',#12541,#2619);
#1538=LINE('',#12542,#2620);
#1539=LINE('',#12543,#2621);
#1540=LINE('',#12545,#2622);
#1541=LINE('',#12548,#2623);
#1542=LINE('',#12549,#2624);
#1543=LINE('',#12551,#2625);
#1544=LINE('',#12552,#2626);
#1545=LINE('',#12555,#2627);
#1546=LINE('',#12558,#2628);
#1547=LINE('',#12559,#2629);
#1548=LINE('',#12564,#2630);
#1549=LINE('',#12566,#2631);
#1550=LINE('',#12567,#2632);
#1551=LINE('',#12571,#2633);
#1552=LINE('',#12575,#2634);
#1553=LINE('',#12578,#2635);
#1554=LINE('',#12579,#2636);
#1555=LINE('',#12583,#2637);
#1556=LINE('',#12584,#2638);
#1557=LINE('',#12588,#2639);
#1558=LINE('',#12589,#2640);
#1559=LINE('',#12591,#2641);
#1560=LINE('',#12593,#2642);
#1561=LINE('',#12596,#2643);
#1562=LINE('',#12598,#2644);
#1563=LINE('',#12600,#2645);
#1564=LINE('',#12602,#2646);
#1565=LINE('',#12605,#2647);
#1566=LINE('',#12607,#2648);
#1567=LINE('',#12608,#2649);
#1568=LINE('',#12609,#2650);
#1569=LINE('',#12611,#2651);
#1570=LINE('',#12613,#2652);
#1571=LINE('',#12616,#2653);
#1572=LINE('',#12620,#2654);
#1573=LINE('',#12622,#2655);
#1574=LINE('',#12624,#2656);
#1575=LINE('',#12627,#2657);
#1576=LINE('',#12629,#2658);
#1577=LINE('',#12631,#2659);
#1578=LINE('',#12633,#2660);
#1579=LINE('',#12635,#2661);
#1580=LINE('',#12641,#2662);
#1581=LINE('',#12643,#2663);
#1582=LINE('',#12645,#2664);
#1583=LINE('',#12646,#2665);
#1584=LINE('',#12649,#2666);
#1585=LINE('',#12651,#2667);
#1586=LINE('',#12652,#2668);
#1587=LINE('',#12655,#2669);
#1588=LINE('',#12657,#2670);
#1589=LINE('',#12658,#2671);
#1590=LINE('',#12661,#2672);
#1591=LINE('',#12663,#2673);
#1592=LINE('',#12664,#2674);
#1593=LINE('',#12667,#2675);
#1594=LINE('',#12669,#2676);
#1595=LINE('',#12670,#2677);
#1596=LINE('',#12673,#2678);
#1597=LINE('',#12675,#2679);
#1598=LINE('',#12676,#2680);
#1599=LINE('',#12679,#2681);
#1600=LINE('',#12681,#2682);
#1601=LINE('',#12682,#2683);
#1602=LINE('',#12685,#2684);
#1603=LINE('',#12687,#2685);
#1604=LINE('',#12688,#2686);
#1605=LINE('',#12691,#2687);
#1606=LINE('',#12693,#2688);
#1607=LINE('',#12694,#2689);
#1608=LINE('',#12697,#2690);
#1609=LINE('',#12699,#2691);
#1610=LINE('',#12700,#2692);
#1611=LINE('',#12703,#2693);
#1612=LINE('',#12705,#2694);
#1613=LINE('',#12706,#2695);
#1614=LINE('',#12708,#2696);
#1615=LINE('',#12709,#2697);
#1616=LINE('',#12712,#2698);
#1617=LINE('',#12714,#2699);
#1618=LINE('',#12715,#2700);
#1619=LINE('',#12718,#2701);
#1620=LINE('',#12719,#2702);
#1621=LINE('',#12722,#2703);
#1622=LINE('',#12723,#2704);
#1623=LINE('',#12726,#2705);
#1624=LINE('',#12727,#2706);
#1625=LINE('',#12730,#2707);
#1626=LINE('',#12731,#2708);
#1627=LINE('',#12734,#2709);
#1628=LINE('',#12735,#2710);
#1629=LINE('',#12739,#2711);
#1630=LINE('',#12741,#2712);
#1631=LINE('',#12743,#2713);
#1632=LINE('',#12745,#2714);
#1633=LINE('',#12747,#2715);
#1634=LINE('',#12749,#2716);
#1635=LINE('',#12751,#2717);
#1636=LINE('',#12753,#2718);
#1637=LINE('',#12755,#2719);
#1638=LINE('',#12757,#2720);
#1639=LINE('',#12759,#2721);
#1640=LINE('',#12760,#2722);
#1641=LINE('',#12764,#2723);
#1642=LINE('',#12766,#2724);
#1643=LINE('',#12768,#2725);
#1644=LINE('',#12769,#2726);
#1645=LINE('',#12772,#2727);
#1646=LINE('',#12775,#2728);
#1647=LINE('',#12778,#2729);
#1648=LINE('',#12780,#2730);
#1649=LINE('',#12782,#2731);
#1650=LINE('',#12784,#2732);
#1651=LINE('',#12785,#2733);
#1652=LINE('',#12789,#2734);
#1653=LINE('',#12791,#2735);
#1654=LINE('',#12793,#2736);
#1655=LINE('',#12794,#2737);
#1656=LINE('',#12797,#2738);
#1657=LINE('',#12799,#2739);
#1658=LINE('',#12801,#2740);
#1659=LINE('',#12803,#2741);
#1660=LINE('',#12805,#2742);
#1661=LINE('',#12807,#2743);
#1662=LINE('',#12809,#2744);
#1663=LINE('',#12811,#2745);
#1664=LINE('',#12813,#2746);
#1665=LINE('',#12815,#2747);
#1666=LINE('',#12817,#2748);
#1667=LINE('',#12818,#2749);
#1668=LINE('',#12820,#2750);
#1669=LINE('',#12821,#2751);
#1670=LINE('',#12825,#2752);
#1671=LINE('',#12827,#2753);
#1672=LINE('',#12829,#2754);
#1673=LINE('',#12830,#2755);
#1674=LINE('',#12833,#2756);
#1675=LINE('',#12835,#2757);
#1676=LINE('',#12837,#2758);
#1677=LINE('',#12838,#2759);
#1678=LINE('',#12840,#2760);
#1679=LINE('',#12842,#2761);
#1680=LINE('',#12844,#2762);
#1681=LINE('',#12846,#2763);
#1682=LINE('',#12848,#2764);
#1683=LINE('',#12850,#2765);
#1684=LINE('',#12852,#2766);
#1685=LINE('',#12854,#2767);
#1686=LINE('',#12856,#2768);
#1687=LINE('',#12857,#2769);
#1688=LINE('',#12860,#2770);
#1689=LINE('',#12862,#2771);
#1690=LINE('',#12863,#2772);
#1691=LINE('',#12866,#2773);
#1692=LINE('',#12868,#2774);
#1693=LINE('',#12869,#2775);
#1694=LINE('',#12873,#2776);
#1695=LINE('',#12875,#2777);
#1696=LINE('',#12877,#2778);
#1697=LINE('',#12878,#2779);
#1698=LINE('',#12881,#2780);
#1699=LINE('',#12883,#2781);
#1700=LINE('',#12885,#2782);
#1701=LINE('',#12886,#2783);
#1702=LINE('',#12888,#2784);
#1703=LINE('',#12890,#2785);
#1704=LINE('',#12892,#2786);
#1705=LINE('',#12894,#2787);
#1706=LINE('',#12896,#2788);
#1707=LINE('',#12898,#2789);
#1708=LINE('',#12900,#2790);
#1709=LINE('',#12901,#2791);
#1710=LINE('',#12902,#2792);
#1711=LINE('',#12905,#2793);
#1712=LINE('',#12906,#2794);
#1713=LINE('',#12909,#2795);
#1714=LINE('',#12911,#2796);
#1715=LINE('',#12912,#2797);
#1716=LINE('',#12916,#2798);
#1717=LINE('',#12918,#2799);
#1718=LINE('',#12920,#2800);
#1719=LINE('',#12921,#2801);
#1720=LINE('',#12924,#2802);
#1721=LINE('',#12926,#2803);
#1722=LINE('',#12928,#2804);
#1723=LINE('',#12929,#2805);
#1724=LINE('',#12931,#2806);
#1725=LINE('',#12933,#2807);
#1726=LINE('',#12935,#2808);
#1727=LINE('',#12937,#2809);
#1728=LINE('',#12939,#2810);
#1729=LINE('',#12941,#2811);
#1730=LINE('',#12943,#2812);
#1731=LINE('',#12945,#2813);
#1732=LINE('',#12947,#2814);
#1733=LINE('',#12948,#2815);
#1734=LINE('',#12951,#2816);
#1735=LINE('',#12953,#2817);
#1736=LINE('',#12954,#2818);
#1737=LINE('',#12957,#2819);
#1738=LINE('',#12959,#2820);
#1739=LINE('',#12960,#2821);
#1740=LINE('',#12964,#2822);
#1741=LINE('',#12966,#2823);
#1742=LINE('',#12968,#2824);
#1743=LINE('',#12969,#2825);
#1744=LINE('',#12972,#2826);
#1745=LINE('',#12974,#2827);
#1746=LINE('',#12976,#2828);
#1747=LINE('',#12977,#2829);
#1748=LINE('',#12979,#2830);
#1749=LINE('',#12981,#2831);
#1750=LINE('',#12983,#2832);
#1751=LINE('',#12985,#2833);
#1752=LINE('',#12987,#2834);
#1753=LINE('',#12989,#2835);
#1754=LINE('',#12991,#2836);
#1755=LINE('',#12993,#2837);
#1756=LINE('',#12995,#2838);
#1757=LINE('',#12996,#2839);
#1758=LINE('',#12999,#2840);
#1759=LINE('',#13001,#2841);
#1760=LINE('',#13002,#2842);
#1761=LINE('',#13005,#2843);
#1762=LINE('',#13007,#2844);
#1763=LINE('',#13008,#2845);
#1764=LINE('',#13012,#2846);
#1765=LINE('',#13014,#2847);
#1766=LINE('',#13016,#2848);
#1767=LINE('',#13017,#2849);
#1768=LINE('',#13019,#2850);
#1769=LINE('',#13020,#2851);
#1770=LINE('',#13024,#2852);
#1771=LINE('',#13026,#2853);
#1772=LINE('',#13028,#2854);
#1773=LINE('',#13029,#2855);
#1774=LINE('',#13032,#2856);
#1775=LINE('',#13034,#2857);
#1776=LINE('',#13035,#2858);
#1777=LINE('',#13037,#2859);
#1778=LINE('',#13039,#2860);
#1779=LINE('',#13041,#2861);
#1780=LINE('',#13043,#2862);
#1781=LINE('',#13045,#2863);
#1782=LINE('',#13047,#2864);
#1783=LINE('',#13048,#2865);
#1784=LINE('',#13050,#2866);
#1785=LINE('',#13052,#2867);
#1786=LINE('',#13053,#2868);
#1787=LINE('',#13056,#2869);
#1788=LINE('',#13058,#2870);
#1789=LINE('',#13059,#2871);
#1790=LINE('',#13062,#2872);
#1791=LINE('',#13064,#2873);
#1792=LINE('',#13065,#2874);
#1793=LINE('',#13068,#2875);
#1794=LINE('',#13070,#2876);
#1795=LINE('',#13071,#2877);
#1796=LINE('',#13074,#2878);
#1797=LINE('',#13077,#2879);
#1798=LINE('',#13079,#2880);
#1799=LINE('',#13083,#2881);
#1800=LINE('',#13085,#2882);
#1801=LINE('',#13087,#2883);
#1802=LINE('',#13090,#2884);
#1803=LINE('',#13093,#2885);
#1804=LINE('',#13095,#2886);
#1805=LINE('',#13096,#2887);
#1806=LINE('',#13098,#2888);
#1807=LINE('',#13100,#2889);
#1808=LINE('',#13103,#2890);
#1809=LINE('',#13105,#2891);
#1810=LINE('',#13108,#2892);
#1811=LINE('',#13114,#2893);
#1812=LINE('',#13115,#2894);
#1813=LINE('',#13117,#2895);
#1814=LINE('',#13119,#2896);
#1815=LINE('',#13120,#2897);
#1816=LINE('',#13122,#2898);
#1817=LINE('',#13124,#2899);
#1818=LINE('',#13127,#2900);
#1819=LINE('',#13129,#2901);
#1820=LINE('',#13135,#2902);
#1821=LINE('',#13136,#2903);
#1822=LINE('',#13138,#2904);
#1823=LINE('',#13141,#2905);
#1824=LINE('',#13143,#2906);
#1825=LINE('',#13145,#2907);
#1826=LINE('',#13148,#2908);
#1827=LINE('',#13150,#2909);
#1828=LINE('',#13153,#2910);
#1829=LINE('',#13155,#2911);
#1830=LINE('',#13159,#2912);
#1831=LINE('',#13160,#2913);
#1832=LINE('',#13162,#2914);
#1833=LINE('',#13165,#2915);
#1834=LINE('',#13167,#2916);
#1835=LINE('',#13169,#2917);
#1836=LINE('',#13172,#2918);
#1837=LINE('',#13174,#2919);
#1838=LINE('',#13180,#2920);
#1839=LINE('',#13181,#2921);
#1840=LINE('',#13192,#2922);
#1841=LINE('',#13193,#2923);
#1842=LINE('',#13195,#2924);
#1843=LINE('',#13198,#2925);
#1844=LINE('',#13199,#2926);
#1845=LINE('',#13204,#2927);
#1846=LINE('',#13205,#2928);
#1847=LINE('',#13207,#2929);
#1848=LINE('',#13210,#2930);
#1849=LINE('',#13211,#2931);
#1850=LINE('',#13218,#2932);
#1851=LINE('',#13219,#2933);
#1852=LINE('',#13223,#2934);
#1853=LINE('',#13227,#2935);
#1854=LINE('',#13233,#2936);
#1855=LINE('',#13234,#2937);
#1856=LINE('',#13235,#2938);
#1857=LINE('',#13237,#2939);
#1858=LINE('',#13240,#2940);
#1859=LINE('',#13241,#2941);
#1860=LINE('',#13247,#2942);
#1861=LINE('',#13248,#2943);
#1862=LINE('',#13249,#2944);
#1863=LINE('',#13253,#2945);
#1864=LINE('',#13255,#2946);
#1865=LINE('',#13258,#2947);
#1866=LINE('',#13259,#2948);
#1867=LINE('',#13262,#2949);
#1868=LINE('',#13263,#2950);
#1869=LINE('',#13267,#2951);
#1870=LINE('',#13270,#2952);
#1871=LINE('',#13271,#2953);
#1872=LINE('',#13273,#2954);
#1873=LINE('',#13275,#2955);
#1874=LINE('',#13278,#2956);
#1875=LINE('',#13279,#2957);
#1876=LINE('',#13282,#2958);
#1877=LINE('',#13283,#2959);
#1878=LINE('',#13285,#2960);
#1879=LINE('',#13288,#2961);
#1880=LINE('',#13289,#2962);
#1881=LINE('',#13292,#2963);
#1882=LINE('',#13293,#2964);
#1883=LINE('',#13297,#2965);
#1884=LINE('',#13301,#2966);
#1885=LINE('',#13303,#2967);
#1886=LINE('',#13306,#2968);
#1887=LINE('',#13307,#2969);
#1888=LINE('',#13309,#2970);
#1889=LINE('',#13312,#2971);
#1890=LINE('',#13313,#2972);
#1891=LINE('',#13318,#2973);
#1892=LINE('',#13319,#2974);
#1893=LINE('',#13322,#2975);
#1894=LINE('',#13323,#2976);
#1895=LINE('',#13327,#2977);
#1896=LINE('',#13330,#2978);
#1897=LINE('',#13332,#2979);
#1898=LINE('',#13336,#2980);
#1899=LINE('',#13337,#2981);
#1900=LINE('',#13338,#2982);
#1901=LINE('',#13340,#2983);
#1902=LINE('',#13343,#2984);
#1903=LINE('',#13344,#2985);
#1904=LINE('',#13348,#2986);
#1905=LINE('',#13351,#2987);
#1906=LINE('',#13352,#2988);
#1907=LINE('',#13356,#2989);
#1908=LINE('',#13358,#2990);
#1909=LINE('',#13360,#2991);
#1910=LINE('',#13362,#2992);
#1911=LINE('',#13365,#2993);
#1912=LINE('',#13366,#2994);
#1913=LINE('',#13369,#2995);
#1914=LINE('',#13370,#2996);
#1915=LINE('',#13374,#2997);
#1916=LINE('',#13378,#2998);
#1917=LINE('',#13380,#2999);
#1918=LINE('',#13383,#3000);
#1919=LINE('',#13384,#3001);
#1920=LINE('',#13387,#3002);
#1921=LINE('',#13388,#3003);
#1922=LINE('',#13392,#3004);
#1923=LINE('',#13394,#3005);
#1924=LINE('',#13398,#3006);
#1925=LINE('',#13399,#3007);
#1926=LINE('',#13400,#3008);
#1927=LINE('',#13402,#3009);
#1928=LINE('',#13405,#3010);
#1929=LINE('',#13406,#3011);
#1930=LINE('',#13410,#3012);
#1931=LINE('',#13413,#3013);
#1932=LINE('',#13414,#3014);
#1933=LINE('',#13417,#3015);
#1934=LINE('',#13418,#3016);
#1935=LINE('',#13420,#3017);
#1936=LINE('',#13424,#3018);
#1937=LINE('',#13425,#3019);
#1938=LINE('',#13426,#3020);
#1939=LINE('',#13428,#3021);
#1940=LINE('',#13431,#3022);
#1941=LINE('',#13432,#3023);
#1942=LINE('',#13437,#3024);
#1943=LINE('',#13438,#3025);
#1944=LINE('',#13441,#3026);
#1945=LINE('',#13442,#3027);
#1946=LINE('',#13445,#3028);
#1947=LINE('',#13446,#3029);
#1948=LINE('',#13449,#3030);
#1949=LINE('',#13450,#3031);
#1950=LINE('',#13453,#3032);
#1951=LINE('',#13454,#3033);
#1952=LINE('',#13456,#3034);
#1953=LINE('',#13462,#3035);
#1954=LINE('',#13464,#3036);
#1955=LINE('',#13466,#3037);
#1956=LINE('',#13468,#3038);
#1957=LINE('',#13470,#3039);
#1958=LINE('',#13472,#3040);
#1959=LINE('',#13474,#3041);
#1960=LINE('',#13476,#3042);
#1961=LINE('',#13477,#3043);
#1962=LINE('',#13482,#3044);
#1963=LINE('',#13484,#3045);
#1964=LINE('',#13488,#3046);
#1965=LINE('',#13490,#3047);
#1966=LINE('',#13491,#3048);
#1967=LINE('',#13498,#3049);
#1968=LINE('',#13499,#3050);
#1969=LINE('',#13502,#3051);
#1970=LINE('',#13504,#3052);
#1971=LINE('',#13505,#3053);
#1972=LINE('',#13507,#3054);
#1973=LINE('',#13509,#3055);
#1974=LINE('',#13510,#3056);
#1975=LINE('',#13515,#3057);
#1976=LINE('',#13516,#3058);
#1977=LINE('',#13525,#3059);
#1978=LINE('',#13530,#3060);
#1979=LINE('',#13532,#3061);
#1980=LINE('',#13534,#3062);
#1981=LINE('',#13536,#3063);
#1982=LINE('',#13538,#3064);
#1983=LINE('',#13540,#3065);
#1984=LINE('',#13542,#3066);
#1985=LINE('',#13544,#3067);
#1986=LINE('',#13546,#3068);
#1987=LINE('',#13548,#3069);
#1988=LINE('',#13550,#3070);
#1989=LINE('',#13552,#3071);
#1990=LINE('',#13554,#3072);
#1991=LINE('',#13556,#3073);
#1992=LINE('',#13558,#3074);
#1993=LINE('',#13560,#3075);
#1994=LINE('',#13562,#3076);
#1995=LINE('',#13564,#3077);
#1996=LINE('',#13566,#3078);
#1997=LINE('',#13568,#3079);
#1998=LINE('',#13570,#3080);
#1999=LINE('',#13572,#3081);
#2000=LINE('',#13574,#3082);
#2001=LINE('',#13576,#3083);
#2002=LINE('',#13578,#3084);
#2003=LINE('',#13580,#3085);
#2004=LINE('',#13582,#3086);
#2005=LINE('',#13584,#3087);
#2006=LINE('',#13586,#3088);
#2007=LINE('',#13587,#3089);
#2008=LINE('',#13594,#3090);
#2009=LINE('',#13596,#3091);
#2010=LINE('',#13598,#3092);
#2011=LINE('',#13600,#3093);
#2012=LINE('',#13602,#3094);
#2013=LINE('',#13604,#3095);
#2014=LINE('',#13606,#3096);
#2015=LINE('',#13608,#3097);
#2016=LINE('',#13610,#3098);
#2017=LINE('',#13612,#3099);
#2018=LINE('',#13614,#3100);
#2019=LINE('',#13616,#3101);
#2020=LINE('',#13618,#3102);
#2021=LINE('',#13620,#3103);
#2022=LINE('',#13622,#3104);
#2023=LINE('',#13624,#3105);
#2024=LINE('',#13626,#3106);
#2025=LINE('',#13627,#3107);
#2026=LINE('',#13634,#3108);
#2027=LINE('',#13636,#3109);
#2028=LINE('',#13637,#3110);
#2029=LINE('',#13640,#3111);
#2030=LINE('',#13641,#3112);
#2031=LINE('',#13644,#3113);
#2032=LINE('',#13645,#3114);
#2033=LINE('',#13649,#3115);
#2034=LINE('',#13651,#3116);
#2035=LINE('',#13653,#3117);
#2036=LINE('',#13654,#3118);
#2037=LINE('',#13658,#3119);
#2038=LINE('',#13660,#3120);
#2039=LINE('',#13662,#3121);
#2040=LINE('',#13664,#3122);
#2041=LINE('',#13666,#3123);
#2042=LINE('',#13668,#3124);
#2043=LINE('',#13670,#3125);
#2044=LINE('',#13672,#3126);
#2045=LINE('',#13673,#3127);
#2046=LINE('',#13678,#3128);
#2047=LINE('',#13680,#3129);
#2048=LINE('',#13686,#3130);
#2049=LINE('',#13688,#3131);
#2050=LINE('',#13689,#3132);
#2051=LINE('',#13694,#3133);
#2052=LINE('',#13695,#3134);
#2053=LINE('',#13698,#3135);
#2054=LINE('',#13700,#3136);
#2055=LINE('',#13701,#3137);
#2056=LINE('',#13703,#3138);
#2057=LINE('',#13705,#3139);
#2058=LINE('',#13706,#3140);
#2059=LINE('',#13711,#3141);
#2060=LINE('',#13712,#3142);
#2061=LINE('',#13719,#3143);
#2062=LINE('',#13727,#3144);
#2063=LINE('',#13729,#3145);
#2064=LINE('',#13730,#3146);
#2065=LINE('',#13733,#3147);
#2066=LINE('',#13734,#3148);
#2067=LINE('',#13737,#3149);
#2068=LINE('',#13738,#3150);
#2069=LINE('',#13742,#3151);
#2070=LINE('',#13744,#3152);
#2071=LINE('',#13746,#3153);
#2072=LINE('',#13747,#3154);
#2073=LINE('',#13751,#3155);
#2074=LINE('',#13753,#3156);
#2075=LINE('',#13755,#3157);
#2076=LINE('',#13757,#3158);
#2077=LINE('',#13759,#3159);
#2078=LINE('',#13761,#3160);
#2079=LINE('',#13763,#3161);
#2080=LINE('',#13765,#3162);
#2081=LINE('',#13766,#3163);
#2082=LINE('',#13771,#3164);
#2083=LINE('',#13773,#3165);
#2084=LINE('',#13777,#3166);
#2085=LINE('',#13779,#3167);
#2086=LINE('',#13780,#3168);
#2087=LINE('',#13783,#3169);
#2088=LINE('',#13791,#3170);
#2089=LINE('',#13792,#3171);
#2090=LINE('',#13795,#3172);
#2091=LINE('',#13797,#3173);
#2092=LINE('',#13798,#3174);
#2093=LINE('',#13800,#3175);
#2094=LINE('',#13802,#3176);
#2095=LINE('',#13803,#3177);
#2096=LINE('',#13809,#3178);
#2097=LINE('',#13817,#3179);
#2098=LINE('',#13821,#3180);
#2099=LINE('',#13823,#3181);
#2100=LINE('',#13827,#3182);
#2101=LINE('',#13831,#3183);
#2102=LINE('',#13832,#3184);
#2103=LINE('',#13834,#3185);
#2104=LINE('',#13835,#3186);
#2105=LINE('',#13838,#3187);
#2106=LINE('',#13839,#3188);
#2107=LINE('',#13842,#3189);
#2108=LINE('',#13844,#3190);
#2109=LINE('',#13845,#3191);
#2110=LINE('',#13848,#3192);
#2111=LINE('',#13850,#3193);
#2112=LINE('',#13851,#3194);
#2113=LINE('',#13854,#3195);
#2114=LINE('',#13855,#3196);
#2115=LINE('',#13856,#3197);
#2116=LINE('',#13859,#3198);
#2117=LINE('',#13860,#3199);
#2118=LINE('',#13863,#3200);
#2119=LINE('',#13865,#3201);
#2120=LINE('',#13866,#3202);
#2121=LINE('',#13869,#3203);
#2122=LINE('',#13871,#3204);
#2123=LINE('',#13872,#3205);
#2124=LINE('',#13875,#3206);
#2125=LINE('',#13877,#3207);
#2126=LINE('',#13878,#3208);
#2127=LINE('',#13881,#3209);
#2128=LINE('',#13883,#3210);
#2129=LINE('',#13884,#3211);
#2130=LINE('',#13887,#3212);
#2131=LINE('',#13889,#3213);
#2132=LINE('',#13890,#3214);
#2133=LINE('',#13892,#3215);
#2134=LINE('',#13893,#3216);
#2135=LINE('',#13896,#3217);
#2136=LINE('',#13898,#3218);
#2137=LINE('',#13899,#3219);
#2138=LINE('',#13902,#3220);
#2139=LINE('',#13903,#3221);
#2140=LINE('',#13906,#3222);
#2141=LINE('',#13907,#3223);
#2142=LINE('',#13910,#3224);
#2143=LINE('',#13911,#3225);
#2144=LINE('',#13914,#3226);
#2145=LINE('',#13915,#3227);
#2146=LINE('',#13917,#3228);
#2147=LINE('',#13921,#3229);
#2148=LINE('',#13923,#3230);
#2149=LINE('',#13925,#3231);
#2150=LINE('',#13927,#3232);
#2151=LINE('',#13929,#3233);
#2152=LINE('',#13931,#3234);
#2153=LINE('',#13933,#3235);
#2154=LINE('',#13935,#3236);
#2155=LINE('',#13937,#3237);
#2156=LINE('',#13939,#3238);
#2157=LINE('',#13941,#3239);
#2158=LINE('',#13943,#3240);
#2159=LINE('',#13945,#3241);
#2160=LINE('',#13947,#3242);
#2161=LINE('',#13949,#3243);
#2162=LINE('',#13951,#3244);
#2163=LINE('',#13953,#3245);
#2164=LINE('',#13954,#3246);
#2165=LINE('',#13956,#3247);
#2166=LINE('',#13958,#3248);
#2167=LINE('',#13959,#3249);
#2168=LINE('',#13961,#3250);
#2169=LINE('',#13963,#3251);
#2170=LINE('',#13965,#3252);
#2171=LINE('',#13968,#3253);
#2172=LINE('',#13969,#3254);
#2173=LINE('',#13972,#3255);
#2174=LINE('',#13973,#3256);
#2175=LINE('',#13976,#3257);
#2176=LINE('',#13977,#3258);
#2177=LINE('',#13980,#3259);
#2178=LINE('',#13981,#3260);
#2179=LINE('',#13984,#3261);
#2180=LINE('',#13985,#3262);
#2181=LINE('',#13988,#3263);
#2182=LINE('',#13989,#3264);
#2183=LINE('',#13992,#3265);
#2184=LINE('',#13993,#3266);
#2185=LINE('',#13996,#3267);
#2186=LINE('',#13997,#3268);
#2187=LINE('',#13999,#3269);
#2188=LINE('',#14000,#3270);
#2189=LINE('',#14002,#3271);
#2190=LINE('',#14004,#3272);
#2191=LINE('',#14006,#3273);
#2192=LINE('',#14009,#3274);
#2193=LINE('',#14010,#3275);
#2194=LINE('',#14012,#3276);
#2195=LINE('',#14014,#3277);
#2196=LINE('',#14015,#3278);
#2197=LINE('',#14017,#3279);
#2198=LINE('',#14020,#3280);
#2199=LINE('',#14022,#3281);
#2200=LINE('',#14026,#3282);
#2201=LINE('',#14028,#3283);
#2202=LINE('',#14030,#3284);
#2203=LINE('',#14031,#3285);
#2204=LINE('',#14034,#3286);
#2205=LINE('',#14035,#3287);
#2206=LINE('',#14038,#3288);
#2207=LINE('',#14039,#3289);
#2208=LINE('',#14045,#3290);
#2209=LINE('',#14046,#3291);
#2210=LINE('',#14049,#3292);
#2211=LINE('',#14050,#3293);
#2212=LINE('',#14053,#3294);
#2213=LINE('',#14054,#3295);
#2214=LINE('',#14057,#3296);
#2215=LINE('',#14058,#3297);
#2216=LINE('',#14061,#3298);
#2217=LINE('',#14062,#3299);
#2218=LINE('',#14067,#3300);
#2219=LINE('',#14070,#3301);
#2220=LINE('',#14071,#3302);
#2221=LINE('',#14074,#3303);
#2222=LINE('',#14076,#3304);
#2223=LINE('',#14081,#3305);
#2224=LINE('',#14085,#3306);
#2225=LINE('',#14087,#3307);
#2226=LINE('',#14089,#3308);
#2227=LINE('',#14090,#3309);
#2228=LINE('',#14095,#3310);
#2229=LINE('',#14097,#3311);
#2230=LINE('',#14098,#3312);
#2231=LINE('',#14101,#3313);
#2232=LINE('',#14104,#3314);
#2233=LINE('',#14107,#3315);
#2234=LINE('',#14109,#3316);
#2235=LINE('',#14113,#3317);
#2236=LINE('',#14115,#3318);
#2237=LINE('',#14116,#3319);
#2238=LINE('',#14119,#3320);
#2239=LINE('',#14120,#3321);
#2240=LINE('',#14123,#3322);
#2241=LINE('',#14126,#3323);
#2242=LINE('',#14132,#3324);
#2243=LINE('',#14135,#3325);
#2244=LINE('',#14139,#3326);
#2245=LINE('',#14141,#3327);
#2246=LINE('',#14143,#3328);
#2247=LINE('',#14145,#3329);
#2248=LINE('',#14147,#3330);
#2249=LINE('',#14149,#3331);
#2250=LINE('',#14151,#3332);
#2251=LINE('',#14153,#3333);
#2252=LINE('',#14155,#3334);
#2253=LINE('',#14156,#3335);
#2254=LINE('',#14159,#3336);
#2255=LINE('',#14163,#3337);
#2256=LINE('',#14165,#3338);
#2257=LINE('',#14166,#3339);
#2258=LINE('',#14170,#3340);
#2259=LINE('',#14173,#3341);
#2260=LINE('',#14175,#3342);
#2261=LINE('',#14177,#3343);
#2262=LINE('',#14178,#3344);
#2263=LINE('',#14184,#3345);
#2264=LINE('',#14186,#3346);
#2265=LINE('',#14187,#3347);
#2266=LINE('',#14191,#3348);
#2267=LINE('',#14192,#3349);
#2268=LINE('',#14196,#3350);
#2269=LINE('',#14197,#3351);
#2270=LINE('',#14199,#3352);
#2271=LINE('',#14201,#3353);
#2272=LINE('',#14203,#3354);
#2273=LINE('',#14205,#3355);
#2274=LINE('',#14208,#3356);
#2275=LINE('',#14211,#3357);
#2276=LINE('',#14213,#3358);
#2277=LINE('',#14215,#3359);
#2278=LINE('',#14217,#3360);
#2279=LINE('',#14219,#3361);
#2280=VECTOR('',#9287,10.);
#2281=VECTOR('',#9288,10.);
#2282=VECTOR('',#9289,10.);
#2283=VECTOR('',#9290,10.);
#2284=VECTOR('',#9293,10.);
#2285=VECTOR('',#9294,10.);
#2286=VECTOR('',#9295,10.);
#2287=VECTOR('',#9298,10.);
#2288=VECTOR('',#9299,10.);
#2289=VECTOR('',#9300,10.);
#2290=VECTOR('',#9303,10.);
#2291=VECTOR('',#9304,10.);
#2292=VECTOR('',#9305,10.);
#2293=VECTOR('',#9308,10.);
#2294=VECTOR('',#9309,10.);
#2295=VECTOR('',#9310,10.);
#2296=VECTOR('',#9311,10.);
#2297=VECTOR('',#9314,10.);
#2298=VECTOR('',#9315,10.);
#2299=VECTOR('',#9318,10.);
#2300=VECTOR('',#9319,10.);
#2301=VECTOR('',#9320,10.);
#2302=VECTOR('',#9323,10.);
#2303=VECTOR('',#9324,10.);
#2304=VECTOR('',#9325,10.);
#2305=VECTOR('',#9328,10.);
#2306=VECTOR('',#9329,10.);
#2307=VECTOR('',#9330,10.);
#2308=VECTOR('',#9333,10.);
#2309=VECTOR('',#9334,10.);
#2310=VECTOR('',#9335,10.);
#2311=VECTOR('',#9338,10.);
#2312=VECTOR('',#9339,10.);
#2313=VECTOR('',#9340,10.);
#2314=VECTOR('',#9343,10.);
#2315=VECTOR('',#9344,10.);
#2316=VECTOR('',#9347,10.);
#2317=VECTOR('',#9348,10.);
#2318=VECTOR('',#9349,10.);
#2319=VECTOR('',#9352,10.);
#2320=VECTOR('',#9353,10.);
#2321=VECTOR('',#9356,10.);
#2322=VECTOR('',#9357,10.);
#2323=VECTOR('',#9360,10.);
#2324=VECTOR('',#9361,10.);
#2325=VECTOR('',#9364,10.);
#2326=VECTOR('',#9365,10.);
#2327=VECTOR('',#9368,10.);
#2328=VECTOR('',#9369,10.);
#2329=VECTOR('',#9374,10.);
#2330=VECTOR('',#9375,10.);
#2331=VECTOR('',#9376,10.);
#2332=VECTOR('',#9379,10.);
#2333=VECTOR('',#9380,10.);
#2334=VECTOR('',#9381,10.);
#2335=VECTOR('',#9384,10.);
#2336=VECTOR('',#9385,10.);
#2337=VECTOR('',#9386,10.);
#2338=VECTOR('',#9387,10.);
#2339=VECTOR('',#9388,10.);
#2340=VECTOR('',#9389,10.);
#2341=VECTOR('',#9390,10.);
#2342=VECTOR('',#9391,10.);
#2343=VECTOR('',#9394,10.);
#2344=VECTOR('',#9395,10.);
#2345=VECTOR('',#9396,10.);
#2346=VECTOR('',#9397,10.);
#2347=VECTOR('',#9398,10.);
#2348=VECTOR('',#9399,10.);
#2349=VECTOR('',#9400,10.);
#2350=VECTOR('',#9401,10.);
#2351=VECTOR('',#9402,10.);
#2352=VECTOR('',#9403,10.);
#2353=VECTOR('',#9418,10.);
#2354=VECTOR('',#9419,10.);
#2355=VECTOR('',#9420,10.);
#2356=VECTOR('',#9421,10.);
#2357=VECTOR('',#9424,10.);
#2358=VECTOR('',#9425,10.);
#2359=VECTOR('',#9426,10.);
#2360=VECTOR('',#9427,10.);
#2361=VECTOR('',#9428,10.);
#2362=VECTOR('',#9429,10.);
#2363=VECTOR('',#9430,10.);
#2364=VECTOR('',#9431,10.);
#2365=VECTOR('',#9432,10.);
#2366=VECTOR('',#9435,10.);
#2367=VECTOR('',#9436,10.);
#2368=VECTOR('',#9437,10.);
#2369=VECTOR('',#9438,10.);
#2370=VECTOR('',#9443,10.);
#2371=VECTOR('',#9444,10.);
#2372=VECTOR('',#9445,10.);
#2373=VECTOR('',#9446,10.);
#2374=VECTOR('',#9449,10.);
#2375=VECTOR('',#9450,10.);
#2376=VECTOR('',#9451,10.);
#2377=VECTOR('',#9452,10.);
#2378=VECTOR('',#9453,10.);
#2379=VECTOR('',#9456,10.);
#2380=VECTOR('',#9457,10.);
#2381=VECTOR('',#9458,10.);
#2382=VECTOR('',#9459,10.);
#2383=VECTOR('',#9460,10.);
#2384=VECTOR('',#9461,10.);
#2385=VECTOR('',#9462,10.);
#2386=VECTOR('',#9463,10.);
#2387=VECTOR('',#9464,10.);
#2388=VECTOR('',#9471,10.);
#2389=VECTOR('',#9472,10.);
#2390=VECTOR('',#9473,10.);
#2391=VECTOR('',#9474,10.);
#2392=VECTOR('',#9475,10.);
#2393=VECTOR('',#9476,10.);
#2394=VECTOR('',#9477,10.);
#2395=VECTOR('',#9478,10.);
#2396=VECTOR('',#9479,10.);
#2397=VECTOR('',#9480,10.);
#2398=VECTOR('',#9481,10.);
#2399=VECTOR('',#9482,10.);
#2400=VECTOR('',#9483,10.);
#2401=VECTOR('',#9484,10.);
#2402=VECTOR('',#9487,10.);
#2403=VECTOR('',#9488,10.);
#2404=VECTOR('',#9489,10.);
#2405=VECTOR('',#9490,10.);
#2406=VECTOR('',#9491,10.);
#2407=VECTOR('',#9494,10.);
#2408=VECTOR('',#9495,10.);
#2409=VECTOR('',#9496,10.);
#2410=VECTOR('',#9499,10.);
#2411=VECTOR('',#9500,10.);
#2412=VECTOR('',#9501,10.);
#2413=VECTOR('',#9504,10.);
#2414=VECTOR('',#9505,10.);
#2415=VECTOR('',#9506,10.);
#2416=VECTOR('',#9509,10.);
#2417=VECTOR('',#9510,10.);
#2418=VECTOR('',#9511,10.);
#2419=VECTOR('',#9514,10.);
#2420=VECTOR('',#9515,10.);
#2421=VECTOR('',#9516,10.);
#2422=VECTOR('',#9519,10.);
#2423=VECTOR('',#9520,10.);
#2424=VECTOR('',#9521,10.);
#2425=VECTOR('',#9524,10.);
#2426=VECTOR('',#9525,10.);
#2427=VECTOR('',#9526,10.);
#2428=VECTOR('',#9529,10.);
#2429=VECTOR('',#9530,10.);
#2430=VECTOR('',#9533,10.);
#2431=VECTOR('',#9534,10.);
#2432=VECTOR('',#9537,10.);
#2433=VECTOR('',#9538,10.);
#2434=VECTOR('',#9541,10.);
#2435=VECTOR('',#9542,10.);
#2436=VECTOR('',#9545,10.);
#2437=VECTOR('',#9548,10.);
#2438=VECTOR('',#9549,10.);
#2439=VECTOR('',#9550,10.);
#2440=VECTOR('',#9551,10.);
#2441=VECTOR('',#9552,10.);
#2442=VECTOR('',#9553,10.);
#2443=VECTOR('',#9554,10.);
#2444=VECTOR('',#9555,10.);
#2445=VECTOR('',#9556,10.);
#2446=VECTOR('',#9557,10.);
#2447=VECTOR('',#9558,10.);
#2448=VECTOR('',#9559,10.);
#2449=VECTOR('',#9562,10.);
#2450=VECTOR('',#9563,10.);
#2451=VECTOR('',#9564,10.);
#2452=VECTOR('',#9567,10.);
#2453=VECTOR('',#9570,10.);
#2454=VECTOR('',#9573,10.);
#2455=VECTOR('',#9574,10.);
#2456=VECTOR('',#9575,10.);
#2457=VECTOR('',#9576,10.);
#2458=VECTOR('',#9577,10.);
#2459=VECTOR('',#9580,10.);
#2460=VECTOR('',#9581,10.);
#2461=VECTOR('',#9582,10.);
#2462=VECTOR('',#9585,10.);
#2463=VECTOR('',#9586,10.);
#2464=VECTOR('',#9589,10.);
#2465=VECTOR('',#9590,10.);
#2466=VECTOR('',#9591,10.);
#2467=VECTOR('',#9594,10.);
#2468=VECTOR('',#9595,10.);
#2469=VECTOR('',#9596,10.);
#2470=VECTOR('',#9599,10.);
#2471=VECTOR('',#9602,10.);
#2472=VECTOR('',#9603,10.);
#2473=VECTOR('',#9604,10.);
#2474=VECTOR('',#9605,10.);
#2475=VECTOR('',#9606,10.);
#2476=VECTOR('',#9607,10.);
#2477=VECTOR('',#9608,10.);
#2478=VECTOR('',#9609,10.);
#2479=VECTOR('',#9610,10.);
#2480=VECTOR('',#9613,10.);
#2481=VECTOR('',#9614,10.);
#2482=VECTOR('',#9615,10.);
#2483=VECTOR('',#9618,10.);
#2484=VECTOR('',#9619,10.);
#2485=VECTOR('',#9620,10.);
#2486=VECTOR('',#9623,10.);
#2487=VECTOR('',#9624,10.);
#2488=VECTOR('',#9625,10.);
#2489=VECTOR('',#9626,10.);
#2490=VECTOR('',#9627,10.);
#2491=VECTOR('',#9628,10.);
#2492=VECTOR('',#9629,10.);
#2493=VECTOR('',#9630,10.);
#2494=VECTOR('',#9631,10.);
#2495=VECTOR('',#9634,10.);
#2496=VECTOR('',#9635,10.);
#2497=VECTOR('',#9638,10.);
#2498=VECTOR('',#9639,10.);
#2499=VECTOR('',#9640,10.);
#2500=VECTOR('',#9641,10.);
#2501=VECTOR('',#9642,10.);
#2502=VECTOR('',#9643,10.);
#2503=VECTOR('',#9644,10.);
#2504=VECTOR('',#9647,10.);
#2505=VECTOR('',#9648,10.);
#2506=VECTOR('',#9649,10.);
#2507=VECTOR('',#9652,10.);
#2508=VECTOR('',#9653,10.);
#2509=VECTOR('',#9654,10.);
#2510=VECTOR('',#9655,10.);
#2511=VECTOR('',#9658,10.);
#2512=VECTOR('',#9659,10.);
#2513=VECTOR('',#9660,10.);
#2514=VECTOR('',#9661,10.);
#2515=VECTOR('',#9662,10.);
#2516=VECTOR('',#9663,10.);
#2517=VECTOR('',#9664,10.);
#2518=VECTOR('',#9667,10.);
#2519=VECTOR('',#9670,10.);
#2520=VECTOR('',#9671,10.);
#2521=VECTOR('',#9672,10.);
#2522=VECTOR('',#9673,10.);
#2523=VECTOR('',#9676,10.);
#2524=VECTOR('',#9677,10.);
#2525=VECTOR('',#9678,10.);
#2526=VECTOR('',#9679,10.);
#2527=VECTOR('',#9682,10.);
#2528=VECTOR('',#9683,10.);
#2529=VECTOR('',#9684,10.);
#2530=VECTOR('',#9687,10.);
#2531=VECTOR('',#9688,10.);
#2532=VECTOR('',#9691,10.);
#2533=VECTOR('',#9692,10.);
#2534=VECTOR('',#9693,10.);
#2535=VECTOR('',#9696,10.);
#2536=VECTOR('',#9697,10.);
#2537=VECTOR('',#9698,10.);
#2538=VECTOR('',#9701,10.);
#2539=VECTOR('',#9702,10.);
#2540=VECTOR('',#9703,10.);
#2541=VECTOR('',#9706,10.);
#2542=VECTOR('',#9707,10.);
#2543=VECTOR('',#9708,10.);
#2544=VECTOR('',#9711,10.);
#2545=VECTOR('',#9712,10.);
#2546=VECTOR('',#9713,10.);
#2547=VECTOR('',#9716,10.);
#2548=VECTOR('',#9717,10.);
#2549=VECTOR('',#9718,10.);
#2550=VECTOR('',#9721,10.);
#2551=VECTOR('',#9722,10.);
#2552=VECTOR('',#9725,10.);
#2553=VECTOR('',#9726,10.);
#2554=VECTOR('',#9727,10.);
#2555=VECTOR('',#9730,10.);
#2556=VECTOR('',#9731,10.);
#2557=VECTOR('',#9732,10.);
#2558=VECTOR('',#9735,10.);
#2559=VECTOR('',#9736,10.);
#2560=VECTOR('',#9737,10.);
#2561=VECTOR('',#9740,10.);
#2562=VECTOR('',#9741,10.);
#2563=VECTOR('',#9742,10.);
#2564=VECTOR('',#9745,10.);
#2565=VECTOR('',#9746,10.);
#2566=VECTOR('',#9747,10.);
#2567=VECTOR('',#9750,10.);
#2568=VECTOR('',#9751,10.);
#2569=VECTOR('',#9752,10.);
#2570=VECTOR('',#9755,10.);
#2571=VECTOR('',#9760,10.);
#2572=VECTOR('',#9763,10.);
#2573=VECTOR('',#9768,10.);
#2574=VECTOR('',#9771,10.);
#2575=VECTOR('',#9774,10.);
#2576=VECTOR('',#9777,10.);
#2577=VECTOR('',#9780,10.);
#2578=VECTOR('',#9785,10.);
#2579=VECTOR('',#9788,10.);
#2580=VECTOR('',#9801,10.);
#2581=VECTOR('',#9802,10.);
#2582=VECTOR('',#9805,10.);
#2583=VECTOR('',#9806,10.);
#2584=VECTOR('',#9809,10.);
#2585=VECTOR('',#9810,10.);
#2586=VECTOR('',#9815,10.);
#2587=VECTOR('',#9816,10.);
#2588=VECTOR('',#9817,10.);
#2589=VECTOR('',#9818,10.);
#2590=VECTOR('',#9819,10.);
#2591=VECTOR('',#9820,10.);
#2592=VECTOR('',#9821,10.);
#2593=VECTOR('',#9824,10.);
#2594=VECTOR('',#9827,10.);
#2595=VECTOR('',#9828,10.);
#2596=VECTOR('',#9829,10.);
#2597=VECTOR('',#9830,10.);
#2598=VECTOR('',#9831,10.);
#2599=VECTOR('',#9832,10.);
#2600=VECTOR('',#9837,10.);
#2601=VECTOR('',#9838,10.);
#2602=VECTOR('',#9841,10.);
#2603=VECTOR('',#9842,10.);
#2604=VECTOR('',#9845,10.);
#2605=VECTOR('',#9848,10.);
#2606=VECTOR('',#9851,10.);
#2607=VECTOR('',#9852,10.);
#2608=VECTOR('',#9853,10.);
#2609=VECTOR('',#9856,10.);
#2610=VECTOR('',#9861,10.);
#2611=VECTOR('',#9864,10.);
#2612=VECTOR('',#9867,10.);
#2613=VECTOR('',#9870,10.);
#2614=VECTOR('',#9873,10.);
#2615=VECTOR('',#9876,10.);
#2616=VECTOR('',#9879,10.);
#2617=VECTOR('',#9880,10.);
#2618=VECTOR('',#9881,10.);
#2619=VECTOR('',#9882,10.);
#2620=VECTOR('',#9883,10.);
#2621=VECTOR('',#9884,10.);
#2622=VECTOR('',#9887,10.);
#2623=VECTOR('',#9892,10.);
#2624=VECTOR('',#9893,10.);
#2625=VECTOR('',#9896,10.);
#2626=VECTOR('',#9897,10.);
#2627=VECTOR('',#9902,10.);
#2628=VECTOR('',#9907,10.);
#2629=VECTOR('',#9908,10.);
#2630=VECTOR('',#9917,10.);
#2631=VECTOR('',#9920,10.);
#2632=VECTOR('',#9921,10.);
#2633=VECTOR('',#9928,10.);
#2634=VECTOR('',#9935,10.);
#2635=VECTOR('',#9940,10.);
#2636=VECTOR('',#9941,10.);
#2637=VECTOR('',#9948,10.);
#2638=VECTOR('',#9949,10.);
#2639=VECTOR('',#9956,10.);
#2640=VECTOR('',#9957,10.);
#2641=VECTOR('',#9960,10.);
#2642=VECTOR('',#9963,10.);
#2643=VECTOR('',#9968,10.);
#2644=VECTOR('',#9971,10.);
#2645=VECTOR('',#9974,10.);
#2646=VECTOR('',#9977,10.);
#2647=VECTOR('',#9982,10.);
#2648=VECTOR('',#9985,10.);
#2649=VECTOR('',#9986,10.);
#2650=VECTOR('',#9987,10.);
#2651=VECTOR('',#9990,10.);
#2652=VECTOR('',#9993,10.);
#2653=VECTOR('',#9998,10.);
#2654=VECTOR('',#10005,10.);
#2655=VECTOR('',#10008,10.);
#2656=VECTOR('',#10011,10.);
#2657=VECTOR('',#10016,10.);
#2658=VECTOR('',#10019,10.);
#2659=VECTOR('',#10022,10.);
#2660=VECTOR('',#10025,10.);
#2661=VECTOR('',#10028,10.);
#2662=VECTOR('',#10035,10.);
#2663=VECTOR('',#10036,10.);
#2664=VECTOR('',#10037,10.);
#2665=VECTOR('',#10038,10.);
#2666=VECTOR('',#10041,10.);
#2667=VECTOR('',#10042,10.);
#2668=VECTOR('',#10043,10.);
#2669=VECTOR('',#10046,10.);
#2670=VECTOR('',#10047,10.);
#2671=VECTOR('',#10048,10.);
#2672=VECTOR('',#10051,10.);
#2673=VECTOR('',#10052,10.);
#2674=VECTOR('',#10053,10.);
#2675=VECTOR('',#10056,10.);
#2676=VECTOR('',#10057,10.);
#2677=VECTOR('',#10058,10.);
#2678=VECTOR('',#10061,10.);
#2679=VECTOR('',#10062,10.);
#2680=VECTOR('',#10063,10.);
#2681=VECTOR('',#10066,10.);
#2682=VECTOR('',#10067,10.);
#2683=VECTOR('',#10068,10.);
#2684=VECTOR('',#10071,10.);
#2685=VECTOR('',#10072,10.);
#2686=VECTOR('',#10073,10.);
#2687=VECTOR('',#10076,10.);
#2688=VECTOR('',#10077,10.);
#2689=VECTOR('',#10078,10.);
#2690=VECTOR('',#10081,10.);
#2691=VECTOR('',#10082,10.);
#2692=VECTOR('',#10083,10.);
#2693=VECTOR('',#10086,10.);
#2694=VECTOR('',#10087,10.);
#2695=VECTOR('',#10088,10.);
#2696=VECTOR('',#10091,10.);
#2697=VECTOR('',#10092,10.);
#2698=VECTOR('',#10095,10.);
#2699=VECTOR('',#10096,10.);
#2700=VECTOR('',#10097,10.);
#2701=VECTOR('',#10100,10.);
#2702=VECTOR('',#10101,10.);
#2703=VECTOR('',#10104,10.);
#2704=VECTOR('',#10105,10.);
#2705=VECTOR('',#10108,10.);
#2706=VECTOR('',#10109,10.);
#2707=VECTOR('',#10112,10.);
#2708=VECTOR('',#10113,10.);
#2709=VECTOR('',#10116,10.);
#2710=VECTOR('',#10117,10.);
#2711=VECTOR('',#10120,10.);
#2712=VECTOR('',#10121,10.);
#2713=VECTOR('',#10122,10.);
#2714=VECTOR('',#10123,10.);
#2715=VECTOR('',#10124,10.);
#2716=VECTOR('',#10125,10.);
#2717=VECTOR('',#10126,10.);
#2718=VECTOR('',#10127,10.);
#2719=VECTOR('',#10128,10.);
#2720=VECTOR('',#10129,10.);
#2721=VECTOR('',#10130,10.);
#2722=VECTOR('',#10131,10.);
#2723=VECTOR('',#10134,10.);
#2724=VECTOR('',#10135,10.);
#2725=VECTOR('',#10136,10.);
#2726=VECTOR('',#10137,10.);
#2727=VECTOR('',#10140,10.);
#2728=VECTOR('',#10143,10.);
#2729=VECTOR('',#10146,10.);
#2730=VECTOR('',#10147,10.);
#2731=VECTOR('',#10148,10.);
#2732=VECTOR('',#10149,10.);
#2733=VECTOR('',#10150,10.);
#2734=VECTOR('',#10153,10.);
#2735=VECTOR('',#10154,10.);
#2736=VECTOR('',#10155,10.);
#2737=VECTOR('',#10156,10.);
#2738=VECTOR('',#10159,10.);
#2739=VECTOR('',#10160,10.);
#2740=VECTOR('',#10161,10.);
#2741=VECTOR('',#10162,10.);
#2742=VECTOR('',#10163,10.);
#2743=VECTOR('',#10164,10.);
#2744=VECTOR('',#10165,10.);
#2745=VECTOR('',#10166,10.);
#2746=VECTOR('',#10167,10.);
#2747=VECTOR('',#10168,10.);
#2748=VECTOR('',#10169,10.);
#2749=VECTOR('',#10170,10.);
#2750=VECTOR('',#10171,10.);
#2751=VECTOR('',#10172,10.);
#2752=VECTOR('',#10175,10.);
#2753=VECTOR('',#10176,10.);
#2754=VECTOR('',#10177,10.);
#2755=VECTOR('',#10178,10.);
#2756=VECTOR('',#10181,10.);
#2757=VECTOR('',#10182,10.);
#2758=VECTOR('',#10183,10.);
#2759=VECTOR('',#10184,10.);
#2760=VECTOR('',#10185,10.);
#2761=VECTOR('',#10186,10.);
#2762=VECTOR('',#10187,10.);
#2763=VECTOR('',#10188,10.);
#2764=VECTOR('',#10189,10.);
#2765=VECTOR('',#10190,10.);
#2766=VECTOR('',#10191,10.);
#2767=VECTOR('',#10192,10.);
#2768=VECTOR('',#10193,10.);
#2769=VECTOR('',#10194,10.);
#2770=VECTOR('',#10197,10.);
#2771=VECTOR('',#10198,10.);
#2772=VECTOR('',#10199,10.);
#2773=VECTOR('',#10202,10.);
#2774=VECTOR('',#10203,10.);
#2775=VECTOR('',#10204,10.);
#2776=VECTOR('',#10207,10.);
#2777=VECTOR('',#10208,10.);
#2778=VECTOR('',#10209,10.);
#2779=VECTOR('',#10210,10.);
#2780=VECTOR('',#10213,10.);
#2781=VECTOR('',#10214,10.);
#2782=VECTOR('',#10215,10.);
#2783=VECTOR('',#10216,10.);
#2784=VECTOR('',#10217,10.);
#2785=VECTOR('',#10218,10.);
#2786=VECTOR('',#10219,10.);
#2787=VECTOR('',#10220,10.);
#2788=VECTOR('',#10221,10.);
#2789=VECTOR('',#10222,10.);
#2790=VECTOR('',#10223,10.);
#2791=VECTOR('',#10224,10.);
#2792=VECTOR('',#10225,10.);
#2793=VECTOR('',#10228,10.);
#2794=VECTOR('',#10229,10.);
#2795=VECTOR('',#10232,10.);
#2796=VECTOR('',#10233,10.);
#2797=VECTOR('',#10234,10.);
#2798=VECTOR('',#10237,10.);
#2799=VECTOR('',#10238,10.);
#2800=VECTOR('',#10239,10.);
#2801=VECTOR('',#10240,10.);
#2802=VECTOR('',#10243,10.);
#2803=VECTOR('',#10244,10.);
#2804=VECTOR('',#10245,10.);
#2805=VECTOR('',#10246,10.);
#2806=VECTOR('',#10247,10.);
#2807=VECTOR('',#10248,10.);
#2808=VECTOR('',#10249,10.);
#2809=VECTOR('',#10250,10.);
#2810=VECTOR('',#10251,10.);
#2811=VECTOR('',#10252,10.);
#2812=VECTOR('',#10253,10.);
#2813=VECTOR('',#10254,10.);
#2814=VECTOR('',#10255,10.);
#2815=VECTOR('',#10256,10.);
#2816=VECTOR('',#10259,10.);
#2817=VECTOR('',#10260,10.);
#2818=VECTOR('',#10261,10.);
#2819=VECTOR('',#10264,10.);
#2820=VECTOR('',#10265,10.);
#2821=VECTOR('',#10266,10.);
#2822=VECTOR('',#10269,10.);
#2823=VECTOR('',#10270,10.);
#2824=VECTOR('',#10271,10.);
#2825=VECTOR('',#10272,10.);
#2826=VECTOR('',#10275,10.);
#2827=VECTOR('',#10276,10.);
#2828=VECTOR('',#10277,10.);
#2829=VECTOR('',#10278,10.);
#2830=VECTOR('',#10279,10.);
#2831=VECTOR('',#10280,10.);
#2832=VECTOR('',#10281,10.);
#2833=VECTOR('',#10282,10.);
#2834=VECTOR('',#10283,10.);
#2835=VECTOR('',#10284,10.);
#2836=VECTOR('',#10285,10.);
#2837=VECTOR('',#10286,10.);
#2838=VECTOR('',#10287,10.);
#2839=VECTOR('',#10288,10.);
#2840=VECTOR('',#10291,10.);
#2841=VECTOR('',#10292,10.);
#2842=VECTOR('',#10293,10.);
#2843=VECTOR('',#10296,10.);
#2844=VECTOR('',#10297,10.);
#2845=VECTOR('',#10298,10.);
#2846=VECTOR('',#10301,10.);
#2847=VECTOR('',#10302,10.);
#2848=VECTOR('',#10303,10.);
#2849=VECTOR('',#10304,10.);
#2850=VECTOR('',#10307,10.);
#2851=VECTOR('',#10308,10.);
#2852=VECTOR('',#10311,10.);
#2853=VECTOR('',#10312,10.);
#2854=VECTOR('',#10313,10.);
#2855=VECTOR('',#10314,10.);
#2856=VECTOR('',#10317,10.);
#2857=VECTOR('',#10318,10.);
#2858=VECTOR('',#10319,10.);
#2859=VECTOR('',#10320,10.);
#2860=VECTOR('',#10321,10.);
#2861=VECTOR('',#10322,10.);
#2862=VECTOR('',#10323,10.);
#2863=VECTOR('',#10324,10.);
#2864=VECTOR('',#10325,10.);
#2865=VECTOR('',#10326,10.);
#2866=VECTOR('',#10327,10.);
#2867=VECTOR('',#10328,10.);
#2868=VECTOR('',#10329,10.);
#2869=VECTOR('',#10332,10.);
#2870=VECTOR('',#10333,10.);
#2871=VECTOR('',#10334,10.);
#2872=VECTOR('',#10337,10.);
#2873=VECTOR('',#10338,10.);
#2874=VECTOR('',#10339,10.);
#2875=VECTOR('',#10342,10.);
#2876=VECTOR('',#10343,10.);
#2877=VECTOR('',#10344,10.);
#2878=VECTOR('',#10347,10.);
#2879=VECTOR('',#10350,10.);
#2880=VECTOR('',#10351,10.);
#2881=VECTOR('',#10354,10.);
#2882=VECTOR('',#10355,10.);
#2883=VECTOR('',#10356,10.);
#2884=VECTOR('',#10359,10.);
#2885=VECTOR('',#10362,10.);
#2886=VECTOR('',#10363,10.);
#2887=VECTOR('',#10364,10.);
#2888=VECTOR('',#10365,10.);
#2889=VECTOR('',#10366,10.);
#2890=VECTOR('',#10369,10.);
#2891=VECTOR('',#10370,10.);
#2892=VECTOR('',#10373,10.);
#2893=VECTOR('',#10378,10.);
#2894=VECTOR('',#10379,10.);
#2895=VECTOR('',#10380,10.);
#2896=VECTOR('',#10381,10.);
#2897=VECTOR('',#10382,10.);
#2898=VECTOR('',#10383,10.);
#2899=VECTOR('',#10384,10.);
#2900=VECTOR('',#10387,10.);
#2901=VECTOR('',#10388,10.);
#2902=VECTOR('',#10393,10.);
#2903=VECTOR('',#10394,10.);
#2904=VECTOR('',#10395,10.);
#2905=VECTOR('',#10398,10.);
#2906=VECTOR('',#10399,10.);
#2907=VECTOR('',#10400,10.);
#2908=VECTOR('',#10403,10.);
#2909=VECTOR('',#10404,10.);
#2910=VECTOR('',#10407,10.);
#2911=VECTOR('',#10408,10.);
#2912=VECTOR('',#10411,10.);
#2913=VECTOR('',#10412,10.);
#2914=VECTOR('',#10413,10.);
#2915=VECTOR('',#10416,10.);
#2916=VECTOR('',#10417,10.);
#2917=VECTOR('',#10418,10.);
#2918=VECTOR('',#10421,10.);
#2919=VECTOR('',#10422,10.);
#2920=VECTOR('',#10427,10.);
#2921=VECTOR('',#10428,10.);
#2922=VECTOR('',#10439,10.);
#2923=VECTOR('',#10440,10.);
#2924=VECTOR('',#10443,10.);
#2925=VECTOR('',#10446,10.);
#2926=VECTOR('',#10447,10.);
#2927=VECTOR('',#10454,10.);
#2928=VECTOR('',#10455,10.);
#2929=VECTOR('',#10458,10.);
#2930=VECTOR('',#10461,10.);
#2931=VECTOR('',#10462,10.);
#2932=VECTOR('',#10471,10.);
#2933=VECTOR('',#10472,10.);
#2934=VECTOR('',#10477,10.);
#2935=VECTOR('',#10482,10.);
#2936=VECTOR('',#10489,10.);
#2937=VECTOR('',#10490,10.);
#2938=VECTOR('',#10491,10.);
#2939=VECTOR('',#10494,10.);
#2940=VECTOR('',#10497,10.);
#2941=VECTOR('',#10498,10.);
#2942=VECTOR('',#10505,10.);
#2943=VECTOR('',#10506,10.);
#2944=VECTOR('',#10507,10.);
#2945=VECTOR('',#10512,10.);
#2946=VECTOR('',#10515,10.);
#2947=VECTOR('',#10518,10.);
#2948=VECTOR('',#10519,10.);
#2949=VECTOR('',#10522,10.);
#2950=VECTOR('',#10523,10.);
#2951=VECTOR('',#10528,10.);
#2952=VECTOR('',#10531,10.);
#2953=VECTOR('',#10532,10.);
#2954=VECTOR('',#10535,10.);
#2955=VECTOR('',#10538,10.);
#2956=VECTOR('',#10541,10.);
#2957=VECTOR('',#10542,10.);
#2958=VECTOR('',#10545,10.);
#2959=VECTOR('',#10546,10.);
#2960=VECTOR('',#10549,10.);
#2961=VECTOR('',#10552,10.);
#2962=VECTOR('',#10553,10.);
#2963=VECTOR('',#10556,10.);
#2964=VECTOR('',#10557,10.);
#2965=VECTOR('',#10562,10.);
#2966=VECTOR('',#10567,10.);
#2967=VECTOR('',#10570,10.);
#2968=VECTOR('',#10573,10.);
#2969=VECTOR('',#10574,10.);
#2970=VECTOR('',#10577,10.);
#2971=VECTOR('',#10580,10.);
#2972=VECTOR('',#10581,10.);
#2973=VECTOR('',#10588,10.);
#2974=VECTOR('',#10589,10.);
#2975=VECTOR('',#10592,10.);
#2976=VECTOR('',#10593,10.);
#2977=VECTOR('',#10598,10.);
#2978=VECTOR('',#10603,10.);
#2979=VECTOR('',#10606,10.);
#2980=VECTOR('',#10609,10.);
#2981=VECTOR('',#10610,10.);
#2982=VECTOR('',#10611,10.);
#2983=VECTOR('',#10614,10.);
#2984=VECTOR('',#10617,10.);
#2985=VECTOR('',#10618,10.);
#2986=VECTOR('',#10625,10.);
#2987=VECTOR('',#10628,10.);
#2988=VECTOR('',#10629,10.);
#2989=VECTOR('',#10634,10.);
#2990=VECTOR('',#10637,10.);
#2991=VECTOR('',#10640,10.);
#2992=VECTOR('',#10643,10.);
#2993=VECTOR('',#10646,10.);
#2994=VECTOR('',#10647,10.);
#2995=VECTOR('',#10650,10.);
#2996=VECTOR('',#10651,10.);
#2997=VECTOR('',#10656,10.);
#2998=VECTOR('',#10661,10.);
#2999=VECTOR('',#10664,10.);
#3000=VECTOR('',#10667,10.);
#3001=VECTOR('',#10668,10.);
#3002=VECTOR('',#10671,10.);
#3003=VECTOR('',#10672,10.);
#3004=VECTOR('',#10677,10.);
#3005=VECTOR('',#10680,10.);
#3006=VECTOR('',#10683,10.);
#3007=VECTOR('',#10684,10.);
#3008=VECTOR('',#10685,10.);
#3009=VECTOR('',#10688,10.);
#3010=VECTOR('',#10691,10.);
#3011=VECTOR('',#10692,10.);
#3012=VECTOR('',#10699,10.);
#3013=VECTOR('',#10702,10.);
#3014=VECTOR('',#10703,10.);
#3015=VECTOR('',#10706,10.);
#3016=VECTOR('',#10707,10.);
#3017=VECTOR('',#10710,10.);
#3018=VECTOR('',#10713,10.);
#3019=VECTOR('',#10714,10.);
#3020=VECTOR('',#10715,10.);
#3021=VECTOR('',#10718,10.);
#3022=VECTOR('',#10721,10.);
#3023=VECTOR('',#10722,10.);
#3024=VECTOR('',#10729,10.);
#3025=VECTOR('',#10730,10.);
#3026=VECTOR('',#10733,10.);
#3027=VECTOR('',#10734,10.);
#3028=VECTOR('',#10737,10.);
#3029=VECTOR('',#10738,10.);
#3030=VECTOR('',#10741,10.);
#3031=VECTOR('',#10742,10.);
#3032=VECTOR('',#10745,10.);
#3033=VECTOR('',#10746,10.);
#3034=VECTOR('',#10749,10.);
#3035=VECTOR('',#10756,10.);
#3036=VECTOR('',#10757,10.);
#3037=VECTOR('',#10758,10.);
#3038=VECTOR('',#10759,10.);
#3039=VECTOR('',#10760,10.);
#3040=VECTOR('',#10761,10.);
#3041=VECTOR('',#10762,10.);
#3042=VECTOR('',#10763,10.);
#3043=VECTOR('',#10764,10.);
#3044=VECTOR('',#10771,10.);
#3045=VECTOR('',#10772,10.);
#3046=VECTOR('',#10777,10.);
#3047=VECTOR('',#10778,10.);
#3048=VECTOR('',#10779,10.);
#3049=VECTOR('',#10786,10.);
#3050=VECTOR('',#10787,10.);
#3051=VECTOR('',#10790,10.);
#3052=VECTOR('',#10791,10.);
#3053=VECTOR('',#10792,10.);
#3054=VECTOR('',#10793,10.);
#3055=VECTOR('',#10794,10.);
#3056=VECTOR('',#10795,10.);
#3057=VECTOR('',#10802,10.);
#3058=VECTOR('',#10803,10.);
#3059=VECTOR('',#10816,1.85);
#3060=VECTOR('',#10821,10.);
#3061=VECTOR('',#10822,10.);
#3062=VECTOR('',#10823,10.);
#3063=VECTOR('',#10824,10.);
#3064=VECTOR('',#10825,10.);
#3065=VECTOR('',#10826,10.);
#3066=VECTOR('',#10827,10.);
#3067=VECTOR('',#10828,10.);
#3068=VECTOR('',#10829,10.);
#3069=VECTOR('',#10830,10.);
#3070=VECTOR('',#10831,10.);
#3071=VECTOR('',#10832,10.);
#3072=VECTOR('',#10833,10.);
#3073=VECTOR('',#10834,10.);
#3074=VECTOR('',#10835,10.);
#3075=VECTOR('',#10836,10.);
#3076=VECTOR('',#10837,10.);
#3077=VECTOR('',#10838,10.);
#3078=VECTOR('',#10839,10.);
#3079=VECTOR('',#10840,10.);
#3080=VECTOR('',#10841,10.);
#3081=VECTOR('',#10842,10.);
#3082=VECTOR('',#10843,10.);
#3083=VECTOR('',#10844,10.);
#3084=VECTOR('',#10845,10.);
#3085=VECTOR('',#10846,10.);
#3086=VECTOR('',#10847,10.);
#3087=VECTOR('',#10848,10.);
#3088=VECTOR('',#10849,10.);
#3089=VECTOR('',#10850,10.);
#3090=VECTOR('',#10855,10.);
#3091=VECTOR('',#10856,10.);
#3092=VECTOR('',#10857,10.);
#3093=VECTOR('',#10858,10.);
#3094=VECTOR('',#10859,10.);
#3095=VECTOR('',#10860,10.);
#3096=VECTOR('',#10861,10.);
#3097=VECTOR('',#10862,10.);
#3098=VECTOR('',#10863,10.);
#3099=VECTOR('',#10864,10.);
#3100=VECTOR('',#10865,10.);
#3101=VECTOR('',#10866,10.);
#3102=VECTOR('',#10867,10.);
#3103=VECTOR('',#10868,10.);
#3104=VECTOR('',#10869,10.);
#3105=VECTOR('',#10870,10.);
#3106=VECTOR('',#10871,10.);
#3107=VECTOR('',#10872,10.);
#3108=VECTOR('',#10883,10.);
#3109=VECTOR('',#10884,10.);
#3110=VECTOR('',#10885,10.);
#3111=VECTOR('',#10888,10.);
#3112=VECTOR('',#10889,10.);
#3113=VECTOR('',#10892,10.);
#3114=VECTOR('',#10893,10.);
#3115=VECTOR('',#10896,10.);
#3116=VECTOR('',#10897,10.);
#3117=VECTOR('',#10898,10.);
#3118=VECTOR('',#10899,10.);
#3119=VECTOR('',#10902,10.);
#3120=VECTOR('',#10903,10.);
#3121=VECTOR('',#10904,10.);
#3122=VECTOR('',#10905,10.);
#3123=VECTOR('',#10906,10.);
#3124=VECTOR('',#10907,10.);
#3125=VECTOR('',#10908,10.);
#3126=VECTOR('',#10909,10.);
#3127=VECTOR('',#10910,10.);
#3128=VECTOR('',#10917,10.);
#3129=VECTOR('',#10918,10.);
#3130=VECTOR('',#10925,10.);
#3131=VECTOR('',#10926,10.);
#3132=VECTOR('',#10927,10.);
#3133=VECTOR('',#10932,10.);
#3134=VECTOR('',#10933,10.);
#3135=VECTOR('',#10936,10.);
#3136=VECTOR('',#10937,10.);
#3137=VECTOR('',#10938,10.);
#3138=VECTOR('',#10939,10.);
#3139=VECTOR('',#10940,10.);
#3140=VECTOR('',#10941,10.);
#3141=VECTOR('',#10948,10.);
#3142=VECTOR('',#10949,10.);
#3143=VECTOR('',#10960,1.85);
#3144=VECTOR('',#10973,10.);
#3145=VECTOR('',#10974,10.);
#3146=VECTOR('',#10975,10.);
#3147=VECTOR('',#10978,10.);
#3148=VECTOR('',#10979,10.);
#3149=VECTOR('',#10982,10.);
#3150=VECTOR('',#10983,10.);
#3151=VECTOR('',#10986,10.);
#3152=VECTOR('',#10987,10.);
#3153=VECTOR('',#10988,10.);
#3154=VECTOR('',#10989,10.);
#3155=VECTOR('',#10992,10.);
#3156=VECTOR('',#10993,10.);
#3157=VECTOR('',#10994,10.);
#3158=VECTOR('',#10995,10.);
#3159=VECTOR('',#10996,10.);
#3160=VECTOR('',#10997,10.);
#3161=VECTOR('',#10998,10.);
#3162=VECTOR('',#10999,10.);
#3163=VECTOR('',#11000,10.);
#3164=VECTOR('',#11007,10.);
#3165=VECTOR('',#11008,10.);
#3166=VECTOR('',#11013,10.);
#3167=VECTOR('',#11014,10.);
#3168=VECTOR('',#11015,10.);
#3169=VECTOR('',#11018,10.);
#3170=VECTOR('',#11029,10.);
#3171=VECTOR('',#11030,10.);
#3172=VECTOR('',#11033,10.);
#3173=VECTOR('',#11034,10.);
#3174=VECTOR('',#11035,10.);
#3175=VECTOR('',#11036,10.);
#3176=VECTOR('',#11037,10.);
#3177=VECTOR('',#11038,10.);
#3178=VECTOR('',#11047,10.);
#3179=VECTOR('',#11060,3.2);
#3180=VECTOR('',#11065,3.2);
#3181=VECTOR('',#11068,1.85);
#3182=VECTOR('',#11073,3.2);
#3183=VECTOR('',#11076,10.);
#3184=VECTOR('',#11077,10.);
#3185=VECTOR('',#11078,10.);
#3186=VECTOR('',#11079,10.);
#3187=VECTOR('',#11082,10.);
#3188=VECTOR('',#11083,10.);
#3189=VECTOR('',#11086,10.);
#3190=VECTOR('',#11087,10.);
#3191=VECTOR('',#11088,10.);
#3192=VECTOR('',#11091,10.);
#3193=VECTOR('',#11092,10.);
#3194=VECTOR('',#11093,10.);
#3195=VECTOR('',#11096,10.);
#3196=VECTOR('',#11097,10.);
#3197=VECTOR('',#11098,10.);
#3198=VECTOR('',#11101,10.);
#3199=VECTOR('',#11102,10.);
#3200=VECTOR('',#11105,10.);
#3201=VECTOR('',#11106,10.);
#3202=VECTOR('',#11107,10.);
#3203=VECTOR('',#11110,10.);
#3204=VECTOR('',#11111,10.);
#3205=VECTOR('',#11112,10.);
#3206=VECTOR('',#11115,10.);
#3207=VECTOR('',#11116,10.);
#3208=VECTOR('',#11117,10.);
#3209=VECTOR('',#11120,10.);
#3210=VECTOR('',#11121,10.);
#3211=VECTOR('',#11122,10.);
#3212=VECTOR('',#11125,10.);
#3213=VECTOR('',#11126,10.);
#3214=VECTOR('',#11127,10.);
#3215=VECTOR('',#11130,10.);
#3216=VECTOR('',#11131,10.);
#3217=VECTOR('',#11134,10.);
#3218=VECTOR('',#11135,10.);
#3219=VECTOR('',#11136,10.);
#3220=VECTOR('',#11139,10.);
#3221=VECTOR('',#11140,10.);
#3222=VECTOR('',#11143,10.);
#3223=VECTOR('',#11144,10.);
#3224=VECTOR('',#11147,10.);
#3225=VECTOR('',#11148,10.);
#3226=VECTOR('',#11151,10.);
#3227=VECTOR('',#11152,10.);
#3228=VECTOR('',#11155,10.);
#3229=VECTOR('',#11158,10.);
#3230=VECTOR('',#11159,10.);
#3231=VECTOR('',#11160,10.);
#3232=VECTOR('',#11161,10.);
#3233=VECTOR('',#11162,10.);
#3234=VECTOR('',#11163,10.);
#3235=VECTOR('',#11164,10.);
#3236=VECTOR('',#11165,10.);
#3237=VECTOR('',#11166,10.);
#3238=VECTOR('',#11167,10.);
#3239=VECTOR('',#11168,10.);
#3240=VECTOR('',#11169,10.);
#3241=VECTOR('',#11170,10.);
#3242=VECTOR('',#11171,10.);
#3243=VECTOR('',#11172,10.);
#3244=VECTOR('',#11173,10.);
#3245=VECTOR('',#11174,10.);
#3246=VECTOR('',#11175,10.);
#3247=VECTOR('',#11178,10.);
#3248=VECTOR('',#11179,10.);
#3249=VECTOR('',#11180,10.);
#3250=VECTOR('',#11183,10.);
#3251=VECTOR('',#11186,10.);
#3252=VECTOR('',#11189,10.);
#3253=VECTOR('',#11192,10.);
#3254=VECTOR('',#11193,10.);
#3255=VECTOR('',#11196,10.);
#3256=VECTOR('',#11197,10.);
#3257=VECTOR('',#11200,10.);
#3258=VECTOR('',#11201,10.);
#3259=VECTOR('',#11204,10.);
#3260=VECTOR('',#11205,10.);
#3261=VECTOR('',#11208,10.);
#3262=VECTOR('',#11209,10.);
#3263=VECTOR('',#11212,10.);
#3264=VECTOR('',#11213,10.);
#3265=VECTOR('',#11216,10.);
#3266=VECTOR('',#11217,10.);
#3267=VECTOR('',#11220,10.);
#3268=VECTOR('',#11221,10.);
#3269=VECTOR('',#11224,10.);
#3270=VECTOR('',#11225,10.);
#3271=VECTOR('',#11228,10.);
#3272=VECTOR('',#11231,10.);
#3273=VECTOR('',#11234,10.);
#3274=VECTOR('',#11237,10.);
#3275=VECTOR('',#11238,10.);
#3276=VECTOR('',#11241,10.);
#3277=VECTOR('',#11244,10.);
#3278=VECTOR('',#11245,10.);
#3279=VECTOR('',#11248,10.);
#3280=VECTOR('',#11253,10.);
#3281=VECTOR('',#11256,10.);
#3282=VECTOR('',#11261,10.);
#3283=VECTOR('',#11262,10.);
#3284=VECTOR('',#11263,10.);
#3285=VECTOR('',#11264,10.);
#3286=VECTOR('',#11267,10.);
#3287=VECTOR('',#11268,10.);
#3288=VECTOR('',#11271,10.);
#3289=VECTOR('',#11272,10.);
#3290=VECTOR('',#11281,10.);
#3291=VECTOR('',#11282,10.);
#3292=VECTOR('',#11285,10.);
#3293=VECTOR('',#11286,10.);
#3294=VECTOR('',#11289,10.);
#3295=VECTOR('',#11290,10.);
#3296=VECTOR('',#11293,10.);
#3297=VECTOR('',#11294,10.);
#3298=VECTOR('',#11297,10.);
#3299=VECTOR('',#11298,10.);
#3300=VECTOR('',#11303,10.);
#3301=VECTOR('',#11308,10.);
#3302=VECTOR('',#11309,10.);
#3303=VECTOR('',#11312,10.);
#3304=VECTOR('',#11313,10.);
#3305=VECTOR('',#11320,10.);
#3306=VECTOR('',#11323,10.);
#3307=VECTOR('',#11324,10.);
#3308=VECTOR('',#11325,10.);
#3309=VECTOR('',#11326,10.);
#3310=VECTOR('',#11335,10.);
#3311=VECTOR('',#11336,10.);
#3312=VECTOR('',#11337,10.);
#3313=VECTOR('',#11340,10.);
#3314=VECTOR('',#11345,10.);
#3315=VECTOR('',#11348,10.);
#3316=VECTOR('',#11351,10.);
#3317=VECTOR('',#11356,10.);
#3318=VECTOR('',#11357,10.);
#3319=VECTOR('',#11358,10.);
#3320=VECTOR('',#11361,10.);
#3321=VECTOR('',#11362,10.);
#3322=VECTOR('',#11365,10.);
#3323=VECTOR('',#11370,10.);
#3324=VECTOR('',#11379,10.);
#3325=VECTOR('',#11382,10.);
#3326=VECTOR('',#11387,10.);
#3327=VECTOR('',#11388,10.);
#3328=VECTOR('',#11389,10.);
#3329=VECTOR('',#11390,10.);
#3330=VECTOR('',#11391,10.);
#3331=VECTOR('',#11392,10.);
#3332=VECTOR('',#11393,10.);
#3333=VECTOR('',#11394,10.);
#3334=VECTOR('',#11395,10.);
#3335=VECTOR('',#11396,10.);
#3336=VECTOR('',#11399,10.);
#3337=VECTOR('',#11404,10.);
#3338=VECTOR('',#11405,10.);
#3339=VECTOR('',#11406,10.);
#3340=VECTOR('',#11411,10.);
#3341=VECTOR('',#11414,10.);
#3342=VECTOR('',#11415,10.);
#3343=VECTOR('',#11416,10.);
#3344=VECTOR('',#11417,10.);
#3345=VECTOR('',#11428,10.);
#3346=VECTOR('',#11431,10.);
#3347=VECTOR('',#11432,10.);
#3348=VECTOR('',#11439,10.);
#3349=VECTOR('',#11440,10.);
#3350=VECTOR('',#11447,10.);
#3351=VECTOR('',#11448,10.);
#3352=VECTOR('',#11451,10.);
#3353=VECTOR('',#11454,10.);
#3354=VECTOR('',#11457,10.);
#3355=VECTOR('',#11460,10.);
#3356=VECTOR('',#11465,10.);
#3357=VECTOR('',#11470,10.);
#3358=VECTOR('',#11473,10.);
#3359=VECTOR('',#11476,10.);
#3360=VECTOR('',#11479,10.);
#3361=VECTOR('',#11482,10.);
#3362=VERTEX_POINT('',#11494);
#3363=VERTEX_POINT('',#11495);
#3364=VERTEX_POINT('',#11497);
#3365=VERTEX_POINT('',#11499);
#3366=VERTEX_POINT('',#11503);
#3367=VERTEX_POINT('',#11505);
#3368=VERTEX_POINT('',#11509);
#3369=VERTEX_POINT('',#11511);
#3370=VERTEX_POINT('',#11515);
#3371=VERTEX_POINT('',#11517);
#3372=VERTEX_POINT('',#11521);
#3373=VERTEX_POINT('',#11522);
#3374=VERTEX_POINT('',#11524);
#3375=VERTEX_POINT('',#11526);
#3376=VERTEX_POINT('',#11533);
#3377=VERTEX_POINT('',#11535);
#3378=VERTEX_POINT('',#11539);
#3379=VERTEX_POINT('',#11541);
#3380=VERTEX_POINT('',#11545);
#3381=VERTEX_POINT('',#11547);
#3382=VERTEX_POINT('',#11551);
#3383=VERTEX_POINT('',#11553);
#3384=VERTEX_POINT('',#11557);
#3385=VERTEX_POINT('',#11559);
#3386=VERTEX_POINT('',#11566);
#3387=VERTEX_POINT('',#11568);
#3388=VERTEX_POINT('',#11572);
#3389=VERTEX_POINT('',#11576);
#3390=VERTEX_POINT('',#11580);
#3391=VERTEX_POINT('',#11584);
#3392=VERTEX_POINT('',#11588);
#3393=VERTEX_POINT('',#11592);
#3394=VERTEX_POINT('',#11593);
#3395=VERTEX_POINT('',#11595);
#3396=VERTEX_POINT('',#11597);
#3397=VERTEX_POINT('',#11599);
#3398=VERTEX_POINT('',#11601);
#3399=VERTEX_POINT('',#11603);
#3400=VERTEX_POINT('',#11605);
#3401=VERTEX_POINT('',#11607);
#3402=VERTEX_POINT('',#11609);
#3403=VERTEX_POINT('',#11611);
#3404=VERTEX_POINT('',#11613);
#3405=VERTEX_POINT('',#11615);
#3406=VERTEX_POINT('',#11617);
#3407=VERTEX_POINT('',#11619);
#3408=VERTEX_POINT('',#11621);
#3409=VERTEX_POINT('',#11623);
#3410=VERTEX_POINT('',#11625);
#3411=VERTEX_POINT('',#11628);
#3412=VERTEX_POINT('',#11629);
#3413=VERTEX_POINT('',#11631);
#3414=VERTEX_POINT('',#11633);
#3415=VERTEX_POINT('',#11635);
#3416=VERTEX_POINT('',#11637);
#3417=VERTEX_POINT('',#11640);
#3418=VERTEX_POINT('',#11641);
#3419=VERTEX_POINT('',#11643);
#3420=VERTEX_POINT('',#11645);
#3421=VERTEX_POINT('',#11647);
#3422=VERTEX_POINT('',#11649);
#3423=VERTEX_POINT('',#11652);
#3424=VERTEX_POINT('',#11653);
#3425=VERTEX_POINT('',#11655);
#3426=VERTEX_POINT('',#11657);
#3427=VERTEX_POINT('',#11660);
#3428=VERTEX_POINT('',#11661);
#3429=VERTEX_POINT('',#11663);
#3430=VERTEX_POINT('',#11665);
#3431=VERTEX_POINT('',#11667);
#3432=VERTEX_POINT('',#11670);
#3433=VERTEX_POINT('',#11671);
#3434=VERTEX_POINT('',#11673);
#3435=VERTEX_POINT('',#11675);
#3436=VERTEX_POINT('',#11677);
#3437=VERTEX_POINT('',#11680);
#3438=VERTEX_POINT('',#11681);
#3439=VERTEX_POINT('',#11683);
#3440=VERTEX_POINT('',#11685);
#3441=VERTEX_POINT('',#11687);
#3442=VERTEX_POINT('',#11689);
#3443=VERTEX_POINT('',#11692);
#3444=VERTEX_POINT('',#11693);
#3445=VERTEX_POINT('',#11695);
#3446=VERTEX_POINT('',#11697);
#3447=VERTEX_POINT('',#11699);
#3448=VERTEX_POINT('',#11702);
#3449=VERTEX_POINT('',#11703);
#3450=VERTEX_POINT('',#11705);
#3451=VERTEX_POINT('',#11707);
#3452=VERTEX_POINT('',#11709);
#3453=VERTEX_POINT('',#11712);
#3454=VERTEX_POINT('',#11713);
#3455=VERTEX_POINT('',#11715);
#3456=VERTEX_POINT('',#11717);
#3457=VERTEX_POINT('',#11719);
#3458=VERTEX_POINT('',#11721);
#3459=VERTEX_POINT('',#11724);
#3460=VERTEX_POINT('',#11725);
#3461=VERTEX_POINT('',#11727);
#3462=VERTEX_POINT('',#11729);
#3463=VERTEX_POINT('',#11731);
#3464=VERTEX_POINT('',#11733);
#3465=VERTEX_POINT('',#11736);
#3466=VERTEX_POINT('',#11737);
#3467=VERTEX_POINT('',#11739);
#3468=VERTEX_POINT('',#11741);
#3469=VERTEX_POINT('',#11743);
#3470=VERTEX_POINT('',#11745);
#3471=VERTEX_POINT('',#11748);
#3472=VERTEX_POINT('',#11749);
#3473=VERTEX_POINT('',#11751);
#3474=VERTEX_POINT('',#11753);
#3475=VERTEX_POINT('',#11755);
#3476=VERTEX_POINT('',#11758);
#3477=VERTEX_POINT('',#11759);
#3478=VERTEX_POINT('',#11761);
#3479=VERTEX_POINT('',#11763);
#3480=VERTEX_POINT('',#11765);
#3481=VERTEX_POINT('',#11767);
#3482=VERTEX_POINT('',#11770);
#3483=VERTEX_POINT('',#11771);
#3484=VERTEX_POINT('',#11773);
#3485=VERTEX_POINT('',#11775);
#3486=VERTEX_POINT('',#11778);
#3487=VERTEX_POINT('',#11779);
#3488=VERTEX_POINT('',#11781);
#3489=VERTEX_POINT('',#11783);
#3490=VERTEX_POINT('',#11785);
#3491=VERTEX_POINT('',#11787);
#3492=VERTEX_POINT('',#11791);
#3493=VERTEX_POINT('',#11792);
#3494=VERTEX_POINT('',#11797);
#3495=VERTEX_POINT('',#11799);
#3496=VERTEX_POINT('',#11803);
#3497=VERTEX_POINT('',#11805);
#3498=VERTEX_POINT('',#11809);
#3499=VERTEX_POINT('',#11811);
#3500=VERTEX_POINT('',#11815);
#3501=VERTEX_POINT('',#11817);
#3502=VERTEX_POINT('',#11821);
#3503=VERTEX_POINT('',#11823);
#3504=VERTEX_POINT('',#11827);
#3505=VERTEX_POINT('',#11832);
#3506=VERTEX_POINT('',#11836);
#3507=VERTEX_POINT('',#11840);
#3508=VERTEX_POINT('',#11844);
#3509=VERTEX_POINT('',#11850);
#3510=VERTEX_POINT('',#11851);
#3511=VERTEX_POINT('',#11853);
#3512=VERTEX_POINT('',#11855);
#3513=VERTEX_POINT('',#11857);
#3514=VERTEX_POINT('',#11859);
#3515=VERTEX_POINT('',#11861);
#3516=VERTEX_POINT('',#11863);
#3517=VERTEX_POINT('',#11865);
#3518=VERTEX_POINT('',#11867);
#3519=VERTEX_POINT('',#11869);
#3520=VERTEX_POINT('',#11871);
#3521=VERTEX_POINT('',#11875);
#3522=VERTEX_POINT('',#11877);
#3523=VERTEX_POINT('',#11881);
#3524=VERTEX_POINT('',#11883);
#3525=VERTEX_POINT('',#11887);
#3526=VERTEX_POINT('',#11889);
#3527=VERTEX_POINT('',#11891);
#3528=VERTEX_POINT('',#11893);
#3529=VERTEX_POINT('',#11897);
#3530=VERTEX_POINT('',#11898);
#3531=VERTEX_POINT('',#11900);
#3532=VERTEX_POINT('',#11902);
#3533=VERTEX_POINT('',#11911);
#3534=VERTEX_POINT('',#11912);
#3535=VERTEX_POINT('',#11914);
#3536=VERTEX_POINT('',#11916);
#3537=VERTEX_POINT('',#11918);
#3538=VERTEX_POINT('',#11920);
#3539=VERTEX_POINT('',#11922);
#3540=VERTEX_POINT('',#11924);
#3541=VERTEX_POINT('',#11926);
#3542=VERTEX_POINT('',#11928);
#3543=VERTEX_POINT('',#11930);
#3544=VERTEX_POINT('',#11932);
#3545=VERTEX_POINT('',#11936);
#3546=VERTEX_POINT('',#11937);
#3547=VERTEX_POINT('',#11939);
#3548=VERTEX_POINT('',#11941);
#3549=VERTEX_POINT('',#11943);
#3550=VERTEX_POINT('',#11945);
#3551=VERTEX_POINT('',#11947);
#3552=VERTEX_POINT('',#11949);
#3553=VERTEX_POINT('',#11951);
#3554=VERTEX_POINT('',#11958);
#3555=VERTEX_POINT('',#11962);
#3556=VERTEX_POINT('',#11964);
#3557=VERTEX_POINT('',#11968);
#3558=VERTEX_POINT('',#11969);
#3559=VERTEX_POINT('',#11971);
#3560=VERTEX_POINT('',#11973);
#3561=VERTEX_POINT('',#11982);
#3562=VERTEX_POINT('',#11983);
#3563=VERTEX_POINT('',#11985);
#3564=VERTEX_POINT('',#11987);
#3565=VERTEX_POINT('',#11989);
#3566=VERTEX_POINT('',#11996);
#3567=VERTEX_POINT('',#11998);
#3568=VERTEX_POINT('',#12000);
#3569=VERTEX_POINT('',#12002);
#3570=VERTEX_POINT('',#12004);
#3571=VERTEX_POINT('',#12008);
#3572=VERTEX_POINT('',#12009);
#3573=VERTEX_POINT('',#12011);
#3574=VERTEX_POINT('',#12013);
#3575=VERTEX_POINT('',#12015);
#3576=VERTEX_POINT('',#12017);
#3577=VERTEX_POINT('',#12019);
#3578=VERTEX_POINT('',#12021);
#3579=VERTEX_POINT('',#12023);
#3580=VERTEX_POINT('',#12025);
#3581=VERTEX_POINT('',#12029);
#3582=VERTEX_POINT('',#12030);
#3583=VERTEX_POINT('',#12032);
#3584=VERTEX_POINT('',#12034);
#3585=VERTEX_POINT('',#12043);
#3586=VERTEX_POINT('',#12044);
#3587=VERTEX_POINT('',#12046);
#3588=VERTEX_POINT('',#12048);
#3589=VERTEX_POINT('',#12052);
#3590=VERTEX_POINT('',#12053);
#3591=VERTEX_POINT('',#12055);
#3592=VERTEX_POINT('',#12057);
#3593=VERTEX_POINT('',#12059);
#3594=VERTEX_POINT('',#12066);
#3595=VERTEX_POINT('',#12068);
#3596=VERTEX_POINT('',#12070);
#3597=VERTEX_POINT('',#12072);
#3598=VERTEX_POINT('',#12074);
#3599=VERTEX_POINT('',#12078);
#3600=VERTEX_POINT('',#12079);
#3601=VERTEX_POINT('',#12081);
#3602=VERTEX_POINT('',#12083);
#3603=VERTEX_POINT('',#12087);
#3604=VERTEX_POINT('',#12088);
#3605=VERTEX_POINT('',#12090);
#3606=VERTEX_POINT('',#12092);
#3607=VERTEX_POINT('',#12096);
#3608=VERTEX_POINT('',#12098);
#3609=VERTEX_POINT('',#12128);
#3610=VERTEX_POINT('',#12135);
#3611=VERTEX_POINT('',#12149);
#3612=VERTEX_POINT('',#12154);
#3613=VERTEX_POINT('',#12156);
#3614=VERTEX_POINT('',#12160);
#3615=VERTEX_POINT('',#12165);
#3616=VERTEX_POINT('',#12167);
#3617=VERTEX_POINT('',#12171);
#3618=VERTEX_POINT('',#12199);
#3619=VERTEX_POINT('',#12206);
#3620=VERTEX_POINT('',#12220);
#3621=VERTEX_POINT('',#12225);
#3622=VERTEX_POINT('',#12252);
#3623=VERTEX_POINT('',#12259);
#3624=VERTEX_POINT('',#12273);
#3625=VERTEX_POINT('',#12278);
#3626=VERTEX_POINT('',#12280);
#3627=VERTEX_POINT('',#12284);
#3628=VERTEX_POINT('',#12312);
#3629=VERTEX_POINT('',#12319);
#3630=VERTEX_POINT('',#12333);
#3631=VERTEX_POINT('',#12361);
#3632=VERTEX_POINT('',#12368);
#3633=VERTEX_POINT('',#12382);
#3634=VERTEX_POINT('',#12410);
#3635=VERTEX_POINT('',#12417);
#3636=VERTEX_POINT('',#12432);
#3637=VERTEX_POINT('',#12436);
#3638=VERTEX_POINT('',#12438);
#3639=VERTEX_POINT('',#12441);
#3640=VERTEX_POINT('',#12444);
#3641=VERTEX_POINT('',#12446);
#3642=VERTEX_POINT('',#12449);
#3643=VERTEX_POINT('',#12452);
#3644=VERTEX_POINT('',#12455);
#3645=VERTEX_POINT('',#12458);
#3646=VERTEX_POINT('',#12461);
#3647=VERTEX_POINT('',#12463);
#3648=VERTEX_POINT('',#12465);
#3649=VERTEX_POINT('',#12469);
#3650=VERTEX_POINT('',#12472);
#3651=VERTEX_POINT('',#12473);
#3652=VERTEX_POINT('',#12475);
#3653=VERTEX_POINT('',#12477);
#3654=VERTEX_POINT('',#12639);
#3655=VERTEX_POINT('',#12640);
#3656=VERTEX_POINT('',#12642);
#3657=VERTEX_POINT('',#12644);
#3658=VERTEX_POINT('',#12648);
#3659=VERTEX_POINT('',#12650);
#3660=VERTEX_POINT('',#12654);
#3661=VERTEX_POINT('',#12656);
#3662=VERTEX_POINT('',#12660);
#3663=VERTEX_POINT('',#12662);
#3664=VERTEX_POINT('',#12666);
#3665=VERTEX_POINT('',#12668);
#3666=VERTEX_POINT('',#12672);
#3667=VERTEX_POINT('',#12674);
#3668=VERTEX_POINT('',#12678);
#3669=VERTEX_POINT('',#12680);
#3670=VERTEX_POINT('',#12684);
#3671=VERTEX_POINT('',#12686);
#3672=VERTEX_POINT('',#12690);
#3673=VERTEX_POINT('',#12692);
#3674=VERTEX_POINT('',#12696);
#3675=VERTEX_POINT('',#12698);
#3676=VERTEX_POINT('',#12702);
#3677=VERTEX_POINT('',#12704);
#3678=VERTEX_POINT('',#12711);
#3679=VERTEX_POINT('',#12713);
#3680=VERTEX_POINT('',#12717);
#3681=VERTEX_POINT('',#12721);
#3682=VERTEX_POINT('',#12725);
#3683=VERTEX_POINT('',#12729);
#3684=VERTEX_POINT('',#12733);
#3685=VERTEX_POINT('',#12737);
#3686=VERTEX_POINT('',#12738);
#3687=VERTEX_POINT('',#12740);
#3688=VERTEX_POINT('',#12742);
#3689=VERTEX_POINT('',#12744);
#3690=VERTEX_POINT('',#12746);
#3691=VERTEX_POINT('',#12748);
#3692=VERTEX_POINT('',#12750);
#3693=VERTEX_POINT('',#12752);
#3694=VERTEX_POINT('',#12754);
#3695=VERTEX_POINT('',#12756);
#3696=VERTEX_POINT('',#12758);
#3697=VERTEX_POINT('',#12762);
#3698=VERTEX_POINT('',#12763);
#3699=VERTEX_POINT('',#12765);
#3700=VERTEX_POINT('',#12767);
#3701=VERTEX_POINT('',#12771);
#3702=VERTEX_POINT('',#12773);
#3703=VERTEX_POINT('',#12777);
#3704=VERTEX_POINT('',#12779);
#3705=VERTEX_POINT('',#12781);
#3706=VERTEX_POINT('',#12783);
#3707=VERTEX_POINT('',#12787);
#3708=VERTEX_POINT('',#12788);
#3709=VERTEX_POINT('',#12790);
#3710=VERTEX_POINT('',#12792);
#3711=VERTEX_POINT('',#12796);
#3712=VERTEX_POINT('',#12798);
#3713=VERTEX_POINT('',#12800);
#3714=VERTEX_POINT('',#12802);
#3715=VERTEX_POINT('',#12804);
#3716=VERTEX_POINT('',#12806);
#3717=VERTEX_POINT('',#12808);
#3718=VERTEX_POINT('',#12810);
#3719=VERTEX_POINT('',#12812);
#3720=VERTEX_POINT('',#12814);
#3721=VERTEX_POINT('',#12816);
#3722=VERTEX_POINT('',#12819);
#3723=VERTEX_POINT('',#12823);
#3724=VERTEX_POINT('',#12824);
#3725=VERTEX_POINT('',#12826);
#3726=VERTEX_POINT('',#12828);
#3727=VERTEX_POINT('',#12832);
#3728=VERTEX_POINT('',#12834);
#3729=VERTEX_POINT('',#12836);
#3730=VERTEX_POINT('',#12839);
#3731=VERTEX_POINT('',#12841);
#3732=VERTEX_POINT('',#12843);
#3733=VERTEX_POINT('',#12845);
#3734=VERTEX_POINT('',#12847);
#3735=VERTEX_POINT('',#12849);
#3736=VERTEX_POINT('',#12851);
#3737=VERTEX_POINT('',#12853);
#3738=VERTEX_POINT('',#12855);
#3739=VERTEX_POINT('',#12859);
#3740=VERTEX_POINT('',#12861);
#3741=VERTEX_POINT('',#12865);
#3742=VERTEX_POINT('',#12867);
#3743=VERTEX_POINT('',#12871);
#3744=VERTEX_POINT('',#12872);
#3745=VERTEX_POINT('',#12874);
#3746=VERTEX_POINT('',#12876);
#3747=VERTEX_POINT('',#12880);
#3748=VERTEX_POINT('',#12882);
#3749=VERTEX_POINT('',#12884);
#3750=VERTEX_POINT('',#12887);
#3751=VERTEX_POINT('',#12889);
#3752=VERTEX_POINT('',#12891);
#3753=VERTEX_POINT('',#12893);
#3754=VERTEX_POINT('',#12895);
#3755=VERTEX_POINT('',#12897);
#3756=VERTEX_POINT('',#12899);
#3757=VERTEX_POINT('',#12904);
#3758=VERTEX_POINT('',#12908);
#3759=VERTEX_POINT('',#12910);
#3760=VERTEX_POINT('',#12914);
#3761=VERTEX_POINT('',#12915);
#3762=VERTEX_POINT('',#12917);
#3763=VERTEX_POINT('',#12919);
#3764=VERTEX_POINT('',#12923);
#3765=VERTEX_POINT('',#12925);
#3766=VERTEX_POINT('',#12927);
#3767=VERTEX_POINT('',#12930);
#3768=VERTEX_POINT('',#12932);
#3769=VERTEX_POINT('',#12934);
#3770=VERTEX_POINT('',#12936);
#3771=VERTEX_POINT('',#12938);
#3772=VERTEX_POINT('',#12940);
#3773=VERTEX_POINT('',#12942);
#3774=VERTEX_POINT('',#12944);
#3775=VERTEX_POINT('',#12946);
#3776=VERTEX_POINT('',#12950);
#3777=VERTEX_POINT('',#12952);
#3778=VERTEX_POINT('',#12956);
#3779=VERTEX_POINT('',#12958);
#3780=VERTEX_POINT('',#12962);
#3781=VERTEX_POINT('',#12963);
#3782=VERTEX_POINT('',#12965);
#3783=VERTEX_POINT('',#12967);
#3784=VERTEX_POINT('',#12971);
#3785=VERTEX_POINT('',#12973);
#3786=VERTEX_POINT('',#12975);
#3787=VERTEX_POINT('',#12978);
#3788=VERTEX_POINT('',#12980);
#3789=VERTEX_POINT('',#12982);
#3790=VERTEX_POINT('',#12984);
#3791=VERTEX_POINT('',#12986);
#3792=VERTEX_POINT('',#12988);
#3793=VERTEX_POINT('',#12990);
#3794=VERTEX_POINT('',#12992);
#3795=VERTEX_POINT('',#12994);
#3796=VERTEX_POINT('',#12998);
#3797=VERTEX_POINT('',#13000);
#3798=VERTEX_POINT('',#13004);
#3799=VERTEX_POINT('',#13006);
#3800=VERTEX_POINT('',#13010);
#3801=VERTEX_POINT('',#13011);
#3802=VERTEX_POINT('',#13013);
#3803=VERTEX_POINT('',#13015);
#3804=VERTEX_POINT('',#13022);
#3805=VERTEX_POINT('',#13023);
#3806=VERTEX_POINT('',#13025);
#3807=VERTEX_POINT('',#13027);
#3808=VERTEX_POINT('',#13031);
#3809=VERTEX_POINT('',#13033);
#3810=VERTEX_POINT('',#13036);
#3811=VERTEX_POINT('',#13038);
#3812=VERTEX_POINT('',#13040);
#3813=VERTEX_POINT('',#13042);
#3814=VERTEX_POINT('',#13044);
#3815=VERTEX_POINT('',#13046);
#3816=VERTEX_POINT('',#13049);
#3817=VERTEX_POINT('',#13051);
#3818=VERTEX_POINT('',#13055);
#3819=VERTEX_POINT('',#13057);
#3820=VERTEX_POINT('',#13061);
#3821=VERTEX_POINT('',#13063);
#3822=VERTEX_POINT('',#13067);
#3823=VERTEX_POINT('',#13069);
#3824=VERTEX_POINT('',#13073);
#3825=VERTEX_POINT('',#13075);
#3826=VERTEX_POINT('',#13078);
#3827=VERTEX_POINT('',#13080);
#3828=VERTEX_POINT('',#13082);
#3829=VERTEX_POINT('',#13084);
#3830=VERTEX_POINT('',#13086);
#3831=VERTEX_POINT('',#13088);
#3832=VERTEX_POINT('',#13092);
#3833=VERTEX_POINT('',#13094);
#3834=VERTEX_POINT('',#13097);
#3835=VERTEX_POINT('',#13099);
#3836=VERTEX_POINT('',#13101);
#3837=VERTEX_POINT('',#13104);
#3838=VERTEX_POINT('',#13107);
#3839=VERTEX_POINT('',#13109);
#3840=VERTEX_POINT('',#13111);
#3841=VERTEX_POINT('',#13113);
#3842=VERTEX_POINT('',#13116);
#3843=VERTEX_POINT('',#13118);
#3844=VERTEX_POINT('',#13121);
#3845=VERTEX_POINT('',#13123);
#3846=VERTEX_POINT('',#13125);
#3847=VERTEX_POINT('',#13128);
#3848=VERTEX_POINT('',#13130);
#3849=VERTEX_POINT('',#13132);
#3850=VERTEX_POINT('',#13134);
#3851=VERTEX_POINT('',#13137);
#3852=VERTEX_POINT('',#13139);
#3853=VERTEX_POINT('',#13142);
#3854=VERTEX_POINT('',#13144);
#3855=VERTEX_POINT('',#13146);
#3856=VERTEX_POINT('',#13149);
#3857=VERTEX_POINT('',#13151);
#3858=VERTEX_POINT('',#13154);
#3859=VERTEX_POINT('',#13156);
#3860=VERTEX_POINT('',#13158);
#3861=VERTEX_POINT('',#13161);
#3862=VERTEX_POINT('',#13163);
#3863=VERTEX_POINT('',#13166);
#3864=VERTEX_POINT('',#13168);
#3865=VERTEX_POINT('',#13170);
#3866=VERTEX_POINT('',#13173);
#3867=VERTEX_POINT('',#13175);
#3868=VERTEX_POINT('',#13177);
#3869=VERTEX_POINT('',#13179);
#3870=VERTEX_POINT('',#13182);
#3871=VERTEX_POINT('',#13183);
#3872=VERTEX_POINT('',#13185);
#3873=VERTEX_POINT('',#13187);
#3874=VERTEX_POINT('',#13191);
#3875=VERTEX_POINT('',#13197);
#3876=VERTEX_POINT('',#13203);
#3877=VERTEX_POINT('',#13209);
#3878=VERTEX_POINT('',#13215);
#3879=VERTEX_POINT('',#13216);
#3880=VERTEX_POINT('',#13221);
#3881=VERTEX_POINT('',#13225);
#3882=VERTEX_POINT('',#13231);
#3883=VERTEX_POINT('',#13232);
#3884=VERTEX_POINT('',#13239);
#3885=VERTEX_POINT('',#13245);
#3886=VERTEX_POINT('',#13246);
#3887=VERTEX_POINT('',#13251);
#3888=VERTEX_POINT('',#13257);
#3889=VERTEX_POINT('',#13261);
#3890=VERTEX_POINT('',#13265);
#3891=VERTEX_POINT('',#13269);
#3892=VERTEX_POINT('',#13277);
#3893=VERTEX_POINT('',#13281);
#3894=VERTEX_POINT('',#13287);
#3895=VERTEX_POINT('',#13291);
#3896=VERTEX_POINT('',#13295);
#3897=VERTEX_POINT('',#13299);
#3898=VERTEX_POINT('',#13305);
#3899=VERTEX_POINT('',#13311);
#3900=VERTEX_POINT('',#13317);
#3901=VERTEX_POINT('',#13321);
#3902=VERTEX_POINT('',#13325);
#3903=VERTEX_POINT('',#13334);
#3904=VERTEX_POINT('',#13335);
#3905=VERTEX_POINT('',#13342);
#3906=VERTEX_POINT('',#13350);
#3907=VERTEX_POINT('',#13354);
#3908=VERTEX_POINT('',#13364);
#3909=VERTEX_POINT('',#13368);
#3910=VERTEX_POINT('',#13372);
#3911=VERTEX_POINT('',#13376);
#3912=VERTEX_POINT('',#13382);
#3913=VERTEX_POINT('',#13386);
#3914=VERTEX_POINT('',#13390);
#3915=VERTEX_POINT('',#13396);
#3916=VERTEX_POINT('',#13397);
#3917=VERTEX_POINT('',#13404);
#3918=VERTEX_POINT('',#13412);
#3919=VERTEX_POINT('',#13416);
#3920=VERTEX_POINT('',#13422);
#3921=VERTEX_POINT('',#13423);
#3922=VERTEX_POINT('',#13430);
#3923=VERTEX_POINT('',#13436);
#3924=VERTEX_POINT('',#13440);
#3925=VERTEX_POINT('',#13444);
#3926=VERTEX_POINT('',#13448);
#3927=VERTEX_POINT('',#13452);
#3928=VERTEX_POINT('',#13460);
#3929=VERTEX_POINT('',#13461);
#3930=VERTEX_POINT('',#13463);
#3931=VERTEX_POINT('',#13465);
#3932=VERTEX_POINT('',#13467);
#3933=VERTEX_POINT('',#13469);
#3934=VERTEX_POINT('',#13471);
#3935=VERTEX_POINT('',#13473);
#3936=VERTEX_POINT('',#13475);
#3937=VERTEX_POINT('',#13481);
#3938=VERTEX_POINT('',#13483);
#3939=VERTEX_POINT('',#13487);
#3940=VERTEX_POINT('',#13489);
#3941=VERTEX_POINT('',#13493);
#3942=VERTEX_POINT('',#13495);
#3943=VERTEX_POINT('',#13497);
#3944=VERTEX_POINT('',#13501);
#3945=VERTEX_POINT('',#13503);
#3946=VERTEX_POINT('',#13506);
#3947=VERTEX_POINT('',#13508);
#3948=VERTEX_POINT('',#13514);
#3949=VERTEX_POINT('',#13518);
#3950=VERTEX_POINT('',#13524);
#3951=VERTEX_POINT('',#13528);
#3952=VERTEX_POINT('',#13529);
#3953=VERTEX_POINT('',#13531);
#3954=VERTEX_POINT('',#13533);
#3955=VERTEX_POINT('',#13535);
#3956=VERTEX_POINT('',#13537);
#3957=VERTEX_POINT('',#13539);
#3958=VERTEX_POINT('',#13541);
#3959=VERTEX_POINT('',#13543);
#3960=VERTEX_POINT('',#13545);
#3961=VERTEX_POINT('',#13547);
#3962=VERTEX_POINT('',#13549);
#3963=VERTEX_POINT('',#13551);
#3964=VERTEX_POINT('',#13553);
#3965=VERTEX_POINT('',#13555);
#3966=VERTEX_POINT('',#13557);
#3967=VERTEX_POINT('',#13559);
#3968=VERTEX_POINT('',#13561);
#3969=VERTEX_POINT('',#13563);
#3970=VERTEX_POINT('',#13565);
#3971=VERTEX_POINT('',#13567);
#3972=VERTEX_POINT('',#13569);
#3973=VERTEX_POINT('',#13571);
#3974=VERTEX_POINT('',#13573);
#3975=VERTEX_POINT('',#13575);
#3976=VERTEX_POINT('',#13577);
#3977=VERTEX_POINT('',#13579);
#3978=VERTEX_POINT('',#13581);
#3979=VERTEX_POINT('',#13583);
#3980=VERTEX_POINT('',#13585);
#3981=VERTEX_POINT('',#13588);
#3982=VERTEX_POINT('',#13590);
#3983=VERTEX_POINT('',#13592);
#3984=VERTEX_POINT('',#13593);
#3985=VERTEX_POINT('',#13595);
#3986=VERTEX_POINT('',#13597);
#3987=VERTEX_POINT('',#13599);
#3988=VERTEX_POINT('',#13601);
#3989=VERTEX_POINT('',#13603);
#3990=VERTEX_POINT('',#13605);
#3991=VERTEX_POINT('',#13607);
#3992=VERTEX_POINT('',#13609);
#3993=VERTEX_POINT('',#13611);
#3994=VERTEX_POINT('',#13613);
#3995=VERTEX_POINT('',#13615);
#3996=VERTEX_POINT('',#13617);
#3997=VERTEX_POINT('',#13619);
#3998=VERTEX_POINT('',#13621);
#3999=VERTEX_POINT('',#13623);
#4000=VERTEX_POINT('',#13625);
#4001=VERTEX_POINT('',#13633);
#4002=VERTEX_POINT('',#13635);
#4003=VERTEX_POINT('',#13639);
#4004=VERTEX_POINT('',#13643);
#4005=VERTEX_POINT('',#13647);
#4006=VERTEX_POINT('',#13648);
#4007=VERTEX_POINT('',#13650);
#4008=VERTEX_POINT('',#13652);
#4009=VERTEX_POINT('',#13656);
#4010=VERTEX_POINT('',#13657);
#4011=VERTEX_POINT('',#13659);
#4012=VERTEX_POINT('',#13661);
#4013=VERTEX_POINT('',#13663);
#4014=VERTEX_POINT('',#13665);
#4015=VERTEX_POINT('',#13667);
#4016=VERTEX_POINT('',#13669);
#4017=VERTEX_POINT('',#13671);
#4018=VERTEX_POINT('',#13677);
#4019=VERTEX_POINT('',#13679);
#4020=VERTEX_POINT('',#13681);
#4021=VERTEX_POINT('',#13685);
#4022=VERTEX_POINT('',#13687);
#4023=VERTEX_POINT('',#13691);
#4024=VERTEX_POINT('',#13693);
#4025=VERTEX_POINT('',#13697);
#4026=VERTEX_POINT('',#13699);
#4027=VERTEX_POINT('',#13702);
#4028=VERTEX_POINT('',#13704);
#4029=VERTEX_POINT('',#13710);
#4030=VERTEX_POINT('',#13717);
#4031=VERTEX_POINT('',#13726);
#4032=VERTEX_POINT('',#13728);
#4033=VERTEX_POINT('',#13732);
#4034=VERTEX_POINT('',#13736);
#4035=VERTEX_POINT('',#13740);
#4036=VERTEX_POINT('',#13741);
#4037=VERTEX_POINT('',#13743);
#4038=VERTEX_POINT('',#13745);
#4039=VERTEX_POINT('',#13749);
#4040=VERTEX_POINT('',#13750);
#4041=VERTEX_POINT('',#13752);
#4042=VERTEX_POINT('',#13754);
#4043=VERTEX_POINT('',#13756);
#4044=VERTEX_POINT('',#13758);
#4045=VERTEX_POINT('',#13760);
#4046=VERTEX_POINT('',#13762);
#4047=VERTEX_POINT('',#13764);
#4048=VERTEX_POINT('',#13770);
#4049=VERTEX_POINT('',#13772);
#4050=VERTEX_POINT('',#13776);
#4051=VERTEX_POINT('',#13778);
#4052=VERTEX_POINT('',#13782);
#4053=VERTEX_POINT('',#13788);
#4054=VERTEX_POINT('',#13790);
#4055=VERTEX_POINT('',#13794);
#4056=VERTEX_POINT('',#13796);
#4057=VERTEX_POINT('',#13799);
#4058=VERTEX_POINT('',#13801);
#4059=VERTEX_POINT('',#13805);
#4060=VERTEX_POINT('',#13815);
#4061=VERTEX_POINT('',#13819);
#4062=VERTEX_POINT('',#13825);
#4063=VERTEX_POINT('',#13829);
#4064=VERTEX_POINT('',#13830);
#4065=VERTEX_POINT('',#13833);
#4066=VERTEX_POINT('',#13837);
#4067=VERTEX_POINT('',#13841);
#4068=VERTEX_POINT('',#13843);
#4069=VERTEX_POINT('',#13847);
#4070=VERTEX_POINT('',#13849);
#4071=VERTEX_POINT('',#13853);
#4072=VERTEX_POINT('',#13858);
#4073=VERTEX_POINT('',#13862);
#4074=VERTEX_POINT('',#13864);
#4075=VERTEX_POINT('',#13868);
#4076=VERTEX_POINT('',#13870);
#4077=VERTEX_POINT('',#13874);
#4078=VERTEX_POINT('',#13876);
#4079=VERTEX_POINT('',#13880);
#4080=VERTEX_POINT('',#13882);
#4081=VERTEX_POINT('',#13886);
#4082=VERTEX_POINT('',#13888);
#4083=VERTEX_POINT('',#13895);
#4084=VERTEX_POINT('',#13897);
#4085=VERTEX_POINT('',#13901);
#4086=VERTEX_POINT('',#13905);
#4087=VERTEX_POINT('',#13909);
#4088=VERTEX_POINT('',#13913);
#4089=VERTEX_POINT('',#13919);
#4090=VERTEX_POINT('',#13920);
#4091=VERTEX_POINT('',#13922);
#4092=VERTEX_POINT('',#13924);
#4093=VERTEX_POINT('',#13926);
#4094=VERTEX_POINT('',#13928);
#4095=VERTEX_POINT('',#13930);
#4096=VERTEX_POINT('',#13932);
#4097=VERTEX_POINT('',#13934);
#4098=VERTEX_POINT('',#13936);
#4099=VERTEX_POINT('',#13938);
#4100=VERTEX_POINT('',#13940);
#4101=VERTEX_POINT('',#13942);
#4102=VERTEX_POINT('',#13944);
#4103=VERTEX_POINT('',#13946);
#4104=VERTEX_POINT('',#13948);
#4105=VERTEX_POINT('',#13950);
#4106=VERTEX_POINT('',#13952);
#4107=VERTEX_POINT('',#13957);
#4108=VERTEX_POINT('',#13967);
#4109=VERTEX_POINT('',#13971);
#4110=VERTEX_POINT('',#13975);
#4111=VERTEX_POINT('',#13979);
#4112=VERTEX_POINT('',#13983);
#4113=VERTEX_POINT('',#13987);
#4114=VERTEX_POINT('',#13991);
#4115=VERTEX_POINT('',#13995);
#4116=VERTEX_POINT('',#14008);
#4117=VERTEX_POINT('',#14025);
#4118=VERTEX_POINT('',#14027);
#4119=VERTEX_POINT('',#14029);
#4120=VERTEX_POINT('',#14033);
#4121=VERTEX_POINT('',#14037);
#4122=VERTEX_POINT('',#14044);
#4123=VERTEX_POINT('',#14048);
#4124=VERTEX_POINT('',#14052);
#4125=VERTEX_POINT('',#14056);
#4126=VERTEX_POINT('',#14060);
#4127=VERTEX_POINT('',#14064);
#4128=VERTEX_POINT('',#14066);
#4129=VERTEX_POINT('',#14073);
#4130=VERTEX_POINT('',#14075);
#4131=VERTEX_POINT('',#14079);
#4132=VERTEX_POINT('',#14083);
#4133=VERTEX_POINT('',#14084);
#4134=VERTEX_POINT('',#14086);
#4135=VERTEX_POINT('',#14088);
#4136=VERTEX_POINT('',#14096);
#4137=VERTEX_POINT('',#14100);
#4138=VERTEX_POINT('',#14106);
#4139=VERTEX_POINT('',#14112);
#4140=VERTEX_POINT('',#14114);
#4141=VERTEX_POINT('',#14118);
#4142=VERTEX_POINT('',#14122);
#4143=VERTEX_POINT('',#14130);
#4144=VERTEX_POINT('',#14134);
#4145=VERTEX_POINT('',#14138);
#4146=VERTEX_POINT('',#14140);
#4147=VERTEX_POINT('',#14142);
#4148=VERTEX_POINT('',#14144);
#4149=VERTEX_POINT('',#14146);
#4150=VERTEX_POINT('',#14148);
#4151=VERTEX_POINT('',#14150);
#4152=VERTEX_POINT('',#14152);
#4153=VERTEX_POINT('',#14154);
#4154=VERTEX_POINT('',#14158);
#4155=VERTEX_POINT('',#14162);
#4156=VERTEX_POINT('',#14164);
#4157=VERTEX_POINT('',#14168);
#4158=VERTEX_POINT('',#14172);
#4159=VERTEX_POINT('',#14174);
#4160=VERTEX_POINT('',#14176);
#4161=EDGE_CURVE('',#3362,#3363,#1198,.T.);
#4162=EDGE_CURVE('',#3363,#3364,#1199,.T.);
#4163=EDGE_CURVE('',#3364,#3365,#1200,.T.);
#4164=EDGE_CURVE('',#3362,#3365,#1201,.T.);
#4165=EDGE_CURVE('',#3363,#3366,#1202,.T.);
#4166=EDGE_CURVE('',#3366,#3367,#1203,.T.);
#4167=EDGE_CURVE('',#3367,#3364,#1204,.T.);
#4168=EDGE_CURVE('',#3366,#3368,#1205,.T.);
#4169=EDGE_CURVE('',#3368,#3369,#1206,.T.);
#4170=EDGE_CURVE('',#3369,#3367,#1207,.T.);
#4171=EDGE_CURVE('',#3368,#3370,#1208,.T.);
#4172=EDGE_CURVE('',#3370,#3371,#1209,.T.);
#4173=EDGE_CURVE('',#3371,#3369,#1210,.T.);
#4174=EDGE_CURVE('',#3372,#3373,#1211,.T.);
#4175=EDGE_CURVE('',#3373,#3374,#1212,.T.);
#4176=EDGE_CURVE('',#3374,#3375,#1213,.T.);
#4177=EDGE_CURVE('',#3375,#3372,#1214,.T.);
#4178=EDGE_CURVE('',#3370,#3374,#1215,.T.);
#4179=EDGE_CURVE('',#3373,#3371,#1216,.T.);
#4180=EDGE_CURVE('',#3376,#3372,#1217,.T.);
#4181=EDGE_CURVE('',#3375,#3377,#1218,.T.);
#4182=EDGE_CURVE('',#3377,#3376,#1219,.T.);
#4183=EDGE_CURVE('',#3378,#3376,#1220,.T.);
#4184=EDGE_CURVE('',#3377,#3379,#1221,.T.);
#4185=EDGE_CURVE('',#3379,#3378,#1222,.T.);
#4186=EDGE_CURVE('',#3380,#3378,#1223,.T.);
#4187=EDGE_CURVE('',#3379,#3381,#1224,.T.);
#4188=EDGE_CURVE('',#3381,#3380,#1225,.T.);
#4189=EDGE_CURVE('',#3382,#3380,#1226,.T.);
#4190=EDGE_CURVE('',#3381,#3383,#1227,.T.);
#4191=EDGE_CURVE('',#3383,#3382,#1228,.T.);
#4192=EDGE_CURVE('',#3384,#3382,#1229,.T.);
#4193=EDGE_CURVE('',#3383,#3385,#1230,.T.);
#4194=EDGE_CURVE('',#3385,#3384,#1231,.T.);
#4195=EDGE_CURVE('',#3365,#3384,#1232,.T.);
#4196=EDGE_CURVE('',#3385,#3362,#1233,.T.);
#4197=EDGE_CURVE('',#3364,#3386,#1234,.T.);
#4198=EDGE_CURVE('',#3387,#3386,#1235,.T.);
#4199=EDGE_CURVE('',#3365,#3387,#1236,.T.);
#4200=EDGE_CURVE('',#3367,#3388,#1237,.T.);
#4201=EDGE_CURVE('',#3386,#3388,#1238,.T.);
#4202=EDGE_CURVE('',#3369,#3389,#1239,.T.);
#4203=EDGE_CURVE('',#3388,#3389,#1240,.T.);
#4204=EDGE_CURVE('',#3371,#3390,#1241,.T.);
#4205=EDGE_CURVE('',#3389,#3390,#1242,.T.);
#4206=EDGE_CURVE('',#3373,#3391,#1243,.T.);
#4207=EDGE_CURVE('',#3390,#3391,#1244,.T.);
#4208=EDGE_CURVE('',#3372,#3392,#1245,.T.);
#4209=EDGE_CURVE('',#3391,#3392,#1246,.T.);
#4210=EDGE_CURVE('',#3393,#3394,#169,.T.);
#4211=EDGE_CURVE('',#3395,#3393,#1247,.T.);
#4212=EDGE_CURVE('',#3396,#3395,#1248,.T.);
#4213=EDGE_CURVE('',#3397,#3396,#1249,.T.);
#4214=EDGE_CURVE('',#3398,#3397,#170,.T.);
#4215=EDGE_CURVE('',#3399,#3398,#1250,.T.);
#4216=EDGE_CURVE('',#3400,#3399,#1251,.T.);
#4217=EDGE_CURVE('',#3401,#3400,#1252,.T.);
#4218=EDGE_CURVE('',#3402,#3401,#171,.T.);
#4219=EDGE_CURVE('',#3403,#3402,#1253,.T.);
#4220=EDGE_CURVE('',#3404,#3403,#1254,.T.);
#4221=EDGE_CURVE('',#3405,#3404,#1255,.T.);
#4222=EDGE_CURVE('',#3405,#3406,#1256,.T.);
#4223=EDGE_CURVE('',#3407,#3406,#1257,.T.);
#4224=EDGE_CURVE('',#3408,#3407,#1258,.T.);
#4225=EDGE_CURVE('',#3409,#3408,#1259,.T.);
#4226=EDGE_CURVE('',#3410,#3409,#1260,.T.);
#4227=EDGE_CURVE('',#3394,#3410,#172,.T.);
#4228=EDGE_CURVE('',#3411,#3412,#1261,.T.);
#4229=EDGE_CURVE('',#3413,#3411,#1262,.T.);
#4230=EDGE_CURVE('',#3414,#3413,#1263,.T.);
#4231=EDGE_CURVE('',#3415,#3414,#1264,.T.);
#4232=EDGE_CURVE('',#3416,#3415,#1265,.T.);
#4233=EDGE_CURVE('',#3412,#3416,#1266,.T.);
#4234=EDGE_CURVE('',#3417,#3418,#1267,.T.);
#4235=EDGE_CURVE('',#3419,#3417,#1268,.T.);
#4236=EDGE_CURVE('',#3420,#3419,#1269,.T.);
#4237=EDGE_CURVE('',#3421,#3420,#1270,.T.);
#4238=EDGE_CURVE('',#3422,#3421,#173,.T.);
#4239=EDGE_CURVE('',#3418,#3422,#174,.T.);
#4240=EDGE_CURVE('',#3423,#3424,#175,.T.);
#4241=EDGE_CURVE('',#3425,#3423,#176,.T.);
#4242=EDGE_CURVE('',#3426,#3425,#177,.T.);
#4243=EDGE_CURVE('',#3424,#3426,#178,.T.);
#4244=EDGE_CURVE('',#3427,#3428,#179,.T.);
#4245=EDGE_CURVE('',#3429,#3427,#1271,.T.);
#4246=EDGE_CURVE('',#3430,#3429,#1272,.T.);
#4247=EDGE_CURVE('',#3431,#3430,#1273,.T.);
#4248=EDGE_CURVE('',#3428,#3431,#1274,.T.);
#4249=EDGE_CURVE('',#3432,#3433,#180,.T.);
#4250=EDGE_CURVE('',#3434,#3432,#1275,.T.);
#4251=EDGE_CURVE('',#3435,#3434,#1276,.T.);
#4252=EDGE_CURVE('',#3436,#3435,#1277,.T.);
#4253=EDGE_CURVE('',#3433,#3436,#1278,.T.);
#4254=EDGE_CURVE('',#3437,#3438,#1279,.T.);
#4255=EDGE_CURVE('',#3439,#3437,#1280,.T.);
#4256=EDGE_CURVE('',#3440,#3439,#1281,.T.);
#4257=EDGE_CURVE('',#3441,#3440,#1282,.T.);
#4258=EDGE_CURVE('',#3442,#3441,#1283,.T.);
#4259=EDGE_CURVE('',#3438,#3442,#181,.T.);
#4260=EDGE_CURVE('',#3443,#3444,#1284,.T.);
#4261=EDGE_CURVE('',#3445,#3443,#1285,.T.);
#4262=EDGE_CURVE('',#3446,#3445,#1286,.T.);
#4263=EDGE_CURVE('',#3447,#3446,#1287,.T.);
#4264=EDGE_CURVE('',#3444,#3447,#182,.T.);
#4265=EDGE_CURVE('',#3448,#3449,#183,.T.);
#4266=EDGE_CURVE('',#3450,#3448,#1288,.T.);
#4267=EDGE_CURVE('',#3451,#3450,#1289,.T.);
#4268=EDGE_CURVE('',#3452,#3451,#1290,.T.);
#4269=EDGE_CURVE('',#3449,#3452,#1291,.T.);
#4270=EDGE_CURVE('',#3453,#3454,#184,.T.);
#4271=EDGE_CURVE('',#3455,#3453,#1292,.T.);
#4272=EDGE_CURVE('',#3456,#3455,#1293,.T.);
#4273=EDGE_CURVE('',#3457,#3456,#1294,.T.);
#4274=EDGE_CURVE('',#3458,#3457,#1295,.T.);
#4275=EDGE_CURVE('',#3454,#3458,#1296,.T.);
#4276=EDGE_CURVE('',#3459,#3460,#185,.T.);
#4277=EDGE_CURVE('',#3461,#3459,#1297,.T.);
#4278=EDGE_CURVE('',#3462,#3461,#1298,.T.);
#4279=EDGE_CURVE('',#3463,#3462,#1299,.T.);
#4280=EDGE_CURVE('',#3464,#3463,#1300,.T.);
#4281=EDGE_CURVE('',#3460,#3464,#1301,.T.);
#4282=EDGE_CURVE('',#3465,#3466,#1302,.T.);
#4283=EDGE_CURVE('',#3467,#3465,#1303,.T.);
#4284=EDGE_CURVE('',#3468,#3467,#1304,.T.);
#4285=EDGE_CURVE('',#3469,#3468,#1305,.T.);
#4286=EDGE_CURVE('',#3470,#3469,#186,.T.);
#4287=EDGE_CURVE('',#3466,#3470,#187,.T.);
#4288=EDGE_CURVE('',#3471,#3472,#188,.T.);
#4289=EDGE_CURVE('',#3473,#3471,#1306,.T.);
#4290=EDGE_CURVE('',#3474,#3473,#1307,.T.);
#4291=EDGE_CURVE('',#3475,#3474,#1308,.T.);
#4292=EDGE_CURVE('',#3472,#3475,#1309,.T.);
#4293=EDGE_CURVE('',#3476,#3477,#1310,.T.);
#4294=EDGE_CURVE('',#3478,#3476,#1311,.T.);
#4295=EDGE_CURVE('',#3479,#3478,#1312,.T.);
#4296=EDGE_CURVE('',#3480,#3479,#1313,.T.);
#4297=EDGE_CURVE('',#3481,#3480,#1314,.T.);
#4298=EDGE_CURVE('',#3477,#3481,#1315,.T.);
#4299=EDGE_CURVE('',#3482,#3483,#1316,.T.);
#4300=EDGE_CURVE('',#3484,#3482,#1317,.T.);
#4301=EDGE_CURVE('',#3485,#3484,#1318,.T.);
#4302=EDGE_CURVE('',#3483,#3485,#1319,.T.);
#4303=EDGE_CURVE('',#3486,#3487,#189,.T.);
#4304=EDGE_CURVE('',#3488,#3486,#1320,.T.);
#4305=EDGE_CURVE('',#3489,#3488,#1321,.T.);
#4306=EDGE_CURVE('',#3490,#3489,#1322,.T.);
#4307=EDGE_CURVE('',#3491,#3490,#1323,.T.);
#4308=EDGE_CURVE('',#3487,#3491,#1324,.T.);
#4309=EDGE_CURVE('',#3492,#3493,#1325,.T.);
#4310=EDGE_CURVE('',#3493,#3387,#1326,.T.);
#4311=EDGE_CURVE('',#3492,#3386,#1327,.T.);
#4312=EDGE_CURVE('',#3493,#3494,#1328,.T.);
#4313=EDGE_CURVE('',#3494,#3495,#1329,.T.);
#4314=EDGE_CURVE('',#3495,#3387,#1330,.T.);
#4315=EDGE_CURVE('',#3494,#3496,#1331,.T.);
#4316=EDGE_CURVE('',#3496,#3497,#1332,.T.);
#4317=EDGE_CURVE('',#3497,#3495,#1333,.T.);
#4318=EDGE_CURVE('',#3496,#3498,#1334,.T.);
#4319=EDGE_CURVE('',#3498,#3499,#1335,.T.);
#4320=EDGE_CURVE('',#3499,#3497,#1336,.T.);
#4321=EDGE_CURVE('',#3498,#3500,#1337,.T.);
#4322=EDGE_CURVE('',#3500,#3501,#1338,.T.);
#4323=EDGE_CURVE('',#3501,#3499,#1339,.T.);
#4324=EDGE_CURVE('',#3500,#3502,#1340,.T.);
#4325=EDGE_CURVE('',#3502,#3503,#1341,.T.);
#4326=EDGE_CURVE('',#3503,#3501,#1342,.T.);
#4327=EDGE_CURVE('',#3502,#3504,#1343,.T.);
#4328=EDGE_CURVE('',#3504,#3392,#1344,.T.);
#4329=EDGE_CURVE('',#3392,#3503,#1345,.T.);
#4330=EDGE_CURVE('',#3504,#3505,#1346,.T.);
#4331=EDGE_CURVE('',#3505,#3391,#1347,.T.);
#4332=EDGE_CURVE('',#3505,#3506,#1348,.T.);
#4333=EDGE_CURVE('',#3506,#3390,#1349,.T.);
#4334=EDGE_CURVE('',#3506,#3507,#1350,.T.);
#4335=EDGE_CURVE('',#3507,#3389,#1351,.T.);
#4336=EDGE_CURVE('',#3507,#3508,#1352,.T.);
#4337=EDGE_CURVE('',#3508,#3388,#1353,.T.);
#4338=EDGE_CURVE('',#3508,#3492,#1354,.T.);
#4339=EDGE_CURVE('',#3509,#3510,#1355,.T.);
#4340=EDGE_CURVE('',#3510,#3511,#1356,.T.);
#4341=EDGE_CURVE('',#3511,#3512,#1357,.T.);
#4342=EDGE_CURVE('',#3512,#3513,#1358,.T.);
#4343=EDGE_CURVE('',#3513,#3514,#1359,.T.);
#4344=EDGE_CURVE('',#3514,#3515,#1360,.T.);
#4345=EDGE_CURVE('',#3515,#3516,#1361,.T.);
#4346=EDGE_CURVE('',#3516,#3517,#1362,.T.);
#4347=EDGE_CURVE('',#3517,#3518,#1363,.T.);
#4348=EDGE_CURVE('',#3518,#3519,#1364,.T.);
#4349=EDGE_CURVE('',#3519,#3520,#1365,.T.);
#4350=EDGE_CURVE('',#3520,#3509,#1366,.T.);
#4351=EDGE_CURVE('',#3521,#3405,#1367,.T.);
#4352=EDGE_CURVE('',#3521,#3522,#1368,.T.);
#4353=EDGE_CURVE('',#3406,#3522,#1369,.T.);
#4354=EDGE_CURVE('',#3523,#3521,#1370,.T.);
#4355=EDGE_CURVE('',#3524,#3523,#190,.T.);
#4356=EDGE_CURVE('',#3522,#3524,#1371,.T.);
#4357=EDGE_CURVE('',#3404,#3525,#1372,.T.);
#4358=EDGE_CURVE('',#3526,#3525,#1373,.T.);
#4359=EDGE_CURVE('',#3527,#3526,#1374,.T.);
#4360=EDGE_CURVE('',#3528,#3527,#1375,.T.);
#4361=EDGE_CURVE('',#3523,#3528,#1376,.T.);
#4362=EDGE_CURVE('',#3529,#3530,#1377,.T.);
#4363=EDGE_CURVE('',#3530,#3531,#1378,.T.);
#4364=EDGE_CURVE('',#3532,#3531,#101,.T.);
#4365=EDGE_CURVE('',#3532,#3529,#1379,.T.);
#4366=EDGE_CURVE('',#3533,#3534,#1380,.T.);
#4367=EDGE_CURVE('',#3534,#3535,#1381,.T.);
#4368=EDGE_CURVE('',#3535,#3536,#191,.T.);
#4369=EDGE_CURVE('',#3536,#3537,#1382,.T.);
#4370=EDGE_CURVE('',#3538,#3537,#1383,.T.);
#4371=EDGE_CURVE('',#3538,#3539,#1384,.T.);
#4372=EDGE_CURVE('',#3539,#3540,#192,.T.);
#4373=EDGE_CURVE('',#3540,#3541,#1385,.T.);
#4374=EDGE_CURVE('',#3541,#3542,#1386,.T.);
#4375=EDGE_CURVE('',#3542,#3543,#1387,.T.);
#4376=EDGE_CURVE('',#3543,#3544,#193,.T.);
#4377=EDGE_CURVE('',#3544,#3533,#1388,.T.);
#4378=EDGE_CURVE('',#3545,#3546,#1389,.T.);
#4379=EDGE_CURVE('',#3546,#3547,#1390,.T.);
#4380=EDGE_CURVE('',#3547,#3548,#1391,.T.);
#4381=EDGE_CURVE('',#3548,#3549,#1392,.T.);
#4382=EDGE_CURVE('',#3549,#3550,#1393,.T.);
#4383=EDGE_CURVE('',#3550,#3551,#1394,.T.);
#4384=EDGE_CURVE('',#3551,#3552,#1395,.T.);
#4385=EDGE_CURVE('',#3553,#3552,#102,.T.);
#4386=EDGE_CURVE('',#3553,#3554,#1396,.T.);
#4387=EDGE_CURVE('',#3554,#3545,#1397,.T.);
#4388=EDGE_CURVE('',#3525,#3555,#1398,.T.);
#4389=EDGE_CURVE('',#3555,#3556,#1399,.T.);
#4390=EDGE_CURVE('',#3526,#3556,#1400,.T.);
#4391=EDGE_CURVE('',#3557,#3558,#1401,.T.);
#4392=EDGE_CURVE('',#3558,#3559,#1402,.T.);
#4393=EDGE_CURVE('',#3560,#3559,#103,.T.);
#4394=EDGE_CURVE('',#3560,#3557,#1403,.T.);
#4395=EDGE_CURVE('',#3561,#3562,#1404,.T.);
#4396=EDGE_CURVE('',#3562,#3563,#1405,.T.);
#4397=EDGE_CURVE('',#3563,#3564,#1406,.T.);
#4398=EDGE_CURVE('',#3565,#3564,#104,.T.);
#4399=EDGE_CURVE('',#3565,#3566,#1407,.T.);
#4400=EDGE_CURVE('',#3566,#3567,#1408,.T.);
#4401=EDGE_CURVE('',#3567,#3568,#1409,.T.);
#4402=EDGE_CURVE('',#3568,#3569,#1410,.T.);
#4403=EDGE_CURVE('',#3569,#3570,#1411,.T.);
#4404=EDGE_CURVE('',#3570,#3561,#1412,.T.);
#4405=EDGE_CURVE('',#3571,#3572,#1413,.T.);
#4406=EDGE_CURVE('',#3572,#3573,#1414,.T.);
#4407=EDGE_CURVE('',#3573,#3574,#194,.T.);
#4408=EDGE_CURVE('',#3574,#3575,#1415,.T.);
#4409=EDGE_CURVE('',#3575,#3576,#1416,.T.);
#4410=EDGE_CURVE('',#3576,#3577,#1417,.T.);
#4411=EDGE_CURVE('',#3577,#3578,#1418,.T.);
#4412=EDGE_CURVE('',#3579,#3578,#1419,.T.);
#4413=EDGE_CURVE('',#3579,#3580,#1420,.T.);
#4414=EDGE_CURVE('',#3580,#3571,#1421,.T.);
#4415=EDGE_CURVE('',#3581,#3582,#1422,.T.);
#4416=EDGE_CURVE('',#3582,#3583,#1423,.T.);
#4417=EDGE_CURVE('',#3584,#3583,#105,.T.);
#4418=EDGE_CURVE('',#3584,#3581,#1424,.T.);
#4419=EDGE_CURVE('',#3585,#3586,#1425,.T.);
#4420=EDGE_CURVE('',#3586,#3587,#1426,.T.);
#4421=EDGE_CURVE('',#3588,#3587,#1427,.T.);
#4422=EDGE_CURVE('',#3588,#3585,#1428,.T.);
#4423=EDGE_CURVE('',#3589,#3590,#1429,.T.);
#4424=EDGE_CURVE('',#3590,#3591,#1430,.T.);
#4425=EDGE_CURVE('',#3591,#3592,#1431,.T.);
#4426=EDGE_CURVE('',#3593,#3592,#106,.T.);
#4427=EDGE_CURVE('',#3593,#3594,#1432,.T.);
#4428=EDGE_CURVE('',#3594,#3595,#1433,.T.);
#4429=EDGE_CURVE('',#3595,#3596,#1434,.T.);
#4430=EDGE_CURVE('',#3596,#3597,#1435,.T.);
#4431=EDGE_CURVE('',#3597,#3598,#195,.T.);
#4432=EDGE_CURVE('',#3598,#3589,#1436,.T.);
#4433=EDGE_CURVE('',#3599,#3600,#1437,.T.);
#4434=EDGE_CURVE('',#3600,#3601,#1438,.T.);
#4435=EDGE_CURVE('',#3602,#3601,#1439,.T.);
#4436=EDGE_CURVE('',#3602,#3599,#1440,.T.);
#4437=EDGE_CURVE('',#3603,#3604,#1441,.T.);
#4438=EDGE_CURVE('',#3604,#3605,#1442,.T.);
#4439=EDGE_CURVE('',#3605,#3606,#1443,.T.);
#4440=EDGE_CURVE('',#3606,#3603,#1444,.T.);
#4441=EDGE_CURVE('',#3607,#3538,#1445,.T.);
#4442=EDGE_CURVE('',#3537,#3608,#1446,.T.);
#4443=EDGE_CURVE('',#3608,#3607,#1447,.T.);
#4444=EDGE_CURVE('',#3401,#3536,#1448,.T.);
#4445=EDGE_CURVE('',#3400,#3608,#1449,.T.);
#4446=EDGE_CURVE('',#3609,#3584,#107,.T.);
#4447=EDGE_CURVE('',#3583,#3610,#108,.T.);
#4448=EDGE_CURVE('',#3609,#3610,#109,.T.);
#4449=EDGE_CURVE('',#3611,#3609,#1450,.T.);
#4450=EDGE_CURVE('',#3433,#3611,#1451,.T.);
#4451=EDGE_CURVE('',#3436,#3581,#1452,.T.);
#4452=EDGE_CURVE('',#3612,#3588,#1453,.T.);
#4453=EDGE_CURVE('',#3587,#3613,#1454,.T.);
#4454=EDGE_CURVE('',#3612,#3613,#1455,.T.);
#4455=EDGE_CURVE('',#3614,#3612,#1456,.T.);
#4456=EDGE_CURVE('',#3442,#3614,#1457,.T.);
#4457=EDGE_CURVE('',#3441,#3585,#1458,.T.);
#4458=EDGE_CURVE('',#3615,#3602,#1459,.T.);
#4459=EDGE_CURVE('',#3601,#3616,#1460,.T.);
#4460=EDGE_CURVE('',#3615,#3616,#1461,.T.);
#4461=EDGE_CURVE('',#3617,#3615,#1462,.T.);
#4462=EDGE_CURVE('',#3428,#3617,#1463,.T.);
#4463=EDGE_CURVE('',#3431,#3599,#1464,.T.);
#4464=EDGE_CURVE('',#3618,#3532,#110,.T.);
#4465=EDGE_CURVE('',#3531,#3619,#111,.T.);
#4466=EDGE_CURVE('',#3618,#3619,#112,.T.);
#4467=EDGE_CURVE('',#3620,#3618,#1465,.T.);
#4468=EDGE_CURVE('',#3472,#3620,#1466,.T.);
#4469=EDGE_CURVE('',#3475,#3529,#1467,.T.);
#4470=EDGE_CURVE('',#3556,#3621,#1468,.T.);
#4471=EDGE_CURVE('',#3527,#3621,#1469,.T.);
#4472=EDGE_CURVE('',#3622,#3560,#113,.T.);
#4473=EDGE_CURVE('',#3559,#3623,#114,.T.);
#4474=EDGE_CURVE('',#3622,#3623,#115,.T.);
#4475=EDGE_CURVE('',#3624,#3622,#1470,.T.);
#4476=EDGE_CURVE('',#3449,#3624,#1471,.T.);
#4477=EDGE_CURVE('',#3452,#3557,#1472,.T.);
#4478=EDGE_CURVE('',#3625,#3579,#1473,.T.);
#4479=EDGE_CURVE('',#3578,#3626,#1474,.T.);
#4480=EDGE_CURVE('',#3625,#3626,#1475,.T.);
#4481=EDGE_CURVE('',#3627,#3625,#1476,.T.);
#4482=EDGE_CURVE('',#3447,#3627,#1477,.T.);
#4483=EDGE_CURVE('',#3446,#3580,#1478,.T.);
#4484=EDGE_CURVE('',#3592,#3628,#116,.T.);
#4485=EDGE_CURVE('',#3629,#3628,#117,.T.);
#4486=EDGE_CURVE('',#3629,#3593,#118,.T.);
#4487=EDGE_CURVE('',#3630,#3629,#1479,.T.);
#4488=EDGE_CURVE('',#3469,#3630,#1480,.T.);
#4489=EDGE_CURVE('',#3468,#3594,#1481,.T.);
#4490=EDGE_CURVE('',#3631,#3565,#119,.T.);
#4491=EDGE_CURVE('',#3564,#3632,#120,.T.);
#4492=EDGE_CURVE('',#3631,#3632,#121,.T.);
#4493=EDGE_CURVE('',#3633,#3631,#1482,.T.);
#4494=EDGE_CURVE('',#3410,#3633,#1483,.T.);
#4495=EDGE_CURVE('',#3409,#3566,#1484,.T.);
#4496=EDGE_CURVE('',#3634,#3553,#122,.T.);
#4497=EDGE_CURVE('',#3552,#3635,#123,.T.);
#4498=EDGE_CURVE('',#3634,#3635,#124,.T.);
#4499=EDGE_CURVE('',#3473,#3551,#1485,.T.);
#4500=EDGE_CURVE('',#3471,#3636,#1486,.T.);
#4501=EDGE_CURVE('',#3635,#3636,#1487,.T.);
#4502=EDGE_CURVE('',#3621,#3637,#1488,.T.);
#4503=EDGE_CURVE('',#3637,#3638,#196,.T.);
#4504=EDGE_CURVE('',#3638,#3633,#197,.T.);
#4505=EDGE_CURVE('',#3632,#3639,#1489,.T.);
#4506=EDGE_CURVE('',#3639,#3611,#198,.T.);
#4507=EDGE_CURVE('',#3610,#3640,#1490,.T.);
#4508=EDGE_CURVE('',#3640,#3641,#199,.T.);
#4509=EDGE_CURVE('',#3641,#3630,#200,.T.);
#4510=EDGE_CURVE('',#3628,#3642,#1491,.T.);
#4511=EDGE_CURVE('',#3642,#3617,#201,.T.);
#4512=EDGE_CURVE('',#3616,#3643,#1492,.T.);
#4513=EDGE_CURVE('',#3643,#3614,#202,.T.);
#4514=EDGE_CURVE('',#3613,#3644,#1493,.T.);
#4515=EDGE_CURVE('',#3644,#3627,#203,.T.);
#4516=EDGE_CURVE('',#3626,#3645,#1494,.T.);
#4517=EDGE_CURVE('',#3645,#3624,#204,.T.);
#4518=EDGE_CURVE('',#3623,#3646,#1495,.T.);
#4519=EDGE_CURVE('',#3646,#3647,#205,.T.);
#4520=EDGE_CURVE('',#3647,#3648,#206,.T.);
#4521=EDGE_CURVE('',#3648,#3634,#1496,.T.);
#4522=EDGE_CURVE('',#3636,#3620,#207,.T.);
#4523=EDGE_CURVE('',#3619,#3649,#1497,.T.);
#4524=EDGE_CURVE('',#3649,#3528,#208,.T.);
#4525=EDGE_CURVE('',#3650,#3651,#209,.T.);
#4526=EDGE_CURVE('',#3651,#3652,#210,.T.);
#4527=EDGE_CURVE('',#3652,#3653,#211,.T.);
#4528=EDGE_CURVE('',#3653,#3650,#212,.T.);
#4529=EDGE_CURVE('',#3486,#3543,#1498,.T.);
#4530=EDGE_CURVE('',#3488,#3542,#1499,.T.);
#4531=EDGE_CURVE('',#3489,#3509,#1500,.T.);
#4532=EDGE_CURVE('',#3490,#3520,#1501,.T.);
#4533=EDGE_CURVE('',#3491,#3533,#1502,.T.);
#4534=EDGE_CURVE('',#3487,#3544,#1503,.T.);
#4535=EDGE_CURVE('',#3482,#3604,#1504,.T.);
#4536=EDGE_CURVE('',#3439,#3603,#1505,.T.);
#4537=EDGE_CURVE('',#3437,#3600,#1506,.T.);
#4538=EDGE_CURVE('',#3430,#3590,#1507,.T.);
#4539=EDGE_CURVE('',#3458,#3589,#1508,.T.);
#4540=EDGE_CURVE('',#3457,#3516,#1509,.T.);
#4541=EDGE_CURVE('',#3484,#3515,#1510,.T.);
#4542=EDGE_CURVE('',#3485,#3514,#1511,.T.);
#4543=EDGE_CURVE('',#3462,#3513,#1512,.T.);
#4544=EDGE_CURVE('',#3461,#3572,#1513,.T.);
#4545=EDGE_CURVE('',#3445,#3571,#1514,.T.);
#4546=EDGE_CURVE('',#3443,#3586,#1515,.T.);
#4547=EDGE_CURVE('',#3440,#3606,#1516,.T.);
#4548=EDGE_CURVE('',#3483,#3605,#1517,.T.);
#4549=EDGE_CURVE('',#3476,#3519,#1518,.T.);
#4550=EDGE_CURVE('',#3478,#3518,#1519,.T.);
#4551=EDGE_CURVE('',#3479,#3561,#1520,.T.);
#4552=EDGE_CURVE('',#3480,#3570,#1521,.T.);
#4553=EDGE_CURVE('',#3481,#3569,#1522,.T.);
#4554=EDGE_CURVE('',#3477,#3568,#1523,.T.);
#4555=EDGE_CURVE('',#3408,#3567,#1524,.T.);
#4556=EDGE_CURVE('',#3407,#3555,#1525,.T.);
#4557=EDGE_CURVE('',#3403,#3534,#1526,.T.);
#4558=EDGE_CURVE('',#3474,#3550,#1527,.T.);
#4559=EDGE_CURVE('',#3467,#3595,#1528,.T.);
#4560=EDGE_CURVE('',#3470,#3641,#1529,.T.);
#4561=EDGE_CURVE('',#3466,#3640,#1530,.T.);
#4562=EDGE_CURVE('',#3465,#3582,#1531,.T.);
#4563=EDGE_CURVE('',#3459,#3573,#1532,.T.);
#4564=EDGE_CURVE('',#3463,#3512,#1533,.T.);
#4565=EDGE_CURVE('',#3411,#3511,#1534,.T.);
#4566=EDGE_CURVE('',#3412,#3546,#1535,.T.);
#4567=EDGE_CURVE('',#3419,#3545,#1536,.T.);
#4568=EDGE_CURVE('',#3417,#3558,#1537,.T.);
#4569=EDGE_CURVE('',#3451,#3576,#1538,.T.);
#4570=EDGE_CURVE('',#3464,#3575,#1539,.T.);
#4571=EDGE_CURVE('',#3460,#3574,#1540,.T.);
#4572=EDGE_CURVE('',#3453,#3597,#1541,.T.);
#4573=EDGE_CURVE('',#3455,#3596,#1542,.T.);
#4574=EDGE_CURVE('',#3435,#3562,#1543,.T.);
#4575=EDGE_CURVE('',#3456,#3517,#1544,.T.);
#4576=EDGE_CURVE('',#3454,#3598,#1545,.T.);
#4577=EDGE_CURVE('',#3450,#3577,#1546,.T.);
#4578=EDGE_CURVE('',#3448,#3645,#1547,.T.);
#4579=EDGE_CURVE('',#3394,#3638,#1548,.T.);
#4580=EDGE_CURVE('',#3524,#3637,#1549,.T.);
#4581=EDGE_CURVE('',#3393,#3649,#1550,.T.);
#4582=EDGE_CURVE('',#3444,#3644,#1551,.T.);
#4583=EDGE_CURVE('',#3438,#3643,#1552,.T.);
#4584=EDGE_CURVE('',#3434,#3563,#1553,.T.);
#4585=EDGE_CURVE('',#3432,#3639,#1554,.T.);
#4586=EDGE_CURVE('',#3429,#3591,#1555,.T.);
#4587=EDGE_CURVE('',#3427,#3642,#1556,.T.);
#4588=EDGE_CURVE('',#3423,#3650,#1557,.T.);
#4589=EDGE_CURVE('',#3425,#3653,#1558,.T.);
#4590=EDGE_CURVE('',#3426,#3652,#1559,.T.);
#4591=EDGE_CURVE('',#3424,#3651,#1560,.T.);
#4592=EDGE_CURVE('',#3420,#3554,#1561,.T.);
#4593=EDGE_CURVE('',#3421,#3648,#1562,.T.);
#4594=EDGE_CURVE('',#3422,#3647,#1563,.T.);
#4595=EDGE_CURVE('',#3418,#3646,#1564,.T.);
#4596=EDGE_CURVE('',#3413,#3510,#1565,.T.);
#4597=EDGE_CURVE('',#3396,#3541,#1566,.T.);
#4598=EDGE_CURVE('',#3395,#3530,#1567,.T.);
#4599=EDGE_CURVE('',#3414,#3549,#1568,.T.);
#4600=EDGE_CURVE('',#3415,#3548,#1569,.T.);
#4601=EDGE_CURVE('',#3416,#3547,#1570,.T.);
#4602=EDGE_CURVE('',#3402,#3535,#1571,.T.);
#4603=EDGE_CURVE('',#3397,#3540,#1572,.T.);
#4604=EDGE_CURVE('',#3398,#3539,#1573,.T.);
#4605=EDGE_CURVE('',#3399,#3607,#1574,.T.);
#4606=EDGE_CURVE('',#3384,#3495,#1575,.T.);
#4607=EDGE_CURVE('',#3382,#3497,#1576,.T.);
#4608=EDGE_CURVE('',#3380,#3499,#1577,.T.);
#4609=EDGE_CURVE('',#3378,#3501,#1578,.T.);
#4610=EDGE_CURVE('',#3376,#3503,#1579,.T.);
#4611=EDGE_CURVE('',#3654,#3655,#1580,.T.);
#4612=EDGE_CURVE('',#3655,#3656,#1581,.T.);
#4613=EDGE_CURVE('',#3656,#3657,#1582,.T.);
#4614=EDGE_CURVE('',#3654,#3657,#1583,.T.);
#4615=EDGE_CURVE('',#3655,#3658,#1584,.T.);
#4616=EDGE_CURVE('',#3658,#3659,#1585,.T.);
#4617=EDGE_CURVE('',#3659,#3656,#1586,.T.);
#4618=EDGE_CURVE('',#3658,#3660,#1587,.T.);
#4619=EDGE_CURVE('',#3660,#3661,#1588,.T.);
#4620=EDGE_CURVE('',#3661,#3659,#1589,.T.);
#4621=EDGE_CURVE('',#3660,#3662,#1590,.T.);
#4622=EDGE_CURVE('',#3662,#3663,#1591,.T.);
#4623=EDGE_CURVE('',#3663,#3661,#1592,.T.);
#4624=EDGE_CURVE('',#3662,#3664,#1593,.T.);
#4625=EDGE_CURVE('',#3664,#3665,#1594,.T.);
#4626=EDGE_CURVE('',#3665,#3663,#1595,.T.);
#4627=EDGE_CURVE('',#3664,#3666,#1596,.T.);
#4628=EDGE_CURVE('',#3666,#3667,#1597,.T.);
#4629=EDGE_CURVE('',#3667,#3665,#1598,.T.);
#4630=EDGE_CURVE('',#3666,#3668,#1599,.T.);
#4631=EDGE_CURVE('',#3668,#3669,#1600,.T.);
#4632=EDGE_CURVE('',#3669,#3667,#1601,.T.);
#4633=EDGE_CURVE('',#3670,#3669,#1602,.T.);
#4634=EDGE_CURVE('',#3668,#3671,#1603,.T.);
#4635=EDGE_CURVE('',#3671,#3670,#1604,.T.);
#4636=EDGE_CURVE('',#3672,#3670,#1605,.T.);
#4637=EDGE_CURVE('',#3671,#3673,#1606,.T.);
#4638=EDGE_CURVE('',#3673,#3672,#1607,.T.);
#4639=EDGE_CURVE('',#3674,#3672,#1608,.T.);
#4640=EDGE_CURVE('',#3673,#3675,#1609,.T.);
#4641=EDGE_CURVE('',#3675,#3674,#1610,.T.);
#4642=EDGE_CURVE('',#3676,#3674,#1611,.T.);
#4643=EDGE_CURVE('',#3675,#3677,#1612,.T.);
#4644=EDGE_CURVE('',#3677,#3676,#1613,.T.);
#4645=EDGE_CURVE('',#3657,#3676,#1614,.T.);
#4646=EDGE_CURVE('',#3677,#3654,#1615,.T.);
#4647=EDGE_CURVE('',#3678,#3670,#1616,.T.);
#4648=EDGE_CURVE('',#3678,#3679,#1617,.T.);
#4649=EDGE_CURVE('',#3679,#3669,#1618,.T.);
#4650=EDGE_CURVE('',#3680,#3672,#1619,.T.);
#4651=EDGE_CURVE('',#3680,#3678,#1620,.T.);
#4652=EDGE_CURVE('',#3681,#3674,#1621,.T.);
#4653=EDGE_CURVE('',#3681,#3680,#1622,.T.);
#4654=EDGE_CURVE('',#3682,#3676,#1623,.T.);
#4655=EDGE_CURVE('',#3682,#3681,#1624,.T.);
#4656=EDGE_CURVE('',#3683,#3657,#1625,.T.);
#4657=EDGE_CURVE('',#3683,#3682,#1626,.T.);
#4658=EDGE_CURVE('',#3684,#3656,#1627,.T.);
#4659=EDGE_CURVE('',#3684,#3683,#1628,.T.);
#4660=EDGE_CURVE('',#3685,#3686,#1629,.T.);
#4661=EDGE_CURVE('',#3686,#3687,#1630,.T.);
#4662=EDGE_CURVE('',#3687,#3688,#1631,.T.);
#4663=EDGE_CURVE('',#3688,#3689,#1632,.T.);
#4664=EDGE_CURVE('',#3689,#3690,#1633,.T.);
#4665=EDGE_CURVE('',#3690,#3691,#1634,.T.);
#4666=EDGE_CURVE('',#3691,#3692,#1635,.T.);
#4667=EDGE_CURVE('',#3692,#3693,#1636,.T.);
#4668=EDGE_CURVE('',#3693,#3694,#1637,.T.);
#4669=EDGE_CURVE('',#3694,#3695,#1638,.T.);
#4670=EDGE_CURVE('',#3695,#3696,#1639,.T.);
#4671=EDGE_CURVE('',#3696,#3685,#1640,.T.);
#4672=EDGE_CURVE('',#3697,#3698,#1641,.T.);
#4673=EDGE_CURVE('',#3699,#3697,#1642,.T.);
#4674=EDGE_CURVE('',#3699,#3700,#1643,.T.);
#4675=EDGE_CURVE('',#3698,#3700,#1644,.T.);
#4676=EDGE_CURVE('',#3701,#3699,#1645,.T.);
#4677=EDGE_CURVE('',#3702,#3701,#213,.T.);
#4678=EDGE_CURVE('',#3700,#3702,#1646,.T.);
#4679=EDGE_CURVE('',#3697,#3703,#1647,.T.);
#4680=EDGE_CURVE('',#3703,#3704,#1648,.T.);
#4681=EDGE_CURVE('',#3705,#3704,#1649,.T.);
#4682=EDGE_CURVE('',#3706,#3705,#1650,.T.);
#4683=EDGE_CURVE('',#3701,#3706,#1651,.T.);
#4684=EDGE_CURVE('',#3707,#3708,#1652,.T.);
#4685=EDGE_CURVE('',#3708,#3709,#1653,.T.);
#4686=EDGE_CURVE('',#3709,#3710,#1654,.T.);
#4687=EDGE_CURVE('',#3710,#3707,#1655,.T.);
#4688=EDGE_CURVE('',#3711,#3709,#1656,.T.);
#4689=EDGE_CURVE('',#3712,#3708,#1657,.T.);
#4690=EDGE_CURVE('',#3712,#3713,#1658,.T.);
#4691=EDGE_CURVE('',#3713,#3714,#1659,.T.);
#4692=EDGE_CURVE('',#3715,#3714,#1660,.T.);
#4693=EDGE_CURVE('',#3716,#3715,#1661,.T.);
#4694=EDGE_CURVE('',#3716,#3717,#1662,.T.);
#4695=EDGE_CURVE('',#3717,#3718,#1663,.T.);
#4696=EDGE_CURVE('',#3719,#3718,#1664,.T.);
#4697=EDGE_CURVE('',#3720,#3719,#1665,.T.);
#4698=EDGE_CURVE('',#3720,#3721,#1666,.T.);
#4699=EDGE_CURVE('',#3721,#3688,#1667,.T.);
#4700=EDGE_CURVE('',#3722,#3687,#1668,.T.);
#4701=EDGE_CURVE('',#3722,#3711,#1669,.T.);
#4702=EDGE_CURVE('',#3723,#3724,#1670,.T.);
#4703=EDGE_CURVE('',#3724,#3725,#1671,.T.);
#4704=EDGE_CURVE('',#3725,#3726,#1672,.T.);
#4705=EDGE_CURVE('',#3726,#3723,#1673,.T.);
#4706=EDGE_CURVE('',#3727,#3725,#1674,.T.);
#4707=EDGE_CURVE('',#3728,#3724,#1675,.T.);
#4708=EDGE_CURVE('',#3728,#3729,#1676,.T.);
#4709=EDGE_CURVE('',#3729,#3686,#1677,.T.);
#4710=EDGE_CURVE('',#3730,#3685,#1678,.T.);
#4711=EDGE_CURVE('',#3730,#3731,#1679,.T.);
#4712=EDGE_CURVE('',#3731,#3732,#1680,.T.);
#4713=EDGE_CURVE('',#3733,#3732,#1681,.T.);
#4714=EDGE_CURVE('',#3734,#3733,#1682,.T.);
#4715=EDGE_CURVE('',#3734,#3735,#1683,.T.);
#4716=EDGE_CURVE('',#3735,#3736,#1684,.T.);
#4717=EDGE_CURVE('',#3737,#3736,#1685,.T.);
#4718=EDGE_CURVE('',#3738,#3737,#1686,.T.);
#4719=EDGE_CURVE('',#3738,#3727,#1687,.T.);
#4720=EDGE_CURVE('',#3739,#3737,#1688,.T.);
#4721=EDGE_CURVE('',#3736,#3740,#1689,.T.);
#4722=EDGE_CURVE('',#3740,#3739,#1690,.T.);
#4723=EDGE_CURVE('',#3741,#3733,#1691,.T.);
#4724=EDGE_CURVE('',#3732,#3742,#1692,.T.);
#4725=EDGE_CURVE('',#3742,#3741,#1693,.T.);
#4726=EDGE_CURVE('',#3743,#3744,#1694,.T.);
#4727=EDGE_CURVE('',#3744,#3745,#1695,.T.);
#4728=EDGE_CURVE('',#3745,#3746,#1696,.T.);
#4729=EDGE_CURVE('',#3746,#3743,#1697,.T.);
#4730=EDGE_CURVE('',#3747,#3745,#1698,.T.);
#4731=EDGE_CURVE('',#3748,#3744,#1699,.T.);
#4732=EDGE_CURVE('',#3748,#3749,#1700,.T.);
#4733=EDGE_CURVE('',#3749,#3696,#1701,.T.);
#4734=EDGE_CURVE('',#3750,#3695,#1702,.T.);
#4735=EDGE_CURVE('',#3750,#3751,#1703,.T.);
#4736=EDGE_CURVE('',#3751,#3752,#1704,.T.);
#4737=EDGE_CURVE('',#3753,#3752,#1705,.T.);
#4738=EDGE_CURVE('',#3754,#3753,#1706,.T.);
#4739=EDGE_CURVE('',#3754,#3755,#1707,.T.);
#4740=EDGE_CURVE('',#3755,#3756,#1708,.T.);
#4741=EDGE_CURVE('',#3704,#3756,#1709,.T.);
#4742=EDGE_CURVE('',#3703,#3747,#1710,.T.);
#4743=EDGE_CURVE('',#3756,#3757,#1711,.T.);
#4744=EDGE_CURVE('',#3757,#3705,#1712,.T.);
#4745=EDGE_CURVE('',#3758,#3753,#1713,.T.);
#4746=EDGE_CURVE('',#3752,#3759,#1714,.T.);
#4747=EDGE_CURVE('',#3759,#3758,#1715,.T.);
#4748=EDGE_CURVE('',#3760,#3761,#1716,.T.);
#4749=EDGE_CURVE('',#3761,#3762,#1717,.T.);
#4750=EDGE_CURVE('',#3762,#3763,#1718,.T.);
#4751=EDGE_CURVE('',#3763,#3760,#1719,.T.);
#4752=EDGE_CURVE('',#3764,#3762,#1720,.T.);
#4753=EDGE_CURVE('',#3765,#3761,#1721,.T.);
#4754=EDGE_CURVE('',#3765,#3766,#1722,.T.);
#4755=EDGE_CURVE('',#3766,#3694,#1723,.T.);
#4756=EDGE_CURVE('',#3767,#3693,#1724,.T.);
#4757=EDGE_CURVE('',#3767,#3768,#1725,.T.);
#4758=EDGE_CURVE('',#3768,#3769,#1726,.T.);
#4759=EDGE_CURVE('',#3770,#3769,#1727,.T.);
#4760=EDGE_CURVE('',#3771,#3770,#1728,.T.);
#4761=EDGE_CURVE('',#3771,#3772,#1729,.T.);
#4762=EDGE_CURVE('',#3772,#3773,#1730,.T.);
#4763=EDGE_CURVE('',#3774,#3773,#1731,.T.);
#4764=EDGE_CURVE('',#3775,#3774,#1732,.T.);
#4765=EDGE_CURVE('',#3775,#3764,#1733,.T.);
#4766=EDGE_CURVE('',#3776,#3774,#1734,.T.);
#4767=EDGE_CURVE('',#3773,#3777,#1735,.T.);
#4768=EDGE_CURVE('',#3777,#3776,#1736,.T.);
#4769=EDGE_CURVE('',#3778,#3770,#1737,.T.);
#4770=EDGE_CURVE('',#3769,#3779,#1738,.T.);
#4771=EDGE_CURVE('',#3779,#3778,#1739,.T.);
#4772=EDGE_CURVE('',#3780,#3781,#1740,.T.);
#4773=EDGE_CURVE('',#3781,#3782,#1741,.T.);
#4774=EDGE_CURVE('',#3782,#3783,#1742,.T.);
#4775=EDGE_CURVE('',#3783,#3780,#1743,.T.);
#4776=EDGE_CURVE('',#3784,#3782,#1744,.T.);
#4777=EDGE_CURVE('',#3785,#3781,#1745,.T.);
#4778=EDGE_CURVE('',#3785,#3786,#1746,.T.);
#4779=EDGE_CURVE('',#3786,#3692,#1747,.T.);
#4780=EDGE_CURVE('',#3787,#3691,#1748,.T.);
#4781=EDGE_CURVE('',#3787,#3788,#1749,.T.);
#4782=EDGE_CURVE('',#3788,#3789,#1750,.T.);
#4783=EDGE_CURVE('',#3790,#3789,#1751,.T.);
#4784=EDGE_CURVE('',#3791,#3790,#1752,.T.);
#4785=EDGE_CURVE('',#3791,#3792,#1753,.T.);
#4786=EDGE_CURVE('',#3792,#3793,#1754,.T.);
#4787=EDGE_CURVE('',#3794,#3793,#1755,.T.);
#4788=EDGE_CURVE('',#3795,#3794,#1756,.T.);
#4789=EDGE_CURVE('',#3795,#3784,#1757,.T.);
#4790=EDGE_CURVE('',#3796,#3794,#1758,.T.);
#4791=EDGE_CURVE('',#3793,#3797,#1759,.T.);
#4792=EDGE_CURVE('',#3797,#3796,#1760,.T.);
#4793=EDGE_CURVE('',#3798,#3790,#1761,.T.);
#4794=EDGE_CURVE('',#3789,#3799,#1762,.T.);
#4795=EDGE_CURVE('',#3799,#3798,#1763,.T.);
#4796=EDGE_CURVE('',#3800,#3801,#1764,.T.);
#4797=EDGE_CURVE('',#3801,#3802,#1765,.T.);
#4798=EDGE_CURVE('',#3802,#3803,#1766,.T.);
#4799=EDGE_CURVE('',#3803,#3800,#1767,.T.);
#4800=EDGE_CURVE('',#3799,#3802,#1768,.T.);
#4801=EDGE_CURVE('',#3801,#3798,#1769,.T.);
#4802=EDGE_CURVE('',#3804,#3805,#1770,.T.);
#4803=EDGE_CURVE('',#3805,#3806,#1771,.T.);
#4804=EDGE_CURVE('',#3806,#3807,#1772,.T.);
#4805=EDGE_CURVE('',#3807,#3804,#1773,.T.);
#4806=EDGE_CURVE('',#3808,#3803,#1774,.T.);
#4807=EDGE_CURVE('',#3808,#3809,#1775,.T.);
#4808=EDGE_CURVE('',#3809,#3690,#1776,.T.);
#4809=EDGE_CURVE('',#3810,#3689,#1777,.T.);
#4810=EDGE_CURVE('',#3810,#3811,#1778,.T.);
#4811=EDGE_CURVE('',#3811,#3812,#1779,.T.);
#4812=EDGE_CURVE('',#3813,#3812,#1780,.T.);
#4813=EDGE_CURVE('',#3814,#3813,#1781,.T.);
#4814=EDGE_CURVE('',#3814,#3815,#1782,.T.);
#4815=EDGE_CURVE('',#3815,#3806,#1783,.T.);
#4816=EDGE_CURVE('',#3816,#3805,#1784,.T.);
#4817=EDGE_CURVE('',#3816,#3817,#1785,.T.);
#4818=EDGE_CURVE('',#3817,#3800,#1786,.T.);
#4819=EDGE_CURVE('',#3818,#3813,#1787,.T.);
#4820=EDGE_CURVE('',#3812,#3819,#1788,.T.);
#4821=EDGE_CURVE('',#3819,#3818,#1789,.T.);
#4822=EDGE_CURVE('',#3820,#3719,#1790,.T.);
#4823=EDGE_CURVE('',#3718,#3821,#1791,.T.);
#4824=EDGE_CURVE('',#3821,#3820,#1792,.T.);
#4825=EDGE_CURVE('',#3822,#3715,#1793,.T.);
#4826=EDGE_CURVE('',#3714,#3823,#1794,.T.);
#4827=EDGE_CURVE('',#3823,#3822,#1795,.T.);
#4828=EDGE_CURVE('',#3742,#3824,#1796,.T.);
#4829=EDGE_CURVE('',#3824,#3825,#214,.T.);
#4830=EDGE_CURVE('',#3825,#3743,#1797,.T.);
#4831=EDGE_CURVE('',#3746,#3826,#1798,.T.);
#4832=EDGE_CURVE('',#3826,#3827,#215,.T.);
#4833=EDGE_CURVE('',#3827,#3828,#1799,.T.);
#4834=EDGE_CURVE('',#3828,#3829,#1800,.T.);
#4835=EDGE_CURVE('',#3829,#3830,#1801,.T.);
#4836=EDGE_CURVE('',#3830,#3831,#216,.T.);
#4837=EDGE_CURVE('',#3831,#3741,#1802,.T.);
#4838=EDGE_CURVE('',#3710,#3832,#1803,.T.);
#4839=EDGE_CURVE('',#3832,#3833,#1804,.T.);
#4840=EDGE_CURVE('',#3833,#3723,#1805,.T.);
#4841=EDGE_CURVE('',#3726,#3834,#1806,.T.);
#4842=EDGE_CURVE('',#3834,#3835,#1807,.T.);
#4843=EDGE_CURVE('',#3835,#3836,#217,.T.);
#4844=EDGE_CURVE('',#3836,#3739,#1808,.T.);
#4845=EDGE_CURVE('',#3740,#3837,#1809,.T.);
#4846=EDGE_CURVE('',#3837,#3706,#218,.T.);
#4847=EDGE_CURVE('',#3757,#3838,#1810,.T.);
#4848=EDGE_CURVE('',#3838,#3839,#219,.T.);
#4849=EDGE_CURVE('',#3839,#3840,#220,.T.);
#4850=EDGE_CURVE('',#3840,#3841,#1811,.T.);
#4851=EDGE_CURVE('',#3841,#3758,#1812,.T.);
#4852=EDGE_CURVE('',#3759,#3842,#1813,.T.);
#4853=EDGE_CURVE('',#3842,#3843,#1814,.T.);
#4854=EDGE_CURVE('',#3843,#3760,#1815,.T.);
#4855=EDGE_CURVE('',#3763,#3844,#1816,.T.);
#4856=EDGE_CURVE('',#3844,#3845,#1817,.T.);
#4857=EDGE_CURVE('',#3845,#3846,#221,.T.);
#4858=EDGE_CURVE('',#3846,#3776,#1818,.T.);
#4859=EDGE_CURVE('',#3777,#3847,#1819,.T.);
#4860=EDGE_CURVE('',#3847,#3848,#222,.T.);
#4861=EDGE_CURVE('',#3848,#3849,#223,.T.);
#4862=EDGE_CURVE('',#3849,#3850,#1820,.T.);
#4863=EDGE_CURVE('',#3850,#3778,#1821,.T.);
#4864=EDGE_CURVE('',#3779,#3851,#1822,.T.);
#4865=EDGE_CURVE('',#3851,#3852,#224,.T.);
#4866=EDGE_CURVE('',#3852,#3780,#1823,.T.);
#4867=EDGE_CURVE('',#3783,#3853,#1824,.T.);
#4868=EDGE_CURVE('',#3853,#3854,#1825,.T.);
#4869=EDGE_CURVE('',#3854,#3855,#225,.T.);
#4870=EDGE_CURVE('',#3855,#3796,#1826,.T.);
#4871=EDGE_CURVE('',#3797,#3856,#1827,.T.);
#4872=EDGE_CURVE('',#3856,#3857,#226,.T.);
#4873=EDGE_CURVE('',#3857,#3804,#1828,.T.);
#4874=EDGE_CURVE('',#3807,#3858,#1829,.T.);
#4875=EDGE_CURVE('',#3858,#3859,#227,.T.);
#4876=EDGE_CURVE('',#3859,#3860,#1830,.T.);
#4877=EDGE_CURVE('',#3860,#3818,#1831,.T.);
#4878=EDGE_CURVE('',#3819,#3861,#1832,.T.);
#4879=EDGE_CURVE('',#3861,#3862,#228,.T.);
#4880=EDGE_CURVE('',#3862,#3820,#1833,.T.);
#4881=EDGE_CURVE('',#3821,#3863,#1834,.T.);
#4882=EDGE_CURVE('',#3863,#3864,#1835,.T.);
#4883=EDGE_CURVE('',#3864,#3865,#229,.T.);
#4884=EDGE_CURVE('',#3865,#3822,#1836,.T.);
#4885=EDGE_CURVE('',#3823,#3866,#1837,.T.);
#4886=EDGE_CURVE('',#3866,#3867,#230,.T.);
#4887=EDGE_CURVE('',#3867,#3868,#231,.T.);
#4888=EDGE_CURVE('',#3868,#3869,#1838,.T.);
#4889=EDGE_CURVE('',#3869,#3707,#1839,.T.);
#4890=EDGE_CURVE('',#3870,#3871,#232,.T.);
#4891=EDGE_CURVE('',#3871,#3872,#233,.T.);
#4892=EDGE_CURVE('',#3872,#3873,#234,.T.);
#4893=EDGE_CURVE('',#3873,#3870,#235,.T.);
#4894=EDGE_CURVE('',#3811,#3874,#1840,.T.);
#4895=EDGE_CURVE('',#3874,#3861,#1841,.T.);
#4896=EDGE_CURVE('',#3721,#3810,#1842,.T.);
#4897=EDGE_CURVE('',#3875,#3720,#1843,.T.);
#4898=EDGE_CURVE('',#3875,#3862,#1844,.T.);
#4899=EDGE_CURVE('',#3874,#3875,#236,.T.);
#4900=EDGE_CURVE('',#3731,#3876,#1845,.T.);
#4901=EDGE_CURVE('',#3876,#3824,#1846,.T.);
#4902=EDGE_CURVE('',#3749,#3730,#1847,.T.);
#4903=EDGE_CURVE('',#3877,#3748,#1848,.T.);
#4904=EDGE_CURVE('',#3877,#3825,#1849,.T.);
#4905=EDGE_CURVE('',#3876,#3877,#237,.T.);
#4906=EDGE_CURVE('',#3878,#3879,#238,.T.);
#4907=EDGE_CURVE('',#3879,#3870,#1850,.T.);
#4908=EDGE_CURVE('',#3878,#3873,#1851,.T.);
#4909=EDGE_CURVE('',#3880,#3878,#239,.T.);
#4910=EDGE_CURVE('',#3880,#3872,#1852,.T.);
#4911=EDGE_CURVE('',#3881,#3880,#240,.T.);
#4912=EDGE_CURVE('',#3881,#3871,#1853,.T.);
#4913=EDGE_CURVE('',#3879,#3881,#241,.T.);
#4914=EDGE_CURVE('',#3882,#3883,#1854,.T.);
#4915=EDGE_CURVE('',#3883,#3845,#1855,.T.);
#4916=EDGE_CURVE('',#3882,#3844,#1856,.T.);
#4917=EDGE_CURVE('',#3764,#3882,#1857,.T.);
#4918=EDGE_CURVE('',#3884,#3775,#1858,.T.);
#4919=EDGE_CURVE('',#3884,#3846,#1859,.T.);
#4920=EDGE_CURVE('',#3883,#3884,#242,.T.);
#4921=EDGE_CURVE('',#3885,#3886,#1860,.T.);
#4922=EDGE_CURVE('',#3886,#3828,#1861,.T.);
#4923=EDGE_CURVE('',#3885,#3827,#1862,.T.);
#4924=EDGE_CURVE('',#3887,#3885,#243,.T.);
#4925=EDGE_CURVE('',#3887,#3826,#1863,.T.);
#4926=EDGE_CURVE('',#3747,#3887,#1864,.T.);
#4927=EDGE_CURVE('',#3735,#3888,#1865,.T.);
#4928=EDGE_CURVE('',#3888,#3837,#1866,.T.);
#4929=EDGE_CURVE('',#3889,#3734,#1867,.T.);
#4930=EDGE_CURVE('',#3889,#3831,#1868,.T.);
#4931=EDGE_CURVE('',#3890,#3889,#244,.T.);
#4932=EDGE_CURVE('',#3890,#3830,#1869,.T.);
#4933=EDGE_CURVE('',#3891,#3890,#1870,.T.);
#4934=EDGE_CURVE('',#3891,#3829,#1871,.T.);
#4935=EDGE_CURVE('',#3886,#3891,#1872,.T.);
#4936=EDGE_CURVE('',#3729,#3722,#1873,.T.);
#4937=EDGE_CURVE('',#3892,#3728,#1874,.T.);
#4938=EDGE_CURVE('',#3892,#3833,#1875,.T.);
#4939=EDGE_CURVE('',#3893,#3892,#1876,.T.);
#4940=EDGE_CURVE('',#3893,#3832,#1877,.T.);
#4941=EDGE_CURVE('',#3711,#3893,#1878,.T.);
#4942=EDGE_CURVE('',#3894,#3712,#1879,.T.);
#4943=EDGE_CURVE('',#3894,#3869,#1880,.T.);
#4944=EDGE_CURVE('',#3895,#3894,#1881,.T.);
#4945=EDGE_CURVE('',#3895,#3868,#1882,.T.);
#4946=EDGE_CURVE('',#3896,#3895,#245,.T.);
#4947=EDGE_CURVE('',#3896,#3867,#1883,.T.);
#4948=EDGE_CURVE('',#3897,#3896,#246,.T.);
#4949=EDGE_CURVE('',#3897,#3866,#1884,.T.);
#4950=EDGE_CURVE('',#3713,#3897,#1885,.T.);
#4951=EDGE_CURVE('',#3768,#3898,#1886,.T.);
#4952=EDGE_CURVE('',#3898,#3851,#1887,.T.);
#4953=EDGE_CURVE('',#3786,#3767,#1888,.T.);
#4954=EDGE_CURVE('',#3899,#3785,#1889,.T.);
#4955=EDGE_CURVE('',#3899,#3852,#1890,.T.);
#4956=EDGE_CURVE('',#3898,#3899,#247,.T.);
#4957=EDGE_CURVE('',#3900,#3754,#1891,.T.);
#4958=EDGE_CURVE('',#3900,#3841,#1892,.T.);
#4959=EDGE_CURVE('',#3901,#3900,#1893,.T.);
#4960=EDGE_CURVE('',#3901,#3840,#1894,.T.);
#4961=EDGE_CURVE('',#3902,#3901,#248,.T.);
#4962=EDGE_CURVE('',#3902,#3839,#1895,.T.);
#4963=EDGE_CURVE('',#3888,#3902,#249,.T.);
#4964=EDGE_CURVE('',#3702,#3838,#1896,.T.);
#4965=EDGE_CURVE('',#3755,#3698,#1897,.T.);
#4966=EDGE_CURVE('',#3903,#3904,#1898,.T.);
#4967=EDGE_CURVE('',#3904,#3854,#1899,.T.);
#4968=EDGE_CURVE('',#3903,#3853,#1900,.T.);
#4969=EDGE_CURVE('',#3784,#3903,#1901,.T.);
#4970=EDGE_CURVE('',#3905,#3795,#1902,.T.);
#4971=EDGE_CURVE('',#3905,#3855,#1903,.T.);
#4972=EDGE_CURVE('',#3904,#3905,#250,.T.);
#4973=EDGE_CURVE('',#3817,#3791,#1904,.T.);
#4974=EDGE_CURVE('',#3906,#3816,#1905,.T.);
#4975=EDGE_CURVE('',#3906,#3857,#1906,.T.);
#4976=EDGE_CURVE('',#3907,#3906,#251,.T.);
#4977=EDGE_CURVE('',#3907,#3856,#1907,.T.);
#4978=EDGE_CURVE('',#3792,#3907,#1908,.T.);
#4979=EDGE_CURVE('',#3809,#3787,#1909,.T.);
#4980=EDGE_CURVE('',#3788,#3808,#1910,.T.);
#4981=EDGE_CURVE('',#3908,#3771,#1911,.T.);
#4982=EDGE_CURVE('',#3908,#3850,#1912,.T.);
#4983=EDGE_CURVE('',#3909,#3908,#1913,.T.);
#4984=EDGE_CURVE('',#3909,#3849,#1914,.T.);
#4985=EDGE_CURVE('',#3910,#3909,#252,.T.);
#4986=EDGE_CURVE('',#3910,#3848,#1915,.T.);
#4987=EDGE_CURVE('',#3911,#3910,#253,.T.);
#4988=EDGE_CURVE('',#3911,#3847,#1916,.T.);
#4989=EDGE_CURVE('',#3772,#3911,#1917,.T.);
#4990=EDGE_CURVE('',#3912,#3814,#1918,.T.);
#4991=EDGE_CURVE('',#3912,#3860,#1919,.T.);
#4992=EDGE_CURVE('',#3913,#3912,#1920,.T.);
#4993=EDGE_CURVE('',#3913,#3859,#1921,.T.);
#4994=EDGE_CURVE('',#3914,#3913,#254,.T.);
#4995=EDGE_CURVE('',#3914,#3858,#1922,.T.);
#4996=EDGE_CURVE('',#3815,#3914,#1923,.T.);
#4997=EDGE_CURVE('',#3915,#3916,#1924,.T.);
#4998=EDGE_CURVE('',#3916,#3864,#1925,.T.);
#4999=EDGE_CURVE('',#3915,#3863,#1926,.T.);
#5000=EDGE_CURVE('',#3717,#3915,#1927,.T.);
#5001=EDGE_CURVE('',#3917,#3716,#1928,.T.);
#5002=EDGE_CURVE('',#3917,#3865,#1929,.T.);
#5003=EDGE_CURVE('',#3916,#3917,#255,.T.);
#5004=EDGE_CURVE('',#3766,#3750,#1930,.T.);
#5005=EDGE_CURVE('',#3918,#3765,#1931,.T.);
#5006=EDGE_CURVE('',#3918,#3843,#1932,.T.);
#5007=EDGE_CURVE('',#3919,#3918,#1933,.T.);
#5008=EDGE_CURVE('',#3919,#3842,#1934,.T.);
#5009=EDGE_CURVE('',#3751,#3919,#1935,.T.);
#5010=EDGE_CURVE('',#3920,#3921,#1936,.T.);
#5011=EDGE_CURVE('',#3921,#3835,#1937,.T.);
#5012=EDGE_CURVE('',#3920,#3834,#1938,.T.);
#5013=EDGE_CURVE('',#3727,#3920,#1939,.T.);
#5014=EDGE_CURVE('',#3922,#3738,#1940,.T.);
#5015=EDGE_CURVE('',#3922,#3836,#1941,.T.);
#5016=EDGE_CURVE('',#3921,#3922,#256,.T.);
#5017=EDGE_CURVE('',#3923,#3659,#1942,.T.);
#5018=EDGE_CURVE('',#3923,#3684,#1943,.T.);
#5019=EDGE_CURVE('',#3924,#3661,#1944,.T.);
#5020=EDGE_CURVE('',#3924,#3923,#1945,.T.);
#5021=EDGE_CURVE('',#3925,#3663,#1946,.T.);
#5022=EDGE_CURVE('',#3925,#3924,#1947,.T.);
#5023=EDGE_CURVE('',#3926,#3665,#1948,.T.);
#5024=EDGE_CURVE('',#3926,#3925,#1949,.T.);
#5025=EDGE_CURVE('',#3927,#3667,#1950,.T.);
#5026=EDGE_CURVE('',#3927,#3926,#1951,.T.);
#5027=EDGE_CURVE('',#3679,#3927,#1952,.T.);
#5028=EDGE_CURVE('',#3928,#3929,#1953,.T.);
#5029=EDGE_CURVE('',#3930,#3928,#1954,.T.);
#5030=EDGE_CURVE('',#3931,#3930,#1955,.T.);
#5031=EDGE_CURVE('',#3932,#3931,#1956,.T.);
#5032=EDGE_CURVE('',#3933,#3932,#1957,.T.);
#5033=EDGE_CURVE('',#3934,#3933,#1958,.T.);
#5034=EDGE_CURVE('',#3935,#3934,#1959,.T.);
#5035=EDGE_CURVE('',#3936,#3935,#1960,.T.);
#5036=EDGE_CURVE('',#3929,#3936,#1961,.T.);
#5037=EDGE_CURVE('',#3931,#3930,#257,.T.);
#5038=EDGE_CURVE('',#3929,#3937,#1962,.T.);
#5039=EDGE_CURVE('',#3937,#3938,#1963,.T.);
#5040=EDGE_CURVE('',#3928,#3938,#258,.T.);
#5041=EDGE_CURVE('',#3939,#3936,#1964,.T.);
#5042=EDGE_CURVE('',#3940,#3939,#1965,.T.);
#5043=EDGE_CURVE('',#3940,#3937,#1966,.T.);
#5044=EDGE_CURVE('',#3941,#3932,#259,.T.);
#5045=EDGE_CURVE('',#3942,#3941,#260,.T.);
#5046=EDGE_CURVE('',#3942,#3943,#1967,.T.);
#5047=EDGE_CURVE('',#3943,#3933,#1968,.T.);
#5048=EDGE_CURVE('',#3944,#3942,#1969,.T.);
#5049=EDGE_CURVE('',#3945,#3944,#1970,.T.);
#5050=EDGE_CURVE('',#3938,#3945,#1971,.T.);
#5051=EDGE_CURVE('',#3946,#3940,#1972,.T.);
#5052=EDGE_CURVE('',#3947,#3946,#1973,.T.);
#5053=EDGE_CURVE('',#3943,#3947,#1974,.T.);
#5054=EDGE_CURVE('',#3945,#3944,#261,.T.);
#5055=EDGE_CURVE('',#3948,#3947,#1975,.T.);
#5056=EDGE_CURVE('',#3934,#3948,#1976,.T.);
#5057=EDGE_CURVE('',#3948,#3949,#262,.T.);
#5058=EDGE_CURVE('',#3946,#3948,#263,.T.);
#5059=EDGE_CURVE('',#3939,#3946,#264,.T.);
#5060=EDGE_CURVE('',#3935,#3939,#265,.T.);
#5061=EDGE_CURVE('',#3949,#3935,#266,.T.);
#5062=EDGE_CURVE('',#3949,#3950,#1977,.T.);
#5063=EDGE_CURVE('',#3950,#3950,#267,.T.);
#5064=EDGE_CURVE('',#3951,#3952,#1978,.T.);
#5065=EDGE_CURVE('',#3953,#3952,#1979,.F.);
#5066=EDGE_CURVE('',#3953,#3954,#1980,.T.);
#5067=EDGE_CURVE('',#3955,#3954,#1981,.F.);
#5068=EDGE_CURVE('',#3955,#3956,#1982,.T.);
#5069=EDGE_CURVE('',#3956,#3957,#1983,.T.);
#5070=EDGE_CURVE('',#3957,#3958,#1984,.T.);
#5071=EDGE_CURVE('',#3958,#3959,#1985,.T.);
#5072=EDGE_CURVE('',#3959,#3960,#1986,.T.);
#5073=EDGE_CURVE('',#3961,#3960,#1987,.F.);
#5074=EDGE_CURVE('',#3961,#3962,#1988,.T.);
#5075=EDGE_CURVE('',#3963,#3962,#1989,.F.);
#5076=EDGE_CURVE('',#3963,#3964,#1990,.T.);
#5077=EDGE_CURVE('',#3964,#3965,#1991,.T.);
#5078=EDGE_CURVE('',#3965,#3966,#1992,.T.);
#5079=EDGE_CURVE('',#3966,#3967,#1993,.T.);
#5080=EDGE_CURVE('',#3967,#3968,#1994,.T.);
#5081=EDGE_CURVE('',#3968,#3969,#1995,.T.);
#5082=EDGE_CURVE('',#3969,#3970,#1996,.T.);
#5083=EDGE_CURVE('',#3970,#3971,#1997,.T.);
#5084=EDGE_CURVE('',#3971,#3972,#1998,.T.);
#5085=EDGE_CURVE('',#3972,#3973,#1999,.T.);
#5086=EDGE_CURVE('',#3973,#3974,#2000,.T.);
#5087=EDGE_CURVE('',#3975,#3974,#2001,.F.);
#5088=EDGE_CURVE('',#3975,#3976,#2002,.T.);
#5089=EDGE_CURVE('',#3977,#3976,#2003,.F.);
#5090=EDGE_CURVE('',#3977,#3978,#2004,.T.);
#5091=EDGE_CURVE('',#3978,#3979,#2005,.T.);
#5092=EDGE_CURVE('',#3979,#3980,#2006,.T.);
#5093=EDGE_CURVE('',#3980,#3951,#2007,.T.);
#5094=EDGE_CURVE('',#3981,#3981,#268,.T.);
#5095=EDGE_CURVE('',#3982,#3982,#269,.T.);
#5096=EDGE_CURVE('',#3983,#3984,#2008,.T.);
#5097=EDGE_CURVE('',#3985,#3983,#2009,.T.);
#5098=EDGE_CURVE('',#3986,#3985,#2010,.T.);
#5099=EDGE_CURVE('',#3987,#3986,#2011,.T.);
#5100=EDGE_CURVE('',#3988,#3987,#2012,.T.);
#5101=EDGE_CURVE('',#3989,#3988,#2013,.T.);
#5102=EDGE_CURVE('',#3990,#3989,#2014,.T.);
#5103=EDGE_CURVE('',#3991,#3990,#2015,.T.);
#5104=EDGE_CURVE('',#3992,#3991,#2016,.T.);
#5105=EDGE_CURVE('',#3993,#3992,#2017,.T.);
#5106=EDGE_CURVE('',#3994,#3993,#2018,.T.);
#5107=EDGE_CURVE('',#3995,#3994,#2019,.T.);
#5108=EDGE_CURVE('',#3996,#3995,#2020,.T.);
#5109=EDGE_CURVE('',#3997,#3996,#2021,.T.);
#5110=EDGE_CURVE('',#3998,#3997,#2022,.T.);
#5111=EDGE_CURVE('',#3999,#3998,#2023,.T.);
#5112=EDGE_CURVE('',#4000,#3999,#2024,.T.);
#5113=EDGE_CURVE('',#3984,#4000,#2025,.T.);
#5114=EDGE_CURVE('',#3989,#4001,#2026,.T.);
#5115=EDGE_CURVE('',#4002,#4001,#2027,.T.);
#5116=EDGE_CURVE('',#3990,#4002,#2028,.T.);
#5117=EDGE_CURVE('',#3988,#4003,#2029,.T.);
#5118=EDGE_CURVE('',#4001,#4003,#2030,.T.);
#5119=EDGE_CURVE('',#3987,#4004,#2031,.T.);
#5120=EDGE_CURVE('',#4003,#4004,#2032,.T.);
#5121=EDGE_CURVE('',#4005,#4006,#2033,.T.);
#5122=EDGE_CURVE('',#4007,#4005,#2034,.T.);
#5123=EDGE_CURVE('',#4007,#4008,#2035,.T.);
#5124=EDGE_CURVE('',#4006,#4008,#2036,.T.);
#5125=EDGE_CURVE('',#4009,#4010,#2037,.T.);
#5126=EDGE_CURVE('',#4011,#4009,#2038,.T.);
#5127=EDGE_CURVE('',#4012,#4011,#2039,.T.);
#5128=EDGE_CURVE('',#4013,#4012,#2040,.T.);
#5129=EDGE_CURVE('',#4014,#4013,#2041,.T.);
#5130=EDGE_CURVE('',#4015,#4014,#2042,.T.);
#5131=EDGE_CURVE('',#4016,#4015,#2043,.T.);
#5132=EDGE_CURVE('',#4017,#4016,#2044,.T.);
#5133=EDGE_CURVE('',#4010,#4017,#2045,.T.);
#5134=EDGE_CURVE('',#4012,#4011,#270,.T.);
#5135=EDGE_CURVE('',#4010,#4018,#2046,.T.);
#5136=EDGE_CURVE('',#4018,#4019,#2047,.T.);
#5137=EDGE_CURVE('',#4020,#4019,#271,.T.);
#5138=EDGE_CURVE('',#4009,#4020,#272,.T.);
#5139=EDGE_CURVE('',#4021,#4017,#2048,.T.);
#5140=EDGE_CURVE('',#4022,#4021,#2049,.T.);
#5141=EDGE_CURVE('',#4022,#4018,#2050,.T.);
#5142=EDGE_CURVE('',#4023,#4013,#273,.T.);
#5143=EDGE_CURVE('',#4023,#4024,#2051,.T.);
#5144=EDGE_CURVE('',#4024,#4014,#2052,.T.);
#5145=EDGE_CURVE('',#4025,#4023,#2053,.T.);
#5146=EDGE_CURVE('',#4026,#4025,#2054,.T.);
#5147=EDGE_CURVE('',#4019,#4026,#2055,.T.);
#5148=EDGE_CURVE('',#4027,#4022,#2056,.T.);
#5149=EDGE_CURVE('',#4028,#4027,#2057,.T.);
#5150=EDGE_CURVE('',#4024,#4028,#2058,.T.);
#5151=EDGE_CURVE('',#4026,#4025,#274,.T.);
#5152=EDGE_CURVE('',#4029,#4028,#2059,.T.);
#5153=EDGE_CURVE('',#4015,#4029,#2060,.T.);
#5154=EDGE_CURVE('',#4029,#4016,#275,.T.);
#5155=EDGE_CURVE('',#4027,#4029,#276,.T.);
#5156=EDGE_CURVE('',#4021,#4027,#277,.T.);
#5157=EDGE_CURVE('',#4030,#4021,#278,.T.);
#5158=EDGE_CURVE('',#4030,#3981,#2061,.T.);
#5159=EDGE_CURVE('',#4016,#4030,#279,.T.);
#5160=EDGE_CURVE('',#3995,#4031,#2062,.T.);
#5161=EDGE_CURVE('',#4032,#4031,#2063,.T.);
#5162=EDGE_CURVE('',#3996,#4032,#2064,.T.);
#5163=EDGE_CURVE('',#3994,#4033,#2065,.T.);
#5164=EDGE_CURVE('',#4031,#4033,#2066,.T.);
#5165=EDGE_CURVE('',#3993,#4034,#2067,.T.);
#5166=EDGE_CURVE('',#4033,#4034,#2068,.T.);
#5167=EDGE_CURVE('',#4035,#4036,#2069,.T.);
#5168=EDGE_CURVE('',#4037,#4035,#2070,.T.);
#5169=EDGE_CURVE('',#4037,#4038,#2071,.T.);
#5170=EDGE_CURVE('',#4036,#4038,#2072,.T.);
#5171=EDGE_CURVE('',#4039,#4040,#2073,.T.);
#5172=EDGE_CURVE('',#4041,#4039,#2074,.T.);
#5173=EDGE_CURVE('',#4042,#4041,#2075,.T.);
#5174=EDGE_CURVE('',#4043,#4042,#2076,.T.);
#5175=EDGE_CURVE('',#4044,#4043,#2077,.T.);
#5176=EDGE_CURVE('',#4045,#4044,#2078,.T.);
#5177=EDGE_CURVE('',#4046,#4045,#2079,.T.);
#5178=EDGE_CURVE('',#4047,#4046,#2080,.T.);
#5179=EDGE_CURVE('',#4040,#4047,#2081,.T.);
#5180=EDGE_CURVE('',#4042,#4041,#280,.T.);
#5181=EDGE_CURVE('',#4040,#4048,#2082,.T.);
#5182=EDGE_CURVE('',#4048,#4049,#2083,.T.);
#5183=EDGE_CURVE('',#4039,#4049,#281,.T.);
#5184=EDGE_CURVE('',#4050,#4047,#2084,.T.);
#5185=EDGE_CURVE('',#4051,#4050,#2085,.T.);
#5186=EDGE_CURVE('',#4051,#4048,#2086,.T.);
#5187=EDGE_CURVE('',#4045,#4052,#2087,.T.);
#5188=EDGE_CURVE('',#4052,#4046,#282,.T.);
#5189=EDGE_CURVE('',#4046,#4050,#283,.T.);
#5190=EDGE_CURVE('',#4053,#4043,#284,.T.);
#5191=EDGE_CURVE('',#4053,#4054,#2088,.T.);
#5192=EDGE_CURVE('',#4054,#4044,#2089,.T.);
#5193=EDGE_CURVE('',#4055,#4053,#2090,.T.);
#5194=EDGE_CURVE('',#4056,#4055,#2091,.T.);
#5195=EDGE_CURVE('',#4049,#4056,#2092,.T.);
#5196=EDGE_CURVE('',#4057,#4051,#2093,.T.);
#5197=EDGE_CURVE('',#4058,#4057,#2094,.T.);
#5198=EDGE_CURVE('',#4054,#4058,#2095,.T.);
#5199=EDGE_CURVE('',#4056,#4059,#285,.T.);
#5200=EDGE_CURVE('',#4059,#4055,#286,.T.);
#5201=EDGE_CURVE('',#4052,#4058,#2096,.T.);
#5202=EDGE_CURVE('',#4050,#4057,#287,.T.);
#5203=EDGE_CURVE('',#4057,#4052,#288,.T.);
#5204=EDGE_CURVE('',#4060,#4060,#289,.T.);
#5205=EDGE_CURVE('',#4060,#4059,#2097,.T.);
#5206=EDGE_CURVE('',#4061,#4061,#290,.T.);
#5207=EDGE_CURVE('',#4061,#3941,#2098,.T.);
#5208=EDGE_CURVE('',#4057,#3982,#2099,.T.);
#5209=EDGE_CURVE('',#4062,#4062,#291,.T.);
#5210=EDGE_CURVE('',#4062,#4020,#2100,.T.);
#5211=EDGE_CURVE('',#4063,#4064,#2101,.T.);
#5212=EDGE_CURVE('',#4064,#4038,#2102,.T.);
#5213=EDGE_CURVE('',#4038,#4065,#2103,.T.);
#5214=EDGE_CURVE('',#4063,#4065,#2104,.T.);
#5215=EDGE_CURVE('',#4064,#4066,#2105,.T.);
#5216=EDGE_CURVE('',#4066,#4036,#2106,.T.);
#5217=EDGE_CURVE('',#4066,#4067,#2107,.T.);
#5218=EDGE_CURVE('',#4067,#4068,#2108,.T.);
#5219=EDGE_CURVE('',#4068,#4036,#2109,.T.);
#5220=EDGE_CURVE('',#4067,#4069,#2110,.T.);
#5221=EDGE_CURVE('',#4069,#4070,#2111,.T.);
#5222=EDGE_CURVE('',#4070,#4068,#2112,.T.);
#5223=EDGE_CURVE('',#4069,#4071,#2113,.T.);
#5224=EDGE_CURVE('',#4071,#4008,#2114,.T.);
#5225=EDGE_CURVE('',#4008,#4070,#2115,.T.);
#5226=EDGE_CURVE('',#4071,#4072,#2116,.T.);
#5227=EDGE_CURVE('',#4072,#4006,#2117,.T.);
#5228=EDGE_CURVE('',#4072,#4073,#2118,.T.);
#5229=EDGE_CURVE('',#4073,#4074,#2119,.T.);
#5230=EDGE_CURVE('',#4074,#4006,#2120,.T.);
#5231=EDGE_CURVE('',#4075,#4074,#2121,.T.);
#5232=EDGE_CURVE('',#4073,#4076,#2122,.T.);
#5233=EDGE_CURVE('',#4076,#4075,#2123,.T.);
#5234=EDGE_CURVE('',#4077,#4075,#2124,.T.);
#5235=EDGE_CURVE('',#4076,#4078,#2125,.T.);
#5236=EDGE_CURVE('',#4078,#4077,#2126,.T.);
#5237=EDGE_CURVE('',#4079,#4077,#2127,.T.);
#5238=EDGE_CURVE('',#4078,#4080,#2128,.T.);
#5239=EDGE_CURVE('',#4080,#4079,#2129,.T.);
#5240=EDGE_CURVE('',#4081,#4079,#2130,.T.);
#5241=EDGE_CURVE('',#4080,#4082,#2131,.T.);
#5242=EDGE_CURVE('',#4082,#4081,#2132,.T.);
#5243=EDGE_CURVE('',#4065,#4081,#2133,.T.);
#5244=EDGE_CURVE('',#4082,#4063,#2134,.T.);
#5245=EDGE_CURVE('',#4083,#4075,#2135,.T.);
#5246=EDGE_CURVE('',#4084,#4083,#2136,.T.);
#5247=EDGE_CURVE('',#4074,#4084,#2137,.T.);
#5248=EDGE_CURVE('',#4085,#4077,#2138,.T.);
#5249=EDGE_CURVE('',#4083,#4085,#2139,.T.);
#5250=EDGE_CURVE('',#4086,#4079,#2140,.T.);
#5251=EDGE_CURVE('',#4085,#4086,#2141,.T.);
#5252=EDGE_CURVE('',#4087,#4081,#2142,.T.);
#5253=EDGE_CURVE('',#4086,#4087,#2143,.T.);
#5254=EDGE_CURVE('',#4088,#4065,#2144,.T.);
#5255=EDGE_CURVE('',#4087,#4088,#2145,.T.);
#5256=EDGE_CURVE('',#4088,#4037,#2146,.T.);
#5257=EDGE_CURVE('',#4089,#4090,#2147,.T.);
#5258=EDGE_CURVE('',#4091,#4089,#2148,.T.);
#5259=EDGE_CURVE('',#4092,#4091,#2149,.T.);
#5260=EDGE_CURVE('',#4093,#4092,#2150,.T.);
#5261=EDGE_CURVE('',#4094,#4093,#2151,.T.);
#5262=EDGE_CURVE('',#4095,#4094,#2152,.T.);
#5263=EDGE_CURVE('',#4096,#4095,#2153,.T.);
#5264=EDGE_CURVE('',#4097,#4096,#2154,.T.);
#5265=EDGE_CURVE('',#4098,#4097,#2155,.T.);
#5266=EDGE_CURVE('',#4099,#4098,#2156,.T.);
#5267=EDGE_CURVE('',#4100,#4099,#2157,.T.);
#5268=EDGE_CURVE('',#4101,#4100,#2158,.T.);
#5269=EDGE_CURVE('',#4102,#4101,#2159,.T.);
#5270=EDGE_CURVE('',#4103,#4102,#2160,.T.);
#5271=EDGE_CURVE('',#4104,#4103,#2161,.T.);
#5272=EDGE_CURVE('',#4105,#4104,#2162,.T.);
#5273=EDGE_CURVE('',#4106,#4105,#2163,.T.);
#5274=EDGE_CURVE('',#4090,#4106,#2164,.T.);
#5275=EDGE_CURVE('',#4090,#4034,#2165,.T.);
#5276=EDGE_CURVE('',#4034,#4107,#2166,.T.);
#5277=EDGE_CURVE('',#4089,#4107,#2167,.T.);
#5278=EDGE_CURVE('',#4106,#4033,#2168,.T.);
#5279=EDGE_CURVE('',#4105,#4031,#2169,.T.);
#5280=EDGE_CURVE('',#4104,#4032,#2170,.T.);
#5281=EDGE_CURVE('',#4103,#4108,#2171,.T.);
#5282=EDGE_CURVE('',#4108,#4032,#2172,.T.);
#5283=EDGE_CURVE('',#4102,#4109,#2173,.T.);
#5284=EDGE_CURVE('',#4109,#4108,#2174,.T.);
#5285=EDGE_CURVE('',#4101,#4110,#2175,.T.);
#5286=EDGE_CURVE('',#4110,#4109,#2176,.T.);
#5287=EDGE_CURVE('',#4100,#4111,#2177,.T.);
#5288=EDGE_CURVE('',#4111,#4110,#2178,.T.);
#5289=EDGE_CURVE('',#4099,#4112,#2179,.T.);
#5290=EDGE_CURVE('',#4112,#4111,#2180,.T.);
#5291=EDGE_CURVE('',#4098,#4113,#2181,.T.);
#5292=EDGE_CURVE('',#4113,#4112,#2182,.T.);
#5293=EDGE_CURVE('',#4114,#4113,#2183,.T.);
#5294=EDGE_CURVE('',#4097,#4114,#2184,.T.);
#5295=EDGE_CURVE('',#4115,#4114,#2185,.T.);
#5296=EDGE_CURVE('',#4096,#4115,#2186,.T.);
#5297=EDGE_CURVE('',#4004,#4115,#2187,.T.);
#5298=EDGE_CURVE('',#4095,#4004,#2188,.T.);
#5299=EDGE_CURVE('',#4094,#4003,#2189,.T.);
#5300=EDGE_CURVE('',#4093,#4001,#2190,.T.);
#5301=EDGE_CURVE('',#4092,#4002,#2191,.T.);
#5302=EDGE_CURVE('',#4116,#4002,#2192,.T.);
#5303=EDGE_CURVE('',#4091,#4116,#2193,.T.);
#5304=EDGE_CURVE('',#4107,#4116,#2194,.T.);
#5305=EDGE_CURVE('',#3985,#4114,#2195,.T.);
#5306=EDGE_CURVE('',#3983,#4113,#2196,.T.);
#5307=EDGE_CURVE('',#3986,#4115,#2197,.T.);
#5308=EDGE_CURVE('',#3991,#4116,#2198,.T.);
#5309=EDGE_CURVE('',#3992,#4107,#2199,.T.);
#5310=EDGE_CURVE('',#4035,#4117,#2200,.T.);
#5311=EDGE_CURVE('',#4117,#4118,#2201,.T.);
#5312=EDGE_CURVE('',#4118,#4119,#2202,.T.);
#5313=EDGE_CURVE('',#4119,#4035,#2203,.T.);
#5314=EDGE_CURVE('',#4119,#4120,#2204,.T.);
#5315=EDGE_CURVE('',#4120,#4037,#2205,.T.);
#5316=EDGE_CURVE('',#4120,#4121,#2206,.T.);
#5317=EDGE_CURVE('',#4121,#4088,#2207,.T.);
#5318=EDGE_CURVE('',#3974,#4118,#292,.T.);
#5319=EDGE_CURVE('',#4117,#3975,#293,.T.);
#5320=EDGE_CURVE('',#4121,#4122,#2208,.T.);
#5321=EDGE_CURVE('',#4122,#4087,#2209,.T.);
#5322=EDGE_CURVE('',#4122,#4123,#2210,.T.);
#5323=EDGE_CURVE('',#4123,#4086,#2211,.T.);
#5324=EDGE_CURVE('',#4123,#4124,#2212,.T.);
#5325=EDGE_CURVE('',#4124,#4085,#2213,.T.);
#5326=EDGE_CURVE('',#4124,#4125,#2214,.T.);
#5327=EDGE_CURVE('',#4125,#4083,#2215,.T.);
#5328=EDGE_CURVE('',#4125,#4126,#2216,.T.);
#5329=EDGE_CURVE('',#4126,#4084,#2217,.T.);
#5330=EDGE_CURVE('',#3962,#4127,#294,.T.);
#5331=EDGE_CURVE('',#4127,#4128,#2218,.T.);
#5332=EDGE_CURVE('',#4128,#3963,#295,.T.);
#5333=EDGE_CURVE('',#4126,#4128,#2219,.T.);
#5334=EDGE_CURVE('',#4127,#4084,#2220,.T.);
#5335=EDGE_CURVE('',#4129,#4068,#2221,.T.);
#5336=EDGE_CURVE('',#4130,#4129,#2222,.T.);
#5337=EDGE_CURVE('',#3976,#4130,#296,.T.);
#5338=EDGE_CURVE('',#4131,#3961,#297,.T.);
#5339=EDGE_CURVE('',#4005,#4131,#2223,.T.);
#5340=EDGE_CURVE('',#4132,#4133,#2224,.T.);
#5341=EDGE_CURVE('',#4133,#4134,#2225,.T.);
#5342=EDGE_CURVE('',#4134,#4135,#2226,.T.);
#5343=EDGE_CURVE('',#4135,#4132,#2227,.T.);
#5344=EDGE_CURVE('',#3952,#4134,#298,.T.);
#5345=EDGE_CURVE('',#4133,#3953,#299,.T.);
#5346=EDGE_CURVE('',#4129,#4132,#2228,.T.);
#5347=EDGE_CURVE('',#4135,#4136,#2229,.T.);
#5348=EDGE_CURVE('',#4136,#4129,#2230,.T.);
#5349=EDGE_CURVE('',#4130,#4137,#2231,.T.);
#5350=EDGE_CURVE('',#4137,#3977,#300,.T.);
#5351=EDGE_CURVE('',#4136,#4137,#2232,.T.);
#5352=EDGE_CURVE('',#4138,#4007,#2233,.T.);
#5353=EDGE_CURVE('',#3954,#4138,#301,.T.);
#5354=EDGE_CURVE('',#4132,#4070,#2234,.T.);
#5355=EDGE_CURVE('',#4131,#4139,#2235,.T.);
#5356=EDGE_CURVE('',#4139,#4140,#2236,.T.);
#5357=EDGE_CURVE('',#4140,#4005,#2237,.T.);
#5358=EDGE_CURVE('',#4140,#4141,#2238,.T.);
#5359=EDGE_CURVE('',#4141,#4007,#2239,.T.);
#5360=EDGE_CURVE('',#4138,#4142,#2240,.T.);
#5361=EDGE_CURVE('',#4142,#3955,#302,.T.);
#5362=EDGE_CURVE('',#4141,#4142,#2241,.T.);
#5363=EDGE_CURVE('',#3960,#4139,#303,.T.);
#5364=EDGE_CURVE('',#3959,#4143,#304,.T.);
#5365=EDGE_CURVE('',#4143,#4139,#2242,.T.);
#5366=EDGE_CURVE('',#4128,#4144,#2243,.T.);
#5367=EDGE_CURVE('',#4144,#3964,#305,.T.);
#5368=EDGE_CURVE('',#4145,#4118,#2244,.T.);
#5369=EDGE_CURVE('',#4145,#4146,#2245,.T.);
#5370=EDGE_CURVE('',#4146,#4147,#2246,.T.);
#5371=EDGE_CURVE('',#4147,#4148,#2247,.T.);
#5372=EDGE_CURVE('',#4148,#4149,#2248,.T.);
#5373=EDGE_CURVE('',#4149,#4150,#2249,.T.);
#5374=EDGE_CURVE('',#4150,#4151,#2250,.T.);
#5375=EDGE_CURVE('',#4151,#4152,#2251,.T.);
#5376=EDGE_CURVE('',#4152,#4153,#2252,.T.);
#5377=EDGE_CURVE('',#4153,#4144,#2253,.T.);
#5378=EDGE_CURVE('',#4142,#4154,#2254,.T.);
#5379=EDGE_CURVE('',#4154,#3956,#306,.T.);
#5380=EDGE_CURVE('',#4143,#4155,#2255,.T.);
#5381=EDGE_CURVE('',#4155,#4156,#2256,.T.);
#5382=EDGE_CURVE('',#4156,#4154,#2257,.T.);
#5383=EDGE_CURVE('',#3951,#4157,#307,.T.);
#5384=EDGE_CURVE('',#4157,#4134,#2258,.T.);
#5385=EDGE_CURVE('',#4157,#4158,#2259,.T.);
#5386=EDGE_CURVE('',#4158,#4159,#2260,.T.);
#5387=EDGE_CURVE('',#4159,#4160,#2261,.T.);
#5388=EDGE_CURVE('',#4137,#4160,#2262,.T.);
#5389=EDGE_CURVE('',#4160,#3978,#308,.T.);
#5390=EDGE_CURVE('',#3973,#4145,#309,.T.);
#5391=EDGE_CURVE('',#3972,#4146,#2263,.T.);
#5392=EDGE_CURVE('',#3979,#4159,#2264,.T.);
#5393=EDGE_CURVE('',#3980,#4158,#2265,.T.);
#5394=EDGE_CURVE('',#3957,#4156,#2266,.T.);
#5395=EDGE_CURVE('',#3958,#4155,#2267,.T.);
#5396=EDGE_CURVE('',#3966,#4152,#2268,.T.);
#5397=EDGE_CURVE('',#3967,#4151,#2269,.T.);
#5398=EDGE_CURVE('',#3968,#4150,#2270,.T.);
#5399=EDGE_CURVE('',#3969,#4149,#2271,.T.);
#5400=EDGE_CURVE('',#3970,#4148,#2272,.T.);
#5401=EDGE_CURVE('',#3971,#4147,#2273,.T.);
#5402=EDGE_CURVE('',#3965,#4153,#2274,.T.);
#5403=EDGE_CURVE('',#3997,#4108,#2275,.T.);
#5404=EDGE_CURVE('',#3998,#4109,#2276,.T.);
#5405=EDGE_CURVE('',#3999,#4110,#2277,.T.);
#5406=EDGE_CURVE('',#4000,#4111,#2278,.T.);
#5407=EDGE_CURVE('',#3984,#4112,#2279,.T.);
#5408=ORIENTED_EDGE('',*,*,#4161,.T.);
#5409=ORIENTED_EDGE('',*,*,#4162,.T.);
#5410=ORIENTED_EDGE('',*,*,#4163,.T.);
#5411=ORIENTED_EDGE('',*,*,#4164,.F.);
#5412=ORIENTED_EDGE('',*,*,#4165,.T.);
#5413=ORIENTED_EDGE('',*,*,#4166,.T.);
#5414=ORIENTED_EDGE('',*,*,#4167,.T.);
#5415=ORIENTED_EDGE('',*,*,#4162,.F.);
#5416=ORIENTED_EDGE('',*,*,#4168,.T.);
#5417=ORIENTED_EDGE('',*,*,#4169,.T.);
#5418=ORIENTED_EDGE('',*,*,#4170,.T.);
#5419=ORIENTED_EDGE('',*,*,#4166,.F.);
#5420=ORIENTED_EDGE('',*,*,#4171,.T.);
#5421=ORIENTED_EDGE('',*,*,#4172,.T.);
#5422=ORIENTED_EDGE('',*,*,#4173,.T.);
#5423=ORIENTED_EDGE('',*,*,#4169,.F.);
#5424=ORIENTED_EDGE('',*,*,#4174,.T.);
#5425=ORIENTED_EDGE('',*,*,#4175,.T.);
#5426=ORIENTED_EDGE('',*,*,#4176,.T.);
#5427=ORIENTED_EDGE('',*,*,#4177,.T.);
#5428=ORIENTED_EDGE('',*,*,#4178,.T.);
#5429=ORIENTED_EDGE('',*,*,#4175,.F.);
#5430=ORIENTED_EDGE('',*,*,#4179,.T.);
#5431=ORIENTED_EDGE('',*,*,#4172,.F.);
#5432=ORIENTED_EDGE('',*,*,#4180,.T.);
#5433=ORIENTED_EDGE('',*,*,#4177,.F.);
#5434=ORIENTED_EDGE('',*,*,#4181,.T.);
#5435=ORIENTED_EDGE('',*,*,#4182,.T.);
#5436=ORIENTED_EDGE('',*,*,#4183,.T.);
#5437=ORIENTED_EDGE('',*,*,#4182,.F.);
#5438=ORIENTED_EDGE('',*,*,#4184,.T.);
#5439=ORIENTED_EDGE('',*,*,#4185,.T.);
#5440=ORIENTED_EDGE('',*,*,#4186,.T.);
#5441=ORIENTED_EDGE('',*,*,#4185,.F.);
#5442=ORIENTED_EDGE('',*,*,#4187,.T.);
#5443=ORIENTED_EDGE('',*,*,#4188,.T.);
#5444=ORIENTED_EDGE('',*,*,#4189,.T.);
#5445=ORIENTED_EDGE('',*,*,#4188,.F.);
#5446=ORIENTED_EDGE('',*,*,#4190,.T.);
#5447=ORIENTED_EDGE('',*,*,#4191,.T.);
#5448=ORIENTED_EDGE('',*,*,#4192,.T.);
#5449=ORIENTED_EDGE('',*,*,#4191,.F.);
#5450=ORIENTED_EDGE('',*,*,#4193,.T.);
#5451=ORIENTED_EDGE('',*,*,#4194,.T.);
#5452=ORIENTED_EDGE('',*,*,#4195,.T.);
#5453=ORIENTED_EDGE('',*,*,#4194,.F.);
#5454=ORIENTED_EDGE('',*,*,#4196,.T.);
#5455=ORIENTED_EDGE('',*,*,#4164,.T.);
#5456=ORIENTED_EDGE('',*,*,#4163,.F.);
#5457=ORIENTED_EDGE('',*,*,#4197,.T.);
#5458=ORIENTED_EDGE('',*,*,#4198,.F.);
#5459=ORIENTED_EDGE('',*,*,#4199,.F.);
#5460=ORIENTED_EDGE('',*,*,#4167,.F.);
#5461=ORIENTED_EDGE('',*,*,#4200,.T.);
#5462=ORIENTED_EDGE('',*,*,#4201,.F.);
#5463=ORIENTED_EDGE('',*,*,#4197,.F.);
#5464=ORIENTED_EDGE('',*,*,#4170,.F.);
#5465=ORIENTED_EDGE('',*,*,#4202,.T.);
#5466=ORIENTED_EDGE('',*,*,#4203,.F.);
#5467=ORIENTED_EDGE('',*,*,#4200,.F.);
#5468=ORIENTED_EDGE('',*,*,#4173,.F.);
#5469=ORIENTED_EDGE('',*,*,#4204,.T.);
#5470=ORIENTED_EDGE('',*,*,#4205,.F.);
#5471=ORIENTED_EDGE('',*,*,#4202,.F.);
#5472=ORIENTED_EDGE('',*,*,#4179,.F.);
#5473=ORIENTED_EDGE('',*,*,#4206,.T.);
#5474=ORIENTED_EDGE('',*,*,#4207,.F.);
#5475=ORIENTED_EDGE('',*,*,#4204,.F.);
#5476=ORIENTED_EDGE('',*,*,#4174,.F.);
#5477=ORIENTED_EDGE('',*,*,#4208,.T.);
#5478=ORIENTED_EDGE('',*,*,#4209,.F.);
#5479=ORIENTED_EDGE('',*,*,#4206,.F.);
#5480=ORIENTED_EDGE('',*,*,#4176,.F.);
#5481=ORIENTED_EDGE('',*,*,#4178,.F.);
#5482=ORIENTED_EDGE('',*,*,#4171,.F.);
#5483=ORIENTED_EDGE('',*,*,#4168,.F.);
#5484=ORIENTED_EDGE('',*,*,#4165,.F.);
#5485=ORIENTED_EDGE('',*,*,#4161,.F.);
#5486=ORIENTED_EDGE('',*,*,#4196,.F.);
#5487=ORIENTED_EDGE('',*,*,#4193,.F.);
#5488=ORIENTED_EDGE('',*,*,#4190,.F.);
#5489=ORIENTED_EDGE('',*,*,#4187,.F.);
#5490=ORIENTED_EDGE('',*,*,#4184,.F.);
#5491=ORIENTED_EDGE('',*,*,#4181,.F.);
#5492=ORIENTED_EDGE('',*,*,#4210,.F.);
#5493=ORIENTED_EDGE('',*,*,#4211,.F.);
#5494=ORIENTED_EDGE('',*,*,#4212,.F.);
#5495=ORIENTED_EDGE('',*,*,#4213,.F.);
#5496=ORIENTED_EDGE('',*,*,#4214,.F.);
#5497=ORIENTED_EDGE('',*,*,#4215,.F.);
#5498=ORIENTED_EDGE('',*,*,#4216,.F.);
#5499=ORIENTED_EDGE('',*,*,#4217,.F.);
#5500=ORIENTED_EDGE('',*,*,#4218,.F.);
#5501=ORIENTED_EDGE('',*,*,#4219,.F.);
#5502=ORIENTED_EDGE('',*,*,#4220,.F.);
#5503=ORIENTED_EDGE('',*,*,#4221,.F.);
#5504=ORIENTED_EDGE('',*,*,#4222,.T.);
#5505=ORIENTED_EDGE('',*,*,#4223,.F.);
#5506=ORIENTED_EDGE('',*,*,#4224,.F.);
#5507=ORIENTED_EDGE('',*,*,#4225,.F.);
#5508=ORIENTED_EDGE('',*,*,#4226,.F.);
#5509=ORIENTED_EDGE('',*,*,#4227,.F.);
#5510=ORIENTED_EDGE('',*,*,#4228,.F.);
#5511=ORIENTED_EDGE('',*,*,#4229,.F.);
#5512=ORIENTED_EDGE('',*,*,#4230,.F.);
#5513=ORIENTED_EDGE('',*,*,#4231,.F.);
#5514=ORIENTED_EDGE('',*,*,#4232,.F.);
#5515=ORIENTED_EDGE('',*,*,#4233,.F.);
#5516=ORIENTED_EDGE('',*,*,#4234,.F.);
#5517=ORIENTED_EDGE('',*,*,#4235,.F.);
#5518=ORIENTED_EDGE('',*,*,#4236,.F.);
#5519=ORIENTED_EDGE('',*,*,#4237,.F.);
#5520=ORIENTED_EDGE('',*,*,#4238,.F.);
#5521=ORIENTED_EDGE('',*,*,#4239,.F.);
#5522=ORIENTED_EDGE('',*,*,#4240,.F.);
#5523=ORIENTED_EDGE('',*,*,#4241,.F.);
#5524=ORIENTED_EDGE('',*,*,#4242,.F.);
#5525=ORIENTED_EDGE('',*,*,#4243,.F.);
#5526=ORIENTED_EDGE('',*,*,#4244,.F.);
#5527=ORIENTED_EDGE('',*,*,#4245,.F.);
#5528=ORIENTED_EDGE('',*,*,#4246,.F.);
#5529=ORIENTED_EDGE('',*,*,#4247,.F.);
#5530=ORIENTED_EDGE('',*,*,#4248,.F.);
#5531=ORIENTED_EDGE('',*,*,#4249,.F.);
#5532=ORIENTED_EDGE('',*,*,#4250,.F.);
#5533=ORIENTED_EDGE('',*,*,#4251,.F.);
#5534=ORIENTED_EDGE('',*,*,#4252,.F.);
#5535=ORIENTED_EDGE('',*,*,#4253,.F.);
#5536=ORIENTED_EDGE('',*,*,#4254,.F.);
#5537=ORIENTED_EDGE('',*,*,#4255,.F.);
#5538=ORIENTED_EDGE('',*,*,#4256,.F.);
#5539=ORIENTED_EDGE('',*,*,#4257,.F.);
#5540=ORIENTED_EDGE('',*,*,#4258,.F.);
#5541=ORIENTED_EDGE('',*,*,#4259,.F.);
#5542=ORIENTED_EDGE('',*,*,#4260,.F.);
#5543=ORIENTED_EDGE('',*,*,#4261,.F.);
#5544=ORIENTED_EDGE('',*,*,#4262,.F.);
#5545=ORIENTED_EDGE('',*,*,#4263,.F.);
#5546=ORIENTED_EDGE('',*,*,#4264,.F.);
#5547=ORIENTED_EDGE('',*,*,#4265,.F.);
#5548=ORIENTED_EDGE('',*,*,#4266,.F.);
#5549=ORIENTED_EDGE('',*,*,#4267,.F.);
#5550=ORIENTED_EDGE('',*,*,#4268,.F.);
#5551=ORIENTED_EDGE('',*,*,#4269,.F.);
#5552=ORIENTED_EDGE('',*,*,#4270,.F.);
#5553=ORIENTED_EDGE('',*,*,#4271,.F.);
#5554=ORIENTED_EDGE('',*,*,#4272,.F.);
#5555=ORIENTED_EDGE('',*,*,#4273,.F.);
#5556=ORIENTED_EDGE('',*,*,#4274,.F.);
#5557=ORIENTED_EDGE('',*,*,#4275,.F.);
#5558=ORIENTED_EDGE('',*,*,#4276,.F.);
#5559=ORIENTED_EDGE('',*,*,#4277,.F.);
#5560=ORIENTED_EDGE('',*,*,#4278,.F.);
#5561=ORIENTED_EDGE('',*,*,#4279,.F.);
#5562=ORIENTED_EDGE('',*,*,#4280,.F.);
#5563=ORIENTED_EDGE('',*,*,#4281,.F.);
#5564=ORIENTED_EDGE('',*,*,#4282,.F.);
#5565=ORIENTED_EDGE('',*,*,#4283,.F.);
#5566=ORIENTED_EDGE('',*,*,#4284,.F.);
#5567=ORIENTED_EDGE('',*,*,#4285,.F.);
#5568=ORIENTED_EDGE('',*,*,#4286,.F.);
#5569=ORIENTED_EDGE('',*,*,#4287,.F.);
#5570=ORIENTED_EDGE('',*,*,#4288,.F.);
#5571=ORIENTED_EDGE('',*,*,#4289,.F.);
#5572=ORIENTED_EDGE('',*,*,#4290,.F.);
#5573=ORIENTED_EDGE('',*,*,#4291,.F.);
#5574=ORIENTED_EDGE('',*,*,#4292,.F.);
#5575=ORIENTED_EDGE('',*,*,#4293,.F.);
#5576=ORIENTED_EDGE('',*,*,#4294,.F.);
#5577=ORIENTED_EDGE('',*,*,#4295,.F.);
#5578=ORIENTED_EDGE('',*,*,#4296,.F.);
#5579=ORIENTED_EDGE('',*,*,#4297,.F.);
#5580=ORIENTED_EDGE('',*,*,#4298,.F.);
#5581=ORIENTED_EDGE('',*,*,#4299,.F.);
#5582=ORIENTED_EDGE('',*,*,#4300,.F.);
#5583=ORIENTED_EDGE('',*,*,#4301,.F.);
#5584=ORIENTED_EDGE('',*,*,#4302,.F.);
#5585=ORIENTED_EDGE('',*,*,#4303,.F.);
#5586=ORIENTED_EDGE('',*,*,#4304,.F.);
#5587=ORIENTED_EDGE('',*,*,#4305,.F.);
#5588=ORIENTED_EDGE('',*,*,#4306,.F.);
#5589=ORIENTED_EDGE('',*,*,#4307,.F.);
#5590=ORIENTED_EDGE('',*,*,#4308,.F.);
#5591=ORIENTED_EDGE('',*,*,#4309,.T.);
#5592=ORIENTED_EDGE('',*,*,#4310,.T.);
#5593=ORIENTED_EDGE('',*,*,#4198,.T.);
#5594=ORIENTED_EDGE('',*,*,#4311,.F.);
#5595=ORIENTED_EDGE('',*,*,#4312,.T.);
#5596=ORIENTED_EDGE('',*,*,#4313,.T.);
#5597=ORIENTED_EDGE('',*,*,#4314,.T.);
#5598=ORIENTED_EDGE('',*,*,#4310,.F.);
#5599=ORIENTED_EDGE('',*,*,#4315,.T.);
#5600=ORIENTED_EDGE('',*,*,#4316,.T.);
#5601=ORIENTED_EDGE('',*,*,#4317,.T.);
#5602=ORIENTED_EDGE('',*,*,#4313,.F.);
#5603=ORIENTED_EDGE('',*,*,#4318,.T.);
#5604=ORIENTED_EDGE('',*,*,#4319,.T.);
#5605=ORIENTED_EDGE('',*,*,#4320,.T.);
#5606=ORIENTED_EDGE('',*,*,#4316,.F.);
#5607=ORIENTED_EDGE('',*,*,#4321,.T.);
#5608=ORIENTED_EDGE('',*,*,#4322,.T.);
#5609=ORIENTED_EDGE('',*,*,#4323,.T.);
#5610=ORIENTED_EDGE('',*,*,#4319,.F.);
#5611=ORIENTED_EDGE('',*,*,#4324,.T.);
#5612=ORIENTED_EDGE('',*,*,#4325,.T.);
#5613=ORIENTED_EDGE('',*,*,#4326,.T.);
#5614=ORIENTED_EDGE('',*,*,#4322,.F.);
#5615=ORIENTED_EDGE('',*,*,#4327,.T.);
#5616=ORIENTED_EDGE('',*,*,#4328,.T.);
#5617=ORIENTED_EDGE('',*,*,#4329,.T.);
#5618=ORIENTED_EDGE('',*,*,#4325,.F.);
#5619=ORIENTED_EDGE('',*,*,#4209,.T.);
#5620=ORIENTED_EDGE('',*,*,#4328,.F.);
#5621=ORIENTED_EDGE('',*,*,#4330,.T.);
#5622=ORIENTED_EDGE('',*,*,#4331,.T.);
#5623=ORIENTED_EDGE('',*,*,#4207,.T.);
#5624=ORIENTED_EDGE('',*,*,#4331,.F.);
#5625=ORIENTED_EDGE('',*,*,#4332,.T.);
#5626=ORIENTED_EDGE('',*,*,#4333,.T.);
#5627=ORIENTED_EDGE('',*,*,#4205,.T.);
#5628=ORIENTED_EDGE('',*,*,#4333,.F.);
#5629=ORIENTED_EDGE('',*,*,#4334,.T.);
#5630=ORIENTED_EDGE('',*,*,#4335,.T.);
#5631=ORIENTED_EDGE('',*,*,#4203,.T.);
#5632=ORIENTED_EDGE('',*,*,#4335,.F.);
#5633=ORIENTED_EDGE('',*,*,#4336,.T.);
#5634=ORIENTED_EDGE('',*,*,#4337,.T.);
#5635=ORIENTED_EDGE('',*,*,#4201,.T.);
#5636=ORIENTED_EDGE('',*,*,#4337,.F.);
#5637=ORIENTED_EDGE('',*,*,#4338,.T.);
#5638=ORIENTED_EDGE('',*,*,#4311,.T.);
#5639=ORIENTED_EDGE('',*,*,#4309,.F.);
#5640=ORIENTED_EDGE('',*,*,#4338,.F.);
#5641=ORIENTED_EDGE('',*,*,#4336,.F.);
#5642=ORIENTED_EDGE('',*,*,#4334,.F.);
#5643=ORIENTED_EDGE('',*,*,#4332,.F.);
#5644=ORIENTED_EDGE('',*,*,#4330,.F.);
#5645=ORIENTED_EDGE('',*,*,#4327,.F.);
#5646=ORIENTED_EDGE('',*,*,#4324,.F.);
#5647=ORIENTED_EDGE('',*,*,#4321,.F.);
#5648=ORIENTED_EDGE('',*,*,#4318,.F.);
#5649=ORIENTED_EDGE('',*,*,#4315,.F.);
#5650=ORIENTED_EDGE('',*,*,#4312,.F.);
#5651=ORIENTED_EDGE('',*,*,#4339,.T.);
#5652=ORIENTED_EDGE('',*,*,#4340,.T.);
#5653=ORIENTED_EDGE('',*,*,#4341,.T.);
#5654=ORIENTED_EDGE('',*,*,#4342,.T.);
#5655=ORIENTED_EDGE('',*,*,#4343,.T.);
#5656=ORIENTED_EDGE('',*,*,#4344,.T.);
#5657=ORIENTED_EDGE('',*,*,#4345,.T.);
#5658=ORIENTED_EDGE('',*,*,#4346,.T.);
#5659=ORIENTED_EDGE('',*,*,#4347,.T.);
#5660=ORIENTED_EDGE('',*,*,#4348,.T.);
#5661=ORIENTED_EDGE('',*,*,#4349,.T.);
#5662=ORIENTED_EDGE('',*,*,#4350,.T.);
#5663=ORIENTED_EDGE('',*,*,#4222,.F.);
#5664=ORIENTED_EDGE('',*,*,#4351,.F.);
#5665=ORIENTED_EDGE('',*,*,#4352,.T.);
#5666=ORIENTED_EDGE('',*,*,#4353,.F.);
#5667=ORIENTED_EDGE('',*,*,#4354,.F.);
#5668=ORIENTED_EDGE('',*,*,#4355,.F.);
#5669=ORIENTED_EDGE('',*,*,#4356,.F.);
#5670=ORIENTED_EDGE('',*,*,#4352,.F.);
#5671=ORIENTED_EDGE('',*,*,#4354,.T.);
#5672=ORIENTED_EDGE('',*,*,#4351,.T.);
#5673=ORIENTED_EDGE('',*,*,#4221,.T.);
#5674=ORIENTED_EDGE('',*,*,#4357,.T.);
#5675=ORIENTED_EDGE('',*,*,#4358,.F.);
#5676=ORIENTED_EDGE('',*,*,#4359,.F.);
#5677=ORIENTED_EDGE('',*,*,#4360,.F.);
#5678=ORIENTED_EDGE('',*,*,#4361,.F.);
#5679=ORIENTED_EDGE('',*,*,#4362,.T.);
#5680=ORIENTED_EDGE('',*,*,#4363,.T.);
#5681=ORIENTED_EDGE('',*,*,#4364,.F.);
#5682=ORIENTED_EDGE('',*,*,#4365,.T.);
#5683=ORIENTED_EDGE('',*,*,#4366,.T.);
#5684=ORIENTED_EDGE('',*,*,#4367,.T.);
#5685=ORIENTED_EDGE('',*,*,#4368,.T.);
#5686=ORIENTED_EDGE('',*,*,#4369,.T.);
#5687=ORIENTED_EDGE('',*,*,#4370,.F.);
#5688=ORIENTED_EDGE('',*,*,#4371,.T.);
#5689=ORIENTED_EDGE('',*,*,#4372,.T.);
#5690=ORIENTED_EDGE('',*,*,#4373,.T.);
#5691=ORIENTED_EDGE('',*,*,#4374,.T.);
#5692=ORIENTED_EDGE('',*,*,#4375,.T.);
#5693=ORIENTED_EDGE('',*,*,#4376,.T.);
#5694=ORIENTED_EDGE('',*,*,#4377,.T.);
#5695=ORIENTED_EDGE('',*,*,#4378,.T.);
#5696=ORIENTED_EDGE('',*,*,#4379,.T.);
#5697=ORIENTED_EDGE('',*,*,#4380,.T.);
#5698=ORIENTED_EDGE('',*,*,#4381,.T.);
#5699=ORIENTED_EDGE('',*,*,#4382,.T.);
#5700=ORIENTED_EDGE('',*,*,#4383,.T.);
#5701=ORIENTED_EDGE('',*,*,#4384,.T.);
#5702=ORIENTED_EDGE('',*,*,#4385,.F.);
#5703=ORIENTED_EDGE('',*,*,#4386,.T.);
#5704=ORIENTED_EDGE('',*,*,#4387,.T.);
#5705=ORIENTED_EDGE('',*,*,#4388,.T.);
#5706=ORIENTED_EDGE('',*,*,#4389,.T.);
#5707=ORIENTED_EDGE('',*,*,#4390,.F.);
#5708=ORIENTED_EDGE('',*,*,#4358,.T.);
#5709=ORIENTED_EDGE('',*,*,#4391,.T.);
#5710=ORIENTED_EDGE('',*,*,#4392,.T.);
#5711=ORIENTED_EDGE('',*,*,#4393,.F.);
#5712=ORIENTED_EDGE('',*,*,#4394,.T.);
#5713=ORIENTED_EDGE('',*,*,#4395,.T.);
#5714=ORIENTED_EDGE('',*,*,#4396,.T.);
#5715=ORIENTED_EDGE('',*,*,#4397,.T.);
#5716=ORIENTED_EDGE('',*,*,#4398,.F.);
#5717=ORIENTED_EDGE('',*,*,#4399,.T.);
#5718=ORIENTED_EDGE('',*,*,#4400,.T.);
#5719=ORIENTED_EDGE('',*,*,#4401,.T.);
#5720=ORIENTED_EDGE('',*,*,#4402,.T.);
#5721=ORIENTED_EDGE('',*,*,#4403,.T.);
#5722=ORIENTED_EDGE('',*,*,#4404,.T.);
#5723=ORIENTED_EDGE('',*,*,#4405,.T.);
#5724=ORIENTED_EDGE('',*,*,#4406,.T.);
#5725=ORIENTED_EDGE('',*,*,#4407,.T.);
#5726=ORIENTED_EDGE('',*,*,#4408,.T.);
#5727=ORIENTED_EDGE('',*,*,#4409,.T.);
#5728=ORIENTED_EDGE('',*,*,#4410,.T.);
#5729=ORIENTED_EDGE('',*,*,#4411,.T.);
#5730=ORIENTED_EDGE('',*,*,#4412,.F.);
#5731=ORIENTED_EDGE('',*,*,#4413,.T.);
#5732=ORIENTED_EDGE('',*,*,#4414,.T.);
#5733=ORIENTED_EDGE('',*,*,#4415,.T.);
#5734=ORIENTED_EDGE('',*,*,#4416,.T.);
#5735=ORIENTED_EDGE('',*,*,#4417,.F.);
#5736=ORIENTED_EDGE('',*,*,#4418,.T.);
#5737=ORIENTED_EDGE('',*,*,#4419,.T.);
#5738=ORIENTED_EDGE('',*,*,#4420,.T.);
#5739=ORIENTED_EDGE('',*,*,#4421,.F.);
#5740=ORIENTED_EDGE('',*,*,#4422,.T.);
#5741=ORIENTED_EDGE('',*,*,#4423,.T.);
#5742=ORIENTED_EDGE('',*,*,#4424,.T.);
#5743=ORIENTED_EDGE('',*,*,#4425,.T.);
#5744=ORIENTED_EDGE('',*,*,#4426,.F.);
#5745=ORIENTED_EDGE('',*,*,#4427,.T.);
#5746=ORIENTED_EDGE('',*,*,#4428,.T.);
#5747=ORIENTED_EDGE('',*,*,#4429,.T.);
#5748=ORIENTED_EDGE('',*,*,#4430,.T.);
#5749=ORIENTED_EDGE('',*,*,#4431,.T.);
#5750=ORIENTED_EDGE('',*,*,#4432,.T.);
#5751=ORIENTED_EDGE('',*,*,#4433,.T.);
#5752=ORIENTED_EDGE('',*,*,#4434,.T.);
#5753=ORIENTED_EDGE('',*,*,#4435,.F.);
#5754=ORIENTED_EDGE('',*,*,#4436,.T.);
#5755=ORIENTED_EDGE('',*,*,#4437,.T.);
#5756=ORIENTED_EDGE('',*,*,#4438,.T.);
#5757=ORIENTED_EDGE('',*,*,#4439,.T.);
#5758=ORIENTED_EDGE('',*,*,#4440,.T.);
#5759=ORIENTED_EDGE('',*,*,#4441,.T.);
#5760=ORIENTED_EDGE('',*,*,#4370,.T.);
#5761=ORIENTED_EDGE('',*,*,#4442,.T.);
#5762=ORIENTED_EDGE('',*,*,#4443,.T.);
#5763=ORIENTED_EDGE('',*,*,#4442,.F.);
#5764=ORIENTED_EDGE('',*,*,#4369,.F.);
#5765=ORIENTED_EDGE('',*,*,#4444,.F.);
#5766=ORIENTED_EDGE('',*,*,#4217,.T.);
#5767=ORIENTED_EDGE('',*,*,#4445,.T.);
#5768=ORIENTED_EDGE('',*,*,#4446,.T.);
#5769=ORIENTED_EDGE('',*,*,#4417,.T.);
#5770=ORIENTED_EDGE('',*,*,#4447,.T.);
#5771=ORIENTED_EDGE('',*,*,#4448,.F.);
#5772=ORIENTED_EDGE('',*,*,#4446,.F.);
#5773=ORIENTED_EDGE('',*,*,#4449,.F.);
#5774=ORIENTED_EDGE('',*,*,#4450,.F.);
#5775=ORIENTED_EDGE('',*,*,#4253,.T.);
#5776=ORIENTED_EDGE('',*,*,#4451,.T.);
#5777=ORIENTED_EDGE('',*,*,#4418,.F.);
#5778=ORIENTED_EDGE('',*,*,#4452,.T.);
#5779=ORIENTED_EDGE('',*,*,#4421,.T.);
#5780=ORIENTED_EDGE('',*,*,#4453,.T.);
#5781=ORIENTED_EDGE('',*,*,#4454,.F.);
#5782=ORIENTED_EDGE('',*,*,#4452,.F.);
#5783=ORIENTED_EDGE('',*,*,#4455,.F.);
#5784=ORIENTED_EDGE('',*,*,#4456,.F.);
#5785=ORIENTED_EDGE('',*,*,#4258,.T.);
#5786=ORIENTED_EDGE('',*,*,#4457,.T.);
#5787=ORIENTED_EDGE('',*,*,#4422,.F.);
#5788=ORIENTED_EDGE('',*,*,#4458,.T.);
#5789=ORIENTED_EDGE('',*,*,#4435,.T.);
#5790=ORIENTED_EDGE('',*,*,#4459,.T.);
#5791=ORIENTED_EDGE('',*,*,#4460,.F.);
#5792=ORIENTED_EDGE('',*,*,#4458,.F.);
#5793=ORIENTED_EDGE('',*,*,#4461,.F.);
#5794=ORIENTED_EDGE('',*,*,#4462,.F.);
#5795=ORIENTED_EDGE('',*,*,#4248,.T.);
#5796=ORIENTED_EDGE('',*,*,#4463,.T.);
#5797=ORIENTED_EDGE('',*,*,#4436,.F.);
#5798=ORIENTED_EDGE('',*,*,#4464,.T.);
#5799=ORIENTED_EDGE('',*,*,#4364,.T.);
#5800=ORIENTED_EDGE('',*,*,#4465,.T.);
#5801=ORIENTED_EDGE('',*,*,#4466,.F.);
#5802=ORIENTED_EDGE('',*,*,#4464,.F.);
#5803=ORIENTED_EDGE('',*,*,#4467,.F.);
#5804=ORIENTED_EDGE('',*,*,#4468,.F.);
#5805=ORIENTED_EDGE('',*,*,#4292,.T.);
#5806=ORIENTED_EDGE('',*,*,#4469,.T.);
#5807=ORIENTED_EDGE('',*,*,#4365,.F.);
#5808=ORIENTED_EDGE('',*,*,#4359,.T.);
#5809=ORIENTED_EDGE('',*,*,#4390,.T.);
#5810=ORIENTED_EDGE('',*,*,#4470,.T.);
#5811=ORIENTED_EDGE('',*,*,#4471,.F.);
#5812=ORIENTED_EDGE('',*,*,#4472,.T.);
#5813=ORIENTED_EDGE('',*,*,#4393,.T.);
#5814=ORIENTED_EDGE('',*,*,#4473,.T.);
#5815=ORIENTED_EDGE('',*,*,#4474,.F.);
#5816=ORIENTED_EDGE('',*,*,#4472,.F.);
#5817=ORIENTED_EDGE('',*,*,#4475,.F.);
#5818=ORIENTED_EDGE('',*,*,#4476,.F.);
#5819=ORIENTED_EDGE('',*,*,#4269,.T.);
#5820=ORIENTED_EDGE('',*,*,#4477,.T.);
#5821=ORIENTED_EDGE('',*,*,#4394,.F.);
#5822=ORIENTED_EDGE('',*,*,#4478,.T.);
#5823=ORIENTED_EDGE('',*,*,#4412,.T.);
#5824=ORIENTED_EDGE('',*,*,#4479,.T.);
#5825=ORIENTED_EDGE('',*,*,#4480,.F.);
#5826=ORIENTED_EDGE('',*,*,#4478,.F.);
#5827=ORIENTED_EDGE('',*,*,#4481,.F.);
#5828=ORIENTED_EDGE('',*,*,#4482,.F.);
#5829=ORIENTED_EDGE('',*,*,#4263,.T.);
#5830=ORIENTED_EDGE('',*,*,#4483,.T.);
#5831=ORIENTED_EDGE('',*,*,#4413,.F.);
#5832=ORIENTED_EDGE('',*,*,#4484,.T.);
#5833=ORIENTED_EDGE('',*,*,#4485,.F.);
#5834=ORIENTED_EDGE('',*,*,#4486,.T.);
#5835=ORIENTED_EDGE('',*,*,#4426,.T.);
#5836=ORIENTED_EDGE('',*,*,#4486,.F.);
#5837=ORIENTED_EDGE('',*,*,#4487,.F.);
#5838=ORIENTED_EDGE('',*,*,#4488,.F.);
#5839=ORIENTED_EDGE('',*,*,#4285,.T.);
#5840=ORIENTED_EDGE('',*,*,#4489,.T.);
#5841=ORIENTED_EDGE('',*,*,#4427,.F.);
#5842=ORIENTED_EDGE('',*,*,#4490,.T.);
#5843=ORIENTED_EDGE('',*,*,#4398,.T.);
#5844=ORIENTED_EDGE('',*,*,#4491,.T.);
#5845=ORIENTED_EDGE('',*,*,#4492,.F.);
#5846=ORIENTED_EDGE('',*,*,#4490,.F.);
#5847=ORIENTED_EDGE('',*,*,#4493,.F.);
#5848=ORIENTED_EDGE('',*,*,#4494,.F.);
#5849=ORIENTED_EDGE('',*,*,#4226,.T.);
#5850=ORIENTED_EDGE('',*,*,#4495,.T.);
#5851=ORIENTED_EDGE('',*,*,#4399,.F.);
#5852=ORIENTED_EDGE('',*,*,#4496,.T.);
#5853=ORIENTED_EDGE('',*,*,#4385,.T.);
#5854=ORIENTED_EDGE('',*,*,#4497,.T.);
#5855=ORIENTED_EDGE('',*,*,#4498,.F.);
#5856=ORIENTED_EDGE('',*,*,#4497,.F.);
#5857=ORIENTED_EDGE('',*,*,#4384,.F.);
#5858=ORIENTED_EDGE('',*,*,#4499,.F.);
#5859=ORIENTED_EDGE('',*,*,#4289,.T.);
#5860=ORIENTED_EDGE('',*,*,#4500,.T.);
#5861=ORIENTED_EDGE('',*,*,#4501,.F.);
#5862=ORIENTED_EDGE('',*,*,#4471,.T.);
#5863=ORIENTED_EDGE('',*,*,#4502,.T.);
#5864=ORIENTED_EDGE('',*,*,#4503,.T.);
#5865=ORIENTED_EDGE('',*,*,#4504,.T.);
#5866=ORIENTED_EDGE('',*,*,#4493,.T.);
#5867=ORIENTED_EDGE('',*,*,#4492,.T.);
#5868=ORIENTED_EDGE('',*,*,#4505,.T.);
#5869=ORIENTED_EDGE('',*,*,#4506,.T.);
#5870=ORIENTED_EDGE('',*,*,#4449,.T.);
#5871=ORIENTED_EDGE('',*,*,#4448,.T.);
#5872=ORIENTED_EDGE('',*,*,#4507,.T.);
#5873=ORIENTED_EDGE('',*,*,#4508,.T.);
#5874=ORIENTED_EDGE('',*,*,#4509,.T.);
#5875=ORIENTED_EDGE('',*,*,#4487,.T.);
#5876=ORIENTED_EDGE('',*,*,#4485,.T.);
#5877=ORIENTED_EDGE('',*,*,#4510,.T.);
#5878=ORIENTED_EDGE('',*,*,#4511,.T.);
#5879=ORIENTED_EDGE('',*,*,#4461,.T.);
#5880=ORIENTED_EDGE('',*,*,#4460,.T.);
#5881=ORIENTED_EDGE('',*,*,#4512,.T.);
#5882=ORIENTED_EDGE('',*,*,#4513,.T.);
#5883=ORIENTED_EDGE('',*,*,#4455,.T.);
#5884=ORIENTED_EDGE('',*,*,#4454,.T.);
#5885=ORIENTED_EDGE('',*,*,#4514,.T.);
#5886=ORIENTED_EDGE('',*,*,#4515,.T.);
#5887=ORIENTED_EDGE('',*,*,#4481,.T.);
#5888=ORIENTED_EDGE('',*,*,#4480,.T.);
#5889=ORIENTED_EDGE('',*,*,#4516,.T.);
#5890=ORIENTED_EDGE('',*,*,#4517,.T.);
#5891=ORIENTED_EDGE('',*,*,#4475,.T.);
#5892=ORIENTED_EDGE('',*,*,#4474,.T.);
#5893=ORIENTED_EDGE('',*,*,#4518,.T.);
#5894=ORIENTED_EDGE('',*,*,#4519,.T.);
#5895=ORIENTED_EDGE('',*,*,#4520,.T.);
#5896=ORIENTED_EDGE('',*,*,#4521,.T.);
#5897=ORIENTED_EDGE('',*,*,#4498,.T.);
#5898=ORIENTED_EDGE('',*,*,#4501,.T.);
#5899=ORIENTED_EDGE('',*,*,#4522,.T.);
#5900=ORIENTED_EDGE('',*,*,#4467,.T.);
#5901=ORIENTED_EDGE('',*,*,#4466,.T.);
#5902=ORIENTED_EDGE('',*,*,#4523,.T.);
#5903=ORIENTED_EDGE('',*,*,#4524,.T.);
#5904=ORIENTED_EDGE('',*,*,#4360,.T.);
#5905=ORIENTED_EDGE('',*,*,#4525,.T.);
#5906=ORIENTED_EDGE('',*,*,#4526,.T.);
#5907=ORIENTED_EDGE('',*,*,#4527,.T.);
#5908=ORIENTED_EDGE('',*,*,#4528,.T.);
#5909=ORIENTED_EDGE('',*,*,#4304,.T.);
#5910=ORIENTED_EDGE('',*,*,#4529,.T.);
#5911=ORIENTED_EDGE('',*,*,#4375,.F.);
#5912=ORIENTED_EDGE('',*,*,#4530,.F.);
#5913=ORIENTED_EDGE('',*,*,#4306,.T.);
#5914=ORIENTED_EDGE('',*,*,#4531,.T.);
#5915=ORIENTED_EDGE('',*,*,#4350,.F.);
#5916=ORIENTED_EDGE('',*,*,#4532,.F.);
#5917=ORIENTED_EDGE('',*,*,#4308,.T.);
#5918=ORIENTED_EDGE('',*,*,#4533,.T.);
#5919=ORIENTED_EDGE('',*,*,#4377,.F.);
#5920=ORIENTED_EDGE('',*,*,#4534,.F.);
#5921=ORIENTED_EDGE('',*,*,#4303,.T.);
#5922=ORIENTED_EDGE('',*,*,#4534,.T.);
#5923=ORIENTED_EDGE('',*,*,#4376,.F.);
#5924=ORIENTED_EDGE('',*,*,#4529,.F.);
#5925=ORIENTED_EDGE('',*,*,#4300,.T.);
#5926=ORIENTED_EDGE('',*,*,#4535,.T.);
#5927=ORIENTED_EDGE('',*,*,#4437,.F.);
#5928=ORIENTED_EDGE('',*,*,#4536,.F.);
#5929=ORIENTED_EDGE('',*,*,#4255,.T.);
#5930=ORIENTED_EDGE('',*,*,#4537,.T.);
#5931=ORIENTED_EDGE('',*,*,#4433,.F.);
#5932=ORIENTED_EDGE('',*,*,#4463,.F.);
#5933=ORIENTED_EDGE('',*,*,#4247,.T.);
#5934=ORIENTED_EDGE('',*,*,#4538,.T.);
#5935=ORIENTED_EDGE('',*,*,#4423,.F.);
#5936=ORIENTED_EDGE('',*,*,#4539,.F.);
#5937=ORIENTED_EDGE('',*,*,#4274,.T.);
#5938=ORIENTED_EDGE('',*,*,#4540,.T.);
#5939=ORIENTED_EDGE('',*,*,#4345,.F.);
#5940=ORIENTED_EDGE('',*,*,#4541,.F.);
#5941=ORIENTED_EDGE('',*,*,#4301,.T.);
#5942=ORIENTED_EDGE('',*,*,#4541,.T.);
#5943=ORIENTED_EDGE('',*,*,#4344,.F.);
#5944=ORIENTED_EDGE('',*,*,#4542,.F.);
#5945=ORIENTED_EDGE('',*,*,#4302,.T.);
#5946=ORIENTED_EDGE('',*,*,#4542,.T.);
#5947=ORIENTED_EDGE('',*,*,#4343,.F.);
#5948=ORIENTED_EDGE('',*,*,#4543,.F.);
#5949=ORIENTED_EDGE('',*,*,#4278,.T.);
#5950=ORIENTED_EDGE('',*,*,#4544,.T.);
#5951=ORIENTED_EDGE('',*,*,#4405,.F.);
#5952=ORIENTED_EDGE('',*,*,#4545,.F.);
#5953=ORIENTED_EDGE('',*,*,#4261,.T.);
#5954=ORIENTED_EDGE('',*,*,#4546,.T.);
#5955=ORIENTED_EDGE('',*,*,#4419,.F.);
#5956=ORIENTED_EDGE('',*,*,#4457,.F.);
#5957=ORIENTED_EDGE('',*,*,#4257,.T.);
#5958=ORIENTED_EDGE('',*,*,#4547,.T.);
#5959=ORIENTED_EDGE('',*,*,#4439,.F.);
#5960=ORIENTED_EDGE('',*,*,#4548,.F.);
#5961=ORIENTED_EDGE('',*,*,#4299,.T.);
#5962=ORIENTED_EDGE('',*,*,#4548,.T.);
#5963=ORIENTED_EDGE('',*,*,#4438,.F.);
#5964=ORIENTED_EDGE('',*,*,#4535,.F.);
#5965=ORIENTED_EDGE('',*,*,#4294,.T.);
#5966=ORIENTED_EDGE('',*,*,#4549,.T.);
#5967=ORIENTED_EDGE('',*,*,#4348,.F.);
#5968=ORIENTED_EDGE('',*,*,#4550,.F.);
#5969=ORIENTED_EDGE('',*,*,#4296,.T.);
#5970=ORIENTED_EDGE('',*,*,#4551,.T.);
#5971=ORIENTED_EDGE('',*,*,#4404,.F.);
#5972=ORIENTED_EDGE('',*,*,#4552,.F.);
#5973=ORIENTED_EDGE('',*,*,#4297,.T.);
#5974=ORIENTED_EDGE('',*,*,#4552,.T.);
#5975=ORIENTED_EDGE('',*,*,#4403,.F.);
#5976=ORIENTED_EDGE('',*,*,#4553,.F.);
#5977=ORIENTED_EDGE('',*,*,#4298,.T.);
#5978=ORIENTED_EDGE('',*,*,#4553,.T.);
#5979=ORIENTED_EDGE('',*,*,#4402,.F.);
#5980=ORIENTED_EDGE('',*,*,#4554,.F.);
#5981=ORIENTED_EDGE('',*,*,#4293,.T.);
#5982=ORIENTED_EDGE('',*,*,#4554,.T.);
#5983=ORIENTED_EDGE('',*,*,#4401,.F.);
#5984=ORIENTED_EDGE('',*,*,#4555,.F.);
#5985=ORIENTED_EDGE('',*,*,#4224,.T.);
#5986=ORIENTED_EDGE('',*,*,#4556,.T.);
#5987=ORIENTED_EDGE('',*,*,#4388,.F.);
#5988=ORIENTED_EDGE('',*,*,#4357,.F.);
#5989=ORIENTED_EDGE('',*,*,#4220,.T.);
#5990=ORIENTED_EDGE('',*,*,#4557,.T.);
#5991=ORIENTED_EDGE('',*,*,#4366,.F.);
#5992=ORIENTED_EDGE('',*,*,#4533,.F.);
#5993=ORIENTED_EDGE('',*,*,#4307,.T.);
#5994=ORIENTED_EDGE('',*,*,#4532,.T.);
#5995=ORIENTED_EDGE('',*,*,#4349,.F.);
#5996=ORIENTED_EDGE('',*,*,#4549,.F.);
#5997=ORIENTED_EDGE('',*,*,#4290,.T.);
#5998=ORIENTED_EDGE('',*,*,#4499,.T.);
#5999=ORIENTED_EDGE('',*,*,#4383,.F.);
#6000=ORIENTED_EDGE('',*,*,#4558,.F.);
#6001=ORIENTED_EDGE('',*,*,#4288,.T.);
#6002=ORIENTED_EDGE('',*,*,#4468,.T.);
#6003=ORIENTED_EDGE('',*,*,#4522,.F.);
#6004=ORIENTED_EDGE('',*,*,#4500,.F.);
#6005=ORIENTED_EDGE('',*,*,#4284,.T.);
#6006=ORIENTED_EDGE('',*,*,#4559,.T.);
#6007=ORIENTED_EDGE('',*,*,#4428,.F.);
#6008=ORIENTED_EDGE('',*,*,#4489,.F.);
#6009=ORIENTED_EDGE('',*,*,#4286,.T.);
#6010=ORIENTED_EDGE('',*,*,#4488,.T.);
#6011=ORIENTED_EDGE('',*,*,#4509,.F.);
#6012=ORIENTED_EDGE('',*,*,#4560,.F.);
#6013=ORIENTED_EDGE('',*,*,#4287,.T.);
#6014=ORIENTED_EDGE('',*,*,#4560,.T.);
#6015=ORIENTED_EDGE('',*,*,#4508,.F.);
#6016=ORIENTED_EDGE('',*,*,#4561,.F.);
#6017=ORIENTED_EDGE('',*,*,#4447,.F.);
#6018=ORIENTED_EDGE('',*,*,#4416,.F.);
#6019=ORIENTED_EDGE('',*,*,#4562,.F.);
#6020=ORIENTED_EDGE('',*,*,#4282,.T.);
#6021=ORIENTED_EDGE('',*,*,#4561,.T.);
#6022=ORIENTED_EDGE('',*,*,#4507,.F.);
#6023=ORIENTED_EDGE('',*,*,#4277,.T.);
#6024=ORIENTED_EDGE('',*,*,#4563,.T.);
#6025=ORIENTED_EDGE('',*,*,#4406,.F.);
#6026=ORIENTED_EDGE('',*,*,#4544,.F.);
#6027=ORIENTED_EDGE('',*,*,#4279,.T.);
#6028=ORIENTED_EDGE('',*,*,#4543,.T.);
#6029=ORIENTED_EDGE('',*,*,#4342,.F.);
#6030=ORIENTED_EDGE('',*,*,#4564,.F.);
#6031=ORIENTED_EDGE('',*,*,#4280,.T.);
#6032=ORIENTED_EDGE('',*,*,#4564,.T.);
#6033=ORIENTED_EDGE('',*,*,#4341,.F.);
#6034=ORIENTED_EDGE('',*,*,#4565,.F.);
#6035=ORIENTED_EDGE('',*,*,#4228,.T.);
#6036=ORIENTED_EDGE('',*,*,#4566,.T.);
#6037=ORIENTED_EDGE('',*,*,#4378,.F.);
#6038=ORIENTED_EDGE('',*,*,#4567,.F.);
#6039=ORIENTED_EDGE('',*,*,#4235,.T.);
#6040=ORIENTED_EDGE('',*,*,#4568,.T.);
#6041=ORIENTED_EDGE('',*,*,#4391,.F.);
#6042=ORIENTED_EDGE('',*,*,#4477,.F.);
#6043=ORIENTED_EDGE('',*,*,#4268,.T.);
#6044=ORIENTED_EDGE('',*,*,#4569,.T.);
#6045=ORIENTED_EDGE('',*,*,#4409,.F.);
#6046=ORIENTED_EDGE('',*,*,#4570,.F.);
#6047=ORIENTED_EDGE('',*,*,#4281,.T.);
#6048=ORIENTED_EDGE('',*,*,#4570,.T.);
#6049=ORIENTED_EDGE('',*,*,#4408,.F.);
#6050=ORIENTED_EDGE('',*,*,#4571,.F.);
#6051=ORIENTED_EDGE('',*,*,#4276,.T.);
#6052=ORIENTED_EDGE('',*,*,#4571,.T.);
#6053=ORIENTED_EDGE('',*,*,#4407,.F.);
#6054=ORIENTED_EDGE('',*,*,#4563,.F.);
#6055=ORIENTED_EDGE('',*,*,#4271,.T.);
#6056=ORIENTED_EDGE('',*,*,#4572,.T.);
#6057=ORIENTED_EDGE('',*,*,#4430,.F.);
#6058=ORIENTED_EDGE('',*,*,#4573,.F.);
#6059=ORIENTED_EDGE('',*,*,#4272,.T.);
#6060=ORIENTED_EDGE('',*,*,#4573,.T.);
#6061=ORIENTED_EDGE('',*,*,#4429,.F.);
#6062=ORIENTED_EDGE('',*,*,#4559,.F.);
#6063=ORIENTED_EDGE('',*,*,#4283,.T.);
#6064=ORIENTED_EDGE('',*,*,#4562,.T.);
#6065=ORIENTED_EDGE('',*,*,#4415,.F.);
#6066=ORIENTED_EDGE('',*,*,#4451,.F.);
#6067=ORIENTED_EDGE('',*,*,#4252,.T.);
#6068=ORIENTED_EDGE('',*,*,#4574,.T.);
#6069=ORIENTED_EDGE('',*,*,#4395,.F.);
#6070=ORIENTED_EDGE('',*,*,#4551,.F.);
#6071=ORIENTED_EDGE('',*,*,#4295,.T.);
#6072=ORIENTED_EDGE('',*,*,#4550,.T.);
#6073=ORIENTED_EDGE('',*,*,#4347,.F.);
#6074=ORIENTED_EDGE('',*,*,#4575,.F.);
#6075=ORIENTED_EDGE('',*,*,#4273,.T.);
#6076=ORIENTED_EDGE('',*,*,#4575,.T.);
#6077=ORIENTED_EDGE('',*,*,#4346,.F.);
#6078=ORIENTED_EDGE('',*,*,#4540,.F.);
#6079=ORIENTED_EDGE('',*,*,#4275,.T.);
#6080=ORIENTED_EDGE('',*,*,#4539,.T.);
#6081=ORIENTED_EDGE('',*,*,#4432,.F.);
#6082=ORIENTED_EDGE('',*,*,#4576,.F.);
#6083=ORIENTED_EDGE('',*,*,#4270,.T.);
#6084=ORIENTED_EDGE('',*,*,#4576,.T.);
#6085=ORIENTED_EDGE('',*,*,#4431,.F.);
#6086=ORIENTED_EDGE('',*,*,#4572,.F.);
#6087=ORIENTED_EDGE('',*,*,#4479,.F.);
#6088=ORIENTED_EDGE('',*,*,#4411,.F.);
#6089=ORIENTED_EDGE('',*,*,#4577,.F.);
#6090=ORIENTED_EDGE('',*,*,#4266,.T.);
#6091=ORIENTED_EDGE('',*,*,#4578,.T.);
#6092=ORIENTED_EDGE('',*,*,#4516,.F.);
#6093=ORIENTED_EDGE('',*,*,#4267,.T.);
#6094=ORIENTED_EDGE('',*,*,#4577,.T.);
#6095=ORIENTED_EDGE('',*,*,#4410,.F.);
#6096=ORIENTED_EDGE('',*,*,#4569,.F.);
#6097=ORIENTED_EDGE('',*,*,#4265,.T.);
#6098=ORIENTED_EDGE('',*,*,#4476,.T.);
#6099=ORIENTED_EDGE('',*,*,#4517,.F.);
#6100=ORIENTED_EDGE('',*,*,#4578,.F.);
#6101=ORIENTED_EDGE('',*,*,#4225,.T.);
#6102=ORIENTED_EDGE('',*,*,#4555,.T.);
#6103=ORIENTED_EDGE('',*,*,#4400,.F.);
#6104=ORIENTED_EDGE('',*,*,#4495,.F.);
#6105=ORIENTED_EDGE('',*,*,#4227,.T.);
#6106=ORIENTED_EDGE('',*,*,#4494,.T.);
#6107=ORIENTED_EDGE('',*,*,#4504,.F.);
#6108=ORIENTED_EDGE('',*,*,#4579,.F.);
#6109=ORIENTED_EDGE('',*,*,#4210,.T.);
#6110=ORIENTED_EDGE('',*,*,#4579,.T.);
#6111=ORIENTED_EDGE('',*,*,#4503,.F.);
#6112=ORIENTED_EDGE('',*,*,#4580,.F.);
#6113=ORIENTED_EDGE('',*,*,#4355,.T.);
#6114=ORIENTED_EDGE('',*,*,#4361,.T.);
#6115=ORIENTED_EDGE('',*,*,#4524,.F.);
#6116=ORIENTED_EDGE('',*,*,#4581,.F.);
#6117=ORIENTED_EDGE('',*,*,#4356,.T.);
#6118=ORIENTED_EDGE('',*,*,#4580,.T.);
#6119=ORIENTED_EDGE('',*,*,#4502,.F.);
#6120=ORIENTED_EDGE('',*,*,#4470,.F.);
#6121=ORIENTED_EDGE('',*,*,#4389,.F.);
#6122=ORIENTED_EDGE('',*,*,#4556,.F.);
#6123=ORIENTED_EDGE('',*,*,#4223,.T.);
#6124=ORIENTED_EDGE('',*,*,#4353,.T.);
#6125=ORIENTED_EDGE('',*,*,#4262,.T.);
#6126=ORIENTED_EDGE('',*,*,#4545,.T.);
#6127=ORIENTED_EDGE('',*,*,#4414,.F.);
#6128=ORIENTED_EDGE('',*,*,#4483,.F.);
#6129=ORIENTED_EDGE('',*,*,#4264,.T.);
#6130=ORIENTED_EDGE('',*,*,#4482,.T.);
#6131=ORIENTED_EDGE('',*,*,#4515,.F.);
#6132=ORIENTED_EDGE('',*,*,#4582,.F.);
#6133=ORIENTED_EDGE('',*,*,#4453,.F.);
#6134=ORIENTED_EDGE('',*,*,#4420,.F.);
#6135=ORIENTED_EDGE('',*,*,#4546,.F.);
#6136=ORIENTED_EDGE('',*,*,#4260,.T.);
#6137=ORIENTED_EDGE('',*,*,#4582,.T.);
#6138=ORIENTED_EDGE('',*,*,#4514,.F.);
#6139=ORIENTED_EDGE('',*,*,#4256,.T.);
#6140=ORIENTED_EDGE('',*,*,#4536,.T.);
#6141=ORIENTED_EDGE('',*,*,#4440,.F.);
#6142=ORIENTED_EDGE('',*,*,#4547,.F.);
#6143=ORIENTED_EDGE('',*,*,#4259,.T.);
#6144=ORIENTED_EDGE('',*,*,#4456,.T.);
#6145=ORIENTED_EDGE('',*,*,#4513,.F.);
#6146=ORIENTED_EDGE('',*,*,#4583,.F.);
#6147=ORIENTED_EDGE('',*,*,#4459,.F.);
#6148=ORIENTED_EDGE('',*,*,#4434,.F.);
#6149=ORIENTED_EDGE('',*,*,#4537,.F.);
#6150=ORIENTED_EDGE('',*,*,#4254,.T.);
#6151=ORIENTED_EDGE('',*,*,#4583,.T.);
#6152=ORIENTED_EDGE('',*,*,#4512,.F.);
#6153=ORIENTED_EDGE('',*,*,#4491,.F.);
#6154=ORIENTED_EDGE('',*,*,#4397,.F.);
#6155=ORIENTED_EDGE('',*,*,#4584,.F.);
#6156=ORIENTED_EDGE('',*,*,#4250,.T.);
#6157=ORIENTED_EDGE('',*,*,#4585,.T.);
#6158=ORIENTED_EDGE('',*,*,#4505,.F.);
#6159=ORIENTED_EDGE('',*,*,#4251,.T.);
#6160=ORIENTED_EDGE('',*,*,#4584,.T.);
#6161=ORIENTED_EDGE('',*,*,#4396,.F.);
#6162=ORIENTED_EDGE('',*,*,#4574,.F.);
#6163=ORIENTED_EDGE('',*,*,#4249,.T.);
#6164=ORIENTED_EDGE('',*,*,#4450,.T.);
#6165=ORIENTED_EDGE('',*,*,#4506,.F.);
#6166=ORIENTED_EDGE('',*,*,#4585,.F.);
#6167=ORIENTED_EDGE('',*,*,#4484,.F.);
#6168=ORIENTED_EDGE('',*,*,#4425,.F.);
#6169=ORIENTED_EDGE('',*,*,#4586,.F.);
#6170=ORIENTED_EDGE('',*,*,#4245,.T.);
#6171=ORIENTED_EDGE('',*,*,#4587,.T.);
#6172=ORIENTED_EDGE('',*,*,#4510,.F.);
#6173=ORIENTED_EDGE('',*,*,#4246,.T.);
#6174=ORIENTED_EDGE('',*,*,#4586,.T.);
#6175=ORIENTED_EDGE('',*,*,#4424,.F.);
#6176=ORIENTED_EDGE('',*,*,#4538,.F.);
#6177=ORIENTED_EDGE('',*,*,#4244,.T.);
#6178=ORIENTED_EDGE('',*,*,#4462,.T.);
#6179=ORIENTED_EDGE('',*,*,#4511,.F.);
#6180=ORIENTED_EDGE('',*,*,#4587,.F.);
#6181=ORIENTED_EDGE('',*,*,#4241,.T.);
#6182=ORIENTED_EDGE('',*,*,#4588,.T.);
#6183=ORIENTED_EDGE('',*,*,#4528,.F.);
#6184=ORIENTED_EDGE('',*,*,#4589,.F.);
#6185=ORIENTED_EDGE('',*,*,#4242,.T.);
#6186=ORIENTED_EDGE('',*,*,#4589,.T.);
#6187=ORIENTED_EDGE('',*,*,#4527,.F.);
#6188=ORIENTED_EDGE('',*,*,#4590,.F.);
#6189=ORIENTED_EDGE('',*,*,#4243,.T.);
#6190=ORIENTED_EDGE('',*,*,#4590,.T.);
#6191=ORIENTED_EDGE('',*,*,#4526,.F.);
#6192=ORIENTED_EDGE('',*,*,#4591,.F.);
#6193=ORIENTED_EDGE('',*,*,#4240,.T.);
#6194=ORIENTED_EDGE('',*,*,#4591,.T.);
#6195=ORIENTED_EDGE('',*,*,#4525,.F.);
#6196=ORIENTED_EDGE('',*,*,#4588,.F.);
#6197=ORIENTED_EDGE('',*,*,#4236,.T.);
#6198=ORIENTED_EDGE('',*,*,#4567,.T.);
#6199=ORIENTED_EDGE('',*,*,#4387,.F.);
#6200=ORIENTED_EDGE('',*,*,#4592,.F.);
#6201=ORIENTED_EDGE('',*,*,#4496,.F.);
#6202=ORIENTED_EDGE('',*,*,#4521,.F.);
#6203=ORIENTED_EDGE('',*,*,#4593,.F.);
#6204=ORIENTED_EDGE('',*,*,#4237,.T.);
#6205=ORIENTED_EDGE('',*,*,#4592,.T.);
#6206=ORIENTED_EDGE('',*,*,#4386,.F.);
#6207=ORIENTED_EDGE('',*,*,#4238,.T.);
#6208=ORIENTED_EDGE('',*,*,#4593,.T.);
#6209=ORIENTED_EDGE('',*,*,#4520,.F.);
#6210=ORIENTED_EDGE('',*,*,#4594,.F.);
#6211=ORIENTED_EDGE('',*,*,#4239,.T.);
#6212=ORIENTED_EDGE('',*,*,#4594,.T.);
#6213=ORIENTED_EDGE('',*,*,#4519,.F.);
#6214=ORIENTED_EDGE('',*,*,#4595,.F.);
#6215=ORIENTED_EDGE('',*,*,#4473,.F.);
#6216=ORIENTED_EDGE('',*,*,#4392,.F.);
#6217=ORIENTED_EDGE('',*,*,#4568,.F.);
#6218=ORIENTED_EDGE('',*,*,#4234,.T.);
#6219=ORIENTED_EDGE('',*,*,#4595,.T.);
#6220=ORIENTED_EDGE('',*,*,#4518,.F.);
#6221=ORIENTED_EDGE('',*,*,#4229,.T.);
#6222=ORIENTED_EDGE('',*,*,#4565,.T.);
#6223=ORIENTED_EDGE('',*,*,#4340,.F.);
#6224=ORIENTED_EDGE('',*,*,#4596,.F.);
#6225=ORIENTED_EDGE('',*,*,#4230,.T.);
#6226=ORIENTED_EDGE('',*,*,#4596,.T.);
#6227=ORIENTED_EDGE('',*,*,#4339,.F.);
#6228=ORIENTED_EDGE('',*,*,#4531,.F.);
#6229=ORIENTED_EDGE('',*,*,#4305,.T.);
#6230=ORIENTED_EDGE('',*,*,#4530,.T.);
#6231=ORIENTED_EDGE('',*,*,#4374,.F.);
#6232=ORIENTED_EDGE('',*,*,#4597,.F.);
#6233=ORIENTED_EDGE('',*,*,#4212,.T.);
#6234=ORIENTED_EDGE('',*,*,#4598,.T.);
#6235=ORIENTED_EDGE('',*,*,#4362,.F.);
#6236=ORIENTED_EDGE('',*,*,#4469,.F.);
#6237=ORIENTED_EDGE('',*,*,#4291,.T.);
#6238=ORIENTED_EDGE('',*,*,#4558,.T.);
#6239=ORIENTED_EDGE('',*,*,#4382,.F.);
#6240=ORIENTED_EDGE('',*,*,#4599,.F.);
#6241=ORIENTED_EDGE('',*,*,#4231,.T.);
#6242=ORIENTED_EDGE('',*,*,#4599,.T.);
#6243=ORIENTED_EDGE('',*,*,#4381,.F.);
#6244=ORIENTED_EDGE('',*,*,#4600,.F.);
#6245=ORIENTED_EDGE('',*,*,#4232,.T.);
#6246=ORIENTED_EDGE('',*,*,#4600,.T.);
#6247=ORIENTED_EDGE('',*,*,#4380,.F.);
#6248=ORIENTED_EDGE('',*,*,#4601,.F.);
#6249=ORIENTED_EDGE('',*,*,#4233,.T.);
#6250=ORIENTED_EDGE('',*,*,#4601,.T.);
#6251=ORIENTED_EDGE('',*,*,#4379,.F.);
#6252=ORIENTED_EDGE('',*,*,#4566,.F.);
#6253=ORIENTED_EDGE('',*,*,#4218,.T.);
#6254=ORIENTED_EDGE('',*,*,#4444,.T.);
#6255=ORIENTED_EDGE('',*,*,#4368,.F.);
#6256=ORIENTED_EDGE('',*,*,#4602,.F.);
#6257=ORIENTED_EDGE('',*,*,#4219,.T.);
#6258=ORIENTED_EDGE('',*,*,#4602,.T.);
#6259=ORIENTED_EDGE('',*,*,#4367,.F.);
#6260=ORIENTED_EDGE('',*,*,#4557,.F.);
#6261=ORIENTED_EDGE('',*,*,#4465,.F.);
#6262=ORIENTED_EDGE('',*,*,#4363,.F.);
#6263=ORIENTED_EDGE('',*,*,#4598,.F.);
#6264=ORIENTED_EDGE('',*,*,#4211,.T.);
#6265=ORIENTED_EDGE('',*,*,#4581,.T.);
#6266=ORIENTED_EDGE('',*,*,#4523,.F.);
#6267=ORIENTED_EDGE('',*,*,#4213,.T.);
#6268=ORIENTED_EDGE('',*,*,#4597,.T.);
#6269=ORIENTED_EDGE('',*,*,#4373,.F.);
#6270=ORIENTED_EDGE('',*,*,#4603,.F.);
#6271=ORIENTED_EDGE('',*,*,#4214,.T.);
#6272=ORIENTED_EDGE('',*,*,#4603,.T.);
#6273=ORIENTED_EDGE('',*,*,#4372,.F.);
#6274=ORIENTED_EDGE('',*,*,#4604,.F.);
#6275=ORIENTED_EDGE('',*,*,#4441,.F.);
#6276=ORIENTED_EDGE('',*,*,#4605,.F.);
#6277=ORIENTED_EDGE('',*,*,#4215,.T.);
#6278=ORIENTED_EDGE('',*,*,#4604,.T.);
#6279=ORIENTED_EDGE('',*,*,#4371,.F.);
#6280=ORIENTED_EDGE('',*,*,#4443,.F.);
#6281=ORIENTED_EDGE('',*,*,#4445,.F.);
#6282=ORIENTED_EDGE('',*,*,#4216,.T.);
#6283=ORIENTED_EDGE('',*,*,#4605,.T.);
#6284=ORIENTED_EDGE('',*,*,#4195,.F.);
#6285=ORIENTED_EDGE('',*,*,#4199,.T.);
#6286=ORIENTED_EDGE('',*,*,#4314,.F.);
#6287=ORIENTED_EDGE('',*,*,#4606,.F.);
#6288=ORIENTED_EDGE('',*,*,#4192,.F.);
#6289=ORIENTED_EDGE('',*,*,#4606,.T.);
#6290=ORIENTED_EDGE('',*,*,#4317,.F.);
#6291=ORIENTED_EDGE('',*,*,#4607,.F.);
#6292=ORIENTED_EDGE('',*,*,#4189,.F.);
#6293=ORIENTED_EDGE('',*,*,#4607,.T.);
#6294=ORIENTED_EDGE('',*,*,#4320,.F.);
#6295=ORIENTED_EDGE('',*,*,#4608,.F.);
#6296=ORIENTED_EDGE('',*,*,#4186,.F.);
#6297=ORIENTED_EDGE('',*,*,#4608,.T.);
#6298=ORIENTED_EDGE('',*,*,#4323,.F.);
#6299=ORIENTED_EDGE('',*,*,#4609,.F.);
#6300=ORIENTED_EDGE('',*,*,#4183,.F.);
#6301=ORIENTED_EDGE('',*,*,#4609,.T.);
#6302=ORIENTED_EDGE('',*,*,#4326,.F.);
#6303=ORIENTED_EDGE('',*,*,#4610,.F.);
#6304=ORIENTED_EDGE('',*,*,#4180,.F.);
#6305=ORIENTED_EDGE('',*,*,#4610,.T.);
#6306=ORIENTED_EDGE('',*,*,#4329,.F.);
#6307=ORIENTED_EDGE('',*,*,#4208,.F.);
#6308=ORIENTED_EDGE('',*,*,#4611,.T.);
#6309=ORIENTED_EDGE('',*,*,#4612,.T.);
#6310=ORIENTED_EDGE('',*,*,#4613,.T.);
#6311=ORIENTED_EDGE('',*,*,#4614,.F.);
#6312=ORIENTED_EDGE('',*,*,#4615,.T.);
#6313=ORIENTED_EDGE('',*,*,#4616,.T.);
#6314=ORIENTED_EDGE('',*,*,#4617,.T.);
#6315=ORIENTED_EDGE('',*,*,#4612,.F.);
#6316=ORIENTED_EDGE('',*,*,#4618,.T.);
#6317=ORIENTED_EDGE('',*,*,#4619,.T.);
#6318=ORIENTED_EDGE('',*,*,#4620,.T.);
#6319=ORIENTED_EDGE('',*,*,#4616,.F.);
#6320=ORIENTED_EDGE('',*,*,#4621,.T.);
#6321=ORIENTED_EDGE('',*,*,#4622,.T.);
#6322=ORIENTED_EDGE('',*,*,#4623,.T.);
#6323=ORIENTED_EDGE('',*,*,#4619,.F.);
#6324=ORIENTED_EDGE('',*,*,#4624,.T.);
#6325=ORIENTED_EDGE('',*,*,#4625,.T.);
#6326=ORIENTED_EDGE('',*,*,#4626,.T.);
#6327=ORIENTED_EDGE('',*,*,#4622,.F.);
#6328=ORIENTED_EDGE('',*,*,#4627,.T.);
#6329=ORIENTED_EDGE('',*,*,#4628,.T.);
#6330=ORIENTED_EDGE('',*,*,#4629,.T.);
#6331=ORIENTED_EDGE('',*,*,#4625,.F.);
#6332=ORIENTED_EDGE('',*,*,#4630,.T.);
#6333=ORIENTED_EDGE('',*,*,#4631,.T.);
#6334=ORIENTED_EDGE('',*,*,#4632,.T.);
#6335=ORIENTED_EDGE('',*,*,#4628,.F.);
#6336=ORIENTED_EDGE('',*,*,#4633,.T.);
#6337=ORIENTED_EDGE('',*,*,#4631,.F.);
#6338=ORIENTED_EDGE('',*,*,#4634,.T.);
#6339=ORIENTED_EDGE('',*,*,#4635,.T.);
#6340=ORIENTED_EDGE('',*,*,#4636,.T.);
#6341=ORIENTED_EDGE('',*,*,#4635,.F.);
#6342=ORIENTED_EDGE('',*,*,#4637,.T.);
#6343=ORIENTED_EDGE('',*,*,#4638,.T.);
#6344=ORIENTED_EDGE('',*,*,#4639,.T.);
#6345=ORIENTED_EDGE('',*,*,#4638,.F.);
#6346=ORIENTED_EDGE('',*,*,#4640,.T.);
#6347=ORIENTED_EDGE('',*,*,#4641,.T.);
#6348=ORIENTED_EDGE('',*,*,#4642,.T.);
#6349=ORIENTED_EDGE('',*,*,#4641,.F.);
#6350=ORIENTED_EDGE('',*,*,#4643,.T.);
#6351=ORIENTED_EDGE('',*,*,#4644,.T.);
#6352=ORIENTED_EDGE('',*,*,#4645,.T.);
#6353=ORIENTED_EDGE('',*,*,#4644,.F.);
#6354=ORIENTED_EDGE('',*,*,#4646,.T.);
#6355=ORIENTED_EDGE('',*,*,#4614,.T.);
#6356=ORIENTED_EDGE('',*,*,#4633,.F.);
#6357=ORIENTED_EDGE('',*,*,#4647,.F.);
#6358=ORIENTED_EDGE('',*,*,#4648,.T.);
#6359=ORIENTED_EDGE('',*,*,#4649,.T.);
#6360=ORIENTED_EDGE('',*,*,#4636,.F.);
#6361=ORIENTED_EDGE('',*,*,#4650,.F.);
#6362=ORIENTED_EDGE('',*,*,#4651,.T.);
#6363=ORIENTED_EDGE('',*,*,#4647,.T.);
#6364=ORIENTED_EDGE('',*,*,#4639,.F.);
#6365=ORIENTED_EDGE('',*,*,#4652,.F.);
#6366=ORIENTED_EDGE('',*,*,#4653,.T.);
#6367=ORIENTED_EDGE('',*,*,#4650,.T.);
#6368=ORIENTED_EDGE('',*,*,#4642,.F.);
#6369=ORIENTED_EDGE('',*,*,#4654,.F.);
#6370=ORIENTED_EDGE('',*,*,#4655,.T.);
#6371=ORIENTED_EDGE('',*,*,#4652,.T.);
#6372=ORIENTED_EDGE('',*,*,#4645,.F.);
#6373=ORIENTED_EDGE('',*,*,#4656,.F.);
#6374=ORIENTED_EDGE('',*,*,#4657,.T.);
#6375=ORIENTED_EDGE('',*,*,#4654,.T.);
#6376=ORIENTED_EDGE('',*,*,#4613,.F.);
#6377=ORIENTED_EDGE('',*,*,#4658,.F.);
#6378=ORIENTED_EDGE('',*,*,#4659,.T.);
#6379=ORIENTED_EDGE('',*,*,#4656,.T.);
#6380=ORIENTED_EDGE('',*,*,#4611,.F.);
#6381=ORIENTED_EDGE('',*,*,#4646,.F.);
#6382=ORIENTED_EDGE('',*,*,#4643,.F.);
#6383=ORIENTED_EDGE('',*,*,#4640,.F.);
#6384=ORIENTED_EDGE('',*,*,#4637,.F.);
#6385=ORIENTED_EDGE('',*,*,#4634,.F.);
#6386=ORIENTED_EDGE('',*,*,#4630,.F.);
#6387=ORIENTED_EDGE('',*,*,#4627,.F.);
#6388=ORIENTED_EDGE('',*,*,#4624,.F.);
#6389=ORIENTED_EDGE('',*,*,#4621,.F.);
#6390=ORIENTED_EDGE('',*,*,#4618,.F.);
#6391=ORIENTED_EDGE('',*,*,#4615,.F.);
#6392=ORIENTED_EDGE('',*,*,#4660,.T.);
#6393=ORIENTED_EDGE('',*,*,#4661,.T.);
#6394=ORIENTED_EDGE('',*,*,#4662,.T.);
#6395=ORIENTED_EDGE('',*,*,#4663,.T.);
#6396=ORIENTED_EDGE('',*,*,#4664,.T.);
#6397=ORIENTED_EDGE('',*,*,#4665,.T.);
#6398=ORIENTED_EDGE('',*,*,#4666,.T.);
#6399=ORIENTED_EDGE('',*,*,#4667,.T.);
#6400=ORIENTED_EDGE('',*,*,#4668,.T.);
#6401=ORIENTED_EDGE('',*,*,#4669,.T.);
#6402=ORIENTED_EDGE('',*,*,#4670,.T.);
#6403=ORIENTED_EDGE('',*,*,#4671,.T.);
#6404=ORIENTED_EDGE('',*,*,#4672,.F.);
#6405=ORIENTED_EDGE('',*,*,#4673,.F.);
#6406=ORIENTED_EDGE('',*,*,#4674,.T.);
#6407=ORIENTED_EDGE('',*,*,#4675,.F.);
#6408=ORIENTED_EDGE('',*,*,#4676,.F.);
#6409=ORIENTED_EDGE('',*,*,#4677,.F.);
#6410=ORIENTED_EDGE('',*,*,#4678,.F.);
#6411=ORIENTED_EDGE('',*,*,#4674,.F.);
#6412=ORIENTED_EDGE('',*,*,#4676,.T.);
#6413=ORIENTED_EDGE('',*,*,#4673,.T.);
#6414=ORIENTED_EDGE('',*,*,#4679,.T.);
#6415=ORIENTED_EDGE('',*,*,#4680,.T.);
#6416=ORIENTED_EDGE('',*,*,#4681,.F.);
#6417=ORIENTED_EDGE('',*,*,#4682,.F.);
#6418=ORIENTED_EDGE('',*,*,#4683,.F.);
#6419=ORIENTED_EDGE('',*,*,#4684,.T.);
#6420=ORIENTED_EDGE('',*,*,#4685,.T.);
#6421=ORIENTED_EDGE('',*,*,#4686,.T.);
#6422=ORIENTED_EDGE('',*,*,#4687,.T.);
#6423=ORIENTED_EDGE('',*,*,#4688,.T.);
#6424=ORIENTED_EDGE('',*,*,#4685,.F.);
#6425=ORIENTED_EDGE('',*,*,#4689,.F.);
#6426=ORIENTED_EDGE('',*,*,#4690,.T.);
#6427=ORIENTED_EDGE('',*,*,#4691,.T.);
#6428=ORIENTED_EDGE('',*,*,#4692,.F.);
#6429=ORIENTED_EDGE('',*,*,#4693,.F.);
#6430=ORIENTED_EDGE('',*,*,#4694,.T.);
#6431=ORIENTED_EDGE('',*,*,#4695,.T.);
#6432=ORIENTED_EDGE('',*,*,#4696,.F.);
#6433=ORIENTED_EDGE('',*,*,#4697,.F.);
#6434=ORIENTED_EDGE('',*,*,#4698,.T.);
#6435=ORIENTED_EDGE('',*,*,#4699,.T.);
#6436=ORIENTED_EDGE('',*,*,#4662,.F.);
#6437=ORIENTED_EDGE('',*,*,#4700,.F.);
#6438=ORIENTED_EDGE('',*,*,#4701,.T.);
#6439=ORIENTED_EDGE('',*,*,#4702,.T.);
#6440=ORIENTED_EDGE('',*,*,#4703,.T.);
#6441=ORIENTED_EDGE('',*,*,#4704,.T.);
#6442=ORIENTED_EDGE('',*,*,#4705,.T.);
#6443=ORIENTED_EDGE('',*,*,#4706,.T.);
#6444=ORIENTED_EDGE('',*,*,#4703,.F.);
#6445=ORIENTED_EDGE('',*,*,#4707,.F.);
#6446=ORIENTED_EDGE('',*,*,#4708,.T.);
#6447=ORIENTED_EDGE('',*,*,#4709,.T.);
#6448=ORIENTED_EDGE('',*,*,#4660,.F.);
#6449=ORIENTED_EDGE('',*,*,#4710,.F.);
#6450=ORIENTED_EDGE('',*,*,#4711,.T.);
#6451=ORIENTED_EDGE('',*,*,#4712,.T.);
#6452=ORIENTED_EDGE('',*,*,#4713,.F.);
#6453=ORIENTED_EDGE('',*,*,#4714,.F.);
#6454=ORIENTED_EDGE('',*,*,#4715,.T.);
#6455=ORIENTED_EDGE('',*,*,#4716,.T.);
#6456=ORIENTED_EDGE('',*,*,#4717,.F.);
#6457=ORIENTED_EDGE('',*,*,#4718,.F.);
#6458=ORIENTED_EDGE('',*,*,#4719,.T.);
#6459=ORIENTED_EDGE('',*,*,#4720,.T.);
#6460=ORIENTED_EDGE('',*,*,#4717,.T.);
#6461=ORIENTED_EDGE('',*,*,#4721,.T.);
#6462=ORIENTED_EDGE('',*,*,#4722,.T.);
#6463=ORIENTED_EDGE('',*,*,#4723,.T.);
#6464=ORIENTED_EDGE('',*,*,#4713,.T.);
#6465=ORIENTED_EDGE('',*,*,#4724,.T.);
#6466=ORIENTED_EDGE('',*,*,#4725,.T.);
#6467=ORIENTED_EDGE('',*,*,#4726,.T.);
#6468=ORIENTED_EDGE('',*,*,#4727,.T.);
#6469=ORIENTED_EDGE('',*,*,#4728,.T.);
#6470=ORIENTED_EDGE('',*,*,#4729,.T.);
#6471=ORIENTED_EDGE('',*,*,#4730,.T.);
#6472=ORIENTED_EDGE('',*,*,#4727,.F.);
#6473=ORIENTED_EDGE('',*,*,#4731,.F.);
#6474=ORIENTED_EDGE('',*,*,#4732,.T.);
#6475=ORIENTED_EDGE('',*,*,#4733,.T.);
#6476=ORIENTED_EDGE('',*,*,#4670,.F.);
#6477=ORIENTED_EDGE('',*,*,#4734,.F.);
#6478=ORIENTED_EDGE('',*,*,#4735,.T.);
#6479=ORIENTED_EDGE('',*,*,#4736,.T.);
#6480=ORIENTED_EDGE('',*,*,#4737,.F.);
#6481=ORIENTED_EDGE('',*,*,#4738,.F.);
#6482=ORIENTED_EDGE('',*,*,#4739,.T.);
#6483=ORIENTED_EDGE('',*,*,#4740,.T.);
#6484=ORIENTED_EDGE('',*,*,#4741,.F.);
#6485=ORIENTED_EDGE('',*,*,#4680,.F.);
#6486=ORIENTED_EDGE('',*,*,#4742,.T.);
#6487=ORIENTED_EDGE('',*,*,#4681,.T.);
#6488=ORIENTED_EDGE('',*,*,#4741,.T.);
#6489=ORIENTED_EDGE('',*,*,#4743,.T.);
#6490=ORIENTED_EDGE('',*,*,#4744,.T.);
#6491=ORIENTED_EDGE('',*,*,#4745,.T.);
#6492=ORIENTED_EDGE('',*,*,#4737,.T.);
#6493=ORIENTED_EDGE('',*,*,#4746,.T.);
#6494=ORIENTED_EDGE('',*,*,#4747,.T.);
#6495=ORIENTED_EDGE('',*,*,#4748,.T.);
#6496=ORIENTED_EDGE('',*,*,#4749,.T.);
#6497=ORIENTED_EDGE('',*,*,#4750,.T.);
#6498=ORIENTED_EDGE('',*,*,#4751,.T.);
#6499=ORIENTED_EDGE('',*,*,#4752,.T.);
#6500=ORIENTED_EDGE('',*,*,#4749,.F.);
#6501=ORIENTED_EDGE('',*,*,#4753,.F.);
#6502=ORIENTED_EDGE('',*,*,#4754,.T.);
#6503=ORIENTED_EDGE('',*,*,#4755,.T.);
#6504=ORIENTED_EDGE('',*,*,#4668,.F.);
#6505=ORIENTED_EDGE('',*,*,#4756,.F.);
#6506=ORIENTED_EDGE('',*,*,#4757,.T.);
#6507=ORIENTED_EDGE('',*,*,#4758,.T.);
#6508=ORIENTED_EDGE('',*,*,#4759,.F.);
#6509=ORIENTED_EDGE('',*,*,#4760,.F.);
#6510=ORIENTED_EDGE('',*,*,#4761,.T.);
#6511=ORIENTED_EDGE('',*,*,#4762,.T.);
#6512=ORIENTED_EDGE('',*,*,#4763,.F.);
#6513=ORIENTED_EDGE('',*,*,#4764,.F.);
#6514=ORIENTED_EDGE('',*,*,#4765,.T.);
#6515=ORIENTED_EDGE('',*,*,#4766,.T.);
#6516=ORIENTED_EDGE('',*,*,#4763,.T.);
#6517=ORIENTED_EDGE('',*,*,#4767,.T.);
#6518=ORIENTED_EDGE('',*,*,#4768,.T.);
#6519=ORIENTED_EDGE('',*,*,#4769,.T.);
#6520=ORIENTED_EDGE('',*,*,#4759,.T.);
#6521=ORIENTED_EDGE('',*,*,#4770,.T.);
#6522=ORIENTED_EDGE('',*,*,#4771,.T.);
#6523=ORIENTED_EDGE('',*,*,#4772,.T.);
#6524=ORIENTED_EDGE('',*,*,#4773,.T.);
#6525=ORIENTED_EDGE('',*,*,#4774,.T.);
#6526=ORIENTED_EDGE('',*,*,#4775,.T.);
#6527=ORIENTED_EDGE('',*,*,#4776,.T.);
#6528=ORIENTED_EDGE('',*,*,#4773,.F.);
#6529=ORIENTED_EDGE('',*,*,#4777,.F.);
#6530=ORIENTED_EDGE('',*,*,#4778,.T.);
#6531=ORIENTED_EDGE('',*,*,#4779,.T.);
#6532=ORIENTED_EDGE('',*,*,#4666,.F.);
#6533=ORIENTED_EDGE('',*,*,#4780,.F.);
#6534=ORIENTED_EDGE('',*,*,#4781,.T.);
#6535=ORIENTED_EDGE('',*,*,#4782,.T.);
#6536=ORIENTED_EDGE('',*,*,#4783,.F.);
#6537=ORIENTED_EDGE('',*,*,#4784,.F.);
#6538=ORIENTED_EDGE('',*,*,#4785,.T.);
#6539=ORIENTED_EDGE('',*,*,#4786,.T.);
#6540=ORIENTED_EDGE('',*,*,#4787,.F.);
#6541=ORIENTED_EDGE('',*,*,#4788,.F.);
#6542=ORIENTED_EDGE('',*,*,#4789,.T.);
#6543=ORIENTED_EDGE('',*,*,#4790,.T.);
#6544=ORIENTED_EDGE('',*,*,#4787,.T.);
#6545=ORIENTED_EDGE('',*,*,#4791,.T.);
#6546=ORIENTED_EDGE('',*,*,#4792,.T.);
#6547=ORIENTED_EDGE('',*,*,#4793,.T.);
#6548=ORIENTED_EDGE('',*,*,#4783,.T.);
#6549=ORIENTED_EDGE('',*,*,#4794,.T.);
#6550=ORIENTED_EDGE('',*,*,#4795,.T.);
#6551=ORIENTED_EDGE('',*,*,#4796,.T.);
#6552=ORIENTED_EDGE('',*,*,#4797,.T.);
#6553=ORIENTED_EDGE('',*,*,#4798,.T.);
#6554=ORIENTED_EDGE('',*,*,#4799,.T.);
#6555=ORIENTED_EDGE('',*,*,#4795,.F.);
#6556=ORIENTED_EDGE('',*,*,#4800,.T.);
#6557=ORIENTED_EDGE('',*,*,#4797,.F.);
#6558=ORIENTED_EDGE('',*,*,#4801,.T.);
#6559=ORIENTED_EDGE('',*,*,#4802,.T.);
#6560=ORIENTED_EDGE('',*,*,#4803,.T.);
#6561=ORIENTED_EDGE('',*,*,#4804,.T.);
#6562=ORIENTED_EDGE('',*,*,#4805,.T.);
#6563=ORIENTED_EDGE('',*,*,#4806,.F.);
#6564=ORIENTED_EDGE('',*,*,#4807,.T.);
#6565=ORIENTED_EDGE('',*,*,#4808,.T.);
#6566=ORIENTED_EDGE('',*,*,#4664,.F.);
#6567=ORIENTED_EDGE('',*,*,#4809,.F.);
#6568=ORIENTED_EDGE('',*,*,#4810,.T.);
#6569=ORIENTED_EDGE('',*,*,#4811,.T.);
#6570=ORIENTED_EDGE('',*,*,#4812,.F.);
#6571=ORIENTED_EDGE('',*,*,#4813,.F.);
#6572=ORIENTED_EDGE('',*,*,#4814,.T.);
#6573=ORIENTED_EDGE('',*,*,#4815,.T.);
#6574=ORIENTED_EDGE('',*,*,#4803,.F.);
#6575=ORIENTED_EDGE('',*,*,#4816,.F.);
#6576=ORIENTED_EDGE('',*,*,#4817,.T.);
#6577=ORIENTED_EDGE('',*,*,#4818,.T.);
#6578=ORIENTED_EDGE('',*,*,#4799,.F.);
#6579=ORIENTED_EDGE('',*,*,#4819,.T.);
#6580=ORIENTED_EDGE('',*,*,#4812,.T.);
#6581=ORIENTED_EDGE('',*,*,#4820,.T.);
#6582=ORIENTED_EDGE('',*,*,#4821,.T.);
#6583=ORIENTED_EDGE('',*,*,#4822,.T.);
#6584=ORIENTED_EDGE('',*,*,#4696,.T.);
#6585=ORIENTED_EDGE('',*,*,#4823,.T.);
#6586=ORIENTED_EDGE('',*,*,#4824,.T.);
#6587=ORIENTED_EDGE('',*,*,#4825,.T.);
#6588=ORIENTED_EDGE('',*,*,#4692,.T.);
#6589=ORIENTED_EDGE('',*,*,#4826,.T.);
#6590=ORIENTED_EDGE('',*,*,#4827,.T.);
#6591=ORIENTED_EDGE('',*,*,#4725,.F.);
#6592=ORIENTED_EDGE('',*,*,#4828,.T.);
#6593=ORIENTED_EDGE('',*,*,#4829,.T.);
#6594=ORIENTED_EDGE('',*,*,#4830,.T.);
#6595=ORIENTED_EDGE('',*,*,#4729,.F.);
#6596=ORIENTED_EDGE('',*,*,#4831,.T.);
#6597=ORIENTED_EDGE('',*,*,#4832,.T.);
#6598=ORIENTED_EDGE('',*,*,#4833,.T.);
#6599=ORIENTED_EDGE('',*,*,#4834,.T.);
#6600=ORIENTED_EDGE('',*,*,#4835,.T.);
#6601=ORIENTED_EDGE('',*,*,#4836,.T.);
#6602=ORIENTED_EDGE('',*,*,#4837,.T.);
#6603=ORIENTED_EDGE('',*,*,#4687,.F.);
#6604=ORIENTED_EDGE('',*,*,#4838,.T.);
#6605=ORIENTED_EDGE('',*,*,#4839,.T.);
#6606=ORIENTED_EDGE('',*,*,#4840,.T.);
#6607=ORIENTED_EDGE('',*,*,#4705,.F.);
#6608=ORIENTED_EDGE('',*,*,#4841,.T.);
#6609=ORIENTED_EDGE('',*,*,#4842,.T.);
#6610=ORIENTED_EDGE('',*,*,#4843,.T.);
#6611=ORIENTED_EDGE('',*,*,#4844,.T.);
#6612=ORIENTED_EDGE('',*,*,#4722,.F.);
#6613=ORIENTED_EDGE('',*,*,#4845,.T.);
#6614=ORIENTED_EDGE('',*,*,#4846,.T.);
#6615=ORIENTED_EDGE('',*,*,#4682,.T.);
#6616=ORIENTED_EDGE('',*,*,#4744,.F.);
#6617=ORIENTED_EDGE('',*,*,#4847,.T.);
#6618=ORIENTED_EDGE('',*,*,#4848,.T.);
#6619=ORIENTED_EDGE('',*,*,#4849,.T.);
#6620=ORIENTED_EDGE('',*,*,#4850,.T.);
#6621=ORIENTED_EDGE('',*,*,#4851,.T.);
#6622=ORIENTED_EDGE('',*,*,#4747,.F.);
#6623=ORIENTED_EDGE('',*,*,#4852,.T.);
#6624=ORIENTED_EDGE('',*,*,#4853,.T.);
#6625=ORIENTED_EDGE('',*,*,#4854,.T.);
#6626=ORIENTED_EDGE('',*,*,#4751,.F.);
#6627=ORIENTED_EDGE('',*,*,#4855,.T.);
#6628=ORIENTED_EDGE('',*,*,#4856,.T.);
#6629=ORIENTED_EDGE('',*,*,#4857,.T.);
#6630=ORIENTED_EDGE('',*,*,#4858,.T.);
#6631=ORIENTED_EDGE('',*,*,#4768,.F.);
#6632=ORIENTED_EDGE('',*,*,#4859,.T.);
#6633=ORIENTED_EDGE('',*,*,#4860,.T.);
#6634=ORIENTED_EDGE('',*,*,#4861,.T.);
#6635=ORIENTED_EDGE('',*,*,#4862,.T.);
#6636=ORIENTED_EDGE('',*,*,#4863,.T.);
#6637=ORIENTED_EDGE('',*,*,#4771,.F.);
#6638=ORIENTED_EDGE('',*,*,#4864,.T.);
#6639=ORIENTED_EDGE('',*,*,#4865,.T.);
#6640=ORIENTED_EDGE('',*,*,#4866,.T.);
#6641=ORIENTED_EDGE('',*,*,#4775,.F.);
#6642=ORIENTED_EDGE('',*,*,#4867,.T.);
#6643=ORIENTED_EDGE('',*,*,#4868,.T.);
#6644=ORIENTED_EDGE('',*,*,#4869,.T.);
#6645=ORIENTED_EDGE('',*,*,#4870,.T.);
#6646=ORIENTED_EDGE('',*,*,#4792,.F.);
#6647=ORIENTED_EDGE('',*,*,#4871,.T.);
#6648=ORIENTED_EDGE('',*,*,#4872,.T.);
#6649=ORIENTED_EDGE('',*,*,#4873,.T.);
#6650=ORIENTED_EDGE('',*,*,#4805,.F.);
#6651=ORIENTED_EDGE('',*,*,#4874,.T.);
#6652=ORIENTED_EDGE('',*,*,#4875,.T.);
#6653=ORIENTED_EDGE('',*,*,#4876,.T.);
#6654=ORIENTED_EDGE('',*,*,#4877,.T.);
#6655=ORIENTED_EDGE('',*,*,#4821,.F.);
#6656=ORIENTED_EDGE('',*,*,#4878,.T.);
#6657=ORIENTED_EDGE('',*,*,#4879,.T.);
#6658=ORIENTED_EDGE('',*,*,#4880,.T.);
#6659=ORIENTED_EDGE('',*,*,#4824,.F.);
#6660=ORIENTED_EDGE('',*,*,#4881,.T.);
#6661=ORIENTED_EDGE('',*,*,#4882,.T.);
#6662=ORIENTED_EDGE('',*,*,#4883,.T.);
#6663=ORIENTED_EDGE('',*,*,#4884,.T.);
#6664=ORIENTED_EDGE('',*,*,#4827,.F.);
#6665=ORIENTED_EDGE('',*,*,#4885,.T.);
#6666=ORIENTED_EDGE('',*,*,#4886,.T.);
#6667=ORIENTED_EDGE('',*,*,#4887,.T.);
#6668=ORIENTED_EDGE('',*,*,#4888,.T.);
#6669=ORIENTED_EDGE('',*,*,#4889,.T.);
#6670=ORIENTED_EDGE('',*,*,#4890,.T.);
#6671=ORIENTED_EDGE('',*,*,#4891,.T.);
#6672=ORIENTED_EDGE('',*,*,#4892,.T.);
#6673=ORIENTED_EDGE('',*,*,#4893,.T.);
#6674=ORIENTED_EDGE('',*,*,#4894,.T.);
#6675=ORIENTED_EDGE('',*,*,#4895,.T.);
#6676=ORIENTED_EDGE('',*,*,#4878,.F.);
#6677=ORIENTED_EDGE('',*,*,#4820,.F.);
#6678=ORIENTED_EDGE('',*,*,#4811,.F.);
#6679=ORIENTED_EDGE('',*,*,#4896,.T.);
#6680=ORIENTED_EDGE('',*,*,#4809,.T.);
#6681=ORIENTED_EDGE('',*,*,#4663,.F.);
#6682=ORIENTED_EDGE('',*,*,#4699,.F.);
#6683=ORIENTED_EDGE('',*,*,#4897,.T.);
#6684=ORIENTED_EDGE('',*,*,#4697,.T.);
#6685=ORIENTED_EDGE('',*,*,#4822,.F.);
#6686=ORIENTED_EDGE('',*,*,#4880,.F.);
#6687=ORIENTED_EDGE('',*,*,#4898,.F.);
#6688=ORIENTED_EDGE('',*,*,#4899,.T.);
#6689=ORIENTED_EDGE('',*,*,#4898,.T.);
#6690=ORIENTED_EDGE('',*,*,#4879,.F.);
#6691=ORIENTED_EDGE('',*,*,#4895,.F.);
#6692=ORIENTED_EDGE('',*,*,#4900,.T.);
#6693=ORIENTED_EDGE('',*,*,#4901,.T.);
#6694=ORIENTED_EDGE('',*,*,#4828,.F.);
#6695=ORIENTED_EDGE('',*,*,#4724,.F.);
#6696=ORIENTED_EDGE('',*,*,#4712,.F.);
#6697=ORIENTED_EDGE('',*,*,#4902,.T.);
#6698=ORIENTED_EDGE('',*,*,#4710,.T.);
#6699=ORIENTED_EDGE('',*,*,#4671,.F.);
#6700=ORIENTED_EDGE('',*,*,#4733,.F.);
#6701=ORIENTED_EDGE('',*,*,#4903,.T.);
#6702=ORIENTED_EDGE('',*,*,#4731,.T.);
#6703=ORIENTED_EDGE('',*,*,#4726,.F.);
#6704=ORIENTED_EDGE('',*,*,#4830,.F.);
#6705=ORIENTED_EDGE('',*,*,#4904,.F.);
#6706=ORIENTED_EDGE('',*,*,#4905,.T.);
#6707=ORIENTED_EDGE('',*,*,#4904,.T.);
#6708=ORIENTED_EDGE('',*,*,#4829,.F.);
#6709=ORIENTED_EDGE('',*,*,#4901,.F.);
#6710=ORIENTED_EDGE('',*,*,#4906,.T.);
#6711=ORIENTED_EDGE('',*,*,#4907,.T.);
#6712=ORIENTED_EDGE('',*,*,#4893,.F.);
#6713=ORIENTED_EDGE('',*,*,#4908,.F.);
#6714=ORIENTED_EDGE('',*,*,#4909,.T.);
#6715=ORIENTED_EDGE('',*,*,#4908,.T.);
#6716=ORIENTED_EDGE('',*,*,#4892,.F.);
#6717=ORIENTED_EDGE('',*,*,#4910,.F.);
#6718=ORIENTED_EDGE('',*,*,#4911,.T.);
#6719=ORIENTED_EDGE('',*,*,#4910,.T.);
#6720=ORIENTED_EDGE('',*,*,#4891,.F.);
#6721=ORIENTED_EDGE('',*,*,#4912,.F.);
#6722=ORIENTED_EDGE('',*,*,#4913,.T.);
#6723=ORIENTED_EDGE('',*,*,#4912,.T.);
#6724=ORIENTED_EDGE('',*,*,#4890,.F.);
#6725=ORIENTED_EDGE('',*,*,#4907,.F.);
#6726=ORIENTED_EDGE('',*,*,#4914,.T.);
#6727=ORIENTED_EDGE('',*,*,#4915,.T.);
#6728=ORIENTED_EDGE('',*,*,#4856,.F.);
#6729=ORIENTED_EDGE('',*,*,#4916,.F.);
#6730=ORIENTED_EDGE('',*,*,#4917,.T.);
#6731=ORIENTED_EDGE('',*,*,#4916,.T.);
#6732=ORIENTED_EDGE('',*,*,#4855,.F.);
#6733=ORIENTED_EDGE('',*,*,#4750,.F.);
#6734=ORIENTED_EDGE('',*,*,#4752,.F.);
#6735=ORIENTED_EDGE('',*,*,#4918,.T.);
#6736=ORIENTED_EDGE('',*,*,#4764,.T.);
#6737=ORIENTED_EDGE('',*,*,#4766,.F.);
#6738=ORIENTED_EDGE('',*,*,#4858,.F.);
#6739=ORIENTED_EDGE('',*,*,#4919,.F.);
#6740=ORIENTED_EDGE('',*,*,#4920,.T.);
#6741=ORIENTED_EDGE('',*,*,#4919,.T.);
#6742=ORIENTED_EDGE('',*,*,#4857,.F.);
#6743=ORIENTED_EDGE('',*,*,#4915,.F.);
#6744=ORIENTED_EDGE('',*,*,#4921,.T.);
#6745=ORIENTED_EDGE('',*,*,#4922,.T.);
#6746=ORIENTED_EDGE('',*,*,#4833,.F.);
#6747=ORIENTED_EDGE('',*,*,#4923,.F.);
#6748=ORIENTED_EDGE('',*,*,#4924,.T.);
#6749=ORIENTED_EDGE('',*,*,#4923,.T.);
#6750=ORIENTED_EDGE('',*,*,#4832,.F.);
#6751=ORIENTED_EDGE('',*,*,#4925,.F.);
#6752=ORIENTED_EDGE('',*,*,#4926,.T.);
#6753=ORIENTED_EDGE('',*,*,#4925,.T.);
#6754=ORIENTED_EDGE('',*,*,#4831,.F.);
#6755=ORIENTED_EDGE('',*,*,#4728,.F.);
#6756=ORIENTED_EDGE('',*,*,#4730,.F.);
#6757=ORIENTED_EDGE('',*,*,#4927,.T.);
#6758=ORIENTED_EDGE('',*,*,#4928,.T.);
#6759=ORIENTED_EDGE('',*,*,#4845,.F.);
#6760=ORIENTED_EDGE('',*,*,#4721,.F.);
#6761=ORIENTED_EDGE('',*,*,#4716,.F.);
#6762=ORIENTED_EDGE('',*,*,#4929,.T.);
#6763=ORIENTED_EDGE('',*,*,#4714,.T.);
#6764=ORIENTED_EDGE('',*,*,#4723,.F.);
#6765=ORIENTED_EDGE('',*,*,#4837,.F.);
#6766=ORIENTED_EDGE('',*,*,#4930,.F.);
#6767=ORIENTED_EDGE('',*,*,#4931,.T.);
#6768=ORIENTED_EDGE('',*,*,#4930,.T.);
#6769=ORIENTED_EDGE('',*,*,#4836,.F.);
#6770=ORIENTED_EDGE('',*,*,#4932,.F.);
#6771=ORIENTED_EDGE('',*,*,#4933,.T.);
#6772=ORIENTED_EDGE('',*,*,#4932,.T.);
#6773=ORIENTED_EDGE('',*,*,#4835,.F.);
#6774=ORIENTED_EDGE('',*,*,#4934,.F.);
#6775=ORIENTED_EDGE('',*,*,#4935,.T.);
#6776=ORIENTED_EDGE('',*,*,#4934,.T.);
#6777=ORIENTED_EDGE('',*,*,#4834,.F.);
#6778=ORIENTED_EDGE('',*,*,#4922,.F.);
#6779=ORIENTED_EDGE('',*,*,#4936,.T.);
#6780=ORIENTED_EDGE('',*,*,#4700,.T.);
#6781=ORIENTED_EDGE('',*,*,#4661,.F.);
#6782=ORIENTED_EDGE('',*,*,#4709,.F.);
#6783=ORIENTED_EDGE('',*,*,#4937,.T.);
#6784=ORIENTED_EDGE('',*,*,#4707,.T.);
#6785=ORIENTED_EDGE('',*,*,#4702,.F.);
#6786=ORIENTED_EDGE('',*,*,#4840,.F.);
#6787=ORIENTED_EDGE('',*,*,#4938,.F.);
#6788=ORIENTED_EDGE('',*,*,#4939,.T.);
#6789=ORIENTED_EDGE('',*,*,#4938,.T.);
#6790=ORIENTED_EDGE('',*,*,#4839,.F.);
#6791=ORIENTED_EDGE('',*,*,#4940,.F.);
#6792=ORIENTED_EDGE('',*,*,#4941,.T.);
#6793=ORIENTED_EDGE('',*,*,#4940,.T.);
#6794=ORIENTED_EDGE('',*,*,#4838,.F.);
#6795=ORIENTED_EDGE('',*,*,#4686,.F.);
#6796=ORIENTED_EDGE('',*,*,#4688,.F.);
#6797=ORIENTED_EDGE('',*,*,#4942,.T.);
#6798=ORIENTED_EDGE('',*,*,#4689,.T.);
#6799=ORIENTED_EDGE('',*,*,#4684,.F.);
#6800=ORIENTED_EDGE('',*,*,#4889,.F.);
#6801=ORIENTED_EDGE('',*,*,#4943,.F.);
#6802=ORIENTED_EDGE('',*,*,#4944,.T.);
#6803=ORIENTED_EDGE('',*,*,#4943,.T.);
#6804=ORIENTED_EDGE('',*,*,#4888,.F.);
#6805=ORIENTED_EDGE('',*,*,#4945,.F.);
#6806=ORIENTED_EDGE('',*,*,#4946,.T.);
#6807=ORIENTED_EDGE('',*,*,#4945,.T.);
#6808=ORIENTED_EDGE('',*,*,#4887,.F.);
#6809=ORIENTED_EDGE('',*,*,#4947,.F.);
#6810=ORIENTED_EDGE('',*,*,#4948,.T.);
#6811=ORIENTED_EDGE('',*,*,#4947,.T.);
#6812=ORIENTED_EDGE('',*,*,#4886,.F.);
#6813=ORIENTED_EDGE('',*,*,#4949,.F.);
#6814=ORIENTED_EDGE('',*,*,#4950,.T.);
#6815=ORIENTED_EDGE('',*,*,#4949,.T.);
#6816=ORIENTED_EDGE('',*,*,#4885,.F.);
#6817=ORIENTED_EDGE('',*,*,#4826,.F.);
#6818=ORIENTED_EDGE('',*,*,#4691,.F.);
#6819=ORIENTED_EDGE('',*,*,#4951,.T.);
#6820=ORIENTED_EDGE('',*,*,#4952,.T.);
#6821=ORIENTED_EDGE('',*,*,#4864,.F.);
#6822=ORIENTED_EDGE('',*,*,#4770,.F.);
#6823=ORIENTED_EDGE('',*,*,#4758,.F.);
#6824=ORIENTED_EDGE('',*,*,#4953,.T.);
#6825=ORIENTED_EDGE('',*,*,#4756,.T.);
#6826=ORIENTED_EDGE('',*,*,#4667,.F.);
#6827=ORIENTED_EDGE('',*,*,#4779,.F.);
#6828=ORIENTED_EDGE('',*,*,#4954,.T.);
#6829=ORIENTED_EDGE('',*,*,#4777,.T.);
#6830=ORIENTED_EDGE('',*,*,#4772,.F.);
#6831=ORIENTED_EDGE('',*,*,#4866,.F.);
#6832=ORIENTED_EDGE('',*,*,#4955,.F.);
#6833=ORIENTED_EDGE('',*,*,#4956,.T.);
#6834=ORIENTED_EDGE('',*,*,#4955,.T.);
#6835=ORIENTED_EDGE('',*,*,#4865,.F.);
#6836=ORIENTED_EDGE('',*,*,#4952,.F.);
#6837=ORIENTED_EDGE('',*,*,#4957,.T.);
#6838=ORIENTED_EDGE('',*,*,#4738,.T.);
#6839=ORIENTED_EDGE('',*,*,#4745,.F.);
#6840=ORIENTED_EDGE('',*,*,#4851,.F.);
#6841=ORIENTED_EDGE('',*,*,#4958,.F.);
#6842=ORIENTED_EDGE('',*,*,#4959,.T.);
#6843=ORIENTED_EDGE('',*,*,#4958,.T.);
#6844=ORIENTED_EDGE('',*,*,#4850,.F.);
#6845=ORIENTED_EDGE('',*,*,#4960,.F.);
#6846=ORIENTED_EDGE('',*,*,#4961,.T.);
#6847=ORIENTED_EDGE('',*,*,#4960,.T.);
#6848=ORIENTED_EDGE('',*,*,#4849,.F.);
#6849=ORIENTED_EDGE('',*,*,#4962,.F.);
#6850=ORIENTED_EDGE('',*,*,#4963,.T.);
#6851=ORIENTED_EDGE('',*,*,#4962,.T.);
#6852=ORIENTED_EDGE('',*,*,#4848,.F.);
#6853=ORIENTED_EDGE('',*,*,#4964,.F.);
#6854=ORIENTED_EDGE('',*,*,#4677,.T.);
#6855=ORIENTED_EDGE('',*,*,#4683,.T.);
#6856=ORIENTED_EDGE('',*,*,#4846,.F.);
#6857=ORIENTED_EDGE('',*,*,#4928,.F.);
#6858=ORIENTED_EDGE('',*,*,#4678,.T.);
#6859=ORIENTED_EDGE('',*,*,#4964,.T.);
#6860=ORIENTED_EDGE('',*,*,#4847,.F.);
#6861=ORIENTED_EDGE('',*,*,#4743,.F.);
#6862=ORIENTED_EDGE('',*,*,#4740,.F.);
#6863=ORIENTED_EDGE('',*,*,#4965,.T.);
#6864=ORIENTED_EDGE('',*,*,#4675,.T.);
#6865=ORIENTED_EDGE('',*,*,#4966,.T.);
#6866=ORIENTED_EDGE('',*,*,#4967,.T.);
#6867=ORIENTED_EDGE('',*,*,#4868,.F.);
#6868=ORIENTED_EDGE('',*,*,#4968,.F.);
#6869=ORIENTED_EDGE('',*,*,#4969,.T.);
#6870=ORIENTED_EDGE('',*,*,#4968,.T.);
#6871=ORIENTED_EDGE('',*,*,#4867,.F.);
#6872=ORIENTED_EDGE('',*,*,#4774,.F.);
#6873=ORIENTED_EDGE('',*,*,#4776,.F.);
#6874=ORIENTED_EDGE('',*,*,#4970,.T.);
#6875=ORIENTED_EDGE('',*,*,#4788,.T.);
#6876=ORIENTED_EDGE('',*,*,#4790,.F.);
#6877=ORIENTED_EDGE('',*,*,#4870,.F.);
#6878=ORIENTED_EDGE('',*,*,#4971,.F.);
#6879=ORIENTED_EDGE('',*,*,#4972,.T.);
#6880=ORIENTED_EDGE('',*,*,#4971,.T.);
#6881=ORIENTED_EDGE('',*,*,#4869,.F.);
#6882=ORIENTED_EDGE('',*,*,#4967,.F.);
#6883=ORIENTED_EDGE('',*,*,#4973,.T.);
#6884=ORIENTED_EDGE('',*,*,#4784,.T.);
#6885=ORIENTED_EDGE('',*,*,#4793,.F.);
#6886=ORIENTED_EDGE('',*,*,#4801,.F.);
#6887=ORIENTED_EDGE('',*,*,#4796,.F.);
#6888=ORIENTED_EDGE('',*,*,#4818,.F.);
#6889=ORIENTED_EDGE('',*,*,#4974,.T.);
#6890=ORIENTED_EDGE('',*,*,#4816,.T.);
#6891=ORIENTED_EDGE('',*,*,#4802,.F.);
#6892=ORIENTED_EDGE('',*,*,#4873,.F.);
#6893=ORIENTED_EDGE('',*,*,#4975,.F.);
#6894=ORIENTED_EDGE('',*,*,#4976,.T.);
#6895=ORIENTED_EDGE('',*,*,#4975,.T.);
#6896=ORIENTED_EDGE('',*,*,#4872,.F.);
#6897=ORIENTED_EDGE('',*,*,#4977,.F.);
#6898=ORIENTED_EDGE('',*,*,#4978,.T.);
#6899=ORIENTED_EDGE('',*,*,#4977,.T.);
#6900=ORIENTED_EDGE('',*,*,#4871,.F.);
#6901=ORIENTED_EDGE('',*,*,#4791,.F.);
#6902=ORIENTED_EDGE('',*,*,#4786,.F.);
#6903=ORIENTED_EDGE('',*,*,#4979,.T.);
#6904=ORIENTED_EDGE('',*,*,#4780,.T.);
#6905=ORIENTED_EDGE('',*,*,#4665,.F.);
#6906=ORIENTED_EDGE('',*,*,#4808,.F.);
#6907=ORIENTED_EDGE('',*,*,#4980,.T.);
#6908=ORIENTED_EDGE('',*,*,#4806,.T.);
#6909=ORIENTED_EDGE('',*,*,#4798,.F.);
#6910=ORIENTED_EDGE('',*,*,#4800,.F.);
#6911=ORIENTED_EDGE('',*,*,#4794,.F.);
#6912=ORIENTED_EDGE('',*,*,#4782,.F.);
#6913=ORIENTED_EDGE('',*,*,#4981,.T.);
#6914=ORIENTED_EDGE('',*,*,#4760,.T.);
#6915=ORIENTED_EDGE('',*,*,#4769,.F.);
#6916=ORIENTED_EDGE('',*,*,#4863,.F.);
#6917=ORIENTED_EDGE('',*,*,#4982,.F.);
#6918=ORIENTED_EDGE('',*,*,#4983,.T.);
#6919=ORIENTED_EDGE('',*,*,#4982,.T.);
#6920=ORIENTED_EDGE('',*,*,#4862,.F.);
#6921=ORIENTED_EDGE('',*,*,#4984,.F.);
#6922=ORIENTED_EDGE('',*,*,#4985,.T.);
#6923=ORIENTED_EDGE('',*,*,#4984,.T.);
#6924=ORIENTED_EDGE('',*,*,#4861,.F.);
#6925=ORIENTED_EDGE('',*,*,#4986,.F.);
#6926=ORIENTED_EDGE('',*,*,#4987,.T.);
#6927=ORIENTED_EDGE('',*,*,#4986,.T.);
#6928=ORIENTED_EDGE('',*,*,#4860,.F.);
#6929=ORIENTED_EDGE('',*,*,#4988,.F.);
#6930=ORIENTED_EDGE('',*,*,#4989,.T.);
#6931=ORIENTED_EDGE('',*,*,#4988,.T.);
#6932=ORIENTED_EDGE('',*,*,#4859,.F.);
#6933=ORIENTED_EDGE('',*,*,#4767,.F.);
#6934=ORIENTED_EDGE('',*,*,#4762,.F.);
#6935=ORIENTED_EDGE('',*,*,#4990,.T.);
#6936=ORIENTED_EDGE('',*,*,#4813,.T.);
#6937=ORIENTED_EDGE('',*,*,#4819,.F.);
#6938=ORIENTED_EDGE('',*,*,#4877,.F.);
#6939=ORIENTED_EDGE('',*,*,#4991,.F.);
#6940=ORIENTED_EDGE('',*,*,#4992,.T.);
#6941=ORIENTED_EDGE('',*,*,#4991,.T.);
#6942=ORIENTED_EDGE('',*,*,#4876,.F.);
#6943=ORIENTED_EDGE('',*,*,#4993,.F.);
#6944=ORIENTED_EDGE('',*,*,#4994,.T.);
#6945=ORIENTED_EDGE('',*,*,#4993,.T.);
#6946=ORIENTED_EDGE('',*,*,#4875,.F.);
#6947=ORIENTED_EDGE('',*,*,#4995,.F.);
#6948=ORIENTED_EDGE('',*,*,#4996,.T.);
#6949=ORIENTED_EDGE('',*,*,#4995,.T.);
#6950=ORIENTED_EDGE('',*,*,#4874,.F.);
#6951=ORIENTED_EDGE('',*,*,#4804,.F.);
#6952=ORIENTED_EDGE('',*,*,#4815,.F.);
#6953=ORIENTED_EDGE('',*,*,#4997,.T.);
#6954=ORIENTED_EDGE('',*,*,#4998,.T.);
#6955=ORIENTED_EDGE('',*,*,#4882,.F.);
#6956=ORIENTED_EDGE('',*,*,#4999,.F.);
#6957=ORIENTED_EDGE('',*,*,#5000,.T.);
#6958=ORIENTED_EDGE('',*,*,#4999,.T.);
#6959=ORIENTED_EDGE('',*,*,#4881,.F.);
#6960=ORIENTED_EDGE('',*,*,#4823,.F.);
#6961=ORIENTED_EDGE('',*,*,#4695,.F.);
#6962=ORIENTED_EDGE('',*,*,#5001,.T.);
#6963=ORIENTED_EDGE('',*,*,#4693,.T.);
#6964=ORIENTED_EDGE('',*,*,#4825,.F.);
#6965=ORIENTED_EDGE('',*,*,#4884,.F.);
#6966=ORIENTED_EDGE('',*,*,#5002,.F.);
#6967=ORIENTED_EDGE('',*,*,#5003,.T.);
#6968=ORIENTED_EDGE('',*,*,#5002,.T.);
#6969=ORIENTED_EDGE('',*,*,#4883,.F.);
#6970=ORIENTED_EDGE('',*,*,#4998,.F.);
#6971=ORIENTED_EDGE('',*,*,#5004,.T.);
#6972=ORIENTED_EDGE('',*,*,#4734,.T.);
#6973=ORIENTED_EDGE('',*,*,#4669,.F.);
#6974=ORIENTED_EDGE('',*,*,#4755,.F.);
#6975=ORIENTED_EDGE('',*,*,#5005,.T.);
#6976=ORIENTED_EDGE('',*,*,#4753,.T.);
#6977=ORIENTED_EDGE('',*,*,#4748,.F.);
#6978=ORIENTED_EDGE('',*,*,#4854,.F.);
#6979=ORIENTED_EDGE('',*,*,#5006,.F.);
#6980=ORIENTED_EDGE('',*,*,#5007,.T.);
#6981=ORIENTED_EDGE('',*,*,#5006,.T.);
#6982=ORIENTED_EDGE('',*,*,#4853,.F.);
#6983=ORIENTED_EDGE('',*,*,#5008,.F.);
#6984=ORIENTED_EDGE('',*,*,#5009,.T.);
#6985=ORIENTED_EDGE('',*,*,#5008,.T.);
#6986=ORIENTED_EDGE('',*,*,#4852,.F.);
#6987=ORIENTED_EDGE('',*,*,#4746,.F.);
#6988=ORIENTED_EDGE('',*,*,#4736,.F.);
#6989=ORIENTED_EDGE('',*,*,#5010,.T.);
#6990=ORIENTED_EDGE('',*,*,#5011,.T.);
#6991=ORIENTED_EDGE('',*,*,#4842,.F.);
#6992=ORIENTED_EDGE('',*,*,#5012,.F.);
#6993=ORIENTED_EDGE('',*,*,#5013,.T.);
#6994=ORIENTED_EDGE('',*,*,#5012,.T.);
#6995=ORIENTED_EDGE('',*,*,#4841,.F.);
#6996=ORIENTED_EDGE('',*,*,#4704,.F.);
#6997=ORIENTED_EDGE('',*,*,#4706,.F.);
#6998=ORIENTED_EDGE('',*,*,#5014,.T.);
#6999=ORIENTED_EDGE('',*,*,#4718,.T.);
#7000=ORIENTED_EDGE('',*,*,#4720,.F.);
#7001=ORIENTED_EDGE('',*,*,#4844,.F.);
#7002=ORIENTED_EDGE('',*,*,#5015,.F.);
#7003=ORIENTED_EDGE('',*,*,#5016,.T.);
#7004=ORIENTED_EDGE('',*,*,#5015,.T.);
#7005=ORIENTED_EDGE('',*,*,#4843,.F.);
#7006=ORIENTED_EDGE('',*,*,#5011,.F.);
#7007=ORIENTED_EDGE('',*,*,#4617,.F.);
#7008=ORIENTED_EDGE('',*,*,#5017,.F.);
#7009=ORIENTED_EDGE('',*,*,#5018,.T.);
#7010=ORIENTED_EDGE('',*,*,#4658,.T.);
#7011=ORIENTED_EDGE('',*,*,#4620,.F.);
#7012=ORIENTED_EDGE('',*,*,#5019,.F.);
#7013=ORIENTED_EDGE('',*,*,#5020,.T.);
#7014=ORIENTED_EDGE('',*,*,#5017,.T.);
#7015=ORIENTED_EDGE('',*,*,#4623,.F.);
#7016=ORIENTED_EDGE('',*,*,#5021,.F.);
#7017=ORIENTED_EDGE('',*,*,#5022,.T.);
#7018=ORIENTED_EDGE('',*,*,#5019,.T.);
#7019=ORIENTED_EDGE('',*,*,#4626,.F.);
#7020=ORIENTED_EDGE('',*,*,#5023,.F.);
#7021=ORIENTED_EDGE('',*,*,#5024,.T.);
#7022=ORIENTED_EDGE('',*,*,#5021,.T.);
#7023=ORIENTED_EDGE('',*,*,#4629,.F.);
#7024=ORIENTED_EDGE('',*,*,#5025,.F.);
#7025=ORIENTED_EDGE('',*,*,#5026,.T.);
#7026=ORIENTED_EDGE('',*,*,#5023,.T.);
#7027=ORIENTED_EDGE('',*,*,#4632,.F.);
#7028=ORIENTED_EDGE('',*,*,#4649,.F.);
#7029=ORIENTED_EDGE('',*,*,#5027,.T.);
#7030=ORIENTED_EDGE('',*,*,#5025,.T.);
#7031=ORIENTED_EDGE('',*,*,#4648,.F.);
#7032=ORIENTED_EDGE('',*,*,#4651,.F.);
#7033=ORIENTED_EDGE('',*,*,#4653,.F.);
#7034=ORIENTED_EDGE('',*,*,#4655,.F.);
#7035=ORIENTED_EDGE('',*,*,#4657,.F.);
#7036=ORIENTED_EDGE('',*,*,#4659,.F.);
#7037=ORIENTED_EDGE('',*,*,#5018,.F.);
#7038=ORIENTED_EDGE('',*,*,#5020,.F.);
#7039=ORIENTED_EDGE('',*,*,#5022,.F.);
#7040=ORIENTED_EDGE('',*,*,#5024,.F.);
#7041=ORIENTED_EDGE('',*,*,#5026,.F.);
#7042=ORIENTED_EDGE('',*,*,#5027,.F.);
#7043=ORIENTED_EDGE('',*,*,#4899,.F.);
#7044=ORIENTED_EDGE('',*,*,#4894,.F.);
#7045=ORIENTED_EDGE('',*,*,#4810,.F.);
#7046=ORIENTED_EDGE('',*,*,#4896,.F.);
#7047=ORIENTED_EDGE('',*,*,#4698,.F.);
#7048=ORIENTED_EDGE('',*,*,#4897,.F.);
#7049=ORIENTED_EDGE('',*,*,#4905,.F.);
#7050=ORIENTED_EDGE('',*,*,#4900,.F.);
#7051=ORIENTED_EDGE('',*,*,#4711,.F.);
#7052=ORIENTED_EDGE('',*,*,#4902,.F.);
#7053=ORIENTED_EDGE('',*,*,#4732,.F.);
#7054=ORIENTED_EDGE('',*,*,#4903,.F.);
#7055=ORIENTED_EDGE('',*,*,#4913,.F.);
#7056=ORIENTED_EDGE('',*,*,#4906,.F.);
#7057=ORIENTED_EDGE('',*,*,#4909,.F.);
#7058=ORIENTED_EDGE('',*,*,#4911,.F.);
#7059=ORIENTED_EDGE('',*,*,#4920,.F.);
#7060=ORIENTED_EDGE('',*,*,#4914,.F.);
#7061=ORIENTED_EDGE('',*,*,#4917,.F.);
#7062=ORIENTED_EDGE('',*,*,#4765,.F.);
#7063=ORIENTED_EDGE('',*,*,#4918,.F.);
#7064=ORIENTED_EDGE('',*,*,#4963,.F.);
#7065=ORIENTED_EDGE('',*,*,#4927,.F.);
#7066=ORIENTED_EDGE('',*,*,#4715,.F.);
#7067=ORIENTED_EDGE('',*,*,#4929,.F.);
#7068=ORIENTED_EDGE('',*,*,#4931,.F.);
#7069=ORIENTED_EDGE('',*,*,#4933,.F.);
#7070=ORIENTED_EDGE('',*,*,#4935,.F.);
#7071=ORIENTED_EDGE('',*,*,#4921,.F.);
#7072=ORIENTED_EDGE('',*,*,#4924,.F.);
#7073=ORIENTED_EDGE('',*,*,#4926,.F.);
#7074=ORIENTED_EDGE('',*,*,#4742,.F.);
#7075=ORIENTED_EDGE('',*,*,#4679,.F.);
#7076=ORIENTED_EDGE('',*,*,#4672,.T.);
#7077=ORIENTED_EDGE('',*,*,#4965,.F.);
#7078=ORIENTED_EDGE('',*,*,#4739,.F.);
#7079=ORIENTED_EDGE('',*,*,#4957,.F.);
#7080=ORIENTED_EDGE('',*,*,#4959,.F.);
#7081=ORIENTED_EDGE('',*,*,#4961,.F.);
#7082=ORIENTED_EDGE('',*,*,#4701,.F.);
#7083=ORIENTED_EDGE('',*,*,#4936,.F.);
#7084=ORIENTED_EDGE('',*,*,#4708,.F.);
#7085=ORIENTED_EDGE('',*,*,#4937,.F.);
#7086=ORIENTED_EDGE('',*,*,#4939,.F.);
#7087=ORIENTED_EDGE('',*,*,#4941,.F.);
#7088=ORIENTED_EDGE('',*,*,#4950,.F.);
#7089=ORIENTED_EDGE('',*,*,#4690,.F.);
#7090=ORIENTED_EDGE('',*,*,#4942,.F.);
#7091=ORIENTED_EDGE('',*,*,#4944,.F.);
#7092=ORIENTED_EDGE('',*,*,#4946,.F.);
#7093=ORIENTED_EDGE('',*,*,#4948,.F.);
#7094=ORIENTED_EDGE('',*,*,#4956,.F.);
#7095=ORIENTED_EDGE('',*,*,#4951,.F.);
#7096=ORIENTED_EDGE('',*,*,#4757,.F.);
#7097=ORIENTED_EDGE('',*,*,#4953,.F.);
#7098=ORIENTED_EDGE('',*,*,#4778,.F.);
#7099=ORIENTED_EDGE('',*,*,#4954,.F.);
#7100=ORIENTED_EDGE('',*,*,#4972,.F.);
#7101=ORIENTED_EDGE('',*,*,#4966,.F.);
#7102=ORIENTED_EDGE('',*,*,#4969,.F.);
#7103=ORIENTED_EDGE('',*,*,#4789,.F.);
#7104=ORIENTED_EDGE('',*,*,#4970,.F.);
#7105=ORIENTED_EDGE('',*,*,#4978,.F.);
#7106=ORIENTED_EDGE('',*,*,#4785,.F.);
#7107=ORIENTED_EDGE('',*,*,#4973,.F.);
#7108=ORIENTED_EDGE('',*,*,#4817,.F.);
#7109=ORIENTED_EDGE('',*,*,#4974,.F.);
#7110=ORIENTED_EDGE('',*,*,#4976,.F.);
#7111=ORIENTED_EDGE('',*,*,#4980,.F.);
#7112=ORIENTED_EDGE('',*,*,#4781,.F.);
#7113=ORIENTED_EDGE('',*,*,#4979,.F.);
#7114=ORIENTED_EDGE('',*,*,#4807,.F.);
#7115=ORIENTED_EDGE('',*,*,#4989,.F.);
#7116=ORIENTED_EDGE('',*,*,#4761,.F.);
#7117=ORIENTED_EDGE('',*,*,#4981,.F.);
#7118=ORIENTED_EDGE('',*,*,#4983,.F.);
#7119=ORIENTED_EDGE('',*,*,#4985,.F.);
#7120=ORIENTED_EDGE('',*,*,#4987,.F.);
#7121=ORIENTED_EDGE('',*,*,#4996,.F.);
#7122=ORIENTED_EDGE('',*,*,#4814,.F.);
#7123=ORIENTED_EDGE('',*,*,#4990,.F.);
#7124=ORIENTED_EDGE('',*,*,#4992,.F.);
#7125=ORIENTED_EDGE('',*,*,#4994,.F.);
#7126=ORIENTED_EDGE('',*,*,#5003,.F.);
#7127=ORIENTED_EDGE('',*,*,#4997,.F.);
#7128=ORIENTED_EDGE('',*,*,#5000,.F.);
#7129=ORIENTED_EDGE('',*,*,#4694,.F.);
#7130=ORIENTED_EDGE('',*,*,#5001,.F.);
#7131=ORIENTED_EDGE('',*,*,#4735,.F.);
#7132=ORIENTED_EDGE('',*,*,#5004,.F.);
#7133=ORIENTED_EDGE('',*,*,#4754,.F.);
#7134=ORIENTED_EDGE('',*,*,#5005,.F.);
#7135=ORIENTED_EDGE('',*,*,#5007,.F.);
#7136=ORIENTED_EDGE('',*,*,#5009,.F.);
#7137=ORIENTED_EDGE('',*,*,#5016,.F.);
#7138=ORIENTED_EDGE('',*,*,#5010,.F.);
#7139=ORIENTED_EDGE('',*,*,#5013,.F.);
#7140=ORIENTED_EDGE('',*,*,#4719,.F.);
#7141=ORIENTED_EDGE('',*,*,#5014,.F.);
#7142=ORIENTED_EDGE('',*,*,#5028,.F.);
#7143=ORIENTED_EDGE('',*,*,#5029,.F.);
#7144=ORIENTED_EDGE('',*,*,#5030,.F.);
#7145=ORIENTED_EDGE('',*,*,#5031,.F.);
#7146=ORIENTED_EDGE('',*,*,#5032,.F.);
#7147=ORIENTED_EDGE('',*,*,#5033,.F.);
#7148=ORIENTED_EDGE('',*,*,#5034,.F.);
#7149=ORIENTED_EDGE('',*,*,#5035,.F.);
#7150=ORIENTED_EDGE('',*,*,#5036,.F.);
#7151=ORIENTED_EDGE('',*,*,#5037,.F.);
#7152=ORIENTED_EDGE('',*,*,#5030,.T.);
#7153=ORIENTED_EDGE('',*,*,#5028,.T.);
#7154=ORIENTED_EDGE('',*,*,#5038,.T.);
#7155=ORIENTED_EDGE('',*,*,#5039,.T.);
#7156=ORIENTED_EDGE('',*,*,#5040,.F.);
#7157=ORIENTED_EDGE('',*,*,#5036,.T.);
#7158=ORIENTED_EDGE('',*,*,#5041,.F.);
#7159=ORIENTED_EDGE('',*,*,#5042,.F.);
#7160=ORIENTED_EDGE('',*,*,#5043,.T.);
#7161=ORIENTED_EDGE('',*,*,#5038,.F.);
#7162=ORIENTED_EDGE('',*,*,#5032,.T.);
#7163=ORIENTED_EDGE('',*,*,#5044,.F.);
#7164=ORIENTED_EDGE('',*,*,#5045,.F.);
#7165=ORIENTED_EDGE('',*,*,#5046,.T.);
#7166=ORIENTED_EDGE('',*,*,#5047,.T.);
#7167=ORIENTED_EDGE('',*,*,#5046,.F.);
#7168=ORIENTED_EDGE('',*,*,#5048,.F.);
#7169=ORIENTED_EDGE('',*,*,#5049,.F.);
#7170=ORIENTED_EDGE('',*,*,#5050,.F.);
#7171=ORIENTED_EDGE('',*,*,#5039,.F.);
#7172=ORIENTED_EDGE('',*,*,#5043,.F.);
#7173=ORIENTED_EDGE('',*,*,#5051,.F.);
#7174=ORIENTED_EDGE('',*,*,#5052,.F.);
#7175=ORIENTED_EDGE('',*,*,#5053,.F.);
#7176=ORIENTED_EDGE('',*,*,#5054,.F.);
#7177=ORIENTED_EDGE('',*,*,#5049,.T.);
#7178=ORIENTED_EDGE('',*,*,#5033,.T.);
#7179=ORIENTED_EDGE('',*,*,#5047,.F.);
#7180=ORIENTED_EDGE('',*,*,#5053,.T.);
#7181=ORIENTED_EDGE('',*,*,#5055,.F.);
#7182=ORIENTED_EDGE('',*,*,#5056,.F.);
#7183=ORIENTED_EDGE('',*,*,#5057,.F.);
#7184=ORIENTED_EDGE('',*,*,#5058,.F.);
#7185=ORIENTED_EDGE('',*,*,#5059,.F.);
#7186=ORIENTED_EDGE('',*,*,#5060,.F.);
#7187=ORIENTED_EDGE('',*,*,#5061,.F.);
#7188=ORIENTED_EDGE('',*,*,#5062,.T.);
#7189=ORIENTED_EDGE('',*,*,#5063,.F.);
#7190=ORIENTED_EDGE('',*,*,#5062,.F.);
#7191=ORIENTED_EDGE('',*,*,#5064,.T.);
#7192=ORIENTED_EDGE('',*,*,#5065,.F.);
#7193=ORIENTED_EDGE('',*,*,#5066,.T.);
#7194=ORIENTED_EDGE('',*,*,#5067,.F.);
#7195=ORIENTED_EDGE('',*,*,#5068,.T.);
#7196=ORIENTED_EDGE('',*,*,#5069,.T.);
#7197=ORIENTED_EDGE('',*,*,#5070,.T.);
#7198=ORIENTED_EDGE('',*,*,#5071,.T.);
#7199=ORIENTED_EDGE('',*,*,#5072,.T.);
#7200=ORIENTED_EDGE('',*,*,#5073,.F.);
#7201=ORIENTED_EDGE('',*,*,#5074,.T.);
#7202=ORIENTED_EDGE('',*,*,#5075,.F.);
#7203=ORIENTED_EDGE('',*,*,#5076,.T.);
#7204=ORIENTED_EDGE('',*,*,#5077,.T.);
#7205=ORIENTED_EDGE('',*,*,#5078,.T.);
#7206=ORIENTED_EDGE('',*,*,#5079,.T.);
#7207=ORIENTED_EDGE('',*,*,#5080,.T.);
#7208=ORIENTED_EDGE('',*,*,#5081,.T.);
#7209=ORIENTED_EDGE('',*,*,#5082,.T.);
#7210=ORIENTED_EDGE('',*,*,#5083,.T.);
#7211=ORIENTED_EDGE('',*,*,#5084,.T.);
#7212=ORIENTED_EDGE('',*,*,#5085,.T.);
#7213=ORIENTED_EDGE('',*,*,#5086,.T.);
#7214=ORIENTED_EDGE('',*,*,#5087,.F.);
#7215=ORIENTED_EDGE('',*,*,#5088,.T.);
#7216=ORIENTED_EDGE('',*,*,#5089,.F.);
#7217=ORIENTED_EDGE('',*,*,#5090,.T.);
#7218=ORIENTED_EDGE('',*,*,#5091,.T.);
#7219=ORIENTED_EDGE('',*,*,#5092,.T.);
#7220=ORIENTED_EDGE('',*,*,#5093,.T.);
#7221=ORIENTED_EDGE('',*,*,#5094,.T.);
#7222=ORIENTED_EDGE('',*,*,#5095,.T.);
#7223=ORIENTED_EDGE('',*,*,#5096,.F.);
#7224=ORIENTED_EDGE('',*,*,#5097,.F.);
#7225=ORIENTED_EDGE('',*,*,#5098,.F.);
#7226=ORIENTED_EDGE('',*,*,#5099,.F.);
#7227=ORIENTED_EDGE('',*,*,#5100,.F.);
#7228=ORIENTED_EDGE('',*,*,#5101,.F.);
#7229=ORIENTED_EDGE('',*,*,#5102,.F.);
#7230=ORIENTED_EDGE('',*,*,#5103,.F.);
#7231=ORIENTED_EDGE('',*,*,#5104,.F.);
#7232=ORIENTED_EDGE('',*,*,#5105,.F.);
#7233=ORIENTED_EDGE('',*,*,#5106,.F.);
#7234=ORIENTED_EDGE('',*,*,#5107,.F.);
#7235=ORIENTED_EDGE('',*,*,#5108,.F.);
#7236=ORIENTED_EDGE('',*,*,#5109,.F.);
#7237=ORIENTED_EDGE('',*,*,#5110,.F.);
#7238=ORIENTED_EDGE('',*,*,#5111,.F.);
#7239=ORIENTED_EDGE('',*,*,#5112,.F.);
#7240=ORIENTED_EDGE('',*,*,#5113,.F.);
#7241=ORIENTED_EDGE('',*,*,#5063,.T.);
#7242=ORIENTED_EDGE('',*,*,#5042,.T.);
#7243=ORIENTED_EDGE('',*,*,#5059,.T.);
#7244=ORIENTED_EDGE('',*,*,#5051,.T.);
#7245=ORIENTED_EDGE('',*,*,#5035,.T.);
#7246=ORIENTED_EDGE('',*,*,#5060,.T.);
#7247=ORIENTED_EDGE('',*,*,#5041,.T.);
#7248=ORIENTED_EDGE('',*,*,#5034,.T.);
#7249=ORIENTED_EDGE('',*,*,#5056,.T.);
#7250=ORIENTED_EDGE('',*,*,#5057,.T.);
#7251=ORIENTED_EDGE('',*,*,#5061,.T.);
#7252=ORIENTED_EDGE('',*,*,#5055,.T.);
#7253=ORIENTED_EDGE('',*,*,#5052,.T.);
#7254=ORIENTED_EDGE('',*,*,#5058,.T.);
#7255=ORIENTED_EDGE('',*,*,#5114,.T.);
#7256=ORIENTED_EDGE('',*,*,#5115,.F.);
#7257=ORIENTED_EDGE('',*,*,#5116,.F.);
#7258=ORIENTED_EDGE('',*,*,#5102,.T.);
#7259=ORIENTED_EDGE('',*,*,#5117,.T.);
#7260=ORIENTED_EDGE('',*,*,#5118,.F.);
#7261=ORIENTED_EDGE('',*,*,#5114,.F.);
#7262=ORIENTED_EDGE('',*,*,#5101,.T.);
#7263=ORIENTED_EDGE('',*,*,#5119,.T.);
#7264=ORIENTED_EDGE('',*,*,#5120,.F.);
#7265=ORIENTED_EDGE('',*,*,#5117,.F.);
#7266=ORIENTED_EDGE('',*,*,#5100,.T.);
#7267=ORIENTED_EDGE('',*,*,#5121,.F.);
#7268=ORIENTED_EDGE('',*,*,#5122,.F.);
#7269=ORIENTED_EDGE('',*,*,#5123,.T.);
#7270=ORIENTED_EDGE('',*,*,#5124,.F.);
#7271=ORIENTED_EDGE('',*,*,#5125,.F.);
#7272=ORIENTED_EDGE('',*,*,#5126,.F.);
#7273=ORIENTED_EDGE('',*,*,#5127,.F.);
#7274=ORIENTED_EDGE('',*,*,#5128,.F.);
#7275=ORIENTED_EDGE('',*,*,#5129,.F.);
#7276=ORIENTED_EDGE('',*,*,#5130,.F.);
#7277=ORIENTED_EDGE('',*,*,#5131,.F.);
#7278=ORIENTED_EDGE('',*,*,#5132,.F.);
#7279=ORIENTED_EDGE('',*,*,#5133,.F.);
#7280=ORIENTED_EDGE('',*,*,#5134,.F.);
#7281=ORIENTED_EDGE('',*,*,#5127,.T.);
#7282=ORIENTED_EDGE('',*,*,#5125,.T.);
#7283=ORIENTED_EDGE('',*,*,#5135,.T.);
#7284=ORIENTED_EDGE('',*,*,#5136,.T.);
#7285=ORIENTED_EDGE('',*,*,#5137,.F.);
#7286=ORIENTED_EDGE('',*,*,#5138,.F.);
#7287=ORIENTED_EDGE('',*,*,#5133,.T.);
#7288=ORIENTED_EDGE('',*,*,#5139,.F.);
#7289=ORIENTED_EDGE('',*,*,#5140,.F.);
#7290=ORIENTED_EDGE('',*,*,#5141,.T.);
#7291=ORIENTED_EDGE('',*,*,#5135,.F.);
#7292=ORIENTED_EDGE('',*,*,#5129,.T.);
#7293=ORIENTED_EDGE('',*,*,#5142,.F.);
#7294=ORIENTED_EDGE('',*,*,#5143,.T.);
#7295=ORIENTED_EDGE('',*,*,#5144,.T.);
#7296=ORIENTED_EDGE('',*,*,#5143,.F.);
#7297=ORIENTED_EDGE('',*,*,#5145,.F.);
#7298=ORIENTED_EDGE('',*,*,#5146,.F.);
#7299=ORIENTED_EDGE('',*,*,#5147,.F.);
#7300=ORIENTED_EDGE('',*,*,#5136,.F.);
#7301=ORIENTED_EDGE('',*,*,#5141,.F.);
#7302=ORIENTED_EDGE('',*,*,#5148,.F.);
#7303=ORIENTED_EDGE('',*,*,#5149,.F.);
#7304=ORIENTED_EDGE('',*,*,#5150,.F.);
#7305=ORIENTED_EDGE('',*,*,#5151,.F.);
#7306=ORIENTED_EDGE('',*,*,#5146,.T.);
#7307=ORIENTED_EDGE('',*,*,#5130,.T.);
#7308=ORIENTED_EDGE('',*,*,#5144,.F.);
#7309=ORIENTED_EDGE('',*,*,#5150,.T.);
#7310=ORIENTED_EDGE('',*,*,#5152,.F.);
#7311=ORIENTED_EDGE('',*,*,#5153,.F.);
#7312=ORIENTED_EDGE('',*,*,#5154,.F.);
#7313=ORIENTED_EDGE('',*,*,#5155,.F.);
#7314=ORIENTED_EDGE('',*,*,#5156,.F.);
#7315=ORIENTED_EDGE('',*,*,#5157,.F.);
#7316=ORIENTED_EDGE('',*,*,#5158,.T.);
#7317=ORIENTED_EDGE('',*,*,#5094,.F.);
#7318=ORIENTED_EDGE('',*,*,#5158,.F.);
#7319=ORIENTED_EDGE('',*,*,#5159,.F.);
#7320=ORIENTED_EDGE('',*,*,#5140,.T.);
#7321=ORIENTED_EDGE('',*,*,#5156,.T.);
#7322=ORIENTED_EDGE('',*,*,#5148,.T.);
#7323=ORIENTED_EDGE('',*,*,#5132,.T.);
#7324=ORIENTED_EDGE('',*,*,#5159,.T.);
#7325=ORIENTED_EDGE('',*,*,#5157,.T.);
#7326=ORIENTED_EDGE('',*,*,#5139,.T.);
#7327=ORIENTED_EDGE('',*,*,#5131,.T.);
#7328=ORIENTED_EDGE('',*,*,#5153,.T.);
#7329=ORIENTED_EDGE('',*,*,#5154,.T.);
#7330=ORIENTED_EDGE('',*,*,#5152,.T.);
#7331=ORIENTED_EDGE('',*,*,#5149,.T.);
#7332=ORIENTED_EDGE('',*,*,#5155,.T.);
#7333=ORIENTED_EDGE('',*,*,#5160,.T.);
#7334=ORIENTED_EDGE('',*,*,#5161,.F.);
#7335=ORIENTED_EDGE('',*,*,#5162,.F.);
#7336=ORIENTED_EDGE('',*,*,#5108,.T.);
#7337=ORIENTED_EDGE('',*,*,#5163,.T.);
#7338=ORIENTED_EDGE('',*,*,#5164,.F.);
#7339=ORIENTED_EDGE('',*,*,#5160,.F.);
#7340=ORIENTED_EDGE('',*,*,#5107,.T.);
#7341=ORIENTED_EDGE('',*,*,#5165,.T.);
#7342=ORIENTED_EDGE('',*,*,#5166,.F.);
#7343=ORIENTED_EDGE('',*,*,#5163,.F.);
#7344=ORIENTED_EDGE('',*,*,#5106,.T.);
#7345=ORIENTED_EDGE('',*,*,#5167,.F.);
#7346=ORIENTED_EDGE('',*,*,#5168,.F.);
#7347=ORIENTED_EDGE('',*,*,#5169,.T.);
#7348=ORIENTED_EDGE('',*,*,#5170,.F.);
#7349=ORIENTED_EDGE('',*,*,#5171,.F.);
#7350=ORIENTED_EDGE('',*,*,#5172,.F.);
#7351=ORIENTED_EDGE('',*,*,#5173,.F.);
#7352=ORIENTED_EDGE('',*,*,#5174,.F.);
#7353=ORIENTED_EDGE('',*,*,#5175,.F.);
#7354=ORIENTED_EDGE('',*,*,#5176,.F.);
#7355=ORIENTED_EDGE('',*,*,#5177,.F.);
#7356=ORIENTED_EDGE('',*,*,#5178,.F.);
#7357=ORIENTED_EDGE('',*,*,#5179,.F.);
#7358=ORIENTED_EDGE('',*,*,#5180,.F.);
#7359=ORIENTED_EDGE('',*,*,#5173,.T.);
#7360=ORIENTED_EDGE('',*,*,#5171,.T.);
#7361=ORIENTED_EDGE('',*,*,#5181,.T.);
#7362=ORIENTED_EDGE('',*,*,#5182,.T.);
#7363=ORIENTED_EDGE('',*,*,#5183,.F.);
#7364=ORIENTED_EDGE('',*,*,#5179,.T.);
#7365=ORIENTED_EDGE('',*,*,#5184,.F.);
#7366=ORIENTED_EDGE('',*,*,#5185,.F.);
#7367=ORIENTED_EDGE('',*,*,#5186,.T.);
#7368=ORIENTED_EDGE('',*,*,#5181,.F.);
#7369=ORIENTED_EDGE('',*,*,#5177,.T.);
#7370=ORIENTED_EDGE('',*,*,#5187,.T.);
#7371=ORIENTED_EDGE('',*,*,#5188,.T.);
#7372=ORIENTED_EDGE('',*,*,#5178,.T.);
#7373=ORIENTED_EDGE('',*,*,#5189,.T.);
#7374=ORIENTED_EDGE('',*,*,#5184,.T.);
#7375=ORIENTED_EDGE('',*,*,#5175,.T.);
#7376=ORIENTED_EDGE('',*,*,#5190,.F.);
#7377=ORIENTED_EDGE('',*,*,#5191,.T.);
#7378=ORIENTED_EDGE('',*,*,#5192,.T.);
#7379=ORIENTED_EDGE('',*,*,#5191,.F.);
#7380=ORIENTED_EDGE('',*,*,#5193,.F.);
#7381=ORIENTED_EDGE('',*,*,#5194,.F.);
#7382=ORIENTED_EDGE('',*,*,#5195,.F.);
#7383=ORIENTED_EDGE('',*,*,#5182,.F.);
#7384=ORIENTED_EDGE('',*,*,#5186,.F.);
#7385=ORIENTED_EDGE('',*,*,#5196,.F.);
#7386=ORIENTED_EDGE('',*,*,#5197,.F.);
#7387=ORIENTED_EDGE('',*,*,#5198,.F.);
#7388=ORIENTED_EDGE('',*,*,#5199,.F.);
#7389=ORIENTED_EDGE('',*,*,#5194,.T.);
#7390=ORIENTED_EDGE('',*,*,#5200,.F.);
#7391=ORIENTED_EDGE('',*,*,#5176,.T.);
#7392=ORIENTED_EDGE('',*,*,#5192,.F.);
#7393=ORIENTED_EDGE('',*,*,#5198,.T.);
#7394=ORIENTED_EDGE('',*,*,#5201,.F.);
#7395=ORIENTED_EDGE('',*,*,#5187,.F.);
#7396=ORIENTED_EDGE('',*,*,#5196,.T.);
#7397=ORIENTED_EDGE('',*,*,#5185,.T.);
#7398=ORIENTED_EDGE('',*,*,#5202,.T.);
#7399=ORIENTED_EDGE('',*,*,#5197,.T.);
#7400=ORIENTED_EDGE('',*,*,#5203,.T.);
#7401=ORIENTED_EDGE('',*,*,#5201,.T.);
#7402=ORIENTED_EDGE('',*,*,#5204,.F.);
#7403=ORIENTED_EDGE('',*,*,#5205,.T.);
#7404=ORIENTED_EDGE('',*,*,#5200,.T.);
#7405=ORIENTED_EDGE('',*,*,#5193,.T.);
#7406=ORIENTED_EDGE('',*,*,#5190,.T.);
#7407=ORIENTED_EDGE('',*,*,#5174,.T.);
#7408=ORIENTED_EDGE('',*,*,#5180,.T.);
#7409=ORIENTED_EDGE('',*,*,#5172,.T.);
#7410=ORIENTED_EDGE('',*,*,#5183,.T.);
#7411=ORIENTED_EDGE('',*,*,#5195,.T.);
#7412=ORIENTED_EDGE('',*,*,#5199,.T.);
#7413=ORIENTED_EDGE('',*,*,#5205,.F.);
#7414=ORIENTED_EDGE('',*,*,#5206,.F.);
#7415=ORIENTED_EDGE('',*,*,#5207,.T.);
#7416=ORIENTED_EDGE('',*,*,#5044,.T.);
#7417=ORIENTED_EDGE('',*,*,#5031,.T.);
#7418=ORIENTED_EDGE('',*,*,#5037,.T.);
#7419=ORIENTED_EDGE('',*,*,#5029,.T.);
#7420=ORIENTED_EDGE('',*,*,#5040,.T.);
#7421=ORIENTED_EDGE('',*,*,#5050,.T.);
#7422=ORIENTED_EDGE('',*,*,#5054,.T.);
#7423=ORIENTED_EDGE('',*,*,#5048,.T.);
#7424=ORIENTED_EDGE('',*,*,#5045,.T.);
#7425=ORIENTED_EDGE('',*,*,#5207,.F.);
#7426=ORIENTED_EDGE('',*,*,#5188,.F.);
#7427=ORIENTED_EDGE('',*,*,#5203,.F.);
#7428=ORIENTED_EDGE('',*,*,#5208,.T.);
#7429=ORIENTED_EDGE('',*,*,#5095,.F.);
#7430=ORIENTED_EDGE('',*,*,#5208,.F.);
#7431=ORIENTED_EDGE('',*,*,#5202,.F.);
#7432=ORIENTED_EDGE('',*,*,#5189,.F.);
#7433=ORIENTED_EDGE('',*,*,#5209,.F.);
#7434=ORIENTED_EDGE('',*,*,#5210,.T.);
#7435=ORIENTED_EDGE('',*,*,#5137,.T.);
#7436=ORIENTED_EDGE('',*,*,#5147,.T.);
#7437=ORIENTED_EDGE('',*,*,#5151,.T.);
#7438=ORIENTED_EDGE('',*,*,#5145,.T.);
#7439=ORIENTED_EDGE('',*,*,#5142,.T.);
#7440=ORIENTED_EDGE('',*,*,#5128,.T.);
#7441=ORIENTED_EDGE('',*,*,#5134,.T.);
#7442=ORIENTED_EDGE('',*,*,#5126,.T.);
#7443=ORIENTED_EDGE('',*,*,#5138,.T.);
#7444=ORIENTED_EDGE('',*,*,#5210,.F.);
#7445=ORIENTED_EDGE('',*,*,#5211,.T.);
#7446=ORIENTED_EDGE('',*,*,#5212,.T.);
#7447=ORIENTED_EDGE('',*,*,#5213,.T.);
#7448=ORIENTED_EDGE('',*,*,#5214,.F.);
#7449=ORIENTED_EDGE('',*,*,#5215,.T.);
#7450=ORIENTED_EDGE('',*,*,#5216,.T.);
#7451=ORIENTED_EDGE('',*,*,#5170,.T.);
#7452=ORIENTED_EDGE('',*,*,#5212,.F.);
#7453=ORIENTED_EDGE('',*,*,#5217,.T.);
#7454=ORIENTED_EDGE('',*,*,#5218,.T.);
#7455=ORIENTED_EDGE('',*,*,#5219,.T.);
#7456=ORIENTED_EDGE('',*,*,#5216,.F.);
#7457=ORIENTED_EDGE('',*,*,#5220,.T.);
#7458=ORIENTED_EDGE('',*,*,#5221,.T.);
#7459=ORIENTED_EDGE('',*,*,#5222,.T.);
#7460=ORIENTED_EDGE('',*,*,#5218,.F.);
#7461=ORIENTED_EDGE('',*,*,#5223,.T.);
#7462=ORIENTED_EDGE('',*,*,#5224,.T.);
#7463=ORIENTED_EDGE('',*,*,#5225,.T.);
#7464=ORIENTED_EDGE('',*,*,#5221,.F.);
#7465=ORIENTED_EDGE('',*,*,#5226,.T.);
#7466=ORIENTED_EDGE('',*,*,#5227,.T.);
#7467=ORIENTED_EDGE('',*,*,#5124,.T.);
#7468=ORIENTED_EDGE('',*,*,#5224,.F.);
#7469=ORIENTED_EDGE('',*,*,#5228,.T.);
#7470=ORIENTED_EDGE('',*,*,#5229,.T.);
#7471=ORIENTED_EDGE('',*,*,#5230,.T.);
#7472=ORIENTED_EDGE('',*,*,#5227,.F.);
#7473=ORIENTED_EDGE('',*,*,#5231,.T.);
#7474=ORIENTED_EDGE('',*,*,#5229,.F.);
#7475=ORIENTED_EDGE('',*,*,#5232,.T.);
#7476=ORIENTED_EDGE('',*,*,#5233,.T.);
#7477=ORIENTED_EDGE('',*,*,#5234,.T.);
#7478=ORIENTED_EDGE('',*,*,#5233,.F.);
#7479=ORIENTED_EDGE('',*,*,#5235,.T.);
#7480=ORIENTED_EDGE('',*,*,#5236,.T.);
#7481=ORIENTED_EDGE('',*,*,#5237,.T.);
#7482=ORIENTED_EDGE('',*,*,#5236,.F.);
#7483=ORIENTED_EDGE('',*,*,#5238,.T.);
#7484=ORIENTED_EDGE('',*,*,#5239,.T.);
#7485=ORIENTED_EDGE('',*,*,#5240,.T.);
#7486=ORIENTED_EDGE('',*,*,#5239,.F.);
#7487=ORIENTED_EDGE('',*,*,#5241,.T.);
#7488=ORIENTED_EDGE('',*,*,#5242,.T.);
#7489=ORIENTED_EDGE('',*,*,#5243,.T.);
#7490=ORIENTED_EDGE('',*,*,#5242,.F.);
#7491=ORIENTED_EDGE('',*,*,#5244,.T.);
#7492=ORIENTED_EDGE('',*,*,#5214,.T.);
#7493=ORIENTED_EDGE('',*,*,#5231,.F.);
#7494=ORIENTED_EDGE('',*,*,#5245,.F.);
#7495=ORIENTED_EDGE('',*,*,#5246,.F.);
#7496=ORIENTED_EDGE('',*,*,#5247,.F.);
#7497=ORIENTED_EDGE('',*,*,#5234,.F.);
#7498=ORIENTED_EDGE('',*,*,#5248,.F.);
#7499=ORIENTED_EDGE('',*,*,#5249,.F.);
#7500=ORIENTED_EDGE('',*,*,#5245,.T.);
#7501=ORIENTED_EDGE('',*,*,#5237,.F.);
#7502=ORIENTED_EDGE('',*,*,#5250,.F.);
#7503=ORIENTED_EDGE('',*,*,#5251,.F.);
#7504=ORIENTED_EDGE('',*,*,#5248,.T.);
#7505=ORIENTED_EDGE('',*,*,#5240,.F.);
#7506=ORIENTED_EDGE('',*,*,#5252,.F.);
#7507=ORIENTED_EDGE('',*,*,#5253,.F.);
#7508=ORIENTED_EDGE('',*,*,#5250,.T.);
#7509=ORIENTED_EDGE('',*,*,#5243,.F.);
#7510=ORIENTED_EDGE('',*,*,#5254,.F.);
#7511=ORIENTED_EDGE('',*,*,#5255,.F.);
#7512=ORIENTED_EDGE('',*,*,#5252,.T.);
#7513=ORIENTED_EDGE('',*,*,#5213,.F.);
#7514=ORIENTED_EDGE('',*,*,#5169,.F.);
#7515=ORIENTED_EDGE('',*,*,#5256,.F.);
#7516=ORIENTED_EDGE('',*,*,#5254,.T.);
#7517=ORIENTED_EDGE('',*,*,#5211,.F.);
#7518=ORIENTED_EDGE('',*,*,#5244,.F.);
#7519=ORIENTED_EDGE('',*,*,#5241,.F.);
#7520=ORIENTED_EDGE('',*,*,#5238,.F.);
#7521=ORIENTED_EDGE('',*,*,#5235,.F.);
#7522=ORIENTED_EDGE('',*,*,#5232,.F.);
#7523=ORIENTED_EDGE('',*,*,#5228,.F.);
#7524=ORIENTED_EDGE('',*,*,#5226,.F.);
#7525=ORIENTED_EDGE('',*,*,#5223,.F.);
#7526=ORIENTED_EDGE('',*,*,#5220,.F.);
#7527=ORIENTED_EDGE('',*,*,#5217,.F.);
#7528=ORIENTED_EDGE('',*,*,#5215,.F.);
#7529=ORIENTED_EDGE('',*,*,#5206,.T.);
#7530=ORIENTED_EDGE('',*,*,#5204,.T.);
#7531=ORIENTED_EDGE('',*,*,#5209,.T.);
#7532=ORIENTED_EDGE('',*,*,#5257,.F.);
#7533=ORIENTED_EDGE('',*,*,#5258,.F.);
#7534=ORIENTED_EDGE('',*,*,#5259,.F.);
#7535=ORIENTED_EDGE('',*,*,#5260,.F.);
#7536=ORIENTED_EDGE('',*,*,#5261,.F.);
#7537=ORIENTED_EDGE('',*,*,#5262,.F.);
#7538=ORIENTED_EDGE('',*,*,#5263,.F.);
#7539=ORIENTED_EDGE('',*,*,#5264,.F.);
#7540=ORIENTED_EDGE('',*,*,#5265,.F.);
#7541=ORIENTED_EDGE('',*,*,#5266,.F.);
#7542=ORIENTED_EDGE('',*,*,#5267,.F.);
#7543=ORIENTED_EDGE('',*,*,#5268,.F.);
#7544=ORIENTED_EDGE('',*,*,#5269,.F.);
#7545=ORIENTED_EDGE('',*,*,#5270,.F.);
#7546=ORIENTED_EDGE('',*,*,#5271,.F.);
#7547=ORIENTED_EDGE('',*,*,#5272,.F.);
#7548=ORIENTED_EDGE('',*,*,#5273,.F.);
#7549=ORIENTED_EDGE('',*,*,#5274,.F.);
#7550=ORIENTED_EDGE('',*,*,#5257,.T.);
#7551=ORIENTED_EDGE('',*,*,#5275,.T.);
#7552=ORIENTED_EDGE('',*,*,#5276,.T.);
#7553=ORIENTED_EDGE('',*,*,#5277,.F.);
#7554=ORIENTED_EDGE('',*,*,#5274,.T.);
#7555=ORIENTED_EDGE('',*,*,#5278,.T.);
#7556=ORIENTED_EDGE('',*,*,#5166,.T.);
#7557=ORIENTED_EDGE('',*,*,#5275,.F.);
#7558=ORIENTED_EDGE('',*,*,#5273,.T.);
#7559=ORIENTED_EDGE('',*,*,#5279,.T.);
#7560=ORIENTED_EDGE('',*,*,#5164,.T.);
#7561=ORIENTED_EDGE('',*,*,#5278,.F.);
#7562=ORIENTED_EDGE('',*,*,#5272,.T.);
#7563=ORIENTED_EDGE('',*,*,#5280,.T.);
#7564=ORIENTED_EDGE('',*,*,#5161,.T.);
#7565=ORIENTED_EDGE('',*,*,#5279,.F.);
#7566=ORIENTED_EDGE('',*,*,#5271,.T.);
#7567=ORIENTED_EDGE('',*,*,#5281,.T.);
#7568=ORIENTED_EDGE('',*,*,#5282,.T.);
#7569=ORIENTED_EDGE('',*,*,#5280,.F.);
#7570=ORIENTED_EDGE('',*,*,#5270,.T.);
#7571=ORIENTED_EDGE('',*,*,#5283,.T.);
#7572=ORIENTED_EDGE('',*,*,#5284,.T.);
#7573=ORIENTED_EDGE('',*,*,#5281,.F.);
#7574=ORIENTED_EDGE('',*,*,#5269,.T.);
#7575=ORIENTED_EDGE('',*,*,#5285,.T.);
#7576=ORIENTED_EDGE('',*,*,#5286,.T.);
#7577=ORIENTED_EDGE('',*,*,#5283,.F.);
#7578=ORIENTED_EDGE('',*,*,#5268,.T.);
#7579=ORIENTED_EDGE('',*,*,#5287,.T.);
#7580=ORIENTED_EDGE('',*,*,#5288,.T.);
#7581=ORIENTED_EDGE('',*,*,#5285,.F.);
#7582=ORIENTED_EDGE('',*,*,#5267,.T.);
#7583=ORIENTED_EDGE('',*,*,#5289,.T.);
#7584=ORIENTED_EDGE('',*,*,#5290,.T.);
#7585=ORIENTED_EDGE('',*,*,#5287,.F.);
#7586=ORIENTED_EDGE('',*,*,#5266,.T.);
#7587=ORIENTED_EDGE('',*,*,#5291,.T.);
#7588=ORIENTED_EDGE('',*,*,#5292,.T.);
#7589=ORIENTED_EDGE('',*,*,#5289,.F.);
#7590=ORIENTED_EDGE('',*,*,#5293,.T.);
#7591=ORIENTED_EDGE('',*,*,#5291,.F.);
#7592=ORIENTED_EDGE('',*,*,#5265,.T.);
#7593=ORIENTED_EDGE('',*,*,#5294,.T.);
#7594=ORIENTED_EDGE('',*,*,#5295,.T.);
#7595=ORIENTED_EDGE('',*,*,#5294,.F.);
#7596=ORIENTED_EDGE('',*,*,#5264,.T.);
#7597=ORIENTED_EDGE('',*,*,#5296,.T.);
#7598=ORIENTED_EDGE('',*,*,#5297,.T.);
#7599=ORIENTED_EDGE('',*,*,#5296,.F.);
#7600=ORIENTED_EDGE('',*,*,#5263,.T.);
#7601=ORIENTED_EDGE('',*,*,#5298,.T.);
#7602=ORIENTED_EDGE('',*,*,#5120,.T.);
#7603=ORIENTED_EDGE('',*,*,#5298,.F.);
#7604=ORIENTED_EDGE('',*,*,#5262,.T.);
#7605=ORIENTED_EDGE('',*,*,#5299,.T.);
#7606=ORIENTED_EDGE('',*,*,#5118,.T.);
#7607=ORIENTED_EDGE('',*,*,#5299,.F.);
#7608=ORIENTED_EDGE('',*,*,#5261,.T.);
#7609=ORIENTED_EDGE('',*,*,#5300,.T.);
#7610=ORIENTED_EDGE('',*,*,#5115,.T.);
#7611=ORIENTED_EDGE('',*,*,#5300,.F.);
#7612=ORIENTED_EDGE('',*,*,#5260,.T.);
#7613=ORIENTED_EDGE('',*,*,#5301,.T.);
#7614=ORIENTED_EDGE('',*,*,#5302,.T.);
#7615=ORIENTED_EDGE('',*,*,#5301,.F.);
#7616=ORIENTED_EDGE('',*,*,#5259,.T.);
#7617=ORIENTED_EDGE('',*,*,#5303,.T.);
#7618=ORIENTED_EDGE('',*,*,#5304,.T.);
#7619=ORIENTED_EDGE('',*,*,#5303,.F.);
#7620=ORIENTED_EDGE('',*,*,#5258,.T.);
#7621=ORIENTED_EDGE('',*,*,#5277,.T.);
#7622=ORIENTED_EDGE('',*,*,#5293,.F.);
#7623=ORIENTED_EDGE('',*,*,#5305,.F.);
#7624=ORIENTED_EDGE('',*,*,#5097,.T.);
#7625=ORIENTED_EDGE('',*,*,#5306,.T.);
#7626=ORIENTED_EDGE('',*,*,#5295,.F.);
#7627=ORIENTED_EDGE('',*,*,#5307,.F.);
#7628=ORIENTED_EDGE('',*,*,#5098,.T.);
#7629=ORIENTED_EDGE('',*,*,#5305,.T.);
#7630=ORIENTED_EDGE('',*,*,#5297,.F.);
#7631=ORIENTED_EDGE('',*,*,#5119,.F.);
#7632=ORIENTED_EDGE('',*,*,#5099,.T.);
#7633=ORIENTED_EDGE('',*,*,#5307,.T.);
#7634=ORIENTED_EDGE('',*,*,#5302,.F.);
#7635=ORIENTED_EDGE('',*,*,#5308,.F.);
#7636=ORIENTED_EDGE('',*,*,#5103,.T.);
#7637=ORIENTED_EDGE('',*,*,#5116,.T.);
#7638=ORIENTED_EDGE('',*,*,#5304,.F.);
#7639=ORIENTED_EDGE('',*,*,#5309,.F.);
#7640=ORIENTED_EDGE('',*,*,#5104,.T.);
#7641=ORIENTED_EDGE('',*,*,#5308,.T.);
#7642=ORIENTED_EDGE('',*,*,#5276,.F.);
#7643=ORIENTED_EDGE('',*,*,#5165,.F.);
#7644=ORIENTED_EDGE('',*,*,#5105,.T.);
#7645=ORIENTED_EDGE('',*,*,#5309,.T.);
#7646=ORIENTED_EDGE('',*,*,#5310,.T.);
#7647=ORIENTED_EDGE('',*,*,#5311,.T.);
#7648=ORIENTED_EDGE('',*,*,#5312,.T.);
#7649=ORIENTED_EDGE('',*,*,#5313,.T.);
#7650=ORIENTED_EDGE('',*,*,#5314,.T.);
#7651=ORIENTED_EDGE('',*,*,#5315,.T.);
#7652=ORIENTED_EDGE('',*,*,#5168,.T.);
#7653=ORIENTED_EDGE('',*,*,#5313,.F.);
#7654=ORIENTED_EDGE('',*,*,#5256,.T.);
#7655=ORIENTED_EDGE('',*,*,#5315,.F.);
#7656=ORIENTED_EDGE('',*,*,#5316,.T.);
#7657=ORIENTED_EDGE('',*,*,#5317,.T.);
#7658=ORIENTED_EDGE('',*,*,#5087,.T.);
#7659=ORIENTED_EDGE('',*,*,#5318,.T.);
#7660=ORIENTED_EDGE('',*,*,#5311,.F.);
#7661=ORIENTED_EDGE('',*,*,#5319,.T.);
#7662=ORIENTED_EDGE('',*,*,#5255,.T.);
#7663=ORIENTED_EDGE('',*,*,#5317,.F.);
#7664=ORIENTED_EDGE('',*,*,#5320,.T.);
#7665=ORIENTED_EDGE('',*,*,#5321,.T.);
#7666=ORIENTED_EDGE('',*,*,#5253,.T.);
#7667=ORIENTED_EDGE('',*,*,#5321,.F.);
#7668=ORIENTED_EDGE('',*,*,#5322,.T.);
#7669=ORIENTED_EDGE('',*,*,#5323,.T.);
#7670=ORIENTED_EDGE('',*,*,#5251,.T.);
#7671=ORIENTED_EDGE('',*,*,#5323,.F.);
#7672=ORIENTED_EDGE('',*,*,#5324,.T.);
#7673=ORIENTED_EDGE('',*,*,#5325,.T.);
#7674=ORIENTED_EDGE('',*,*,#5249,.T.);
#7675=ORIENTED_EDGE('',*,*,#5325,.F.);
#7676=ORIENTED_EDGE('',*,*,#5326,.T.);
#7677=ORIENTED_EDGE('',*,*,#5327,.T.);
#7678=ORIENTED_EDGE('',*,*,#5246,.T.);
#7679=ORIENTED_EDGE('',*,*,#5327,.F.);
#7680=ORIENTED_EDGE('',*,*,#5328,.T.);
#7681=ORIENTED_EDGE('',*,*,#5329,.T.);
#7682=ORIENTED_EDGE('',*,*,#5075,.T.);
#7683=ORIENTED_EDGE('',*,*,#5330,.T.);
#7684=ORIENTED_EDGE('',*,*,#5331,.T.);
#7685=ORIENTED_EDGE('',*,*,#5332,.T.);
#7686=ORIENTED_EDGE('',*,*,#5333,.T.);
#7687=ORIENTED_EDGE('',*,*,#5331,.F.);
#7688=ORIENTED_EDGE('',*,*,#5334,.T.);
#7689=ORIENTED_EDGE('',*,*,#5329,.F.);
#7690=ORIENTED_EDGE('',*,*,#5219,.F.);
#7691=ORIENTED_EDGE('',*,*,#5335,.F.);
#7692=ORIENTED_EDGE('',*,*,#5336,.F.);
#7693=ORIENTED_EDGE('',*,*,#5337,.F.);
#7694=ORIENTED_EDGE('',*,*,#5088,.F.);
#7695=ORIENTED_EDGE('',*,*,#5319,.F.);
#7696=ORIENTED_EDGE('',*,*,#5310,.F.);
#7697=ORIENTED_EDGE('',*,*,#5167,.T.);
#7698=ORIENTED_EDGE('',*,*,#5230,.F.);
#7699=ORIENTED_EDGE('',*,*,#5247,.T.);
#7700=ORIENTED_EDGE('',*,*,#5334,.F.);
#7701=ORIENTED_EDGE('',*,*,#5330,.F.);
#7702=ORIENTED_EDGE('',*,*,#5074,.F.);
#7703=ORIENTED_EDGE('',*,*,#5338,.F.);
#7704=ORIENTED_EDGE('',*,*,#5339,.F.);
#7705=ORIENTED_EDGE('',*,*,#5121,.T.);
#7706=ORIENTED_EDGE('',*,*,#5340,.T.);
#7707=ORIENTED_EDGE('',*,*,#5341,.T.);
#7708=ORIENTED_EDGE('',*,*,#5342,.T.);
#7709=ORIENTED_EDGE('',*,*,#5343,.T.);
#7710=ORIENTED_EDGE('',*,*,#5065,.T.);
#7711=ORIENTED_EDGE('',*,*,#5344,.T.);
#7712=ORIENTED_EDGE('',*,*,#5341,.F.);
#7713=ORIENTED_EDGE('',*,*,#5345,.T.);
#7714=ORIENTED_EDGE('',*,*,#5346,.T.);
#7715=ORIENTED_EDGE('',*,*,#5343,.F.);
#7716=ORIENTED_EDGE('',*,*,#5347,.T.);
#7717=ORIENTED_EDGE('',*,*,#5348,.T.);
#7718=ORIENTED_EDGE('',*,*,#5089,.T.);
#7719=ORIENTED_EDGE('',*,*,#5337,.T.);
#7720=ORIENTED_EDGE('',*,*,#5349,.T.);
#7721=ORIENTED_EDGE('',*,*,#5350,.T.);
#7722=ORIENTED_EDGE('',*,*,#5351,.T.);
#7723=ORIENTED_EDGE('',*,*,#5349,.F.);
#7724=ORIENTED_EDGE('',*,*,#5336,.T.);
#7725=ORIENTED_EDGE('',*,*,#5348,.F.);
#7726=ORIENTED_EDGE('',*,*,#5225,.F.);
#7727=ORIENTED_EDGE('',*,*,#5123,.F.);
#7728=ORIENTED_EDGE('',*,*,#5352,.F.);
#7729=ORIENTED_EDGE('',*,*,#5353,.F.);
#7730=ORIENTED_EDGE('',*,*,#5066,.F.);
#7731=ORIENTED_EDGE('',*,*,#5345,.F.);
#7732=ORIENTED_EDGE('',*,*,#5340,.F.);
#7733=ORIENTED_EDGE('',*,*,#5354,.T.);
#7734=ORIENTED_EDGE('',*,*,#5222,.F.);
#7735=ORIENTED_EDGE('',*,*,#5354,.F.);
#7736=ORIENTED_EDGE('',*,*,#5346,.F.);
#7737=ORIENTED_EDGE('',*,*,#5335,.T.);
#7738=ORIENTED_EDGE('',*,*,#5339,.T.);
#7739=ORIENTED_EDGE('',*,*,#5355,.T.);
#7740=ORIENTED_EDGE('',*,*,#5356,.T.);
#7741=ORIENTED_EDGE('',*,*,#5357,.T.);
#7742=ORIENTED_EDGE('',*,*,#5358,.T.);
#7743=ORIENTED_EDGE('',*,*,#5359,.T.);
#7744=ORIENTED_EDGE('',*,*,#5122,.T.);
#7745=ORIENTED_EDGE('',*,*,#5357,.F.);
#7746=ORIENTED_EDGE('',*,*,#5067,.T.);
#7747=ORIENTED_EDGE('',*,*,#5353,.T.);
#7748=ORIENTED_EDGE('',*,*,#5360,.T.);
#7749=ORIENTED_EDGE('',*,*,#5361,.T.);
#7750=ORIENTED_EDGE('',*,*,#5362,.T.);
#7751=ORIENTED_EDGE('',*,*,#5360,.F.);
#7752=ORIENTED_EDGE('',*,*,#5352,.T.);
#7753=ORIENTED_EDGE('',*,*,#5359,.F.);
#7754=ORIENTED_EDGE('',*,*,#5073,.T.);
#7755=ORIENTED_EDGE('',*,*,#5363,.T.);
#7756=ORIENTED_EDGE('',*,*,#5355,.F.);
#7757=ORIENTED_EDGE('',*,*,#5338,.T.);
#7758=ORIENTED_EDGE('',*,*,#5363,.F.);
#7759=ORIENTED_EDGE('',*,*,#5072,.F.);
#7760=ORIENTED_EDGE('',*,*,#5364,.T.);
#7761=ORIENTED_EDGE('',*,*,#5365,.T.);
#7762=ORIENTED_EDGE('',*,*,#5332,.F.);
#7763=ORIENTED_EDGE('',*,*,#5366,.T.);
#7764=ORIENTED_EDGE('',*,*,#5367,.T.);
#7765=ORIENTED_EDGE('',*,*,#5076,.F.);
#7766=ORIENTED_EDGE('',*,*,#5312,.F.);
#7767=ORIENTED_EDGE('',*,*,#5368,.F.);
#7768=ORIENTED_EDGE('',*,*,#5369,.T.);
#7769=ORIENTED_EDGE('',*,*,#5370,.T.);
#7770=ORIENTED_EDGE('',*,*,#5371,.T.);
#7771=ORIENTED_EDGE('',*,*,#5372,.T.);
#7772=ORIENTED_EDGE('',*,*,#5373,.T.);
#7773=ORIENTED_EDGE('',*,*,#5374,.T.);
#7774=ORIENTED_EDGE('',*,*,#5375,.T.);
#7775=ORIENTED_EDGE('',*,*,#5376,.T.);
#7776=ORIENTED_EDGE('',*,*,#5377,.T.);
#7777=ORIENTED_EDGE('',*,*,#5366,.F.);
#7778=ORIENTED_EDGE('',*,*,#5333,.F.);
#7779=ORIENTED_EDGE('',*,*,#5328,.F.);
#7780=ORIENTED_EDGE('',*,*,#5326,.F.);
#7781=ORIENTED_EDGE('',*,*,#5324,.F.);
#7782=ORIENTED_EDGE('',*,*,#5322,.F.);
#7783=ORIENTED_EDGE('',*,*,#5320,.F.);
#7784=ORIENTED_EDGE('',*,*,#5316,.F.);
#7785=ORIENTED_EDGE('',*,*,#5314,.F.);
#7786=ORIENTED_EDGE('',*,*,#5361,.F.);
#7787=ORIENTED_EDGE('',*,*,#5378,.T.);
#7788=ORIENTED_EDGE('',*,*,#5379,.T.);
#7789=ORIENTED_EDGE('',*,*,#5068,.F.);
#7790=ORIENTED_EDGE('',*,*,#5356,.F.);
#7791=ORIENTED_EDGE('',*,*,#5365,.F.);
#7792=ORIENTED_EDGE('',*,*,#5380,.T.);
#7793=ORIENTED_EDGE('',*,*,#5381,.T.);
#7794=ORIENTED_EDGE('',*,*,#5382,.T.);
#7795=ORIENTED_EDGE('',*,*,#5378,.F.);
#7796=ORIENTED_EDGE('',*,*,#5362,.F.);
#7797=ORIENTED_EDGE('',*,*,#5358,.F.);
#7798=ORIENTED_EDGE('',*,*,#5344,.F.);
#7799=ORIENTED_EDGE('',*,*,#5064,.F.);
#7800=ORIENTED_EDGE('',*,*,#5383,.T.);
#7801=ORIENTED_EDGE('',*,*,#5384,.T.);
#7802=ORIENTED_EDGE('',*,*,#5342,.F.);
#7803=ORIENTED_EDGE('',*,*,#5384,.F.);
#7804=ORIENTED_EDGE('',*,*,#5385,.T.);
#7805=ORIENTED_EDGE('',*,*,#5386,.T.);
#7806=ORIENTED_EDGE('',*,*,#5387,.T.);
#7807=ORIENTED_EDGE('',*,*,#5388,.F.);
#7808=ORIENTED_EDGE('',*,*,#5351,.F.);
#7809=ORIENTED_EDGE('',*,*,#5347,.F.);
#7810=ORIENTED_EDGE('',*,*,#5350,.F.);
#7811=ORIENTED_EDGE('',*,*,#5388,.T.);
#7812=ORIENTED_EDGE('',*,*,#5389,.T.);
#7813=ORIENTED_EDGE('',*,*,#5090,.F.);
#7814=ORIENTED_EDGE('',*,*,#5318,.F.);
#7815=ORIENTED_EDGE('',*,*,#5086,.F.);
#7816=ORIENTED_EDGE('',*,*,#5390,.T.);
#7817=ORIENTED_EDGE('',*,*,#5368,.T.);
#7818=ORIENTED_EDGE('',*,*,#5390,.F.);
#7819=ORIENTED_EDGE('',*,*,#5085,.F.);
#7820=ORIENTED_EDGE('',*,*,#5391,.T.);
#7821=ORIENTED_EDGE('',*,*,#5369,.F.);
#7822=ORIENTED_EDGE('',*,*,#5092,.F.);
#7823=ORIENTED_EDGE('',*,*,#5392,.T.);
#7824=ORIENTED_EDGE('',*,*,#5386,.F.);
#7825=ORIENTED_EDGE('',*,*,#5393,.F.);
#7826=ORIENTED_EDGE('',*,*,#5383,.F.);
#7827=ORIENTED_EDGE('',*,*,#5093,.F.);
#7828=ORIENTED_EDGE('',*,*,#5393,.T.);
#7829=ORIENTED_EDGE('',*,*,#5385,.F.);
#7830=ORIENTED_EDGE('',*,*,#5389,.F.);
#7831=ORIENTED_EDGE('',*,*,#5387,.F.);
#7832=ORIENTED_EDGE('',*,*,#5392,.F.);
#7833=ORIENTED_EDGE('',*,*,#5091,.F.);
#7834=ORIENTED_EDGE('',*,*,#5070,.F.);
#7835=ORIENTED_EDGE('',*,*,#5394,.T.);
#7836=ORIENTED_EDGE('',*,*,#5381,.F.);
#7837=ORIENTED_EDGE('',*,*,#5395,.F.);
#7838=ORIENTED_EDGE('',*,*,#5364,.F.);
#7839=ORIENTED_EDGE('',*,*,#5071,.F.);
#7840=ORIENTED_EDGE('',*,*,#5395,.T.);
#7841=ORIENTED_EDGE('',*,*,#5380,.F.);
#7842=ORIENTED_EDGE('',*,*,#5379,.F.);
#7843=ORIENTED_EDGE('',*,*,#5382,.F.);
#7844=ORIENTED_EDGE('',*,*,#5394,.F.);
#7845=ORIENTED_EDGE('',*,*,#5069,.F.);
#7846=ORIENTED_EDGE('',*,*,#5079,.F.);
#7847=ORIENTED_EDGE('',*,*,#5396,.T.);
#7848=ORIENTED_EDGE('',*,*,#5375,.F.);
#7849=ORIENTED_EDGE('',*,*,#5397,.F.);
#7850=ORIENTED_EDGE('',*,*,#5080,.F.);
#7851=ORIENTED_EDGE('',*,*,#5397,.T.);
#7852=ORIENTED_EDGE('',*,*,#5374,.F.);
#7853=ORIENTED_EDGE('',*,*,#5398,.F.);
#7854=ORIENTED_EDGE('',*,*,#5081,.F.);
#7855=ORIENTED_EDGE('',*,*,#5398,.T.);
#7856=ORIENTED_EDGE('',*,*,#5373,.F.);
#7857=ORIENTED_EDGE('',*,*,#5399,.F.);
#7858=ORIENTED_EDGE('',*,*,#5082,.F.);
#7859=ORIENTED_EDGE('',*,*,#5399,.T.);
#7860=ORIENTED_EDGE('',*,*,#5372,.F.);
#7861=ORIENTED_EDGE('',*,*,#5400,.F.);
#7862=ORIENTED_EDGE('',*,*,#5083,.F.);
#7863=ORIENTED_EDGE('',*,*,#5400,.T.);
#7864=ORIENTED_EDGE('',*,*,#5371,.F.);
#7865=ORIENTED_EDGE('',*,*,#5401,.F.);
#7866=ORIENTED_EDGE('',*,*,#5084,.F.);
#7867=ORIENTED_EDGE('',*,*,#5401,.T.);
#7868=ORIENTED_EDGE('',*,*,#5370,.F.);
#7869=ORIENTED_EDGE('',*,*,#5391,.F.);
#7870=ORIENTED_EDGE('',*,*,#5367,.F.);
#7871=ORIENTED_EDGE('',*,*,#5377,.F.);
#7872=ORIENTED_EDGE('',*,*,#5402,.F.);
#7873=ORIENTED_EDGE('',*,*,#5077,.F.);
#7874=ORIENTED_EDGE('',*,*,#5078,.F.);
#7875=ORIENTED_EDGE('',*,*,#5402,.T.);
#7876=ORIENTED_EDGE('',*,*,#5376,.F.);
#7877=ORIENTED_EDGE('',*,*,#5396,.F.);
#7878=ORIENTED_EDGE('',*,*,#5282,.F.);
#7879=ORIENTED_EDGE('',*,*,#5403,.F.);
#7880=ORIENTED_EDGE('',*,*,#5109,.T.);
#7881=ORIENTED_EDGE('',*,*,#5162,.T.);
#7882=ORIENTED_EDGE('',*,*,#5284,.F.);
#7883=ORIENTED_EDGE('',*,*,#5404,.F.);
#7884=ORIENTED_EDGE('',*,*,#5110,.T.);
#7885=ORIENTED_EDGE('',*,*,#5403,.T.);
#7886=ORIENTED_EDGE('',*,*,#5286,.F.);
#7887=ORIENTED_EDGE('',*,*,#5405,.F.);
#7888=ORIENTED_EDGE('',*,*,#5111,.T.);
#7889=ORIENTED_EDGE('',*,*,#5404,.T.);
#7890=ORIENTED_EDGE('',*,*,#5288,.F.);
#7891=ORIENTED_EDGE('',*,*,#5406,.F.);
#7892=ORIENTED_EDGE('',*,*,#5112,.T.);
#7893=ORIENTED_EDGE('',*,*,#5405,.T.);
#7894=ORIENTED_EDGE('',*,*,#5290,.F.);
#7895=ORIENTED_EDGE('',*,*,#5407,.F.);
#7896=ORIENTED_EDGE('',*,*,#5113,.T.);
#7897=ORIENTED_EDGE('',*,*,#5406,.T.);
#7898=ORIENTED_EDGE('',*,*,#5292,.F.);
#7899=ORIENTED_EDGE('',*,*,#5306,.F.);
#7900=ORIENTED_EDGE('',*,*,#5096,.T.);
#7901=ORIENTED_EDGE('',*,*,#5407,.T.);
#7902=PLANE('',#8719);
#7903=PLANE('',#8720);
#7904=PLANE('',#8721);
#7905=PLANE('',#8722);
#7906=PLANE('',#8723);
#7907=PLANE('',#8724);
#7908=PLANE('',#8725);
#7909=PLANE('',#8726);
#7910=PLANE('',#8727);
#7911=PLANE('',#8728);
#7912=PLANE('',#8729);
#7913=PLANE('',#8730);
#7914=PLANE('',#8731);
#7915=PLANE('',#8732);
#7916=PLANE('',#8733);
#7917=PLANE('',#8734);
#7918=PLANE('',#8735);
#7919=PLANE('',#8736);
#7920=PLANE('',#8737);
#7921=PLANE('',#8759);
#7922=PLANE('',#8760);
#7923=PLANE('',#8761);
#7924=PLANE('',#8762);
#7925=PLANE('',#8763);
#7926=PLANE('',#8764);
#7927=PLANE('',#8765);
#7928=PLANE('',#8766);
#7929=PLANE('',#8767);
#7930=PLANE('',#8768);
#7931=PLANE('',#8769);
#7932=PLANE('',#8770);
#7933=PLANE('',#8771);
#7934=PLANE('',#8772);
#7935=PLANE('',#8773);
#7936=PLANE('',#8775);
#7937=PLANE('',#8776);
#7938=PLANE('',#8777);
#7939=PLANE('',#8781);
#7940=PLANE('',#8782);
#7941=PLANE('',#8783);
#7942=PLANE('',#8784);
#7943=PLANE('',#8785);
#7944=PLANE('',#8787);
#7945=PLANE('',#8788);
#7946=PLANE('',#8789);
#7947=PLANE('',#8791);
#7948=PLANE('',#8792);
#7949=PLANE('',#8793);
#7950=PLANE('',#8794);
#7951=PLANE('',#8795);
#7952=PLANE('',#8796);
#7953=PLANE('',#8797);
#7954=PLANE('',#8798);
#7955=PLANE('',#8799);
#7956=PLANE('',#8800);
#7957=PLANE('',#8801);
#7958=PLANE('',#8802);
#7959=PLANE('',#8803);
#7960=PLANE('',#8804);
#7961=PLANE('',#8805);
#7962=PLANE('',#8806);
#7963=PLANE('',#8807);
#7964=PLANE('',#8808);
#7965=PLANE('',#8826);
#7966=PLANE('',#8827);
#7967=PLANE('',#8828);
#7968=PLANE('',#8830);
#7969=PLANE('',#8831);
#7970=PLANE('',#8832);
#7971=PLANE('',#8833);
#7972=PLANE('',#8834);
#7973=PLANE('',#8835);
#7974=PLANE('',#8836);
#7975=PLANE('',#8837);
#7976=PLANE('',#8838);
#7977=PLANE('',#8839);
#7978=PLANE('',#8841);
#7979=PLANE('',#8844);
#7980=PLANE('',#8845);
#7981=PLANE('',#8846);
#7982=PLANE('',#8847);
#7983=PLANE('',#8848);
#7984=PLANE('',#8850);
#7985=PLANE('',#8851);
#7986=PLANE('',#8852);
#7987=PLANE('',#8853);
#7988=PLANE('',#8855);
#7989=PLANE('',#8856);
#7990=PLANE('',#8858);
#7991=PLANE('',#8861);
#7992=PLANE('',#8862);
#7993=PLANE('',#8864);
#7994=PLANE('',#8865);
#7995=PLANE('',#8867);
#7996=PLANE('',#8868);
#7997=PLANE('',#8869);
#7998=PLANE('',#8871);
#7999=PLANE('',#8872);
#8000=PLANE('',#8878);
#8001=PLANE('',#8879);
#8002=PLANE('',#8882);
#8003=PLANE('',#8883);
#8004=PLANE('',#8884);
#8005=PLANE('',#8885);
#8006=PLANE('',#8886);
#8007=PLANE('',#8887);
#8008=PLANE('',#8889);
#8009=PLANE('',#8890);
#8010=PLANE('',#8891);
#8011=PLANE('',#8893);
#8012=PLANE('',#8894);
#8013=PLANE('',#8895);
#8014=PLANE('',#8896);
#8015=PLANE('',#8897);
#8016=PLANE('',#8898);
#8017=PLANE('',#8899);
#8018=PLANE('',#8900);
#8019=PLANE('',#8902);
#8020=PLANE('',#8903);
#8021=PLANE('',#8904);
#8022=PLANE('',#8905);
#8023=PLANE('',#8906);
#8024=PLANE('',#8907);
#8025=PLANE('',#8908);
#8026=PLANE('',#8909);
#8027=PLANE('',#8910);
#8028=PLANE('',#8911);
#8029=PLANE('',#8912);
#8030=PLANE('',#8913);
#8031=PLANE('',#8914);
#8032=PLANE('',#8915);
#8033=PLANE('',#8916);
#8034=PLANE('',#8917);
#8035=PLANE('',#8918);
#8036=PLANE('',#8919);
#8037=PLANE('',#8920);
#8038=PLANE('',#8921);
#8039=PLANE('',#8922);
#8040=PLANE('',#8924);
#8041=PLANE('',#8925);
#8042=PLANE('',#8926);
#8043=PLANE('',#8927);
#8044=PLANE('',#8928);
#8045=PLANE('',#8929);
#8046=PLANE('',#8930);
#8047=PLANE('',#8931);
#8048=PLANE('',#8932);
#8049=PLANE('',#8933);
#8050=PLANE('',#8934);
#8051=PLANE('',#8935);
#8052=PLANE('',#8936);
#8053=PLANE('',#8937);
#8054=PLANE('',#8938);
#8055=PLANE('',#8939);
#8056=PLANE('',#8940);
#8057=PLANE('',#8941);
#8058=PLANE('',#8942);
#8059=PLANE('',#8943);
#8060=PLANE('',#8944);
#8061=PLANE('',#8945);
#8062=PLANE('',#8946);
#8063=PLANE('',#8947);
#8064=PLANE('',#8948);
#8065=PLANE('',#8949);
#8066=PLANE('',#8950);
#8067=PLANE('',#8954);
#8068=PLANE('',#8974);
#8069=PLANE('',#8975);
#8070=PLANE('',#8976);
#8071=PLANE('',#8979);
#8072=PLANE('',#8980);
#8073=PLANE('',#8981);
#8074=PLANE('',#8992);
#8075=PLANE('',#8993);
#8076=PLANE('',#8994);
#8077=PLANE('',#8997);
#8078=PLANE('',#9000);
#8079=PLANE('',#9001);
#8080=PLANE('',#9002);
#8081=PLANE('',#9005);
#8082=PLANE('',#9006);
#8083=PLANE('',#9007);
#8084=PLANE('',#9008);
#8085=PLANE('',#9009);
#8086=PLANE('',#9010);
#8087=PLANE('',#9011);
#8088=PLANE('',#9012);
#8089=PLANE('',#9017);
#8090=PLANE('',#9018);
#8091=PLANE('',#9019);
#8092=PLANE('',#9020);
#8093=PLANE('',#9023);
#8094=PLANE('',#9024);
#8095=PLANE('',#9029);
#8096=PLANE('',#9030);
#8097=PLANE('',#9031);
#8098=PLANE('',#9032);
#8099=PLANE('',#9035);
#8100=PLANE('',#9036);
#8101=PLANE('',#9039);
#8102=PLANE('',#9040);
#8103=PLANE('',#9041);
#8104=PLANE('',#9042);
#8105=PLANE('',#9043);
#8106=PLANE('',#9048);
#8107=PLANE('',#9049);
#8108=PLANE('',#9050);
#8109=PLANE('',#9053);
#8110=PLANE('',#9054);
#8111=PLANE('',#9055);
#8112=PLANE('',#9056);
#8113=PLANE('',#9059);
#8114=PLANE('',#9060);
#8115=PLANE('',#9061);
#8116=PLANE('',#9062);
#8117=PLANE('',#9063);
#8118=PLANE('',#9064);
#8119=PLANE('',#9065);
#8120=PLANE('',#9068);
#8121=PLANE('',#9069);
#8122=PLANE('',#9070);
#8123=PLANE('',#9071);
#8124=PLANE('',#9072);
#8125=PLANE('',#9073);
#8126=PLANE('',#9074);
#8127=PLANE('',#9076);
#8128=PLANE('',#9077);
#8129=PLANE('',#9079);
#8130=PLANE('',#9081);
#8131=PLANE('',#9082);
#8132=PLANE('',#9085);
#8133=PLANE('',#9086);
#8134=PLANE('',#9088);
#8135=PLANE('',#9096);
#8136=PLANE('',#9099);
#8137=PLANE('',#9100);
#8138=PLANE('',#9101);
#8139=PLANE('',#9102);
#8140=PLANE('',#9103);
#8141=PLANE('',#9104);
#8142=PLANE('',#9105);
#8143=PLANE('',#9106);
#8144=PLANE('',#9107);
#8145=PLANE('',#9108);
#8146=PLANE('',#9110);
#8147=PLANE('',#9113);
#8148=PLANE('',#9114);
#8149=PLANE('',#9116);
#8150=PLANE('',#9117);
#8151=PLANE('',#9119);
#8152=PLANE('',#9126);
#8153=PLANE('',#9127);
#8154=PLANE('',#9128);
#8155=PLANE('',#9129);
#8156=PLANE('',#9130);
#8157=PLANE('',#9131);
#8158=PLANE('',#9132);
#8159=PLANE('',#9133);
#8160=PLANE('',#9134);
#8161=PLANE('',#9135);
#8162=PLANE('',#9137);
#8163=PLANE('',#9139);
#8164=PLANE('',#9140);
#8165=PLANE('',#9142);
#8166=PLANE('',#9144);
#8167=PLANE('',#9146);
#8168=PLANE('',#9147);
#8169=PLANE('',#9150);
#8170=PLANE('',#9151);
#8171=PLANE('',#9153);
#8172=PLANE('',#9162);
#8173=PLANE('',#9163);
#8174=PLANE('',#9164);
#8175=PLANE('',#9165);
#8176=PLANE('',#9166);
#8177=PLANE('',#9167);
#8178=PLANE('',#9168);
#8179=PLANE('',#9169);
#8180=PLANE('',#9170);
#8181=PLANE('',#9171);
#8182=PLANE('',#9172);
#8183=PLANE('',#9173);
#8184=PLANE('',#9174);
#8185=PLANE('',#9175);
#8186=PLANE('',#9176);
#8187=PLANE('',#9177);
#8188=PLANE('',#9178);
#8189=PLANE('',#9179);
#8190=PLANE('',#9180);
#8191=PLANE('',#9181);
#8192=PLANE('',#9182);
#8193=PLANE('',#9183);
#8194=PLANE('',#9184);
#8195=PLANE('',#9185);
#8196=PLANE('',#9186);
#8197=PLANE('',#9187);
#8198=PLANE('',#9188);
#8199=PLANE('',#9189);
#8200=PLANE('',#9190);
#8201=PLANE('',#9191);
#8202=PLANE('',#9192);
#8203=PLANE('',#9193);
#8204=PLANE('',#9194);
#8205=PLANE('',#9195);
#8206=PLANE('',#9196);
#8207=PLANE('',#9197);
#8208=PLANE('',#9198);
#8209=PLANE('',#9199);
#8210=PLANE('',#9200);
#8211=PLANE('',#9201);
#8212=PLANE('',#9202);
#8213=PLANE('',#9203);
#8214=PLANE('',#9204);
#8215=PLANE('',#9205);
#8216=PLANE('',#9206);
#8217=PLANE('',#9207);
#8218=PLANE('',#9211);
#8219=PLANE('',#9212);
#8220=PLANE('',#9213);
#8221=PLANE('',#9214);
#8222=PLANE('',#9215);
#8223=PLANE('',#9219);
#8224=PLANE('',#9220);
#8225=PLANE('',#9222);
#8226=PLANE('',#9224);
#8227=PLANE('',#9228);
#8228=PLANE('',#9231);
#8229=PLANE('',#9232);
#8230=PLANE('',#9234);
#8231=PLANE('',#9235);
#8232=PLANE('',#9236);
#8233=PLANE('',#9239);
#8234=PLANE('',#9246);
#8235=PLANE('',#9249);
#8236=PLANE('',#9252);
#8237=PLANE('',#9257);
#8238=PLANE('',#9258);
#8239=PLANE('',#9259);
#8240=PLANE('',#9260);
#8241=PLANE('',#9261);
#8242=PLANE('',#9262);
#8243=PLANE('',#9263);
#8244=PLANE('',#9264);
#8245=PLANE('',#9265);
#8246=PLANE('',#9266);
#8247=PLANE('',#9267);
#8248=PLANE('',#9268);
#8249=PLANE('',#9269);
#8250=PLANE('',#9270);
#8251=PLANE('',#9271);
#8252=PLANE('',#9272);
#8253=PLANE('',#9273);
#8254=PLANE('',#9274);
#8255=PLANE('',#9275);
#8256=PLANE('',#9276);
#8257=PLANE('',#9277);
#8258=ADVANCED_FACE('',(#310),#7902,.T.);
#8259=ADVANCED_FACE('',(#311),#7903,.T.);
#8260=ADVANCED_FACE('',(#312),#7904,.T.);
#8261=ADVANCED_FACE('',(#313),#7905,.T.);
#8262=ADVANCED_FACE('',(#314),#7906,.T.);
#8263=ADVANCED_FACE('',(#315),#7907,.T.);
#8264=ADVANCED_FACE('',(#316),#7908,.T.);
#8265=ADVANCED_FACE('',(#317),#7909,.T.);
#8266=ADVANCED_FACE('',(#318),#7910,.T.);
#8267=ADVANCED_FACE('',(#319),#7911,.T.);
#8268=ADVANCED_FACE('',(#320),#7912,.T.);
#8269=ADVANCED_FACE('',(#321),#7913,.T.);
#8270=ADVANCED_FACE('',(#322),#7914,.T.);
#8271=ADVANCED_FACE('',(#323),#7915,.T.);
#8272=ADVANCED_FACE('',(#324),#7916,.T.);
#8273=ADVANCED_FACE('',(#325),#7917,.T.);
#8274=ADVANCED_FACE('',(#326),#7918,.T.);
#8275=ADVANCED_FACE('',(#327),#7919,.T.);
#8276=ADVANCED_FACE('',(#328,#125,#126,#127,#128,#129,#130,#131,#132,#133,
#134,#135,#136,#137,#138,#139,#140),#7920,.F.);
#8277=ADVANCED_FACE('',(#329),#7921,.T.);
#8278=ADVANCED_FACE('',(#330),#7922,.T.);
#8279=ADVANCED_FACE('',(#331),#7923,.T.);
#8280=ADVANCED_FACE('',(#332),#7924,.T.);
#8281=ADVANCED_FACE('',(#333),#7925,.T.);
#8282=ADVANCED_FACE('',(#334),#7926,.T.);
#8283=ADVANCED_FACE('',(#335),#7927,.T.);
#8284=ADVANCED_FACE('',(#336),#7928,.T.);
#8285=ADVANCED_FACE('',(#337),#7929,.T.);
#8286=ADVANCED_FACE('',(#338),#7930,.T.);
#8287=ADVANCED_FACE('',(#339),#7931,.T.);
#8288=ADVANCED_FACE('',(#340),#7932,.T.);
#8289=ADVANCED_FACE('',(#341,#141),#7933,.T.);
#8290=ADVANCED_FACE('',(#342),#7934,.F.);
#8291=ADVANCED_FACE('',(#343),#7935,.F.);
#8292=ADVANCED_FACE('',(#344),#7936,.T.);
#8293=ADVANCED_FACE('',(#345),#7937,.T.);
#8294=ADVANCED_FACE('',(#346),#7938,.T.);
#8295=ADVANCED_FACE('',(#347),#7939,.T.);
#8296=ADVANCED_FACE('',(#348),#7940,.T.);
#8297=ADVANCED_FACE('',(#349),#7941,.T.);
#8298=ADVANCED_FACE('',(#350),#7942,.T.);
#8299=ADVANCED_FACE('',(#351),#7943,.T.);
#8300=ADVANCED_FACE('',(#352),#7944,.T.);
#8301=ADVANCED_FACE('',(#353),#7945,.T.);
#8302=ADVANCED_FACE('',(#354),#7946,.T.);
#8303=ADVANCED_FACE('',(#355),#7947,.T.);
#8304=ADVANCED_FACE('',(#356),#7948,.T.);
#8305=ADVANCED_FACE('',(#357),#7949,.T.);
#8306=ADVANCED_FACE('',(#358),#7950,.T.);
#8307=ADVANCED_FACE('',(#359),#95,.T.);
#8308=ADVANCED_FACE('',(#360),#7951,.T.);
#8309=ADVANCED_FACE('',(#361),#7952,.T.);
#8310=ADVANCED_FACE('',(#362),#7953,.T.);
#8311=ADVANCED_FACE('',(#363),#7954,.T.);
#8312=ADVANCED_FACE('',(#364),#7955,.T.);
#8313=ADVANCED_FACE('',(#365),#96,.T.);
#8314=ADVANCED_FACE('',(#366),#7956,.T.);
#8315=ADVANCED_FACE('',(#367),#7957,.T.);
#8316=ADVANCED_FACE('',(#368),#97,.T.);
#8317=ADVANCED_FACE('',(#369),#7958,.T.);
#8318=ADVANCED_FACE('',(#370),#7959,.T.);
#8319=ADVANCED_FACE('',(#371),#7960,.T.);
#8320=ADVANCED_FACE('',(#372),#98,.T.);
#8321=ADVANCED_FACE('',(#373),#7961,.T.);
#8322=ADVANCED_FACE('',(#374),#99,.T.);
#8323=ADVANCED_FACE('',(#375),#7962,.T.);
#8324=ADVANCED_FACE('',(#376),#100,.T.);
#8325=ADVANCED_FACE('',(#377),#7963,.T.);
#8326=ADVANCED_FACE('',(#378,#142),#7964,.T.);
#8327=ADVANCED_FACE('',(#379),#7965,.T.);
#8328=ADVANCED_FACE('',(#380),#7966,.T.);
#8329=ADVANCED_FACE('',(#381),#7967,.T.);
#8330=ADVANCED_FACE('',(#382),#41,.F.);
#8331=ADVANCED_FACE('',(#383),#7968,.T.);
#8332=ADVANCED_FACE('',(#384),#7969,.T.);
#8333=ADVANCED_FACE('',(#385),#7970,.T.);
#8334=ADVANCED_FACE('',(#386),#7971,.T.);
#8335=ADVANCED_FACE('',(#387),#7972,.T.);
#8336=ADVANCED_FACE('',(#388),#7973,.T.);
#8337=ADVANCED_FACE('',(#389),#7974,.T.);
#8338=ADVANCED_FACE('',(#390),#7975,.T.);
#8339=ADVANCED_FACE('',(#391),#7976,.T.);
#8340=ADVANCED_FACE('',(#392),#7977,.T.);
#8341=ADVANCED_FACE('',(#393),#42,.T.);
#8342=ADVANCED_FACE('',(#394),#7978,.T.);
#8343=ADVANCED_FACE('',(#395),#43,.T.);
#8344=ADVANCED_FACE('',(#396),#44,.T.);
#8345=ADVANCED_FACE('',(#397),#7979,.T.);
#8346=ADVANCED_FACE('',(#398),#7980,.T.);
#8347=ADVANCED_FACE('',(#399),#7981,.T.);
#8348=ADVANCED_FACE('',(#400),#7982,.T.);
#8349=ADVANCED_FACE('',(#401),#7983,.T.);
#8350=ADVANCED_FACE('',(#402),#45,.F.);
#8351=ADVANCED_FACE('',(#403),#7984,.T.);
#8352=ADVANCED_FACE('',(#404),#7985,.T.);
#8353=ADVANCED_FACE('',(#405),#7986,.T.);
#8354=ADVANCED_FACE('',(#406),#7987,.T.);
#8355=ADVANCED_FACE('',(#407),#46,.F.);
#8356=ADVANCED_FACE('',(#408),#7988,.T.);
#8357=ADVANCED_FACE('',(#409),#7989,.T.);
#8358=ADVANCED_FACE('',(#410),#47,.T.);
#8359=ADVANCED_FACE('',(#411),#7990,.T.);
#8360=ADVANCED_FACE('',(#412),#48,.T.);
#8361=ADVANCED_FACE('',(#413),#49,.T.);
#8362=ADVANCED_FACE('',(#414),#7991,.T.);
#8363=ADVANCED_FACE('',(#415),#7992,.T.);
#8364=ADVANCED_FACE('',(#416),#50,.T.);
#8365=ADVANCED_FACE('',(#417),#7993,.T.);
#8366=ADVANCED_FACE('',(#418),#7994,.T.);
#8367=ADVANCED_FACE('',(#419),#51,.T.);
#8368=ADVANCED_FACE('',(#420),#7995,.T.);
#8369=ADVANCED_FACE('',(#421),#7996,.T.);
#8370=ADVANCED_FACE('',(#422),#7997,.T.);
#8371=ADVANCED_FACE('',(#423),#52,.T.);
#8372=ADVANCED_FACE('',(#424),#7998,.T.);
#8373=ADVANCED_FACE('',(#425),#7999,.T.);
#8374=ADVANCED_FACE('',(#426),#53,.T.);
#8375=ADVANCED_FACE('',(#427),#54,.F.);
#8376=ADVANCED_FACE('',(#428),#55,.F.);
#8377=ADVANCED_FACE('',(#429),#56,.T.);
#8378=ADVANCED_FACE('',(#430),#57,.F.);
#8379=ADVANCED_FACE('',(#431),#8000,.T.);
#8380=ADVANCED_FACE('',(#432),#8001,.T.);
#8381=ADVANCED_FACE('',(#433),#58,.T.);
#8382=ADVANCED_FACE('',(#434),#59,.T.);
#8383=ADVANCED_FACE('',(#435),#8002,.T.);
#8384=ADVANCED_FACE('',(#436),#8003,.T.);
#8385=ADVANCED_FACE('',(#437),#8004,.T.);
#8386=ADVANCED_FACE('',(#438),#8005,.T.);
#8387=ADVANCED_FACE('',(#439),#8006,.T.);
#8388=ADVANCED_FACE('',(#440),#8007,.T.);
#8389=ADVANCED_FACE('',(#441),#60,.T.);
#8390=ADVANCED_FACE('',(#442),#8008,.T.);
#8391=ADVANCED_FACE('',(#443),#8009,.T.);
#8392=ADVANCED_FACE('',(#444),#8010,.T.);
#8393=ADVANCED_FACE('',(#445),#61,.T.);
#8394=ADVANCED_FACE('',(#446),#8011,.T.);
#8395=ADVANCED_FACE('',(#447),#8012,.T.);
#8396=ADVANCED_FACE('',(#448),#8013,.T.);
#8397=ADVANCED_FACE('',(#449),#8014,.T.);
#8398=ADVANCED_FACE('',(#450),#8015,.T.);
#8399=ADVANCED_FACE('',(#451),#8016,.T.);
#8400=ADVANCED_FACE('',(#452),#8017,.T.);
#8401=ADVANCED_FACE('',(#453),#8018,.T.);
#8402=ADVANCED_FACE('',(#454),#8019,.T.);
#8403=ADVANCED_FACE('',(#455),#8020,.T.);
#8404=ADVANCED_FACE('',(#456),#8021,.T.);
#8405=ADVANCED_FACE('',(#457),#8022,.T.);
#8406=ADVANCED_FACE('',(#458),#8023,.T.);
#8407=ADVANCED_FACE('',(#459),#8024,.T.);
#8408=ADVANCED_FACE('',(#460),#8025,.T.);
#8409=ADVANCED_FACE('',(#461),#8026,.T.);
#8410=ADVANCED_FACE('',(#462),#8027,.T.);
#8411=ADVANCED_FACE('',(#463),#8028,.T.);
#8412=ADVANCED_FACE('',(#464),#8029,.T.);
#8413=ADVANCED_FACE('',(#465),#8030,.T.);
#8414=ADVANCED_FACE('',(#466),#8031,.T.);
#8415=ADVANCED_FACE('',(#467),#8032,.T.);
#8416=ADVANCED_FACE('',(#468),#8033,.T.);
#8417=ADVANCED_FACE('',(#469),#8034,.T.);
#8418=ADVANCED_FACE('',(#470),#8035,.T.);
#8419=ADVANCED_FACE('',(#471),#8036,.T.);
#8420=ADVANCED_FACE('',(#472,#143),#8037,.T.);
#8421=ADVANCED_FACE('',(#473),#8038,.F.);
#8422=ADVANCED_FACE('',(#474),#8039,.F.);
#8423=ADVANCED_FACE('',(#475),#8040,.T.);
#8424=ADVANCED_FACE('',(#476),#8041,.T.);
#8425=ADVANCED_FACE('',(#477),#8042,.T.);
#8426=ADVANCED_FACE('',(#478),#8043,.T.);
#8427=ADVANCED_FACE('',(#479),#8044,.T.);
#8428=ADVANCED_FACE('',(#480),#8045,.T.);
#8429=ADVANCED_FACE('',(#481),#8046,.T.);
#8430=ADVANCED_FACE('',(#482),#8047,.T.);
#8431=ADVANCED_FACE('',(#483),#8048,.T.);
#8432=ADVANCED_FACE('',(#484),#8049,.T.);
#8433=ADVANCED_FACE('',(#485),#8050,.T.);
#8434=ADVANCED_FACE('',(#486),#8051,.T.);
#8435=ADVANCED_FACE('',(#487),#8052,.T.);
#8436=ADVANCED_FACE('',(#488),#8053,.T.);
#8437=ADVANCED_FACE('',(#489),#8054,.T.);
#8438=ADVANCED_FACE('',(#490),#8055,.T.);
#8439=ADVANCED_FACE('',(#491),#8056,.T.);
#8440=ADVANCED_FACE('',(#492),#8057,.T.);
#8441=ADVANCED_FACE('',(#493),#8058,.T.);
#8442=ADVANCED_FACE('',(#494),#8059,.T.);
#8443=ADVANCED_FACE('',(#495),#8060,.T.);
#8444=ADVANCED_FACE('',(#496),#8061,.T.);
#8445=ADVANCED_FACE('',(#497),#8062,.T.);
#8446=ADVANCED_FACE('',(#498),#8063,.T.);
#8447=ADVANCED_FACE('',(#499),#8064,.T.);
#8448=ADVANCED_FACE('',(#500),#8065,.T.);
#8449=ADVANCED_FACE('',(#501),#8066,.T.);
#8450=ADVANCED_FACE('',(#502,#144),#8067,.T.);
#8451=ADVANCED_FACE('',(#503),#8068,.T.);
#8452=ADVANCED_FACE('',(#504),#8069,.T.);
#8453=ADVANCED_FACE('',(#505),#8070,.T.);
#8454=ADVANCED_FACE('',(#506),#62,.F.);
#8455=ADVANCED_FACE('',(#507),#8071,.T.);
#8456=ADVANCED_FACE('',(#508),#8072,.T.);
#8457=ADVANCED_FACE('',(#509),#8073,.T.);
#8458=ADVANCED_FACE('',(#510),#63,.F.);
#8459=ADVANCED_FACE('',(#511),#64,.F.);
#8460=ADVANCED_FACE('',(#512),#65,.F.);
#8461=ADVANCED_FACE('',(#513),#66,.T.);
#8462=ADVANCED_FACE('',(#514),#67,.F.);
#8463=ADVANCED_FACE('',(#515),#8074,.T.);
#8464=ADVANCED_FACE('',(#516),#8075,.T.);
#8465=ADVANCED_FACE('',(#517),#8076,.T.);
#8466=ADVANCED_FACE('',(#518),#68,.T.);
#8467=ADVANCED_FACE('',(#519),#8077,.T.);
#8468=ADVANCED_FACE('',(#520),#69,.T.);
#8469=ADVANCED_FACE('',(#521),#8078,.T.);
#8470=ADVANCED_FACE('',(#522),#8079,.T.);
#8471=ADVANCED_FACE('',(#523),#8080,.T.);
#8472=ADVANCED_FACE('',(#524),#70,.T.);
#8473=ADVANCED_FACE('',(#525),#8081,.T.);
#8474=ADVANCED_FACE('',(#526),#8082,.T.);
#8475=ADVANCED_FACE('',(#527),#8083,.T.);
#8476=ADVANCED_FACE('',(#528),#8084,.T.);
#8477=ADVANCED_FACE('',(#529),#8085,.T.);
#8478=ADVANCED_FACE('',(#530),#8086,.T.);
#8479=ADVANCED_FACE('',(#531),#8087,.T.);
#8480=ADVANCED_FACE('',(#532),#8088,.T.);
#8481=ADVANCED_FACE('',(#533),#71,.T.);
#8482=ADVANCED_FACE('',(#534),#72,.T.);
#8483=ADVANCED_FACE('',(#535),#8089,.T.);
#8484=ADVANCED_FACE('',(#536),#8090,.T.);
#8485=ADVANCED_FACE('',(#537),#8091,.T.);
#8486=ADVANCED_FACE('',(#538),#8092,.T.);
#8487=ADVANCED_FACE('',(#539),#73,.F.);
#8488=ADVANCED_FACE('',(#540),#8093,.T.);
#8489=ADVANCED_FACE('',(#541),#8094,.T.);
#8490=ADVANCED_FACE('',(#542),#74,.T.);
#8491=ADVANCED_FACE('',(#543),#75,.T.);
#8492=ADVANCED_FACE('',(#544),#8095,.T.);
#8493=ADVANCED_FACE('',(#545),#8096,.T.);
#8494=ADVANCED_FACE('',(#546),#8097,.T.);
#8495=ADVANCED_FACE('',(#547),#8098,.T.);
#8496=ADVANCED_FACE('',(#548),#76,.T.);
#8497=ADVANCED_FACE('',(#549),#8099,.T.);
#8498=ADVANCED_FACE('',(#550),#8100,.T.);
#8499=ADVANCED_FACE('',(#551),#77,.T.);
#8500=ADVANCED_FACE('',(#552),#8101,.T.);
#8501=ADVANCED_FACE('',(#553),#8102,.T.);
#8502=ADVANCED_FACE('',(#554),#8103,.T.);
#8503=ADVANCED_FACE('',(#555),#8104,.T.);
#8504=ADVANCED_FACE('',(#556),#8105,.T.);
#8505=ADVANCED_FACE('',(#557),#78,.T.);
#8506=ADVANCED_FACE('',(#558),#79,.T.);
#8507=ADVANCED_FACE('',(#559),#8106,.T.);
#8508=ADVANCED_FACE('',(#560),#8107,.T.);
#8509=ADVANCED_FACE('',(#561),#8108,.T.);
#8510=ADVANCED_FACE('',(#562),#80,.T.);
#8511=ADVANCED_FACE('',(#563),#8109,.T.);
#8512=ADVANCED_FACE('',(#564),#8110,.T.);
#8513=ADVANCED_FACE('',(#565),#8111,.T.);
#8514=ADVANCED_FACE('',(#566),#8112,.T.);
#8515=ADVANCED_FACE('',(#567),#81,.T.);
#8516=ADVANCED_FACE('',(#568),#8113,.T.);
#8517=ADVANCED_FACE('',(#569),#8114,.T.);
#8518=ADVANCED_FACE('',(#570),#8115,.T.);
#8519=ADVANCED_FACE('',(#571),#8116,.T.);
#8520=ADVANCED_FACE('',(#572),#8117,.T.);
#8521=ADVANCED_FACE('',(#573),#8118,.T.);
#8522=ADVANCED_FACE('',(#574),#8119,.T.);
#8523=ADVANCED_FACE('',(#575),#82,.T.);
#8524=ADVANCED_FACE('',(#576),#8120,.T.);
#8525=ADVANCED_FACE('',(#577),#8121,.T.);
#8526=ADVANCED_FACE('',(#578),#8122,.T.);
#8527=ADVANCED_FACE('',(#579),#8123,.T.);
#8528=ADVANCED_FACE('',(#580),#8124,.T.);
#8529=ADVANCED_FACE('',(#581),#8125,.T.);
#8530=ADVANCED_FACE('',(#582,#145,#146,#147,#148,#149,#150,#151,#152,#153,
#154,#155,#156,#157,#158,#159,#160),#8126,.F.);
#8531=ADVANCED_FACE('',(#583),#8127,.T.);
#8532=ADVANCED_FACE('',(#584),#8128,.T.);
#8533=ADVANCED_FACE('',(#585),#8129,.T.);
#8534=ADVANCED_FACE('',(#586),#8130,.T.);
#8535=ADVANCED_FACE('',(#587),#8131,.T.);
#8536=ADVANCED_FACE('',(#588),#8132,.T.);
#8537=ADVANCED_FACE('',(#589),#8133,.T.);
#8538=ADVANCED_FACE('',(#590),#8134,.T.);
#8539=ADVANCED_FACE('',(#591),#83,.F.);
#8540=ADVANCED_FACE('',(#592,#161,#162,#163,#164),#8135,.F.);
#8541=ADVANCED_FACE('',(#593),#8136,.F.);
#8542=ADVANCED_FACE('',(#594),#8137,.F.);
#8543=ADVANCED_FACE('',(#595),#8138,.F.);
#8544=ADVANCED_FACE('',(#596),#8139,.F.);
#8545=ADVANCED_FACE('',(#597),#8140,.T.);
#8546=ADVANCED_FACE('',(#598),#8141,.T.);
#8547=ADVANCED_FACE('',(#599),#8142,.T.);
#8548=ADVANCED_FACE('',(#600),#8143,.T.);
#8549=ADVANCED_FACE('',(#601),#8144,.T.);
#8550=ADVANCED_FACE('',(#602),#8145,.T.);
#8551=ADVANCED_FACE('',(#603),#8146,.T.);
#8552=ADVANCED_FACE('',(#604),#8147,.T.);
#8553=ADVANCED_FACE('',(#605),#8148,.T.);
#8554=ADVANCED_FACE('',(#606),#8149,.T.);
#8555=ADVANCED_FACE('',(#607),#8150,.T.);
#8556=ADVANCED_FACE('',(#608),#8151,.T.);
#8557=ADVANCED_FACE('',(#609),#84,.F.);
#8558=ADVANCED_FACE('',(#610),#8152,.F.);
#8559=ADVANCED_FACE('',(#611),#8153,.F.);
#8560=ADVANCED_FACE('',(#612),#8154,.F.);
#8561=ADVANCED_FACE('',(#613),#8155,.F.);
#8562=ADVANCED_FACE('',(#614),#8156,.T.);
#8563=ADVANCED_FACE('',(#615),#8157,.T.);
#8564=ADVANCED_FACE('',(#616),#8158,.T.);
#8565=ADVANCED_FACE('',(#617),#8159,.T.);
#8566=ADVANCED_FACE('',(#618),#8160,.T.);
#8567=ADVANCED_FACE('',(#619),#8161,.T.);
#8568=ADVANCED_FACE('',(#620),#8162,.T.);
#8569=ADVANCED_FACE('',(#621),#8163,.T.);
#8570=ADVANCED_FACE('',(#622),#8164,.F.);
#8571=ADVANCED_FACE('',(#623),#8165,.F.);
#8572=ADVANCED_FACE('',(#624),#8166,.T.);
#8573=ADVANCED_FACE('',(#625),#8167,.T.);
#8574=ADVANCED_FACE('',(#626),#8168,.T.);
#8575=ADVANCED_FACE('',(#627),#8169,.T.);
#8576=ADVANCED_FACE('',(#628),#8170,.F.);
#8577=ADVANCED_FACE('',(#629),#8171,.F.);
#8578=ADVANCED_FACE('',(#630),#85,.F.);
#8579=ADVANCED_FACE('',(#631),#86,.F.);
#8580=ADVANCED_FACE('',(#632),#87,.F.);
#8581=ADVANCED_FACE('',(#633),#88,.F.);
#8582=ADVANCED_FACE('',(#634),#8172,.T.);
#8583=ADVANCED_FACE('',(#635),#8173,.T.);
#8584=ADVANCED_FACE('',(#636),#8174,.T.);
#8585=ADVANCED_FACE('',(#637),#8175,.T.);
#8586=ADVANCED_FACE('',(#638),#8176,.T.);
#8587=ADVANCED_FACE('',(#639),#8177,.T.);
#8588=ADVANCED_FACE('',(#640),#8178,.T.);
#8589=ADVANCED_FACE('',(#641),#8179,.T.);
#8590=ADVANCED_FACE('',(#642),#8180,.T.);
#8591=ADVANCED_FACE('',(#643),#8181,.T.);
#8592=ADVANCED_FACE('',(#644),#8182,.T.);
#8593=ADVANCED_FACE('',(#645),#8183,.T.);
#8594=ADVANCED_FACE('',(#646),#8184,.T.);
#8595=ADVANCED_FACE('',(#647),#8185,.T.);
#8596=ADVANCED_FACE('',(#648),#8186,.T.);
#8597=ADVANCED_FACE('',(#649),#8187,.T.);
#8598=ADVANCED_FACE('',(#650),#8188,.T.);
#8599=ADVANCED_FACE('',(#651),#8189,.T.);
#8600=ADVANCED_FACE('',(#652,#165,#166,#167,#168),#8190,.T.);
#8601=ADVANCED_FACE('',(#653),#8191,.T.);
#8602=ADVANCED_FACE('',(#654),#8192,.T.);
#8603=ADVANCED_FACE('',(#655),#8193,.T.);
#8604=ADVANCED_FACE('',(#656),#8194,.T.);
#8605=ADVANCED_FACE('',(#657),#8195,.T.);
#8606=ADVANCED_FACE('',(#658),#8196,.T.);
#8607=ADVANCED_FACE('',(#659),#8197,.T.);
#8608=ADVANCED_FACE('',(#660),#8198,.T.);
#8609=ADVANCED_FACE('',(#661),#8199,.T.);
#8610=ADVANCED_FACE('',(#662),#8200,.T.);
#8611=ADVANCED_FACE('',(#663),#8201,.T.);
#8612=ADVANCED_FACE('',(#664),#8202,.T.);
#8613=ADVANCED_FACE('',(#665),#8203,.T.);
#8614=ADVANCED_FACE('',(#666),#8204,.T.);
#8615=ADVANCED_FACE('',(#667),#8205,.T.);
#8616=ADVANCED_FACE('',(#668),#8206,.T.);
#8617=ADVANCED_FACE('',(#669),#8207,.T.);
#8618=ADVANCED_FACE('',(#670),#8208,.T.);
#8619=ADVANCED_FACE('',(#671),#8209,.T.);
#8620=ADVANCED_FACE('',(#672),#8210,.T.);
#8621=ADVANCED_FACE('',(#673),#8211,.T.);
#8622=ADVANCED_FACE('',(#674),#8212,.T.);
#8623=ADVANCED_FACE('',(#675),#8213,.T.);
#8624=ADVANCED_FACE('',(#676),#8214,.T.);
#8625=ADVANCED_FACE('',(#677),#8215,.T.);
#8626=ADVANCED_FACE('',(#678),#8216,.T.);
#8627=ADVANCED_FACE('',(#679),#8217,.T.);
#8628=ADVANCED_FACE('',(#680),#23,.T.);
#8629=ADVANCED_FACE('',(#681),#8218,.T.);
#8630=ADVANCED_FACE('',(#682),#8219,.T.);
#8631=ADVANCED_FACE('',(#683),#8220,.T.);
#8632=ADVANCED_FACE('',(#684),#8221,.T.);
#8633=ADVANCED_FACE('',(#685),#8222,.T.);
#8634=ADVANCED_FACE('',(#686),#24,.T.);
#8635=ADVANCED_FACE('',(#687),#8223,.T.);
#8636=ADVANCED_FACE('',(#688),#8224,.T.);
#8637=ADVANCED_FACE('',(#689),#8225,.T.);
#8638=ADVANCED_FACE('',(#690),#8226,.T.);
#8639=ADVANCED_FACE('',(#691),#25,.T.);
#8640=ADVANCED_FACE('',(#692),#8227,.T.);
#8641=ADVANCED_FACE('',(#693),#26,.T.);
#8642=ADVANCED_FACE('',(#694),#8228,.T.);
#8643=ADVANCED_FACE('',(#695),#8229,.T.);
#8644=ADVANCED_FACE('',(#696),#8230,.T.);
#8645=ADVANCED_FACE('',(#697),#8231,.T.);
#8646=ADVANCED_FACE('',(#698),#8232,.T.);
#8647=ADVANCED_FACE('',(#699),#27,.T.);
#8648=ADVANCED_FACE('',(#700),#8233,.T.);
#8649=ADVANCED_FACE('',(#701),#28,.T.);
#8650=ADVANCED_FACE('',(#702),#89,.T.);
#8651=ADVANCED_FACE('',(#703),#90,.T.);
#8652=ADVANCED_FACE('',(#704),#8234,.T.);
#8653=ADVANCED_FACE('',(#705),#91,.T.);
#8654=ADVANCED_FACE('',(#706),#8235,.T.);
#8655=ADVANCED_FACE('',(#707),#92,.T.);
#8656=ADVANCED_FACE('',(#708),#8236,.T.);
#8657=ADVANCED_FACE('',(#709),#93,.T.);
#8658=ADVANCED_FACE('',(#710),#94,.T.);
#8659=ADVANCED_FACE('',(#711),#8237,.T.);
#8660=ADVANCED_FACE('',(#712),#8238,.T.);
#8661=ADVANCED_FACE('',(#713),#8239,.T.);
#8662=ADVANCED_FACE('',(#714),#8240,.T.);
#8663=ADVANCED_FACE('',(#715),#8241,.T.);
#8664=ADVANCED_FACE('',(#716),#8242,.T.);
#8665=ADVANCED_FACE('',(#717),#8243,.T.);
#8666=ADVANCED_FACE('',(#718),#8244,.T.);
#8667=ADVANCED_FACE('',(#719),#8245,.T.);
#8668=ADVANCED_FACE('',(#720),#8246,.T.);
#8669=ADVANCED_FACE('',(#721),#8247,.T.);
#8670=ADVANCED_FACE('',(#722),#8248,.T.);
#8671=ADVANCED_FACE('',(#723),#8249,.T.);
#8672=ADVANCED_FACE('',(#724),#8250,.T.);
#8673=ADVANCED_FACE('',(#725),#8251,.T.);
#8674=ADVANCED_FACE('',(#726),#8252,.T.);
#8675=ADVANCED_FACE('',(#727),#8253,.T.);
#8676=ADVANCED_FACE('',(#728),#8254,.T.);
#8677=ADVANCED_FACE('',(#729),#8255,.T.);
#8678=ADVANCED_FACE('',(#730),#8256,.T.);
#8679=ADVANCED_FACE('',(#731),#8257,.T.);
#8680=CLOSED_SHELL('',(#8258,#8259,#8260,#8261,#8262,#8263,#8264,#8265,
#8266,#8267,#8268,#8269,#8270,#8271,#8272,#8273,#8274,#8275,#8276,#8277,
#8278,#8279,#8280,#8281,#8282,#8283,#8284,#8285,#8286,#8287,#8288,#8289,
#8290,#8291,#8292,#8293,#8294,#8295,#8296,#8297,#8298,#8299,#8300,#8301,
#8302,#8303,#8304,#8305,#8306,#8307,#8308,#8309,#8310,#8311,#8312,#8313,
#8314,#8315,#8316,#8317,#8318,#8319,#8320,#8321,#8322,#8323,#8324,#8325,
#8326,#8327,#8328,#8329,#8330,#8331,#8332,#8333,#8334,#8335,#8336,#8337,
#8338,#8339,#8340,#8341,#8342,#8343,#8344,#8345,#8346,#8347,#8348,#8349,
#8350,#8351,#8352,#8353,#8354,#8355,#8356,#8357,#8358,#8359,#8360,#8361,
#8362,#8363,#8364,#8365,#8366,#8367,#8368,#8369,#8370,#8371,#8372,#8373,
#8374,#8375,#8376,#8377,#8378,#8379,#8380,#8381,#8382,#8383,#8384,#8385,
#8386,#8387,#8388,#8389,#8390,#8391,#8392,#8393,#8394,#8395,#8396,#8397,
#8398,#8399,#8400,#8401));
#8681=CLOSED_SHELL('',(#8402,#8403,#8404,#8405,#8406,#8407,#8408,#8409,
#8410,#8411,#8412,#8413,#8414,#8415,#8416,#8417,#8418,#8419,#8420,#8421,
#8422,#8423,#8424,#8425,#8426,#8427,#8428,#8429,#8430,#8431,#8432,#8433,
#8434,#8435,#8436,#8437,#8438,#8439,#8440,#8441,#8442,#8443,#8444,#8445,
#8446,#8447,#8448,#8449,#8450,#8451,#8452,#8453,#8454,#8455,#8456,#8457,
#8458,#8459,#8460,#8461,#8462,#8463,#8464,#8465,#8466,#8467,#8468,#8469,
#8470,#8471,#8472,#8473,#8474,#8475,#8476,#8477,#8478,#8479,#8480,#8481,
#8482,#8483,#8484,#8485,#8486,#8487,#8488,#8489,#8490,#8491,#8492,#8493,
#8494,#8495,#8496,#8497,#8498,#8499,#8500,#8501,#8502,#8503,#8504,#8505,
#8506,#8507,#8508,#8509,#8510,#8511,#8512,#8513,#8514,#8515,#8516,#8517,
#8518,#8519,#8520,#8521,#8522,#8523,#8524,#8525,#8526,#8527,#8528,#8529,
#8530));
#8682=CLOSED_SHELL('',(#8531,#8532,#8533,#8534,#8535,#8536,#8537,#8538,
#8539,#8540,#8541,#8542,#8543,#8544,#8545,#8546,#8547,#8548,#8549,#8550,
#8551,#8552,#8553,#8554,#8555,#8556,#8557,#8558,#8559,#8560,#8561,#8562,
#8563,#8564,#8565,#8566,#8567,#8568,#8569,#8570,#8571,#8572,#8573,#8574,
#8575,#8576,#8577,#8578,#8579,#8580,#8581,#8582,#8583,#8584,#8585,#8586,
#8587,#8588,#8589,#8590,#8591,#8592,#8593,#8594,#8595,#8596,#8597,#8598,
#8599,#8600,#8601,#8602,#8603,#8604,#8605,#8606,#8607,#8608,#8609,#8610,
#8611,#8612,#8613,#8614,#8615,#8616,#8617,#8618,#8619,#8620,#8621,#8622,
#8623,#8624,#8625,#8626,#8627,#8628,#8629,#8630,#8631,#8632,#8633,#8634,
#8635,#8636,#8637,#8638,#8639,#8640,#8641,#8642,#8643,#8644,#8645,#8646,
#8647,#8648,#8649,#8650,#8651,#8652,#8653,#8654,#8655,#8656,#8657,#8658,
#8659,#8660,#8661,#8662,#8663,#8664,#8665,#8666,#8667,#8668,#8669,#8670,
#8671,#8672,#8673,#8674,#8675,#8676,#8677,#8678,#8679));
#8683=DERIVED_UNIT_ELEMENT(#8689,1.);
#8684=DERIVED_UNIT_ELEMENT(#14235,-3.);
#8685=DERIVED_UNIT_ELEMENT(#8689,1.);
#8686=DERIVED_UNIT_ELEMENT(#14235,-3.);
#8687=DERIVED_UNIT_ELEMENT(#8689,1.);
#8688=DERIVED_UNIT_ELEMENT(#14235,-3.);
#8689=(
MASS_UNIT()
NAMED_UNIT(*)
SI_UNIT(.KILO.,.GRAM.)
);
#8690=DERIVED_UNIT((#8683,#8684));
#8691=DERIVED_UNIT((#8685,#8686));
#8692=DERIVED_UNIT((#8687,#8688));
#8693=MEASURE_REPRESENTATION_ITEM('density measure',
POSITIVE_RATIO_MEASURE(7850.),#8690);
#8694=MEASURE_REPRESENTATION_ITEM('density measure',
POSITIVE_RATIO_MEASURE(7850.),#8691);
#8695=MEASURE_REPRESENTATION_ITEM('density measure',
POSITIVE_RATIO_MEASURE(7850.),#8692);
#8696=PROPERTY_DEFINITION_REPRESENTATION(#8711,#8702);
#8697=PROPERTY_DEFINITION_REPRESENTATION(#8712,#8703);
#8698=PROPERTY_DEFINITION_REPRESENTATION(#8713,#8704);
#8699=PROPERTY_DEFINITION_REPRESENTATION(#8714,#8705);
#8700=PROPERTY_DEFINITION_REPRESENTATION(#8715,#8706);
#8701=PROPERTY_DEFINITION_REPRESENTATION(#8716,#8707);
#8702=REPRESENTATION('material name',(#8708),#14230);
#8703=REPRESENTATION('density',(#8693),#14230);
#8704=REPRESENTATION('material name',(#8709),#14231);
#8705=REPRESENTATION('density',(#8694),#14231);
#8706=REPRESENTATION('material name',(#8710),#14232);
#8707=REPRESENTATION('density',(#8695),#14232);
#8708=DESCRIPTIVE_REPRESENTATION_ITEM('Steel','Steel');
#8709=DESCRIPTIVE_REPRESENTATION_ITEM('Steel','Steel');
#8710=DESCRIPTIVE_REPRESENTATION_ITEM('Steel','Steel');
#8711=PROPERTY_DEFINITION('material property','material name',#14255);
#8712=PROPERTY_DEFINITION('material property','density of part',#14255);
#8713=PROPERTY_DEFINITION('material property','material name',#14256);
#8714=PROPERTY_DEFINITION('material property','density of part',#14256);
#8715=PROPERTY_DEFINITION('material property','material name',#14257);
#8716=PROPERTY_DEFINITION('material property','density of part',#14257);
#8717=AXIS2_PLACEMENT_3D('',#11491,#9281,#9282);
#8718=AXIS2_PLACEMENT_3D('',#11492,#9283,#9284);
#8719=AXIS2_PLACEMENT_3D('',#11493,#9285,#9286);
#8720=AXIS2_PLACEMENT_3D('',#11502,#9291,#9292);
#8721=AXIS2_PLACEMENT_3D('',#11508,#9296,#9297);
#8722=AXIS2_PLACEMENT_3D('',#11514,#9301,#9302);
#8723=AXIS2_PLACEMENT_3D('',#11520,#9306,#9307);
#8724=AXIS2_PLACEMENT_3D('',#11529,#9312,#9313);
#8725=AXIS2_PLACEMENT_3D('',#11532,#9316,#9317);
#8726=AXIS2_PLACEMENT_3D('',#11538,#9321,#9322);
#8727=AXIS2_PLACEMENT_3D('',#11544,#9326,#9327);
#8728=AXIS2_PLACEMENT_3D('',#11550,#9331,#9332);
#8729=AXIS2_PLACEMENT_3D('',#11556,#9336,#9337);
#8730=AXIS2_PLACEMENT_3D('',#11562,#9341,#9342);
#8731=AXIS2_PLACEMENT_3D('',#11565,#9345,#9346);
#8732=AXIS2_PLACEMENT_3D('',#11571,#9350,#9351);
#8733=AXIS2_PLACEMENT_3D('',#11575,#9354,#9355);
#8734=AXIS2_PLACEMENT_3D('',#11579,#9358,#9359);
#8735=AXIS2_PLACEMENT_3D('',#11583,#9362,#9363);
#8736=AXIS2_PLACEMENT_3D('',#11587,#9366,#9367);
#8737=AXIS2_PLACEMENT_3D('',#11591,#9370,#9371);
#8738=AXIS2_PLACEMENT_3D('',#11594,#9372,#9373);
#8739=AXIS2_PLACEMENT_3D('',#11602,#9377,#9378);
#8740=AXIS2_PLACEMENT_3D('',#11610,#9382,#9383);
#8741=AXIS2_PLACEMENT_3D('',#11627,#9392,#9393);
#8742=AXIS2_PLACEMENT_3D('',#11650,#9404,#9405);
#8743=AXIS2_PLACEMENT_3D('',#11651,#9406,#9407);
#8744=AXIS2_PLACEMENT_3D('',#11654,#9408,#9409);
#8745=AXIS2_PLACEMENT_3D('',#11656,#9410,#9411);
#8746=AXIS2_PLACEMENT_3D('',#11658,#9412,#9413);
#8747=AXIS2_PLACEMENT_3D('',#11659,#9414,#9415);
#8748=AXIS2_PLACEMENT_3D('',#11662,#9416,#9417);
#8749=AXIS2_PLACEMENT_3D('',#11672,#9422,#9423);
#8750=AXIS2_PLACEMENT_3D('',#11691,#9433,#9434);
#8751=AXIS2_PLACEMENT_3D('',#11701,#9439,#9440);
#8752=AXIS2_PLACEMENT_3D('',#11704,#9441,#9442);
#8753=AXIS2_PLACEMENT_3D('',#11714,#9447,#9448);
#8754=AXIS2_PLACEMENT_3D('',#11726,#9454,#9455);
#8755=AXIS2_PLACEMENT_3D('',#11746,#9465,#9466);
#8756=AXIS2_PLACEMENT_3D('',#11747,#9467,#9468);
#8757=AXIS2_PLACEMENT_3D('',#11750,#9469,#9470);
#8758=AXIS2_PLACEMENT_3D('',#11780,#9485,#9486);
#8759=AXIS2_PLACEMENT_3D('',#11790,#9492,#9493);
#8760=AXIS2_PLACEMENT_3D('',#11796,#9497,#9498);
#8761=AXIS2_PLACEMENT_3D('',#11802,#9502,#9503);
#8762=AXIS2_PLACEMENT_3D('',#11808,#9507,#9508);
#8763=AXIS2_PLACEMENT_3D('',#11814,#9512,#9513);
#8764=AXIS2_PLACEMENT_3D('',#11820,#9517,#9518);
#8765=AXIS2_PLACEMENT_3D('',#11826,#9522,#9523);
#8766=AXIS2_PLACEMENT_3D('',#11831,#9527,#9528);
#8767=AXIS2_PLACEMENT_3D('',#11835,#9531,#9532);
#8768=AXIS2_PLACEMENT_3D('',#11839,#9535,#9536);
#8769=AXIS2_PLACEMENT_3D('',#11843,#9539,#9540);
#8770=AXIS2_PLACEMENT_3D('',#11847,#9543,#9544);
#8771=AXIS2_PLACEMENT_3D('',#11849,#9546,#9547);
#8772=AXIS2_PLACEMENT_3D('',#11874,#9560,#9561);
#8773=AXIS2_PLACEMENT_3D('',#11880,#9565,#9566);
#8774=AXIS2_PLACEMENT_3D('',#11884,#9568,#9569);
#8775=AXIS2_PLACEMENT_3D('',#11886,#9571,#9572);
#8776=AXIS2_PLACEMENT_3D('',#11896,#9578,#9579);
#8777=AXIS2_PLACEMENT_3D('',#11910,#9583,#9584);
#8778=AXIS2_PLACEMENT_3D('',#11917,#9587,#9588);
#8779=AXIS2_PLACEMENT_3D('',#11925,#9592,#9593);
#8780=AXIS2_PLACEMENT_3D('',#11933,#9597,#9598);
#8781=AXIS2_PLACEMENT_3D('',#11935,#9600,#9601);
#8782=AXIS2_PLACEMENT_3D('',#11961,#9611,#9612);
#8783=AXIS2_PLACEMENT_3D('',#11967,#9616,#9617);
#8784=AXIS2_PLACEMENT_3D('',#11981,#9621,#9622);
#8785=AXIS2_PLACEMENT_3D('',#12007,#9632,#9633);
#8786=AXIS2_PLACEMENT_3D('',#12014,#9636,#9637);
#8787=AXIS2_PLACEMENT_3D('',#12028,#9645,#9646);
#8788=AXIS2_PLACEMENT_3D('',#12042,#9650,#9651);
#8789=AXIS2_PLACEMENT_3D('',#12051,#9656,#9657);
#8790=AXIS2_PLACEMENT_3D('',#12075,#9665,#9666);
#8791=AXIS2_PLACEMENT_3D('',#12077,#9668,#9669);
#8792=AXIS2_PLACEMENT_3D('',#12086,#9674,#9675);
#8793=AXIS2_PLACEMENT_3D('',#12095,#9680,#9681);
#8794=AXIS2_PLACEMENT_3D('',#12101,#9685,#9686);
#8795=AXIS2_PLACEMENT_3D('',#12148,#9689,#9690);
#8796=AXIS2_PLACEMENT_3D('',#12153,#9694,#9695);
#8797=AXIS2_PLACEMENT_3D('',#12159,#9699,#9700);
#8798=AXIS2_PLACEMENT_3D('',#12164,#9704,#9705);
#8799=AXIS2_PLACEMENT_3D('',#12170,#9709,#9710);
#8800=AXIS2_PLACEMENT_3D('',#12219,#9714,#9715);
#8801=AXIS2_PLACEMENT_3D('',#12224,#9719,#9720);
#8802=AXIS2_PLACEMENT_3D('',#12272,#9723,#9724);
#8803=AXIS2_PLACEMENT_3D('',#12277,#9728,#9729);
#8804=AXIS2_PLACEMENT_3D('',#12283,#9733,#9734);
#8805=AXIS2_PLACEMENT_3D('',#12332,#9738,#9739);
#8806=AXIS2_PLACEMENT_3D('',#12381,#9743,#9744);
#8807=AXIS2_PLACEMENT_3D('',#12430,#9748,#9749);
#8808=AXIS2_PLACEMENT_3D('',#12435,#9753,#9754);
#8809=AXIS2_PLACEMENT_3D('',#12439,#9756,#9757);
#8810=AXIS2_PLACEMENT_3D('',#12440,#9758,#9759);
#8811=AXIS2_PLACEMENT_3D('',#12443,#9761,#9762);
#8812=AXIS2_PLACEMENT_3D('',#12447,#9764,#9765);
#8813=AXIS2_PLACEMENT_3D('',#12448,#9766,#9767);
#8814=AXIS2_PLACEMENT_3D('',#12451,#9769,#9770);
#8815=AXIS2_PLACEMENT_3D('',#12454,#9772,#9773);
#8816=AXIS2_PLACEMENT_3D('',#12457,#9775,#9776);
#8817=AXIS2_PLACEMENT_3D('',#12460,#9778,#9779);
#8818=AXIS2_PLACEMENT_3D('',#12464,#9781,#9782);
#8819=AXIS2_PLACEMENT_3D('',#12466,#9783,#9784);
#8820=AXIS2_PLACEMENT_3D('',#12468,#9786,#9787);
#8821=AXIS2_PLACEMENT_3D('',#12471,#9789,#9790);
#8822=AXIS2_PLACEMENT_3D('',#12474,#9791,#9792);
#8823=AXIS2_PLACEMENT_3D('',#12476,#9793,#9794);
#8824=AXIS2_PLACEMENT_3D('',#12478,#9795,#9796);
#8825=AXIS2_PLACEMENT_3D('',#12479,#9797,#9798);
#8826=AXIS2_PLACEMENT_3D('',#12480,#9799,#9800);
#8827=AXIS2_PLACEMENT_3D('',#12483,#9803,#9804);
#8828=AXIS2_PLACEMENT_3D('',#12486,#9807,#9808);
#8829=AXIS2_PLACEMENT_3D('',#12489,#9811,#9812);
#8830=AXIS2_PLACEMENT_3D('',#12490,#9813,#9814);
#8831=AXIS2_PLACEMENT_3D('',#12498,#9822,#9823);
#8832=AXIS2_PLACEMENT_3D('',#12500,#9825,#9826);
#8833=AXIS2_PLACEMENT_3D('',#12507,#9833,#9834);
#8834=AXIS2_PLACEMENT_3D('',#12508,#9835,#9836);
#8835=AXIS2_PLACEMENT_3D('',#12511,#9839,#9840);
#8836=AXIS2_PLACEMENT_3D('',#12514,#9843,#9844);
#8837=AXIS2_PLACEMENT_3D('',#12516,#9846,#9847);
#8838=AXIS2_PLACEMENT_3D('',#12518,#9849,#9850);
#8839=AXIS2_PLACEMENT_3D('',#12522,#9854,#9855);
#8840=AXIS2_PLACEMENT_3D('',#12524,#9857,#9858);
#8841=AXIS2_PLACEMENT_3D('',#12525,#9859,#9860);
#8842=AXIS2_PLACEMENT_3D('',#12527,#9862,#9863);
#8843=AXIS2_PLACEMENT_3D('',#12529,#9865,#9866);
#8844=AXIS2_PLACEMENT_3D('',#12531,#9868,#9869);
#8845=AXIS2_PLACEMENT_3D('',#12533,#9871,#9872);
#8846=AXIS2_PLACEMENT_3D('',#12535,#9874,#9875);
#8847=AXIS2_PLACEMENT_3D('',#12537,#9877,#9878);
#8848=AXIS2_PLACEMENT_3D('',#12544,#9885,#9886);
#8849=AXIS2_PLACEMENT_3D('',#12546,#9888,#9889);
#8850=AXIS2_PLACEMENT_3D('',#12547,#9890,#9891);
#8851=AXIS2_PLACEMENT_3D('',#12550,#9894,#9895);
#8852=AXIS2_PLACEMENT_3D('',#12553,#9898,#9899);
#8853=AXIS2_PLACEMENT_3D('',#12554,#9900,#9901);
#8854=AXIS2_PLACEMENT_3D('',#12556,#9903,#9904);
#8855=AXIS2_PLACEMENT_3D('',#12557,#9905,#9906);
#8856=AXIS2_PLACEMENT_3D('',#12560,#9909,#9910);
#8857=AXIS2_PLACEMENT_3D('',#12561,#9911,#9912);
#8858=AXIS2_PLACEMENT_3D('',#12562,#9913,#9914);
#8859=AXIS2_PLACEMENT_3D('',#12563,#9915,#9916);
#8860=AXIS2_PLACEMENT_3D('',#12565,#9918,#9919);
#8861=AXIS2_PLACEMENT_3D('',#12568,#9922,#9923);
#8862=AXIS2_PLACEMENT_3D('',#12569,#9924,#9925);
#8863=AXIS2_PLACEMENT_3D('',#12570,#9926,#9927);
#8864=AXIS2_PLACEMENT_3D('',#12572,#9929,#9930);
#8865=AXIS2_PLACEMENT_3D('',#12573,#9931,#9932);
#8866=AXIS2_PLACEMENT_3D('',#12574,#9933,#9934);
#8867=AXIS2_PLACEMENT_3D('',#12576,#9936,#9937);
#8868=AXIS2_PLACEMENT_3D('',#12577,#9938,#9939);
#8869=AXIS2_PLACEMENT_3D('',#12580,#9942,#9943);
#8870=AXIS2_PLACEMENT_3D('',#12581,#9944,#9945);
#8871=AXIS2_PLACEMENT_3D('',#12582,#9946,#9947);
#8872=AXIS2_PLACEMENT_3D('',#12585,#9950,#9951);
#8873=AXIS2_PLACEMENT_3D('',#12586,#9952,#9953);
#8874=AXIS2_PLACEMENT_3D('',#12587,#9954,#9955);
#8875=AXIS2_PLACEMENT_3D('',#12590,#9958,#9959);
#8876=AXIS2_PLACEMENT_3D('',#12592,#9961,#9962);
#8877=AXIS2_PLACEMENT_3D('',#12594,#9964,#9965);
#8878=AXIS2_PLACEMENT_3D('',#12595,#9966,#9967);
#8879=AXIS2_PLACEMENT_3D('',#12597,#9969,#9970);
#8880=AXIS2_PLACEMENT_3D('',#12599,#9972,#9973);
#8881=AXIS2_PLACEMENT_3D('',#12601,#9975,#9976);
#8882=AXIS2_PLACEMENT_3D('',#12603,#9978,#9979);
#8883=AXIS2_PLACEMENT_3D('',#12604,#9980,#9981);
#8884=AXIS2_PLACEMENT_3D('',#12606,#9983,#9984);
#8885=AXIS2_PLACEMENT_3D('',#12610,#9988,#9989);
#8886=AXIS2_PLACEMENT_3D('',#12612,#9991,#9992);
#8887=AXIS2_PLACEMENT_3D('',#12614,#9994,#9995);
#8888=AXIS2_PLACEMENT_3D('',#12615,#9996,#9997);
#8889=AXIS2_PLACEMENT_3D('',#12617,#9999,#10000);
#8890=AXIS2_PLACEMENT_3D('',#12618,#10001,#10002);
#8891=AXIS2_PLACEMENT_3D('',#12619,#10003,#10004);
#8892=AXIS2_PLACEMENT_3D('',#12621,#10006,#10007);
#8893=AXIS2_PLACEMENT_3D('',#12623,#10009,#10010);
#8894=AXIS2_PLACEMENT_3D('',#12625,#10012,#10013);
#8895=AXIS2_PLACEMENT_3D('',#12626,#10014,#10015);
#8896=AXIS2_PLACEMENT_3D('',#12628,#10017,#10018);
#8897=AXIS2_PLACEMENT_3D('',#12630,#10020,#10021);
#8898=AXIS2_PLACEMENT_3D('',#12632,#10023,#10024);
#8899=AXIS2_PLACEMENT_3D('',#12634,#10026,#10027);
#8900=AXIS2_PLACEMENT_3D('',#12636,#10029,#10030);
#8901=AXIS2_PLACEMENT_3D('',#12637,#10031,#10032);
#8902=AXIS2_PLACEMENT_3D('',#12638,#10033,#10034);
#8903=AXIS2_PLACEMENT_3D('',#12647,#10039,#10040);
#8904=AXIS2_PLACEMENT_3D('',#12653,#10044,#10045);
#8905=AXIS2_PLACEMENT_3D('',#12659,#10049,#10050);
#8906=AXIS2_PLACEMENT_3D('',#12665,#10054,#10055);
#8907=AXIS2_PLACEMENT_3D('',#12671,#10059,#10060);
#8908=AXIS2_PLACEMENT_3D('',#12677,#10064,#10065);
#8909=AXIS2_PLACEMENT_3D('',#12683,#10069,#10070);
#8910=AXIS2_PLACEMENT_3D('',#12689,#10074,#10075);
#8911=AXIS2_PLACEMENT_3D('',#12695,#10079,#10080);
#8912=AXIS2_PLACEMENT_3D('',#12701,#10084,#10085);
#8913=AXIS2_PLACEMENT_3D('',#12707,#10089,#10090);
#8914=AXIS2_PLACEMENT_3D('',#12710,#10093,#10094);
#8915=AXIS2_PLACEMENT_3D('',#12716,#10098,#10099);
#8916=AXIS2_PLACEMENT_3D('',#12720,#10102,#10103);
#8917=AXIS2_PLACEMENT_3D('',#12724,#10106,#10107);
#8918=AXIS2_PLACEMENT_3D('',#12728,#10110,#10111);
#8919=AXIS2_PLACEMENT_3D('',#12732,#10114,#10115);
#8920=AXIS2_PLACEMENT_3D('',#12736,#10118,#10119);
#8921=AXIS2_PLACEMENT_3D('',#12761,#10132,#10133);
#8922=AXIS2_PLACEMENT_3D('',#12770,#10138,#10139);
#8923=AXIS2_PLACEMENT_3D('',#12774,#10141,#10142);
#8924=AXIS2_PLACEMENT_3D('',#12776,#10144,#10145);
#8925=AXIS2_PLACEMENT_3D('',#12786,#10151,#10152);
#8926=AXIS2_PLACEMENT_3D('',#12795,#10157,#10158);
#8927=AXIS2_PLACEMENT_3D('',#12822,#10173,#10174);
#8928=AXIS2_PLACEMENT_3D('',#12831,#10179,#10180);
#8929=AXIS2_PLACEMENT_3D('',#12858,#10195,#10196);
#8930=AXIS2_PLACEMENT_3D('',#12864,#10200,#10201);
#8931=AXIS2_PLACEMENT_3D('',#12870,#10205,#10206);
#8932=AXIS2_PLACEMENT_3D('',#12879,#10211,#10212);
#8933=AXIS2_PLACEMENT_3D('',#12903,#10226,#10227);
#8934=AXIS2_PLACEMENT_3D('',#12907,#10230,#10231);
#8935=AXIS2_PLACEMENT_3D('',#12913,#10235,#10236);
#8936=AXIS2_PLACEMENT_3D('',#12922,#10241,#10242);
#8937=AXIS2_PLACEMENT_3D('',#12949,#10257,#10258);
#8938=AXIS2_PLACEMENT_3D('',#12955,#10262,#10263);
#8939=AXIS2_PLACEMENT_3D('',#12961,#10267,#10268);
#8940=AXIS2_PLACEMENT_3D('',#12970,#10273,#10274);
#8941=AXIS2_PLACEMENT_3D('',#12997,#10289,#10290);
#8942=AXIS2_PLACEMENT_3D('',#13003,#10294,#10295);
#8943=AXIS2_PLACEMENT_3D('',#13009,#10299,#10300);
#8944=AXIS2_PLACEMENT_3D('',#13018,#10305,#10306);
#8945=AXIS2_PLACEMENT_3D('',#13021,#10309,#10310);
#8946=AXIS2_PLACEMENT_3D('',#13030,#10315,#10316);
#8947=AXIS2_PLACEMENT_3D('',#13054,#10330,#10331);
#8948=AXIS2_PLACEMENT_3D('',#13060,#10335,#10336);
#8949=AXIS2_PLACEMENT_3D('',#13066,#10340,#10341);
#8950=AXIS2_PLACEMENT_3D('',#13072,#10345,#10346);
#8951=AXIS2_PLACEMENT_3D('',#13076,#10348,#10349);
#8952=AXIS2_PLACEMENT_3D('',#13081,#10352,#10353);
#8953=AXIS2_PLACEMENT_3D('',#13089,#10357,#10358);
#8954=AXIS2_PLACEMENT_3D('',#13091,#10360,#10361);
#8955=AXIS2_PLACEMENT_3D('',#13102,#10367,#10368);
#8956=AXIS2_PLACEMENT_3D('',#13106,#10371,#10372);
#8957=AXIS2_PLACEMENT_3D('',#13110,#10374,#10375);
#8958=AXIS2_PLACEMENT_3D('',#13112,#10376,#10377);
#8959=AXIS2_PLACEMENT_3D('',#13126,#10385,#10386);
#8960=AXIS2_PLACEMENT_3D('',#13131,#10389,#10390);
#8961=AXIS2_PLACEMENT_3D('',#13133,#10391,#10392);
#8962=AXIS2_PLACEMENT_3D('',#13140,#10396,#10397);
#8963=AXIS2_PLACEMENT_3D('',#13147,#10401,#10402);
#8964=AXIS2_PLACEMENT_3D('',#13152,#10405,#10406);
#8965=AXIS2_PLACEMENT_3D('',#13157,#10409,#10410);
#8966=AXIS2_PLACEMENT_3D('',#13164,#10414,#10415);
#8967=AXIS2_PLACEMENT_3D('',#13171,#10419,#10420);
#8968=AXIS2_PLACEMENT_3D('',#13176,#10423,#10424);
#8969=AXIS2_PLACEMENT_3D('',#13178,#10425,#10426);
#8970=AXIS2_PLACEMENT_3D('',#13184,#10429,#10430);
#8971=AXIS2_PLACEMENT_3D('',#13186,#10431,#10432);
#8972=AXIS2_PLACEMENT_3D('',#13188,#10433,#10434);
#8973=AXIS2_PLACEMENT_3D('',#13189,#10435,#10436);
#8974=AXIS2_PLACEMENT_3D('',#13190,#10437,#10438);
#8975=AXIS2_PLACEMENT_3D('',#13194,#10441,#10442);
#8976=AXIS2_PLACEMENT_3D('',#13196,#10444,#10445);
#8977=AXIS2_PLACEMENT_3D('',#13200,#10448,#10449);
#8978=AXIS2_PLACEMENT_3D('',#13201,#10450,#10451);
#8979=AXIS2_PLACEMENT_3D('',#13202,#10452,#10453);
#8980=AXIS2_PLACEMENT_3D('',#13206,#10456,#10457);
#8981=AXIS2_PLACEMENT_3D('',#13208,#10459,#10460);
#8982=AXIS2_PLACEMENT_3D('',#13212,#10463,#10464);
#8983=AXIS2_PLACEMENT_3D('',#13213,#10465,#10466);
#8984=AXIS2_PLACEMENT_3D('',#13214,#10467,#10468);
#8985=AXIS2_PLACEMENT_3D('',#13217,#10469,#10470);
#8986=AXIS2_PLACEMENT_3D('',#13220,#10473,#10474);
#8987=AXIS2_PLACEMENT_3D('',#13222,#10475,#10476);
#8988=AXIS2_PLACEMENT_3D('',#13224,#10478,#10479);
#8989=AXIS2_PLACEMENT_3D('',#13226,#10480,#10481);
#8990=AXIS2_PLACEMENT_3D('',#13228,#10483,#10484);
#8991=AXIS2_PLACEMENT_3D('',#13229,#10485,#10486);
#8992=AXIS2_PLACEMENT_3D('',#13230,#10487,#10488);
#8993=AXIS2_PLACEMENT_3D('',#13236,#10492,#10493);
#8994=AXIS2_PLACEMENT_3D('',#13238,#10495,#10496);
#8995=AXIS2_PLACEMENT_3D('',#13242,#10499,#10500);
#8996=AXIS2_PLACEMENT_3D('',#13243,#10501,#10502);
#8997=AXIS2_PLACEMENT_3D('',#13244,#10503,#10504);
#8998=AXIS2_PLACEMENT_3D('',#13250,#10508,#10509);
#8999=AXIS2_PLACEMENT_3D('',#13252,#10510,#10511);
#9000=AXIS2_PLACEMENT_3D('',#13254,#10513,#10514);
#9001=AXIS2_PLACEMENT_3D('',#13256,#10516,#10517);
#9002=AXIS2_PLACEMENT_3D('',#13260,#10520,#10521);
#9003=AXIS2_PLACEMENT_3D('',#13264,#10524,#10525);
#9004=AXIS2_PLACEMENT_3D('',#13266,#10526,#10527);
#9005=AXIS2_PLACEMENT_3D('',#13268,#10529,#10530);
#9006=AXIS2_PLACEMENT_3D('',#13272,#10533,#10534);
#9007=AXIS2_PLACEMENT_3D('',#13274,#10536,#10537);
#9008=AXIS2_PLACEMENT_3D('',#13276,#10539,#10540);
#9009=AXIS2_PLACEMENT_3D('',#13280,#10543,#10544);
#9010=AXIS2_PLACEMENT_3D('',#13284,#10547,#10548);
#9011=AXIS2_PLACEMENT_3D('',#13286,#10550,#10551);
#9012=AXIS2_PLACEMENT_3D('',#13290,#10554,#10555);
#9013=AXIS2_PLACEMENT_3D('',#13294,#10558,#10559);
#9014=AXIS2_PLACEMENT_3D('',#13296,#10560,#10561);
#9015=AXIS2_PLACEMENT_3D('',#13298,#10563,#10564);
#9016=AXIS2_PLACEMENT_3D('',#13300,#10565,#10566);
#9017=AXIS2_PLACEMENT_3D('',#13302,#10568,#10569);
#9018=AXIS2_PLACEMENT_3D('',#13304,#10571,#10572);
#9019=AXIS2_PLACEMENT_3D('',#13308,#10575,#10576);
#9020=AXIS2_PLACEMENT_3D('',#13310,#10578,#10579);
#9021=AXIS2_PLACEMENT_3D('',#13314,#10582,#10583);
#9022=AXIS2_PLACEMENT_3D('',#13315,#10584,#10585);
#9023=AXIS2_PLACEMENT_3D('',#13316,#10586,#10587);
#9024=AXIS2_PLACEMENT_3D('',#13320,#10590,#10591);
#9025=AXIS2_PLACEMENT_3D('',#13324,#10594,#10595);
#9026=AXIS2_PLACEMENT_3D('',#13326,#10596,#10597);
#9027=AXIS2_PLACEMENT_3D('',#13328,#10599,#10600);
#9028=AXIS2_PLACEMENT_3D('',#13329,#10601,#10602);
#9029=AXIS2_PLACEMENT_3D('',#13331,#10604,#10605);
#9030=AXIS2_PLACEMENT_3D('',#13333,#10607,#10608);
#9031=AXIS2_PLACEMENT_3D('',#13339,#10612,#10613);
#9032=AXIS2_PLACEMENT_3D('',#13341,#10615,#10616);
#9033=AXIS2_PLACEMENT_3D('',#13345,#10619,#10620);
#9034=AXIS2_PLACEMENT_3D('',#13346,#10621,#10622);
#9035=AXIS2_PLACEMENT_3D('',#13347,#10623,#10624);
#9036=AXIS2_PLACEMENT_3D('',#13349,#10626,#10627);
#9037=AXIS2_PLACEMENT_3D('',#13353,#10630,#10631);
#9038=AXIS2_PLACEMENT_3D('',#13355,#10632,#10633);
#9039=AXIS2_PLACEMENT_3D('',#13357,#10635,#10636);
#9040=AXIS2_PLACEMENT_3D('',#13359,#10638,#10639);
#9041=AXIS2_PLACEMENT_3D('',#13361,#10641,#10642);
#9042=AXIS2_PLACEMENT_3D('',#13363,#10644,#10645);
#9043=AXIS2_PLACEMENT_3D('',#13367,#10648,#10649);
#9044=AXIS2_PLACEMENT_3D('',#13371,#10652,#10653);
#9045=AXIS2_PLACEMENT_3D('',#13373,#10654,#10655);
#9046=AXIS2_PLACEMENT_3D('',#13375,#10657,#10658);
#9047=AXIS2_PLACEMENT_3D('',#13377,#10659,#10660);
#9048=AXIS2_PLACEMENT_3D('',#13379,#10662,#10663);
#9049=AXIS2_PLACEMENT_3D('',#13381,#10665,#10666);
#9050=AXIS2_PLACEMENT_3D('',#13385,#10669,#10670);
#9051=AXIS2_PLACEMENT_3D('',#13389,#10673,#10674);
#9052=AXIS2_PLACEMENT_3D('',#13391,#10675,#10676);
#9053=AXIS2_PLACEMENT_3D('',#13393,#10678,#10679);
#9054=AXIS2_PLACEMENT_3D('',#13395,#10681,#10682);
#9055=AXIS2_PLACEMENT_3D('',#13401,#10686,#10687);
#9056=AXIS2_PLACEMENT_3D('',#13403,#10689,#10690);
#9057=AXIS2_PLACEMENT_3D('',#13407,#10693,#10694);
#9058=AXIS2_PLACEMENT_3D('',#13408,#10695,#10696);
#9059=AXIS2_PLACEMENT_3D('',#13409,#10697,#10698);
#9060=AXIS2_PLACEMENT_3D('',#13411,#10700,#10701);
#9061=AXIS2_PLACEMENT_3D('',#13415,#10704,#10705);
#9062=AXIS2_PLACEMENT_3D('',#13419,#10708,#10709);
#9063=AXIS2_PLACEMENT_3D('',#13421,#10711,#10712);
#9064=AXIS2_PLACEMENT_3D('',#13427,#10716,#10717);
#9065=AXIS2_PLACEMENT_3D('',#13429,#10719,#10720);
#9066=AXIS2_PLACEMENT_3D('',#13433,#10723,#10724);
#9067=AXIS2_PLACEMENT_3D('',#13434,#10725,#10726);
#9068=AXIS2_PLACEMENT_3D('',#13435,#10727,#10728);
#9069=AXIS2_PLACEMENT_3D('',#13439,#10731,#10732);
#9070=AXIS2_PLACEMENT_3D('',#13443,#10735,#10736);
#9071=AXIS2_PLACEMENT_3D('',#13447,#10739,#10740);
#9072=AXIS2_PLACEMENT_3D('',#13451,#10743,#10744);
#9073=AXIS2_PLACEMENT_3D('',#13455,#10747,#10748);
#9074=AXIS2_PLACEMENT_3D('',#13457,#10750,#10751);
#9075=AXIS2_PLACEMENT_3D('',#13458,#10752,#10753);
#9076=AXIS2_PLACEMENT_3D('',#13459,#10754,#10755);
#9077=AXIS2_PLACEMENT_3D('',#13478,#10765,#10766);
#9078=AXIS2_PLACEMENT_3D('',#13479,#10767,#10768);
#9079=AXIS2_PLACEMENT_3D('',#13480,#10769,#10770);
#9080=AXIS2_PLACEMENT_3D('',#13485,#10773,#10774);
#9081=AXIS2_PLACEMENT_3D('',#13486,#10775,#10776);
#9082=AXIS2_PLACEMENT_3D('',#13492,#10780,#10781);
#9083=AXIS2_PLACEMENT_3D('',#13494,#10782,#10783);
#9084=AXIS2_PLACEMENT_3D('',#13496,#10784,#10785);
#9085=AXIS2_PLACEMENT_3D('',#13500,#10788,#10789);
#9086=AXIS2_PLACEMENT_3D('',#13511,#10796,#10797);
#9087=AXIS2_PLACEMENT_3D('',#13512,#10798,#10799);
#9088=AXIS2_PLACEMENT_3D('',#13513,#10800,#10801);
#9089=AXIS2_PLACEMENT_3D('',#13517,#10804,#10805);
#9090=AXIS2_PLACEMENT_3D('',#13519,#10806,#10807);
#9091=AXIS2_PLACEMENT_3D('',#13520,#10808,#10809);
#9092=AXIS2_PLACEMENT_3D('',#13521,#10810,#10811);
#9093=AXIS2_PLACEMENT_3D('',#13522,#10812,#10813);
#9094=AXIS2_PLACEMENT_3D('',#13523,#10814,#10815);
#9095=AXIS2_PLACEMENT_3D('',#13526,#10817,#10818);
#9096=AXIS2_PLACEMENT_3D('',#13527,#10819,#10820);
#9097=AXIS2_PLACEMENT_3D('',#13589,#10851,#10852);
#9098=AXIS2_PLACEMENT_3D('',#13591,#10853,#10854);
#9099=AXIS2_PLACEMENT_3D('',#13628,#10873,#10874);
#9100=AXIS2_PLACEMENT_3D('',#13629,#10875,#10876);
#9101=AXIS2_PLACEMENT_3D('',#13630,#10877,#10878);
#9102=AXIS2_PLACEMENT_3D('',#13631,#10879,#10880);
#9103=AXIS2_PLACEMENT_3D('',#13632,#10881,#10882);
#9104=AXIS2_PLACEMENT_3D('',#13638,#10886,#10887);
#9105=AXIS2_PLACEMENT_3D('',#13642,#10890,#10891);
#9106=AXIS2_PLACEMENT_3D('',#13646,#10894,#10895);
#9107=AXIS2_PLACEMENT_3D('',#13655,#10900,#10901);
#9108=AXIS2_PLACEMENT_3D('',#13674,#10911,#10912);
#9109=AXIS2_PLACEMENT_3D('',#13675,#10913,#10914);
#9110=AXIS2_PLACEMENT_3D('',#13676,#10915,#10916);
#9111=AXIS2_PLACEMENT_3D('',#13682,#10919,#10920);
#9112=AXIS2_PLACEMENT_3D('',#13683,#10921,#10922);
#9113=AXIS2_PLACEMENT_3D('',#13684,#10923,#10924);
#9114=AXIS2_PLACEMENT_3D('',#13690,#10928,#10929);
#9115=AXIS2_PLACEMENT_3D('',#13692,#10930,#10931);
#9116=AXIS2_PLACEMENT_3D('',#13696,#10934,#10935);
#9117=AXIS2_PLACEMENT_3D('',#13707,#10942,#10943);
#9118=AXIS2_PLACEMENT_3D('',#13708,#10944,#10945);
#9119=AXIS2_PLACEMENT_3D('',#13709,#10946,#10947);
#9120=AXIS2_PLACEMENT_3D('',#13713,#10950,#10951);
#9121=AXIS2_PLACEMENT_3D('',#13714,#10952,#10953);
#9122=AXIS2_PLACEMENT_3D('',#13715,#10954,#10955);
#9123=AXIS2_PLACEMENT_3D('',#13716,#10956,#10957);
#9124=AXIS2_PLACEMENT_3D('',#13718,#10958,#10959);
#9125=AXIS2_PLACEMENT_3D('',#13720,#10961,#10962);
#9126=AXIS2_PLACEMENT_3D('',#13721,#10963,#10964);
#9127=AXIS2_PLACEMENT_3D('',#13722,#10965,#10966);
#9128=AXIS2_PLACEMENT_3D('',#13723,#10967,#10968);
#9129=AXIS2_PLACEMENT_3D('',#13724,#10969,#10970);
#9130=AXIS2_PLACEMENT_3D('',#13725,#10971,#10972);
#9131=AXIS2_PLACEMENT_3D('',#13731,#10976,#10977);
#9132=AXIS2_PLACEMENT_3D('',#13735,#10980,#10981);
#9133=AXIS2_PLACEMENT_3D('',#13739,#10984,#10985);
#9134=AXIS2_PLACEMENT_3D('',#13748,#10990,#10991);
#9135=AXIS2_PLACEMENT_3D('',#13767,#11001,#11002);
#9136=AXIS2_PLACEMENT_3D('',#13768,#11003,#11004);
#9137=AXIS2_PLACEMENT_3D('',#13769,#11005,#11006);
#9138=AXIS2_PLACEMENT_3D('',#13774,#11009,#11010);
#9139=AXIS2_PLACEMENT_3D('',#13775,#11011,#11012);
#9140=AXIS2_PLACEMENT_3D('',#13781,#11016,#11017);
#9141=AXIS2_PLACEMENT_3D('',#13784,#11019,#11020);
#9142=AXIS2_PLACEMENT_3D('',#13785,#11021,#11022);
#9143=AXIS2_PLACEMENT_3D('',#13786,#11023,#11024);
#9144=AXIS2_PLACEMENT_3D('',#13787,#11025,#11026);
#9145=AXIS2_PLACEMENT_3D('',#13789,#11027,#11028);
#9146=AXIS2_PLACEMENT_3D('',#13793,#11031,#11032);
#9147=AXIS2_PLACEMENT_3D('',#13804,#11039,#11040);
#9148=AXIS2_PLACEMENT_3D('',#13806,#11041,#11042);
#9149=AXIS2_PLACEMENT_3D('',#13807,#11043,#11044);
#9150=AXIS2_PLACEMENT_3D('',#13808,#11045,#11046);
#9151=AXIS2_PLACEMENT_3D('',#13810,#11048,#11049);
#9152=AXIS2_PLACEMENT_3D('',#13811,#11050,#11051);
#9153=AXIS2_PLACEMENT_3D('',#13812,#11052,#11053);
#9154=AXIS2_PLACEMENT_3D('',#13813,#11054,#11055);
#9155=AXIS2_PLACEMENT_3D('',#13814,#11056,#11057);
#9156=AXIS2_PLACEMENT_3D('',#13816,#11058,#11059);
#9157=AXIS2_PLACEMENT_3D('',#13818,#11061,#11062);
#9158=AXIS2_PLACEMENT_3D('',#13820,#11063,#11064);
#9159=AXIS2_PLACEMENT_3D('',#13822,#11066,#11067);
#9160=AXIS2_PLACEMENT_3D('',#13824,#11069,#11070);
#9161=AXIS2_PLACEMENT_3D('',#13826,#11071,#11072);
#9162=AXIS2_PLACEMENT_3D('',#13828,#11074,#11075);
#9163=AXIS2_PLACEMENT_3D('',#13836,#11080,#11081);
#9164=AXIS2_PLACEMENT_3D('',#13840,#11084,#11085);
#9165=AXIS2_PLACEMENT_3D('',#13846,#11089,#11090);
#9166=AXIS2_PLACEMENT_3D('',#13852,#11094,#11095);
#9167=AXIS2_PLACEMENT_3D('',#13857,#11099,#11100);
#9168=AXIS2_PLACEMENT_3D('',#13861,#11103,#11104);
#9169=AXIS2_PLACEMENT_3D('',#13867,#11108,#11109);
#9170=AXIS2_PLACEMENT_3D('',#13873,#11113,#11114);
#9171=AXIS2_PLACEMENT_3D('',#13879,#11118,#11119);
#9172=AXIS2_PLACEMENT_3D('',#13885,#11123,#11124);
#9173=AXIS2_PLACEMENT_3D('',#13891,#11128,#11129);
#9174=AXIS2_PLACEMENT_3D('',#13894,#11132,#11133);
#9175=AXIS2_PLACEMENT_3D('',#13900,#11137,#11138);
#9176=AXIS2_PLACEMENT_3D('',#13904,#11141,#11142);
#9177=AXIS2_PLACEMENT_3D('',#13908,#11145,#11146);
#9178=AXIS2_PLACEMENT_3D('',#13912,#11149,#11150);
#9179=AXIS2_PLACEMENT_3D('',#13916,#11153,#11154);
#9180=AXIS2_PLACEMENT_3D('',#13918,#11156,#11157);
#9181=AXIS2_PLACEMENT_3D('',#13955,#11176,#11177);
#9182=AXIS2_PLACEMENT_3D('',#13960,#11181,#11182);
#9183=AXIS2_PLACEMENT_3D('',#13962,#11184,#11185);
#9184=AXIS2_PLACEMENT_3D('',#13964,#11187,#11188);
#9185=AXIS2_PLACEMENT_3D('',#13966,#11190,#11191);
#9186=AXIS2_PLACEMENT_3D('',#13970,#11194,#11195);
#9187=AXIS2_PLACEMENT_3D('',#13974,#11198,#11199);
#9188=AXIS2_PLACEMENT_3D('',#13978,#11202,#11203);
#9189=AXIS2_PLACEMENT_3D('',#13982,#11206,#11207);
#9190=AXIS2_PLACEMENT_3D('',#13986,#11210,#11211);
#9191=AXIS2_PLACEMENT_3D('',#13990,#11214,#11215);
#9192=AXIS2_PLACEMENT_3D('',#13994,#11218,#11219);
#9193=AXIS2_PLACEMENT_3D('',#13998,#11222,#11223);
#9194=AXIS2_PLACEMENT_3D('',#14001,#11226,#11227);
#9195=AXIS2_PLACEMENT_3D('',#14003,#11229,#11230);
#9196=AXIS2_PLACEMENT_3D('',#14005,#11232,#11233);
#9197=AXIS2_PLACEMENT_3D('',#14007,#11235,#11236);
#9198=AXIS2_PLACEMENT_3D('',#14011,#11239,#11240);
#9199=AXIS2_PLACEMENT_3D('',#14013,#11242,#11243);
#9200=AXIS2_PLACEMENT_3D('',#14016,#11246,#11247);
#9201=AXIS2_PLACEMENT_3D('',#14018,#11249,#11250);
#9202=AXIS2_PLACEMENT_3D('',#14019,#11251,#11252);
#9203=AXIS2_PLACEMENT_3D('',#14021,#11254,#11255);
#9204=AXIS2_PLACEMENT_3D('',#14023,#11257,#11258);
#9205=AXIS2_PLACEMENT_3D('',#14024,#11259,#11260);
#9206=AXIS2_PLACEMENT_3D('',#14032,#11265,#11266);
#9207=AXIS2_PLACEMENT_3D('',#14036,#11269,#11270);
#9208=AXIS2_PLACEMENT_3D('',#14040,#11273,#11274);
#9209=AXIS2_PLACEMENT_3D('',#14041,#11275,#11276);
#9210=AXIS2_PLACEMENT_3D('',#14042,#11277,#11278);
#9211=AXIS2_PLACEMENT_3D('',#14043,#11279,#11280);
#9212=AXIS2_PLACEMENT_3D('',#14047,#11283,#11284);
#9213=AXIS2_PLACEMENT_3D('',#14051,#11287,#11288);
#9214=AXIS2_PLACEMENT_3D('',#14055,#11291,#11292);
#9215=AXIS2_PLACEMENT_3D('',#14059,#11295,#11296);
#9216=AXIS2_PLACEMENT_3D('',#14063,#11299,#11300);
#9217=AXIS2_PLACEMENT_3D('',#14065,#11301,#11302);
#9218=AXIS2_PLACEMENT_3D('',#14068,#11304,#11305);
#9219=AXIS2_PLACEMENT_3D('',#14069,#11306,#11307);
#9220=AXIS2_PLACEMENT_3D('',#14072,#11310,#11311);
#9221=AXIS2_PLACEMENT_3D('',#14077,#11314,#11315);
#9222=AXIS2_PLACEMENT_3D('',#14078,#11316,#11317);
#9223=AXIS2_PLACEMENT_3D('',#14080,#11318,#11319);
#9224=AXIS2_PLACEMENT_3D('',#14082,#11321,#11322);
#9225=AXIS2_PLACEMENT_3D('',#14091,#11327,#11328);
#9226=AXIS2_PLACEMENT_3D('',#14092,#11329,#11330);
#9227=AXIS2_PLACEMENT_3D('',#14093,#11331,#11332);
#9228=AXIS2_PLACEMENT_3D('',#14094,#11333,#11334);
#9229=AXIS2_PLACEMENT_3D('',#14099,#11338,#11339);
#9230=AXIS2_PLACEMENT_3D('',#14102,#11341,#11342);
#9231=AXIS2_PLACEMENT_3D('',#14103,#11343,#11344);
#9232=AXIS2_PLACEMENT_3D('',#14105,#11346,#11347);
#9233=AXIS2_PLACEMENT_3D('',#14108,#11349,#11350);
#9234=AXIS2_PLACEMENT_3D('',#14110,#11352,#11353);
#9235=AXIS2_PLACEMENT_3D('',#14111,#11354,#11355);
#9236=AXIS2_PLACEMENT_3D('',#14117,#11359,#11360);
#9237=AXIS2_PLACEMENT_3D('',#14121,#11363,#11364);
#9238=AXIS2_PLACEMENT_3D('',#14124,#11366,#11367);
#9239=AXIS2_PLACEMENT_3D('',#14125,#11368,#11369);
#9240=AXIS2_PLACEMENT_3D('',#14127,#11371,#11372);
#9241=AXIS2_PLACEMENT_3D('',#14128,#11373,#11374);
#9242=AXIS2_PLACEMENT_3D('',#14129,#11375,#11376);
#9243=AXIS2_PLACEMENT_3D('',#14131,#11377,#11378);
#9244=AXIS2_PLACEMENT_3D('',#14133,#11380,#11381);
#9245=AXIS2_PLACEMENT_3D('',#14136,#11383,#11384);
#9246=AXIS2_PLACEMENT_3D('',#14137,#11385,#11386);
#9247=AXIS2_PLACEMENT_3D('',#14157,#11397,#11398);
#9248=AXIS2_PLACEMENT_3D('',#14160,#11400,#11401);
#9249=AXIS2_PLACEMENT_3D('',#14161,#11402,#11403);
#9250=AXIS2_PLACEMENT_3D('',#14167,#11407,#11408);
#9251=AXIS2_PLACEMENT_3D('',#14169,#11409,#11410);
#9252=AXIS2_PLACEMENT_3D('',#14171,#11412,#11413);
#9253=AXIS2_PLACEMENT_3D('',#14179,#11418,#11419);
#9254=AXIS2_PLACEMENT_3D('',#14180,#11420,#11421);
#9255=AXIS2_PLACEMENT_3D('',#14181,#11422,#11423);
#9256=AXIS2_PLACEMENT_3D('',#14182,#11424,#11425);
#9257=AXIS2_PLACEMENT_3D('',#14183,#11426,#11427);
#9258=AXIS2_PLACEMENT_3D('',#14185,#11429,#11430);
#9259=AXIS2_PLACEMENT_3D('',#14188,#11433,#11434);
#9260=AXIS2_PLACEMENT_3D('',#14189,#11435,#11436);
#9261=AXIS2_PLACEMENT_3D('',#14190,#11437,#11438);
#9262=AXIS2_PLACEMENT_3D('',#14193,#11441,#11442);
#9263=AXIS2_PLACEMENT_3D('',#14194,#11443,#11444);
#9264=AXIS2_PLACEMENT_3D('',#14195,#11445,#11446);
#9265=AXIS2_PLACEMENT_3D('',#14198,#11449,#11450);
#9266=AXIS2_PLACEMENT_3D('',#14200,#11452,#11453);
#9267=AXIS2_PLACEMENT_3D('',#14202,#11455,#11456);
#9268=AXIS2_PLACEMENT_3D('',#14204,#11458,#11459);
#9269=AXIS2_PLACEMENT_3D('',#14206,#11461,#11462);
#9270=AXIS2_PLACEMENT_3D('',#14207,#11463,#11464);
#9271=AXIS2_PLACEMENT_3D('',#14209,#11466,#11467);
#9272=AXIS2_PLACEMENT_3D('',#14210,#11468,#11469);
#9273=AXIS2_PLACEMENT_3D('',#14212,#11471,#11472);
#9274=AXIS2_PLACEMENT_3D('',#14214,#11474,#11475);
#9275=AXIS2_PLACEMENT_3D('',#14216,#11477,#11478);
#9276=AXIS2_PLACEMENT_3D('',#14218,#11480,#11481);
#9277=AXIS2_PLACEMENT_3D('',#14220,#11483,#11484);
#9278=AXIS2_PLACEMENT_3D('',#14221,#11485,#11486);
#9279=AXIS2_PLACEMENT_3D('',#14222,#11487,#11488);
#9280=AXIS2_PLACEMENT_3D('',#14223,#11489,#11490);
#9281=DIRECTION('axis',(0.,0.,1.));
#9282=DIRECTION('refdir',(1.,0.,0.));
#9283=DIRECTION('axis',(0.,0.,1.));
#9284=DIRECTION('refdir',(1.,0.,0.));
#9285=DIRECTION('center_axis',(-0.353553390593271,-0.612372435695789,-0.707106781186554));
#9286=DIRECTION('ref_axis',(-0.894427190999919,0.,0.447213595499951));
#9287=DIRECTION('',(0.866025403784439,-0.5,0.));
#9288=DIRECTION('',(-0.186156787897403,-0.694746590606864,0.694746590606863));
#9289=DIRECTION('',(-0.866025403784439,0.5,0.));
#9290=DIRECTION('',(-0.508589802709467,-0.508589802709498,0.694746590606862));
#9291=DIRECTION('center_axis',(0.,-0.707106781186547,-0.707106781186548));
#9292=DIRECTION('ref_axis',(-1.,0.,0.));
#9293=DIRECTION('',(1.,0.,0.));
#9294=DIRECTION('',(0.186156787897372,-0.694746590606868,0.694746590606867));
#9295=DIRECTION('',(-1.,0.,0.));
#9296=DIRECTION('center_axis',(0.353553390593277,-0.6123724356958,-0.707106781186541));
#9297=DIRECTION('ref_axis',(-0.894427190999913,0.,-0.447213595499964));
#9298=DIRECTION('',(0.866025403784439,0.5,0.));
#9299=DIRECTION('',(0.5085898027095,-0.508589802709462,0.694746590606865));
#9300=DIRECTION('',(-0.866025403784439,-0.5,0.));
#9301=DIRECTION('center_axis',(0.612372435695792,-0.353553390593272,-0.707106781186551));
#9302=DIRECTION('ref_axis',(-0.755928946018457,0.,-0.654653670707974));
#9303=DIRECTION('',(0.5,0.866025403784439,0.));
#9304=DIRECTION('',(0.694746590606863,-0.186156787897411,0.694746590606862));
#9305=DIRECTION('',(-0.5,-0.866025403784439,0.));
#9306=DIRECTION('center_axis',(0.612372435695793,0.353553390593273,-0.707106781186549));
#9307=DIRECTION('ref_axis',(-0.755928946018456,0.,-0.654653670707976));
#9308=DIRECTION('',(0.5,-0.866025403784439,0.));
#9309=DIRECTION('',(-0.694746590606866,-0.186156787897388,-0.694746590606865));
#9310=DIRECTION('',(-0.5,0.866025403784439,0.));
#9311=DIRECTION('',(0.508589802709469,0.508589802709492,0.694746590606865));
#9312=DIRECTION('center_axis',(0.707106781186547,-4.40878547696069E-16,
-0.707106781186548));
#9313=DIRECTION('ref_axis',(-0.707106781186548,0.,-0.707106781186547));
#9314=DIRECTION('',(6.23496421511134E-16,1.,0.));
#9315=DIRECTION('',(-6.23496421511134E-16,-1.,0.));
#9316=DIRECTION('center_axis',(0.353553390593274,0.612372435695793,-0.707106781186549));
#9317=DIRECTION('ref_axis',(-0.894427190999916,0.,-0.447213595499957));
#9318=DIRECTION('',(0.866025403784438,-0.500000000000001,0.));
#9319=DIRECTION('',(-0.866025403784438,0.500000000000001,0.));
#9320=DIRECTION('',(0.186156787897388,0.694746590606866,0.694746590606865));
#9321=DIRECTION('center_axis',(0.,0.707106781186547,-0.707106781186548));
#9322=DIRECTION('ref_axis',(-1.,0.,0.));
#9323=DIRECTION('',(1.,0.,0.));
#9324=DIRECTION('',(-1.,0.,0.));
#9325=DIRECTION('',(-0.186156787897388,0.694746590606866,0.694746590606865));
#9326=DIRECTION('center_axis',(-0.353553390593273,0.612372435695794,-0.707106781186549));
#9327=DIRECTION('ref_axis',(-0.894427190999917,0.,0.447213595499956));
#9328=DIRECTION('',(0.866025403784439,0.499999999999999,0.));
#9329=DIRECTION('',(-0.866025403784439,-0.499999999999999,0.));
#9330=DIRECTION('',(-0.508589802709483,0.508589802709483,0.694746590606862));
#9331=DIRECTION('center_axis',(-0.612372435695791,0.353553390593273,-0.707106781186551));
#9332=DIRECTION('ref_axis',(-0.755928946018458,0.,0.654653670707973));
#9333=DIRECTION('',(0.500000000000001,0.866025403784438,0.));
#9334=DIRECTION('',(-0.500000000000001,-0.866025403784438,0.));
#9335=DIRECTION('',(-0.694746590606863,0.186156787897411,0.694746590606862));
#9336=DIRECTION('center_axis',(-0.707106781186547,4.40878547696069E-16,
-0.707106781186548));
#9337=DIRECTION('ref_axis',(-0.707106781186548,0.,0.707106781186547));
#9338=DIRECTION('',(6.23496421511135E-16,1.,0.));
#9339=DIRECTION('',(-6.23496421511135E-16,-1.,0.));
#9340=DIRECTION('',(-0.694746590606867,-0.186156787897381,0.694746590606866));
#9341=DIRECTION('center_axis',(-0.612372435695796,-0.353553390593273,-0.707106781186547));
#9342=DIRECTION('ref_axis',(-0.755928946018454,0.,0.654653670707978));
#9343=DIRECTION('',(-0.499999999999998,0.86602540378444,0.));
#9344=DIRECTION('',(0.499999999999998,-0.86602540378444,0.));
#9345=DIRECTION('center_axis',(-0.5,-0.866025403784439,0.));
#9346=DIRECTION('ref_axis',(0.866025403784439,-0.5,0.));
#9347=DIRECTION('',(0.,0.,1.));
#9348=DIRECTION('',(0.866025403784439,-0.5,0.));
#9349=DIRECTION('',(0.,0.,1.));
#9350=DIRECTION('center_axis',(0.,-1.,0.));
#9351=DIRECTION('ref_axis',(1.,0.,0.));
#9352=DIRECTION('',(0.,0.,1.));
#9353=DIRECTION('',(1.,0.,0.));
#9354=DIRECTION('center_axis',(0.5,-0.866025403784439,0.));
#9355=DIRECTION('ref_axis',(0.866025403784439,0.5,0.));
#9356=DIRECTION('',(0.,0.,1.));
#9357=DIRECTION('',(0.866025403784439,0.5,0.));
#9358=DIRECTION('center_axis',(0.866025403784439,-0.5,0.));
#9359=DIRECTION('ref_axis',(0.5,0.866025403784439,0.));
#9360=DIRECTION('',(0.,0.,1.));
#9361=DIRECTION('',(0.5,0.866025403784439,0.));
#9362=DIRECTION('center_axis',(1.,-6.23496421511134E-16,0.));
#9363=DIRECTION('ref_axis',(6.23496421511134E-16,1.,0.));
#9364=DIRECTION('',(0.,0.,1.));
#9365=DIRECTION('',(6.23496421511134E-16,1.,0.));
#9366=DIRECTION('center_axis',(0.866025403784439,0.5,0.));
#9367=DIRECTION('ref_axis',(-0.5,0.866025403784439,0.));
#9368=DIRECTION('',(0.,0.,1.));
#9369=DIRECTION('',(-0.5,0.866025403784439,0.));
#9370=DIRECTION('center_axis',(0.,0.,1.));
#9371=DIRECTION('ref_axis',(-1.,0.,0.));
#9372=DIRECTION('center_axis',(0.,0.,1.));
#9373=DIRECTION('ref_axis',(-0.955064136811237,-0.296399214872452,0.));
#9374=DIRECTION('',(0.5,0.866025403784439,0.));
#9375=DIRECTION('',(-0.866025403784439,0.5,0.));
#9376=DIRECTION('',(-0.86602540378444,-0.499999999999998,0.));
#9377=DIRECTION('center_axis',(0.,0.,1.));
#9378=DIRECTION('ref_axis',(-1.,0.,0.));
#9379=DIRECTION('',(0.,-1.,0.));
#9380=DIRECTION('',(-1.,0.,0.));
#9381=DIRECTION('',(6.36265721810857E-18,1.,0.));
#9382=DIRECTION('center_axis',(0.,0.,1.));
#9383=DIRECTION('ref_axis',(-1.,0.,0.));
#9384=DIRECTION('',(-0.866025403784438,0.500000000000001,0.));
#9385=DIRECTION('',(-0.866025403784439,-0.5,0.));
#9386=DIRECTION('',(0.5,-0.866025403784439,0.));
#9387=DIRECTION('',(0.866025403784439,0.5,0.));
#9388=DIRECTION('',(-0.5,0.866025403784439,0.));
#9389=DIRECTION('',(-0.866025403784439,-0.5,0.));
#9390=DIRECTION('',(-2.08115950573596E-15,-1.,0.));
#9391=DIRECTION('',(0.866025403784438,-0.5,0.));
#9392=DIRECTION('center_axis',(0.,0.,1.));
#9393=DIRECTION('ref_axis',(-0.233153164042029,-0.972440024935826,0.));
#9394=DIRECTION('',(6.36914343197906E-16,1.,0.));
#9395=DIRECTION('',(-0.499999999999999,0.866025403784439,0.));
#9396=DIRECTION('',(-0.866025403784439,0.5,0.));
#9397=DIRECTION('',(-5.08717087744215E-16,-1.,0.));
#9398=DIRECTION('',(0.500000000000189,-0.866025403784329,0.));
#9399=DIRECTION('',(0.866025403784438,-0.500000000000002,0.));
#9400=DIRECTION('',(1.,4.91670323811496E-17,0.));
#9401=DIRECTION('',(6.36914343197906E-16,1.,0.));
#9402=DIRECTION('',(-0.866025403784437,0.500000000000003,0.));
#9403=DIRECTION('',(-0.866025403784439,-0.5,0.));
#9404=DIRECTION('center_axis',(0.,0.,1.));
#9405=DIRECTION('ref_axis',(-0.955064136811237,-0.296399214872452,0.));
#9406=DIRECTION('center_axis',(0.,0.,1.));
#9407=DIRECTION('ref_axis',(0.922249535038505,0.386595130752137,0.));
#9408=DIRECTION('center_axis',(0.,0.,-1.));
#9409=DIRECTION('ref_axis',(-0.233174537510205,-0.972434900163966,0.));
#9410=DIRECTION('center_axis',(0.,0.,-1.));
#9411=DIRECTION('ref_axis',(0.922249535038505,0.386595130752137,0.));
#9412=DIRECTION('center_axis',(0.,0.,-1.));
#9413=DIRECTION('ref_axis',(-0.955064136811237,-0.296399214872452,0.));
#9414=DIRECTION('center_axis',(0.,0.,1.));
#9415=DIRECTION('ref_axis',(0.233152443466371,0.972440197701463,0.));
#9416=DIRECTION('center_axis',(0.,0.,1.));
#9417=DIRECTION('ref_axis',(0.922249535038505,0.386595130752137,0.));
#9418=DIRECTION('',(-0.866025403784439,-0.5,0.));
#9419=DIRECTION('',(-0.499999999999999,-0.866025403784439,0.));
#9420=DIRECTION('',(0.866025403784438,-0.500000000000001,0.));
#9421=DIRECTION('',(0.5,0.866025403784439,0.));
#9422=DIRECTION('center_axis',(0.,0.,1.));
#9423=DIRECTION('ref_axis',(-0.233153164042029,-0.972440024935826,0.));
#9424=DIRECTION('',(-0.866025403784438,0.5,0.));
#9425=DIRECTION('',(-0.866025403784439,-0.499999999999999,0.));
#9426=DIRECTION('',(-6.36914343197906E-16,-1.,0.));
#9427=DIRECTION('',(1.,-4.53162445934552E-17,0.));
#9428=DIRECTION('',(-0.5,-0.866025403784438,0.));
#9429=DIRECTION('',(0.866025403784438,-0.500000000000001,0.));
#9430=DIRECTION('',(1.,0.,0.));
#9431=DIRECTION('',(0.866025403784439,0.499999999999999,0.));
#9432=DIRECTION('',(-0.499999999999999,0.866025403784439,0.));
#9433=DIRECTION('center_axis',(0.,0.,1.));
#9434=DIRECTION('ref_axis',(0.922249535038505,0.386595130752137,0.));
#9435=DIRECTION('',(0.499999999999999,-0.866025403784439,0.));
#9436=DIRECTION('',(0.866025403784439,0.499999999999999,0.));
#9437=DIRECTION('',(-0.499999999999999,0.866025403784439,0.));
#9438=DIRECTION('',(-0.866025403784439,0.5,0.));
#9439=DIRECTION('center_axis',(0.,0.,1.));
#9440=DIRECTION('ref_axis',(0.922249535038505,0.386595130752137,0.));
#9441=DIRECTION('center_axis',(0.,0.,1.));
#9442=DIRECTION('ref_axis',(0.922249535038505,0.386595130752137,0.));
#9443=DIRECTION('',(0.866025403784439,-0.5,0.));
#9444=DIRECTION('',(1.,-1.07774993808521E-15,0.));
#9445=DIRECTION('',(6.36914343197906E-16,1.,0.));
#9446=DIRECTION('',(-1.,-2.51833449446753E-16,0.));
#9447=DIRECTION('center_axis',(0.,0.,-1.));
#9448=DIRECTION('ref_axis',(-1.,0.,0.));
#9449=DIRECTION('',(-1.,8.83817144748035E-16,0.));
#9450=DIRECTION('',(-6.36914343197906E-16,-1.,0.));
#9451=DIRECTION('',(0.5,-0.866025403784439,0.));
#9452=DIRECTION('',(0.866025403784438,-0.500000000000001,0.));
#9453=DIRECTION('',(0.500000000000001,0.866025403784438,0.));
#9454=DIRECTION('center_axis',(0.,0.,-1.));
#9455=DIRECTION('ref_axis',(-1.,0.,0.));
#9456=DIRECTION('',(0.499999999999999,-0.866025403784439,0.));
#9457=DIRECTION('',(0.866025403784439,0.499999999999999,0.));
#9458=DIRECTION('',(0.500000000000001,0.866025403784438,0.));
#9459=DIRECTION('',(6.36914343197906E-16,1.,0.));
#9460=DIRECTION('',(-1.,7.25669032175288E-16,0.));
#9461=DIRECTION('',(-1.,4.63669486187865E-17,0.));
#9462=DIRECTION('',(-6.36914343197906E-16,-1.,0.));
#9463=DIRECTION('',(1.,-1.20479438480915E-15,0.));
#9464=DIRECTION('',(0.866025403784439,0.499999999999999,0.));
#9465=DIRECTION('center_axis',(0.,0.,1.));
#9466=DIRECTION('ref_axis',(0.922249535038505,0.386595130752137,0.));
#9467=DIRECTION('center_axis',(0.,0.,1.));
#9468=DIRECTION('ref_axis',(-0.233153164042029,-0.972440024935826,0.));
#9469=DIRECTION('center_axis',(0.,0.,1.));
#9470=DIRECTION('ref_axis',(-0.955064136811237,-0.296399214872452,0.));
#9471=DIRECTION('',(0.866025403784439,0.5,0.));
#9472=DIRECTION('',(0.,1.,0.));
#9473=DIRECTION('',(-0.866025403784439,0.5,0.));
#9474=DIRECTION('',(-0.5,-0.866025403784439,0.));
#9475=DIRECTION('',(-0.866025403784439,-0.5,0.));
#9476=DIRECTION('',(-0.5,-0.866025403784439,0.));
#9477=DIRECTION('',(-6.36914343197906E-16,-1.,0.));
#9478=DIRECTION('',(0.866025403784438,0.500000000000001,0.));
#9479=DIRECTION('',(0.500000000000189,0.86602540378433,0.));
#9480=DIRECTION('',(9.6390772655158E-16,1.,0.));
#9481=DIRECTION('',(-1.,0.,0.));
#9482=DIRECTION('',(0.866025403784438,-0.500000000000001,0.));
#9483=DIRECTION('',(1.,0.,0.));
#9484=DIRECTION('',(0.866025403784439,0.499999999999999,0.));
#9485=DIRECTION('center_axis',(0.,0.,-1.));
#9486=DIRECTION('ref_axis',(-1.,0.,0.));
#9487=DIRECTION('',(0.866025403784439,0.5,0.));
#9488=DIRECTION('',(-0.866025403784439,0.5,0.));
#9489=DIRECTION('',(-1.,0.,0.));
#9490=DIRECTION('',(-0.866025403784439,-0.5,0.));
#9491=DIRECTION('',(0.866025403784438,-0.5,0.));
#9492=DIRECTION('center_axis',(-0.353553390593275,-0.612372435695796,0.707106781186546));
#9493=DIRECTION('ref_axis',(0.894427190999915,0.,0.44721359549996));
#9494=DIRECTION('',(-0.866025403784439,0.5,0.));
#9495=DIRECTION('',(-0.508589802709469,-0.508589802709488,-0.694746590606869));
#9496=DIRECTION('',(-0.186156787897381,-0.694746590606865,-0.694746590606867));
#9497=DIRECTION('center_axis',(-0.6123724356958,-0.353553390593276,0.707106781186542));
#9498=DIRECTION('ref_axis',(0.755928946018449,0.,0.654653670707984));
#9499=DIRECTION('',(-0.499999999999998,0.86602540378444,0.));
#9500=DIRECTION('',(-0.694746590606866,-0.186156787897375,-0.694746590606868));
#9501=DIRECTION('',(0.499999999999998,-0.86602540378444,0.));
#9502=DIRECTION('center_axis',(-0.707106781186549,4.4087854769607E-16,0.707106781186546));
#9503=DIRECTION('ref_axis',(0.707106781186546,0.,0.707106781186549));
#9504=DIRECTION('',(6.23496421511135E-16,1.,0.));
#9505=DIRECTION('',(-0.694746590606865,0.186156787897381,-0.694746590606867));
#9506=DIRECTION('',(-6.23496421511135E-16,-1.,0.));
#9507=DIRECTION('center_axis',(-0.612372435695795,0.353553390593276,0.707106781186546));
#9508=DIRECTION('ref_axis',(0.755928946018453,0.,0.654653670707979));
#9509=DIRECTION('',(0.500000000000001,0.866025403784438,0.));
#9510=DIRECTION('',(-0.508589802709475,0.508589802709484,-0.694746590606867));
#9511=DIRECTION('',(-0.500000000000001,-0.866025403784438,0.));
#9512=DIRECTION('center_axis',(-0.353553390593274,0.612372435695797,0.707106781186545));
#9513=DIRECTION('ref_axis',(0.894427190999915,0.,0.44721359549996));
#9514=DIRECTION('',(0.866025403784439,0.499999999999999,0.));
#9515=DIRECTION('',(-0.186156787897384,0.694746590606865,-0.694746590606867));
#9516=DIRECTION('',(-0.866025403784439,-0.499999999999999,0.));
#9517=DIRECTION('center_axis',(0.,0.707106781186549,0.707106781186546));
#9518=DIRECTION('ref_axis',(1.,0.,0.));
#9519=DIRECTION('',(1.,0.,0.));
#9520=DIRECTION('',(0.18615678789739,0.694746590606864,-0.694746590606866));
#9521=DIRECTION('',(-1.,0.,0.));
#9522=DIRECTION('center_axis',(0.353553390593274,0.612372435695794,0.707106781186548));
#9523=DIRECTION('ref_axis',(0.894427190999916,0.,-0.447213595499958));
#9524=DIRECTION('',(0.866025403784438,-0.500000000000001,0.));
#9525=DIRECTION('',(0.508589802709471,0.508589802709487,-0.694746590606868));
#9526=DIRECTION('',(-0.866025403784438,0.500000000000001,0.));
#9527=DIRECTION('center_axis',(0.612372435695797,0.353553390593275,0.707106781186545));
#9528=DIRECTION('ref_axis',(0.755928946018452,0.,-0.65465367070798));
#9529=DIRECTION('',(0.5,-0.866025403784439,0.));
#9530=DIRECTION('',(0.694746590606861,0.186156787897391,-0.694746590606869));
#9531=DIRECTION('center_axis',(0.707106781186552,-4.40878547696072E-16,
0.707106781186543));
#9532=DIRECTION('ref_axis',(0.707106781186543,0.,-0.707106781186552));
#9533=DIRECTION('',(-6.23496421511134E-16,-1.,0.));
#9534=DIRECTION('',(0.694746590606858,-0.186156787897409,-0.694746590606867));
#9535=DIRECTION('center_axis',(0.612372435695793,-0.353553390593273,0.707106781186549));
#9536=DIRECTION('ref_axis',(0.755928946018456,0.,-0.654653670707975));
#9537=DIRECTION('',(-0.5,-0.866025403784439,0.));
#9538=DIRECTION('',(0.508589802709488,-0.508589802709473,-0.694746590606865));
#9539=DIRECTION('center_axis',(0.353553390593274,-0.612372435695796,0.707106781186546));
#9540=DIRECTION('ref_axis',(0.894427190999915,0.,-0.447213595499959));
#9541=DIRECTION('',(-0.866025403784439,-0.5,0.));
#9542=DIRECTION('',(0.186156787897382,-0.694746590606865,-0.694746590606867));
#9543=DIRECTION('center_axis',(0.,-0.707106781186549,0.707106781186546));
#9544=DIRECTION('ref_axis',(1.,0.,0.));
#9545=DIRECTION('',(-1.,0.,0.));
#9546=DIRECTION('center_axis',(0.,0.,1.));
#9547=DIRECTION('ref_axis',(1.,0.,0.));
#9548=DIRECTION('',(-0.866025403784439,0.5,0.));
#9549=DIRECTION('',(-0.499999999999999,0.866025403784439,0.));
#9550=DIRECTION('',(6.36914343197906E-16,1.,0.));
#9551=DIRECTION('',(0.500000000000001,0.866025403784438,0.));
#9552=DIRECTION('',(0.866025403784439,0.499999999999999,0.));
#9553=DIRECTION('',(1.,0.,0.));
#9554=DIRECTION('',(0.866025403784438,-0.500000000000001,0.));
#9555=DIRECTION('',(0.5,-0.866025403784439,0.));
#9556=DIRECTION('',(-6.36914343197906E-16,-1.,0.));
#9557=DIRECTION('',(-0.5,-0.866025403784439,0.));
#9558=DIRECTION('',(-0.866025403784439,-0.5,0.));
#9559=DIRECTION('',(-1.,0.,0.));
#9560=DIRECTION('center_axis',(0.5,-0.866025403784439,0.));
#9561=DIRECTION('ref_axis',(0.866025403784439,0.5,0.));
#9562=DIRECTION('',(0.,0.,-1.));
#9563=DIRECTION('',(0.866025403784439,0.5,0.));
#9564=DIRECTION('',(0.,0.,1.));
#9565=DIRECTION('center_axis',(0.,0.,1.));
#9566=DIRECTION('ref_axis',(-1.,0.,0.));
#9567=DIRECTION('',(0.5,-0.866025403784439,0.));
#9568=DIRECTION('center_axis',(0.,0.,-1.));
#9569=DIRECTION('ref_axis',(-0.955064136811237,-0.296399214872452,0.));
#9570=DIRECTION('',(-0.5,0.866025403784439,0.));
#9571=DIRECTION('center_axis',(-0.866025403784439,-0.5,0.));
#9572=DIRECTION('ref_axis',(0.5,-0.866025403784439,0.));
#9573=DIRECTION('',(0.,0.,1.));
#9574=DIRECTION('',(0.5,-0.866025403784439,0.));
#9575=DIRECTION('',(0.353553390593274,-0.612372435695794,0.707106781186548));
#9576=DIRECTION('',(0.5,-0.866025403784439,0.));
#9577=DIRECTION('',(0.,0.,1.));
#9578=DIRECTION('center_axis',(0.,0.,1.));
#9579=DIRECTION('ref_axis',(1.,0.,0.));
#9580=DIRECTION('',(0.866025403784439,-0.5,0.));
#9581=DIRECTION('',(0.5,0.866025403784439,0.));
#9582=DIRECTION('',(-0.5,-0.866025403784439,0.));
#9583=DIRECTION('center_axis',(0.,0.,1.));
#9584=DIRECTION('ref_axis',(1.,0.,0.));
#9585=DIRECTION('',(0.866025403784439,0.5,0.));
#9586=DIRECTION('',(-0.866025403784438,0.500000000000001,0.));
#9587=DIRECTION('center_axis',(0.,0.,1.));
#9588=DIRECTION('ref_axis',(-1.,0.,0.));
#9589=DIRECTION('',(6.36265721810857E-18,1.,0.));
#9590=DIRECTION('',(1.,0.,0.));
#9591=DIRECTION('',(0.,-1.,0.));
#9592=DIRECTION('center_axis',(0.,0.,1.));
#9593=DIRECTION('ref_axis',(-1.,0.,0.));
#9594=DIRECTION('',(-0.86602540378444,-0.499999999999998,0.));
#9595=DIRECTION('',(0.866025403784439,-0.5,0.));
#9596=DIRECTION('',(0.866025403784439,0.5,0.));
#9597=DIRECTION('center_axis',(0.,0.,-1.));
#9598=DIRECTION('ref_axis',(-1.,0.,0.));
#9599=DIRECTION('',(0.866025403784438,-0.5,0.));
#9600=DIRECTION('center_axis',(0.,0.,1.));
#9601=DIRECTION('ref_axis',(1.,0.,0.));
#9602=DIRECTION('',(-6.36914343197906E-16,-1.,0.));
#9603=DIRECTION('',(0.866025403784438,-0.500000000000002,0.));
#9604=DIRECTION('',(0.500000000000189,-0.866025403784329,0.));
#9605=DIRECTION('',(-5.08717087744215E-16,-1.,0.));
#9606=DIRECTION('',(0.866025403784439,-0.5,0.));
#9607=DIRECTION('',(0.,1.,0.));
#9608=DIRECTION('',(0.866025403784439,0.5,0.));
#9609=DIRECTION('',(-0.866025403784439,-0.5,0.));
#9610=DIRECTION('',(-0.866025403784437,0.500000000000003,0.));
#9611=DIRECTION('center_axis',(0.,0.,1.));
#9612=DIRECTION('ref_axis',(1.,0.,0.));
#9613=DIRECTION('',(0.866025403784439,0.5,0.));
#9614=DIRECTION('',(-0.5,0.866025403784439,0.));
#9615=DIRECTION('',(0.866025403784439,0.5,0.));
#9616=DIRECTION('center_axis',(0.,0.,1.));
#9617=DIRECTION('ref_axis',(1.,0.,0.));
#9618=DIRECTION('',(-6.36914343197906E-16,-1.,0.));
#9619=DIRECTION('',(1.,4.91670323811496E-17,0.));
#9620=DIRECTION('',(-1.,-2.51833449446753E-16,0.));
#9621=DIRECTION('center_axis',(0.,0.,1.));
#9622=DIRECTION('ref_axis',(1.,0.,0.));
#9623=DIRECTION('',(6.36914343197906E-16,1.,0.));
#9624=DIRECTION('',(-0.866025403784439,-0.499999999999999,0.));
#9625=DIRECTION('',(-0.866025403784438,0.5,0.));
#9626=DIRECTION('',(0.866025403784438,-0.5,0.));
#9627=DIRECTION('',(-2.08115950573596E-15,-1.,0.));
#9628=DIRECTION('',(0.866025403784439,0.5,0.));
#9629=DIRECTION('',(9.6390772655158E-16,1.,0.));
#9630=DIRECTION('',(0.500000000000189,0.86602540378433,0.));
#9631=DIRECTION('',(0.866025403784438,0.500000000000001,0.));
#9632=DIRECTION('center_axis',(0.,0.,1.));
#9633=DIRECTION('ref_axis',(1.,0.,0.));
#9634=DIRECTION('',(-0.866025403784439,-0.499999999999999,0.));
#9635=DIRECTION('',(0.499999999999999,-0.866025403784439,0.));
#9636=DIRECTION('center_axis',(0.,0.,-1.));
#9637=DIRECTION('ref_axis',(-1.,0.,0.));
#9638=DIRECTION('',(-1.,7.25669032175288E-16,0.));
#9639=DIRECTION('',(-6.36914343197906E-16,-1.,0.));
#9640=DIRECTION('',(1.,-1.07774993808521E-15,0.));
#9641=DIRECTION('',(0.866025403784439,-0.5,0.));
#9642=DIRECTION('',(-0.499999999999998,-0.86602540378444,0.));
#9643=DIRECTION('',(-0.866025403784439,0.5,0.));
#9644=DIRECTION('',(-0.499999999999999,0.866025403784439,0.));
#9645=DIRECTION('center_axis',(0.,0.,1.));
#9646=DIRECTION('ref_axis',(1.,0.,0.));
#9647=DIRECTION('',(6.36914343197906E-16,1.,0.));
#9648=DIRECTION('',(-1.,4.63669486187865E-17,0.));
#9649=DIRECTION('',(1.,-4.53162445934552E-17,0.));
#9650=DIRECTION('center_axis',(0.,0.,1.));
#9651=DIRECTION('ref_axis',(1.,0.,0.));
#9652=DIRECTION('',(-0.866025403784439,-0.499999999999999,0.));
#9653=DIRECTION('',(0.5,-0.866025403784439,0.));
#9654=DIRECTION('',(-0.863385307232936,-0.50454515283995,0.));
#9655=DIRECTION('',(-0.499999999999999,0.866025403784439,0.));
#9656=DIRECTION('center_axis',(0.,0.,1.));
#9657=DIRECTION('ref_axis',(1.,0.,0.));
#9658=DIRECTION('',(-0.866025403784438,0.500000000000001,0.));
#9659=DIRECTION('',(-0.499999999999999,-0.866025403784439,0.));
#9660=DIRECTION('',(-0.866025403784439,-0.5,0.));
#9661=DIRECTION('',(0.866025403784439,0.499999999999999,0.));
#9662=DIRECTION('',(1.,-1.20479438480915E-15,0.));
#9663=DIRECTION('',(6.36914343197906E-16,1.,0.));
#9664=DIRECTION('',(-1.,8.83817144748035E-16,0.));
#9665=DIRECTION('center_axis',(0.,0.,-1.));
#9666=DIRECTION('ref_axis',(-1.,0.,0.));
#9667=DIRECTION('',(0.500000000000001,0.866025403784438,0.));
#9668=DIRECTION('center_axis',(0.,0.,1.));
#9669=DIRECTION('ref_axis',(1.,0.,0.));
#9670=DIRECTION('',(-0.866025403784438,0.500000000000001,0.));
#9671=DIRECTION('',(-0.5,-0.866025403784438,0.));
#9672=DIRECTION('',(-0.866025403784438,0.500000000000002,0.));
#9673=DIRECTION('',(0.5,0.866025403784439,0.));
#9674=DIRECTION('center_axis',(0.,0.,1.));
#9675=DIRECTION('ref_axis',(1.,0.,0.));
#9676=DIRECTION('',(-0.866025403784438,0.500000000000001,0.));
#9677=DIRECTION('',(-1.,0.,0.));
#9678=DIRECTION('',(-0.866025403784439,-0.499999999999999,0.));
#9679=DIRECTION('',(1.,0.,0.));
#9680=DIRECTION('center_axis',(0.,0.707106781186547,0.707106781186548));
#9681=DIRECTION('ref_axis',(1.,0.,0.));
#9682=DIRECTION('',(0.,-0.707106781186548,0.707106781186547));
#9683=DIRECTION('',(4.49907806529011E-18,0.707106781186548,-0.707106781186547));
#9684=DIRECTION('',(-1.,0.,0.));
#9685=DIRECTION('center_axis',(1.,-6.36265721810857E-18,0.));
#9686=DIRECTION('ref_axis',(6.36265721810857E-18,1.,0.));
#9687=DIRECTION('',(0.,0.,1.));
#9688=DIRECTION('',(0.,0.,1.));
#9689=DIRECTION('center_axis',(-4.53162445934552E-17,-1.,0.));
#9690=DIRECTION('ref_axis',(1.,-4.53162445934552E-17,0.));
#9691=DIRECTION('',(1.,-4.53162445934552E-17,0.));
#9692=DIRECTION('',(0.,0.,1.));
#9693=DIRECTION('',(0.,0.,1.));
#9694=DIRECTION('center_axis',(0.356767298987932,-0.610505605521241,0.707106781186546));
#9695=DIRECTION('ref_axis',(0.892798138118843,0.,-0.450456973052396));
#9696=DIRECTION('',(-0.353555832641303,0.612376665447057,0.707101897056753));
#9697=DIRECTION('',(0.353555832641303,-0.612376665447057,-0.707101897056753));
#9698=DIRECTION('',(-0.863385307232936,-0.50454515283995,0.));
#9699=DIRECTION('center_axis',(0.866025403784439,0.499999999999999,0.));
#9700=DIRECTION('ref_axis',(-0.499999999999999,0.866025403784439,0.));
#9701=DIRECTION('',(-0.499999999999999,0.866025403784439,0.));
#9702=DIRECTION('',(0.,0.,1.));
#9703=DIRECTION('',(0.,0.,1.));
#9704=DIRECTION('center_axis',(-0.353553390593274,-0.612372435695793,0.707106781186549));
#9705=DIRECTION('ref_axis',(0.894427190999916,0.,0.447213595499958));
#9706=DIRECTION('',(0.353553390593274,0.612372435695795,0.707106781186547));
#9707=DIRECTION('',(-0.353553390593275,-0.612372435695795,-0.707106781186547));
#9708=DIRECTION('',(-0.866025403784438,0.500000000000002,0.));
#9709=DIRECTION('center_axis',(0.866025403784439,-0.5,0.));
#9710=DIRECTION('ref_axis',(0.5,0.866025403784439,0.));
#9711=DIRECTION('',(0.5,0.866025403784439,0.));
#9712=DIRECTION('',(0.,0.,1.));
#9713=DIRECTION('',(0.,0.,1.));
#9714=DIRECTION('center_axis',(-0.866025403784439,0.5,0.));
#9715=DIRECTION('ref_axis',(-0.5,-0.866025403784439,0.));
#9716=DIRECTION('',(-0.5,-0.866025403784439,0.));
#9717=DIRECTION('',(0.,0.,1.));
#9718=DIRECTION('',(0.,0.,1.));
#9719=DIRECTION('center_axis',(-0.353553390593274,0.612372435695795,0.707106781186547));
#9720=DIRECTION('ref_axis',(0.894427190999916,0.,0.447213595499958));
#9721=DIRECTION('',(-0.353553390593273,0.612372435695794,-0.707106781186548));
#9722=DIRECTION('',(0.866025403784439,0.5,0.));
#9723=DIRECTION('center_axis',(-2.51833449446753E-16,1.,0.));
#9724=DIRECTION('ref_axis',(-1.,-2.51833449446753E-16,0.));
#9725=DIRECTION('',(-1.,-2.51833449446753E-16,0.));
#9726=DIRECTION('',(0.,0.,1.));
#9727=DIRECTION('',(0.,0.,1.));
#9728=DIRECTION('center_axis',(0.612372435695795,-0.353553390593272,0.707106781186548));
#9729=DIRECTION('ref_axis',(0.755928946018454,0.,-0.654653670707977));
#9730=DIRECTION('',(-0.612372435695795,0.353553390593274,0.707106781186547));
#9731=DIRECTION('',(0.612372435695795,-0.353553390593274,-0.707106781186547));
#9732=DIRECTION('',(-0.499999999999998,-0.86602540378444,0.));
#9733=DIRECTION('center_axis',(0.5,0.866025403784439,0.));
#9734=DIRECTION('ref_axis',(-0.866025403784439,0.5,0.));
#9735=DIRECTION('',(-0.866025403784439,0.5,0.));
#9736=DIRECTION('',(0.,0.,1.));
#9737=DIRECTION('',(0.,0.,1.));
#9738=DIRECTION('center_axis',(0.499999999999999,-0.866025403784439,0.));
#9739=DIRECTION('ref_axis',(0.866025403784439,0.499999999999999,0.));
#9740=DIRECTION('',(0.866025403784439,0.499999999999999,0.));
#9741=DIRECTION('',(0.,0.,1.));
#9742=DIRECTION('',(0.,0.,1.));
#9743=DIRECTION('center_axis',(-0.5,-0.866025403784438,0.));
#9744=DIRECTION('ref_axis',(0.866025403784438,-0.5,0.));
#9745=DIRECTION('',(0.866025403784438,-0.5,0.));
#9746=DIRECTION('',(0.,0.,1.));
#9747=DIRECTION('',(0.,0.,1.));
#9748=DIRECTION('center_axis',(0.5,-0.866025403784439,0.));
#9749=DIRECTION('ref_axis',(0.866025403784439,0.5,0.));
#9750=DIRECTION('',(0.,0.,1.));
#9751=DIRECTION('',(0.,0.,1.));
#9752=DIRECTION('',(0.866025403784439,0.5,0.));
#9753=DIRECTION('center_axis',(0.,0.,1.));
#9754=DIRECTION('ref_axis',(-1.,0.,0.));
#9755=DIRECTION('',(-0.5,0.866025403784439,0.));
#9756=DIRECTION('center_axis',(0.,0.,1.));
#9757=DIRECTION('ref_axis',(-0.955064136811237,-0.296399214872452,0.));
#9758=DIRECTION('center_axis',(0.,0.,1.));
#9759=DIRECTION('ref_axis',(-0.233153164042029,-0.972440024935826,0.));
#9760=DIRECTION('',(-0.866025403784438,0.5,0.));
#9761=DIRECTION('center_axis',(0.,0.,1.));
#9762=DIRECTION('ref_axis',(-0.233153164042029,-0.972440024935826,0.));
#9763=DIRECTION('',(-1.,4.63669486187865E-17,0.));
#9764=DIRECTION('center_axis',(0.,0.,1.));
#9765=DIRECTION('ref_axis',(-0.233153164042029,-0.972440024935826,0.));
#9766=DIRECTION('center_axis',(0.,0.,1.));
#9767=DIRECTION('ref_axis',(0.922249535038505,0.386595130752137,0.));
#9768=DIRECTION('',(-0.866025403784439,-0.5,0.));
#9769=DIRECTION('center_axis',(0.,0.,1.));
#9770=DIRECTION('ref_axis',(0.922249535038505,0.386595130752137,0.));
#9771=DIRECTION('',(-0.5,-0.866025403784438,0.));
#9772=DIRECTION('center_axis',(0.,0.,1.));
#9773=DIRECTION('ref_axis',(0.922249535038505,0.386595130752137,0.));
#9774=DIRECTION('',(0.499999999999999,-0.866025403784439,0.));
#9775=DIRECTION('center_axis',(0.,0.,1.));
#9776=DIRECTION('ref_axis',(0.922249535038505,0.386595130752137,0.));
#9777=DIRECTION('',(0.866025403784439,-0.5,0.));
#9778=DIRECTION('center_axis',(0.,0.,1.));
#9779=DIRECTION('ref_axis',(0.922249535038505,0.386595130752137,0.));
#9780=DIRECTION('',(1.,4.91670323811496E-17,0.));
#9781=DIRECTION('center_axis',(0.,0.,1.));
#9782=DIRECTION('ref_axis',(0.922249535038505,0.386595130752137,0.));
#9783=DIRECTION('center_axis',(0.,0.,1.));
#9784=DIRECTION('ref_axis',(-0.955064136811237,-0.296399214872452,0.));
#9785=DIRECTION('',(-0.866025403784439,-0.5,0.));
#9786=DIRECTION('center_axis',(0.,0.,1.));
#9787=DIRECTION('ref_axis',(-0.955064136811237,-0.296399214872452,0.));
#9788=DIRECTION('',(0.5,0.866025403784439,0.));
#9789=DIRECTION('center_axis',(0.,0.,1.));
#9790=DIRECTION('ref_axis',(-0.955064136811237,-0.296399214872452,0.));
#9791=DIRECTION('center_axis',(0.,0.,-1.));
#9792=DIRECTION('ref_axis',(-0.233174537510205,-0.972434900163966,0.));
#9793=DIRECTION('center_axis',(0.,0.,1.));
#9794=DIRECTION('ref_axis',(0.233152443466371,0.972440197701463,0.));
#9795=DIRECTION('center_axis',(0.,0.,-1.));
#9796=DIRECTION('ref_axis',(-0.955064136811237,-0.296399214872452,0.));
#9797=DIRECTION('center_axis',(0.,0.,-1.));
#9798=DIRECTION('ref_axis',(0.922249535038505,0.386595130752137,0.));
#9799=DIRECTION('center_axis',(0.5,-0.866025403784439,0.));
#9800=DIRECTION('ref_axis',(0.866025403784439,0.5,0.));
#9801=DIRECTION('',(0.,0.,1.));
#9802=DIRECTION('',(0.,0.,1.));
#9803=DIRECTION('center_axis',(0.,1.,0.));
#9804=DIRECTION('ref_axis',(-1.,0.,0.));
#9805=DIRECTION('',(0.,0.,1.));
#9806=DIRECTION('',(0.,0.,1.));
#9807=DIRECTION('center_axis',(-0.5,-0.866025403784438,0.));
#9808=DIRECTION('ref_axis',(0.866025403784438,-0.5,0.));
#9809=DIRECTION('',(0.,0.,1.));
#9810=DIRECTION('',(0.,0.,1.));
#9811=DIRECTION('center_axis',(0.,0.,1.));
#9812=DIRECTION('ref_axis',(1.83697019872103E-16,1.,0.));
#9813=DIRECTION('center_axis',(-0.500000000000001,-0.866025403784438,0.));
#9814=DIRECTION('ref_axis',(0.866025403784438,-0.500000000000001,0.));
#9815=DIRECTION('',(0.,0.,1.));
#9816=DIRECTION('',(0.,0.,1.));
#9817=DIRECTION('',(0.,0.,1.));
#9818=DIRECTION('',(0.,0.,1.));
#9819=DIRECTION('',(0.,0.,1.));
#9820=DIRECTION('',(0.,0.,1.));
#9821=DIRECTION('',(0.,0.,1.));
#9822=DIRECTION('center_axis',(0.,-1.,0.));
#9823=DIRECTION('ref_axis',(1.,0.,0.));
#9824=DIRECTION('',(0.,0.,1.));
#9825=DIRECTION('center_axis',(0.499999999999999,-0.866025403784439,0.));
#9826=DIRECTION('ref_axis',(0.866025403784439,0.499999999999999,0.));
#9827=DIRECTION('',(0.,0.,1.));
#9828=DIRECTION('',(0.,0.,1.));
#9829=DIRECTION('',(0.,0.,1.));
#9830=DIRECTION('',(0.,0.,1.));
#9831=DIRECTION('',(0.,0.,1.));
#9832=DIRECTION('',(0.,0.,1.));
#9833=DIRECTION('center_axis',(0.,1.,0.));
#9834=DIRECTION('ref_axis',(-1.,0.,0.));
#9835=DIRECTION('center_axis',(-0.866025403784439,0.5,0.));
#9836=DIRECTION('ref_axis',(-0.5,-0.866025403784439,0.));
#9837=DIRECTION('',(0.,0.,1.));
#9838=DIRECTION('',(0.,0.,1.));
#9839=DIRECTION('center_axis',(0.500000000000001,-0.866025403784438,0.));
#9840=DIRECTION('ref_axis',(0.866025403784438,0.500000000000001,0.));
#9841=DIRECTION('',(0.,0.,1.));
#9842=DIRECTION('',(0.,0.,1.));
#9843=DIRECTION('center_axis',(0.86602540378433,-0.500000000000189,0.));
#9844=DIRECTION('ref_axis',(0.500000000000189,0.86602540378433,0.));
#9845=DIRECTION('',(0.,0.,1.));
#9846=DIRECTION('center_axis',(1.,-9.6390772655158E-16,0.));
#9847=DIRECTION('ref_axis',(9.6390772655158E-16,1.,0.));
#9848=DIRECTION('',(0.,0.,1.));
#9849=DIRECTION('center_axis',(-0.5,0.866025403784439,0.));
#9850=DIRECTION('ref_axis',(-0.866025403784439,-0.5,0.));
#9851=DIRECTION('',(0.,0.,1.));
#9852=DIRECTION('',(0.,0.,1.));
#9853=DIRECTION('',(0.,0.,1.));
#9854=DIRECTION('center_axis',(1.,0.,0.));
#9855=DIRECTION('ref_axis',(0.,1.,0.));
#9856=DIRECTION('',(0.,0.,1.));
#9857=DIRECTION('center_axis',(0.,0.,1.));
#9858=DIRECTION('ref_axis',(-0.955064136811237,-0.296399214872452,0.));
#9859=DIRECTION('center_axis',(-1.20479438480915E-15,-1.,0.));
#9860=DIRECTION('ref_axis',(1.,-1.20479438480915E-15,0.));
#9861=DIRECTION('',(0.,0.,1.));
#9862=DIRECTION('center_axis',(0.,0.,1.));
#9863=DIRECTION('ref_axis',(0.922249535038505,0.386595130752137,0.));
#9864=DIRECTION('',(0.,0.,1.));
#9865=DIRECTION('center_axis',(0.,0.,1.));
#9866=DIRECTION('ref_axis',(-0.233153164042029,-0.972440024935826,0.));
#9867=DIRECTION('',(0.,0.,1.));
#9868=DIRECTION('center_axis',(4.63669486187865E-17,1.,0.));
#9869=DIRECTION('ref_axis',(-1.,4.63669486187865E-17,0.));
#9870=DIRECTION('',(0.,0.,1.));
#9871=DIRECTION('center_axis',(-0.866025403784439,-0.499999999999999,0.));
#9872=DIRECTION('ref_axis',(0.499999999999999,-0.866025403784439,0.));
#9873=DIRECTION('',(0.,0.,1.));
#9874=DIRECTION('center_axis',(0.866025403784438,-0.500000000000001,0.));
#9875=DIRECTION('ref_axis',(0.500000000000001,0.866025403784438,0.));
#9876=DIRECTION('',(0.,0.,1.));
#9877=DIRECTION('center_axis',(1.,-6.36914343197906E-16,0.));
#9878=DIRECTION('ref_axis',(6.36914343197906E-16,1.,0.));
#9879=DIRECTION('',(0.,0.,1.));
#9880=DIRECTION('',(0.,0.,1.));
#9881=DIRECTION('',(0.,0.,1.));
#9882=DIRECTION('',(0.,0.,1.));
#9883=DIRECTION('',(0.,0.,1.));
#9884=DIRECTION('',(0.,0.,1.));
#9885=DIRECTION('center_axis',(7.25669032175288E-16,1.,0.));
#9886=DIRECTION('ref_axis',(-1.,7.25669032175288E-16,0.));
#9887=DIRECTION('',(0.,0.,1.));
#9888=DIRECTION('center_axis',(0.,0.,1.));
#9889=DIRECTION('ref_axis',(0.866025403809628,-0.499999999956371,0.));
#9890=DIRECTION('center_axis',(8.83817144748035E-16,1.,0.));
#9891=DIRECTION('ref_axis',(-1.,8.83817144748035E-16,0.));
#9892=DIRECTION('',(0.,0.,1.));
#9893=DIRECTION('',(0.,0.,1.));
#9894=DIRECTION('center_axis',(-1.,6.36914343197906E-16,0.));
#9895=DIRECTION('ref_axis',(-6.36914343197906E-16,-1.,0.));
#9896=DIRECTION('',(0.,0.,1.));
#9897=DIRECTION('',(0.,0.,1.));
#9898=DIRECTION('center_axis',(-0.866025403784439,-0.5,0.));
#9899=DIRECTION('ref_axis',(0.5,-0.866025403784439,0.));
#9900=DIRECTION('center_axis',(0.866025403784438,-0.500000000000001,0.));
#9901=DIRECTION('ref_axis',(0.500000000000001,0.866025403784438,0.));
#9902=DIRECTION('',(0.,0.,1.));
#9903=DIRECTION('center_axis',(0.,0.,1.));
#9904=DIRECTION('ref_axis',(-1.,0.,0.));
#9905=DIRECTION('center_axis',(-0.5,-0.866025403784439,0.));
#9906=DIRECTION('ref_axis',(0.866025403784439,-0.5,0.));
#9907=DIRECTION('',(0.,0.,1.));
#9908=DIRECTION('',(0.,0.,1.));
#9909=DIRECTION('center_axis',(-1.07774993808521E-15,-1.,0.));
#9910=DIRECTION('ref_axis',(1.,-1.07774993808521E-15,0.));
#9911=DIRECTION('center_axis',(0.,0.,1.));
#9912=DIRECTION('ref_axis',(0.922249535038505,0.386595130752137,0.));
#9913=DIRECTION('center_axis',(-1.,2.08115950573596E-15,0.));
#9914=DIRECTION('ref_axis',(-2.08115950573596E-15,-1.,0.));
#9915=DIRECTION('center_axis',(0.,0.,1.));
#9916=DIRECTION('ref_axis',(-0.233153164042029,-0.972440024935826,0.));
#9917=DIRECTION('',(0.,0.,1.));
#9918=DIRECTION('center_axis',(0.,0.,1.));
#9919=DIRECTION('ref_axis',(-0.955064136811237,-0.296399214872452,0.));
#9920=DIRECTION('',(0.,0.,1.));
#9921=DIRECTION('',(0.,0.,1.));
#9922=DIRECTION('center_axis',(0.866025403784439,0.5,0.));
#9923=DIRECTION('ref_axis',(-0.5,0.866025403784439,0.));
#9924=DIRECTION('center_axis',(0.866025403784439,0.499999999999999,0.));
#9925=DIRECTION('ref_axis',(-0.499999999999999,0.866025403784439,0.));
#9926=DIRECTION('center_axis',(0.,0.,1.));
#9927=DIRECTION('ref_axis',(0.922249535038505,0.386595130752137,0.));
#9928=DIRECTION('',(0.,0.,1.));
#9929=DIRECTION('center_axis',(-0.866025403784439,-0.5,0.));
#9930=DIRECTION('ref_axis',(0.5,-0.866025403784439,0.));
#9931=DIRECTION('center_axis',(0.,-1.,0.));
#9932=DIRECTION('ref_axis',(1.,0.,0.));
#9933=DIRECTION('center_axis',(0.,0.,1.));
#9934=DIRECTION('ref_axis',(0.922249535038505,0.386595130752137,0.));
#9935=DIRECTION('',(0.,0.,1.));
#9936=DIRECTION('center_axis',(-0.866025403784438,0.5,0.));
#9937=DIRECTION('ref_axis',(-0.5,-0.866025403784438,0.));
#9938=DIRECTION('center_axis',(0.5,0.866025403784438,0.));
#9939=DIRECTION('ref_axis',(-0.866025403784438,0.5,0.));
#9940=DIRECTION('',(0.,0.,1.));
#9941=DIRECTION('',(0.,0.,1.));
#9942=DIRECTION('center_axis',(-0.499999999999999,0.866025403784439,0.));
#9943=DIRECTION('ref_axis',(-0.866025403784439,-0.499999999999999,0.));
#9944=DIRECTION('center_axis',(0.,0.,1.));
#9945=DIRECTION('ref_axis',(-0.233153164042029,-0.972440024935826,0.));
#9946=DIRECTION('center_axis',(-0.5,0.866025403784439,0.));
#9947=DIRECTION('ref_axis',(-0.866025403784439,-0.5,0.));
#9948=DIRECTION('',(0.,0.,1.));
#9949=DIRECTION('',(0.,0.,1.));
#9950=DIRECTION('center_axis',(-0.866025403784439,0.499999999999999,0.));
#9951=DIRECTION('ref_axis',(-0.499999999999999,-0.866025403784439,0.));
#9952=DIRECTION('center_axis',(0.,0.,1.));
#9953=DIRECTION('ref_axis',(0.922249535038505,0.386595130752137,0.));
#9954=DIRECTION('center_axis',(0.,0.,1.));
#9955=DIRECTION('ref_axis',(0.922249535038505,0.386595130752137,0.));
#9956=DIRECTION('',(0.,0.,1.));
#9957=DIRECTION('',(0.,0.,1.));
#9958=DIRECTION('center_axis',(0.,0.,1.));
#9959=DIRECTION('ref_axis',(-0.955064136811237,-0.296399214872452,0.));
#9960=DIRECTION('',(0.,0.,1.));
#9961=DIRECTION('center_axis',(0.,0.,1.));
#9962=DIRECTION('ref_axis',(0.233152443466371,0.972440197701463,0.));
#9963=DIRECTION('',(0.,0.,1.));
#9964=DIRECTION('center_axis',(0.,0.,1.));
#9965=DIRECTION('ref_axis',(-0.233174537510205,-0.972434900163966,0.));
#9966=DIRECTION('center_axis',(0.500000000000003,0.866025403784437,0.));
#9967=DIRECTION('ref_axis',(-0.866025403784437,0.500000000000003,0.));
#9968=DIRECTION('',(0.,0.,1.));
#9969=DIRECTION('center_axis',(-0.5,0.866025403784439,0.));
#9970=DIRECTION('ref_axis',(-0.866025403784439,-0.5,0.));
#9971=DIRECTION('',(0.,0.,1.));
#9972=DIRECTION('center_axis',(0.,0.,1.));
#9973=DIRECTION('ref_axis',(-0.955064136811237,-0.296399214872452,0.));
#9974=DIRECTION('',(0.,0.,1.));
#9975=DIRECTION('center_axis',(0.,0.,1.));
#9976=DIRECTION('ref_axis',(0.922249535038505,0.386595130752137,0.));
#9977=DIRECTION('',(0.,0.,1.));
#9978=DIRECTION('center_axis',(4.91670323811496E-17,-1.,0.));
#9979=DIRECTION('ref_axis',(1.,4.91670323811496E-17,0.));
#9980=DIRECTION('center_axis',(0.866025403784439,0.499999999999999,0.));
#9981=DIRECTION('ref_axis',(-0.499999999999999,0.866025403784439,0.));
#9982=DIRECTION('',(0.,0.,1.));
#9983=DIRECTION('center_axis',(0.5,0.866025403784439,0.));
#9984=DIRECTION('ref_axis',(-0.866025403784439,0.5,0.));
#9985=DIRECTION('',(0.,0.,1.));
#9986=DIRECTION('',(0.,0.,1.));
#9987=DIRECTION('',(0.,0.,1.));
#9988=DIRECTION('center_axis',(-1.,5.08717087744215E-16,0.));
#9989=DIRECTION('ref_axis',(-5.08717087744215E-16,-1.,0.));
#9990=DIRECTION('',(0.,0.,1.));
#9991=DIRECTION('center_axis',(-0.866025403784329,-0.500000000000189,0.));
#9992=DIRECTION('ref_axis',(0.500000000000189,-0.866025403784329,0.));
#9993=DIRECTION('',(0.,0.,1.));
#9994=DIRECTION('center_axis',(-0.500000000000002,-0.866025403784438,0.));
#9995=DIRECTION('ref_axis',(0.866025403784438,-0.500000000000002,0.));
#9996=DIRECTION('center_axis',(0.,0.,1.));
#9997=DIRECTION('ref_axis',(0.825395575269959,0.564554819592193,0.));
#9998=DIRECTION('',(0.,0.,1.));
#9999=DIRECTION('center_axis',(0.500000000000001,0.866025403784438,0.));
#10000=DIRECTION('ref_axis',(-0.866025403784438,0.500000000000001,0.));
#10001=DIRECTION('center_axis',(0.866025403784439,-0.5,0.));
#10002=DIRECTION('ref_axis',(0.5,0.866025403784439,0.));
#10003=DIRECTION('center_axis',(-0.499999999999998,0.86602540378444,0.));
#10004=DIRECTION('ref_axis',(-0.86602540378444,-0.499999999999998,0.));
#10005=DIRECTION('',(0.,0.,1.));
#10006=DIRECTION('center_axis',(0.,0.,1.));
#10007=DIRECTION('ref_axis',(-1.,0.,0.));
#10008=DIRECTION('',(0.,0.,1.));
#10009=DIRECTION('center_axis',(-1.,0.,0.));
#10010=DIRECTION('ref_axis',(0.,-1.,0.));
#10011=DIRECTION('',(0.,0.,1.));
#10012=DIRECTION('center_axis',(0.,1.,0.));
#10013=DIRECTION('ref_axis',(-1.,0.,0.));
#10014=DIRECTION('center_axis',(-0.86602540378444,-0.499999999999998,0.));
#10015=DIRECTION('ref_axis',(0.499999999999998,-0.86602540378444,0.));
#10016=DIRECTION('',(0.,0.,1.));
#10017=DIRECTION('center_axis',(-1.,6.23496421511135E-16,0.));
#10018=DIRECTION('ref_axis',(-6.23496421511135E-16,-1.,0.));
#10019=DIRECTION('',(0.,0.,1.));
#10020=DIRECTION('center_axis',(-0.866025403784438,0.500000000000001,0.));
#10021=DIRECTION('ref_axis',(-0.500000000000001,-0.866025403784438,0.));
#10022=DIRECTION('',(0.,0.,1.));
#10023=DIRECTION('center_axis',(-0.499999999999999,0.866025403784439,0.));
#10024=DIRECTION('ref_axis',(-0.866025403784439,-0.499999999999999,0.));
#10025=DIRECTION('',(0.,0.,1.));
#10026=DIRECTION('center_axis',(0.,1.,0.));
#10027=DIRECTION('ref_axis',(-1.,0.,0.));
#10028=DIRECTION('',(0.,0.,1.));
#10029=DIRECTION('center_axis',(0.500000000000001,0.866025403784438,0.));
#10030=DIRECTION('ref_axis',(-0.866025403784438,0.500000000000001,0.));
#10031=DIRECTION('axis',(0.,0.,1.));
#10032=DIRECTION('refdir',(1.,0.,0.));
#10033=DIRECTION('center_axis',(-0.353553390593275,-0.612372435695796,0.707106781186546));
#10034=DIRECTION('ref_axis',(0.894427190999915,0.,0.44721359549996));
#10035=DIRECTION('',(-0.866025403784439,0.5,0.));
#10036=DIRECTION('',(-0.508589802709469,-0.508589802709488,-0.694746590606869));
#10037=DIRECTION('',(0.866025403784439,-0.5,0.));
#10038=DIRECTION('',(-0.186156787897381,-0.694746590606865,-0.694746590606867));
#10039=DIRECTION('center_axis',(-0.6123724356958,-0.353553390593276,0.707106781186542));
#10040=DIRECTION('ref_axis',(0.755928946018449,0.,0.654653670707984));
#10041=DIRECTION('',(-0.499999999999998,0.86602540378444,0.));
#10042=DIRECTION('',(-0.694746590606866,-0.186156787897375,-0.694746590606868));
#10043=DIRECTION('',(0.499999999999998,-0.86602540378444,0.));
#10044=DIRECTION('center_axis',(-0.707106781186549,4.4087854769607E-16,
0.707106781186546));
#10045=DIRECTION('ref_axis',(0.707106781186546,0.,0.707106781186549));
#10046=DIRECTION('',(6.23496421511135E-16,1.,0.));
#10047=DIRECTION('',(-0.694746590606865,0.186156787897381,-0.694746590606867));
#10048=DIRECTION('',(-6.23496421511135E-16,-1.,0.));
#10049=DIRECTION('center_axis',(-0.612372435695795,0.353553390593276,0.707106781186546));
#10050=DIRECTION('ref_axis',(0.755928946018453,0.,0.654653670707979));
#10051=DIRECTION('',(0.500000000000001,0.866025403784438,0.));
#10052=DIRECTION('',(-0.508589802709475,0.508589802709484,-0.694746590606867));
#10053=DIRECTION('',(-0.500000000000001,-0.866025403784438,0.));
#10054=DIRECTION('center_axis',(-0.353553390593274,0.612372435695797,0.707106781186545));
#10055=DIRECTION('ref_axis',(0.894427190999915,0.,0.44721359549996));
#10056=DIRECTION('',(0.866025403784439,0.499999999999999,0.));
#10057=DIRECTION('',(-0.186156787897384,0.694746590606865,-0.694746590606867));
#10058=DIRECTION('',(-0.866025403784439,-0.499999999999999,0.));
#10059=DIRECTION('center_axis',(0.,0.707106781186549,0.707106781186546));
#10060=DIRECTION('ref_axis',(1.,0.,0.));
#10061=DIRECTION('',(1.,0.,0.));
#10062=DIRECTION('',(0.18615678789739,0.694746590606864,-0.694746590606866));
#10063=DIRECTION('',(-1.,0.,0.));
#10064=DIRECTION('center_axis',(0.353553390593274,0.612372435695794,0.707106781186548));
#10065=DIRECTION('ref_axis',(0.894427190999916,0.,-0.447213595499958));
#10066=DIRECTION('',(0.866025403784438,-0.500000000000001,0.));
#10067=DIRECTION('',(0.508589802709471,0.508589802709487,-0.694746590606868));
#10068=DIRECTION('',(-0.866025403784438,0.500000000000001,0.));
#10069=DIRECTION('center_axis',(0.612372435695797,0.353553390593275,0.707106781186545));
#10070=DIRECTION('ref_axis',(0.755928946018452,0.,-0.65465367070798));
#10071=DIRECTION('',(-0.5,0.866025403784439,0.));
#10072=DIRECTION('',(0.5,-0.866025403784439,0.));
#10073=DIRECTION('',(0.694746590606861,0.186156787897391,-0.694746590606869));
#10074=DIRECTION('center_axis',(0.707106781186552,-4.40878547696072E-16,
0.707106781186543));
#10075=DIRECTION('ref_axis',(0.707106781186543,0.,-0.707106781186552));
#10076=DIRECTION('',(6.23496421511134E-16,1.,0.));
#10077=DIRECTION('',(-6.23496421511134E-16,-1.,0.));
#10078=DIRECTION('',(0.694746590606858,-0.186156787897409,-0.694746590606867));
#10079=DIRECTION('center_axis',(0.612372435695793,-0.353553390593273,0.707106781186549));
#10080=DIRECTION('ref_axis',(0.755928946018456,0.,-0.654653670707975));
#10081=DIRECTION('',(0.5,0.866025403784439,0.));
#10082=DIRECTION('',(-0.5,-0.866025403784439,0.));
#10083=DIRECTION('',(0.508589802709488,-0.508589802709473,-0.694746590606865));
#10084=DIRECTION('center_axis',(0.353553390593274,-0.612372435695796,0.707106781186546));
#10085=DIRECTION('ref_axis',(0.894427190999915,0.,-0.447213595499959));
#10086=DIRECTION('',(0.866025403784439,0.5,0.));
#10087=DIRECTION('',(-0.866025403784439,-0.5,0.));
#10088=DIRECTION('',(0.186156787897382,-0.694746590606865,-0.694746590606867));
#10089=DIRECTION('center_axis',(0.,-0.707106781186549,0.707106781186546));
#10090=DIRECTION('ref_axis',(1.,0.,0.));
#10091=DIRECTION('',(1.,0.,0.));
#10092=DIRECTION('',(-1.,0.,0.));
#10093=DIRECTION('center_axis',(0.866025403784439,0.5,0.));
#10094=DIRECTION('ref_axis',(-0.5,0.866025403784439,0.));
#10095=DIRECTION('',(0.,0.,1.));
#10096=DIRECTION('',(-0.5,0.866025403784439,0.));
#10097=DIRECTION('',(0.,0.,1.));
#10098=DIRECTION('center_axis',(1.,-6.23496421511134E-16,0.));
#10099=DIRECTION('ref_axis',(6.23496421511134E-16,1.,0.));
#10100=DIRECTION('',(0.,0.,1.));
#10101=DIRECTION('',(6.23496421511134E-16,1.,0.));
#10102=DIRECTION('center_axis',(0.866025403784439,-0.5,0.));
#10103=DIRECTION('ref_axis',(0.5,0.866025403784439,0.));
#10104=DIRECTION('',(0.,0.,1.));
#10105=DIRECTION('',(0.5,0.866025403784439,0.));
#10106=DIRECTION('center_axis',(0.5,-0.866025403784439,0.));
#10107=DIRECTION('ref_axis',(0.866025403784439,0.5,0.));
#10108=DIRECTION('',(0.,0.,1.));
#10109=DIRECTION('',(0.866025403784439,0.5,0.));
#10110=DIRECTION('center_axis',(0.,-1.,0.));
#10111=DIRECTION('ref_axis',(1.,0.,0.));
#10112=DIRECTION('',(0.,0.,1.));
#10113=DIRECTION('',(1.,0.,0.));
#10114=DIRECTION('center_axis',(-0.5,-0.866025403784439,0.));
#10115=DIRECTION('ref_axis',(0.866025403784439,-0.5,0.));
#10116=DIRECTION('',(0.,0.,1.));
#10117=DIRECTION('',(0.866025403784439,-0.5,0.));
#10118=DIRECTION('center_axis',(0.,0.,1.));
#10119=DIRECTION('ref_axis',(1.,0.,0.));
#10120=DIRECTION('',(-0.866025403784439,0.5,0.));
#10121=DIRECTION('',(-0.499999999999999,0.866025403784439,0.));
#10122=DIRECTION('',(6.36914343197906E-16,1.,0.));
#10123=DIRECTION('',(0.500000000000001,0.866025403784438,0.));
#10124=DIRECTION('',(0.866025403784439,0.499999999999999,0.));
#10125=DIRECTION('',(1.,0.,0.));
#10126=DIRECTION('',(0.866025403784438,-0.500000000000001,0.));
#10127=DIRECTION('',(0.5,-0.866025403784439,0.));
#10128=DIRECTION('',(-6.36914343197906E-16,-1.,0.));
#10129=DIRECTION('',(-0.5,-0.866025403784439,0.));
#10130=DIRECTION('',(-0.866025403784439,-0.5,0.));
#10131=DIRECTION('',(-1.,0.,0.));
#10132=DIRECTION('center_axis',(0.5,-0.866025403784439,0.));
#10133=DIRECTION('ref_axis',(0.866025403784439,0.5,0.));
#10134=DIRECTION('',(0.866025403784439,0.5,0.));
#10135=DIRECTION('',(0.,0.,-1.));
#10136=DIRECTION('',(0.866025403784439,0.5,0.));
#10137=DIRECTION('',(0.,0.,1.));
#10138=DIRECTION('center_axis',(0.,0.,1.));
#10139=DIRECTION('ref_axis',(-1.,0.,0.));
#10140=DIRECTION('',(0.5,-0.866025403784439,0.));
#10141=DIRECTION('center_axis',(0.,0.,-1.));
#10142=DIRECTION('ref_axis',(-0.955064136811237,-0.296399214872452,0.));
#10143=DIRECTION('',(-0.5,0.866025403784439,0.));
#10144=DIRECTION('center_axis',(-0.866025403784439,-0.5,0.));
#10145=DIRECTION('ref_axis',(0.5,-0.866025403784439,0.));
#10146=DIRECTION('',(0.5,-0.866025403784439,0.));
#10147=DIRECTION('',(0.,0.,1.));
#10148=DIRECTION('',(0.353553390593274,-0.612372435695794,0.707106781186548));
#10149=DIRECTION('',(0.5,-0.866025403784439,0.));
#10150=DIRECTION('',(0.,0.,1.));
#10151=DIRECTION('center_axis',(0.707106781186549,-4.50366451110216E-16,
0.707106781186546));
#10152=DIRECTION('ref_axis',(0.707106781186546,0.,-0.707106781186549));
#10153=DIRECTION('',(-0.654653670707975,0.377964473009229,0.654653670707978));
#10154=DIRECTION('',(-6.36914343197906E-16,-1.,0.));
#10155=DIRECTION('',(0.654653670707976,-0.377964473009228,-0.654653670707978));
#10156=DIRECTION('',(6.36914343197906E-16,1.,0.));
#10157=DIRECTION('center_axis',(1.,-6.36914343197906E-16,0.));
#10158=DIRECTION('ref_axis',(6.36914343197906E-16,1.,0.));
#10159=DIRECTION('',(0.,0.,1.));
#10160=DIRECTION('',(0.,0.,1.));
#10161=DIRECTION('',(6.36914343197906E-16,1.,0.));
#10162=DIRECTION('',(0.,0.,1.));
#10163=DIRECTION('',(-6.36914343197906E-16,-1.,0.));
#10164=DIRECTION('',(0.,0.,1.));
#10165=DIRECTION('',(6.36914343197906E-16,1.,0.));
#10166=DIRECTION('',(0.,0.,1.));
#10167=DIRECTION('',(-6.36914343197906E-16,-1.,0.));
#10168=DIRECTION('',(0.,0.,1.));
#10169=DIRECTION('',(6.36914343197906E-16,1.,0.));
#10170=DIRECTION('',(0.,0.,1.));
#10171=DIRECTION('',(0.,0.,1.));
#10172=DIRECTION('',(6.36914343197906E-16,1.,0.));
#10173=DIRECTION('center_axis',(0.353553390593275,0.612372435695796,0.707106781186546));
#10174=DIRECTION('ref_axis',(0.894427190999915,0.,-0.44721359549996));
#10175=DIRECTION('',(-3.84553971960061E-16,-0.755928946018453,0.654653670707979));
#10176=DIRECTION('',(0.866025403784439,-0.5,0.));
#10177=DIRECTION('',(0.,0.755928946018453,-0.654653670707979));
#10178=DIRECTION('',(-0.866025403784439,0.5,0.));
#10179=DIRECTION('center_axis',(0.5,0.866025403784439,0.));
#10180=DIRECTION('ref_axis',(-0.866025403784439,0.5,0.));
#10181=DIRECTION('',(0.,0.,1.));
#10182=DIRECTION('',(0.,0.,1.));
#10183=DIRECTION('',(-0.866025403784439,0.5,0.));
#10184=DIRECTION('',(0.,0.,1.));
#10185=DIRECTION('',(0.,0.,1.));
#10186=DIRECTION('',(-0.866025403784439,0.5,0.));
#10187=DIRECTION('',(0.,0.,1.));
#10188=DIRECTION('',(0.866025403784439,-0.5,0.));
#10189=DIRECTION('',(0.,0.,1.));
#10190=DIRECTION('',(-0.866025403784439,0.5,0.));
#10191=DIRECTION('',(0.,0.,1.));
#10192=DIRECTION('',(0.866025403784439,-0.5,0.));
#10193=DIRECTION('',(0.,0.,1.));
#10194=DIRECTION('',(-0.866025403784439,0.5,0.));
#10195=DIRECTION('center_axis',(0.353553390593275,0.612372435695796,0.707106781186546));
#10196=DIRECTION('ref_axis',(0.894427190999915,0.,-0.44721359549996));
#10197=DIRECTION('',(-0.353553390593273,-0.612372435695793,0.707106781186549));
#10198=DIRECTION('',(0.353553390593273,0.612372435695793,-0.707106781186549));
#10199=DIRECTION('',(-0.866025403784439,0.5,0.));
#10200=DIRECTION('center_axis',(0.353553390593273,0.612372435695793,0.707106781186549));
#10201=DIRECTION('ref_axis',(0.894427190999917,0.,-0.447213595499956));
#10202=DIRECTION('',(-0.65465367070798,-0.377964473009227,0.654653670707975));
#10203=DIRECTION('',(0.654653670707979,0.377964473009228,-0.654653670707975));
#10204=DIRECTION('',(-0.866025403784439,0.5,0.));
#10205=DIRECTION('center_axis',(-0.353553390593273,0.612372435695794,0.707106781186548));
#10206=DIRECTION('ref_axis',(0.894427190999916,0.,0.447213595499957));
#10207=DIRECTION('',(0.654653670707977,-0.377964473009228,0.654653670707977));
#10208=DIRECTION('',(0.866025403784439,0.5,0.));
#10209=DIRECTION('',(-0.654653670707977,0.377964473009228,-0.654653670707977));
#10210=DIRECTION('',(-0.866025403784439,-0.5,0.));
#10211=DIRECTION('center_axis',(-0.5,0.866025403784439,0.));
#10212=DIRECTION('ref_axis',(-0.866025403784439,-0.5,0.));
#10213=DIRECTION('',(0.,0.,1.));
#10214=DIRECTION('',(0.,0.,1.));
#10215=DIRECTION('',(-0.866025403784439,-0.5,0.));
#10216=DIRECTION('',(0.,0.,1.));
#10217=DIRECTION('',(0.,0.,1.));
#10218=DIRECTION('',(-0.866025403784439,-0.5,0.));
#10219=DIRECTION('',(0.,0.,1.));
#10220=DIRECTION('',(0.866025403784439,0.5,0.));
#10221=DIRECTION('',(0.,0.,1.));
#10222=DIRECTION('',(-0.866025403784439,-0.5,0.));
#10223=DIRECTION('',(0.,0.,1.));
#10224=DIRECTION('',(0.866025403784439,0.5,0.));
#10225=DIRECTION('',(-0.866025403784439,-0.5,0.));
#10226=DIRECTION('center_axis',(-0.353553390593274,0.612372435695795,0.707106781186547));
#10227=DIRECTION('ref_axis',(0.894427190999916,0.,0.447213595499958));
#10228=DIRECTION('',(-0.353553390593273,0.612372435695794,-0.707106781186548));
#10229=DIRECTION('',(-0.866025403784439,-0.5,0.));
#10230=DIRECTION('center_axis',(-0.353553390593274,0.612372435695795,0.707106781186547));
#10231=DIRECTION('ref_axis',(0.894427190999916,0.,0.447213595499958));
#10232=DIRECTION('',(-1.57320871166727E-15,-0.755928946018455,0.654653670707977));
#10233=DIRECTION('',(7.2864575179118E-16,0.755928946018454,-0.654653670707977));
#10234=DIRECTION('',(-0.866025403784439,-0.5,0.));
#10235=DIRECTION('center_axis',(-0.707106781186549,4.50366451110216E-16,
0.707106781186546));
#10236=DIRECTION('ref_axis',(0.707106781186546,0.,0.707106781186549));
#10237=DIRECTION('',(0.654653670707976,0.377964473009227,0.654653670707978));
#10238=DIRECTION('',(6.36914343197906E-16,1.,0.));
#10239=DIRECTION('',(-0.654653670707976,-0.377964473009226,-0.654653670707978));
#10240=DIRECTION('',(-6.36914343197906E-16,-1.,0.));
#10241=DIRECTION('center_axis',(-1.,6.36914343197906E-16,0.));
#10242=DIRECTION('ref_axis',(-6.36914343197906E-16,-1.,0.));
#10243=DIRECTION('',(0.,0.,1.));
#10244=DIRECTION('',(0.,0.,1.));
#10245=DIRECTION('',(-6.36914343197906E-16,-1.,0.));
#10246=DIRECTION('',(0.,0.,1.));
#10247=DIRECTION('',(0.,0.,1.));
#10248=DIRECTION('',(-6.36914343197906E-16,-1.,0.));
#10249=DIRECTION('',(0.,0.,1.));
#10250=DIRECTION('',(6.36914343197906E-16,1.,0.));
#10251=DIRECTION('',(0.,0.,1.));
#10252=DIRECTION('',(-6.36914343197906E-16,-1.,0.));
#10253=DIRECTION('',(0.,0.,1.));
#10254=DIRECTION('',(6.36914343197906E-16,1.,0.));
#10255=DIRECTION('',(0.,0.,1.));
#10256=DIRECTION('',(-6.36914343197906E-16,-1.,0.));
#10257=DIRECTION('center_axis',(-0.707106781186549,4.50366451110216E-16,
0.707106781186546));
#10258=DIRECTION('ref_axis',(0.707106781186546,0.,0.707106781186549));
#10259=DIRECTION('',(0.707106781186546,-3.20434238499403E-17,0.707106781186549));
#10260=DIRECTION('',(-0.707106781186546,3.27863837912721E-17,-0.707106781186549));
#10261=DIRECTION('',(-6.36914343197906E-16,-1.,0.));
#10262=DIRECTION('center_axis',(-0.707106781186549,4.50366451110216E-16,
0.707106781186546));
#10263=DIRECTION('ref_axis',(0.707106781186546,0.,0.707106781186549));
#10264=DIRECTION('',(0.707106781186546,-8.51918279434026E-16,0.707106781186549));
#10265=DIRECTION('',(-0.707106781186546,6.24953096380267E-16,-0.707106781186549));
#10266=DIRECTION('',(-6.36914343197906E-16,-1.,0.));
#10267=DIRECTION('center_axis',(-0.353553390593273,-0.612372435695792,0.70710678118655));
#10268=DIRECTION('ref_axis',(0.894427190999917,0.,0.447213595499956));
#10269=DIRECTION('',(0.353553390593276,0.612372435695796,0.707106781186545));
#10270=DIRECTION('',(-0.866025403784438,0.500000000000001,0.));
#10271=DIRECTION('',(-0.353553390593274,-0.612372435695797,-0.707106781186545));
#10272=DIRECTION('',(0.866025403784438,-0.500000000000001,0.));
#10273=DIRECTION('center_axis',(-0.500000000000001,-0.866025403784438,0.));
#10274=DIRECTION('ref_axis',(0.866025403784438,-0.500000000000001,0.));
#10275=DIRECTION('',(0.,0.,1.));
#10276=DIRECTION('',(0.,0.,1.));
#10277=DIRECTION('',(0.866025403784438,-0.500000000000001,0.));
#10278=DIRECTION('',(0.,0.,1.));
#10279=DIRECTION('',(0.,0.,1.));
#10280=DIRECTION('',(0.866025403784438,-0.500000000000001,0.));
#10281=DIRECTION('',(0.,0.,1.));
#10282=DIRECTION('',(-0.866025403784438,0.500000000000001,0.));
#10283=DIRECTION('',(0.,0.,1.));
#10284=DIRECTION('',(0.866025403784438,-0.500000000000001,0.));
#10285=DIRECTION('',(0.,0.,1.));
#10286=DIRECTION('',(-0.866025403784438,0.500000000000001,0.));
#10287=DIRECTION('',(0.,0.,1.));
#10288=DIRECTION('',(0.866025403784438,-0.500000000000001,0.));
#10289=DIRECTION('center_axis',(-0.353553390593273,-0.612372435695792,0.70710678118655));
#10290=DIRECTION('ref_axis',(0.894427190999917,0.,0.447213595499956));
#10291=DIRECTION('',(0.353553390593275,0.612372435695797,0.707106781186545));
#10292=DIRECTION('',(-0.353553390593275,-0.612372435695796,-0.707106781186545));
#10293=DIRECTION('',(0.866025403784438,-0.500000000000001,0.));
#10294=DIRECTION('center_axis',(-0.353553390593273,-0.612372435695793,0.707106781186549));
#10295=DIRECTION('ref_axis',(0.894427190999917,0.,0.447213595499957));
#10296=DIRECTION('',(0.894427190999917,0.,0.447213595499957));
#10297=DIRECTION('',(-0.894427190999917,0.,-0.447213595499957));
#10298=DIRECTION('',(0.866025403784438,-0.500000000000001,0.));
#10299=DIRECTION('center_axis',(0.353553390593271,-0.61237243569579,0.707106781186553));
#10300=DIRECTION('ref_axis',(0.894427190999919,0.,-0.447213595499952));
#10301=DIRECTION('',(0.894427190999919,0.,-0.447213595499952));
#10302=DIRECTION('',(0.866025403784439,0.499999999999999,0.));
#10303=DIRECTION('',(-0.894427190999919,0.,0.447213595499952));
#10304=DIRECTION('',(-0.866025403784439,-0.499999999999999,0.));
#10305=DIRECTION('center_axis',(0.,0.,1.));
#10306=DIRECTION('ref_axis',(-1.,0.,0.));
#10307=DIRECTION('',(-1.,0.,0.));
#10308=DIRECTION('',(1.,0.,0.));
#10309=DIRECTION('center_axis',(0.353553390593272,-0.612372435695793,0.707106781186549));
#10310=DIRECTION('ref_axis',(0.894427190999917,0.,-0.447213595499956));
#10311=DIRECTION('',(-0.353553390593274,0.612372435695796,0.707106781186546));
#10312=DIRECTION('',(-0.866025403784439,-0.499999999999999,0.));
#10313=DIRECTION('',(0.353553390593274,-0.612372435695796,-0.707106781186546));
#10314=DIRECTION('',(0.866025403784439,0.499999999999999,0.));
#10315=DIRECTION('center_axis',(0.499999999999999,-0.866025403784439,0.));
#10316=DIRECTION('ref_axis',(0.866025403784439,0.499999999999999,0.));
#10317=DIRECTION('',(0.,0.,1.));
#10318=DIRECTION('',(0.866025403784439,0.499999999999999,0.));
#10319=DIRECTION('',(0.,0.,1.));
#10320=DIRECTION('',(0.,0.,1.));
#10321=DIRECTION('',(0.866025403784439,0.499999999999999,0.));
#10322=DIRECTION('',(0.,0.,1.));
#10323=DIRECTION('',(-0.866025403784439,-0.499999999999999,0.));
#10324=DIRECTION('',(0.,0.,1.));
#10325=DIRECTION('',(0.866025403784439,0.499999999999999,0.));
#10326=DIRECTION('',(0.,0.,1.));
#10327=DIRECTION('',(0.,0.,1.));
#10328=DIRECTION('',(0.866025403784439,0.499999999999999,0.));
#10329=DIRECTION('',(0.,0.,1.));
#10330=DIRECTION('center_axis',(0.353553390593273,-0.612372435695795,0.707106781186547));
#10331=DIRECTION('ref_axis',(0.894427190999916,0.,-0.447213595499958));
#10332=DIRECTION('',(-0.353553390593273,0.612372435695795,0.707106781186548));
#10333=DIRECTION('',(0.353553390593273,-0.612372435695795,-0.707106781186548));
#10334=DIRECTION('',(0.866025403784439,0.499999999999999,0.));
#10335=DIRECTION('center_axis',(0.707106781186549,-4.50366451110216E-16,
0.707106781186546));
#10336=DIRECTION('ref_axis',(0.707106781186546,0.,-0.707106781186549));
#10337=DIRECTION('',(-0.707106781186546,5.13125493548224E-16,0.707106781186549));
#10338=DIRECTION('',(0.707106781186546,-7.62084289643432E-16,-0.707106781186549));
#10339=DIRECTION('',(6.36914343197906E-16,1.,0.));
#10340=DIRECTION('center_axis',(0.707106781186549,-4.50366451110216E-16,
0.707106781186546));
#10341=DIRECTION('ref_axis',(0.707106781186546,0.,-0.707106781186549));
#10342=DIRECTION('',(-0.707106781186546,-1.78073139833398E-16,0.707106781186549));
#10343=DIRECTION('',(0.707106781186546,3.47663420075294E-17,-0.707106781186549));
#10344=DIRECTION('',(6.36914343197906E-16,1.,0.));
#10345=DIRECTION('center_axis',(0.,0.,1.));
#10346=DIRECTION('ref_axis',(-1.,0.,0.));
#10347=DIRECTION('',(0.866025403784439,0.5,0.));
#10348=DIRECTION('center_axis',(0.,0.,-1.));
#10349=DIRECTION('ref_axis',(-1.,0.,0.));
#10350=DIRECTION('',(0.866025403784438,-0.5,0.));
#10351=DIRECTION('',(-0.866025403784438,0.500000000000001,0.));
#10352=DIRECTION('center_axis',(0.,0.,1.));
#10353=DIRECTION('ref_axis',(-1.,0.,0.));
#10354=DIRECTION('',(6.36265721810857E-18,1.,0.));
#10355=DIRECTION('',(-1.,0.,0.));
#10356=DIRECTION('',(0.,-1.,0.));
#10357=DIRECTION('center_axis',(0.,0.,1.));
#10358=DIRECTION('ref_axis',(-1.,0.,0.));
#10359=DIRECTION('',(-0.86602540378444,-0.499999999999998,0.));
#10360=DIRECTION('center_axis',(0.,0.,1.));
#10361=DIRECTION('ref_axis',(-1.,0.,0.));
#10362=DIRECTION('',(0.866025403784438,-0.500000000000002,0.));
#10363=DIRECTION('',(0.500000000000189,-0.866025403784329,0.));
#10364=DIRECTION('',(-5.08717087744215E-16,-1.,0.));
#10365=DIRECTION('',(0.,1.,0.));
#10366=DIRECTION('',(0.866025403784439,0.5,0.));
#10367=DIRECTION('center_axis',(0.,0.,1.));
#10368=DIRECTION('ref_axis',(-0.955064136811237,-0.296399214872452,0.));
#10369=DIRECTION('',(-0.5,-0.866025403784439,0.));
#10370=DIRECTION('',(0.5,0.866025403784439,0.));
#10371=DIRECTION('center_axis',(0.,0.,1.));
#10372=DIRECTION('ref_axis',(-0.955064136811237,-0.296399214872452,0.));
#10373=DIRECTION('',(-0.5,0.866025403784439,0.));
#10374=DIRECTION('center_axis',(0.,0.,1.));
#10375=DIRECTION('ref_axis',(-0.955064136811237,-0.296399214872452,0.));
#10376=DIRECTION('center_axis',(0.,0.,1.));
#10377=DIRECTION('ref_axis',(-0.233153164042029,-0.972440024935826,0.));
#10378=DIRECTION('',(0.866025403784438,-0.5,0.));
#10379=DIRECTION('',(-2.08115950573596E-15,-1.,0.));
#10380=DIRECTION('',(9.6390772655158E-16,1.,0.));
#10381=DIRECTION('',(0.500000000000189,0.86602540378433,0.));
#10382=DIRECTION('',(0.866025403784438,0.500000000000001,0.));
#10383=DIRECTION('',(-0.866025403784439,-0.499999999999999,0.));
#10384=DIRECTION('',(-0.866025403784438,0.5,0.));
#10385=DIRECTION('center_axis',(0.,0.,1.));
#10386=DIRECTION('ref_axis',(-0.233153164042029,-0.972440024935826,0.));
#10387=DIRECTION('',(1.,-4.53162445934552E-17,0.));
#10388=DIRECTION('',(-1.,4.63669486187865E-17,0.));
#10389=DIRECTION('center_axis',(0.,0.,1.));
#10390=DIRECTION('ref_axis',(-0.233153164042029,-0.972440024935826,0.));
#10391=DIRECTION('center_axis',(0.,0.,1.));
#10392=DIRECTION('ref_axis',(0.922249535038505,0.386595130752137,0.));
#10393=DIRECTION('',(0.866025403784439,0.499999999999999,0.));
#10394=DIRECTION('',(1.,-1.20479438480915E-15,0.));
#10395=DIRECTION('',(-1.,8.83817144748035E-16,0.));
#10396=DIRECTION('center_axis',(0.,0.,-1.));
#10397=DIRECTION('ref_axis',(-1.,0.,0.));
#10398=DIRECTION('',(0.500000000000001,0.866025403784438,0.));
#10399=DIRECTION('',(-0.499999999999999,-0.866025403784439,0.));
#10400=DIRECTION('',(-0.866025403784439,-0.5,0.));
#10401=DIRECTION('center_axis',(0.,0.,1.));
#10402=DIRECTION('ref_axis',(0.922249535038505,0.386595130752137,0.));
#10403=DIRECTION('',(0.5,0.866025403784439,0.));
#10404=DIRECTION('',(-0.5,-0.866025403784438,0.));
#10405=DIRECTION('center_axis',(0.,0.,1.));
#10406=DIRECTION('ref_axis',(0.922249535038505,0.386595130752137,0.));
#10407=DIRECTION('',(-0.499999999999999,0.866025403784439,0.));
#10408=DIRECTION('',(0.499999999999999,-0.866025403784439,0.));
#10409=DIRECTION('center_axis',(0.,0.,1.));
#10410=DIRECTION('ref_axis',(0.922249535038505,0.386595130752137,0.));
#10411=DIRECTION('',(-0.866025403784439,0.5,0.));
#10412=DIRECTION('',(-0.499999999999999,0.866025403784439,0.));
#10413=DIRECTION('',(0.499999999999999,-0.866025403784439,0.));
#10414=DIRECTION('center_axis',(0.,0.,-1.));
#10415=DIRECTION('ref_axis',(-1.,0.,0.));
#10416=DIRECTION('',(-1.,7.25669032175288E-16,0.));
#10417=DIRECTION('',(1.,-1.07774993808521E-15,0.));
#10418=DIRECTION('',(0.866025403784439,-0.5,0.));
#10419=DIRECTION('center_axis',(0.,0.,1.));
#10420=DIRECTION('ref_axis',(0.922249535038505,0.386595130752137,0.));
#10421=DIRECTION('',(-1.,-2.51833449446753E-16,0.));
#10422=DIRECTION('',(1.,4.91670323811496E-17,0.));
#10423=DIRECTION('center_axis',(0.,0.,1.));
#10424=DIRECTION('ref_axis',(0.922249535038505,0.386595130752137,0.));
#10425=DIRECTION('center_axis',(0.,0.,1.));
#10426=DIRECTION('ref_axis',(-0.955064136811237,-0.296399214872452,0.));
#10427=DIRECTION('',(-0.866025403784439,-0.5,0.));
#10428=DIRECTION('',(-0.866025403784437,0.500000000000003,0.));
#10429=DIRECTION('center_axis',(0.,0.,-1.));
#10430=DIRECTION('ref_axis',(-0.233174537510205,-0.972434900163966,0.));
#10431=DIRECTION('center_axis',(0.,0.,1.));
#10432=DIRECTION('ref_axis',(0.233152443466371,0.972440197701463,0.));
#10433=DIRECTION('center_axis',(0.,0.,-1.));
#10434=DIRECTION('ref_axis',(-0.955064136811237,-0.296399214872452,0.));
#10435=DIRECTION('center_axis',(0.,0.,-1.));
#10436=DIRECTION('ref_axis',(0.922249535038505,0.386595130752137,0.));
#10437=DIRECTION('center_axis',(-0.866025403784439,-0.499999999999999,0.));
#10438=DIRECTION('ref_axis',(0.499999999999999,-0.866025403784439,0.));
#10439=DIRECTION('',(0.499999999999999,-0.866025403784439,0.));
#10440=DIRECTION('',(0.,0.,1.));
#10441=DIRECTION('center_axis',(0.866025403784438,-0.500000000000001,0.));
#10442=DIRECTION('ref_axis',(0.500000000000001,0.866025403784438,0.));
#10443=DIRECTION('',(0.500000000000001,0.866025403784438,0.));
#10444=DIRECTION('center_axis',(7.25669032175288E-16,1.,0.));
#10445=DIRECTION('ref_axis',(-1.,7.25669032175288E-16,0.));
#10446=DIRECTION('',(-1.,7.25669032175288E-16,0.));
#10447=DIRECTION('',(0.,0.,1.));
#10448=DIRECTION('center_axis',(0.,0.,1.));
#10449=DIRECTION('ref_axis',(0.866025403809628,-0.499999999956371,0.));
#10450=DIRECTION('center_axis',(0.,0.,-1.));
#10451=DIRECTION('ref_axis',(-1.,0.,0.));
#10452=DIRECTION('center_axis',(0.5,-0.866025403784439,0.));
#10453=DIRECTION('ref_axis',(0.866025403784439,0.5,0.));
#10454=DIRECTION('',(0.866025403784439,0.5,0.));
#10455=DIRECTION('',(0.,0.,1.));
#10456=DIRECTION('center_axis',(0.,1.,0.));
#10457=DIRECTION('ref_axis',(-1.,0.,0.));
#10458=DIRECTION('',(-1.,0.,0.));
#10459=DIRECTION('center_axis',(-0.5,-0.866025403784438,0.));
#10460=DIRECTION('ref_axis',(0.866025403784438,-0.5,0.));
#10461=DIRECTION('',(0.866025403784438,-0.5,0.));
#10462=DIRECTION('',(0.,0.,1.));
#10463=DIRECTION('center_axis',(0.,0.,1.));
#10464=DIRECTION('ref_axis',(1.83697019872103E-16,1.,0.));
#10465=DIRECTION('center_axis',(0.,0.,-1.));
#10466=DIRECTION('ref_axis',(-1.,0.,0.));
#10467=DIRECTION('center_axis',(0.,0.,1.));
#10468=DIRECTION('ref_axis',(0.922249535038505,0.386595130752137,0.));
#10469=DIRECTION('center_axis',(0.,0.,-1.));
#10470=DIRECTION('ref_axis',(0.922249535038505,0.386595130752137,0.));
#10471=DIRECTION('',(0.,0.,1.));
#10472=DIRECTION('',(0.,0.,1.));
#10473=DIRECTION('center_axis',(0.,0.,1.));
#10474=DIRECTION('ref_axis',(-0.955064136811237,-0.296399214872452,0.));
#10475=DIRECTION('center_axis',(0.,0.,-1.));
#10476=DIRECTION('ref_axis',(-0.955064136811237,-0.296399214872452,0.));
#10477=DIRECTION('',(0.,0.,1.));
#10478=DIRECTION('center_axis',(0.,0.,1.));
#10479=DIRECTION('ref_axis',(0.233152443466371,0.972440197701463,0.));
#10480=DIRECTION('center_axis',(0.,0.,1.));
#10481=DIRECTION('ref_axis',(0.233152443466371,0.972440197701463,0.));
#10482=DIRECTION('',(0.,0.,1.));
#10483=DIRECTION('center_axis',(0.,0.,1.));
#10484=DIRECTION('ref_axis',(-0.233174537510205,-0.972434900163966,0.));
#10485=DIRECTION('center_axis',(0.,0.,-1.));
#10486=DIRECTION('ref_axis',(-0.233174537510205,-0.972434900163966,0.));
#10487=DIRECTION('center_axis',(0.5,0.866025403784438,0.));
#10488=DIRECTION('ref_axis',(-0.866025403784438,0.5,0.));
#10489=DIRECTION('',(-0.866025403784438,0.5,0.));
#10490=DIRECTION('',(0.,0.,1.));
#10491=DIRECTION('',(0.,0.,1.));
#10492=DIRECTION('center_axis',(-0.499999999999999,0.866025403784439,0.));
#10493=DIRECTION('ref_axis',(-0.866025403784439,-0.499999999999999,0.));
#10494=DIRECTION('',(-0.866025403784439,-0.499999999999999,0.));
#10495=DIRECTION('center_axis',(-4.53162445934552E-17,-1.,0.));
#10496=DIRECTION('ref_axis',(1.,-4.53162445934552E-17,0.));
#10497=DIRECTION('',(1.,-4.53162445934552E-17,0.));
#10498=DIRECTION('',(0.,0.,1.));
#10499=DIRECTION('center_axis',(0.,0.,1.));
#10500=DIRECTION('ref_axis',(-0.233153164042029,-0.972440024935826,0.));
#10501=DIRECTION('center_axis',(0.,0.,1.));
#10502=DIRECTION('ref_axis',(-0.233153164042029,-0.972440024935826,0.));
#10503=DIRECTION('center_axis',(1.,-6.36265721810857E-18,0.));
#10504=DIRECTION('ref_axis',(6.36265721810857E-18,1.,0.));
#10505=DIRECTION('',(6.36265721810857E-18,1.,0.));
#10506=DIRECTION('',(0.,0.,1.));
#10507=DIRECTION('',(0.,0.,1.));
#10508=DIRECTION('center_axis',(0.,0.,1.));
#10509=DIRECTION('ref_axis',(0.825395575269959,0.564554819592193,0.));
#10510=DIRECTION('center_axis',(0.,0.,1.));
#10511=DIRECTION('ref_axis',(-1.,0.,0.));
#10512=DIRECTION('',(0.,0.,1.));
#10513=DIRECTION('center_axis',(0.500000000000001,0.866025403784438,0.));
#10514=DIRECTION('ref_axis',(-0.866025403784438,0.500000000000001,0.));
#10515=DIRECTION('',(-0.866025403784438,0.500000000000001,0.));
#10516=DIRECTION('center_axis',(0.866025403784439,-0.5,0.));
#10517=DIRECTION('ref_axis',(0.5,0.866025403784439,0.));
#10518=DIRECTION('',(0.5,0.866025403784439,0.));
#10519=DIRECTION('',(0.,0.,1.));
#10520=DIRECTION('center_axis',(-0.499999999999998,0.86602540378444,0.));
#10521=DIRECTION('ref_axis',(-0.86602540378444,-0.499999999999998,0.));
#10522=DIRECTION('',(-0.86602540378444,-0.499999999999998,0.));
#10523=DIRECTION('',(0.,0.,1.));
#10524=DIRECTION('center_axis',(0.,0.,1.));
#10525=DIRECTION('ref_axis',(-1.,0.,0.));
#10526=DIRECTION('center_axis',(0.,0.,1.));
#10527=DIRECTION('ref_axis',(-1.,0.,0.));
#10528=DIRECTION('',(0.,0.,1.));
#10529=DIRECTION('center_axis',(-1.,0.,0.));
#10530=DIRECTION('ref_axis',(0.,-1.,0.));
#10531=DIRECTION('',(0.,-1.,0.));
#10532=DIRECTION('',(0.,0.,1.));
#10533=DIRECTION('center_axis',(0.,1.,0.));
#10534=DIRECTION('ref_axis',(-1.,0.,0.));
#10535=DIRECTION('',(-1.,0.,0.));
#10536=DIRECTION('center_axis',(0.866025403784439,0.499999999999999,0.));
#10537=DIRECTION('ref_axis',(-0.499999999999999,0.866025403784439,0.));
#10538=DIRECTION('',(-0.499999999999999,0.866025403784439,0.));
#10539=DIRECTION('center_axis',(-1.,5.08717087744215E-16,0.));
#10540=DIRECTION('ref_axis',(-5.08717087744215E-16,-1.,0.));
#10541=DIRECTION('',(-5.08717087744215E-16,-1.,0.));
#10542=DIRECTION('',(0.,0.,1.));
#10543=DIRECTION('center_axis',(-0.866025403784329,-0.500000000000189,0.));
#10544=DIRECTION('ref_axis',(0.500000000000189,-0.866025403784329,0.));
#10545=DIRECTION('',(0.500000000000189,-0.866025403784329,0.));
#10546=DIRECTION('',(0.,0.,1.));
#10547=DIRECTION('center_axis',(-0.500000000000002,-0.866025403784438,0.));
#10548=DIRECTION('ref_axis',(0.866025403784438,-0.500000000000002,0.));
#10549=DIRECTION('',(0.866025403784438,-0.500000000000002,0.));
#10550=DIRECTION('center_axis',(0.500000000000003,0.866025403784437,0.));
#10551=DIRECTION('ref_axis',(-0.866025403784437,0.500000000000003,0.));
#10552=DIRECTION('',(-0.866025403784437,0.500000000000003,0.));
#10553=DIRECTION('',(0.,0.,1.));
#10554=DIRECTION('center_axis',(-0.5,0.866025403784439,0.));
#10555=DIRECTION('ref_axis',(-0.866025403784439,-0.5,0.));
#10556=DIRECTION('',(-0.866025403784439,-0.5,0.));
#10557=DIRECTION('',(0.,0.,1.));
#10558=DIRECTION('center_axis',(0.,0.,1.));
#10559=DIRECTION('ref_axis',(-0.955064136811237,-0.296399214872452,0.));
#10560=DIRECTION('center_axis',(0.,0.,1.));
#10561=DIRECTION('ref_axis',(-0.955064136811237,-0.296399214872452,0.));
#10562=DIRECTION('',(0.,0.,1.));
#10563=DIRECTION('center_axis',(0.,0.,1.));
#10564=DIRECTION('ref_axis',(0.922249535038505,0.386595130752137,0.));
#10565=DIRECTION('center_axis',(0.,0.,1.));
#10566=DIRECTION('ref_axis',(0.922249535038505,0.386595130752137,0.));
#10567=DIRECTION('',(0.,0.,1.));
#10568=DIRECTION('center_axis',(4.91670323811496E-17,-1.,0.));
#10569=DIRECTION('ref_axis',(1.,4.91670323811496E-17,0.));
#10570=DIRECTION('',(1.,4.91670323811496E-17,0.));
#10571=DIRECTION('center_axis',(8.83817144748035E-16,1.,0.));
#10572=DIRECTION('ref_axis',(-1.,8.83817144748035E-16,0.));
#10573=DIRECTION('',(-1.,8.83817144748035E-16,0.));
#10574=DIRECTION('',(0.,0.,1.));
#10575=DIRECTION('center_axis',(-0.866025403784439,-0.5,0.));
#10576=DIRECTION('ref_axis',(0.5,-0.866025403784439,0.));
#10577=DIRECTION('',(0.5,-0.866025403784439,0.));
#10578=DIRECTION('center_axis',(0.866025403784438,-0.500000000000001,0.));
#10579=DIRECTION('ref_axis',(0.500000000000001,0.866025403784438,0.));
#10580=DIRECTION('',(0.500000000000001,0.866025403784438,0.));
#10581=DIRECTION('',(0.,0.,1.));
#10582=DIRECTION('center_axis',(0.,0.,1.));
#10583=DIRECTION('ref_axis',(-1.,0.,0.));
#10584=DIRECTION('center_axis',(0.,0.,-1.));
#10585=DIRECTION('ref_axis',(-1.,0.,0.));
#10586=DIRECTION('center_axis',(-1.,2.08115950573596E-15,0.));
#10587=DIRECTION('ref_axis',(-2.08115950573596E-15,-1.,0.));
#10588=DIRECTION('',(-2.08115950573596E-15,-1.,0.));
#10589=DIRECTION('',(0.,0.,1.));
#10590=DIRECTION('center_axis',(-0.5,-0.866025403784438,0.));
#10591=DIRECTION('ref_axis',(0.866025403784438,-0.5,0.));
#10592=DIRECTION('',(0.866025403784438,-0.5,0.));
#10593=DIRECTION('',(0.,0.,1.));
#10594=DIRECTION('center_axis',(0.,0.,1.));
#10595=DIRECTION('ref_axis',(-0.233153164042029,-0.972440024935826,0.));
#10596=DIRECTION('center_axis',(0.,0.,1.));
#10597=DIRECTION('ref_axis',(-0.233153164042029,-0.972440024935826,0.));
#10598=DIRECTION('',(0.,0.,1.));
#10599=DIRECTION('center_axis',(0.,0.,1.));
#10600=DIRECTION('ref_axis',(-0.955064136811237,-0.296399214872452,0.));
#10601=DIRECTION('center_axis',(0.,0.,1.));
#10602=DIRECTION('ref_axis',(-0.955064136811237,-0.296399214872452,0.));
#10603=DIRECTION('',(0.,0.,1.));
#10604=DIRECTION('center_axis',(0.866025403784439,0.5,0.));
#10605=DIRECTION('ref_axis',(-0.5,0.866025403784439,0.));
#10606=DIRECTION('',(-0.5,0.866025403784439,0.));
#10607=DIRECTION('center_axis',(-0.5,0.866025403784439,0.));
#10608=DIRECTION('ref_axis',(-0.866025403784439,-0.5,0.));
#10609=DIRECTION('',(-0.866025403784439,-0.5,0.));
#10610=DIRECTION('',(0.,0.,1.));
#10611=DIRECTION('',(0.,0.,1.));
#10612=DIRECTION('center_axis',(-0.866025403784439,0.499999999999999,0.));
#10613=DIRECTION('ref_axis',(-0.499999999999999,-0.866025403784439,0.));
#10614=DIRECTION('',(-0.499999999999999,-0.866025403784439,0.));
#10615=DIRECTION('center_axis',(0.866025403784439,-0.5,0.));
#10616=DIRECTION('ref_axis',(0.5,0.866025403784439,0.));
#10617=DIRECTION('',(0.5,0.866025403784439,0.));
#10618=DIRECTION('',(0.,0.,1.));
#10619=DIRECTION('center_axis',(0.,0.,1.));
#10620=DIRECTION('ref_axis',(0.922249535038505,0.386595130752137,0.));
#10621=DIRECTION('center_axis',(0.,0.,1.));
#10622=DIRECTION('ref_axis',(0.922249535038505,0.386595130752137,0.));
#10623=DIRECTION('center_axis',(0.,-1.,0.));
#10624=DIRECTION('ref_axis',(1.,0.,0.));
#10625=DIRECTION('',(1.,0.,0.));
#10626=DIRECTION('center_axis',(0.866025403784439,0.499999999999999,0.));
#10627=DIRECTION('ref_axis',(-0.499999999999999,0.866025403784439,0.));
#10628=DIRECTION('',(-0.499999999999999,0.866025403784439,0.));
#10629=DIRECTION('',(0.,0.,1.));
#10630=DIRECTION('center_axis',(0.,0.,1.));
#10631=DIRECTION('ref_axis',(0.922249535038505,0.386595130752137,0.));
#10632=DIRECTION('center_axis',(0.,0.,1.));
#10633=DIRECTION('ref_axis',(0.922249535038505,0.386595130752137,0.));
#10634=DIRECTION('',(0.,0.,1.));
#10635=DIRECTION('center_axis',(-0.866025403784438,0.5,0.));
#10636=DIRECTION('ref_axis',(-0.5,-0.866025403784438,0.));
#10637=DIRECTION('',(-0.5,-0.866025403784438,0.));
#10638=DIRECTION('center_axis',(0.,-1.,0.));
#10639=DIRECTION('ref_axis',(1.,0.,0.));
#10640=DIRECTION('',(1.,0.,0.));
#10641=DIRECTION('center_axis',(0.,1.,0.));
#10642=DIRECTION('ref_axis',(-1.,0.,0.));
#10643=DIRECTION('',(-1.,0.,0.));
#10644=DIRECTION('center_axis',(-1.20479438480915E-15,-1.,0.));
#10645=DIRECTION('ref_axis',(1.,-1.20479438480915E-15,0.));
#10646=DIRECTION('',(1.,-1.20479438480915E-15,0.));
#10647=DIRECTION('',(0.,0.,1.));
#10648=DIRECTION('center_axis',(0.499999999999999,-0.866025403784439,0.));
#10649=DIRECTION('ref_axis',(0.866025403784439,0.499999999999999,0.));
#10650=DIRECTION('',(0.866025403784439,0.499999999999999,0.));
#10651=DIRECTION('',(0.,0.,1.));
#10652=DIRECTION('center_axis',(0.,0.,1.));
#10653=DIRECTION('ref_axis',(0.922249535038505,0.386595130752137,0.));
#10654=DIRECTION('center_axis',(0.,0.,1.));
#10655=DIRECTION('ref_axis',(0.922249535038505,0.386595130752137,0.));
#10656=DIRECTION('',(0.,0.,1.));
#10657=DIRECTION('center_axis',(0.,0.,1.));
#10658=DIRECTION('ref_axis',(-0.233153164042029,-0.972440024935826,0.));
#10659=DIRECTION('center_axis',(0.,0.,1.));
#10660=DIRECTION('ref_axis',(-0.233153164042029,-0.972440024935826,0.));
#10661=DIRECTION('',(0.,0.,1.));
#10662=DIRECTION('center_axis',(4.63669486187865E-17,1.,0.));
#10663=DIRECTION('ref_axis',(-1.,4.63669486187865E-17,0.));
#10664=DIRECTION('',(-1.,4.63669486187865E-17,0.));
#10665=DIRECTION('center_axis',(0.866025403784439,0.499999999999999,0.));
#10666=DIRECTION('ref_axis',(-0.499999999999999,0.866025403784439,0.));
#10667=DIRECTION('',(-0.499999999999999,0.866025403784439,0.));
#10668=DIRECTION('',(0.,0.,1.));
#10669=DIRECTION('center_axis',(0.5,0.866025403784439,0.));
#10670=DIRECTION('ref_axis',(-0.866025403784439,0.5,0.));
#10671=DIRECTION('',(-0.866025403784439,0.5,0.));
#10672=DIRECTION('',(0.,0.,1.));
#10673=DIRECTION('center_axis',(0.,0.,1.));
#10674=DIRECTION('ref_axis',(0.922249535038505,0.386595130752137,0.));
#10675=DIRECTION('center_axis',(0.,0.,1.));
#10676=DIRECTION('ref_axis',(0.922249535038505,0.386595130752137,0.));
#10677=DIRECTION('',(0.,0.,1.));
#10678=DIRECTION('center_axis',(-0.866025403784439,-0.5,0.));
#10679=DIRECTION('ref_axis',(0.5,-0.866025403784439,0.));
#10680=DIRECTION('',(0.499999999999999,-0.866025403784439,0.));
#10681=DIRECTION('center_axis',(-0.5,-0.866025403784439,0.));
#10682=DIRECTION('ref_axis',(0.866025403784439,-0.5,0.));
#10683=DIRECTION('',(0.866025403784439,-0.5,0.));
#10684=DIRECTION('',(0.,0.,1.));
#10685=DIRECTION('',(0.,0.,1.));
#10686=DIRECTION('center_axis',(-1.07774993808521E-15,-1.,0.));
#10687=DIRECTION('ref_axis',(1.,-1.07774993808521E-15,0.));
#10688=DIRECTION('',(1.,-1.07774993808521E-15,0.));
#10689=DIRECTION('center_axis',(-2.51833449446753E-16,1.,0.));
#10690=DIRECTION('ref_axis',(-1.,-2.51833449446753E-16,0.));
#10691=DIRECTION('',(-1.,-2.51833449446753E-16,0.));
#10692=DIRECTION('',(0.,0.,1.));
#10693=DIRECTION('center_axis',(0.,0.,1.));
#10694=DIRECTION('ref_axis',(0.922249535038505,0.386595130752137,0.));
#10695=DIRECTION('center_axis',(0.,0.,1.));
#10696=DIRECTION('ref_axis',(0.922249535038505,0.386595130752137,0.));
#10697=DIRECTION('center_axis',(-0.866025403784439,0.5,0.));
#10698=DIRECTION('ref_axis',(-0.5,-0.866025403784439,0.));
#10699=DIRECTION('',(-0.5,-0.866025403784439,0.));
#10700=DIRECTION('center_axis',(0.500000000000001,-0.866025403784438,0.));
#10701=DIRECTION('ref_axis',(0.866025403784438,0.500000000000001,0.));
#10702=DIRECTION('',(0.866025403784438,0.500000000000001,0.));
#10703=DIRECTION('',(0.,0.,1.));
#10704=DIRECTION('center_axis',(0.86602540378433,-0.500000000000189,0.));
#10705=DIRECTION('ref_axis',(0.500000000000189,0.86602540378433,0.));
#10706=DIRECTION('',(0.500000000000189,0.86602540378433,0.));
#10707=DIRECTION('',(0.,0.,1.));
#10708=DIRECTION('center_axis',(1.,-9.6390772655158E-16,0.));
#10709=DIRECTION('ref_axis',(9.6390772655158E-16,1.,0.));
#10710=DIRECTION('',(9.6390772655158E-16,1.,0.));
#10711=DIRECTION('center_axis',(0.5,-0.866025403784439,0.));
#10712=DIRECTION('ref_axis',(0.866025403784439,0.5,0.));
#10713=DIRECTION('',(0.866025403784439,0.5,0.));
#10714=DIRECTION('',(0.,0.,1.));
#10715=DIRECTION('',(0.,0.,1.));
#10716=DIRECTION('center_axis',(1.,0.,0.));
#10717=DIRECTION('ref_axis',(0.,1.,0.));
#10718=DIRECTION('',(0.,1.,0.));
#10719=DIRECTION('center_axis',(-0.866025403784439,0.5,0.));
#10720=DIRECTION('ref_axis',(-0.5,-0.866025403784439,0.));
#10721=DIRECTION('',(-0.5,-0.866025403784439,0.));
#10722=DIRECTION('',(0.,0.,1.));
#10723=DIRECTION('center_axis',(0.,0.,1.));
#10724=DIRECTION('ref_axis',(-0.955064136811237,-0.296399214872452,0.));
#10725=DIRECTION('center_axis',(0.,0.,1.));
#10726=DIRECTION('ref_axis',(-0.955064136811237,-0.296399214872452,0.));
#10727=DIRECTION('center_axis',(-0.86602540378444,-0.499999999999998,0.));
#10728=DIRECTION('ref_axis',(0.499999999999998,-0.86602540378444,0.));
#10729=DIRECTION('',(0.,0.,1.));
#10730=DIRECTION('',(0.499999999999998,-0.86602540378444,0.));
#10731=DIRECTION('center_axis',(-1.,6.23496421511135E-16,0.));
#10732=DIRECTION('ref_axis',(-6.23496421511135E-16,-1.,0.));
#10733=DIRECTION('',(0.,0.,1.));
#10734=DIRECTION('',(-6.23496421511135E-16,-1.,0.));
#10735=DIRECTION('center_axis',(-0.866025403784438,0.500000000000001,0.));
#10736=DIRECTION('ref_axis',(-0.500000000000001,-0.866025403784438,0.));
#10737=DIRECTION('',(0.,0.,1.));
#10738=DIRECTION('',(-0.500000000000001,-0.866025403784438,0.));
#10739=DIRECTION('center_axis',(-0.499999999999999,0.866025403784439,0.));
#10740=DIRECTION('ref_axis',(-0.866025403784439,-0.499999999999999,0.));
#10741=DIRECTION('',(0.,0.,1.));
#10742=DIRECTION('',(-0.866025403784439,-0.499999999999999,0.));
#10743=DIRECTION('center_axis',(0.,1.,0.));
#10744=DIRECTION('ref_axis',(-1.,0.,0.));
#10745=DIRECTION('',(0.,0.,1.));
#10746=DIRECTION('',(-1.,0.,0.));
#10747=DIRECTION('center_axis',(0.500000000000001,0.866025403784438,0.));
#10748=DIRECTION('ref_axis',(-0.866025403784438,0.500000000000001,0.));
#10749=DIRECTION('',(-0.866025403784438,0.500000000000001,0.));
#10750=DIRECTION('center_axis',(0.,0.,1.));
#10751=DIRECTION('ref_axis',(-1.,0.,0.));
#10752=DIRECTION('axis',(0.,0.,1.));
#10753=DIRECTION('refdir',(1.,0.,0.));
#10754=DIRECTION('center_axis',(-0.5,-0.866025403784438,0.));
#10755=DIRECTION('ref_axis',(-0.866025403784438,0.5,0.));
#10756=DIRECTION('',(0.866025403784438,-0.5,0.));
#10757=DIRECTION('',(0.,0.,1.));
#10758=DIRECTION('',(-0.866025403784438,0.5,0.));
#10759=DIRECTION('',(0.,0.,-1.));
#10760=DIRECTION('',(0.866025403784438,-0.5,0.));
#10761=DIRECTION('',(0.,0.,-1.));
#10762=DIRECTION('',(0.866025403784438,-0.5,0.));
#10763=DIRECTION('',(0.866025403784438,-0.5,0.));
#10764=DIRECTION('',(0.,0.,1.));
#10765=DIRECTION('center_axis',(0.,0.,-1.));
#10766=DIRECTION('ref_axis',(-0.5,-0.866025403784438,0.));
#10767=DIRECTION('center_axis',(0.,0.,1.));
#10768=DIRECTION('ref_axis',(-1.,0.,0.));
#10769=DIRECTION('center_axis',(0.,0.,-1.));
#10770=DIRECTION('ref_axis',(-0.5,-0.866025403784438,0.));
#10771=DIRECTION('',(-0.5,-0.866025403784438,0.));
#10772=DIRECTION('',(-0.866025403784438,0.5,0.));
#10773=DIRECTION('center_axis',(0.,0.,1.));
#10774=DIRECTION('ref_axis',(-1.,0.,0.));
#10775=DIRECTION('center_axis',(0.866025403784438,-0.5,0.));
#10776=DIRECTION('ref_axis',(-0.5,-0.866025403784438,0.));
#10777=DIRECTION('',(0.5,0.866025403784438,0.));
#10778=DIRECTION('',(0.5,0.866025403784438,0.));
#10779=DIRECTION('',(0.,0.,-1.));
#10780=DIRECTION('center_axis',(0.,0.,-1.));
#10781=DIRECTION('ref_axis',(-0.5,-0.866025403784438,0.));
#10782=DIRECTION('center_axis',(0.,0.,1.));
#10783=DIRECTION('ref_axis',(-1.,0.,0.));
#10784=DIRECTION('center_axis',(0.,0.,1.));
#10785=DIRECTION('ref_axis',(-1.,0.,0.));
#10786=DIRECTION('',(-0.866025403784438,0.5,0.));
#10787=DIRECTION('',(0.5,0.866025403784438,0.));
#10788=DIRECTION('center_axis',(0.5,0.866025403784438,0.));
#10789=DIRECTION('ref_axis',(0.866025403784438,-0.5,0.));
#10790=DIRECTION('',(0.,0.,1.));
#10791=DIRECTION('',(0.866025403784438,-0.5,0.));
#10792=DIRECTION('',(0.,0.,-1.));
#10793=DIRECTION('',(-0.866025403784438,0.5,0.));
#10794=DIRECTION('',(-0.866025403784438,0.5,0.));
#10795=DIRECTION('',(0.,0.,1.));
#10796=DIRECTION('center_axis',(0.,0.,-1.));
#10797=DIRECTION('ref_axis',(-0.5,-0.866025403784438,0.));
#10798=DIRECTION('center_axis',(0.,0.,1.));
#10799=DIRECTION('ref_axis',(-1.,0.,0.));
#10800=DIRECTION('center_axis',(-0.866025403784438,0.5,0.));
#10801=DIRECTION('ref_axis',(0.5,0.866025403784438,0.));
#10802=DIRECTION('',(-0.5,-0.866025403784438,0.));
#10803=DIRECTION('',(-0.5,-0.866025403784438,0.));
#10804=DIRECTION('center_axis',(0.,0.,1.));
#10805=DIRECTION('ref_axis',(-1.,0.,0.));
#10806=DIRECTION('center_axis',(0.,0.,1.));
#10807=DIRECTION('ref_axis',(-1.,0.,0.));
#10808=DIRECTION('center_axis',(0.,0.,1.));
#10809=DIRECTION('ref_axis',(-1.,0.,0.));
#10810=DIRECTION('center_axis',(0.,0.,1.));
#10811=DIRECTION('ref_axis',(-1.,0.,0.));
#10812=DIRECTION('center_axis',(0.,0.,1.));
#10813=DIRECTION('ref_axis',(-1.,0.,0.));
#10814=DIRECTION('center_axis',(0.,0.,1.));
#10815=DIRECTION('ref_axis',(-1.,0.,0.));
#10816=DIRECTION('',(0.,0.,1.));
#10817=DIRECTION('center_axis',(0.,0.,-1.));
#10818=DIRECTION('ref_axis',(-1.,0.,0.));
#10819=DIRECTION('center_axis',(0.,0.,-1.));
#10820=DIRECTION('ref_axis',(1.,0.,0.));
#10821=DIRECTION('',(-0.500000000000001,0.866025403784438,0.));
#10822=DIRECTION('',(0.258819045102652,0.965925826289033,0.));
#10823=DIRECTION('',(-0.866025403784439,-0.499999999999999,0.));
#10824=DIRECTION('',(0.965925826289071,-0.25881904510251,0.));
#10825=DIRECTION('',(0.5,-0.866025403784439,0.));
#10826=DIRECTION('',(-0.866025403784439,-0.499999999999999,0.));
#10827=DIRECTION('',(-0.500000000000001,-0.866025403784438,0.));
#10828=DIRECTION('',(-8.49219124263875E-16,-1.,0.));
#10829=DIRECTION('',(-1.,-1.32169407693471E-15,0.));
#10830=DIRECTION('',(-0.707106781186441,0.707106781186654,0.));
#10831=DIRECTION('',(-6.23496421511134E-16,-1.,0.));
#10832=DIRECTION('',(0.707106781186508,0.707106781186587,0.));
#10833=DIRECTION('',(1.,1.32169407693471E-15,0.));
#10834=DIRECTION('',(-8.49219124263875E-16,-1.,0.));
#10835=DIRECTION('',(0.499999999999998,-0.86602540378444,0.));
#10836=DIRECTION('',(0.866025403784439,-0.5,0.));
#10837=DIRECTION('',(1.,0.,0.));
#10838=DIRECTION('',(0.866025403784439,0.499999999999999,0.));
#10839=DIRECTION('',(0.5,0.866025403784438,0.));
#10840=DIRECTION('',(8.49219124263876E-16,1.,0.));
#10841=DIRECTION('',(-0.5,0.866025403784439,0.));
#10842=DIRECTION('',(-0.866025403784438,0.500000000000001,0.));
#10843=DIRECTION('',(0.500000000000002,0.866025403784437,0.));
#10844=DIRECTION('',(0.965925826289047,0.258819045102599,0.));
#10845=DIRECTION('',(-0.866025403784438,0.500000000000001,0.));
#10846=DIRECTION('',(0.258819045102202,-0.965925826289154,0.));
#10847=DIRECTION('',(-0.500000000000009,-0.866025403784433,0.));
#10848=DIRECTION('',(-0.866025403784438,0.500000000000001,0.));
#10849=DIRECTION('',(-1.,0.,0.));
#10850=DIRECTION('',(-0.866025403784439,-0.499999999999999,0.));
#10851=DIRECTION('center_axis',(0.,0.,-1.));
#10852=DIRECTION('ref_axis',(-1.,0.,0.));
#10853=DIRECTION('center_axis',(0.,0.,-1.));
#10854=DIRECTION('ref_axis',(-1.,0.,0.));
#10855=DIRECTION('',(0.499999999999971,0.866025403784455,0.));
#10856=DIRECTION('',(0.866025403784439,-0.5,0.));
#10857=DIRECTION('',(0.499999999999999,-0.866025403784439,0.));
#10858=DIRECTION('',(-6.67705756790154E-16,-1.,0.));
#10859=DIRECTION('',(-1.,-2.15763155400299E-14,0.));
#10860=DIRECTION('',(-0.500000000000001,-0.866025403784438,0.));
#10861=DIRECTION('',(0.5,-0.866025403784439,0.));
#10862=DIRECTION('',(-0.866025403784439,-0.499999999999999,0.));
#10863=DIRECTION('',(-1.,0.,0.));
#10864=DIRECTION('',(-0.866025403784438,0.500000000000001,0.));
#10865=DIRECTION('',(0.499999999999997,0.86602540378444,0.));
#10866=DIRECTION('',(-0.5,0.866025403784439,0.));
#10867=DIRECTION('',(-1.,3.65825191476594E-15,0.));
#10868=DIRECTION('',(6.67705756790156E-16,1.,0.));
#10869=DIRECTION('',(0.499999999999999,0.866025403784439,0.));
#10870=DIRECTION('',(0.866025403784439,0.499999999999999,0.));
#10871=DIRECTION('',(0.49999999999999,-0.866025403784444,0.));
#10872=DIRECTION('',(1.,1.21941730492199E-14,0.));
#10873=DIRECTION('center_axis',(0.,0.,1.));
#10874=DIRECTION('ref_axis',(-1.,0.,0.));
#10875=DIRECTION('center_axis',(0.,0.,1.));
#10876=DIRECTION('ref_axis',(-1.,0.,0.));
#10877=DIRECTION('center_axis',(0.,0.,1.));
#10878=DIRECTION('ref_axis',(-1.,0.,0.));
#10879=DIRECTION('center_axis',(0.,0.,1.));
#10880=DIRECTION('ref_axis',(-1.,0.,0.));
#10881=DIRECTION('center_axis',(0.866025403784439,0.5,0.));
#10882=DIRECTION('ref_axis',(0.5,-0.866025403784439,0.));
#10883=DIRECTION('',(0.,0.,-1.));
#10884=DIRECTION('',(0.5,-0.866025403784439,0.));
#10885=DIRECTION('',(0.,0.,-1.));
#10886=DIRECTION('center_axis',(0.866025403784438,-0.500000000000001,0.));
#10887=DIRECTION('ref_axis',(-0.500000000000001,-0.866025403784438,0.));
#10888=DIRECTION('',(0.,0.,-1.));
#10889=DIRECTION('',(-0.500000000000001,-0.866025403784438,0.));
#10890=DIRECTION('center_axis',(2.15763155400299E-14,-1.,0.));
#10891=DIRECTION('ref_axis',(-1.,-2.15763155400299E-14,0.));
#10892=DIRECTION('',(0.,0.,-1.));
#10893=DIRECTION('',(-1.,-2.15763155400299E-14,0.));
#10894=DIRECTION('center_axis',(-0.866025403784438,0.500000000000002,0.));
#10895=DIRECTION('ref_axis',(0.500000000000002,0.866025403784438,0.));
#10896=DIRECTION('',(0.,0.,-1.));
#10897=DIRECTION('',(-0.500000000000002,-0.866025403784438,0.));
#10898=DIRECTION('',(0.,0.,-1.));
#10899=DIRECTION('',(0.500000000000002,0.866025403784438,0.));
#10900=DIRECTION('center_axis',(-0.5,0.866025403784439,0.));
#10901=DIRECTION('ref_axis',(0.866025403784439,0.5,0.));
#10902=DIRECTION('',(-0.866025403784439,-0.5,0.));
#10903=DIRECTION('',(0.,0.,1.));
#10904=DIRECTION('',(0.866025403784439,0.5,0.));
#10905=DIRECTION('',(0.,0.,-1.));
#10906=DIRECTION('',(-0.866025403784439,-0.5,0.));
#10907=DIRECTION('',(0.,0.,-1.));
#10908=DIRECTION('',(-0.866025403784439,-0.5,0.));
#10909=DIRECTION('',(-0.866025403784439,-0.5,0.));
#10910=DIRECTION('',(0.,0.,1.));
#10911=DIRECTION('center_axis',(0.,0.,-1.));
#10912=DIRECTION('ref_axis',(-0.5,0.866025403784439,0.));
#10913=DIRECTION('center_axis',(0.,0.,1.));
#10914=DIRECTION('ref_axis',(-1.,0.,0.));
#10915=DIRECTION('center_axis',(0.,0.,-1.));
#10916=DIRECTION('ref_axis',(-0.5,0.866025403784439,0.));
#10917=DIRECTION('',(-0.5,0.866025403784439,0.));
#10918=DIRECTION('',(0.866025403784439,0.5,0.));
#10919=DIRECTION('center_axis',(0.,0.,1.));
#10920=DIRECTION('ref_axis',(-1.,0.,0.));
#10921=DIRECTION('center_axis',(0.,0.,1.));
#10922=DIRECTION('ref_axis',(-1.,0.,0.));
#10923=DIRECTION('center_axis',(-0.866025403784439,-0.5,0.));
#10924=DIRECTION('ref_axis',(-0.5,0.866025403784439,0.));
#10925=DIRECTION('',(0.5,-0.866025403784439,0.));
#10926=DIRECTION('',(0.5,-0.866025403784439,0.));
#10927=DIRECTION('',(0.,0.,-1.));
#10928=DIRECTION('center_axis',(0.,0.,-1.));
#10929=DIRECTION('ref_axis',(-0.5,0.866025403784439,0.));
#10930=DIRECTION('center_axis',(0.,0.,1.));
#10931=DIRECTION('ref_axis',(-1.,0.,0.));
#10932=DIRECTION('',(0.866025403784439,0.5,0.));
#10933=DIRECTION('',(0.5,-0.866025403784439,0.));
#10934=DIRECTION('center_axis',(0.5,-0.866025403784439,0.));
#10935=DIRECTION('ref_axis',(-0.866025403784439,-0.5,0.));
#10936=DIRECTION('',(0.,0.,1.));
#10937=DIRECTION('',(-0.866025403784439,-0.5,0.));
#10938=DIRECTION('',(0.,0.,-1.));
#10939=DIRECTION('',(0.866025403784439,0.5,0.));
#10940=DIRECTION('',(0.866025403784439,0.5,0.));
#10941=DIRECTION('',(0.,0.,1.));
#10942=DIRECTION('center_axis',(0.,0.,-1.));
#10943=DIRECTION('ref_axis',(-0.5,0.866025403784439,0.));
#10944=DIRECTION('center_axis',(0.,0.,1.));
#10945=DIRECTION('ref_axis',(-1.,0.,0.));
#10946=DIRECTION('center_axis',(0.866025403784439,0.5,0.));
#10947=DIRECTION('ref_axis',(0.5,-0.866025403784439,0.));
#10948=DIRECTION('',(-0.5,0.866025403784439,0.));
#10949=DIRECTION('',(-0.5,0.866025403784439,0.));
#10950=DIRECTION('center_axis',(0.,0.,1.));
#10951=DIRECTION('ref_axis',(-1.,0.,0.));
#10952=DIRECTION('center_axis',(0.,0.,1.));
#10953=DIRECTION('ref_axis',(-1.,0.,0.));
#10954=DIRECTION('center_axis',(0.,0.,1.));
#10955=DIRECTION('ref_axis',(-1.,0.,0.));
#10956=DIRECTION('center_axis',(0.,0.,1.));
#10957=DIRECTION('ref_axis',(-1.,0.,0.));
#10958=DIRECTION('center_axis',(0.,0.,1.));
#10959=DIRECTION('ref_axis',(-1.,0.,0.));
#10960=DIRECTION('',(0.,0.,1.));
#10961=DIRECTION('center_axis',(0.,0.,1.));
#10962=DIRECTION('ref_axis',(-1.,0.,0.));
#10963=DIRECTION('center_axis',(0.,0.,1.));
#10964=DIRECTION('ref_axis',(-1.,0.,0.));
#10965=DIRECTION('center_axis',(0.,0.,1.));
#10966=DIRECTION('ref_axis',(-1.,0.,0.));
#10967=DIRECTION('center_axis',(0.,0.,1.));
#10968=DIRECTION('ref_axis',(-1.,0.,0.));
#10969=DIRECTION('center_axis',(0.,0.,1.));
#10970=DIRECTION('ref_axis',(-1.,0.,0.));
#10971=DIRECTION('center_axis',(-3.65825191476594E-15,-1.,0.));
#10972=DIRECTION('ref_axis',(-1.,3.65825191476594E-15,0.));
#10973=DIRECTION('',(0.,0.,-1.));
#10974=DIRECTION('',(-1.,3.65825191476594E-15,0.));
#10975=DIRECTION('',(0.,0.,-1.));
#10976=DIRECTION('center_axis',(-0.866025403784439,-0.5,0.));
#10977=DIRECTION('ref_axis',(-0.5,0.866025403784439,0.));
#10978=DIRECTION('',(0.,0.,-1.));
#10979=DIRECTION('',(-0.5,0.866025403784439,0.));
#10980=DIRECTION('center_axis',(-0.86602540378444,0.499999999999997,0.));
#10981=DIRECTION('ref_axis',(0.499999999999997,0.86602540378444,0.));
#10982=DIRECTION('',(0.,0.,-1.));
#10983=DIRECTION('',(0.499999999999997,0.86602540378444,0.));
#10984=DIRECTION('center_axis',(0.866025403784439,0.5,0.));
#10985=DIRECTION('ref_axis',(0.5,-0.866025403784439,0.));
#10986=DIRECTION('',(0.,0.,-1.));
#10987=DIRECTION('',(-0.5,0.866025403784439,0.));
#10988=DIRECTION('',(0.,0.,-1.));
#10989=DIRECTION('',(0.5,-0.866025403784439,0.));
#10990=DIRECTION('center_axis',(1.,0.,0.));
#10991=DIRECTION('ref_axis',(0.,-1.,0.));
#10992=DIRECTION('',(0.,1.,0.));
#10993=DIRECTION('',(0.,0.,1.));
#10994=DIRECTION('',(0.,-1.,0.));
#10995=DIRECTION('',(0.,0.,-1.));
#10996=DIRECTION('',(0.,1.,0.));
#10997=DIRECTION('',(0.,0.,-1.));
#10998=DIRECTION('',(0.,1.,0.));
#10999=DIRECTION('',(0.,1.,0.));
#11000=DIRECTION('',(0.,0.,1.));
#11001=DIRECTION('center_axis',(0.,0.,-1.));
#11002=DIRECTION('ref_axis',(1.,0.,0.));
#11003=DIRECTION('center_axis',(0.,0.,1.));
#11004=DIRECTION('ref_axis',(-1.,0.,0.));
#11005=DIRECTION('center_axis',(0.,0.,-1.));
#11006=DIRECTION('ref_axis',(1.,0.,0.));
#11007=DIRECTION('',(1.,0.,0.));
#11008=DIRECTION('',(-4.33680868994201E-17,-1.,0.));
#11009=DIRECTION('center_axis',(0.,0.,1.));
#11010=DIRECTION('ref_axis',(-1.,0.,0.));
#11011=DIRECTION('center_axis',(0.,1.,0.));
#11012=DIRECTION('ref_axis',(1.,0.,0.));
#11013=DIRECTION('',(-1.,0.,0.));
#11014=DIRECTION('',(-1.,0.,0.));
#11015=DIRECTION('',(0.,0.,-1.));
#11016=DIRECTION('center_axis',(0.,0.,1.));
#11017=DIRECTION('ref_axis',(-1.,0.,0.));
#11018=DIRECTION('',(1.,0.,0.));
#11019=DIRECTION('center_axis',(0.,0.,1.));
#11020=DIRECTION('ref_axis',(-1.,0.,0.));
#11021=DIRECTION('center_axis',(0.,0.,1.));
#11022=DIRECTION('ref_axis',(-1.,0.,0.));
#11023=DIRECTION('center_axis',(0.,0.,1.));
#11024=DIRECTION('ref_axis',(-1.,0.,0.));
#11025=DIRECTION('center_axis',(0.,0.,-1.));
#11026=DIRECTION('ref_axis',(1.,0.,0.));
#11027=DIRECTION('center_axis',(0.,0.,1.));
#11028=DIRECTION('ref_axis',(-1.,0.,0.));
#11029=DIRECTION('',(-4.33680868994201E-17,-1.,0.));
#11030=DIRECTION('',(-1.,0.,0.));
#11031=DIRECTION('center_axis',(-1.,4.33680868994201E-17,0.));
#11032=DIRECTION('ref_axis',(4.33680868994201E-17,1.,0.));
#11033=DIRECTION('',(0.,0.,1.));
#11034=DIRECTION('',(4.33680868994201E-17,1.,0.));
#11035=DIRECTION('',(0.,0.,-1.));
#11036=DIRECTION('',(-4.33680868994201E-17,-1.,0.));
#11037=DIRECTION('',(-4.33680868994201E-17,-1.,0.));
#11038=DIRECTION('',(0.,0.,1.));
#11039=DIRECTION('center_axis',(0.,0.,-1.));
#11040=DIRECTION('ref_axis',(1.,0.,0.));
#11041=DIRECTION('center_axis',(0.,0.,1.));
#11042=DIRECTION('ref_axis',(-1.,0.,0.));
#11043=DIRECTION('center_axis',(0.,0.,1.));
#11044=DIRECTION('ref_axis',(-1.,0.,0.));
#11045=DIRECTION('center_axis',(0.,-1.,0.));
#11046=DIRECTION('ref_axis',(-1.,0.,0.));
#11047=DIRECTION('',(1.,0.,0.));
#11048=DIRECTION('center_axis',(0.,0.,1.));
#11049=DIRECTION('ref_axis',(-1.,0.,0.));
#11050=DIRECTION('center_axis',(0.,0.,1.));
#11051=DIRECTION('ref_axis',(-1.,0.,0.));
#11052=DIRECTION('center_axis',(0.,0.,1.));
#11053=DIRECTION('ref_axis',(-1.,0.,0.));
#11054=DIRECTION('center_axis',(0.,0.,1.));
#11055=DIRECTION('ref_axis',(-1.,0.,0.));
#11056=DIRECTION('center_axis',(0.,0.,1.));
#11057=DIRECTION('ref_axis',(-1.,0.,0.));
#11058=DIRECTION('center_axis',(0.,0.,1.));
#11059=DIRECTION('ref_axis',(-1.,0.,0.));
#11060=DIRECTION('',(0.,0.,1.));
#11061=DIRECTION('center_axis',(0.,0.,1.));
#11062=DIRECTION('ref_axis',(-1.,0.,0.));
#11063=DIRECTION('center_axis',(0.,0.,1.));
#11064=DIRECTION('ref_axis',(-1.,0.,0.));
#11065=DIRECTION('',(0.,0.,1.));
#11066=DIRECTION('center_axis',(0.,0.,1.));
#11067=DIRECTION('ref_axis',(-1.,0.,0.));
#11068=DIRECTION('',(0.,0.,1.));
#11069=DIRECTION('center_axis',(0.,0.,1.));
#11070=DIRECTION('ref_axis',(-1.,0.,0.));
#11071=DIRECTION('center_axis',(0.,0.,1.));
#11072=DIRECTION('ref_axis',(-1.,0.,0.));
#11073=DIRECTION('',(0.,0.,1.));
#11074=DIRECTION('center_axis',(0.707106781186547,-5.87838063594758E-16,
-0.707106781186548));
#11075=DIRECTION('ref_axis',(-0.707106781186548,0.,-0.707106781186547));
#11076=DIRECTION('',(8.31328562014846E-16,1.,0.));
#11077=DIRECTION('',(0.694746590606866,0.186156787897389,0.694746590606864));
#11078=DIRECTION('',(-8.31328562014846E-16,-1.,0.));
#11079=DIRECTION('',(0.694746590606865,-0.1861567878974,0.694746590606863));
#11080=DIRECTION('center_axis',(0.612372435695793,0.353553390593273,-0.70710678118655));
#11081=DIRECTION('ref_axis',(-0.755928946018456,0.,-0.654653670707975));
#11082=DIRECTION('',(-0.5,0.866025403784439,0.));
#11083=DIRECTION('',(0.508589802709478,0.508589802709485,0.694746590606864));
#11084=DIRECTION('center_axis',(0.353553390593273,0.612372435695792,-0.70710678118655));
#11085=DIRECTION('ref_axis',(-0.894427190999917,0.,-0.447213595499956));
#11086=DIRECTION('',(-0.866025403784438,0.500000000000001,0.));
#11087=DIRECTION('',(0.186156787897383,0.694746590606867,0.694746590606865));
#11088=DIRECTION('',(0.866025403784438,-0.500000000000001,0.));
#11089=DIRECTION('center_axis',(0.,0.707106781186547,-0.707106781186548));
#11090=DIRECTION('ref_axis',(-1.,0.,0.));
#11091=DIRECTION('',(-1.,0.,0.));
#11092=DIRECTION('',(-0.186156787897384,0.694746590606867,0.694746590606865));
#11093=DIRECTION('',(1.,0.,0.));
#11094=DIRECTION('center_axis',(-0.353553390593272,0.612372435695793,-0.70710678118655));
#11095=DIRECTION('ref_axis',(-0.894427190999917,0.,0.447213595499955));
#11096=DIRECTION('',(-0.866025403784439,-0.499999999999999,0.));
#11097=DIRECTION('',(-0.508589802709491,0.508589802709476,0.694746590606861));
#11098=DIRECTION('',(0.866025403784439,0.499999999999999,0.));
#11099=DIRECTION('center_axis',(-0.612372435695791,0.353553390593274,-0.70710678118655));
#11100=DIRECTION('ref_axis',(-0.755928946018458,0.,0.654653670707974));
#11101=DIRECTION('',(-0.500000000000002,-0.866025403784438,0.));
#11102=DIRECTION('',(-0.694746590606865,0.186156787897396,0.694746590606863));
#11103=DIRECTION('center_axis',(-0.707106781186547,4.40878547696068E-16,
-0.707106781186548));
#11104=DIRECTION('ref_axis',(-0.707106781186548,0.,0.707106781186547));
#11105=DIRECTION('',(-6.23496421511134E-16,-1.,0.));
#11106=DIRECTION('',(-0.694746590606866,-0.186156787897389,0.694746590606864));
#11107=DIRECTION('',(6.23496421511134E-16,1.,0.));
#11108=DIRECTION('center_axis',(-0.612372435695793,-0.353553390593272,-0.70710678118655));
#11109=DIRECTION('ref_axis',(-0.755928946018456,0.,0.654653670707975));
#11110=DIRECTION('',(-0.499999999999999,0.866025403784439,0.));
#11111=DIRECTION('',(0.499999999999999,-0.866025403784439,0.));
#11112=DIRECTION('',(-0.508589802709485,-0.508589802709478,0.694746590606864));
#11113=DIRECTION('center_axis',(-0.353553390593273,-0.612372435695793,-0.70710678118655));
#11114=DIRECTION('ref_axis',(-0.894427190999917,0.,0.447213595499956));
#11115=DIRECTION('',(-0.866025403784439,0.5,0.));
#11116=DIRECTION('',(0.866025403784439,-0.5,0.));
#11117=DIRECTION('',(-0.186156787897383,-0.694746590606867,0.694746590606865));
#11118=DIRECTION('center_axis',(0.,-0.707106781186547,-0.707106781186548));
#11119=DIRECTION('ref_axis',(-1.,0.,0.));
#11120=DIRECTION('',(-1.,0.,0.));
#11121=DIRECTION('',(1.,0.,0.));
#11122=DIRECTION('',(0.186156787897378,-0.694746590606871,0.694746590606862));
#11123=DIRECTION('center_axis',(0.353553390593273,-0.612372435695794,-0.707106781186548));
#11124=DIRECTION('ref_axis',(-0.894427190999916,0.,-0.447213595499957));
#11125=DIRECTION('',(-0.866025403784439,-0.5,0.));
#11126=DIRECTION('',(0.866025403784439,0.5,0.));
#11127=DIRECTION('',(0.508589802709492,-0.508589802709473,0.694746590606863));
#11128=DIRECTION('center_axis',(0.612372435695792,-0.353553390593272,-0.707106781186551));
#11129=DIRECTION('ref_axis',(-0.755928946018457,0.,-0.654653670707974));
#11130=DIRECTION('',(-0.5,-0.866025403784439,0.));
#11131=DIRECTION('',(0.5,0.866025403784439,0.));
#11132=DIRECTION('center_axis',(-0.866025403784439,-0.499999999999999,0.));
#11133=DIRECTION('ref_axis',(-0.499999999999999,0.866025403784439,0.));
#11134=DIRECTION('',(0.,0.,-1.));
#11135=DIRECTION('',(0.499999999999999,-0.866025403784439,0.));
#11136=DIRECTION('',(0.,0.,1.));
#11137=DIRECTION('center_axis',(-0.5,-0.866025403784439,0.));
#11138=DIRECTION('ref_axis',(-0.866025403784439,0.5,0.));
#11139=DIRECTION('',(0.,0.,-1.));
#11140=DIRECTION('',(0.866025403784439,-0.5,0.));
#11141=DIRECTION('center_axis',(0.,-1.,0.));
#11142=DIRECTION('ref_axis',(-1.,0.,0.));
#11143=DIRECTION('',(0.,0.,-1.));
#11144=DIRECTION('',(1.,0.,0.));
#11145=DIRECTION('center_axis',(0.5,-0.866025403784439,0.));
#11146=DIRECTION('ref_axis',(-0.866025403784439,-0.5,0.));
#11147=DIRECTION('',(0.,0.,-1.));
#11148=DIRECTION('',(0.866025403784439,0.5,0.));
#11149=DIRECTION('center_axis',(0.866025403784439,-0.5,0.));
#11150=DIRECTION('ref_axis',(-0.5,-0.866025403784439,0.));
#11151=DIRECTION('',(0.,0.,-1.));
#11152=DIRECTION('',(0.5,0.866025403784439,0.));
#11153=DIRECTION('center_axis',(1.,-8.31328562014846E-16,0.));
#11154=DIRECTION('ref_axis',(-8.31328562014846E-16,-1.,0.));
#11155=DIRECTION('',(8.31328562014846E-16,1.,0.));
#11156=DIRECTION('center_axis',(0.,0.,-1.));
#11157=DIRECTION('ref_axis',(-1.,0.,0.));
#11158=DIRECTION('',(0.866025403784438,-0.500000000000001,0.));
#11159=DIRECTION('',(1.,0.,0.));
#11160=DIRECTION('',(0.866025403784439,0.499999999999999,0.));
#11161=DIRECTION('',(-0.5,0.866025403784439,0.));
#11162=DIRECTION('',(0.500000000000001,0.866025403784438,0.));
#11163=DIRECTION('',(1.,2.15763155400299E-14,0.));
#11164=DIRECTION('',(6.67705756790154E-16,1.,0.));
#11165=DIRECTION('',(-0.499999999999999,0.866025403784439,0.));
#11166=DIRECTION('',(-0.866025403784439,0.5,0.));
#11167=DIRECTION('',(-0.499999999999971,-0.866025403784455,0.));
#11168=DIRECTION('',(-1.,-1.21941730492199E-14,0.));
#11169=DIRECTION('',(-0.49999999999999,0.866025403784444,0.));
#11170=DIRECTION('',(-0.866025403784439,-0.499999999999999,0.));
#11171=DIRECTION('',(-0.499999999999999,-0.866025403784439,0.));
#11172=DIRECTION('',(-6.67705756790156E-16,-1.,0.));
#11173=DIRECTION('',(1.,-3.65825191476594E-15,0.));
#11174=DIRECTION('',(0.5,-0.866025403784439,0.));
#11175=DIRECTION('',(-0.499999999999997,-0.86602540378444,0.));
#11176=DIRECTION('center_axis',(-0.353553390593273,-0.612372435695792,-0.70710678118655));
#11177=DIRECTION('ref_axis',(-0.894427190999916,0.,0.447213595499957));
#11178=DIRECTION('',(-0.788675134594814,-0.211324865405192,0.577350269189623));
#11179=DIRECTION('',(-0.866025403784438,0.500000000000001,0.));
#11180=DIRECTION('',(-0.186156787897383,-0.694746590606871,0.694746590606861));
#11181=DIRECTION('center_axis',(-0.612372435695794,0.353553390593271,-0.707106781186549));
#11182=DIRECTION('ref_axis',(-0.755928946018456,0.,0.654653670707976));
#11183=DIRECTION('',(-0.755928946018459,1.09021736756305E-14,0.654653670707972));
#11184=DIRECTION('center_axis',(-0.612372435695792,-0.353553390593272,-0.70710678118655));
#11185=DIRECTION('ref_axis',(-0.755928946018457,0.,0.654653670707974));
#11186=DIRECTION('',(-0.377964473009234,-0.654653670707974,0.654653670707976));
#11187=DIRECTION('center_axis',(-2.58677473621967E-15,-0.707106781186548,
-0.707106781186548));
#11188=DIRECTION('ref_axis',(-1.,0.,3.65825191476594E-15));
#11189=DIRECTION('',(-0.577350269189639,-0.577350269189607,0.577350269189631));
#11190=DIRECTION('center_axis',(-0.707106781186547,4.72139268463614E-16,
-0.707106781186548));
#11191=DIRECTION('ref_axis',(-0.707106781186548,0.,0.707106781186547));
#11192=DIRECTION('',(-0.694746590606864,0.186156787897393,0.694746590606866));
#11193=DIRECTION('',(6.67705756790156E-16,1.,0.));
#11194=DIRECTION('center_axis',(-0.612372435695793,0.353553390593272,-0.70710678118655));
#11195=DIRECTION('ref_axis',(-0.755928946018456,0.,0.654653670707975));
#11196=DIRECTION('',(-0.508589802709474,0.508589802709489,0.694746590606864));
#11197=DIRECTION('',(0.499999999999999,0.866025403784439,0.));
#11198=DIRECTION('center_axis',(-0.353553390593272,0.612372435695793,-0.70710678118655));
#11199=DIRECTION('ref_axis',(-0.894427190999917,0.,0.447213595499956));
#11200=DIRECTION('',(0.21132486540519,0.788675134594816,0.57735026918962));
#11201=DIRECTION('',(0.866025403784439,0.499999999999999,0.));
#11202=DIRECTION('center_axis',(0.612372435695798,0.353553390593267,-0.707106781186548));
#11203=DIRECTION('ref_axis',(-0.755928946018453,0.,-0.654653670707979));
#11204=DIRECTION('',(0.377964473009164,0.654653670707998,0.654653670707993));
#11205=DIRECTION('',(0.49999999999999,-0.866025403784444,0.));
#11206=DIRECTION('center_axis',(-8.62258245406564E-15,0.707106781186547,
-0.707106781186548));
#11207=DIRECTION('ref_axis',(-1.,0.,1.21941730492199E-14));
#11208=DIRECTION('',(-0.377964473009028,0.654653670708032,0.654653670708037));
#11209=DIRECTION('',(1.,1.21941730492199E-14,0.));
#11210=DIRECTION('center_axis',(-0.612372435695805,0.353553390593253,-0.707106781186549));
#11211=DIRECTION('ref_axis',(-0.755928946018449,0.,0.654653670707983));
#11212=DIRECTION('',(-0.21132486540521,0.78867513459481,0.577350269189621));
#11213=DIRECTION('',(0.499999999999971,0.866025403784455,0.));
#11214=DIRECTION('center_axis',(0.353553390593273,0.612372435695794,-0.707106781186548));
#11215=DIRECTION('ref_axis',(-0.894427190999916,0.,-0.447213595499957));
#11216=DIRECTION('',(0.866025403784439,-0.5,0.));
#11217=DIRECTION('',(0.508589802709479,0.508589802709482,0.694746590606865));
#11218=DIRECTION('center_axis',(0.612372435695795,0.353553390593274,-0.707106781186547));
#11219=DIRECTION('ref_axis',(-0.755928946018454,0.,-0.654653670707978));
#11220=DIRECTION('',(0.499999999999999,-0.866025403784439,0.));
#11221=DIRECTION('',(0.694746590606865,0.186156787897387,0.694746590606866));
#11222=DIRECTION('center_axis',(0.707106781186549,-4.72139268463614E-16,
-0.707106781186547));
#11223=DIRECTION('ref_axis',(-0.707106781186546,0.,-0.707106781186548));
#11224=DIRECTION('',(-6.67705756790154E-16,-1.,0.));
#11225=DIRECTION('',(0.577350269189628,-0.57735026918962,0.57735026918963));
#11226=DIRECTION('center_axis',(1.52567590313758E-14,-0.707106781186546,
-0.707106781186549));
#11227=DIRECTION('ref_axis',(-1.,0.,-2.15763155400298E-14));
#11228=DIRECTION('',(0.377964473009159,-0.654653670708041,0.654653670707952));
#11229=DIRECTION('center_axis',(0.612372435695794,-0.353553390593274,-0.707106781186548));
#11230=DIRECTION('ref_axis',(-0.755928946018455,0.,-0.654653670707977));
#11231=DIRECTION('',(0.755928946018455,1.81702894593843E-15,0.654653670707977));
#11232=DIRECTION('center_axis',(0.612372435695795,0.353553390593274,-0.707106781186548));
#11233=DIRECTION('ref_axis',(-0.755928946018454,0.,-0.654653670707977));
#11234=DIRECTION('',(0.78867513459481,-0.211324865405185,0.57735026918963));
#11235=DIRECTION('center_axis',(0.353553390593275,-0.612372435695797,-0.707106781186545));
#11236=DIRECTION('ref_axis',(-0.894427190999915,0.,-0.44721359549996));
#11237=DIRECTION('',(-0.866025403784439,-0.499999999999999,0.));
#11238=DIRECTION('',(0.186156787897375,-0.694746590606868,0.694746590606866));
#11239=DIRECTION('center_axis',(0.,-0.707106781186547,-0.707106781186548));
#11240=DIRECTION('ref_axis',(-1.,0.,0.));
#11241=DIRECTION('',(-1.,0.,0.));
#11242=DIRECTION('center_axis',(0.5,0.866025403784439,0.));
#11243=DIRECTION('ref_axis',(0.866025403784439,-0.5,0.));
#11244=DIRECTION('',(0.,0.,-1.));
#11245=DIRECTION('',(0.,0.,-1.));
#11246=DIRECTION('center_axis',(0.866025403784439,0.5,0.));
#11247=DIRECTION('ref_axis',(0.499999999999999,-0.866025403784439,0.));
#11248=DIRECTION('',(0.,0.,-1.));
#11249=DIRECTION('center_axis',(1.,-6.67705756790154E-16,0.));
#11250=DIRECTION('ref_axis',(-6.67705756790154E-16,-1.,0.));
#11251=DIRECTION('center_axis',(0.499999999999999,-0.866025403784439,0.));
#11252=DIRECTION('ref_axis',(-0.866025403784439,-0.499999999999999,0.));
#11253=DIRECTION('',(0.,0.,-1.));
#11254=DIRECTION('center_axis',(0.,-1.,0.));
#11255=DIRECTION('ref_axis',(-1.,0.,0.));
#11256=DIRECTION('',(0.,0.,-1.));
#11257=DIRECTION('center_axis',(-0.500000000000001,-0.866025403784438,0.));
#11258=DIRECTION('ref_axis',(-0.866025403784438,0.500000000000001,0.));
#11259=DIRECTION('center_axis',(0.353553390593278,0.612372435695801,0.70710678118654));
#11260=DIRECTION('ref_axis',(0.894427190999912,0.,-0.447213595499966));
#11261=DIRECTION('',(-0.866025403784438,0.500000000000001,0.));
#11262=DIRECTION('',(-0.35355339059327,-0.612372435695788,0.707106781186555));
#11263=DIRECTION('',(0.866025403784438,-0.500000000000001,0.));
#11264=DIRECTION('',(0.508589802709502,0.508589802709456,-0.694746590606868));
#11265=DIRECTION('center_axis',(0.612372435695794,0.353553390593273,0.707106781186549));
#11266=DIRECTION('ref_axis',(0.755928946018455,0.,-0.654653670707976));
#11267=DIRECTION('',(0.5,-0.866025403784439,0.));
#11268=DIRECTION('',(0.694746590606874,0.186156787897379,-0.694746590606859));
#11269=DIRECTION('center_axis',(0.70710678118654,-5.87838063594752E-16,
0.707106781186555));
#11270=DIRECTION('ref_axis',(0.707106781186555,0.,-0.70710678118654));
#11271=DIRECTION('',(-8.31328562014846E-16,-1.,0.));
#11272=DIRECTION('',(0.694746590606878,-0.186156787897349,-0.694746590606863));
#11273=DIRECTION('center_axis',(-0.499999999999999,-0.866025403784439,0.));
#11274=DIRECTION('ref_axis',(-0.612372435695795,0.353553390593275,0.707106781186547));
#11275=DIRECTION('center_axis',(0.500000000000001,0.866025403784438,0.));
#11276=DIRECTION('ref_axis',(-0.612372435695794,0.353553390593275,0.707106781186547));
#11277=DIRECTION('center_axis',(-0.500000000000001,-0.866025403784438,0.));
#11278=DIRECTION('ref_axis',(-0.612372435695795,0.353553390593275,0.707106781186547));
#11279=DIRECTION('center_axis',(0.612372435695801,-0.353553390593278,0.70710678118654));
#11280=DIRECTION('ref_axis',(0.755928946018447,0.,-0.654653670707985));
#11281=DIRECTION('',(-0.5,-0.866025403784439,0.));
#11282=DIRECTION('',(0.508589802709454,-0.508589802709508,-0.694746590606865));
#11283=DIRECTION('center_axis',(0.35355339059327,-0.612372435695789,0.707106781186554));
#11284=DIRECTION('ref_axis',(0.894427190999919,0.,-0.447213595499951));
#11285=DIRECTION('',(-0.866025403784439,-0.5,0.));
#11286=DIRECTION('',(0.186156787897407,-0.694746590606863,-0.694746590606863));
#11287=DIRECTION('center_axis',(0.,-0.707106781186548,0.707106781186548));
#11288=DIRECTION('ref_axis',(1.,0.,0.));
#11289=DIRECTION('',(-1.,0.,0.));
#11290=DIRECTION('',(-0.186156787897372,-0.694746590606868,-0.694746590606868));
#11291=DIRECTION('center_axis',(-0.353553390593273,-0.612372435695794,0.707106781186549));
#11292=DIRECTION('ref_axis',(0.894427190999916,0.,0.447213595499957));
#11293=DIRECTION('',(-0.866025403784439,0.5,0.));
#11294=DIRECTION('',(-0.508589802709471,-0.508589802709487,-0.694746590606868));
#11295=DIRECTION('center_axis',(-0.612372435695794,-0.353553390593273,0.707106781186549));
#11296=DIRECTION('ref_axis',(0.755928946018455,0.,0.654653670707976));
#11297=DIRECTION('',(-0.499999999999999,0.866025403784439,0.));
#11298=DIRECTION('',(-0.694746590606864,-0.186156787897396,-0.694746590606864));
#11299=DIRECTION('center_axis',(1.,0.,0.));
#11300=DIRECTION('ref_axis',(1.88947949012601E-16,0.707106781186547,0.707106781186547));
#11301=DIRECTION('center_axis',(1.,-6.23496421511134E-16,0.));
#11302=DIRECTION('ref_axis',(4.40878547696069E-16,0.707106781186547,0.707106781186547));
#11303=DIRECTION('',(0.707106781186508,0.,0.707106781186587));
#11304=DIRECTION('center_axis',(-1.,6.23496421511134E-16,0.));
#11305=DIRECTION('ref_axis',(0.,0.707106781186548,0.707106781186548));
#11306=DIRECTION('center_axis',(-0.707106781186555,4.40878547696074E-16,
0.70710678118654));
#11307=DIRECTION('ref_axis',(0.70710678118654,0.,0.707106781186555));
#11308=DIRECTION('',(6.23496421511134E-16,1.,0.));
#11309=DIRECTION('',(-6.23496421511134E-16,-1.,0.));
#11310=DIRECTION('center_axis',(0.500000000000001,0.866025403784438,0.));
#11311=DIRECTION('ref_axis',(0.866025403784438,-0.500000000000001,0.));
#11312=DIRECTION('',(0.,0.,-1.));
#11313=DIRECTION('',(-0.866025403784438,0.500000000000001,0.));
#11314=DIRECTION('center_axis',(-0.500000000000001,-0.866025403784438,0.));
#11315=DIRECTION('ref_axis',(0.612372435695795,-0.353553390593275,0.707106781186547));
#11316=DIRECTION('center_axis',(-1.,6.23496421511134E-16,0.));
#11317=DIRECTION('ref_axis',(6.23496421511134E-16,1.,0.));
#11318=DIRECTION('center_axis',(1.,-6.23496421511134E-16,0.));
#11319=DIRECTION('ref_axis',(-4.40878547696068E-16,-0.707106781186547,0.707106781186548));
#11320=DIRECTION('',(-6.23496421511134E-16,-1.,0.));
#11321=DIRECTION('center_axis',(-0.35355339059327,0.612372435695789,0.707106781186554));
#11322=DIRECTION('ref_axis',(0.894427190999919,0.,0.447213595499951));
#11323=DIRECTION('',(-0.866025403784439,-0.499999999999999,0.));
#11324=DIRECTION('',(0.35355339059328,-0.612372435695803,0.707106781186537));
#11325=DIRECTION('',(0.866025403784439,0.499999999999999,0.));
#11326=DIRECTION('',(-0.186156787897401,0.694746590606864,-0.694746590606864));
#11327=DIRECTION('center_axis',(0.5,-0.866025403784439,0.));
#11328=DIRECTION('ref_axis',(-0.612372435695794,-0.353553390593274,0.707106781186548));
#11329=DIRECTION('center_axis',(-0.499999999999999,0.866025403784439,0.));
#11330=DIRECTION('ref_axis',(-0.612372435695794,-0.353553390593274,0.707106781186548));
#11331=DIRECTION('center_axis',(0.499999999999999,-0.866025403784439,0.));
#11332=DIRECTION('ref_axis',(-0.612372435695794,-0.353553390593273,0.707106781186548));
#11333=DIRECTION('center_axis',(0.,0.707106781186548,0.707106781186548));
#11334=DIRECTION('ref_axis',(1.,0.,0.));
#11335=DIRECTION('',(-1.,0.,0.));
#11336=DIRECTION('',(1.,0.,0.));
#11337=DIRECTION('',(0.186156787897379,0.694746590606867,-0.694746590606867));
#11338=DIRECTION('center_axis',(-0.500000000000004,-0.866025403784436,0.));
#11339=DIRECTION('ref_axis',(0.612372435695792,-0.353553390593278,0.707106781186547));
#11340=DIRECTION('',(-0.353553390593394,-0.61237243569599,0.707106781186318));
#11341=DIRECTION('center_axis',(0.500000000000001,0.866025403784438,0.));
#11342=DIRECTION('ref_axis',(0.612372435695791,-0.353553390593281,0.707106781186547));
#11343=DIRECTION('center_axis',(0.353553390593274,0.612372435695793,0.707106781186549));
#11344=DIRECTION('ref_axis',(0.894427190999916,0.,-0.447213595499957));
#11345=DIRECTION('',(0.866025403784438,-0.500000000000001,0.));
#11346=DIRECTION('center_axis',(-0.499999999999999,0.866025403784439,0.));
#11347=DIRECTION('ref_axis',(0.866025403784439,0.499999999999999,0.));
#11348=DIRECTION('',(-0.866025403784439,-0.499999999999999,0.));
#11349=DIRECTION('center_axis',(0.499999999999999,-0.866025403784439,0.));
#11350=DIRECTION('ref_axis',(0.612372435695796,0.353553390593274,0.707106781186546));
#11351=DIRECTION('',(0.,0.,-1.));
#11352=DIRECTION('center_axis',(0.,1.,0.));
#11353=DIRECTION('ref_axis',(1.,0.,0.));
#11354=DIRECTION('center_axis',(-0.707106781186548,4.40878547696069E-16,
0.707106781186548));
#11355=DIRECTION('ref_axis',(0.707106781186548,0.,0.707106781186548));
#11356=DIRECTION('',(0.707106781186548,0.,0.707106781186548));
#11357=DIRECTION('',(6.23496421511134E-16,1.,0.));
#11358=DIRECTION('',(-0.694746590606865,0.186156787897388,-0.694746590606865));
#11359=DIRECTION('center_axis',(-0.612372435695793,0.353553390593275,0.707106781186549));
#11360=DIRECTION('ref_axis',(0.755928946018456,0.,0.654653670707976));
#11361=DIRECTION('',(0.500000000000002,0.866025403784438,0.));
#11362=DIRECTION('',(-0.508589802709483,0.508589802709483,-0.694746590606862));
#11363=DIRECTION('center_axis',(0.5,-0.866025403784439,0.));
#11364=DIRECTION('ref_axis',(0.612372435695796,0.353553390593273,0.707106781186546));
#11365=DIRECTION('',(0.353553390593269,-0.612372435695786,0.707106781186557));
#11366=DIRECTION('center_axis',(-0.499999999999999,0.866025403784439,0.));
#11367=DIRECTION('ref_axis',(0.612372435695796,0.353553390593273,0.707106781186546));
#11368=DIRECTION('center_axis',(-0.353553390593273,0.612372435695794,0.707106781186549));
#11369=DIRECTION('ref_axis',(0.894427190999917,0.,0.447213595499956));
#11370=DIRECTION('',(0.866025403784439,0.499999999999999,0.));
#11371=DIRECTION('center_axis',(1.,0.,0.));
#11372=DIRECTION('ref_axis',(-1.88947949012601E-16,-0.707106781186547,0.707106781186548));
#11373=DIRECTION('center_axis',(-1.,6.23496421511134E-16,0.));
#11374=DIRECTION('ref_axis',(0.,-0.707106781186547,0.707106781186548));
#11375=DIRECTION('center_axis',(1.,1.32169407693471E-15,0.));
#11376=DIRECTION('ref_axis',(0.,-0.707106781186547,0.707106781186548));
#11377=DIRECTION('center_axis',(-1.,8.49219124263875E-16,0.));
#11378=DIRECTION('ref_axis',(0.,-0.707106781186547,0.707106781186548));
#11379=DIRECTION('',(-1.,-1.32169407693471E-15,0.));
#11380=DIRECTION('center_axis',(-1.,-1.32169407693471E-15,0.));
#11381=DIRECTION('ref_axis',(0.,0.707106781186548,0.707106781186548));
#11382=DIRECTION('',(1.,1.32169407693471E-15,0.));
#11383=DIRECTION('center_axis',(-1.,8.49219124263875E-16,0.));
#11384=DIRECTION('ref_axis',(0.,0.707106781186548,0.707106781186548));
#11385=DIRECTION('center_axis',(0.,0.,1.));
#11386=DIRECTION('ref_axis',(1.,0.,0.));
#11387=DIRECTION('',(0.500000000000002,0.866025403784437,0.));
#11388=DIRECTION('',(0.866025403784438,-0.500000000000001,0.));
#11389=DIRECTION('',(0.5,-0.866025403784439,0.));
#11390=DIRECTION('',(-8.49219124263876E-16,-1.,0.));
#11391=DIRECTION('',(-0.5,-0.866025403784439,0.));
#11392=DIRECTION('',(-0.866025403784439,-0.499999999999999,0.));
#11393=DIRECTION('',(-1.,0.,0.));
#11394=DIRECTION('',(-0.866025403784439,0.5,0.));
#11395=DIRECTION('',(-0.499999999999998,0.86602540378444,0.));
#11396=DIRECTION('',(8.49219124263875E-16,1.,0.));
#11397=DIRECTION('center_axis',(-0.5,0.866025403784439,0.));
#11398=DIRECTION('ref_axis',(0.612372435695796,0.353553390593273,0.707106781186546));
#11399=DIRECTION('',(0.5,-0.866025403784439,0.));
#11400=DIRECTION('center_axis',(-0.499999999999999,0.866025403784439,0.));
#11401=DIRECTION('ref_axis',(0.612372435695796,0.353553390593273,0.707106781186546));
#11402=DIRECTION('center_axis',(0.,0.,1.));
#11403=DIRECTION('ref_axis',(1.,0.,0.));
#11404=DIRECTION('',(8.49219124263875E-16,1.,0.));
#11405=DIRECTION('',(0.500000000000001,0.866025403784438,0.));
#11406=DIRECTION('',(0.866025403784439,0.499999999999999,0.));
#11407=DIRECTION('center_axis',(0.500000000000001,-0.866025403784438,0.));
#11408=DIRECTION('ref_axis',(-0.612372435695794,-0.353553390593274,0.707106781186548));
#11409=DIRECTION('center_axis',(-0.499999999999999,0.866025403784439,0.));
#11410=DIRECTION('ref_axis',(-0.612372435695794,-0.353553390593274,0.707106781186548));
#11411=DIRECTION('',(-0.500000000000001,0.866025403784438,0.));
#11412=DIRECTION('center_axis',(0.,0.,1.));
#11413=DIRECTION('ref_axis',(1.,0.,0.));
#11414=DIRECTION('',(0.866025403784439,0.499999999999999,0.));
#11415=DIRECTION('',(1.,0.,0.));
#11416=DIRECTION('',(0.866025403784438,-0.500000000000001,0.));
#11417=DIRECTION('',(-0.500000000000009,-0.866025403784433,0.));
#11418=DIRECTION('center_axis',(0.500000000000009,0.866025403784433,0.));
#11419=DIRECTION('ref_axis',(0.612372435695791,-0.353553390593281,0.707106781186547));
#11420=DIRECTION('center_axis',(0.500000000000001,0.866025403784438,0.));
#11421=DIRECTION('ref_axis',(0.612372435695791,-0.353553390593281,0.707106781186547));
#11422=DIRECTION('center_axis',(-0.500000000000002,-0.866025403784438,0.));
#11423=DIRECTION('ref_axis',(-0.612372435695794,0.353553390593275,0.707106781186547));
#11424=DIRECTION('center_axis',(0.500000000000001,0.866025403784438,0.));
#11425=DIRECTION('ref_axis',(-0.612372435695794,0.353553390593275,0.707106781186547));
#11426=DIRECTION('center_axis',(-0.500000000000001,-0.866025403784438,0.));
#11427=DIRECTION('ref_axis',(0.866025403784438,-0.500000000000001,0.));
#11428=DIRECTION('',(0.,0.,1.));
#11429=DIRECTION('center_axis',(0.,-1.,0.));
#11430=DIRECTION('ref_axis',(1.,0.,0.));
#11431=DIRECTION('',(0.,0.,1.));
#11432=DIRECTION('',(0.,0.,1.));
#11433=DIRECTION('center_axis',(0.499999999999999,-0.866025403784439,0.));
#11434=DIRECTION('ref_axis',(0.866025403784439,0.499999999999999,0.));
#11435=DIRECTION('center_axis',(-0.500000000000001,-0.866025403784438,0.));
#11436=DIRECTION('ref_axis',(0.866025403784438,-0.500000000000001,0.));
#11437=DIRECTION('center_axis',(0.866025403784438,-0.500000000000001,0.));
#11438=DIRECTION('ref_axis',(0.500000000000001,0.866025403784438,0.));
#11439=DIRECTION('',(0.,0.,1.));
#11440=DIRECTION('',(0.,0.,1.));
#11441=DIRECTION('center_axis',(1.,-8.49219124263875E-16,0.));
#11442=DIRECTION('ref_axis',(8.49219124263875E-16,1.,0.));
#11443=DIRECTION('center_axis',(0.499999999999999,-0.866025403784439,0.));
#11444=DIRECTION('ref_axis',(0.866025403784439,0.499999999999999,0.));
#11445=DIRECTION('center_axis',(0.5,0.866025403784439,0.));
#11446=DIRECTION('ref_axis',(-0.866025403784439,0.5,0.));
#11447=DIRECTION('',(0.,0.,1.));
#11448=DIRECTION('',(0.,0.,1.));
#11449=DIRECTION('center_axis',(0.,1.,0.));
#11450=DIRECTION('ref_axis',(-1.,0.,0.));
#11451=DIRECTION('',(0.,0.,1.));
#11452=DIRECTION('center_axis',(-0.499999999999999,0.866025403784439,0.));
#11453=DIRECTION('ref_axis',(-0.866025403784439,-0.499999999999999,0.));
#11454=DIRECTION('',(0.,0.,1.));
#11455=DIRECTION('center_axis',(-0.866025403784439,0.5,0.));
#11456=DIRECTION('ref_axis',(-0.5,-0.866025403784438,0.));
#11457=DIRECTION('',(0.,0.,1.));
#11458=DIRECTION('center_axis',(-1.,8.49219124263876E-16,0.));
#11459=DIRECTION('ref_axis',(-8.49219124263876E-16,-1.,0.));
#11460=DIRECTION('',(0.,0.,1.));
#11461=DIRECTION('center_axis',(-0.866025403784439,-0.5,0.));
#11462=DIRECTION('ref_axis',(0.5,-0.866025403784439,0.));
#11463=DIRECTION('center_axis',(1.,-8.49219124263875E-16,0.));
#11464=DIRECTION('ref_axis',(8.49219124263875E-16,1.,0.));
#11465=DIRECTION('',(0.,0.,1.));
#11466=DIRECTION('center_axis',(0.86602540378444,0.499999999999998,0.));
#11467=DIRECTION('ref_axis',(-0.499999999999998,0.86602540378444,0.));
#11468=DIRECTION('center_axis',(-1.,6.67705756790156E-16,0.));
#11469=DIRECTION('ref_axis',(6.67705756790156E-16,1.,0.));
#11470=DIRECTION('',(0.,0.,-1.));
#11471=DIRECTION('center_axis',(-0.866025403784439,0.499999999999999,0.));
#11472=DIRECTION('ref_axis',(0.499999999999999,0.866025403784439,0.));
#11473=DIRECTION('',(0.,0.,-1.));
#11474=DIRECTION('center_axis',(-0.5,0.866025403784439,0.));
#11475=DIRECTION('ref_axis',(0.866025403784439,0.499999999999999,0.));
#11476=DIRECTION('',(0.,0.,-1.));
#11477=DIRECTION('center_axis',(0.866025403784444,0.49999999999999,0.));
#11478=DIRECTION('ref_axis',(0.49999999999999,-0.866025403784444,0.));
#11479=DIRECTION('',(0.,0.,-1.));
#11480=DIRECTION('center_axis',(-1.21941730492199E-14,1.,0.));
#11481=DIRECTION('ref_axis',(1.,1.21941730492199E-14,0.));
#11482=DIRECTION('',(0.,0.,-1.));
#11483=DIRECTION('center_axis',(-0.866025403784455,0.499999999999971,0.));
#11484=DIRECTION('ref_axis',(0.499999999999971,0.866025403784455,0.));
#11485=DIRECTION('',(0.,0.,1.));
#11486=DIRECTION('',(1.,0.,0.));
#11487=DIRECTION('',(0.,0.,1.));
#11488=DIRECTION('',(1.,0.,0.));
#11489=DIRECTION('',(0.,0.,1.));
#11490=DIRECTION('',(1.,0.,0.));
#11491=CARTESIAN_POINT('',(0.,0.,0.));
#11492=CARTESIAN_POINT('',(0.,0.,0.));
#11493=CARTESIAN_POINT('Origin',(-31.2805911542945,-32.8118863063045,1.71));
#11494=CARTESIAN_POINT('',(-40.3402506533146,-27.3503493481031,1.51));
#11495=CARTESIAN_POINT('',(-3.51597201117914,-48.6108565348538,1.51));
#11496=CARTESIAN_POINT('',(-31.1805911542945,-32.6386812255477,1.51));
#11497=CARTESIAN_POINT('',(-3.6231516881516,-49.0108565348538,1.91));
#11498=CARTESIAN_POINT('',(-3.51597201117914,-48.6108565348538,1.51));
#11499=CARTESIAN_POINT('',(-40.6330709763422,-27.6431696711306,1.91));
#11500=CARTESIAN_POINT('',(-31.3805911542945,-32.9850913870614,1.91));
#11501=CARTESIAN_POINT('',(-40.3402506533146,-27.3503493481031,1.51));
#11502=CARTESIAN_POINT('Origin',(-1.8115758440758,-48.8108565348538,1.71));
#11503=CARTESIAN_POINT('',(3.51597201117913,-48.6108565348538,1.51));
#11504=CARTESIAN_POINT('',(-1.8115758440758,-48.6108565348538,1.51));
#11505=CARTESIAN_POINT('',(3.62315168815158,-49.0108565348538,1.91));
#11506=CARTESIAN_POINT('',(3.51597201117913,-48.6108565348538,1.51));
#11507=CARTESIAN_POINT('',(-1.8115758440758,-49.0108565348538,1.91));
#11508=CARTESIAN_POINT('Origin',(12.7756315101992,-43.4957297381661,1.71));
#11509=CARTESIAN_POINT('',(40.3402506533146,-27.3503493481031,1.51));
#11510=CARTESIAN_POINT('',(12.6756315101992,-43.3225246574093,1.51));
#11511=CARTESIAN_POINT('',(40.6330709763422,-27.6431696711307,1.91));
#11512=CARTESIAN_POINT('',(40.3402506533146,-27.3503493481031,1.51));
#11513=CARTESIAN_POINT('',(12.8756315101992,-43.668934818923,1.91));
#11514=CARTESIAN_POINT('Origin',(41.3656538176232,-25.9742989692788,1.71));
#11515=CARTESIAN_POINT('',(43.8562226644937,-21.2605071867507,1.51));
#11516=CARTESIAN_POINT('',(41.1924487368663,-25.8742989692788,1.51));
#11517=CARTESIAN_POINT('',(44.2562226644937,-21.3676868637232,1.91));
#11518=CARTESIAN_POINT('',(43.8562226644937,-21.2605071867507,1.51));
#11519=CARTESIAN_POINT('',(41.5388588983801,-26.0742989692788,1.91));
#11520=CARTESIAN_POINT('Origin',(43.177229661699,22.836557565575,1.71));
#11521=CARTESIAN_POINT('',(40.6330709763422,27.6431696711306,1.91));
#11522=CARTESIAN_POINT('',(44.2562226644938,21.3676868637232,1.91));
#11523=CARTESIAN_POINT('',(43.3504347424559,22.936557565575,1.91));
#11524=CARTESIAN_POINT('',(43.8562226644938,21.2605071867507,1.51));
#11525=CARTESIAN_POINT('',(44.2562226644938,21.3676868637232,1.91));
#11526=CARTESIAN_POINT('',(40.3402506533147,27.3503493481031,1.51));
#11527=CARTESIAN_POINT('',(43.0040245809421,22.736557565575,1.51));
#11528=CARTESIAN_POINT('',(40.3402506533147,27.3503493481031,1.51));
#11529=CARTESIAN_POINT('Origin',(44.0562226644938,-10.6838434318616,1.71));
#11530=CARTESIAN_POINT('',(43.8562226644937,-10.6838434318616,1.51));
#11531=CARTESIAN_POINT('',(44.2562226644937,-10.6838434318616,1.91));
#11532=CARTESIAN_POINT('Origin',(31.2805911542946,32.8118863063045,1.71));
#11533=CARTESIAN_POINT('',(3.62315168815162,49.0108565348538,1.91));
#11534=CARTESIAN_POINT('',(31.3805911542946,32.9850913870614,1.91));
#11535=CARTESIAN_POINT('',(3.51597201117917,48.6108565348538,1.51));
#11536=CARTESIAN_POINT('',(31.1805911542946,32.6386812255476,1.51));
#11537=CARTESIAN_POINT('',(3.51597201117917,48.6108565348538,1.51));
#11538=CARTESIAN_POINT('Origin',(1.81157584407581,48.8108565348538,1.71));
#11539=CARTESIAN_POINT('',(-3.62315168815154,49.0108565348538,1.91));
#11540=CARTESIAN_POINT('',(1.81157584407581,49.0108565348538,1.91));
#11541=CARTESIAN_POINT('',(-3.51597201117909,48.6108565348538,1.51));
#11542=CARTESIAN_POINT('',(1.81157584407581,48.6108565348538,1.51));
#11543=CARTESIAN_POINT('',(-3.51597201117909,48.6108565348538,1.51));
#11544=CARTESIAN_POINT('Origin',(-12.7756315101992,43.4957297381661,1.71));
#11545=CARTESIAN_POINT('',(-40.6330709763421,27.6431696711307,1.91));
#11546=CARTESIAN_POINT('',(-12.8756315101992,43.668934818923,1.91));
#11547=CARTESIAN_POINT('',(-40.3402506533146,27.3503493481031,1.51));
#11548=CARTESIAN_POINT('',(-12.6756315101992,43.3225246574093,1.51));
#11549=CARTESIAN_POINT('',(-40.3402506533146,27.3503493481031,1.51));
#11550=CARTESIAN_POINT('Origin',(-41.3656538176231,25.9742989692788,1.71));
#11551=CARTESIAN_POINT('',(-44.2562226644937,21.3676868637232,1.91));
#11552=CARTESIAN_POINT('',(-41.53885889838,26.0742989692788,1.91));
#11553=CARTESIAN_POINT('',(-43.8562226644937,21.2605071867507,1.51));
#11554=CARTESIAN_POINT('',(-41.1924487368663,25.8742989692788,1.51));
#11555=CARTESIAN_POINT('',(-43.8562226644937,21.2605071867507,1.51));
#11556=CARTESIAN_POINT('Origin',(-44.0562226644937,10.6838434318616,1.71));
#11557=CARTESIAN_POINT('',(-44.2562226644938,-21.3676868637231,1.91));
#11558=CARTESIAN_POINT('',(-44.2562226644937,10.6838434318616,1.91));
#11559=CARTESIAN_POINT('',(-43.8562226644938,-21.2605071867507,1.51));
#11560=CARTESIAN_POINT('',(-43.8562226644937,10.6838434318616,1.51));
#11561=CARTESIAN_POINT('',(-43.8562226644938,-21.2605071867507,1.51));
#11562=CARTESIAN_POINT('Origin',(-43.177229661699,-22.836557565575,1.71));
#11563=CARTESIAN_POINT('',(-43.3504347424559,-22.936557565575,1.91));
#11564=CARTESIAN_POINT('',(-43.0040245809421,-22.736557565575,1.51));
#11565=CARTESIAN_POINT('Origin',(-40.6330709763422,-27.6431696711306,1.51));
#11566=CARTESIAN_POINT('',(-3.6231516881516,-49.0108565348538,6.165));
#11567=CARTESIAN_POINT('',(-3.6231516881516,-49.0108565348538,1.51));
#11568=CARTESIAN_POINT('',(-40.6330709763422,-27.6431696711306,6.165));
#11569=CARTESIAN_POINT('',(-31.3805911542945,-32.9850913870614,6.165));
#11570=CARTESIAN_POINT('',(-40.6330709763422,-27.6431696711306,1.51));
#11571=CARTESIAN_POINT('Origin',(-3.6231516881516,-49.0108565348538,1.51));
#11572=CARTESIAN_POINT('',(3.62315168815158,-49.0108565348538,6.165));
#11573=CARTESIAN_POINT('',(3.62315168815158,-49.0108565348538,1.51));
#11574=CARTESIAN_POINT('',(-1.8115758440758,-49.0108565348538,6.165));
#11575=CARTESIAN_POINT('Origin',(3.62315168815158,-49.0108565348538,1.51));
#11576=CARTESIAN_POINT('',(40.6330709763422,-27.6431696711307,6.165));
#11577=CARTESIAN_POINT('',(40.6330709763422,-27.6431696711307,1.51));
#11578=CARTESIAN_POINT('',(12.8756315101992,-43.668934818923,6.165));
#11579=CARTESIAN_POINT('Origin',(40.6330709763422,-27.6431696711307,1.51));
#11580=CARTESIAN_POINT('',(44.2562226644937,-21.3676868637232,6.165));
#11581=CARTESIAN_POINT('',(44.2562226644937,-21.3676868637232,1.51));
#11582=CARTESIAN_POINT('',(41.5388588983801,-26.0742989692788,6.165));
#11583=CARTESIAN_POINT('Origin',(44.2562226644937,-21.3676868637232,1.51));
#11584=CARTESIAN_POINT('',(44.2562226644938,21.3676868637232,6.165));
#11585=CARTESIAN_POINT('',(44.2562226644938,21.3676868637232,1.51));
#11586=CARTESIAN_POINT('',(44.2562226644937,-10.6838434318616,6.165));
#11587=CARTESIAN_POINT('Origin',(44.2562226644938,21.3676868637232,1.51));
#11588=CARTESIAN_POINT('',(40.6330709763422,27.6431696711306,6.165));
#11589=CARTESIAN_POINT('',(40.6330709763422,27.6431696711306,1.51));
#11590=CARTESIAN_POINT('',(43.3504347424559,22.936557565575,6.165));
#11591=CARTESIAN_POINT('Origin',(0.,0.,1.51));
#11592=CARTESIAN_POINT('',(-7.96556256828927,-15.476755377906,1.51));
#11593=CARTESIAN_POINT('',(7.4265606898061,-5.22864180063263,1.51));
#11594=CARTESIAN_POINT('Origin',(-5.93584807271099,-1.84214561345795,1.51));
#11595=CARTESIAN_POINT('',(-20.5606515957518,-37.2920894993244,1.51));
#11596=CARTESIAN_POINT('',(-7.96556256828927,-15.476755377906,1.51));
#11597=CARTESIAN_POINT('',(-10.0708498293553,-43.3483793728992,1.51));
#11598=CARTESIAN_POINT('',(-39.4032256196265,-26.4133243144149,1.51));
#11599=CARTESIAN_POINT('',(-4.14327117165163,-39.9260902392314,1.51));
#11600=CARTESIAN_POINT('',(-10.0708498293553,-43.3483793728992,1.51));
#11601=CARTESIAN_POINT('',(-0.637205,-34.8001194667644,1.51));
#11602=CARTESIAN_POINT('Origin',(-0.007205,-38.993054,1.51));
#11603=CARTESIAN_POINT('',(-0.637205,-28.0873998588989,1.51));
#11604=CARTESIAN_POINT('',(-0.637205,-38.993054,1.51));
#11605=CARTESIAN_POINT('',(0.622795,-28.0873998588989,1.51));
#11606=CARTESIAN_POINT('',(-0.637205,-28.0873998588989,1.51));
#11607=CARTESIAN_POINT('',(0.622795,-34.8001194667644,1.51));
#11608=CARTESIAN_POINT('',(0.622795,-28.0873998588989,1.51));
#11609=CARTESIAN_POINT('',(4.12886117165164,-39.9260902392313,1.51));
#11610=CARTESIAN_POINT('Origin',(-0.007205,-38.993054,1.51));
#11611=CARTESIAN_POINT('',(10.0636448293553,-43.3525391815888,1.51));
#11612=CARTESIAN_POINT('',(4.12886117165164,-39.9260902392313,1.51));
#11613=CARTESIAN_POINT('',(20.9243806224155,-37.0820904478681,1.51));
#11614=CARTESIAN_POINT('',(3.1729970448673,-47.3308565348538,1.51));
#11615=CARTESIAN_POINT('',(12.2569288191647,-22.0696235524833,1.51));
#11616=CARTESIAN_POINT('',(5.23873768135626,-9.91375992456942,1.51));
#11617=CARTESIAN_POINT('',(13.3481208279331,-21.4396235524833,1.51));
#11618=CARTESIAN_POINT('',(12.4387941740805,-21.9646235408665,1.51));
#11619=CARTESIAN_POINT('',(22.0155726311839,-36.4520904478681,1.51));
#11620=CARTESIAN_POINT('',(6.00752118765711,-8.72533201750342,1.51));
#11621=CARTESIAN_POINT('',(32.9161755433768,-30.1586244221842,1.51));
#11622=CARTESIAN_POINT('',(3.1729970448673,-47.3308565348538,1.51));
#11623=CARTESIAN_POINT('',(32.9161755433769,-19.4893506681521,1.51));
#11624=CARTESIAN_POINT('',(32.9161755433769,-19.4893506681521,1.51));
#11625=CARTESIAN_POINT('',(8.56359461797735,-5.42938151541058,1.51));
#11626=CARTESIAN_POINT('',(8.56359461797735,-5.42938151541058,1.51));
#11627=CARTESIAN_POINT('Origin',(9.65006157950398,4.04518156567979,1.51));
#11628=CARTESIAN_POINT('',(-42.5762226644938,-20.9175322204389,1.51));
#11629=CARTESIAN_POINT('',(-42.5762226644937,-14.8818548604442,1.51));
#11630=CARTESIAN_POINT('',(-42.5762226644937,20.9175322204389,1.51));
#11631=CARTESIAN_POINT('',(-39.4032256196265,-26.4133243144149,1.51));
#11632=CARTESIAN_POINT('',(-42.5762226644938,-20.9175322204389,1.51));
#11633=CARTESIAN_POINT('',(-34.1761755433769,-29.4311630830053,1.51));
#11634=CARTESIAN_POINT('',(-39.4032256196265,-26.4133243144149,1.51));
#11635=CARTESIAN_POINT('',(-34.1761755433769,-23.5051270189214,1.51));
#11636=CARTESIAN_POINT('',(-34.1761755433769,-20.7015721070216,1.51));
#11637=CARTESIAN_POINT('',(-37.4441247358092,-17.8448729810778,1.51));
#11638=CARTESIAN_POINT('',(-37.4441247358092,-17.8448729810778,1.51));
#11639=CARTESIAN_POINT('',(-34.5961761255569,-19.4891368778452,1.51));
#11640=CARTESIAN_POINT('',(-42.5762226644937,-0.419999956806577,1.51));
#11641=CARTESIAN_POINT('',(-19.9955833446634,-0.419999956806576,1.51));
#11642=CARTESIAN_POINT('',(-19.9955833446634,-0.419999956806576,1.51));
#11643=CARTESIAN_POINT('',(-42.5762226644937,-13.4269321820863,1.51));
#11644=CARTESIAN_POINT('',(-42.5762226644937,20.9175322204389,1.51));
#11645=CARTESIAN_POINT('',(-33.3361761255569,-18.7616755386662,1.51));
#11646=CARTESIAN_POINT('',(-42.5762226644937,-13.4269321820863,1.51));
#11647=CARTESIAN_POINT('',(-17.3690586500083,-9.54305596597589,1.51));
#11648=CARTESIAN_POINT('',(-17.3690586500083,-9.54305596597589,1.51));
#11649=CARTESIAN_POINT('',(-19.1012720743066,-5.92796685533243,1.51));
#11650=CARTESIAN_POINT('Origin',(-5.93584807271099,-1.84214561345795,1.51));
#11651=CARTESIAN_POINT('Origin',(0.000129850672473471,5.44317300206672E-5,
1.51));
#11652=CARTESIAN_POINT('',(15.2171740281937,6.37865090298077,1.51));
#11653=CARTESIAN_POINT('',(8.2426373560121,-1.82492128702209,1.51));
#11654=CARTESIAN_POINT('Origin',(9.65015897644756,4.0450298708606,1.51));
#11655=CARTESIAN_POINT('',(-15.7586120953693,-4.89079601519169,1.51));
#11656=CARTESIAN_POINT('Origin',(2.39711498434416E-6,-0.000191517524176974,
1.51));
#11657=CARTESIAN_POINT('',(4.03362437429779,-4.36882925198962,1.51));
#11658=CARTESIAN_POINT('Origin',(-5.93600432466315,-1.84240050014497,1.51));
#11659=CARTESIAN_POINT('Origin',(7.4265606898061,-5.22864180063263,1.51));
#11660=CARTESIAN_POINT('',(17.0310695724218,10.4858583624547,1.51));
#11661=CARTESIAN_POINT('',(10.3616461953331,17.1068943187106,1.51));
#11662=CARTESIAN_POINT('Origin',(0.000129850672473471,5.44317300206672E-5,
1.51));
#11663=CARTESIAN_POINT('',(26.979757725817,16.2297361459011,1.51));
#11664=CARTESIAN_POINT('',(17.0310695724218,10.4858583624547,1.51));
#11665=CARTESIAN_POINT('',(34.4952477270752,29.2469466718561,1.51));
#11666=CARTESIAN_POINT('',(26.9797577258171,16.2297361459011,1.51));
#11667=CARTESIAN_POINT('',(21.6518434488172,36.6620895892196,1.51));
#11668=CARTESIAN_POINT('',(39.4032256196265,26.4133243144149,1.51));
#11669=CARTESIAN_POINT('',(10.3616461953331,17.1068943187106,1.51));
#11670=CARTESIAN_POINT('',(11.0198587882723,-5.39258361697336,1.51));
#11671=CARTESIAN_POINT('',(18.076773635006,-0.420048548178526,1.51));
#11672=CARTESIAN_POINT('Origin',(9.65006157950398,4.04518156567979,1.51));
#11673=CARTESIAN_POINT('',(33.7559906866299,-18.519295488821,1.51));
#11674=CARTESIAN_POINT('',(11.0198587882723,-5.39258361697336,1.51));
#11675=CARTESIAN_POINT('',(42.5762226644937,-13.4269321820864,1.51));
#11676=CARTESIAN_POINT('',(33.7559906866299,-18.519295488821,1.51));
#11677=CARTESIAN_POINT('',(42.5762226644937,-0.420048548178526,1.51));
#11678=CARTESIAN_POINT('',(42.5762226644937,-20.9175322204389,1.51));
#11679=CARTESIAN_POINT('',(18.076773635006,-0.420048548178525,1.51));
#11680=CARTESIAN_POINT('',(20.5606514400488,37.2920895892196,1.51));
#11681=CARTESIAN_POINT('',(9.26383294391306,17.7254259900287,1.51));
#11682=CARTESIAN_POINT('',(9.26383294391306,17.7254259900287,1.51));
#11683=CARTESIAN_POINT('',(16.6174481224234,39.56869908612,1.51));
#11684=CARTESIAN_POINT('',(39.4032256196265,26.4133243144149,1.51));
#11685=CARTESIAN_POINT('',(-16.6174481224234,39.56869908612,1.51));
#11686=CARTESIAN_POINT('',(-16.6174481224234,39.56869908612,1.51));
#11687=CARTESIAN_POINT('',(-20.924379995973,37.0820908095448,1.51));
#11688=CARTESIAN_POINT('',(-3.17299704486726,47.3308565348538,1.51));
#11689=CARTESIAN_POINT('',(-9.63411839811705,17.5267840913144,1.51));
#11690=CARTESIAN_POINT('',(-9.63411839811705,17.5267840913144,1.51));
#11691=CARTESIAN_POINT('Origin',(0.000129850672473471,5.44317300206672E-5,
1.51));
#11692=CARTESIAN_POINT('',(-22.0155720047414,36.4520908095448,1.51));
#11693=CARTESIAN_POINT('',(-10.7186874201087,16.8853127417193,1.51));
#11694=CARTESIAN_POINT('',(-10.7186874201087,16.8853127417193,1.51));
#11695=CARTESIAN_POINT('',(-34.5115906157553,29.2375111006774,1.51));
#11696=CARTESIAN_POINT('',(-3.17299704486726,47.3308565348538,1.51));
#11697=CARTESIAN_POINT('',(-26.8669586551022,15.9966201396614,1.51));
#11698=CARTESIAN_POINT('',(-26.8669586551022,15.9966201396614,1.51));
#11699=CARTESIAN_POINT('',(-17.1067247575765,10.3615464715712,1.51));
#11700=CARTESIAN_POINT('',(-17.1067247575765,10.3615464715712,1.51));
#11701=CARTESIAN_POINT('Origin',(0.000129850672473471,5.44317300206672E-5,
1.51));
#11702=CARTESIAN_POINT('',(-17.7252548778815,9.2637323246733,1.51));
#11703=CARTESIAN_POINT('',(-19.9823495562791,0.840000043193426,1.51));
#11704=CARTESIAN_POINT('Origin',(0.000129850672473471,5.44317300206672E-5,
1.51));
#11705=CARTESIAN_POINT('',(-28.1543964175194,15.285,1.51));
#11706=CARTESIAN_POINT('',(-17.7252548778815,9.2637323246733,1.51));
#11707=CARTESIAN_POINT('',(-42.5762226644937,15.285,1.51));
#11708=CARTESIAN_POINT('',(-28.1543964175194,15.285,1.51));
#11709=CARTESIAN_POINT('',(-42.5762226644937,0.840000043193421,1.51));
#11710=CARTESIAN_POINT('',(-42.5762226644937,20.9175322204389,1.51));
#11711=CARTESIAN_POINT('',(-19.9823495562791,0.840000043193426,1.51));
#11712=CARTESIAN_POINT('',(33.7677860813434,16.526946,1.51));
#11713=CARTESIAN_POINT('',(31.1870302969815,20.9969460004488,1.51));
#11714=CARTESIAN_POINT('Origin',(33.767786,19.506946,1.51));
#11715=CARTESIAN_POINT('',(42.5762226644938,16.526946,1.51));
#11716=CARTESIAN_POINT('',(30.0145402936266,16.526946,1.51));
#11717=CARTESIAN_POINT('',(42.5762226644938,20.9175322204389,1.51));
#11718=CARTESIAN_POINT('',(42.5762226644937,-20.9175322204389,1.51));
#11719=CARTESIAN_POINT('',(39.4032256196265,26.4133243144149,1.51));
#11720=CARTESIAN_POINT('',(42.5762226644938,20.9175322204389,1.51));
#11721=CARTESIAN_POINT('',(35.5864397358436,28.6169466718561,1.51));
#11722=CARTESIAN_POINT('',(39.4032256196265,26.4133243144149,1.51));
#11723=CARTESIAN_POINT('',(29.1621417433538,17.4897361459011,1.51));
#11724=CARTESIAN_POINT('',(-31.2192442968725,21.01500000026,1.51));
#11725=CARTESIAN_POINT('',(-33.8,16.545,1.51));
#11726=CARTESIAN_POINT('Origin',(-33.8,19.525,1.51));
#11727=CARTESIAN_POINT('',(-35.6027826245237,28.6075111006774,1.51));
#11728=CARTESIAN_POINT('',(-29.049342672639,17.2566201396614,1.51));
#11729=CARTESIAN_POINT('',(-39.4032256196264,26.413324314415,1.51));
#11730=CARTESIAN_POINT('',(-3.17299704486726,47.3308565348538,1.51));
#11731=CARTESIAN_POINT('',(-42.5762226644937,20.9175322204389,1.51));
#11732=CARTESIAN_POINT('',(-39.4032256196264,26.413324314415,1.51));
#11733=CARTESIAN_POINT('',(-42.5762226644937,16.545,1.51));
#11734=CARTESIAN_POINT('',(-42.5762226644937,20.9175322204389,1.51));
#11735=CARTESIAN_POINT('',(-30.3367804350562,16.545,1.51));
#11736=CARTESIAN_POINT('',(42.5762226644938,0.839951451821474,1.51));
#11737=CARTESIAN_POINT('',(18.6319464570375,0.839951451821475,1.51));
#11738=CARTESIAN_POINT('',(18.6319464570375,0.839951451821475,1.51));
#11739=CARTESIAN_POINT('',(42.5762226644938,15.266946,1.51));
#11740=CARTESIAN_POINT('',(42.5762226644937,-20.9175322204389,1.51));
#11741=CARTESIAN_POINT('',(27.8321562760898,15.266946,1.51));
#11742=CARTESIAN_POINT('',(27.8321562760898,15.266946,1.51));
#11743=CARTESIAN_POINT('',(17.6575488832272,9.39263368283207,1.51));
#11744=CARTESIAN_POINT('',(17.6575488832272,9.39263368283207,1.51));
#11745=CARTESIAN_POINT('',(18.4452356450462,7.73200529252954,1.51));
#11746=CARTESIAN_POINT('Origin',(0.000129850672473471,5.44317300206672E-5,
1.51));
#11747=CARTESIAN_POINT('Origin',(9.65006157950398,4.04518156567979,1.51));
#11748=CARTESIAN_POINT('',(-16.6128144171106,-10.5613608328971,1.51));
#11749=CARTESIAN_POINT('',(-9.27080951418982,-15.2175094046298,1.51));
#11750=CARTESIAN_POINT('Origin',(-5.93584807271099,-1.84214561345795,1.51));
#11751=CARTESIAN_POINT('',(-32.9161755433769,-19.9741107678426,1.51));
#11752=CARTESIAN_POINT('',(-16.6128144171106,-10.5613608328971,1.51));
#11753=CARTESIAN_POINT('',(-32.9161755433769,-30.1586244221842,1.51));
#11754=CARTESIAN_POINT('',(-32.9161755433769,-30.1586244221842,1.51));
#11755=CARTESIAN_POINT('',(-21.6518436045202,-36.6620894993244,1.51));
#11756=CARTESIAN_POINT('',(-39.4032256196265,-26.4133243144149,1.51));
#11757=CARTESIAN_POINT('',(-9.27080951418982,-15.2175094046298,1.51));
#11758=CARTESIAN_POINT('',(39.4032256196265,-26.4133243144149,1.51));
#11759=CARTESIAN_POINT('',(34.1761755433768,-29.4311630830053,1.51));
#11760=CARTESIAN_POINT('',(3.1729970448673,-47.3308565348538,1.51));
#11761=CARTESIAN_POINT('',(42.5762226644937,-20.9175322204389,1.51));
#11762=CARTESIAN_POINT('',(39.4032256196265,-26.4133243144149,1.51));
#11763=CARTESIAN_POINT('',(42.5762226644937,-14.8818548604442,1.51));
#11764=CARTESIAN_POINT('',(42.5762226644937,-20.9175322204389,1.51));
#11765=CARTESIAN_POINT('',(37.4441247358092,-17.8448729810777,1.51));
#11766=CARTESIAN_POINT('',(35.0159906866299,-19.2467568279999,1.51));
#11767=CARTESIAN_POINT('',(34.1761755433769,-23.5051270189214,1.51));
#11768=CARTESIAN_POINT('',(34.1761755433769,-23.5051270189214,1.51));
#11769=CARTESIAN_POINT('',(34.1761755433768,-29.4311630830053,1.51));
#11770=CARTESIAN_POINT('',(14.4350641048867,40.82869908612,1.51));
#11771=CARTESIAN_POINT('',(-14.4350641048866,40.82869908612,1.51));
#11772=CARTESIAN_POINT('',(-14.4350641048866,40.82869908612,1.51));
#11773=CARTESIAN_POINT('',(3.17299704486733,47.3308565348538,1.51));
#11774=CARTESIAN_POINT('',(39.4032256196265,26.4133243144149,1.51));
#11775=CARTESIAN_POINT('',(-3.17299704486726,47.3308565348538,1.51));
#11776=CARTESIAN_POINT('',(3.17299704486733,47.3308565348538,1.51));
#11777=CARTESIAN_POINT('',(-3.17299704486726,47.3308565348538,1.51));
#11778=CARTESIAN_POINT('',(-2.58796070327763,-40.483054,1.51));
#11779=CARTESIAN_POINT('',(2.57355070327763,-40.483054,1.51));
#11780=CARTESIAN_POINT('Origin',(-0.007205,-38.993054,1.51));
#11781=CARTESIAN_POINT('',(-8.81084982935535,-44.0758407120782,1.51));
#11782=CARTESIAN_POINT('',(-0.007205,-38.993054,1.51));
#11783=CARTESIAN_POINT('',(-3.17299704486732,-47.3308565348538,1.51));
#11784=CARTESIAN_POINT('',(-39.4032256196265,-26.4133243144149,1.51));
#11785=CARTESIAN_POINT('',(3.1729970448673,-47.3308565348538,1.51));
#11786=CARTESIAN_POINT('',(-3.17299704486732,-47.3308565348538,1.51));
#11787=CARTESIAN_POINT('',(8.80364482935533,-44.0800005207677,1.51));
#11788=CARTESIAN_POINT('',(3.1729970448673,-47.3308565348538,1.51));
#11789=CARTESIAN_POINT('',(-0.007205,-38.993054,1.51));
#11790=CARTESIAN_POINT('Origin',(-31.1305911542945,-32.5520786851692,6.665));
#11791=CARTESIAN_POINT('',(-3.35520249572049,-48.0108565348538,7.165));
#11792=CARTESIAN_POINT('',(-39.9010201687733,-26.9111188635618,7.165));
#11793=CARTESIAN_POINT('',(-30.8805911542945,-32.119065983277,7.165));
#11794=CARTESIAN_POINT('',(-39.9010201687733,-26.9111188635618,7.165));
#11795=CARTESIAN_POINT('',(-3.35520249572049,-48.0108565348538,7.165));
#11796=CARTESIAN_POINT('Origin',(-42.9174220405637,-22.686557565575,6.665));
#11797=CARTESIAN_POINT('',(-43.2562226644938,-21.099737671292,7.165));
#11798=CARTESIAN_POINT('',(-42.4844093386715,-22.436557565575,7.165));
#11799=CARTESIAN_POINT('',(-44.2562226644938,-21.3676868637231,6.165));
#11800=CARTESIAN_POINT('',(-43.2562226644938,-21.099737671292,7.165));
#11801=CARTESIAN_POINT('',(-43.3504347424559,-22.936557565575,6.165));
#11802=CARTESIAN_POINT('Origin',(-43.7562226644937,10.6838434318616,6.665));
#11803=CARTESIAN_POINT('',(-43.2562226644937,21.0997376712921,7.165));
#11804=CARTESIAN_POINT('',(-43.2562226644937,10.6838434318616,7.165));
#11805=CARTESIAN_POINT('',(-44.2562226644937,21.3676868637232,6.165));
#11806=CARTESIAN_POINT('',(-43.2562226644937,21.0997376712921,7.165));
#11807=CARTESIAN_POINT('',(-44.2562226644937,10.6838434318616,6.165));
#11808=CARTESIAN_POINT('Origin',(-41.1058461964878,25.8242989692788,6.665));
#11809=CARTESIAN_POINT('',(-39.9010201687733,26.9111188635618,7.165));
#11810=CARTESIAN_POINT('',(-40.6728334945956,25.5742989692788,7.165));
#11811=CARTESIAN_POINT('',(-40.6330709763421,27.6431696711307,6.165));
#11812=CARTESIAN_POINT('',(-39.9010201687733,26.9111188635618,7.165));
#11813=CARTESIAN_POINT('',(-41.53885889838,26.0742989692788,6.165));
#11814=CARTESIAN_POINT('Origin',(-12.6256315101992,43.2359221170308,6.665));
#11815=CARTESIAN_POINT('',(-3.35520249572042,48.0108565348538,7.165));
#11816=CARTESIAN_POINT('',(-12.3756315101992,42.8029094151386,7.165));
#11817=CARTESIAN_POINT('',(-3.62315168815154,49.0108565348538,6.165));
#11818=CARTESIAN_POINT('',(-3.35520249572042,48.0108565348538,7.165));
#11819=CARTESIAN_POINT('',(-12.8756315101992,43.668934818923,6.165));
#11820=CARTESIAN_POINT('Origin',(1.81157584407581,48.5108565348538,6.665));
#11821=CARTESIAN_POINT('',(3.35520249572049,48.0108565348538,7.165));
#11822=CARTESIAN_POINT('',(1.81157584407581,48.0108565348538,7.165));
#11823=CARTESIAN_POINT('',(3.62315168815162,49.0108565348538,6.165));
#11824=CARTESIAN_POINT('',(3.35520249572049,48.0108565348538,7.165));
#11825=CARTESIAN_POINT('',(1.81157584407581,49.0108565348538,6.165));
#11826=CARTESIAN_POINT('Origin',(31.1305911542946,32.5520786851692,6.665));
#11827=CARTESIAN_POINT('',(39.9010201687733,26.9111188635617,7.165));
#11828=CARTESIAN_POINT('',(30.8805911542946,32.119065983277,7.165));
#11829=CARTESIAN_POINT('',(39.9010201687733,26.9111188635617,7.165));
#11830=CARTESIAN_POINT('',(31.3805911542946,32.9850913870614,6.165));
#11831=CARTESIAN_POINT('Origin',(42.9174220405637,22.686557565575,6.665));
#11832=CARTESIAN_POINT('',(43.2562226644938,21.099737671292,7.165));
#11833=CARTESIAN_POINT('',(42.4844093386714,22.436557565575,7.165));
#11834=CARTESIAN_POINT('',(43.2562226644938,21.099737671292,7.165));
#11835=CARTESIAN_POINT('Origin',(43.7562226644938,-10.6838434318616,6.665));
#11836=CARTESIAN_POINT('',(43.2562226644938,-21.0997376712921,7.165));
#11837=CARTESIAN_POINT('',(43.2562226644938,-10.6838434318616,7.165));
#11838=CARTESIAN_POINT('',(43.2562226644938,-21.0997376712921,7.165));
#11839=CARTESIAN_POINT('Origin',(41.1058461964879,-25.8242989692788,6.665));
#11840=CARTESIAN_POINT('',(39.9010201687733,-26.9111188635618,7.165));
#11841=CARTESIAN_POINT('',(40.6728334945957,-25.5742989692788,7.165));
#11842=CARTESIAN_POINT('',(39.9010201687733,-26.9111188635618,7.165));
#11843=CARTESIAN_POINT('Origin',(12.6256315101992,-43.2359221170308,6.665));
#11844=CARTESIAN_POINT('',(3.35520249572046,-48.0108565348538,7.165));
#11845=CARTESIAN_POINT('',(12.3756315101992,-42.8029094151386,7.165));
#11846=CARTESIAN_POINT('',(3.35520249572046,-48.0108565348538,7.165));
#11847=CARTESIAN_POINT('Origin',(-1.8115758440758,-48.5108565348538,6.665));
#11848=CARTESIAN_POINT('',(-1.8115758440758,-48.0108565348538,7.165));
#11849=CARTESIAN_POINT('Origin',(4.44089209850063E-15,4.44089209850063E-15,
7.165));
#11850=CARTESIAN_POINT('',(-3.17299704486732,-47.3308565348538,7.165));
#11851=CARTESIAN_POINT('',(-39.4032256196265,-26.4133243144149,7.165));
#11852=CARTESIAN_POINT('',(-12.2305541885571,-42.1014734797441,7.165));
#11853=CARTESIAN_POINT('',(-42.5762226644938,-20.9175322204389,7.165));
#11854=CARTESIAN_POINT('',(-40.1964748808433,-25.0393762909209,7.165));
#11855=CARTESIAN_POINT('',(-42.5762226644937,20.9175322204389,7.165));
#11856=CARTESIAN_POINT('',(-42.5762226644938,-10.4587661102194,7.165));
#11857=CARTESIAN_POINT('',(-39.4032256196264,26.413324314415,7.165));
#11858=CARTESIAN_POINT('',(-41.7829734032769,22.2914802439329,7.165));
#11859=CARTESIAN_POINT('',(-3.17299704486726,47.3308565348538,7.165));
#11860=CARTESIAN_POINT('',(-30.3456684759366,31.6427073695247,7.165));
#11861=CARTESIAN_POINT('',(3.17299704486733,47.3308565348538,7.165));
#11862=CARTESIAN_POINT('',(-1.58649852243363,47.3308565348538,7.165));
#11863=CARTESIAN_POINT('',(39.4032256196265,26.4133243144149,7.165));
#11864=CARTESIAN_POINT('',(12.2305541885571,42.1014734797441,7.165));
#11865=CARTESIAN_POINT('',(42.5762226644938,20.9175322204389,7.165));
#11866=CARTESIAN_POINT('',(40.1964748808433,25.0393762909209,7.165));
#11867=CARTESIAN_POINT('',(42.5762226644937,-20.9175322204389,7.165));
#11868=CARTESIAN_POINT('',(42.5762226644938,10.4587661102194,7.165));
#11869=CARTESIAN_POINT('',(39.4032256196265,-26.4133243144149,7.165));
#11870=CARTESIAN_POINT('',(41.7829734032769,-22.2914802439329,7.165));
#11871=CARTESIAN_POINT('',(3.1729970448673,-47.3308565348538,7.165));
#11872=CARTESIAN_POINT('',(30.3456684759367,-31.6427073695247,7.165));
#11873=CARTESIAN_POINT('',(1.58649852243365,-47.3308565348538,7.165));
#11874=CARTESIAN_POINT('Origin',(12.2569288191647,-22.0696235524833,1.51));
#11875=CARTESIAN_POINT('',(12.2569288191647,-22.0696235524833,2.51));
#11876=CARTESIAN_POINT('',(12.2569288191647,-22.0696235524833,1.51));
#11877=CARTESIAN_POINT('',(13.3481208279331,-21.4396235524833,2.51));
#11878=CARTESIAN_POINT('',(12.2569288191647,-22.0696235524833,2.51));
#11879=CARTESIAN_POINT('',(13.3481208279331,-21.4396235524833,1.51));
#11880=CARTESIAN_POINT('Origin',(9.2934292546447,-15.3974777849934,2.51));
#11881=CARTESIAN_POINT('',(5.23873768135626,-9.91375992456942,2.51));
#11882=CARTESIAN_POINT('',(6.93283387159572,-12.848020598973,2.51));
#11883=CARTESIAN_POINT('',(6.00752118765711,-8.72533201750342,2.51));
#11884=CARTESIAN_POINT('Origin',(-5.93584807271099,-1.84214561345795,2.51));
#11885=CARTESIAN_POINT('',(15.8668473508937,-25.8021858606224,2.51));
#11886=CARTESIAN_POINT('Origin',(5.23873768135626,-9.91375992456942,1.51));
#11887=CARTESIAN_POINT('',(20.9243806224155,-37.0820904478681,5.565));
#11888=CARTESIAN_POINT('',(20.9243806224155,-37.0820904478681,1.51));
#11889=CARTESIAN_POINT('',(13.1569288191647,-23.6284692792953,5.565));
#11890=CARTESIAN_POINT('',(5.94659905466667,-11.1398117878585,5.565));
#11891=CARTESIAN_POINT('',(12.2569288191647,-22.0696235524833,3.765));
#11892=CARTESIAN_POINT('',(10.4455060347126,-18.9321472558244,0.142154431095757));
#11893=CARTESIAN_POINT('',(5.23873768135626,-9.91375992456942,3.765));
#11894=CARTESIAN_POINT('',(5.23873768135626,-9.91375992456942,3.765));
#11895=CARTESIAN_POINT('',(5.23873768135626,-9.91375992456942,1.51));
#11896=CARTESIAN_POINT('Origin',(4.44089209850063E-15,4.44089209850063E-15,
5.565));
#11897=CARTESIAN_POINT('',(-21.6518436045202,-36.6620894993244,5.565));
#11898=CARTESIAN_POINT('',(-20.5606515957518,-37.2920894993244,5.565));
#11899=CARTESIAN_POINT('',(-12.2305541885571,-42.1014734797441,5.565));
#11900=CARTESIAN_POINT('',(-10.7444582866885,-20.2899439511091,5.565));
#11901=CARTESIAN_POINT('',(-9.91659592962839,-18.8560442870072,5.565));
#11902=CARTESIAN_POINT('',(-11.8392039701628,-19.6660990962533,5.565));
#11903=CARTESIAN_POINT('Ctrl Pts',(-11.8392039701659,-19.6660990962515,
5.565));
#11904=CARTESIAN_POINT('Ctrl Pts',(-11.6565182097349,-19.7769954942216,
5.565));
#11905=CARTESIAN_POINT('Ctrl Pts',(-11.4722827227608,-19.8853199378103,
5.565));
#11906=CARTESIAN_POINT('Ctrl Pts',(-11.1072132931469,-20.0931222992915,
5.565));
#11907=CARTESIAN_POINT('Ctrl Pts',(-10.9264987312829,-20.1927659912021,
5.565));
#11908=CARTESIAN_POINT('Ctrl Pts',(-10.7444582866832,-20.2899439511121,
5.565));
#11909=CARTESIAN_POINT('',(-5.65135011904116,-8.94842183629981,5.565));
#11910=CARTESIAN_POINT('Origin',(4.44089209850063E-15,4.44089209850063E-15,
5.565));
#11911=CARTESIAN_POINT('',(8.80364482935533,-44.0800005207677,5.565));
#11912=CARTESIAN_POINT('',(10.0636448293553,-43.3525391815888,5.565));
#11913=CARTESIAN_POINT('',(30.3456684759367,-31.6427073695247,5.565));
#11914=CARTESIAN_POINT('',(4.12886117165164,-39.9260902392313,5.565));
#11915=CARTESIAN_POINT('',(-3.09632204410695,-35.7546287646687,5.565));
#11916=CARTESIAN_POINT('',(0.622795,-34.8001194667644,5.565));
#11917=CARTESIAN_POINT('Origin',(-0.007205,-38.993054,5.565));
#11918=CARTESIAN_POINT('',(0.622795,-29.8873998588989,5.565));
#11919=CARTESIAN_POINT('',(0.622795,-17.4000597333822,5.565));
#11920=CARTESIAN_POINT('',(-0.637205,-29.8873998588989,5.565));
#11921=CARTESIAN_POINT('',(0.311397500000002,-29.8873998588989,5.565));
#11922=CARTESIAN_POINT('',(-0.637205,-34.8001194667644,5.565));
#11923=CARTESIAN_POINT('',(-0.637205,-14.0436999294495,5.565));
#11924=CARTESIAN_POINT('',(-4.14327117165163,-39.9260902392314,5.565));
#11925=CARTESIAN_POINT('Origin',(-0.007205,-38.993054,5.565));
#11926=CARTESIAN_POINT('',(-10.0708498293553,-43.3483793728992,5.565));
#11927=CARTESIAN_POINT('',(6.05470762295878,-34.038284436973,5.565));
#11928=CARTESIAN_POINT('',(-8.81084982935535,-44.0758407120782,5.565));
#11929=CARTESIAN_POINT('',(-12.2305541885571,-42.1014734797441,5.565));
#11930=CARTESIAN_POINT('',(-2.58796070327763,-40.483054,5.565));
#11931=CARTESIAN_POINT('',(4.03591829410693,-36.6587556777805,5.565));
#11932=CARTESIAN_POINT('',(2.57355070327763,-40.483054,5.565));
#11933=CARTESIAN_POINT('Origin',(-0.007205,-38.993054,5.565));
#11934=CARTESIAN_POINT('',(-7.15636910714579,-34.8654821782586,5.565));
#11935=CARTESIAN_POINT('Origin',(4.44089209850063E-15,4.44089209850063E-15,
5.565));
#11936=CARTESIAN_POINT('',(-42.5762226644937,-13.4269321820863,5.565));
#11937=CARTESIAN_POINT('',(-42.5762226644937,-14.8818548604442,5.565));
#11938=CARTESIAN_POINT('',(-42.5762226644938,-10.4587661102194,5.565));
#11939=CARTESIAN_POINT('',(-37.4441247358092,-17.8448729810778,5.565));
#11940=CARTESIAN_POINT('',(-29.832155256453,-22.2396456090473,5.565));
#11941=CARTESIAN_POINT('',(-34.1761755433769,-23.5051270189214,5.565));
#11942=CARTESIAN_POINT('',(-36.6271374760605,-19.2599364240983,5.565));
#11943=CARTESIAN_POINT('',(-34.1761755433769,-29.4311630830053,5.565));
#11944=CARTESIAN_POINT('',(-34.1761755433768,-11.7525635094607,5.565));
#11945=CARTESIAN_POINT('',(-32.9161755433769,-30.1586244221842,5.565));
#11946=CARTESIAN_POINT('',(-12.2305541885571,-42.1014734797441,5.565));
#11947=CARTESIAN_POINT('',(-32.9161755433769,-19.9741107678426,5.565));
#11948=CARTESIAN_POINT('',(-32.9161755433769,-15.0793122110921,5.565));
#11949=CARTESIAN_POINT('',(-19.399944825443,-12.1705113244145,5.565));
#11950=CARTESIAN_POINT('',(-16.2480878788715,-10.3507858678642,5.565));
#11951=CARTESIAN_POINT('',(-20.0332286802556,-11.0812152501061,5.565));
#11952=CARTESIAN_POINT('Ctrl Pts',(-20.0332286802576,-11.0812152501022,
5.565));
#11953=CARTESIAN_POINT('Ctrl Pts',(-19.9317821230355,-11.267358516211,5.565));
#11954=CARTESIAN_POINT('Ctrl Pts',(-19.8277456151589,-11.4520794172527,
5.565));
#11955=CARTESIAN_POINT('Ctrl Pts',(-19.6165262555136,-11.8151770427192,
5.565));
#11956=CARTESIAN_POINT('Ctrl Pts',(-19.50944801365,-11.9935894626414,5.565));
#11957=CARTESIAN_POINT('Ctrl Pts',(-19.3999448254401,-12.170511324419,5.565));
#11958=CARTESIAN_POINT('',(-33.3361761255569,-18.7616755386662,5.565));
#11959=CARTESIAN_POINT('',(-9.34193528794891,-4.90859413207254,5.565));
#11960=CARTESIAN_POINT('',(-24.8971319869846,-23.6339599437741,5.565));
#11961=CARTESIAN_POINT('Origin',(4.44089209850063E-15,4.44089209850063E-15,
5.565));
#11962=CARTESIAN_POINT('',(22.0155726311839,-36.4520904478681,5.565));
#11963=CARTESIAN_POINT('',(30.3456684759367,-31.6427073695247,5.565));
#11964=CARTESIAN_POINT('',(14.2481208279331,-22.9984692792953,5.565));
#11965=CARTESIAN_POINT('',(11.3715169650604,-18.0160452355509,5.565));
#11966=CARTESIAN_POINT('',(13.8843901784647,-23.2084692676785,5.565));
#11967=CARTESIAN_POINT('Origin',(4.44089209850063E-15,4.44089209850063E-15,
5.565));
#11968=CARTESIAN_POINT('',(-42.5762226644937,0.840000043193418,5.565));
#11969=CARTESIAN_POINT('',(-42.5762226644937,-0.419999956806576,5.565));
#11970=CARTESIAN_POINT('',(-42.5762226644938,-10.4587661102194,5.565));
#11971=CARTESIAN_POINT('',(-22.8135631946792,-0.419999956806576,5.565));
#11972=CARTESIAN_POINT('',(-21.2881113322469,-0.419999956806576,5.565));
#11973=CARTESIAN_POINT('',(-22.7928984625006,0.840000043193428,5.565));
#11974=CARTESIAN_POINT('Ctrl Pts',(-22.7928984624997,0.8400000432034,5.565));
#11975=CARTESIAN_POINT('Ctrl Pts',(-22.8016719282009,0.64082923657538,5.565));
#11976=CARTESIAN_POINT('Ctrl Pts',(-22.8078342894774,0.44155074861847,5.565));
#11977=CARTESIAN_POINT('Ctrl Pts',(-22.8153141836312,0.021499087489504,
5.565));
#11978=CARTESIAN_POINT('Ctrl Pts',(-22.8160406936256,-0.199262793277382,
5.565));
#11979=CARTESIAN_POINT('Ctrl Pts',(-22.8135631946792,-0.419999956807551,
5.565));
#11980=CARTESIAN_POINT('',(-10.4955015940364,0.840000043193429,5.565));
#11981=CARTESIAN_POINT('Origin',(4.44089209850063E-15,4.44089209850063E-15,
5.565));
#11982=CARTESIAN_POINT('',(42.5762226644937,-14.8818548604442,5.565));
#11983=CARTESIAN_POINT('',(42.5762226644937,-13.4269321820864,5.565));
#11984=CARTESIAN_POINT('',(42.5762226644938,10.4587661102194,5.565));
#11985=CARTESIAN_POINT('',(33.7559906866299,-18.519295488821,5.565));
#11986=CARTESIAN_POINT('',(29.517155256453,-20.9665882654842,5.565));
#11987=CARTESIAN_POINT('',(20.2308371745767,-10.710544467806,5.565));
#11988=CARTESIAN_POINT('',(17.0879490907663,-8.89599718658524,5.565));
#11989=CARTESIAN_POINT('',(19.6176426164062,-11.8114391029385,5.565));
#11990=CARTESIAN_POINT('Ctrl Pts',(19.6176426164056,-11.8114391029394,5.565));
#11991=CARTESIAN_POINT('Ctrl Pts',(19.7300118609125,-11.6221895483006,5.565));
#11992=CARTESIAN_POINT('Ctrl Pts',(19.8396368089252,-11.4313234247425,5.565));
#11993=CARTESIAN_POINT('Ctrl Pts',(20.0435802812851,-11.0640349811913,5.565));
#11994=CARTESIAN_POINT('Ctrl Pts',(20.138373179571,-10.88790100846,5.565));
#11995=CARTESIAN_POINT('Ctrl Pts',(20.2308371745813,-10.7105444677967,5.565));
#11996=CARTESIAN_POINT('',(32.9161755433769,-19.4893506681521,5.565));
#11997=CARTESIAN_POINT('',(8.9242889920784,-5.63762850939301,5.565));
#11998=CARTESIAN_POINT('',(32.9161755433768,-30.1586244221842,5.565));
#11999=CARTESIAN_POINT('',(32.9161755433769,-9.7446753340761,5.565));
#12000=CARTESIAN_POINT('',(34.1761755433768,-29.4311630830053,5.565));
#12001=CARTESIAN_POINT('',(30.3456684759367,-31.6427073695247,5.565));
#12002=CARTESIAN_POINT('',(34.1761755433769,-23.5051270189214,5.565));
#12003=CARTESIAN_POINT('',(34.1761755433769,-14.7155815415027,5.565));
#12004=CARTESIAN_POINT('',(37.4441247358092,-17.8448729810777,5.565));
#12005=CARTESIAN_POINT('',(34.9931628798443,-22.0900634430202,5.565));
#12006=CARTESIAN_POINT('',(27.2661062921107,-23.721154669364,5.565));
#12007=CARTESIAN_POINT('Origin',(4.44089209850063E-15,4.44089209850063E-15,
5.565));
#12008=CARTESIAN_POINT('',(-34.5115906157553,29.2375111006774,5.565));
#12009=CARTESIAN_POINT('',(-35.6027826245237,28.6075111006774,5.565));
#12010=CARTESIAN_POINT('',(-30.3456684759366,31.6427073695247,5.565));
#12011=CARTESIAN_POINT('',(-31.2192442968725,21.01500000026,5.565));
#12012=CARTESIAN_POINT('',(-24.9587269584002,10.1714658883602,5.565));
#12013=CARTESIAN_POINT('',(-33.8,16.545,5.565));
#12014=CARTESIAN_POINT('Origin',(-33.8,19.525,5.565));
#12015=CARTESIAN_POINT('',(-42.5762226644937,16.545,5.565));
#12016=CARTESIAN_POINT('',(-16.9,16.545,5.565));
#12017=CARTESIAN_POINT('',(-42.5762226644937,15.285,5.565));
#12018=CARTESIAN_POINT('',(-42.5762226644938,-10.4587661102194,5.565));
#12019=CARTESIAN_POINT('',(-28.1543964175194,15.285,5.565));
#12020=CARTESIAN_POINT('',(-21.2881113322469,15.285,5.565));
#12021=CARTESIAN_POINT('',(-23.7886582748614,12.7644399081249,5.565));
#12022=CARTESIAN_POINT('',(-14.2871981867384,7.27876936855263,5.565));
#12023=CARTESIAN_POINT('',(-23.1586582748614,13.8556319168933,5.565));
#12024=CARTESIAN_POINT('',(-23.5786582968827,13.1281705395723,5.565));
#12025=CARTESIAN_POINT('',(-26.8669586551022,15.9966201396614,5.565));
#12026=CARTESIAN_POINT('',(-10.6949062520033,6.65968133138349,5.565));
#12027=CARTESIAN_POINT('',(-20.0452189693053,4.18102040785218,5.565));
#12028=CARTESIAN_POINT('Origin',(4.44089209850063E-15,4.44089209850063E-15,
5.565));
#12029=CARTESIAN_POINT('',(42.5762226644937,-0.420048548178524,5.565));
#12030=CARTESIAN_POINT('',(42.5762226644938,0.83995145182147,5.565));
#12031=CARTESIAN_POINT('',(42.5762226644938,10.4587661102194,5.565));
#12032=CARTESIAN_POINT('',(22.7929006028966,0.839951451821477,5.565));
#12033=CARTESIAN_POINT('',(21.2881113322469,0.839951451821475,5.565));
#12034=CARTESIAN_POINT('',(22.81356264925,-0.420048548178525,5.565));
#12035=CARTESIAN_POINT('Ctrl Pts',(22.8135626492499,-0.420048548179505,
5.565));
#12036=CARTESIAN_POINT('Ctrl Pts',(22.8160406026972,-0.199312787094137,
5.565));
#12037=CARTESIAN_POINT('Ctrl Pts',(22.8153145878178,0.0214476978863059,
5.565));
#12038=CARTESIAN_POINT('Ctrl Pts',(22.8078356658366,0.441499361649819,5.565));
#12039=CARTESIAN_POINT('Ctrl Pts',(22.8016737048033,0.640779245308868,5.565));
#12040=CARTESIAN_POINT('Ctrl Pts',(22.7929006028957,0.839951451831453,5.565));
#12041=CARTESIAN_POINT('',(10.5067197592148,-0.420048548178525,5.565));
#12042=CARTESIAN_POINT('Origin',(4.44089209850063E-15,4.44089209850063E-15,
5.565));
#12043=CARTESIAN_POINT('',(-20.924379995973,37.0820908095448,5.565));
#12044=CARTESIAN_POINT('',(-22.0155720047414,36.4520908095448,5.565));
#12045=CARTESIAN_POINT('',(-30.3456684759366,31.6427073695247,5.565));
#12046=CARTESIAN_POINT('',(-17.2671421454327,28.2275690370449,5.565));
#12047=CARTESIAN_POINT('',(-11.371516338618,18.0160455972276,5.565));
#12048=CARTESIAN_POINT('',(-16.1792616300527,28.8633047118425,5.565));
#12049=CARTESIAN_POINT('',(-16.9836701791004,28.3932244001612,5.565));
#12050=CARTESIAN_POINT('',(-7.45775893038562,13.75721891767,5.565));
#12051=CARTESIAN_POINT('Origin',(4.44089209850063E-15,4.44089209850063E-15,
5.565));
#12052=CARTESIAN_POINT('',(35.5864397358436,28.6169466718561,5.565));
#12053=CARTESIAN_POINT('',(34.4952477270752,29.2469466718561,5.565));
#12054=CARTESIAN_POINT('',(12.2305541885571,42.1014734797441,5.565));
#12055=CARTESIAN_POINT('',(26.979757725817,16.2297361459011,5.565));
#12056=CARTESIAN_POINT('',(23.8511920609518,10.8109014595389,5.565));
#12057=CARTESIAN_POINT('',(19.3949533432984,11.8506472939033,5.565));
#12058=CARTESIAN_POINT('',(13.3485076288684,8.35973023303668,5.565));
#12059=CARTESIAN_POINT('',(20.0286906445596,10.7616130170241,5.565));
#12060=CARTESIAN_POINT('Ctrl Pts',(20.0286906445616,10.7616130170204,5.565));
#12061=CARTESIAN_POINT('Ctrl Pts',(19.9270368597141,10.9479522164937,5.565));
#12062=CARTESIAN_POINT('Ctrl Pts',(19.8227870981806,11.1328643070401,5.565));
#12063=CARTESIAN_POINT('Ctrl Pts',(19.6114036578907,11.495867084072,5.565));
#12064=CARTESIAN_POINT('Ctrl Pts',(19.5043875056139,11.6740010435738,5.565));
#12065=CARTESIAN_POINT('Ctrl Pts',(19.3949533432954,11.8506472939079,5.565));
#12066=CARTESIAN_POINT('',(27.8321562760898,15.266946,5.565));
#12067=CARTESIAN_POINT('',(9.40830351319385,4.62992964783204,5.565));
#12068=CARTESIAN_POINT('',(42.5762226644938,15.266946,5.565));
#12069=CARTESIAN_POINT('',(13.9160781380449,15.266946,5.565));
#12070=CARTESIAN_POINT('',(42.5762226644938,16.526946,5.565));
#12071=CARTESIAN_POINT('',(42.5762226644938,10.4587661102194,5.565));
#12072=CARTESIAN_POINT('',(33.7677860813434,16.526946,5.565));
#12073=CARTESIAN_POINT('',(21.2881113322469,16.526946,5.565));
#12074=CARTESIAN_POINT('',(31.1870302969815,20.9969460004488,5.565));
#12075=CARTESIAN_POINT('Origin',(33.767786,19.506946,5.565));
#12076=CARTESIAN_POINT('',(22.7426793502891,6.37090112383526,5.565));
#12077=CARTESIAN_POINT('Origin',(4.44089209850063E-15,4.44089209850063E-15,
5.565));
#12078=CARTESIAN_POINT('',(21.6518434488172,36.6620895892196,5.565));
#12079=CARTESIAN_POINT('',(20.5606514400488,37.2920895892196,5.565));
#12080=CARTESIAN_POINT('',(12.2305541885571,42.1014734797441,5.565));
#12081=CARTESIAN_POINT('',(14.4000000000005,26.6215282873336,5.565));
#12082=CARTESIAN_POINT('',(9.91659577392534,18.8560443769024,5.565));
#12083=CARTESIAN_POINT('',(15.4911920087689,25.9915282873336,5.565));
#12084=CARTESIAN_POINT('',(14.7637299460996,26.411528705041,5.565));
#12085=CARTESIAN_POINT('',(7.47746206266958,12.1113408625534,5.565));
#12086=CARTESIAN_POINT('Origin',(4.44089209850063E-15,4.44089209850063E-15,
5.565));
#12087=CARTESIAN_POINT('',(16.6174481224234,39.56869908612,5.565));
#12088=CARTESIAN_POINT('',(14.4350641048867,40.82869908612,5.565));
#12089=CARTESIAN_POINT('',(12.2305541885571,42.1014734797441,5.565));
#12090=CARTESIAN_POINT('',(-14.4350641048866,40.82869908612,5.565));
#12091=CARTESIAN_POINT('',(7.21753205244333,40.82869908612,5.565));
#12092=CARTESIAN_POINT('',(-16.6174481224234,39.56869908612,5.565));
#12093=CARTESIAN_POINT('',(-30.3456684759366,31.6427073695247,5.565));
#12094=CARTESIAN_POINT('',(-8.30872406121171,39.56869908612,5.565));
#12095=CARTESIAN_POINT('Origin',(0.311397500000002,-28.9873998588989,4.665));
#12096=CARTESIAN_POINT('',(-0.637205,-28.0873998588989,3.765));
#12097=CARTESIAN_POINT('',(-0.637205,-27.9736498588989,3.65125));
#12098=CARTESIAN_POINT('',(0.622795,-28.0873998588989,3.765));
#12099=CARTESIAN_POINT('',(0.622795,-29.6518297608653,5.32942990196636));
#12100=CARTESIAN_POINT('',(0.311397500000002,-28.0873998588989,3.765));
#12101=CARTESIAN_POINT('Origin',(0.622795,-34.8001194667644,1.51));
#12102=CARTESIAN_POINT('',(0.622795,-34.8001194667644,1.51));
#12103=CARTESIAN_POINT('',(0.622795,-28.0873998588989,1.51));
#12104=CARTESIAN_POINT('Ctrl Pts',(22.7889501684551,0.92594571384401,5.565));
#12105=CARTESIAN_POINT('Ctrl Pts',(22.7998457839769,0.698143146054616,5.565));
#12106=CARTESIAN_POINT('Ctrl Pts',(22.8073248356722,0.47019000195568,5.565));
#12107=CARTESIAN_POINT('Ctrl Pts',(22.8154447652732,0.0141363157302633,
5.565));
#12108=CARTESIAN_POINT('Ctrl Pts',(22.8160851868195,-0.213938583950904,
5.565));
#12109=CARTESIAN_POINT('Ctrl Pts',(22.8133058491284,-0.441984628426556,
5.565));
#12110=CARTESIAN_POINT('Ctrl Pts',(22.189635283042,0.897280959836498,4.965));
#12111=CARTESIAN_POINT('Ctrl Pts',(22.2002443422245,0.675469634079711,4.965));
#12112=CARTESIAN_POINT('Ctrl Pts',(22.2075266936951,0.453511692950714,4.965));
#12113=CARTESIAN_POINT('Ctrl Pts',(22.2154330678779,0.00945228998413216,
4.965));
#12114=CARTESIAN_POINT('Ctrl Pts',(22.2160566462351,-0.212624203926532,
4.965));
#12115=CARTESIAN_POINT('Ctrl Pts',(22.2133504055621,-0.434672601677212,
4.965));
#12116=CARTESIAN_POINT('Ctrl Pts',(21.590320397629,0.868616205828987,4.365));
#12117=CARTESIAN_POINT('Ctrl Pts',(21.600642900478,0.652796122045413,4.365));
#12118=CARTESIAN_POINT('Ctrl Pts',(21.6077285517182,0.436833383986558,4.365));
#12119=CARTESIAN_POINT('Ctrl Pts',(21.6154213704843,0.00476826419733815,
4.365));
#12120=CARTESIAN_POINT('Ctrl Pts',(21.6160281056546,-0.211309823842061,
4.365));
#12121=CARTESIAN_POINT('Ctrl Pts',(21.6133949619958,-0.427360574927868,
4.365));
#12122=CARTESIAN_POINT('Ctrl Pts',(20.9910055122159,0.839951451821475,3.765));
#12123=CARTESIAN_POINT('Ctrl Pts',(21.0010414587256,0.630122610070509,3.765));
#12124=CARTESIAN_POINT('Ctrl Pts',(21.0079304097411,0.420155074981593,3.765));
#12125=CARTESIAN_POINT('Ctrl Pts',(21.015409673089,8.42384512069956E-5,
3.765));
#12126=CARTESIAN_POINT('Ctrl Pts',(21.0159995650702,-0.209995443817689,
3.765));
#12127=CARTESIAN_POINT('Ctrl Pts',(21.0134395184295,-0.420048548178525,
3.765));
#12128=CARTESIAN_POINT('',(21.0134395184295,-0.420048548178524,3.765));
#12129=CARTESIAN_POINT('Ctrl Pts',(21.0134395184295,-0.420048548178524,
3.765));
#12130=CARTESIAN_POINT('Ctrl Pts',(21.3133316555566,-0.420048548178524,
4.06486986692019));
#12131=CARTESIAN_POINT('Ctrl Pts',(21.6136194711501,-0.420048548178524,
4.36513633640117));
#12132=CARTESIAN_POINT('Ctrl Pts',(22.2134037777944,-0.420048548178524,
4.96487968620981));
#12133=CARTESIAN_POINT('Ctrl Pts',(22.5136694373033,-0.420048548178526,
5.26512568260036));
#12134=CARTESIAN_POINT('Ctrl Pts',(22.81356264925,-0.420048548178526,5.565));
#12135=CARTESIAN_POINT('',(20.9910055122159,0.839951451821473,3.765));
#12136=CARTESIAN_POINT('Ctrl Pts',(22.7929006028966,0.839951451821475,5.565));
#12137=CARTESIAN_POINT('Ctrl Pts',(22.4927346803483,0.839951451821475,5.26512484696087));
#12138=CARTESIAN_POINT('Ctrl Pts',(22.192189910534,0.839951451821475,4.96488268535235));
#12139=CARTESIAN_POINT('Ctrl Pts',(21.5918162150866,0.839951451821475,4.36513934684984));
#12140=CARTESIAN_POINT('Ctrl Pts',(21.2912158342874,0.839951451821475,4.0648675246202));
#12141=CARTESIAN_POINT('Ctrl Pts',(20.9910055122159,0.839951451821475,3.765));
#12142=CARTESIAN_POINT('Ctrl Pts',(21.0134395184295,-0.420048548178524,
3.765));
#12143=CARTESIAN_POINT('Ctrl Pts',(21.0159995650702,-0.209995443817688,
3.765));
#12144=CARTESIAN_POINT('Ctrl Pts',(21.015409673089,8.42384512067182E-5,
3.765));
#12145=CARTESIAN_POINT('Ctrl Pts',(21.0079304097411,0.420155074981594,3.765));
#12146=CARTESIAN_POINT('Ctrl Pts',(21.0010414587256,0.630122610070507,3.765));
#12147=CARTESIAN_POINT('Ctrl Pts',(20.9910055122159,0.839951451821473,3.765));
#12148=CARTESIAN_POINT('Origin',(18.076773635006,-0.420048548178525,1.51));
#12149=CARTESIAN_POINT('',(18.076773635006,-0.420048548178524,3.765));
#12150=CARTESIAN_POINT('',(18.076773635006,-0.420048548178525,3.765));
#12151=CARTESIAN_POINT('',(18.076773635006,-0.420048548178526,1.51));
#12152=CARTESIAN_POINT('',(42.5762226644937,-0.420048548178526,1.51));
#12153=CARTESIAN_POINT('Origin',(-16.5295795415444,27.6161776236516,4.665));
#12154=CARTESIAN_POINT('',(-15.279249197045,27.3044374504296,3.765));
#12155=CARTESIAN_POINT('',(-13.8104660572936,24.7604304270796,0.827474300807599));
#12156=CARTESIAN_POINT('',(-16.3671297124251,26.668701775632,3.765));
#12157=CARTESIAN_POINT('',(-17.7226067336324,29.0164568448552,6.47591659258499));
#12158=CARTESIAN_POINT('',(-16.0754889039885,26.839130847142,3.765));
#12159=CARTESIAN_POINT('Origin',(-9.63411839811705,17.5267840913144,1.51));
#12160=CARTESIAN_POINT('',(-9.63411839811705,17.5267840913144,3.765));
#12161=CARTESIAN_POINT('',(-9.63411839811705,17.5267840913144,3.765));
#12162=CARTESIAN_POINT('',(-9.63411839811705,17.5267840913144,1.51));
#12163=CARTESIAN_POINT('',(-20.924379995973,37.0820908095448,1.51));
#12164=CARTESIAN_POINT('Origin',(14.3137299460995,25.632105841635,4.665));
#12165=CARTESIAN_POINT('',(14.5911920087689,24.4326825605216,3.765));
#12166=CARTESIAN_POINT('',(13.4769305554099,22.5027251103884,1.53647709328212));
#12167=CARTESIAN_POINT('',(13.5000000000005,25.0626825605216,3.765));
#12168=CARTESIAN_POINT('',(15.2082878600126,28.0215239280156,7.18157572002415));
#12169=CARTESIAN_POINT('',(13.8637299460996,24.852682978229,3.765));
#12170=CARTESIAN_POINT('Origin',(10.3616461953331,17.1068943187106,1.51));
#12171=CARTESIAN_POINT('',(10.3616461953331,17.1068943187106,3.765));
#12172=CARTESIAN_POINT('',(10.3616461953331,17.1068943187106,3.765));
#12173=CARTESIAN_POINT('',(10.3616461953331,17.1068943187106,1.51));
#12174=CARTESIAN_POINT('',(21.6518434488172,36.6620895892196,1.51));
#12175=CARTESIAN_POINT('Ctrl Pts',(-10.6870570628695,-20.3204812097832,
5.565));
#12176=CARTESIAN_POINT('Ctrl Pts',(-10.8885237912833,-20.2136696221798,
5.565));
#12177=CARTESIAN_POINT('Ctrl Pts',(-11.088377908991,-20.1038436497786,5.565));
#12178=CARTESIAN_POINT('Ctrl Pts',(-11.4847260274209,-19.8782370437544,
5.565));
#12179=CARTESIAN_POINT('Ctrl Pts',(-11.6811977617465,-19.7624690899697,
5.565));
#12180=CARTESIAN_POINT('Ctrl Pts',(-11.8759010019324,-19.6437754635703,
5.565));
#12181=CARTESIAN_POINT('Ctrl Pts',(-10.406010584958,-19.7903747325038,4.965));
#12182=CARTESIAN_POINT('Ctrl Pts',(-10.6021791005134,-19.6863720976816,
4.965));
#12183=CARTESIAN_POINT('Ctrl Pts',(-10.7967774079095,-19.5794343542544,
4.965));
#12184=CARTESIAN_POINT('Ctrl Pts',(-11.1827022580703,-19.3597608107793,
4.965));
#12185=CARTESIAN_POINT('Ctrl Pts',(-11.3740071201041,-19.2470373570563,
4.965));
#12186=CARTESIAN_POINT('Ctrl Pts',(-11.5635899898913,-19.1314651750167,
4.965));
#12187=CARTESIAN_POINT('Ctrl Pts',(-10.1249641070465,-19.2602682552244,
4.365));
#12188=CARTESIAN_POINT('Ctrl Pts',(-10.3158344097893,-19.1590745731558,
4.365));
#12189=CARTESIAN_POINT('Ctrl Pts',(-10.5051769067926,-19.0550250587503,
4.365));
#12190=CARTESIAN_POINT('Ctrl Pts',(-10.8806784887525,-18.8412845777854,
4.365));
#12191=CARTESIAN_POINT('Ctrl Pts',(-11.0668164784033,-18.7316056241751,
4.365));
#12192=CARTESIAN_POINT('Ctrl Pts',(-11.2512789778501,-18.6191548864632,
4.365));
#12193=CARTESIAN_POINT('Ctrl Pts',(-9.84391762913508,-18.730161777945,3.765));
#12194=CARTESIAN_POINT('Ctrl Pts',(-10.0294897190193,-18.6317770486576,
3.765));
#12195=CARTESIAN_POINT('Ctrl Pts',(-10.2135764057111,-18.5306157632262,
3.765));
#12196=CARTESIAN_POINT('Ctrl Pts',(-10.5786547194019,-18.3228083448103,
3.765));
#12197=CARTESIAN_POINT('Ctrl Pts',(-10.759625836761,-18.2161738912618,3.765));
#12198=CARTESIAN_POINT('Ctrl Pts',(-10.938967965809,-18.1068445979096,3.765));
#12199=CARTESIAN_POINT('',(-10.938967965809,-18.1068445979096,3.765));
#12200=CARTESIAN_POINT('Ctrl Pts',(-10.938967965809,-18.1068445979096,3.765));
#12201=CARTESIAN_POINT('Ctrl Pts',(-11.0889450439871,-18.3666125172849,
4.06486878466816));
#12202=CARTESIAN_POINT('Ctrl Pts',(-11.2391193785204,-18.6267220946895,
4.36513562496562));
#12203=CARTESIAN_POINT('Ctrl Pts',(-11.5390695721823,-19.146251069852,4.96487900882482));
#12204=CARTESIAN_POINT('Ctrl Pts',(-11.6892301852962,-19.4063368810608,
5.26512485939406));
#12205=CARTESIAN_POINT('Ctrl Pts',(-11.8392039701628,-19.6660990962533,
5.565));
#12206=CARTESIAN_POINT('',(-9.84391762913508,-18.730161777945,3.765));
#12207=CARTESIAN_POINT('Ctrl Pts',(-10.7444582866885,-20.2899439511091,
5.565));
#12208=CARTESIAN_POINT('Ctrl Pts',(-10.5944369746442,-20.0300994164302,
5.2651232964125));
#12209=CARTESIAN_POINT('Ctrl Pts',(-10.4442277340218,-19.7699293799058,
4.96487748775174));
#12210=CARTESIAN_POINT('Ctrl Pts',(-10.1441762043432,-19.2502248856138,
4.36513410368423));
#12211=CARTESIAN_POINT('Ctrl Pts',(-9.99394877428605,-18.9900233440643,
4.06486670719578));
#12212=CARTESIAN_POINT('Ctrl Pts',(-9.84391762913508,-18.730161777945,3.765));
#12213=CARTESIAN_POINT('Ctrl Pts',(-10.9389679658089,-18.1068445979097,
3.765));
#12214=CARTESIAN_POINT('Ctrl Pts',(-10.7596258367609,-18.2161738912618,
3.765));
#12215=CARTESIAN_POINT('Ctrl Pts',(-10.5786547194019,-18.3228083448104,
3.765));
#12216=CARTESIAN_POINT('Ctrl Pts',(-10.2135764057111,-18.5306157632262,
3.765));
#12217=CARTESIAN_POINT('Ctrl Pts',(-10.0294897190193,-18.6317770486576,
3.765));
#12218=CARTESIAN_POINT('Ctrl Pts',(-9.84391762913508,-18.730161777945,3.765));
#12219=CARTESIAN_POINT('Origin',(-9.27080951418982,-15.2175094046298,1.51));
#12220=CARTESIAN_POINT('',(-9.27080951418982,-15.2175094046298,3.765));
#12221=CARTESIAN_POINT('',(-9.27080951418982,-15.2175094046298,3.765));
#12222=CARTESIAN_POINT('',(-9.27080951418982,-15.2175094046298,1.51));
#12223=CARTESIAN_POINT('',(-21.6518436045202,-36.6620894993244,1.51));
#12224=CARTESIAN_POINT('Origin',(13.4343901784647,-22.4290464042725,4.665));
#12225=CARTESIAN_POINT('',(13.3481208279331,-21.4396235524833,3.765));
#12226=CARTESIAN_POINT('',(15.4581087787458,-25.094229886649,7.98497590162536));
#12227=CARTESIAN_POINT('',(12.9843901784646,-21.6496235408665,3.765));
#12228=CARTESIAN_POINT('Ctrl Pts',(-22.8133064920087,-0.44193187476597,
5.565));
#12229=CARTESIAN_POINT('Ctrl Pts',(-22.8160853024455,-0.213885814465341,
5.565));
#12230=CARTESIAN_POINT('Ctrl Pts',(-22.8154443532963,0.0141890931344597,
5.565));
#12231=CARTESIAN_POINT('Ctrl Pts',(-22.8073233681481,0.470242779365001,
5.565));
#12232=CARTESIAN_POINT('Ctrl Pts',(-22.799843788568,0.698195915549671,5.565));
#12233=CARTESIAN_POINT('Ctrl Pts',(-22.7889476452284,0.925998467503628,
5.565));
#12234=CARTESIAN_POINT('Ctrl Pts',(-22.2133510315346,-0.434621235446172,
4.965));
#12235=CARTESIAN_POINT('Ctrl Pts',(-22.2160567588202,-0.212572822286724,
4.965));
#12236=CARTESIAN_POINT('Ctrl Pts',(-22.215432666736,0.00950367933431254,
4.965));
#12237=CARTESIAN_POINT('Ctrl Pts',(-22.2075252647672,0.453563082305936,
4.965));
#12238=CARTESIAN_POINT('Ctrl Pts',(-22.2002423992951,0.675521015728979,
4.965));
#12239=CARTESIAN_POINT('Ctrl Pts',(-22.1896328261765,0.897332326066894,
4.965));
#12240=CARTESIAN_POINT('Ctrl Pts',(-21.6133955710605,-0.427310596126374,
4.365));
#12241=CARTESIAN_POINT('Ctrl Pts',(-21.6160282151986,-0.211259830048081,
4.365));
#12242=CARTESIAN_POINT('Ctrl Pts',(-21.6154209801774,0.0048182654931541,
4.365));
#12243=CARTESIAN_POINT('Ctrl Pts',(-21.6077271613863,0.436883385288031,
4.365));
#12244=CARTESIAN_POINT('Ctrl Pts',(-21.6006410100282,0.65284611584878,4.365));
#12245=CARTESIAN_POINT('Ctrl Pts',(-21.5903180071247,0.86866618463016,4.365));
#12246=CARTESIAN_POINT('Ctrl Pts',(-21.0134401105863,-0.419999956806576,
3.765));
#12247=CARTESIAN_POINT('Ctrl Pts',(-21.0159996715733,-0.209946837869464,
3.765));
#12248=CARTESIAN_POINT('Ctrl Pts',(-21.0154092936172,0.00013285169300698,
3.765));
#12249=CARTESIAN_POINT('Ctrl Pts',(-21.0079290580053,0.420203688228966,
3.765));
#12250=CARTESIAN_POINT('Ctrl Pts',(-21.0010396207553,0.630171216028088,
3.765));
#12251=CARTESIAN_POINT('Ctrl Pts',(-20.9910031880729,0.840000043193427,
3.765));
#12252=CARTESIAN_POINT('',(-20.9910031880729,0.840000043193426,3.765));
#12253=CARTESIAN_POINT('Ctrl Pts',(-20.9910031880729,0.840000043193427,
3.765));
#12254=CARTESIAN_POINT('Ctrl Pts',(-21.2911960286567,0.840000043193426,
4.06485002989193));
#12255=CARTESIAN_POINT('Ctrl Pts',(-21.5917788595555,0.840000043193426,
4.36510428872669));
#12256=CARTESIAN_POINT('Ctrl Pts',(-22.1921526207281,0.840000043193426,
4.96484762880576));
#12257=CARTESIAN_POINT('Ctrl Pts',(-22.4927149993318,0.840000043193427,
5.2651073514955));
#12258=CARTESIAN_POINT('Ctrl Pts',(-22.7928984625006,0.840000043193427,
5.565));
#12259=CARTESIAN_POINT('',(-21.0134401105863,-0.419999956806576,3.765));
#12260=CARTESIAN_POINT('Ctrl Pts',(-22.8135631946792,-0.419999956806576,
5.565));
#12261=CARTESIAN_POINT('Ctrl Pts',(-22.5136710119278,-0.419999956806576,
5.26512670456095));
#12262=CARTESIAN_POINT('Ctrl Pts',(-22.2134063864961,-0.419999956806576,
4.96488173471583));
#12263=CARTESIAN_POINT('Ctrl Pts',(-21.613622095946,-0.419999956806576,
4.36513838544687));
#12264=CARTESIAN_POINT('Ctrl Pts',(-21.3133332619272,-0.419999956806576,
4.06487088950957));
#12265=CARTESIAN_POINT('Ctrl Pts',(-21.0134401105863,-0.419999956806576,
3.765));
#12266=CARTESIAN_POINT('Ctrl Pts',(-20.9910031880729,0.840000043193426,
3.765));
#12267=CARTESIAN_POINT('Ctrl Pts',(-21.0010396207553,0.630171216028088,
3.765));
#12268=CARTESIAN_POINT('Ctrl Pts',(-21.0079290580053,0.420203688228965,
3.765));
#12269=CARTESIAN_POINT('Ctrl Pts',(-21.0154092936172,0.000132851693005927,
3.765));
#12270=CARTESIAN_POINT('Ctrl Pts',(-21.0159996715733,-0.209946837869464,
3.765));
#12271=CARTESIAN_POINT('Ctrl Pts',(-21.0134401105863,-0.419999956806576,
3.765));
#12272=CARTESIAN_POINT('Origin',(-19.9823495562791,0.840000043193426,1.51));
#12273=CARTESIAN_POINT('',(-19.9823495562791,0.840000043193427,3.765));
#12274=CARTESIAN_POINT('',(-19.9823495562791,0.840000043193426,3.765));
#12275=CARTESIAN_POINT('',(-19.9823495562791,0.840000043193426,1.51));
#12276=CARTESIAN_POINT('',(-42.5762226644937,0.840000043193421,1.51));
#12277=CARTESIAN_POINT('Origin',(-22.7992354334767,12.6781705395723,4.665));
#12278=CARTESIAN_POINT('',(-21.5998125480494,12.9556319168933,3.765));
#12279=CARTESIAN_POINT('',(-20.3780302107507,12.2502355555628,2.35420727733892));
#12280=CARTESIAN_POINT('',(-22.2298125480494,11.8644399081249,3.765));
#12281=CARTESIAN_POINT('',(-23.6124481257364,12.6627049310937,5.36153004593753));
#12282=CARTESIAN_POINT('',(-22.0198125700707,12.2281705395723,3.765));
#12283=CARTESIAN_POINT('Origin',(-17.1067247575765,10.3615464715712,1.51));
#12284=CARTESIAN_POINT('',(-17.1067247575765,10.3615464715712,3.765));
#12285=CARTESIAN_POINT('',(-17.1067247575765,10.3615464715712,3.765));
#12286=CARTESIAN_POINT('',(-17.1067247575765,10.3615464715712,1.51));
#12287=CARTESIAN_POINT('',(-26.8669586551022,15.9966201396614,1.51));
#12288=CARTESIAN_POINT('Ctrl Pts',(19.3629251856077,11.9021931911432,5.565));
#12289=CARTESIAN_POINT('Ctrl Pts',(19.4835287864762,11.7086692259251,5.565));
#12290=CARTESIAN_POINT('Ctrl Pts',(19.6012242089416,11.5133479625745,5.565));
#12291=CARTESIAN_POINT('Ctrl Pts',(19.8307192413196,11.1192426629637,5.565));
#12292=CARTESIAN_POINT('Ctrl Pts',(19.94250595756,10.9204807782658,5.565));
#12293=CARTESIAN_POINT('Ctrl Pts',(20.0512942193599,10.7200765911809,5.565));
#12294=CARTESIAN_POINT('Ctrl Pts',(18.8537140535456,11.5848542194047,4.965));
#12295=CARTESIAN_POINT('Ctrl Pts',(18.9711458452291,11.3964198293395,4.965));
#12296=CARTESIAN_POINT('Ctrl Pts',(19.0857459379856,11.2062354155855,4.965));
#12297=CARTESIAN_POINT('Ctrl Pts',(19.3092053604538,10.8224948974132,4.965));
#12298=CARTESIAN_POINT('Ctrl Pts',(19.4180521356478,10.6289603618841,4.965));
#12299=CARTESIAN_POINT('Ctrl Pts',(19.5239793110625,10.4338267222073,4.965));
#12300=CARTESIAN_POINT('Ctrl Pts',(18.3445029214835,11.2675152476662,4.365));
#12301=CARTESIAN_POINT('Ctrl Pts',(18.458762904011,11.0841704327092,4.365));
#12302=CARTESIAN_POINT('Ctrl Pts',(18.5702676670097,10.8991228686319,4.365));
#12303=CARTESIAN_POINT('Ctrl Pts',(18.7876914796075,10.5257471318303,4.365));
#12304=CARTESIAN_POINT('Ctrl Pts',(18.8935983137048,10.3374399455612,4.365));
#12305=CARTESIAN_POINT('Ctrl Pts',(18.9966644027652,10.1475768532337,4.365));
#12306=CARTESIAN_POINT('Ctrl Pts',(17.8352917894214,10.9501762759277,3.765));
#12307=CARTESIAN_POINT('Ctrl Pts',(17.9463799627639,10.7719210361236,3.765));
#12308=CARTESIAN_POINT('Ctrl Pts',(18.0547893960536,10.592010321643,3.765));
#12309=CARTESIAN_POINT('Ctrl Pts',(18.2661775987417,10.2289993662798,3.765));
#12310=CARTESIAN_POINT('Ctrl Pts',(18.3691444917926,10.0459195291794,3.765));
#12311=CARTESIAN_POINT('Ctrl Pts',(18.4693494944679,9.86132698426016,3.765));
#12312=CARTESIAN_POINT('',(17.8352917894214,10.9501762759277,3.765));
#12313=CARTESIAN_POINT('Ctrl Pts',(19.3949533432984,11.8506472939033,5.565));
#12314=CARTESIAN_POINT('Ctrl Pts',(19.1351276726166,11.7006368729928,5.26512370780688));
#12315=CARTESIAN_POINT('Ctrl Pts',(18.874976905328,11.5504387574688,4.96487790863754));
#12316=CARTESIAN_POINT('Ctrl Pts',(18.3553125540452,11.2504104043674,4.3651345497073));
#12317=CARTESIAN_POINT('Ctrl Pts',(18.0951319748643,11.1001950769394,4.06486721173187));
#12318=CARTESIAN_POINT('Ctrl Pts',(17.8352917894214,10.9501762759277,3.765));
#12319=CARTESIAN_POINT('',(18.4693494944679,9.86132698426017,3.765));
#12320=CARTESIAN_POINT('Ctrl Pts',(18.4693494944679,9.86132698426019,3.765));
#12321=CARTESIAN_POINT('Ctrl Pts',(18.3691444917926,10.0459195291795,3.765));
#12322=CARTESIAN_POINT('Ctrl Pts',(18.2661775987417,10.2289993662798,3.765));
#12323=CARTESIAN_POINT('Ctrl Pts',(18.0547893960536,10.592010321643,3.765));
#12324=CARTESIAN_POINT('Ctrl Pts',(17.9463799627639,10.7719210361236,3.765));
#12325=CARTESIAN_POINT('Ctrl Pts',(17.8352917894214,10.9501762759277,3.765));
#12326=CARTESIAN_POINT('Ctrl Pts',(18.4693494944679,9.86132698426016,3.765));
#12327=CARTESIAN_POINT('Ctrl Pts',(18.7291327216049,10.0113129003787,4.06486836238623));
#12328=CARTESIAN_POINT('Ctrl Pts',(18.9892573659593,10.1614959338196,4.36513525386962));
#12329=CARTESIAN_POINT('Ctrl Pts',(19.5088151410911,10.4614627551514,4.96487861143827));
#12330=CARTESIAN_POINT('Ctrl Pts',(19.768914863792,10.6116314000689,5.26512454794514));
#12331=CARTESIAN_POINT('Ctrl Pts',(20.0286906445596,10.7616130170241,5.565));
#12332=CARTESIAN_POINT('Origin',(17.6575488832272,9.39263368283207,1.51));
#12333=CARTESIAN_POINT('',(17.6575488832272,9.39263368283207,3.765));
#12334=CARTESIAN_POINT('',(17.6575488832272,9.39263368283207,3.765));
#12335=CARTESIAN_POINT('',(17.6575488832272,9.39263368283207,1.51));
#12336=CARTESIAN_POINT('',(27.8321562760898,15.266946,1.51));
#12337=CARTESIAN_POINT('Ctrl Pts',(20.2695920811852,-10.6358725682104,5.565));
#12338=CARTESIAN_POINT('Ctrl Pts',(20.1649091498964,-10.8384856177263,5.565));
#12339=CARTESIAN_POINT('Ctrl Pts',(20.0571940086308,-11.0395175760993,5.565));
#12340=CARTESIAN_POINT('Ctrl Pts',(19.8357718938114,-11.4382838762841,5.565));
#12341=CARTESIAN_POINT('Ctrl Pts',(19.7220773637116,-11.6359957985326,5.565));
#12342=CARTESIAN_POINT('Ctrl Pts',(19.6054377478076,-11.8319697580022,5.565));
#12343=CARTESIAN_POINT('Ctrl Pts',(19.7365360246259,-10.3604615289155,4.965));
#12344=CARTESIAN_POINT('Ctrl Pts',(19.6346062156564,-10.5577459302742,4.965));
#12345=CARTESIAN_POINT('Ctrl Pts',(19.5297239394769,-10.7534908288623,4.965));
#12346=CARTESIAN_POINT('Ctrl Pts',(19.3141251304234,-11.1417697479787,4.965));
#12347=CARTESIAN_POINT('Ctrl Pts',(19.2034207136907,-11.3342819386675,4.965));
#12348=CARTESIAN_POINT('Ctrl Pts',(19.0898486616231,-11.5251018805575,4.965));
#12349=CARTESIAN_POINT('Ctrl Pts',(19.2034799680666,-10.0850504896207,4.365));
#12350=CARTESIAN_POINT('Ctrl Pts',(19.1043032813872,-10.2770062428816,4.365));
#12351=CARTESIAN_POINT('Ctrl Pts',(19.0022538703436,-10.4674640815894,4.365));
#12352=CARTESIAN_POINT('Ctrl Pts',(18.7924783670147,-10.8452556197119,4.365));
#12353=CARTESIAN_POINT('Ctrl Pts',(18.6847640636982,-11.0325680787571,4.365));
#12354=CARTESIAN_POINT('Ctrl Pts',(18.5742595754386,-11.2182340031128,4.365));
#12355=CARTESIAN_POINT('Ctrl Pts',(18.6704239115073,-9.80963945032585,3.765));
#12356=CARTESIAN_POINT('Ctrl Pts',(18.5740003471472,-9.99626655542948,3.765));
#12357=CARTESIAN_POINT('Ctrl Pts',(18.4747838011898,-10.1814373343524,3.765));
#12358=CARTESIAN_POINT('Ctrl Pts',(18.2708316036267,-10.5487414914064,3.765));
#12359=CARTESIAN_POINT('Ctrl Pts',(18.1661074136773,-10.730854218892,3.765));
#12360=CARTESIAN_POINT('Ctrl Pts',(18.0586704892541,-10.9113661256681,3.765));
#12361=CARTESIAN_POINT('',(18.0586704892541,-10.9113661256681,3.765));
#12362=CARTESIAN_POINT('Ctrl Pts',(18.0586704892541,-10.9113661256681,3.765));
#12363=CARTESIAN_POINT('Ctrl Pts',(18.3183884760942,-11.0613143752837,4.0648701009778));
#12364=CARTESIAN_POINT('Ctrl Pts',(18.578449050477,-11.2114604179092,4.36513688334843));
#12365=CARTESIAN_POINT('Ctrl Pts',(19.09788408192,-11.5113563731393,4.96488024515286));
#12366=CARTESIAN_POINT('Ctrl Pts',(19.3579246499342,-11.6614908650825,5.26512592115294));
#12367=CARTESIAN_POINT('Ctrl Pts',(19.6176426164062,-11.8114391029385,5.565));
#12368=CARTESIAN_POINT('',(18.6704239115073,-9.80963945032585,3.765));
#12369=CARTESIAN_POINT('Ctrl Pts',(20.2308371745767,-10.710544467806,5.565));
#12370=CARTESIAN_POINT('Ctrl Pts',(19.9708940313115,-10.5604662240679,5.2651212370953));
#12371=CARTESIAN_POINT('Ctrl Pts',(19.7106230627638,-10.4101987103146,4.96487524113107));
#12372=CARTESIAN_POINT('Ctrl Pts',(19.1907086821614,-10.1100260027182,4.36513189197508));
#12373=CARTESIAN_POINT('Ctrl Pts',(18.9303972922093,-9.95973515165627,4.06486399704079));
#12374=CARTESIAN_POINT('Ctrl Pts',(18.6704239115073,-9.80963945032585,3.765));
#12375=CARTESIAN_POINT('Ctrl Pts',(18.0586704892541,-10.9113661256681,3.765));
#12376=CARTESIAN_POINT('Ctrl Pts',(18.1661074136773,-10.730854218892,3.765));
#12377=CARTESIAN_POINT('Ctrl Pts',(18.2708316036267,-10.5487414914064,3.765));
#12378=CARTESIAN_POINT('Ctrl Pts',(18.4747838011897,-10.1814373343525,3.765));
#12379=CARTESIAN_POINT('Ctrl Pts',(18.5740003471471,-9.99626655542978,3.765));
#12380=CARTESIAN_POINT('Ctrl Pts',(18.6704239115071,-9.80963945032631,3.765));
#12381=CARTESIAN_POINT('Origin',(8.56359461797735,-5.42938151541058,1.51));
#12382=CARTESIAN_POINT('',(8.56359461797735,-5.42938151541058,3.765));
#12383=CARTESIAN_POINT('',(8.56359461797735,-5.42938151541058,3.765));
#12384=CARTESIAN_POINT('',(8.56359461797735,-5.42938151541058,1.51));
#12385=CARTESIAN_POINT('',(32.9161755433769,-19.4893506681521,1.51));
#12386=CARTESIAN_POINT('Ctrl Pts',(-19.368367787199,-12.221380360425,5.565));
#12387=CARTESIAN_POINT('Ctrl Pts',(-19.4888838645286,-12.0278023008627,
5.565));
#12388=CARTESIAN_POINT('Ctrl Pts',(-19.6064909618211,-11.8324282611525,
5.565));
#12389=CARTESIAN_POINT('Ctrl Pts',(-19.8358078004943,-11.4382200799445,
5.565));
#12390=CARTESIAN_POINT('Ctrl Pts',(-19.9475046582541,-11.2394080957231,
5.565));
#12391=CARTESIAN_POINT('Ctrl Pts',(-20.0562023303057,-11.0389551670961,
5.565));
#12392=CARTESIAN_POINT('Ctrl Pts',(-18.8590135176694,-11.9042711866189,
4.965));
#12393=CARTESIAN_POINT('Ctrl Pts',(-18.9763600875133,-11.7157841250576,
4.965));
#12394=CARTESIAN_POINT('Ctrl Pts',(-19.0908741778865,-11.5255483231307,
4.965));
#12395=CARTESIAN_POINT('Ctrl Pts',(-19.3141600928341,-11.1417076294853,
4.965));
#12396=CARTESIAN_POINT('Ctrl Pts',(-19.4229193726778,-10.9481243122199,
4.965));
#12397=CARTESIAN_POINT('Ctrl Pts',(-19.5287583407144,-10.7529432130733,
4.965));
#12398=CARTESIAN_POINT('Ctrl Pts',(-18.3496592481399,-11.5871620128128,
4.365));
#12399=CARTESIAN_POINT('Ctrl Pts',(-18.4638363105271,-11.4037659492079,
4.365));
#12400=CARTESIAN_POINT('Ctrl Pts',(-18.575257393932,-11.2186683851442,4.365));
#12401=CARTESIAN_POINT('Ctrl Pts',(-18.7925123851934,-10.8451951789937,
4.365));
#12402=CARTESIAN_POINT('Ctrl Pts',(-18.8983340870708,-10.6568405287756,
4.365));
#12403=CARTESIAN_POINT('Ctrl Pts',(-19.001314351123,-10.4669312590505,4.365));
#12404=CARTESIAN_POINT('Ctrl Pts',(-17.8403049786103,-11.2700528390067,
3.765));
#12405=CARTESIAN_POINT('Ctrl Pts',(-17.9513125335117,-11.0917477734028,
3.765));
#12406=CARTESIAN_POINT('Ctrl Pts',(-18.0596406099973,-10.9117884471225,
3.765));
#12407=CARTESIAN_POINT('Ctrl Pts',(-18.2708646775332,-10.5486827285345,
3.765));
#12408=CARTESIAN_POINT('Ctrl Pts',(-18.3737488014944,-10.3655567452723,
3.765));
#12409=CARTESIAN_POINT('Ctrl Pts',(-18.4738703615316,-10.1809193050277,
3.765));
#12410=CARTESIAN_POINT('',(-18.4738703615316,-10.1809193050277,3.765));
#12411=CARTESIAN_POINT('Ctrl Pts',(-18.4738703615316,-10.1809193050277,
3.765));
#12412=CARTESIAN_POINT('Ctrl Pts',(-18.7336566238939,-10.3309069735344,
4.06486828135053));
#12413=CARTESIAN_POINT('Ctrl Pts',(-18.9937842489034,-10.4810917278572,
4.3651351776633));
#12414=CARTESIAN_POINT('Ctrl Pts',(-19.5133477349601,-10.7810618463932,
4.96487853542315));
#12415=CARTESIAN_POINT('Ctrl Pts',(-19.7734502098452,-10.931232080285,5.26512448414433));
#12416=CARTESIAN_POINT('Ctrl Pts',(-20.0332286802556,-11.0812152501061,
5.565));
#12417=CARTESIAN_POINT('',(-17.8403049786103,-11.2700528390067,3.765));
#12418=CARTESIAN_POINT('Ctrl Pts',(-19.399944825443,-12.1705113244145,5.565));
#12419=CARTESIAN_POINT('Ctrl Pts',(-19.1401225475002,-12.0205028623027,
5.2651237795178));
#12420=CARTESIAN_POINT('Ctrl Pts',(-18.8799752512925,-11.8703067508082,
4.96487798594098));
#12421=CARTESIAN_POINT('Ctrl Pts',(-18.3603181200456,-11.5702825661965,
4.36513462665668));
#12422=CARTESIAN_POINT('Ctrl Pts',(-18.1001413179269,-11.4200694194564,
4.06486730448906));
#12423=CARTESIAN_POINT('Ctrl Pts',(-17.8403049786103,-11.2700528390067,
3.765));
#12424=CARTESIAN_POINT('Ctrl Pts',(-18.4738703615314,-10.1809193050282,
3.765));
#12425=CARTESIAN_POINT('Ctrl Pts',(-18.3737488014943,-10.3655567452726,
3.765));
#12426=CARTESIAN_POINT('Ctrl Pts',(-18.2708646775331,-10.5486827285347,
3.765));
#12427=CARTESIAN_POINT('Ctrl Pts',(-18.0596406099973,-10.9117884471225,
3.765));
#12428=CARTESIAN_POINT('Ctrl Pts',(-17.9513125335117,-11.0917477734028,
3.765));
#12429=CARTESIAN_POINT('Ctrl Pts',(-17.8403049786103,-11.2700528390067,
3.765));
#12430=CARTESIAN_POINT('Origin',(-32.9161755433769,-19.9741107678426,1.51));
#12431=CARTESIAN_POINT('',(-32.9161755433769,-19.9741107678426,1.51));
#12432=CARTESIAN_POINT('',(-16.6128144171106,-10.5613608328971,3.765));
#12433=CARTESIAN_POINT('',(-16.6128144171106,-10.5613608328971,1.51));
#12434=CARTESIAN_POINT('',(-16.6128144171106,-10.5613608328971,3.765));
#12435=CARTESIAN_POINT('Origin',(0.,0.,3.765));
#12436=CARTESIAN_POINT('',(6.00752118765711,-8.72533201750342,3.765));
#12437=CARTESIAN_POINT('',(6.00752118765711,-8.72533201750342,3.765));
#12438=CARTESIAN_POINT('',(7.4265606898061,-5.22864180063263,3.765));
#12439=CARTESIAN_POINT('Origin',(-5.93584807271099,-1.84214561345795,3.765));
#12440=CARTESIAN_POINT('Origin',(9.65006157950398,4.04518156567979,3.765));
#12441=CARTESIAN_POINT('',(11.0198587882723,-5.39258361697335,3.765));
#12442=CARTESIAN_POINT('',(11.0198587882723,-5.39258361697336,3.765));
#12443=CARTESIAN_POINT('Origin',(9.65006157950398,4.04518156567979,3.765));
#12444=CARTESIAN_POINT('',(18.6319464570375,0.839951451821475,3.765));
#12445=CARTESIAN_POINT('',(18.6319464570375,0.839951451821475,3.765));
#12446=CARTESIAN_POINT('',(18.4452356450462,7.73200529252954,3.765));
#12447=CARTESIAN_POINT('Origin',(9.65006157950398,4.04518156567979,3.765));
#12448=CARTESIAN_POINT('Origin',(0.000129850672473471,5.44317300206672E-5,
3.765));
#12449=CARTESIAN_POINT('',(17.0310695724218,10.4858583624547,3.765));
#12450=CARTESIAN_POINT('',(17.0310695724218,10.4858583624547,3.765));
#12451=CARTESIAN_POINT('Origin',(0.000129850672473471,5.44317300206672E-5,
3.765));
#12452=CARTESIAN_POINT('',(9.26383294391306,17.7254259900287,3.765));
#12453=CARTESIAN_POINT('',(9.26383294391306,17.7254259900287,3.765));
#12454=CARTESIAN_POINT('Origin',(0.000129850672473471,5.44317300206672E-5,
3.765));
#12455=CARTESIAN_POINT('',(-10.7186874201087,16.8853127417193,3.765));
#12456=CARTESIAN_POINT('',(-10.7186874201087,16.8853127417193,3.765));
#12457=CARTESIAN_POINT('Origin',(0.000129850672473471,5.44317300206672E-5,
3.765));
#12458=CARTESIAN_POINT('',(-17.7252548778815,9.2637323246733,3.765));
#12459=CARTESIAN_POINT('',(-17.7252548778815,9.2637323246733,3.765));
#12460=CARTESIAN_POINT('Origin',(0.000129850672473471,5.44317300206672E-5,
3.765));
#12461=CARTESIAN_POINT('',(-19.9955833446634,-0.419999956806576,3.765));
#12462=CARTESIAN_POINT('',(-19.9955833446634,-0.419999956806576,3.765));
#12463=CARTESIAN_POINT('',(-19.1012720743066,-5.92796685533243,3.765));
#12464=CARTESIAN_POINT('Origin',(0.000129850672473471,5.44317300206672E-5,
3.765));
#12465=CARTESIAN_POINT('',(-17.3690586500083,-9.54305596597589,3.765));
#12466=CARTESIAN_POINT('Origin',(-5.93584807271099,-1.84214561345795,3.765));
#12467=CARTESIAN_POINT('',(-17.3690586500083,-9.54305596597589,3.765));
#12468=CARTESIAN_POINT('Origin',(-5.93584807271099,-1.84214561345795,3.765));
#12469=CARTESIAN_POINT('',(-7.96556256828927,-15.476755377906,3.765));
#12470=CARTESIAN_POINT('',(-7.96556256828927,-15.476755377906,3.765));
#12471=CARTESIAN_POINT('Origin',(-5.93584807271099,-1.84214561345795,3.765));
#12472=CARTESIAN_POINT('',(15.2171740281937,6.37865090298077,3.765));
#12473=CARTESIAN_POINT('',(8.2426373560121,-1.82492128702209,3.765));
#12474=CARTESIAN_POINT('Origin',(9.65015897644756,4.0450298708606,3.765));
#12475=CARTESIAN_POINT('',(4.03362437429779,-4.36882925198963,3.765));
#12476=CARTESIAN_POINT('Origin',(7.4265606898061,-5.22864180063263,3.765));
#12477=CARTESIAN_POINT('',(-15.7586120953693,-4.89079601519169,3.765));
#12478=CARTESIAN_POINT('Origin',(-5.93600432466315,-1.84240050014497,3.765));
#12479=CARTESIAN_POINT('Origin',(2.39711498434416E-6,-0.000191517524176974,
3.765));
#12480=CARTESIAN_POINT('Origin',(-8.81084982935535,-44.0758407120782,1.51));
#12481=CARTESIAN_POINT('',(-2.58796070327763,-40.483054,1.51));
#12482=CARTESIAN_POINT('',(-8.81084982935535,-44.0758407120782,1.51));
#12483=CARTESIAN_POINT('Origin',(3.1729970448673,-47.3308565348538,1.51));
#12484=CARTESIAN_POINT('',(-3.17299704486732,-47.3308565348538,1.51));
#12485=CARTESIAN_POINT('',(3.1729970448673,-47.3308565348538,1.51));
#12486=CARTESIAN_POINT('Origin',(2.57355070327763,-40.483054,1.51));
#12487=CARTESIAN_POINT('',(8.80364482935533,-44.0800005207677,1.51));
#12488=CARTESIAN_POINT('',(2.57355070327763,-40.483054,1.51));
#12489=CARTESIAN_POINT('Origin',(-0.007205,-38.993054,1.51));
#12490=CARTESIAN_POINT('Origin',(3.17299704486733,47.3308565348538,1.51));
#12491=CARTESIAN_POINT('',(14.4350641048867,40.82869908612,1.51));
#12492=CARTESIAN_POINT('',(16.6174481224234,39.56869908612,1.51));
#12493=CARTESIAN_POINT('',(20.5606514400488,37.2920895892196,1.51));
#12494=CARTESIAN_POINT('',(34.4952477270752,29.2469466718561,1.51));
#12495=CARTESIAN_POINT('',(35.5864397358436,28.6169466718561,1.51));
#12496=CARTESIAN_POINT('',(39.4032256196265,26.4133243144149,1.51));
#12497=CARTESIAN_POINT('',(3.17299704486733,47.3308565348538,1.51));
#12498=CARTESIAN_POINT('Origin',(-3.17299704486726,47.3308565348538,1.51));
#12499=CARTESIAN_POINT('',(-3.17299704486726,47.3308565348538,1.51));
#12500=CARTESIAN_POINT('Origin',(-14.4350641048866,40.82869908612,1.51));
#12501=CARTESIAN_POINT('',(-39.4032256196264,26.413324314415,1.51));
#12502=CARTESIAN_POINT('',(-35.6027826245237,28.6075111006774,1.51));
#12503=CARTESIAN_POINT('',(-34.5115906157553,29.2375111006774,1.51));
#12504=CARTESIAN_POINT('',(-22.0155720047414,36.4520908095448,1.51));
#12505=CARTESIAN_POINT('',(-16.6174481224234,39.56869908612,1.51));
#12506=CARTESIAN_POINT('',(-14.4350641048866,40.82869908612,1.51));
#12507=CARTESIAN_POINT('Origin',(14.4350641048867,40.82869908612,1.51));
#12508=CARTESIAN_POINT('Origin',(42.5762226644937,-20.9175322204389,1.51));
#12509=CARTESIAN_POINT('',(39.4032256196265,-26.4133243144149,1.51));
#12510=CARTESIAN_POINT('',(42.5762226644937,-20.9175322204389,1.51));
#12511=CARTESIAN_POINT('Origin',(37.4441247358092,-17.8448729810777,1.51));
#12512=CARTESIAN_POINT('',(42.5762226644937,-14.8818548604442,1.51));
#12513=CARTESIAN_POINT('',(37.4441247358092,-17.8448729810777,1.51));
#12514=CARTESIAN_POINT('Origin',(34.1761755433769,-23.5051270189214,1.51));
#12515=CARTESIAN_POINT('',(34.1761755433769,-23.5051270189214,1.51));
#12516=CARTESIAN_POINT('Origin',(34.1761755433768,-29.4311630830053,1.51));
#12517=CARTESIAN_POINT('',(34.1761755433768,-29.4311630830053,1.51));
#12518=CARTESIAN_POINT('Origin',(39.4032256196265,-26.4133243144149,1.51));
#12519=CARTESIAN_POINT('',(32.9161755433768,-30.1586244221842,1.51));
#12520=CARTESIAN_POINT('',(22.0155726311839,-36.4520904478681,1.51));
#12521=CARTESIAN_POINT('',(10.0636448293553,-43.3525391815888,1.51));
#12522=CARTESIAN_POINT('Origin',(-32.9161755433769,-30.1586244221842,1.51));
#12523=CARTESIAN_POINT('',(-32.9161755433769,-30.1586244221842,1.51));
#12524=CARTESIAN_POINT('Origin',(-5.93584807271099,-1.84214561345795,1.51));
#12525=CARTESIAN_POINT('Origin',(27.8321562760898,15.266946,1.51));
#12526=CARTESIAN_POINT('',(42.5762226644938,15.266946,1.51));
#12527=CARTESIAN_POINT('Origin',(0.000129850672473471,5.44317300206672E-5,
1.51));
#12528=CARTESIAN_POINT('',(18.4452356450462,7.73200529252954,1.51));
#12529=CARTESIAN_POINT('Origin',(9.65006157950398,4.04518156567979,1.51));
#12530=CARTESIAN_POINT('',(18.6319464570375,0.839951451821475,1.51));
#12531=CARTESIAN_POINT('Origin',(42.5762226644938,0.839951451821474,1.51));
#12532=CARTESIAN_POINT('',(42.5762226644938,0.839951451821474,1.51));
#12533=CARTESIAN_POINT('Origin',(-35.6027826245237,28.6075111006774,1.51));
#12534=CARTESIAN_POINT('',(-31.2192442968725,21.01500000026,1.51));
#12535=CARTESIAN_POINT('Origin',(-42.5762226644937,20.9175322204389,1.51));
#12536=CARTESIAN_POINT('',(-42.5762226644937,20.9175322204389,1.51));
#12537=CARTESIAN_POINT('Origin',(-42.5762226644937,16.545,1.51));
#12538=CARTESIAN_POINT('',(-42.5762226644938,-20.9175322204389,1.51));
#12539=CARTESIAN_POINT('',(-42.5762226644937,-14.8818548604442,1.51));
#12540=CARTESIAN_POINT('',(-42.5762226644937,-13.4269321820863,1.51));
#12541=CARTESIAN_POINT('',(-42.5762226644937,-0.419999956806577,1.51));
#12542=CARTESIAN_POINT('',(-42.5762226644937,15.285,1.51));
#12543=CARTESIAN_POINT('',(-42.5762226644937,16.545,1.51));
#12544=CARTESIAN_POINT('Origin',(-33.8,16.545,1.51));
#12545=CARTESIAN_POINT('',(-33.8,16.545,1.51));
#12546=CARTESIAN_POINT('Origin',(-33.8,19.525,1.51));
#12547=CARTESIAN_POINT('Origin',(42.5762226644938,16.526946,1.51));
#12548=CARTESIAN_POINT('',(33.7677860813434,16.526946,1.51));
#12549=CARTESIAN_POINT('',(42.5762226644938,16.526946,1.51));
#12550=CARTESIAN_POINT('Origin',(42.5762226644938,20.9175322204389,1.51));
#12551=CARTESIAN_POINT('',(42.5762226644937,-13.4269321820864,1.51));
#12552=CARTESIAN_POINT('',(42.5762226644938,20.9175322204389,1.51));
#12553=CARTESIAN_POINT('Origin',(39.4032256196265,26.4133243144149,1.51));
#12554=CARTESIAN_POINT('Origin',(31.1870302969815,20.9969460004488,1.51));
#12555=CARTESIAN_POINT('',(31.1870302969815,20.9969460004488,1.51));
#12556=CARTESIAN_POINT('Origin',(33.767786,19.506946,1.51));
#12557=CARTESIAN_POINT('Origin',(-28.1543964175194,15.285,1.51));
#12558=CARTESIAN_POINT('',(-28.1543964175194,15.285,1.51));
#12559=CARTESIAN_POINT('',(-17.7252548778815,9.2637323246733,1.51));
#12560=CARTESIAN_POINT('Origin',(-42.5762226644937,15.285,1.51));
#12561=CARTESIAN_POINT('Origin',(0.000129850672473471,5.44317300206672E-5,
1.51));
#12562=CARTESIAN_POINT('Origin',(32.9161755433769,-19.4893506681521,1.51));
#12563=CARTESIAN_POINT('Origin',(9.65006157950398,4.04518156567979,1.51));
#12564=CARTESIAN_POINT('',(7.4265606898061,-5.22864180063263,1.51));
#12565=CARTESIAN_POINT('Origin',(-5.93584807271099,-1.84214561345795,1.51));
#12566=CARTESIAN_POINT('',(6.00752118765711,-8.72533201750342,1.51));
#12567=CARTESIAN_POINT('',(-7.96556256828927,-15.476755377906,1.51));
#12568=CARTESIAN_POINT('Origin',(22.0155726311839,-36.4520904478681,1.51));
#12569=CARTESIAN_POINT('Origin',(-26.8669586551022,15.9966201396614,1.51));
#12570=CARTESIAN_POINT('Origin',(0.000129850672473471,5.44317300206672E-5,
1.51));
#12571=CARTESIAN_POINT('',(-10.7186874201087,16.8853127417193,1.51));
#12572=CARTESIAN_POINT('Origin',(-22.0155720047414,36.4520908095448,1.51));
#12573=CARTESIAN_POINT('Origin',(-16.6174481224234,39.56869908612,1.51));
#12574=CARTESIAN_POINT('Origin',(0.000129850672473471,5.44317300206672E-5,
1.51));
#12575=CARTESIAN_POINT('',(9.26383294391306,17.7254259900287,1.51));
#12576=CARTESIAN_POINT('Origin',(20.5606514400488,37.2920895892196,1.51));
#12577=CARTESIAN_POINT('Origin',(33.7559906866299,-18.519295488821,1.51));
#12578=CARTESIAN_POINT('',(33.7559906866299,-18.519295488821,1.51));
#12579=CARTESIAN_POINT('',(11.0198587882723,-5.39258361697336,1.51));
#12580=CARTESIAN_POINT('Origin',(42.5762226644937,-13.4269321820864,1.51));
#12581=CARTESIAN_POINT('Origin',(9.65006157950398,4.04518156567979,1.51));
#12582=CARTESIAN_POINT('Origin',(26.979757725817,16.2297361459011,1.51));
#12583=CARTESIAN_POINT('',(26.979757725817,16.2297361459011,1.51));
#12584=CARTESIAN_POINT('',(17.0310695724218,10.4858583624547,1.51));
#12585=CARTESIAN_POINT('Origin',(34.4952477270752,29.2469466718561,1.51));
#12586=CARTESIAN_POINT('Origin',(0.000129850672473471,5.44317300206672E-5,
1.51));
#12587=CARTESIAN_POINT('Origin',(2.39711498434416E-6,-0.000191517524176974,
1.51));
#12588=CARTESIAN_POINT('',(15.2171740281937,6.37865090298077,1.51));
#12589=CARTESIAN_POINT('',(-15.7586120953693,-4.89079601519169,1.51));
#12590=CARTESIAN_POINT('Origin',(-5.93600432466315,-1.84240050014497,1.51));
#12591=CARTESIAN_POINT('',(4.03362437429779,-4.36882925198962,1.51));
#12592=CARTESIAN_POINT('Origin',(7.4265606898061,-5.22864180063263,1.51));
#12593=CARTESIAN_POINT('',(8.2426373560121,-1.82492128702209,1.51));
#12594=CARTESIAN_POINT('Origin',(9.65015897644756,4.0450298708606,1.51));
#12595=CARTESIAN_POINT('Origin',(-33.3361761255569,-18.7616755386662,1.51));
#12596=CARTESIAN_POINT('',(-33.3361761255569,-18.7616755386662,1.51));
#12597=CARTESIAN_POINT('Origin',(-17.3690586500083,-9.54305596597589,1.51));
#12598=CARTESIAN_POINT('',(-17.3690586500083,-9.54305596597589,1.51));
#12599=CARTESIAN_POINT('Origin',(-5.93584807271099,-1.84214561345795,1.51));
#12600=CARTESIAN_POINT('',(-19.1012720743066,-5.92796685533243,1.51));
#12601=CARTESIAN_POINT('Origin',(0.000129850672473471,5.44317300206672E-5,
1.51));
#12602=CARTESIAN_POINT('',(-19.9955833446634,-0.419999956806576,1.51));
#12603=CARTESIAN_POINT('Origin',(-42.5762226644937,-0.419999956806577,1.51));
#12604=CARTESIAN_POINT('Origin',(-39.4032256196265,-26.4133243144149,1.51));
#12605=CARTESIAN_POINT('',(-39.4032256196265,-26.4133243144149,1.51));
#12606=CARTESIAN_POINT('Origin',(-34.1761755433769,-29.4311630830053,1.51));
#12607=CARTESIAN_POINT('',(-10.0708498293553,-43.3483793728992,1.51));
#12608=CARTESIAN_POINT('',(-20.5606515957518,-37.2920894993244,1.51));
#12609=CARTESIAN_POINT('',(-34.1761755433769,-29.4311630830053,1.51));
#12610=CARTESIAN_POINT('Origin',(-34.1761755433769,-23.5051270189214,1.51));
#12611=CARTESIAN_POINT('',(-34.1761755433769,-23.5051270189214,1.51));
#12612=CARTESIAN_POINT('Origin',(-37.4441247358092,-17.8448729810778,1.51));
#12613=CARTESIAN_POINT('',(-37.4441247358092,-17.8448729810778,1.51));
#12614=CARTESIAN_POINT('Origin',(-42.5762226644937,-14.8818548604442,1.51));
#12615=CARTESIAN_POINT('Origin',(-0.007205,-38.993054,1.51));
#12616=CARTESIAN_POINT('',(4.12886117165164,-39.9260902392313,1.51));
#12617=CARTESIAN_POINT('Origin',(10.0636448293553,-43.3525391815888,1.51));
#12618=CARTESIAN_POINT('Origin',(-20.5606515957518,-37.2920894993244,1.51));
#12619=CARTESIAN_POINT('Origin',(-4.14327117165164,-39.9260902392314,1.51));
#12620=CARTESIAN_POINT('',(-4.14327117165163,-39.9260902392314,1.51));
#12621=CARTESIAN_POINT('Origin',(-0.007205,-38.993054,1.51));
#12622=CARTESIAN_POINT('',(-0.637205,-34.8001194667644,1.51));
#12623=CARTESIAN_POINT('Origin',(-0.637205,-28.0873998588989,1.51));
#12624=CARTESIAN_POINT('',(-0.637205,-28.0873998588989,1.51));
#12625=CARTESIAN_POINT('Origin',(0.622795,-28.0873998588989,1.51));
#12626=CARTESIAN_POINT('Origin',(-44.2562226644938,-21.3676868637231,1.51));
#12627=CARTESIAN_POINT('',(-44.2562226644938,-21.3676868637231,1.51));
#12628=CARTESIAN_POINT('Origin',(-44.2562226644937,21.3676868637232,1.51));
#12629=CARTESIAN_POINT('',(-44.2562226644937,21.3676868637232,1.51));
#12630=CARTESIAN_POINT('Origin',(-40.6330709763421,27.6431696711307,1.51));
#12631=CARTESIAN_POINT('',(-40.6330709763421,27.6431696711307,1.51));
#12632=CARTESIAN_POINT('Origin',(-3.62315168815154,49.0108565348538,1.51));
#12633=CARTESIAN_POINT('',(-3.62315168815154,49.0108565348538,1.51));
#12634=CARTESIAN_POINT('Origin',(3.62315168815162,49.0108565348538,1.51));
#12635=CARTESIAN_POINT('',(3.62315168815162,49.0108565348538,1.51));
#12636=CARTESIAN_POINT('Origin',(40.6330709763422,27.6431696711306,1.51));
#12637=CARTESIAN_POINT('',(0.,0.,0.));
#12638=CARTESIAN_POINT('Origin',(-31.1305911542945,-32.5520786851692,6.665));
#12639=CARTESIAN_POINT('',(-3.35520249572049,-48.0108565348538,7.165));
#12640=CARTESIAN_POINT('',(-39.9010201687733,-26.9111188635618,7.165));
#12641=CARTESIAN_POINT('',(-30.8805911542945,-32.119065983277,7.165));
#12642=CARTESIAN_POINT('',(-40.6330709763422,-27.6431696711306,6.165));
#12643=CARTESIAN_POINT('',(-39.9010201687733,-26.9111188635618,7.165));
#12644=CARTESIAN_POINT('',(-3.6231516881516,-49.0108565348538,6.165));
#12645=CARTESIAN_POINT('',(-31.3805911542945,-32.9850913870614,6.165));
#12646=CARTESIAN_POINT('',(-3.35520249572049,-48.0108565348538,7.165));
#12647=CARTESIAN_POINT('Origin',(-42.9174220405637,-22.686557565575,6.665));
#12648=CARTESIAN_POINT('',(-43.2562226644938,-21.099737671292,7.165));
#12649=CARTESIAN_POINT('',(-42.4844093386715,-22.436557565575,7.165));
#12650=CARTESIAN_POINT('',(-44.2562226644938,-21.3676868637231,6.165));
#12651=CARTESIAN_POINT('',(-43.2562226644938,-21.099737671292,7.165));
#12652=CARTESIAN_POINT('',(-43.3504347424559,-22.936557565575,6.165));
#12653=CARTESIAN_POINT('Origin',(-43.7562226644937,10.6838434318616,6.665));
#12654=CARTESIAN_POINT('',(-43.2562226644937,21.0997376712921,7.165));
#12655=CARTESIAN_POINT('',(-43.2562226644937,10.6838434318616,7.165));
#12656=CARTESIAN_POINT('',(-44.2562226644937,21.3676868637232,6.165));
#12657=CARTESIAN_POINT('',(-43.2562226644937,21.0997376712921,7.165));
#12658=CARTESIAN_POINT('',(-44.2562226644937,10.6838434318616,6.165));
#12659=CARTESIAN_POINT('Origin',(-41.1058461964878,25.8242989692788,6.665));
#12660=CARTESIAN_POINT('',(-39.9010201687733,26.9111188635618,7.165));
#12661=CARTESIAN_POINT('',(-40.6728334945956,25.5742989692788,7.165));
#12662=CARTESIAN_POINT('',(-40.6330709763421,27.6431696711307,6.165));
#12663=CARTESIAN_POINT('',(-39.9010201687733,26.9111188635618,7.165));
#12664=CARTESIAN_POINT('',(-41.53885889838,26.0742989692788,6.165));
#12665=CARTESIAN_POINT('Origin',(-12.6256315101992,43.2359221170308,6.665));
#12666=CARTESIAN_POINT('',(-3.35520249572042,48.0108565348538,7.165));
#12667=CARTESIAN_POINT('',(-12.3756315101992,42.8029094151386,7.165));
#12668=CARTESIAN_POINT('',(-3.62315168815154,49.0108565348538,6.165));
#12669=CARTESIAN_POINT('',(-3.35520249572042,48.0108565348538,7.165));
#12670=CARTESIAN_POINT('',(-12.8756315101992,43.668934818923,6.165));
#12671=CARTESIAN_POINT('Origin',(1.81157584407581,48.5108565348538,6.665));
#12672=CARTESIAN_POINT('',(3.35520249572049,48.0108565348538,7.165));
#12673=CARTESIAN_POINT('',(1.81157584407581,48.0108565348538,7.165));
#12674=CARTESIAN_POINT('',(3.62315168815162,49.0108565348538,6.165));
#12675=CARTESIAN_POINT('',(3.35520249572049,48.0108565348538,7.165));
#12676=CARTESIAN_POINT('',(1.81157584407581,49.0108565348538,6.165));
#12677=CARTESIAN_POINT('Origin',(31.1305911542946,32.5520786851692,6.665));
#12678=CARTESIAN_POINT('',(39.9010201687733,26.9111188635617,7.165));
#12679=CARTESIAN_POINT('',(30.8805911542946,32.119065983277,7.165));
#12680=CARTESIAN_POINT('',(40.6330709763422,27.6431696711306,6.165));
#12681=CARTESIAN_POINT('',(39.9010201687733,26.9111188635617,7.165));
#12682=CARTESIAN_POINT('',(31.3805911542946,32.9850913870614,6.165));
#12683=CARTESIAN_POINT('Origin',(42.9174220405637,22.686557565575,6.665));
#12684=CARTESIAN_POINT('',(44.2562226644938,21.3676868637232,6.165));
#12685=CARTESIAN_POINT('',(43.3504347424559,22.936557565575,6.165));
#12686=CARTESIAN_POINT('',(43.2562226644938,21.099737671292,7.165));
#12687=CARTESIAN_POINT('',(42.4844093386714,22.436557565575,7.165));
#12688=CARTESIAN_POINT('',(43.2562226644938,21.099737671292,7.165));
#12689=CARTESIAN_POINT('Origin',(43.7562226644938,-10.6838434318616,6.665));
#12690=CARTESIAN_POINT('',(44.2562226644937,-21.3676868637232,6.165));
#12691=CARTESIAN_POINT('',(44.2562226644937,-10.6838434318616,6.165));
#12692=CARTESIAN_POINT('',(43.2562226644938,-21.0997376712921,7.165));
#12693=CARTESIAN_POINT('',(43.2562226644938,-10.6838434318616,7.165));
#12694=CARTESIAN_POINT('',(43.2562226644938,-21.0997376712921,7.165));
#12695=CARTESIAN_POINT('Origin',(41.1058461964879,-25.8242989692788,6.665));
#12696=CARTESIAN_POINT('',(40.6330709763422,-27.6431696711307,6.165));
#12697=CARTESIAN_POINT('',(41.5388588983801,-26.0742989692788,6.165));
#12698=CARTESIAN_POINT('',(39.9010201687733,-26.9111188635618,7.165));
#12699=CARTESIAN_POINT('',(40.6728334945957,-25.5742989692788,7.165));
#12700=CARTESIAN_POINT('',(39.9010201687733,-26.9111188635618,7.165));
#12701=CARTESIAN_POINT('Origin',(12.6256315101992,-43.2359221170308,6.665));
#12702=CARTESIAN_POINT('',(3.62315168815158,-49.0108565348538,6.165));
#12703=CARTESIAN_POINT('',(12.8756315101992,-43.668934818923,6.165));
#12704=CARTESIAN_POINT('',(3.35520249572046,-48.0108565348538,7.165));
#12705=CARTESIAN_POINT('',(12.3756315101992,-42.8029094151386,7.165));
#12706=CARTESIAN_POINT('',(3.35520249572046,-48.0108565348538,7.165));
#12707=CARTESIAN_POINT('Origin',(-1.8115758440758,-48.5108565348538,6.665));
#12708=CARTESIAN_POINT('',(-1.8115758440758,-49.0108565348538,6.165));
#12709=CARTESIAN_POINT('',(-1.8115758440758,-48.0108565348538,7.165));
#12710=CARTESIAN_POINT('Origin',(44.2562226644938,21.3676868637232,1.51));
#12711=CARTESIAN_POINT('',(44.2562226644938,21.3676868637232,1.51));
#12712=CARTESIAN_POINT('',(44.2562226644938,21.3676868637232,1.51));
#12713=CARTESIAN_POINT('',(40.6330709763422,27.6431696711306,1.51));
#12714=CARTESIAN_POINT('',(44.2562226644938,21.3676868637232,1.51));
#12715=CARTESIAN_POINT('',(40.6330709763422,27.6431696711306,1.51));
#12716=CARTESIAN_POINT('Origin',(44.2562226644937,-21.3676868637232,1.51));
#12717=CARTESIAN_POINT('',(44.2562226644937,-21.3676868637232,1.51));
#12718=CARTESIAN_POINT('',(44.2562226644937,-21.3676868637232,1.51));
#12719=CARTESIAN_POINT('',(44.2562226644937,-21.3676868637232,1.51));
#12720=CARTESIAN_POINT('Origin',(40.6330709763422,-27.6431696711307,1.51));
#12721=CARTESIAN_POINT('',(40.6330709763422,-27.6431696711307,1.51));
#12722=CARTESIAN_POINT('',(40.6330709763422,-27.6431696711307,1.51));
#12723=CARTESIAN_POINT('',(40.6330709763422,-27.6431696711307,1.51));
#12724=CARTESIAN_POINT('Origin',(3.62315168815158,-49.0108565348538,1.51));
#12725=CARTESIAN_POINT('',(3.62315168815158,-49.0108565348538,1.51));
#12726=CARTESIAN_POINT('',(3.62315168815158,-49.0108565348538,1.51));
#12727=CARTESIAN_POINT('',(3.62315168815158,-49.0108565348538,1.51));
#12728=CARTESIAN_POINT('Origin',(-3.6231516881516,-49.0108565348538,1.51));
#12729=CARTESIAN_POINT('',(-3.6231516881516,-49.0108565348538,1.51));
#12730=CARTESIAN_POINT('',(-3.6231516881516,-49.0108565348538,1.51));
#12731=CARTESIAN_POINT('',(-3.6231516881516,-49.0108565348538,1.51));
#12732=CARTESIAN_POINT('Origin',(-40.6330709763422,-27.6431696711306,1.51));
#12733=CARTESIAN_POINT('',(-40.6330709763422,-27.6431696711306,1.51));
#12734=CARTESIAN_POINT('',(-40.6330709763422,-27.6431696711306,1.51));
#12735=CARTESIAN_POINT('',(-40.6330709763422,-27.6431696711306,1.51));
#12736=CARTESIAN_POINT('Origin',(4.44089209850063E-15,4.44089209850063E-15,
7.165));
#12737=CARTESIAN_POINT('',(-3.17299704486732,-47.3308565348538,7.165));
#12738=CARTESIAN_POINT('',(-39.4032256196265,-26.4133243144149,7.165));
#12739=CARTESIAN_POINT('',(-12.2305541885571,-42.1014734797441,7.165));
#12740=CARTESIAN_POINT('',(-42.5762226644938,-20.9175322204389,7.165));
#12741=CARTESIAN_POINT('',(-40.1964748808433,-25.0393762909209,7.165));
#12742=CARTESIAN_POINT('',(-42.5762226644937,20.9175322204389,7.165));
#12743=CARTESIAN_POINT('',(-42.5762226644938,-10.4587661102194,7.165));
#12744=CARTESIAN_POINT('',(-39.4032256196264,26.413324314415,7.165));
#12745=CARTESIAN_POINT('',(-41.7829734032769,22.2914802439329,7.165));
#12746=CARTESIAN_POINT('',(-3.17299704486726,47.3308565348538,7.165));
#12747=CARTESIAN_POINT('',(-30.3456684759366,31.6427073695247,7.165));
#12748=CARTESIAN_POINT('',(3.17299704486733,47.3308565348538,7.165));
#12749=CARTESIAN_POINT('',(-1.58649852243363,47.3308565348538,7.165));
#12750=CARTESIAN_POINT('',(39.4032256196265,26.4133243144149,7.165));
#12751=CARTESIAN_POINT('',(12.2305541885571,42.1014734797441,7.165));
#12752=CARTESIAN_POINT('',(42.5762226644938,20.9175322204389,7.165));
#12753=CARTESIAN_POINT('',(40.1964748808433,25.0393762909209,7.165));
#12754=CARTESIAN_POINT('',(42.5762226644937,-20.9175322204389,7.165));
#12755=CARTESIAN_POINT('',(42.5762226644938,10.4587661102194,7.165));
#12756=CARTESIAN_POINT('',(39.4032256196265,-26.4133243144149,7.165));
#12757=CARTESIAN_POINT('',(41.7829734032769,-22.2914802439329,7.165));
#12758=CARTESIAN_POINT('',(3.1729970448673,-47.3308565348538,7.165));
#12759=CARTESIAN_POINT('',(30.3456684759367,-31.6427073695247,7.165));
#12760=CARTESIAN_POINT('',(1.58649852243365,-47.3308565348538,7.165));
#12761=CARTESIAN_POINT('Origin',(12.2569288191647,-22.0696235524833,1.51));
#12762=CARTESIAN_POINT('',(12.2569288191647,-22.0696235524833,1.51));
#12763=CARTESIAN_POINT('',(13.3481208279331,-21.4396235524833,1.51));
#12764=CARTESIAN_POINT('',(12.4387941740805,-21.9646235408665,1.51));
#12765=CARTESIAN_POINT('',(12.2569288191647,-22.0696235524833,2.51));
#12766=CARTESIAN_POINT('',(12.2569288191647,-22.0696235524833,1.51));
#12767=CARTESIAN_POINT('',(13.3481208279331,-21.4396235524833,2.51));
#12768=CARTESIAN_POINT('',(12.2569288191647,-22.0696235524833,2.51));
#12769=CARTESIAN_POINT('',(13.3481208279331,-21.4396235524833,1.51));
#12770=CARTESIAN_POINT('Origin',(9.2934292546447,-15.3974777849934,2.51));
#12771=CARTESIAN_POINT('',(5.23873768135626,-9.91375992456942,2.51));
#12772=CARTESIAN_POINT('',(6.93283387159572,-12.848020598973,2.51));
#12773=CARTESIAN_POINT('',(6.00752118765711,-8.72533201750342,2.51));
#12774=CARTESIAN_POINT('Origin',(-5.93584807271099,-1.84214561345795,2.51));
#12775=CARTESIAN_POINT('',(15.8668473508937,-25.8021858606224,2.51));
#12776=CARTESIAN_POINT('Origin',(5.23873768135626,-9.91375992456942,1.51));
#12777=CARTESIAN_POINT('',(20.9243806224155,-37.0820904478681,1.51));
#12778=CARTESIAN_POINT('',(5.23873768135626,-9.91375992456942,1.51));
#12779=CARTESIAN_POINT('',(20.9243806224155,-37.0820904478681,4.765));
#12780=CARTESIAN_POINT('',(20.9243806224155,-37.0820904478681,1.51));
#12781=CARTESIAN_POINT('',(20.4243806224155,-36.2160650440836,3.765));
#12782=CARTESIAN_POINT('',(16.4710948871507,-29.3687732937677,-4.1415714705296));
#12783=CARTESIAN_POINT('',(5.23873768135626,-9.91375992456942,3.765));
#12784=CARTESIAN_POINT('',(5.23873768135626,-9.91375992456942,3.765));
#12785=CARTESIAN_POINT('',(5.23873768135626,-9.91375992456942,1.51));
#12786=CARTESIAN_POINT('Origin',(-42.0762226644937,8.27250000000002,4.265));
#12787=CARTESIAN_POINT('',(-41.5762226644938,-14.004282451276,3.765));
#12788=CARTESIAN_POINT('',(-42.5762226644938,-13.4269321820863,4.765));
#12789=CARTESIAN_POINT('',(-41.7090321558524,-13.9276048556891,3.89780949135868));
#12790=CARTESIAN_POINT('',(-42.5762226644938,-14.8818548604442,4.765));
#12791=CARTESIAN_POINT('',(-42.5762226644937,8.27250000000002,4.765));
#12792=CARTESIAN_POINT('',(-41.5762226644938,-15.4592051296338,3.765));
#12793=CARTESIAN_POINT('',(-44.5290454526915,-13.7543920979986,6.71782278819777));
#12794=CARTESIAN_POINT('',(-41.5762226644937,8.27250000000002,3.765));
#12795=CARTESIAN_POINT('Origin',(-42.5762226644937,16.545,1.51));
#12796=CARTESIAN_POINT('',(-42.5762226644937,-14.8818548604442,1.51));
#12797=CARTESIAN_POINT('',(-42.5762226644937,-14.8818548604442,1.51));
#12798=CARTESIAN_POINT('',(-42.5762226644937,-13.4269321820863,1.51));
#12799=CARTESIAN_POINT('',(-42.5762226644937,-13.4269321820863,1.51));
#12800=CARTESIAN_POINT('',(-42.5762226644937,-0.419999956806577,1.51));
#12801=CARTESIAN_POINT('',(-42.5762226644937,20.9175322204389,1.51));
#12802=CARTESIAN_POINT('',(-42.5762226644937,-0.419999956806577,4.765));
#12803=CARTESIAN_POINT('',(-42.5762226644937,-0.419999956806577,1.51));
#12804=CARTESIAN_POINT('',(-42.5762226644937,0.840000043193421,4.765));
#12805=CARTESIAN_POINT('',(-42.5762226644937,8.27250000000002,4.765));
#12806=CARTESIAN_POINT('',(-42.5762226644937,0.840000043193421,1.51));
#12807=CARTESIAN_POINT('',(-42.5762226644937,0.840000043193421,1.51));
#12808=CARTESIAN_POINT('',(-42.5762226644937,15.285,1.51));
#12809=CARTESIAN_POINT('',(-42.5762226644937,20.9175322204389,1.51));
#12810=CARTESIAN_POINT('',(-42.5762226644937,15.285,4.765));
#12811=CARTESIAN_POINT('',(-42.5762226644937,15.285,1.51));
#12812=CARTESIAN_POINT('',(-42.5762226644937,16.545,4.765));
#12813=CARTESIAN_POINT('',(-42.5762226644937,8.27250000000002,4.765));
#12814=CARTESIAN_POINT('',(-42.5762226644937,16.545,1.51));
#12815=CARTESIAN_POINT('',(-42.5762226644937,16.545,1.51));
#12816=CARTESIAN_POINT('',(-42.5762226644937,20.9175322204389,1.51));
#12817=CARTESIAN_POINT('',(-42.5762226644937,20.9175322204389,1.51));
#12818=CARTESIAN_POINT('',(-42.5762226644937,20.9175322204389,1.51));
#12819=CARTESIAN_POINT('',(-42.5762226644938,-20.9175322204389,1.51));
#12820=CARTESIAN_POINT('',(-42.5762226644938,-20.9175322204389,1.51));
#12821=CARTESIAN_POINT('',(-42.5762226644937,20.9175322204389,1.51));
#12822=CARTESIAN_POINT('Origin',(-27.4821434378119,-32.7186140519276,4.265));
#12823=CARTESIAN_POINT('',(-34.1761755433769,-28.2764625446261,3.765));
#12824=CARTESIAN_POINT('',(-34.1761755433769,-29.4311630830053,4.765));
#12825=CARTESIAN_POINT('',(-34.1761755433769,-27.748160086899,3.3074766507266));
#12826=CARTESIAN_POINT('',(-32.9161755433769,-30.1586244221842,4.765));
#12827=CARTESIAN_POINT('',(-27.7321434378119,-33.1516267538198,4.765));
#12828=CARTESIAN_POINT('',(-32.9161755433769,-29.003923883805,3.765));
#12829=CARTESIAN_POINT('',(-32.9161755433769,-29.9609284903365,4.593790300795));
#12830=CARTESIAN_POINT('',(-27.2321434378119,-32.2856013500354,3.765));
#12831=CARTESIAN_POINT('Origin',(-34.1761755433769,-29.4311630830053,1.51));
#12832=CARTESIAN_POINT('',(-32.9161755433769,-30.1586244221842,1.51));
#12833=CARTESIAN_POINT('',(-32.9161755433769,-30.1586244221842,1.51));
#12834=CARTESIAN_POINT('',(-34.1761755433769,-29.4311630830053,1.51));
#12835=CARTESIAN_POINT('',(-34.1761755433769,-29.4311630830053,1.51));
#12836=CARTESIAN_POINT('',(-39.4032256196265,-26.4133243144149,1.51));
#12837=CARTESIAN_POINT('',(-39.4032256196265,-26.4133243144149,1.51));
#12838=CARTESIAN_POINT('',(-39.4032256196265,-26.4133243144149,1.51));
#12839=CARTESIAN_POINT('',(-3.17299704486732,-47.3308565348538,1.51));
#12840=CARTESIAN_POINT('',(-3.17299704486732,-47.3308565348538,1.51));
#12841=CARTESIAN_POINT('',(-8.81084982935535,-44.0758407120782,1.51));
#12842=CARTESIAN_POINT('',(-39.4032256196265,-26.4133243144149,1.51));
#12843=CARTESIAN_POINT('',(-8.81084982935535,-44.0758407120782,4.765));
#12844=CARTESIAN_POINT('',(-8.81084982935535,-44.0758407120782,1.51));
#12845=CARTESIAN_POINT('',(-10.0708498293553,-43.3483793728992,4.765));
#12846=CARTESIAN_POINT('',(-27.7321434378119,-33.1516267538198,4.765));
#12847=CARTESIAN_POINT('',(-10.0708498293553,-43.3483793728992,1.51));
#12848=CARTESIAN_POINT('',(-10.0708498293553,-43.3483793728992,1.51));
#12849=CARTESIAN_POINT('',(-20.5606515957518,-37.2920894993244,1.51));
#12850=CARTESIAN_POINT('',(-39.4032256196265,-26.4133243144149,1.51));
#12851=CARTESIAN_POINT('',(-20.5606515957518,-37.2920894993244,4.765));
#12852=CARTESIAN_POINT('',(-20.5606515957518,-37.2920894993244,1.51));
#12853=CARTESIAN_POINT('',(-21.6518436045202,-36.6620894993244,4.765));
#12854=CARTESIAN_POINT('',(-27.7321434378119,-33.1516267538198,4.765));
#12855=CARTESIAN_POINT('',(-21.6518436045202,-36.6620894993244,1.51));
#12856=CARTESIAN_POINT('',(-21.6518436045202,-36.6620894993244,1.51));
#12857=CARTESIAN_POINT('',(-39.4032256196265,-26.4133243144149,1.51));
#12858=CARTESIAN_POINT('Origin',(-27.4821434378119,-32.7186140519276,4.265));
#12859=CARTESIAN_POINT('',(-21.1518436045202,-35.79606409554,3.765));
#12860=CARTESIAN_POINT('',(-18.0247100819376,-30.3797099523751,-2.48926704516521));
#12861=CARTESIAN_POINT('',(-20.0606515957518,-36.42606409554,3.765));
#12862=CARTESIAN_POINT('',(-20.0287765957518,-36.3708549760487,3.70125));
#12863=CARTESIAN_POINT('',(-27.2321434378119,-32.2856013500354,3.765));
#12864=CARTESIAN_POINT('Origin',(-27.4821434378119,-32.7186140519276,4.265));
#12865=CARTESIAN_POINT('',(-9.07084982935532,-42.7710291037096,3.765));
#12866=CARTESIAN_POINT('',(-9.9885121569338,-43.3008416955622,4.68266232757847));
#12867=CARTESIAN_POINT('',(-7.81084982935534,-43.4984904428885,3.765));
#12868=CARTESIAN_POINT('',(-10.6021060591349,-45.110022978529,6.55625622977951));
#12869=CARTESIAN_POINT('',(-27.2321434378119,-32.2856013500354,3.765));
#12870=CARTESIAN_POINT('Origin',(30.0956684759367,-31.2096946676324,4.265));
#12871=CARTESIAN_POINT('',(7.80364482935532,-43.502650251578,3.765));
#12872=CARTESIAN_POINT('',(8.80364482935533,-44.0800005207677,4.765));
#12873=CARTESIAN_POINT('',(9.18926417141618,-44.3026379517112,5.15061934206085));
#12874=CARTESIAN_POINT('',(10.0636448293553,-43.3525391815888,4.765));
#12875=CARTESIAN_POINT('',(30.3456684759367,-31.6427073695247,4.765));
#12876=CARTESIAN_POINT('',(9.06364482935532,-42.7751889123991,3.765));
#12877=CARTESIAN_POINT('',(12.0492910645812,-44.4989525700118,6.75064623522591));
#12878=CARTESIAN_POINT('',(29.8456684759367,-30.7766819657402,3.765));
#12879=CARTESIAN_POINT('Origin',(39.4032256196265,-26.4133243144149,1.51));
#12880=CARTESIAN_POINT('',(10.0636448293553,-43.3525391815888,1.51));
#12881=CARTESIAN_POINT('',(10.0636448293553,-43.3525391815888,1.51));
#12882=CARTESIAN_POINT('',(8.80364482935533,-44.0800005207677,1.51));
#12883=CARTESIAN_POINT('',(8.80364482935533,-44.0800005207677,1.51));
#12884=CARTESIAN_POINT('',(3.1729970448673,-47.3308565348538,1.51));
#12885=CARTESIAN_POINT('',(3.1729970448673,-47.3308565348538,1.51));
#12886=CARTESIAN_POINT('',(3.1729970448673,-47.3308565348538,1.51));
#12887=CARTESIAN_POINT('',(39.4032256196265,-26.4133243144149,1.51));
#12888=CARTESIAN_POINT('',(39.4032256196265,-26.4133243144149,1.51));
#12889=CARTESIAN_POINT('',(34.1761755433768,-29.4311630830053,1.51));
#12890=CARTESIAN_POINT('',(3.1729970448673,-47.3308565348538,1.51));
#12891=CARTESIAN_POINT('',(34.1761755433768,-29.4311630830053,4.765));
#12892=CARTESIAN_POINT('',(34.1761755433768,-29.4311630830053,1.51));
#12893=CARTESIAN_POINT('',(32.9161755433768,-30.1586244221842,4.765));
#12894=CARTESIAN_POINT('',(30.3456684759367,-31.6427073695247,4.765));
#12895=CARTESIAN_POINT('',(32.9161755433768,-30.1586244221842,1.51));
#12896=CARTESIAN_POINT('',(32.9161755433768,-30.1586244221842,1.51));
#12897=CARTESIAN_POINT('',(22.0155726311839,-36.4520904478681,1.51));
#12898=CARTESIAN_POINT('',(3.1729970448673,-47.3308565348538,1.51));
#12899=CARTESIAN_POINT('',(22.0155726311839,-36.4520904478681,4.765));
#12900=CARTESIAN_POINT('',(22.0155726311839,-36.4520904478681,1.51));
#12901=CARTESIAN_POINT('',(30.3456684759367,-31.6427073695247,4.765));
#12902=CARTESIAN_POINT('',(3.1729970448673,-47.3308565348538,1.51));
#12903=CARTESIAN_POINT('Origin',(30.0956684759367,-31.2096946676324,4.265));
#12904=CARTESIAN_POINT('',(21.5155726311839,-35.5860650440836,3.765));
#12905=CARTESIAN_POINT('',(21.4836976311839,-35.5308559245924,3.70125));
#12906=CARTESIAN_POINT('',(29.8456684759367,-30.7766819657402,3.765));
#12907=CARTESIAN_POINT('Origin',(30.0956684759367,-31.2096946676324,4.265));
#12908=CARTESIAN_POINT('',(32.9161755433768,-29.003923883805,3.765));
#12909=CARTESIAN_POINT('',(32.9161755433768,-26.4814447365287,1.58046897794221));
#12910=CARTESIAN_POINT('',(34.1761755433768,-28.2764625446261,3.765));
#12911=CARTESIAN_POINT('',(34.1761755433768,-29.0101934239815,4.40042958106288));
#12912=CARTESIAN_POINT('',(29.8456684759367,-30.7766819657402,3.765));
#12913=CARTESIAN_POINT('Origin',(42.0762226644938,10.4587661102194,4.265));
#12914=CARTESIAN_POINT('',(41.5762226644937,-15.4592051296338,3.765));
#12915=CARTESIAN_POINT('',(42.5762226644937,-14.8818548604442,4.765));
#12916=CARTESIAN_POINT('',(43.3332120431935,-14.4448068388782,5.52198937869977));
#12917=CARTESIAN_POINT('',(42.5762226644937,-13.4269321820864,4.765));
#12918=CARTESIAN_POINT('',(42.5762226644938,10.4587661102194,4.765));
#12919=CARTESIAN_POINT('',(41.5762226644937,-14.004282451276,3.765));
#12920=CARTESIAN_POINT('',(44.6195257371034,-12.2472306030792,6.80830307260962));
#12921=CARTESIAN_POINT('',(41.5762226644938,10.4587661102194,3.765));
#12922=CARTESIAN_POINT('Origin',(42.5762226644938,20.9175322204389,1.51));
#12923=CARTESIAN_POINT('',(42.5762226644937,-13.4269321820864,1.51));
#12924=CARTESIAN_POINT('',(42.5762226644937,-13.4269321820864,1.51));
#12925=CARTESIAN_POINT('',(42.5762226644937,-14.8818548604442,1.51));
#12926=CARTESIAN_POINT('',(42.5762226644937,-14.8818548604442,1.51));
#12927=CARTESIAN_POINT('',(42.5762226644937,-20.9175322204389,1.51));
#12928=CARTESIAN_POINT('',(42.5762226644937,-20.9175322204389,1.51));
#12929=CARTESIAN_POINT('',(42.5762226644937,-20.9175322204389,1.51));
#12930=CARTESIAN_POINT('',(42.5762226644938,20.9175322204389,1.51));
#12931=CARTESIAN_POINT('',(42.5762226644938,20.9175322204389,1.51));
#12932=CARTESIAN_POINT('',(42.5762226644938,16.526946,1.51));
#12933=CARTESIAN_POINT('',(42.5762226644937,-20.9175322204389,1.51));
#12934=CARTESIAN_POINT('',(42.5762226644938,16.526946,4.765));
#12935=CARTESIAN_POINT('',(42.5762226644938,16.526946,1.51));
#12936=CARTESIAN_POINT('',(42.5762226644938,15.266946,4.765));
#12937=CARTESIAN_POINT('',(42.5762226644938,10.4587661102194,4.765));
#12938=CARTESIAN_POINT('',(42.5762226644938,15.266946,1.51));
#12939=CARTESIAN_POINT('',(42.5762226644938,15.266946,1.51));
#12940=CARTESIAN_POINT('',(42.5762226644938,0.839951451821474,1.51));
#12941=CARTESIAN_POINT('',(42.5762226644937,-20.9175322204389,1.51));
#12942=CARTESIAN_POINT('',(42.5762226644937,0.839951451821475,4.765));
#12943=CARTESIAN_POINT('',(42.5762226644938,0.839951451821474,1.51));
#12944=CARTESIAN_POINT('',(42.5762226644937,-0.420048548178527,4.765));
#12945=CARTESIAN_POINT('',(42.5762226644938,10.4587661102194,4.765));
#12946=CARTESIAN_POINT('',(42.5762226644937,-0.420048548178526,1.51));
#12947=CARTESIAN_POINT('',(42.5762226644937,-0.420048548178526,1.51));
#12948=CARTESIAN_POINT('',(42.5762226644937,-20.9175322204389,1.51));
#12949=CARTESIAN_POINT('Origin',(42.0762226644938,10.4587661102194,4.265));
#12950=CARTESIAN_POINT('',(41.5762226644938,-0.420048548178526,3.765));
#12951=CARTESIAN_POINT('',(35.3876104071218,-0.420048548178527,-2.42361225737195));
#12952=CARTESIAN_POINT('',(41.5762226644938,0.839951451821474,3.765));
#12953=CARTESIAN_POINT('',(41.5124726644937,0.839951451821475,3.70125));
#12954=CARTESIAN_POINT('',(41.5762226644938,10.4587661102194,3.765));
#12955=CARTESIAN_POINT('Origin',(42.0762226644938,10.4587661102194,4.265));
#12956=CARTESIAN_POINT('',(41.5762226644938,15.266946,3.765));
#12957=CARTESIAN_POINT('',(37.8264560673928,15.266946,0.0152334028989993));
#12958=CARTESIAN_POINT('',(41.5762226644938,16.526946,3.765));
#12959=CARTESIAN_POINT('',(41.5124726644938,16.526946,3.70125));
#12960=CARTESIAN_POINT('',(41.5762226644938,10.4587661102194,3.765));
#12961=CARTESIAN_POINT('Origin',(11.9805541885571,41.6684607778519,4.265));
#12962=CARTESIAN_POINT('',(35.0864397358436,27.7509212680717,3.765));
#12963=CARTESIAN_POINT('',(35.5864397358436,28.6169466718561,4.765));
#12964=CARTESIAN_POINT('',(33.9547123761281,25.7907119807286,1.50154528056893));
#12965=CARTESIAN_POINT('',(34.4952477270752,29.2469466718561,4.765));
#12966=CARTESIAN_POINT('',(12.2305541885571,42.1014734797441,4.765));
#12967=CARTESIAN_POINT('',(33.9952477270752,28.3809212680717,3.765));
#12968=CARTESIAN_POINT('',(33.9633727270752,28.3257121485804,3.70125000000002));
#12969=CARTESIAN_POINT('',(11.7305541885571,41.2354480759596,3.765));
#12970=CARTESIAN_POINT('Origin',(3.17299704486733,47.3308565348538,1.51));
#12971=CARTESIAN_POINT('',(34.4952477270752,29.2469466718561,1.51));
#12972=CARTESIAN_POINT('',(34.4952477270752,29.2469466718561,1.51));
#12973=CARTESIAN_POINT('',(35.5864397358436,28.6169466718561,1.51));
#12974=CARTESIAN_POINT('',(35.5864397358436,28.6169466718561,1.51));
#12975=CARTESIAN_POINT('',(39.4032256196265,26.4133243144149,1.51));
#12976=CARTESIAN_POINT('',(39.4032256196265,26.4133243144149,1.51));
#12977=CARTESIAN_POINT('',(39.4032256196265,26.4133243144149,1.51));
#12978=CARTESIAN_POINT('',(3.17299704486733,47.3308565348538,1.51));
#12979=CARTESIAN_POINT('',(3.17299704486733,47.3308565348538,1.51));
#12980=CARTESIAN_POINT('',(14.4350641048867,40.82869908612,1.51));
#12981=CARTESIAN_POINT('',(39.4032256196265,26.4133243144149,1.51));
#12982=CARTESIAN_POINT('',(14.4350641048867,40.82869908612,4.765));
#12983=CARTESIAN_POINT('',(14.4350641048867,40.82869908612,1.51));
#12984=CARTESIAN_POINT('',(16.6174481224234,39.56869908612,4.765));
#12985=CARTESIAN_POINT('',(12.2305541885571,42.1014734797441,4.765));
#12986=CARTESIAN_POINT('',(16.6174481224234,39.56869908612,1.51));
#12987=CARTESIAN_POINT('',(16.6174481224234,39.56869908612,1.51));
#12988=CARTESIAN_POINT('',(20.5606514400488,37.2920895892196,1.51));
#12989=CARTESIAN_POINT('',(39.4032256196265,26.4133243144149,1.51));
#12990=CARTESIAN_POINT('',(20.5606514400488,37.2920895892196,4.765));
#12991=CARTESIAN_POINT('',(20.5606514400488,37.2920895892196,1.51));
#12992=CARTESIAN_POINT('',(21.6518434488172,36.6620895892196,4.765));
#12993=CARTESIAN_POINT('',(12.2305541885571,42.1014734797441,4.765));
#12994=CARTESIAN_POINT('',(21.6518434488172,36.6620895892196,1.51));
#12995=CARTESIAN_POINT('',(21.6518434488172,36.6620895892196,1.51));
#12996=CARTESIAN_POINT('',(39.4032256196265,26.4133243144149,1.51));
#12997=CARTESIAN_POINT('Origin',(11.9805541885571,41.6684607778519,4.265));
#12998=CARTESIAN_POINT('',(21.1518434488172,35.7960641854352,3.765));
#12999=CARTESIAN_POINT('',(18.2974191354461,30.8520562483166,-1.94384862674203));
#13000=CARTESIAN_POINT('',(20.0606514400488,36.4260641854352,3.765));
#13001=CARTESIAN_POINT('',(20.0287764400488,36.3708550659439,3.70125000000001));
#13002=CARTESIAN_POINT('',(11.7305541885571,41.2354480759596,3.765));
#13003=CARTESIAN_POINT('Origin',(11.9805541885571,41.6684607778519,4.265));
#13004=CARTESIAN_POINT('',(14.6174481224234,39.56869908612,3.765));
#13005=CARTESIAN_POINT('',(0.717732050938144,39.56869908612,-3.18485803574261));
#13006=CARTESIAN_POINT('',(12.4350641048867,40.82869908612,3.765));
#13007=CARTESIAN_POINT('',(12.7022601383548,40.82869908612,3.89859801673409));
#13008=CARTESIAN_POINT('',(11.7305541885571,41.2354480759596,3.765));
#13009=CARTESIAN_POINT('Origin',(-17.6115877185667,38.417382053485,4.265));
#13010=CARTESIAN_POINT('',(-16.6174481224234,39.56869908612,4.765));
#13011=CARTESIAN_POINT('',(-14.6174481224234,39.56869908612,3.765));
#13012=CARTESIAN_POINT('',(-16.2641039608808,39.56869908612,4.58832791922867));
#13013=CARTESIAN_POINT('',(-12.4350641048866,40.82869908612,3.765));
#13014=CARTESIAN_POINT('',(-17.3615877185667,37.9843693515928,3.765));
#13015=CARTESIAN_POINT('',(-14.4350641048866,40.82869908612,4.765));
#13016=CARTESIAN_POINT('',(-3.4066222664493,40.82869908612,-0.749220919218578));
#13017=CARTESIAN_POINT('',(-17.8615877185667,38.8503947553772,4.765));
#13018=CARTESIAN_POINT('Origin',(0.,0.,3.765));
#13019=CARTESIAN_POINT('',(-14.4350641048866,40.82869908612,3.765));
#13020=CARTESIAN_POINT('',(-16.6174481224234,39.56869908612,3.765));
#13021=CARTESIAN_POINT('Origin',(-17.6115877185667,38.417382053485,4.265));
#13022=CARTESIAN_POINT('',(-20.424379995973,36.2160654057603,3.765));
#13023=CARTESIAN_POINT('',(-20.924379995973,37.0820908095448,4.765));
#13024=CARTESIAN_POINT('',(-17.569939596509,31.2720296067115,-1.94388079892799));
#13025=CARTESIAN_POINT('',(-22.0155720047414,36.4520908095448,4.765));
#13026=CARTESIAN_POINT('',(-17.8615877185667,38.8503947553772,4.765));
#13027=CARTESIAN_POINT('',(-21.5155720047414,35.5860654057603,3.765));
#13028=CARTESIAN_POINT('',(-21.4836970047414,35.5308562862691,3.70125));
#13029=CARTESIAN_POINT('',(-17.3615877185667,37.9843693515928,3.765));
#13030=CARTESIAN_POINT('Origin',(-14.4350641048866,40.82869908612,1.51));
#13031=CARTESIAN_POINT('',(-14.4350641048866,40.82869908612,1.51));
#13032=CARTESIAN_POINT('',(-14.4350641048866,40.82869908612,1.51));
#13033=CARTESIAN_POINT('',(-3.17299704486726,47.3308565348538,1.51));
#13034=CARTESIAN_POINT('',(-3.17299704486726,47.3308565348538,1.51));
#13035=CARTESIAN_POINT('',(-3.17299704486726,47.3308565348538,1.51));
#13036=CARTESIAN_POINT('',(-39.4032256196264,26.413324314415,1.51));
#13037=CARTESIAN_POINT('',(-39.4032256196264,26.413324314415,1.51));
#13038=CARTESIAN_POINT('',(-35.6027826245237,28.6075111006774,1.51));
#13039=CARTESIAN_POINT('',(-3.17299704486726,47.3308565348538,1.51));
#13040=CARTESIAN_POINT('',(-35.6027826245237,28.6075111006774,4.765));
#13041=CARTESIAN_POINT('',(-35.6027826245237,28.6075111006774,1.51));
#13042=CARTESIAN_POINT('',(-34.5115906157553,29.2375111006774,4.765));
#13043=CARTESIAN_POINT('',(-17.8615877185667,38.8503947553772,4.765));
#13044=CARTESIAN_POINT('',(-34.5115906157553,29.2375111006774,1.51));
#13045=CARTESIAN_POINT('',(-34.5115906157553,29.2375111006774,1.51));
#13046=CARTESIAN_POINT('',(-22.0155720047414,36.4520908095448,1.51));
#13047=CARTESIAN_POINT('',(-3.17299704486726,47.3308565348538,1.51));
#13048=CARTESIAN_POINT('',(-22.0155720047414,36.4520908095448,1.51));
#13049=CARTESIAN_POINT('',(-20.924379995973,37.0820908095448,1.51));
#13050=CARTESIAN_POINT('',(-20.924379995973,37.0820908095448,1.51));
#13051=CARTESIAN_POINT('',(-16.6174481224234,39.56869908612,1.51));
#13052=CARTESIAN_POINT('',(-3.17299704486726,47.3308565348538,1.51));
#13053=CARTESIAN_POINT('',(-16.6174481224234,39.56869908612,1.51));
#13054=CARTESIAN_POINT('Origin',(-17.6115877185667,38.417382053485,4.265));
#13055=CARTESIAN_POINT('',(-34.0115906157553,28.3714856968929,3.765));
#13056=CARTESIAN_POINT('',(-32.068557625592,25.0060538371477,-0.121065980326528));
#13057=CARTESIAN_POINT('',(-35.1027826245237,27.7414856968929,3.765));
#13058=CARTESIAN_POINT('',(-35.0709076245237,27.6862765774017,3.70125));
#13059=CARTESIAN_POINT('',(-17.3615877185667,37.9843693515928,3.765));
#13060=CARTESIAN_POINT('Origin',(-42.0762226644937,8.27250000000002,4.265));
#13061=CARTESIAN_POINT('',(-41.5762226644937,16.545,3.765));
#13062=CARTESIAN_POINT('',(-39.3184169983703,16.545,1.50719433387656));
#13063=CARTESIAN_POINT('',(-41.5762226644937,15.285,3.765));
#13064=CARTESIAN_POINT('',(-41.5124726644937,15.285,3.70125));
#13065=CARTESIAN_POINT('',(-41.5762226644937,8.27250000000002,3.765));
#13066=CARTESIAN_POINT('Origin',(-42.0762226644937,8.27250000000002,4.265));
#13067=CARTESIAN_POINT('',(-41.5762226644937,0.840000043193421,3.765));
#13068=CARTESIAN_POINT('',(-35.8640043874401,0.840000043193422,-1.94721827705367));
#13069=CARTESIAN_POINT('',(-41.5762226644937,-0.419999956806577,3.765));
#13070=CARTESIAN_POINT('',(-41.5124726644937,-0.419999956806577,3.70125));
#13071=CARTESIAN_POINT('',(-41.5762226644937,8.27250000000002,3.765));
#13072=CARTESIAN_POINT('Origin',(0.,0.,3.765));
#13073=CARTESIAN_POINT('',(-2.58796070327763,-40.483054,3.765));
#13074=CARTESIAN_POINT('',(-0.007205,-38.993054,3.765));
#13075=CARTESIAN_POINT('',(2.57355070327763,-40.483054,3.765));
#13076=CARTESIAN_POINT('Origin',(-0.007205,-38.993054,3.765));
#13077=CARTESIAN_POINT('',(-0.007205,-38.993054,3.765));
#13078=CARTESIAN_POINT('',(4.12886117165164,-39.9260902392313,3.765));
#13079=CARTESIAN_POINT('',(4.12886117165164,-39.9260902392313,3.765));
#13080=CARTESIAN_POINT('',(0.622795,-34.8001194667644,3.765));
#13081=CARTESIAN_POINT('Origin',(-0.007205,-38.993054,3.765));
#13082=CARTESIAN_POINT('',(0.622795,-28.0873998588989,3.765));
#13083=CARTESIAN_POINT('',(0.622795,-28.0873998588989,3.765));
#13084=CARTESIAN_POINT('',(-0.637205000000001,-28.0873998588989,3.765));
#13085=CARTESIAN_POINT('',(-0.637205,-28.0873998588989,3.765));
#13086=CARTESIAN_POINT('',(-0.637205000000001,-34.8001194667644,3.765));
#13087=CARTESIAN_POINT('',(-0.637205,-38.993054,3.765));
#13088=CARTESIAN_POINT('',(-4.14327117165163,-39.9260902392314,3.765));
#13089=CARTESIAN_POINT('Origin',(-0.007205,-38.993054,3.765));
#13090=CARTESIAN_POINT('',(-10.0708498293553,-43.3483793728992,3.765));
#13091=CARTESIAN_POINT('Origin',(0.,0.,3.765));
#13092=CARTESIAN_POINT('',(-37.4441247358092,-17.8448729810778,3.765));
#13093=CARTESIAN_POINT('',(-34.5961761255569,-19.4891368778452,3.765));
#13094=CARTESIAN_POINT('',(-34.1761755433769,-23.5051270189214,3.765));
#13095=CARTESIAN_POINT('',(-37.4441247358092,-17.8448729810778,3.765));
#13096=CARTESIAN_POINT('',(-34.1761755433769,-20.7015721070216,3.765));
#13097=CARTESIAN_POINT('',(-32.9161755433769,-19.9741107678426,3.765));
#13098=CARTESIAN_POINT('',(-32.9161755433769,-30.1586244221842,3.765));
#13099=CARTESIAN_POINT('',(-16.6128144171106,-10.5613608328971,3.765));
#13100=CARTESIAN_POINT('',(-16.6128144171106,-10.5613608328971,3.765));
#13101=CARTESIAN_POINT('',(-9.27080951418982,-15.2175094046298,3.765));
#13102=CARTESIAN_POINT('Origin',(-5.93584807271099,-1.84214561345795,3.765));
#13103=CARTESIAN_POINT('',(-9.27080951418982,-15.2175094046298,3.765));
#13104=CARTESIAN_POINT('',(-7.96556256828927,-15.476755377906,3.765));
#13105=CARTESIAN_POINT('',(-7.96556256828927,-15.476755377906,3.765));
#13106=CARTESIAN_POINT('Origin',(-5.93584807271099,-1.84214561345795,3.765));
#13107=CARTESIAN_POINT('',(6.00752118765711,-8.72533201750342,3.765));
#13108=CARTESIAN_POINT('',(6.00752118765711,-8.72533201750342,3.765));
#13109=CARTESIAN_POINT('',(7.4265606898061,-5.22864180063263,3.765));
#13110=CARTESIAN_POINT('Origin',(-5.93584807271099,-1.84214561345795,3.765));
#13111=CARTESIAN_POINT('',(8.56359461797735,-5.42938151541058,3.765));
#13112=CARTESIAN_POINT('Origin',(9.65006157950398,4.04518156567979,3.765));
#13113=CARTESIAN_POINT('',(32.9161755433769,-19.4893506681521,3.765));
#13114=CARTESIAN_POINT('',(8.56359461797735,-5.42938151541058,3.765));
#13115=CARTESIAN_POINT('',(32.9161755433769,-19.4893506681521,3.765));
#13116=CARTESIAN_POINT('',(34.1761755433769,-23.5051270189214,3.765));
#13117=CARTESIAN_POINT('',(34.1761755433768,-29.4311630830053,3.765));
#13118=CARTESIAN_POINT('',(37.4441247358092,-17.8448729810777,3.765));
#13119=CARTESIAN_POINT('',(34.1761755433769,-23.5051270189214,3.765));
#13120=CARTESIAN_POINT('',(35.0159906866299,-19.2467568279999,3.765));
#13121=CARTESIAN_POINT('',(33.7559906866299,-18.519295488821,3.765));
#13122=CARTESIAN_POINT('',(33.7559906866299,-18.519295488821,3.765));
#13123=CARTESIAN_POINT('',(11.0198587882723,-5.39258361697336,3.765));
#13124=CARTESIAN_POINT('',(11.0198587882723,-5.39258361697336,3.765));
#13125=CARTESIAN_POINT('',(18.076773635006,-0.420048548178527,3.765));
#13126=CARTESIAN_POINT('Origin',(9.65006157950398,4.04518156567979,3.765));
#13127=CARTESIAN_POINT('',(18.076773635006,-0.420048548178525,3.765));
#13128=CARTESIAN_POINT('',(18.6319464570375,0.839951451821475,3.765));
#13129=CARTESIAN_POINT('',(18.6319464570375,0.839951451821475,3.765));
#13130=CARTESIAN_POINT('',(18.4452356450462,7.73200529252954,3.765));
#13131=CARTESIAN_POINT('Origin',(9.65006157950398,4.04518156567979,3.765));
#13132=CARTESIAN_POINT('',(17.6575488832272,9.39263368283207,3.765));
#13133=CARTESIAN_POINT('Origin',(0.000129850672473471,5.44317300206672E-5,
3.765));
#13134=CARTESIAN_POINT('',(27.8321562760898,15.266946,3.765));
#13135=CARTESIAN_POINT('',(17.6575488832272,9.39263368283207,3.765));
#13136=CARTESIAN_POINT('',(27.8321562760898,15.266946,3.765));
#13137=CARTESIAN_POINT('',(33.7677860813434,16.526946,3.765));
#13138=CARTESIAN_POINT('',(30.0145402936266,16.526946,3.765));
#13139=CARTESIAN_POINT('',(31.1870302969815,20.9969460004488,3.765));
#13140=CARTESIAN_POINT('Origin',(33.767786,19.506946,3.765));
#13141=CARTESIAN_POINT('',(29.1621417433538,17.4897361459011,3.765));
#13142=CARTESIAN_POINT('',(26.979757725817,16.2297361459011,3.765));
#13143=CARTESIAN_POINT('',(26.9797577258171,16.2297361459011,3.765));
#13144=CARTESIAN_POINT('',(17.0310695724218,10.4858583624547,3.765));
#13145=CARTESIAN_POINT('',(17.0310695724218,10.4858583624547,3.765));
#13146=CARTESIAN_POINT('',(10.3616461953331,17.1068943187106,3.765));
#13147=CARTESIAN_POINT('Origin',(0.000129850672473471,5.44317300206672E-5,
3.765));
#13148=CARTESIAN_POINT('',(10.3616461953331,17.1068943187106,3.765));
#13149=CARTESIAN_POINT('',(9.26383294391306,17.7254259900287,3.765));
#13150=CARTESIAN_POINT('',(9.26383294391306,17.7254259900287,3.765));
#13151=CARTESIAN_POINT('',(-9.63411839811705,17.5267840913144,3.765));
#13152=CARTESIAN_POINT('Origin',(0.000129850672473471,5.44317300206672E-5,
3.765));
#13153=CARTESIAN_POINT('',(-9.63411839811705,17.5267840913144,3.765));
#13154=CARTESIAN_POINT('',(-10.7186874201087,16.8853127417193,3.765));
#13155=CARTESIAN_POINT('',(-10.7186874201087,16.8853127417193,3.765));
#13156=CARTESIAN_POINT('',(-17.1067247575765,10.3615464715712,3.765));
#13157=CARTESIAN_POINT('Origin',(0.000129850672473471,5.44317300206672E-5,
3.765));
#13158=CARTESIAN_POINT('',(-26.8669586551022,15.9966201396614,3.765));
#13159=CARTESIAN_POINT('',(-17.1067247575765,10.3615464715712,3.765));
#13160=CARTESIAN_POINT('',(-26.8669586551022,15.9966201396614,3.765));
#13161=CARTESIAN_POINT('',(-31.2192442968725,21.01500000026,3.765));
#13162=CARTESIAN_POINT('',(-29.049342672639,17.2566201396614,3.765));
#13163=CARTESIAN_POINT('',(-33.8,16.545,3.765));
#13164=CARTESIAN_POINT('Origin',(-33.8,19.525,3.765));
#13165=CARTESIAN_POINT('',(-30.3367804350562,16.545,3.765));
#13166=CARTESIAN_POINT('',(-28.1543964175194,15.285,3.765));
#13167=CARTESIAN_POINT('',(-28.1543964175194,15.285,3.765));
#13168=CARTESIAN_POINT('',(-17.7252548778815,9.2637323246733,3.765));
#13169=CARTESIAN_POINT('',(-17.7252548778815,9.2637323246733,3.765));
#13170=CARTESIAN_POINT('',(-19.9823495562791,0.840000043193427,3.765));
#13171=CARTESIAN_POINT('Origin',(0.000129850672473471,5.44317300206672E-5,
3.765));
#13172=CARTESIAN_POINT('',(-19.9823495562791,0.840000043193426,3.765));
#13173=CARTESIAN_POINT('',(-19.9955833446634,-0.419999956806576,3.765));
#13174=CARTESIAN_POINT('',(-19.9955833446634,-0.419999956806576,3.765));
#13175=CARTESIAN_POINT('',(-19.1012720743066,-5.92796685533244,3.765));
#13176=CARTESIAN_POINT('Origin',(0.000129850672473471,5.44317300206672E-5,
3.765));
#13177=CARTESIAN_POINT('',(-17.3690586500083,-9.54305596597589,3.765));
#13178=CARTESIAN_POINT('Origin',(-5.93584807271099,-1.84214561345795,3.765));
#13179=CARTESIAN_POINT('',(-33.3361761255569,-18.7616755386662,3.765));
#13180=CARTESIAN_POINT('',(-17.3690586500083,-9.54305596597589,3.765));
#13181=CARTESIAN_POINT('',(-42.5762226644937,-13.4269321820863,3.765));
#13182=CARTESIAN_POINT('',(15.2171740281937,6.37865090298077,3.765));
#13183=CARTESIAN_POINT('',(8.2426373560121,-1.82492128702209,3.765));
#13184=CARTESIAN_POINT('Origin',(9.65015897644756,4.0450298708606,3.765));
#13185=CARTESIAN_POINT('',(4.03362437429779,-4.36882925198962,3.765));
#13186=CARTESIAN_POINT('Origin',(7.4265606898061,-5.22864180063263,3.765));
#13187=CARTESIAN_POINT('',(-15.7586120953693,-4.89079601519169,3.765));
#13188=CARTESIAN_POINT('Origin',(-5.93600432466315,-1.84240050014497,3.765));
#13189=CARTESIAN_POINT('Origin',(2.39711498434416E-6,-0.000191517524176974,
3.765));
#13190=CARTESIAN_POINT('Origin',(-35.6027826245237,28.6075111006774,1.51));
#13191=CARTESIAN_POINT('',(-31.2192442968725,21.01500000026,1.51));
#13192=CARTESIAN_POINT('',(-29.049342672639,17.2566201396614,1.51));
#13193=CARTESIAN_POINT('',(-31.2192442968725,21.01500000026,1.51));
#13194=CARTESIAN_POINT('Origin',(-42.5762226644937,20.9175322204389,1.51));
#13195=CARTESIAN_POINT('',(-39.4032256196264,26.413324314415,1.51));
#13196=CARTESIAN_POINT('Origin',(-33.8,16.545,1.51));
#13197=CARTESIAN_POINT('',(-33.8,16.545,1.51));
#13198=CARTESIAN_POINT('',(-30.3367804350562,16.545,1.51));
#13199=CARTESIAN_POINT('',(-33.8,16.545,1.51));
#13200=CARTESIAN_POINT('Origin',(-33.8,19.525,1.51));
#13201=CARTESIAN_POINT('Origin',(-33.8,19.525,1.51));
#13202=CARTESIAN_POINT('Origin',(-8.81084982935535,-44.0758407120782,1.51));
#13203=CARTESIAN_POINT('',(-2.58796070327763,-40.483054,1.51));
#13204=CARTESIAN_POINT('',(-0.007205,-38.993054,1.51));
#13205=CARTESIAN_POINT('',(-2.58796070327763,-40.483054,1.51));
#13206=CARTESIAN_POINT('Origin',(3.1729970448673,-47.3308565348538,1.51));
#13207=CARTESIAN_POINT('',(-3.17299704486732,-47.3308565348538,1.51));
#13208=CARTESIAN_POINT('Origin',(2.57355070327763,-40.483054,1.51));
#13209=CARTESIAN_POINT('',(2.57355070327763,-40.483054,1.51));
#13210=CARTESIAN_POINT('',(-0.007205,-38.993054,1.51));
#13211=CARTESIAN_POINT('',(2.57355070327763,-40.483054,1.51));
#13212=CARTESIAN_POINT('Origin',(-0.007205,-38.993054,1.51));
#13213=CARTESIAN_POINT('Origin',(-0.007205,-38.993054,1.51));
#13214=CARTESIAN_POINT('Origin',(2.39711498434416E-6,-0.000191517524176974,
1.51));
#13215=CARTESIAN_POINT('',(-15.7586120953693,-4.89079601519169,1.51));
#13216=CARTESIAN_POINT('',(15.2171740281937,6.37865090298077,1.51));
#13217=CARTESIAN_POINT('Origin',(2.39711498434416E-6,-0.000191517524176974,
1.51));
#13218=CARTESIAN_POINT('',(15.2171740281937,6.37865090298077,1.51));
#13219=CARTESIAN_POINT('',(-15.7586120953693,-4.89079601519169,1.51));
#13220=CARTESIAN_POINT('Origin',(-5.93600432466315,-1.84240050014497,1.51));
#13221=CARTESIAN_POINT('',(4.03362437429779,-4.36882925198962,1.51));
#13222=CARTESIAN_POINT('Origin',(-5.93600432466315,-1.84240050014497,1.51));
#13223=CARTESIAN_POINT('',(4.03362437429779,-4.36882925198962,1.51));
#13224=CARTESIAN_POINT('Origin',(7.4265606898061,-5.22864180063263,1.51));
#13225=CARTESIAN_POINT('',(8.2426373560121,-1.82492128702209,1.51));
#13226=CARTESIAN_POINT('Origin',(7.4265606898061,-5.22864180063263,1.51));
#13227=CARTESIAN_POINT('',(8.2426373560121,-1.82492128702209,1.51));
#13228=CARTESIAN_POINT('Origin',(9.65015897644756,4.0450298708606,1.51));
#13229=CARTESIAN_POINT('Origin',(9.65015897644756,4.0450298708606,1.51));
#13230=CARTESIAN_POINT('Origin',(33.7559906866299,-18.519295488821,1.51));
#13231=CARTESIAN_POINT('',(33.7559906866299,-18.519295488821,1.51));
#13232=CARTESIAN_POINT('',(11.0198587882723,-5.39258361697336,1.51));
#13233=CARTESIAN_POINT('',(11.0198587882723,-5.39258361697336,1.51));
#13234=CARTESIAN_POINT('',(11.0198587882723,-5.39258361697336,1.51));
#13235=CARTESIAN_POINT('',(33.7559906866299,-18.519295488821,1.51));
#13236=CARTESIAN_POINT('Origin',(42.5762226644937,-13.4269321820864,1.51));
#13237=CARTESIAN_POINT('',(33.7559906866299,-18.519295488821,1.51));
#13238=CARTESIAN_POINT('Origin',(18.076773635006,-0.420048548178525,1.51));
#13239=CARTESIAN_POINT('',(18.076773635006,-0.420048548178526,1.51));
#13240=CARTESIAN_POINT('',(18.076773635006,-0.420048548178525,1.51));
#13241=CARTESIAN_POINT('',(18.076773635006,-0.420048548178526,1.51));
#13242=CARTESIAN_POINT('Origin',(9.65006157950398,4.04518156567979,1.51));
#13243=CARTESIAN_POINT('Origin',(9.65006157950398,4.04518156567979,1.51));
#13244=CARTESIAN_POINT('Origin',(0.622795,-34.8001194667644,1.51));
#13245=CARTESIAN_POINT('',(0.622795,-34.8001194667644,1.51));
#13246=CARTESIAN_POINT('',(0.622795,-28.0873998588989,1.51));
#13247=CARTESIAN_POINT('',(0.622795,-28.0873998588989,1.51));
#13248=CARTESIAN_POINT('',(0.622795,-28.0873998588989,1.51));
#13249=CARTESIAN_POINT('',(0.622795,-34.8001194667644,1.51));
#13250=CARTESIAN_POINT('Origin',(-0.007205,-38.993054,1.51));
#13251=CARTESIAN_POINT('',(4.12886117165164,-39.9260902392313,1.51));
#13252=CARTESIAN_POINT('Origin',(-0.007205,-38.993054,1.51));
#13253=CARTESIAN_POINT('',(4.12886117165164,-39.9260902392313,1.51));
#13254=CARTESIAN_POINT('Origin',(10.0636448293553,-43.3525391815888,1.51));
#13255=CARTESIAN_POINT('',(4.12886117165164,-39.9260902392313,1.51));
#13256=CARTESIAN_POINT('Origin',(-20.5606515957518,-37.2920894993244,1.51));
#13257=CARTESIAN_POINT('',(-7.96556256828927,-15.476755377906,1.51));
#13258=CARTESIAN_POINT('',(-7.96556256828927,-15.476755377906,1.51));
#13259=CARTESIAN_POINT('',(-7.96556256828927,-15.476755377906,1.51));
#13260=CARTESIAN_POINT('Origin',(-4.14327117165164,-39.9260902392314,1.51));
#13261=CARTESIAN_POINT('',(-4.14327117165163,-39.9260902392314,1.51));
#13262=CARTESIAN_POINT('',(-10.0708498293553,-43.3483793728992,1.51));
#13263=CARTESIAN_POINT('',(-4.14327117165163,-39.9260902392314,1.51));
#13264=CARTESIAN_POINT('Origin',(-0.007205,-38.993054,1.51));
#13265=CARTESIAN_POINT('',(-0.637205,-34.8001194667644,1.51));
#13266=CARTESIAN_POINT('Origin',(-0.007205,-38.993054,1.51));
#13267=CARTESIAN_POINT('',(-0.637205,-34.8001194667644,1.51));
#13268=CARTESIAN_POINT('Origin',(-0.637205,-28.0873998588989,1.51));
#13269=CARTESIAN_POINT('',(-0.637205,-28.0873998588989,1.51));
#13270=CARTESIAN_POINT('',(-0.637205,-38.993054,1.51));
#13271=CARTESIAN_POINT('',(-0.637205,-28.0873998588989,1.51));
#13272=CARTESIAN_POINT('Origin',(0.622795,-28.0873998588989,1.51));
#13273=CARTESIAN_POINT('',(-0.637205,-28.0873998588989,1.51));
#13274=CARTESIAN_POINT('Origin',(-39.4032256196265,-26.4133243144149,1.51));
#13275=CARTESIAN_POINT('',(-42.5762226644938,-20.9175322204389,1.51));
#13276=CARTESIAN_POINT('Origin',(-34.1761755433769,-23.5051270189214,1.51));
#13277=CARTESIAN_POINT('',(-34.1761755433769,-23.5051270189214,1.51));
#13278=CARTESIAN_POINT('',(-34.1761755433769,-20.7015721070216,1.51));
#13279=CARTESIAN_POINT('',(-34.1761755433769,-23.5051270189214,1.51));
#13280=CARTESIAN_POINT('Origin',(-37.4441247358092,-17.8448729810778,1.51));
#13281=CARTESIAN_POINT('',(-37.4441247358092,-17.8448729810778,1.51));
#13282=CARTESIAN_POINT('',(-37.4441247358092,-17.8448729810778,1.51));
#13283=CARTESIAN_POINT('',(-37.4441247358092,-17.8448729810778,1.51));
#13284=CARTESIAN_POINT('Origin',(-42.5762226644937,-14.8818548604442,1.51));
#13285=CARTESIAN_POINT('',(-34.5961761255569,-19.4891368778452,1.51));
#13286=CARTESIAN_POINT('Origin',(-33.3361761255569,-18.7616755386662,1.51));
#13287=CARTESIAN_POINT('',(-33.3361761255569,-18.7616755386662,1.51));
#13288=CARTESIAN_POINT('',(-42.5762226644937,-13.4269321820863,1.51));
#13289=CARTESIAN_POINT('',(-33.3361761255569,-18.7616755386662,1.51));
#13290=CARTESIAN_POINT('Origin',(-17.3690586500083,-9.54305596597589,1.51));
#13291=CARTESIAN_POINT('',(-17.3690586500083,-9.54305596597589,1.51));
#13292=CARTESIAN_POINT('',(-17.3690586500083,-9.54305596597589,1.51));
#13293=CARTESIAN_POINT('',(-17.3690586500083,-9.54305596597589,1.51));
#13294=CARTESIAN_POINT('Origin',(-5.93584807271099,-1.84214561345795,1.51));
#13295=CARTESIAN_POINT('',(-19.1012720743066,-5.92796685533244,1.51));
#13296=CARTESIAN_POINT('Origin',(-5.93584807271099,-1.84214561345795,1.51));
#13297=CARTESIAN_POINT('',(-19.1012720743066,-5.92796685533244,1.51));
#13298=CARTESIAN_POINT('Origin',(0.000129850672473471,5.44317300206672E-5,
1.51));
#13299=CARTESIAN_POINT('',(-19.9955833446634,-0.419999956806576,1.51));
#13300=CARTESIAN_POINT('Origin',(0.000129850672473471,5.44317300206672E-5,
1.51));
#13301=CARTESIAN_POINT('',(-19.9955833446634,-0.419999956806576,1.51));
#13302=CARTESIAN_POINT('Origin',(-42.5762226644937,-0.419999956806577,1.51));
#13303=CARTESIAN_POINT('',(-19.9955833446634,-0.419999956806576,1.51));
#13304=CARTESIAN_POINT('Origin',(42.5762226644938,16.526946,1.51));
#13305=CARTESIAN_POINT('',(33.7677860813434,16.526946,1.51));
#13306=CARTESIAN_POINT('',(30.0145402936266,16.526946,1.51));
#13307=CARTESIAN_POINT('',(33.7677860813434,16.526946,1.51));
#13308=CARTESIAN_POINT('Origin',(39.4032256196265,26.4133243144149,1.51));
#13309=CARTESIAN_POINT('',(42.5762226644938,20.9175322204389,1.51));
#13310=CARTESIAN_POINT('Origin',(31.1870302969815,20.9969460004488,1.51));
#13311=CARTESIAN_POINT('',(31.1870302969815,20.9969460004488,1.51));
#13312=CARTESIAN_POINT('',(29.1621417433538,17.4897361459011,1.51));
#13313=CARTESIAN_POINT('',(31.1870302969815,20.9969460004488,1.51));
#13314=CARTESIAN_POINT('Origin',(33.767786,19.506946,1.51));
#13315=CARTESIAN_POINT('Origin',(33.767786,19.506946,1.51));
#13316=CARTESIAN_POINT('Origin',(32.9161755433769,-19.4893506681521,1.51));
#13317=CARTESIAN_POINT('',(32.9161755433769,-19.4893506681521,1.51));
#13318=CARTESIAN_POINT('',(32.9161755433769,-19.4893506681521,1.51));
#13319=CARTESIAN_POINT('',(32.9161755433769,-19.4893506681521,1.51));
#13320=CARTESIAN_POINT('Origin',(8.56359461797735,-5.42938151541058,1.51));
#13321=CARTESIAN_POINT('',(8.56359461797735,-5.42938151541058,1.51));
#13322=CARTESIAN_POINT('',(8.56359461797735,-5.42938151541058,1.51));
#13323=CARTESIAN_POINT('',(8.56359461797735,-5.42938151541058,1.51));
#13324=CARTESIAN_POINT('Origin',(9.65006157950398,4.04518156567979,1.51));
#13325=CARTESIAN_POINT('',(7.4265606898061,-5.22864180063263,1.51));
#13326=CARTESIAN_POINT('Origin',(9.65006157950398,4.04518156567979,1.51));
#13327=CARTESIAN_POINT('',(7.4265606898061,-5.22864180063263,1.51));
#13328=CARTESIAN_POINT('Origin',(-5.93584807271099,-1.84214561345795,1.51));
#13329=CARTESIAN_POINT('Origin',(-5.93584807271099,-1.84214561345795,1.51));
#13330=CARTESIAN_POINT('',(6.00752118765711,-8.72533201750342,1.51));
#13331=CARTESIAN_POINT('Origin',(22.0155726311839,-36.4520904478681,1.51));
#13332=CARTESIAN_POINT('',(6.00752118765711,-8.72533201750342,1.51));
#13333=CARTESIAN_POINT('Origin',(26.979757725817,16.2297361459011,1.51));
#13334=CARTESIAN_POINT('',(26.979757725817,16.2297361459011,1.51));
#13335=CARTESIAN_POINT('',(17.0310695724218,10.4858583624547,1.51));
#13336=CARTESIAN_POINT('',(17.0310695724218,10.4858583624547,1.51));
#13337=CARTESIAN_POINT('',(17.0310695724218,10.4858583624547,1.51));
#13338=CARTESIAN_POINT('',(26.979757725817,16.2297361459011,1.51));
#13339=CARTESIAN_POINT('Origin',(34.4952477270752,29.2469466718561,1.51));
#13340=CARTESIAN_POINT('',(26.9797577258171,16.2297361459011,1.51));
#13341=CARTESIAN_POINT('Origin',(10.3616461953331,17.1068943187106,1.51));
#13342=CARTESIAN_POINT('',(10.3616461953331,17.1068943187106,1.51));
#13343=CARTESIAN_POINT('',(10.3616461953331,17.1068943187106,1.51));
#13344=CARTESIAN_POINT('',(10.3616461953331,17.1068943187106,1.51));
#13345=CARTESIAN_POINT('Origin',(0.000129850672473471,5.44317300206672E-5,
1.51));
#13346=CARTESIAN_POINT('Origin',(0.000129850672473471,5.44317300206672E-5,
1.51));
#13347=CARTESIAN_POINT('Origin',(-16.6174481224234,39.56869908612,1.51));
#13348=CARTESIAN_POINT('',(-16.6174481224234,39.56869908612,1.51));
#13349=CARTESIAN_POINT('Origin',(-9.63411839811705,17.5267840913144,1.51));
#13350=CARTESIAN_POINT('',(-9.63411839811705,17.5267840913144,1.51));
#13351=CARTESIAN_POINT('',(-9.63411839811705,17.5267840913144,1.51));
#13352=CARTESIAN_POINT('',(-9.63411839811705,17.5267840913144,1.51));
#13353=CARTESIAN_POINT('Origin',(0.000129850672473471,5.44317300206672E-5,
1.51));
#13354=CARTESIAN_POINT('',(9.26383294391306,17.7254259900287,1.51));
#13355=CARTESIAN_POINT('Origin',(0.000129850672473471,5.44317300206672E-5,
1.51));
#13356=CARTESIAN_POINT('',(9.26383294391306,17.7254259900287,1.51));
#13357=CARTESIAN_POINT('Origin',(20.5606514400488,37.2920895892196,1.51));
#13358=CARTESIAN_POINT('',(9.26383294391306,17.7254259900287,1.51));
#13359=CARTESIAN_POINT('Origin',(-3.17299704486726,47.3308565348538,1.51));
#13360=CARTESIAN_POINT('',(3.17299704486733,47.3308565348538,1.51));
#13361=CARTESIAN_POINT('Origin',(14.4350641048867,40.82869908612,1.51));
#13362=CARTESIAN_POINT('',(-14.4350641048866,40.82869908612,1.51));
#13363=CARTESIAN_POINT('Origin',(27.8321562760898,15.266946,1.51));
#13364=CARTESIAN_POINT('',(27.8321562760898,15.266946,1.51));
#13365=CARTESIAN_POINT('',(27.8321562760898,15.266946,1.51));
#13366=CARTESIAN_POINT('',(27.8321562760898,15.266946,1.51));
#13367=CARTESIAN_POINT('Origin',(17.6575488832272,9.39263368283207,1.51));
#13368=CARTESIAN_POINT('',(17.6575488832272,9.39263368283207,1.51));
#13369=CARTESIAN_POINT('',(17.6575488832272,9.39263368283207,1.51));
#13370=CARTESIAN_POINT('',(17.6575488832272,9.39263368283207,1.51));
#13371=CARTESIAN_POINT('Origin',(0.000129850672473471,5.44317300206672E-5,
1.51));
#13372=CARTESIAN_POINT('',(18.4452356450462,7.73200529252954,1.51));
#13373=CARTESIAN_POINT('Origin',(0.000129850672473471,5.44317300206672E-5,
1.51));
#13374=CARTESIAN_POINT('',(18.4452356450462,7.73200529252954,1.51));
#13375=CARTESIAN_POINT('Origin',(9.65006157950398,4.04518156567979,1.51));
#13376=CARTESIAN_POINT('',(18.6319464570375,0.839951451821475,1.51));
#13377=CARTESIAN_POINT('Origin',(9.65006157950398,4.04518156567979,1.51));
#13378=CARTESIAN_POINT('',(18.6319464570375,0.839951451821475,1.51));
#13379=CARTESIAN_POINT('Origin',(42.5762226644938,0.839951451821474,1.51));
#13380=CARTESIAN_POINT('',(18.6319464570375,0.839951451821475,1.51));
#13381=CARTESIAN_POINT('Origin',(-26.8669586551022,15.9966201396614,1.51));
#13382=CARTESIAN_POINT('',(-26.8669586551022,15.9966201396614,1.51));
#13383=CARTESIAN_POINT('',(-26.8669586551022,15.9966201396614,1.51));
#13384=CARTESIAN_POINT('',(-26.8669586551022,15.9966201396614,1.51));
#13385=CARTESIAN_POINT('Origin',(-17.1067247575765,10.3615464715712,1.51));
#13386=CARTESIAN_POINT('',(-17.1067247575765,10.3615464715712,1.51));
#13387=CARTESIAN_POINT('',(-17.1067247575765,10.3615464715712,1.51));
#13388=CARTESIAN_POINT('',(-17.1067247575765,10.3615464715712,1.51));
#13389=CARTESIAN_POINT('Origin',(0.000129850672473471,5.44317300206672E-5,
1.51));
#13390=CARTESIAN_POINT('',(-10.7186874201087,16.8853127417193,1.51));
#13391=CARTESIAN_POINT('Origin',(0.000129850672473471,5.44317300206672E-5,
1.51));
#13392=CARTESIAN_POINT('',(-10.7186874201087,16.8853127417193,1.51));
#13393=CARTESIAN_POINT('Origin',(-22.0155720047414,36.4520908095448,1.51));
#13394=CARTESIAN_POINT('',(-10.7186874201087,16.8853127417193,1.51));
#13395=CARTESIAN_POINT('Origin',(-28.1543964175194,15.285,1.51));
#13396=CARTESIAN_POINT('',(-28.1543964175194,15.285,1.51));
#13397=CARTESIAN_POINT('',(-17.7252548778815,9.2637323246733,1.51));
#13398=CARTESIAN_POINT('',(-17.7252548778815,9.2637323246733,1.51));
#13399=CARTESIAN_POINT('',(-17.7252548778815,9.2637323246733,1.51));
#13400=CARTESIAN_POINT('',(-28.1543964175194,15.285,1.51));
#13401=CARTESIAN_POINT('Origin',(-42.5762226644937,15.285,1.51));
#13402=CARTESIAN_POINT('',(-28.1543964175194,15.285,1.51));
#13403=CARTESIAN_POINT('Origin',(-19.9823495562791,0.840000043193426,1.51));
#13404=CARTESIAN_POINT('',(-19.9823495562791,0.840000043193426,1.51));
#13405=CARTESIAN_POINT('',(-19.9823495562791,0.840000043193426,1.51));
#13406=CARTESIAN_POINT('',(-19.9823495562791,0.840000043193426,1.51));
#13407=CARTESIAN_POINT('Origin',(0.000129850672473471,5.44317300206672E-5,
1.51));
#13408=CARTESIAN_POINT('Origin',(0.000129850672473471,5.44317300206672E-5,
1.51));
#13409=CARTESIAN_POINT('Origin',(42.5762226644937,-20.9175322204389,1.51));
#13410=CARTESIAN_POINT('',(39.4032256196265,-26.4133243144149,1.51));
#13411=CARTESIAN_POINT('Origin',(37.4441247358092,-17.8448729810777,1.51));
#13412=CARTESIAN_POINT('',(37.4441247358092,-17.8448729810777,1.51));
#13413=CARTESIAN_POINT('',(35.0159906866299,-19.2467568279999,1.51));
#13414=CARTESIAN_POINT('',(37.4441247358092,-17.8448729810777,1.51));
#13415=CARTESIAN_POINT('Origin',(34.1761755433769,-23.5051270189214,1.51));
#13416=CARTESIAN_POINT('',(34.1761755433769,-23.5051270189214,1.51));
#13417=CARTESIAN_POINT('',(34.1761755433769,-23.5051270189214,1.51));
#13418=CARTESIAN_POINT('',(34.1761755433769,-23.5051270189214,1.51));
#13419=CARTESIAN_POINT('Origin',(34.1761755433768,-29.4311630830053,1.51));
#13420=CARTESIAN_POINT('',(34.1761755433768,-29.4311630830053,1.51));
#13421=CARTESIAN_POINT('Origin',(-32.9161755433769,-19.9741107678426,1.51));
#13422=CARTESIAN_POINT('',(-32.9161755433769,-19.9741107678426,1.51));
#13423=CARTESIAN_POINT('',(-16.6128144171106,-10.5613608328971,1.51));
#13424=CARTESIAN_POINT('',(-16.6128144171106,-10.5613608328971,1.51));
#13425=CARTESIAN_POINT('',(-16.6128144171106,-10.5613608328971,1.51));
#13426=CARTESIAN_POINT('',(-32.9161755433769,-19.9741107678426,1.51));
#13427=CARTESIAN_POINT('Origin',(-32.9161755433769,-30.1586244221842,1.51));
#13428=CARTESIAN_POINT('',(-32.9161755433769,-30.1586244221842,1.51));
#13429=CARTESIAN_POINT('Origin',(-9.27080951418982,-15.2175094046298,1.51));
#13430=CARTESIAN_POINT('',(-9.27080951418982,-15.2175094046298,1.51));
#13431=CARTESIAN_POINT('',(-9.27080951418982,-15.2175094046298,1.51));
#13432=CARTESIAN_POINT('',(-9.27080951418982,-15.2175094046298,1.51));
#13433=CARTESIAN_POINT('Origin',(-5.93584807271099,-1.84214561345795,1.51));
#13434=CARTESIAN_POINT('Origin',(-5.93584807271099,-1.84214561345795,1.51));
#13435=CARTESIAN_POINT('Origin',(-44.2562226644938,-21.3676868637231,1.51));
#13436=CARTESIAN_POINT('',(-44.2562226644938,-21.3676868637231,1.51));
#13437=CARTESIAN_POINT('',(-44.2562226644938,-21.3676868637231,1.51));
#13438=CARTESIAN_POINT('',(-44.2562226644938,-21.3676868637231,1.51));
#13439=CARTESIAN_POINT('Origin',(-44.2562226644937,21.3676868637232,1.51));
#13440=CARTESIAN_POINT('',(-44.2562226644937,21.3676868637232,1.51));
#13441=CARTESIAN_POINT('',(-44.2562226644937,21.3676868637232,1.51));
#13442=CARTESIAN_POINT('',(-44.2562226644937,21.3676868637232,1.51));
#13443=CARTESIAN_POINT('Origin',(-40.6330709763421,27.6431696711307,1.51));
#13444=CARTESIAN_POINT('',(-40.6330709763421,27.6431696711307,1.51));
#13445=CARTESIAN_POINT('',(-40.6330709763421,27.6431696711307,1.51));
#13446=CARTESIAN_POINT('',(-40.6330709763421,27.6431696711307,1.51));
#13447=CARTESIAN_POINT('Origin',(-3.62315168815154,49.0108565348538,1.51));
#13448=CARTESIAN_POINT('',(-3.62315168815154,49.0108565348538,1.51));
#13449=CARTESIAN_POINT('',(-3.62315168815154,49.0108565348538,1.51));
#13450=CARTESIAN_POINT('',(-3.62315168815154,49.0108565348538,1.51));
#13451=CARTESIAN_POINT('Origin',(3.62315168815162,49.0108565348538,1.51));
#13452=CARTESIAN_POINT('',(3.62315168815162,49.0108565348538,1.51));
#13453=CARTESIAN_POINT('',(3.62315168815162,49.0108565348538,1.51));
#13454=CARTESIAN_POINT('',(3.62315168815162,49.0108565348538,1.51));
#13455=CARTESIAN_POINT('Origin',(40.6330709763422,27.6431696711306,1.51));
#13456=CARTESIAN_POINT('',(40.6330709763422,27.6431696711306,1.51));
#13457=CARTESIAN_POINT('Origin',(0.,0.,1.51));
#13458=CARTESIAN_POINT('',(0.,0.,0.));
#13459=CARTESIAN_POINT('Origin',(-30.5887687328409,19.7966298580865,-15.08));
#13460=CARTESIAN_POINT('',(-35.1112127623453,22.4076641359159,-15.24));
#13461=CARTESIAN_POINT('',(-34.4521377445943,22.0271469970012,-15.24));
#13462=CARTESIAN_POINT('',(-32.8127368124948,21.0806384275439,-15.24));
#13463=CARTESIAN_POINT('',(-35.1112127623453,22.4076641359159,-15.4));
#13464=CARTESIAN_POINT('',(-35.1112128742112,22.4076642005017,-15.8));
#13465=CARTESIAN_POINT('',(-30.5887687328409,19.7966298580865,-15.4));
#13466=CARTESIAN_POINT('',(-30.0787094554829,19.5021469970012,-15.4));
#13467=CARTESIAN_POINT('',(-30.5887687328409,19.7966298580865,-15.24));
#13468=CARTESIAN_POINT('',(-30.5887689995853,19.7966300120915,-15.8));
#13469=CARTESIAN_POINT('',(-31.2478437505919,20.1771469970012,-15.24));
#13470=CARTESIAN_POINT('',(-30.6260226679391,19.8181384275439,-15.24));
#13471=CARTESIAN_POINT('',(-31.2478437505919,20.1771469970012,-15.08));
#13472=CARTESIAN_POINT('',(-31.2478437505919,20.1771469970012,-15.08));
#13473=CARTESIAN_POINT('',(-32.8499909368983,21.1021471062966,-15.08));
#13474=CARTESIAN_POINT('',(-31.7193798348696,20.4493884821916,-15.08));
#13475=CARTESIAN_POINT('',(-34.4521377445943,22.0271469970012,-15.08));
#13476=CARTESIAN_POINT('',(-31.7193798348696,20.4493884821916,-15.08));
#13477=CARTESIAN_POINT('',(-34.4521377445943,22.0271469970012,-15.08));
#13478=CARTESIAN_POINT('Origin',(-32.5124907475931,21.6867141445557,-15.4));
#13479=CARTESIAN_POINT('Origin',(-33.774991,19.5,-15.4));
#13480=CARTESIAN_POINT('Origin',(-35.9617048921488,20.7625,-15.24));
#13481=CARTESIAN_POINT('',(-36.3021377445943,18.8228530029988,-15.24));
#13482=CARTESIAN_POINT('',(-33.7771377445943,23.1962812921102,-15.24));
#13483=CARTESIAN_POINT('',(-36.9612127623453,19.2033701419135,-15.24));
#13484=CARTESIAN_POINT('',(-36.923958827247,19.1818615724562,-15.24));
#13485=CARTESIAN_POINT('Origin',(-33.774991,19.5,-15.24));
#13486=CARTESIAN_POINT('Origin',(-34.0716206056796,22.6862220147522,-15.08));
#13487=CARTESIAN_POINT('',(-35.377137807696,20.4249998907046,-15.08));
#13488=CARTESIAN_POINT('',(-34.7243792066878,21.5556109527284,-15.08));
#13489=CARTESIAN_POINT('',(-36.3021377445943,18.8228530029988,-15.08));
#13490=CARTESIAN_POINT('',(-34.7243792066878,21.5556109527284,-15.08));
#13491=CARTESIAN_POINT('',(-36.3021377445943,18.8228530029988,-15.08));
#13492=CARTESIAN_POINT('Origin',(-31.5882766030374,18.2375,-15.24));
#13493=CARTESIAN_POINT('',(-30.574991,19.5,-15.24));
#13494=CARTESIAN_POINT('Origin',(-33.774991,19.5,-15.24));
#13495=CARTESIAN_POINT('',(-32.4387687328409,16.5923358640841,-15.24));
#13496=CARTESIAN_POINT('Origin',(-33.774991,19.5,-15.24));
#13497=CARTESIAN_POINT('',(-33.0978437505919,16.9728530029988,-15.24));
#13498=CARTESIAN_POINT('',(-34.7372446826914,17.9193615724562,-15.24));
#13499=CARTESIAN_POINT('',(-33.7728437505919,15.8037187078898,-15.24));
#13500=CARTESIAN_POINT('Origin',(-36.9612127623453,19.2033701419135,-15.08));
#13501=CARTESIAN_POINT('',(-32.4387687328409,16.5923358640841,-15.4));
#13502=CARTESIAN_POINT('',(-32.4387688447068,16.5923359286699,-15.8));
#13503=CARTESIAN_POINT('',(-36.9612127623453,19.2033701419135,-15.4));
#13504=CARTESIAN_POINT('',(-37.4712720397033,19.4978530029988,-15.4));
#13505=CARTESIAN_POINT('',(-36.9612130290897,19.2033702959185,-15.8));
#13506=CARTESIAN_POINT('',(-34.6999909368983,17.8978531122942,-15.08));
#13507=CARTESIAN_POINT('',(-35.8306018496218,18.5506116271039,-15.08));
#13508=CARTESIAN_POINT('',(-33.0978437505919,16.9728530029988,-15.08));
#13509=CARTESIAN_POINT('',(-35.8306018496218,18.5506116271039,-15.08));
#13510=CARTESIAN_POINT('',(-33.0978437505919,16.9728530029988,-15.08));
#13511=CARTESIAN_POINT('Origin',(-35.0374907475931,17.3132858554443,-15.4));
#13512=CARTESIAN_POINT('Origin',(-33.774991,19.5,-15.4));
#13513=CARTESIAN_POINT('Origin',(-33.4783608895066,16.3137779852478,-15.08));
#13514=CARTESIAN_POINT('',(-32.1728438136936,18.5749998907046,-15.08));
#13515=CARTESIAN_POINT('',(-32.8256023516001,17.4443889379762,-15.08));
#13516=CARTESIAN_POINT('',(-32.8256023516001,17.4443889379762,-15.08));
#13517=CARTESIAN_POINT('Origin',(-33.774991,19.5,-12.52));
#13518=CARTESIAN_POINT('',(-31.924991,19.5,-15.08));
#13519=CARTESIAN_POINT('Origin',(-33.774991,19.5,-15.08));
#13520=CARTESIAN_POINT('Origin',(-33.774991,19.5,-15.08));
#13521=CARTESIAN_POINT('Origin',(-33.774991,19.5,-15.08));
#13522=CARTESIAN_POINT('Origin',(-33.774991,19.5,-15.08));
#13523=CARTESIAN_POINT('Origin',(-33.774991,19.5,-15.08));
#13524=CARTESIAN_POINT('',(-31.924991,19.5,-14.6));
#13525=CARTESIAN_POINT('',(-31.924991,19.5,-12.52));
#13526=CARTESIAN_POINT('Origin',(-33.774991,19.5,-14.6));
#13527=CARTESIAN_POINT('Origin',(8.88178419700125E-15,0.,-14.6));
#13528=CARTESIAN_POINT('',(-15.2259335057558,40.3720904246344,-14.6));
#13529=CARTESIAN_POINT('',(-15.8659335057558,41.4806029414786,-14.6));
#13530=CARTESIAN_POINT('',(-5.0018778396323,22.6635065514962,-14.6));
#13531=CARTESIAN_POINT('',(-15.719523344242,42.0270131029922,-14.6));
#13532=CARTESIAN_POINT('',(-15.7927284249989,41.7538080222354,-14.6));
#13533=CARTESIAN_POINT('',(-28.5366993202517,34.6270131029923,-14.6));
#13534=CARTESIAN_POINT('',(-3.62315168815154,49.0108565348538,-14.6));
#13535=CARTESIAN_POINT('',(-27.9902891587379,34.4806029414785,-14.6));
#13536=CARTESIAN_POINT('',(-28.2634942394948,34.5538080222354,-14.6));
#13537=CARTESIAN_POINT('',(-27.3502891587379,33.3720904246344,-14.6));
#13538=CARTESIAN_POINT('',(-16.7062334926145,14.9360452123172,-14.6));
#13539=CARTESIAN_POINT('',(-39.4032256196264,26.413324314415,-14.6));
#13540=CARTESIAN_POINT('',(-30.3456684759366,31.6427073695247,-14.6));
#13541=CARTESIAN_POINT('',(-42.5762226644937,20.9175322204389,-14.6));
#13542=CARTESIAN_POINT('',(-41.7829734032769,22.2914802439329,-14.6));
#13543=CARTESIAN_POINT('',(-42.5762226644937,10.9175322204389,-14.6));
#13544=CARTESIAN_POINT('',(-42.5762226644937,5.45876611021948,-14.6));
#13545=CARTESIAN_POINT('',(-43.8562226644939,10.9175322204389,-14.6));
#13546=CARTESIAN_POINT('',(-22.1281113322469,10.917532220439,-14.6));
#13547=CARTESIAN_POINT('',(-44.2562226644937,11.3175322204389,-14.6));
#13548=CARTESIAN_POINT('',(-44.0562226644938,11.1175322204389,-14.6));
#13549=CARTESIAN_POINT('',(-44.2562226644937,-11.3175322204389,-14.6));
#13550=CARTESIAN_POINT('',(-44.2562226644937,21.3676868637232,-14.6));
#13551=CARTESIAN_POINT('',(-43.8562226644938,-10.9175322204389,-14.6));
#13552=CARTESIAN_POINT('',(-44.0562226644938,-11.1175322204389,-14.6));
#13553=CARTESIAN_POINT('',(-42.5762226644937,-10.9175322204389,-14.6));
#13554=CARTESIAN_POINT('',(-21.2881113322469,-10.9175322204388,-14.6));
#13555=CARTESIAN_POINT('',(-42.5762226644938,-20.9175322204389,-14.6));
#13556=CARTESIAN_POINT('',(-42.5762226644937,-10.4587661102194,-14.6));
#13557=CARTESIAN_POINT('',(-39.4032256196265,-26.4133243144149,-14.6));
#13558=CARTESIAN_POINT('',(-40.1964748808433,-25.0393762909209,-14.6));
#13559=CARTESIAN_POINT('',(-3.17299704486731,-47.3308565348538,-14.6));
#13560=CARTESIAN_POINT('',(-12.2305541885571,-42.1014734797441,-14.6));
#13561=CARTESIAN_POINT('',(3.17299704486726,-47.3308565348538,-14.6));
#13562=CARTESIAN_POINT('',(1.58649852243364,-47.3308565348538,-14.6));
#13563=CARTESIAN_POINT('',(39.4032256196265,-26.4133243144149,-14.6));
#13564=CARTESIAN_POINT('',(30.3456684759367,-31.6427073695247,-14.6));
#13565=CARTESIAN_POINT('',(42.5762226644937,-20.9175322204389,-14.6));
#13566=CARTESIAN_POINT('',(41.7829734032769,-22.2914802439329,-14.6));
#13567=CARTESIAN_POINT('',(42.5762226644938,20.9175322204388,-14.6));
#13568=CARTESIAN_POINT('',(42.5762226644938,10.4587661102194,-14.6));
#13569=CARTESIAN_POINT('',(39.4032256196265,26.4133243144149,-14.6));
#13570=CARTESIAN_POINT('',(40.1964748808433,25.0393762909209,-14.6));
#13571=CARTESIAN_POINT('',(27.350289158738,33.3720904246344,-14.6));
#13572=CARTESIAN_POINT('',(24.3192002454924,35.1220904246344,-14.6));
#13573=CARTESIAN_POINT('',(27.9902891587379,34.4806029414784,-14.6));
#13574=CARTESIAN_POINT('',(17.1262334926145,15.6635065514961,-14.6));
#13575=CARTESIAN_POINT('',(28.5366993202517,34.6270131029922,-14.6));
#13576=CARTESIAN_POINT('',(28.2634942394948,34.5538080222353,-14.6));
#13577=CARTESIAN_POINT('',(15.719523344242,42.0270131029922,-14.6));
#13578=CARTESIAN_POINT('',(40.6330709763422,27.6431696711306,-14.6));
#13579=CARTESIAN_POINT('',(15.8659335057557,41.4806029414782,-14.6));
#13580=CARTESIAN_POINT('',(15.7927284249989,41.7538080222352,-14.6));
#13581=CARTESIAN_POINT('',(15.2259335057558,40.3720904246344,-14.6));
#13582=CARTESIAN_POINT('',(4.58187783963219,21.9360452123173,-14.6));
#13583=CARTESIAN_POINT('',(3.17299704486733,47.3308565348538,-14.6));
#13584=CARTESIAN_POINT('',(12.2305541885571,42.1014734797441,-14.6));
#13585=CARTESIAN_POINT('',(-3.17299704486726,47.3308565348538,-14.6));
#13586=CARTESIAN_POINT('',(-1.58649852243363,47.3308565348538,-14.6));
#13587=CARTESIAN_POINT('',(-18.2570224190013,38.6220904246344,-14.6));
#13588=CARTESIAN_POINT('',(35.624991,19.5,-14.6));
#13589=CARTESIAN_POINT('Origin',(33.774991,19.5,-14.6));
#13590=CARTESIAN_POINT('',(1.85,-39.,-14.6));
#13591=CARTESIAN_POINT('Origin',(0.,-39.,-14.6));
#13592=CARTESIAN_POINT('',(-6.69765752068299,-41.1389709221743,-14.6));
#13593=CARTESIAN_POINT('',(-2.73136104148845,-34.2691439023278,-14.6));
#13594=CARTESIAN_POINT('',(-5.46272220918045,-39.0000002185908,-14.6));
#13595=CARTESIAN_POINT('',(-36.7678427123785,-23.777941407167,-14.6));
#13596=CARTESIAN_POINT('',(-36.7678427123785,-23.777941407167,-14.6));
#13597=CARTESIAN_POINT('',(-38.9762226644938,-19.9529151276868,-14.6));
#13598=CARTESIAN_POINT('',(-38.9762226644938,-19.9529151276868,-14.6));
#13599=CARTESIAN_POINT('',(-38.9762226644937,14.7691436837369,-14.6));
#13600=CARTESIAN_POINT('',(-38.9762226644937,19.9529151276869,-14.6));
#13601=CARTESIAN_POINT('',(-31.0436298323081,14.769143683737,-14.6));
#13602=CARTESIAN_POINT('',(-36.5063521676919,14.769143683737,-14.6));
#13603=CARTESIAN_POINT('',(-28.3122686646161,19.5,-14.6));
#13604=CARTESIAN_POINT('',(-28.3122686646161,19.5,-14.6));
#13605=CARTESIAN_POINT('',(-32.2785651438107,26.3698270198466,-14.6));
#13606=CARTESIAN_POINT('',(-31.0436298323081,24.2308563162631,-14.6));
#13607=CARTESIAN_POINT('',(-2.2083799521152,43.7308565348538,-14.6));
#13608=CARTESIAN_POINT('',(-2.2083799521152,43.7308565348538,-14.6));
#13609=CARTESIAN_POINT('',(2.20837995211528,43.7308565348538,-14.6));
#13610=CARTESIAN_POINT('',(2.20837995211528,43.7308565348538,-14.6));
#13611=CARTESIAN_POINT('',(32.2785649545055,26.3698271291419,-14.6));
#13612=CARTESIAN_POINT('',(36.7678427123785,23.7779414071669,-14.6));
#13613=CARTESIAN_POINT('',(28.3122685384127,19.5000002185908,-14.6));
#13614=CARTESIAN_POINT('',(31.0436297061046,24.2308565348538,-14.6));
#13615=CARTESIAN_POINT('',(31.0436297061046,14.7691439023277,-14.6));
#13616=CARTESIAN_POINT('',(31.0436297061046,14.7691439023277,-14.6));
#13617=CARTESIAN_POINT('',(38.9762226644938,14.7691439023277,-14.6));
#13618=CARTESIAN_POINT('',(36.5063520414885,14.7691439023277,-14.6));
#13619=CARTESIAN_POINT('',(38.9762226644938,-19.9529151276869,-14.6));
#13620=CARTESIAN_POINT('',(38.9762226644938,-19.9529151276869,-14.6));
#13621=CARTESIAN_POINT('',(36.7678427123785,-23.777941407167,-14.6));
#13622=CARTESIAN_POINT('',(36.7678427123785,-23.777941407167,-14.6));
#13623=CARTESIAN_POINT('',(6.69765770998821,-41.1389708128788,-14.6));
#13624=CARTESIAN_POINT('',(2.20837995211514,-43.7308565348539,-14.6));
#13625=CARTESIAN_POINT('',(2.73136129389539,-34.2691439023277,-14.6));
#13626=CARTESIAN_POINT('',(5.46272246158731,-39.0000002185907,-14.6));
#13627=CARTESIAN_POINT('',(-2.73136104148845,-34.2691439023278,-14.6));
#13628=CARTESIAN_POINT('Origin',(-33.774991,19.5,-15.08));
#13629=CARTESIAN_POINT('Origin',(-33.774991,19.5,-15.08));
#13630=CARTESIAN_POINT('Origin',(-33.774991,19.5,-15.08));
#13631=CARTESIAN_POINT('Origin',(-33.774991,19.5,-15.08));
#13632=CARTESIAN_POINT('Origin',(-32.2785651438107,26.3698270198466,-14.6));
#13633=CARTESIAN_POINT('',(-28.3122686646161,19.5,-15.72));
#13634=CARTESIAN_POINT('',(-28.3122686646161,19.5,-14.6));
#13635=CARTESIAN_POINT('',(-32.2785651438107,26.3698270198466,-15.72));
#13636=CARTESIAN_POINT('',(-22.5345094776873,9.49262753434136,-15.72));
#13637=CARTESIAN_POINT('',(-32.2785651438107,26.3698270198466,-14.6));
#13638=CARTESIAN_POINT('Origin',(-28.3122686646161,19.5,-14.6));
#13639=CARTESIAN_POINT('',(-31.0436298323081,14.769143683737,-15.72));
#13640=CARTESIAN_POINT('',(-31.0436298323081,14.769143683737,-14.6));
#13641=CARTESIAN_POINT('',(-28.9951089249883,18.317285975582,-15.72));
#13642=CARTESIAN_POINT('Origin',(-31.0436298323081,14.7691436837371,-14.6));
#13643=CARTESIAN_POINT('',(-38.9762226644937,14.7691436837369,-15.72));
#13644=CARTESIAN_POINT('',(-38.9762226644937,14.7691436837369,-14.6));
#13645=CARTESIAN_POINT('',(-15.5218149161542,14.7691436837374,-15.72));
#13646=CARTESIAN_POINT('Origin',(-44.2562226644937,21.3676868637232,-14.6));
#13647=CARTESIAN_POINT('',(-44.2562226644937,21.3676868637232,-13.4));
#13648=CARTESIAN_POINT('',(-44.2562226644937,21.3676868637232,-15.72));
#13649=CARTESIAN_POINT('',(-44.2562226644937,21.3676868637232,-14.6));
#13650=CARTESIAN_POINT('',(-40.6330709763421,27.6431696711307,-13.4));
#13651=CARTESIAN_POINT('',(-42.8738494395753,23.7620275243047,-13.4));
#13652=CARTESIAN_POINT('',(-40.6330709763421,27.6431696711307,-15.72));
#13653=CARTESIAN_POINT('',(-40.6330709763421,27.6431696711307,-14.6));
#13654=CARTESIAN_POINT('',(-43.3504347424558,22.9365575655751,-15.72));
#13655=CARTESIAN_POINT('Origin',(32.4387687328409,16.5923358640841,-15.08));
#13656=CARTESIAN_POINT('',(36.9612127623453,19.2033701419135,-15.24));
#13657=CARTESIAN_POINT('',(36.3021377445943,18.8228530029988,-15.24));
#13658=CARTESIAN_POINT('',(34.6627368124949,17.8763444335414,-15.24));
#13659=CARTESIAN_POINT('',(36.9612127623453,19.2033701419135,-15.4));
#13660=CARTESIAN_POINT('',(36.9612130290897,19.2033702959184,-15.8));
#13661=CARTESIAN_POINT('',(32.4387687328409,16.5923358640841,-15.4));
#13662=CARTESIAN_POINT('',(31.9287094554829,16.2978530029988,-15.4));
#13663=CARTESIAN_POINT('',(32.4387687328409,16.5923358640841,-15.24));
#13664=CARTESIAN_POINT('',(32.4387688447069,16.5923359286699,-15.8));
#13665=CARTESIAN_POINT('',(33.0978437505919,16.9728530029988,-15.24));
#13666=CARTESIAN_POINT('',(32.4760226679392,16.6138444335414,-15.24));
#13667=CARTESIAN_POINT('',(33.0978437505919,16.9728530029988,-15.08));
#13668=CARTESIAN_POINT('',(33.0978437505919,16.9728530029988,-15.08));
#13669=CARTESIAN_POINT('',(34.6999909368983,17.8978531122942,-15.08));
#13670=CARTESIAN_POINT('',(33.5693798348696,17.2450944881891,-15.08));
#13671=CARTESIAN_POINT('',(36.3021377445943,18.8228530029988,-15.08));
#13672=CARTESIAN_POINT('',(33.5693798348696,17.2450944881891,-15.08));
#13673=CARTESIAN_POINT('',(36.3021377445943,18.8228530029988,-15.08));
#13674=CARTESIAN_POINT('Origin',(35.0374907475931,17.3132858554443,-15.4));
#13675=CARTESIAN_POINT('Origin',(33.774991,19.5,-15.4));
#13676=CARTESIAN_POINT('Origin',(35.9617048921488,20.7625,-15.24));
#13677=CARTESIAN_POINT('',(34.4521377445943,22.0271469970012,-15.24));
#13678=CARTESIAN_POINT('',(36.9771377445943,17.6537187078898,-15.24));
#13679=CARTESIAN_POINT('',(35.1112127623453,22.4076641359159,-15.24));
#13680=CARTESIAN_POINT('',(35.0739588272471,22.3861555664585,-15.24));
#13681=CARTESIAN_POINT('',(36.974991,19.5,-15.24));
#13682=CARTESIAN_POINT('Origin',(33.774991,19.5,-15.24));
#13683=CARTESIAN_POINT('Origin',(33.774991,19.5,-15.24));
#13684=CARTESIAN_POINT('Origin',(36.682654883509,18.1637779852478,-15.08));
#13685=CARTESIAN_POINT('',(35.377137807696,20.4249998907046,-15.08));
#13686=CARTESIAN_POINT('',(36.0298963456025,19.2943889379762,-15.08));
#13687=CARTESIAN_POINT('',(34.4521377445943,22.0271469970012,-15.08));
#13688=CARTESIAN_POINT('',(36.0298963456025,19.2943889379762,-15.08));
#13689=CARTESIAN_POINT('',(34.4521377445943,22.0271469970012,-15.08));
#13690=CARTESIAN_POINT('Origin',(31.5882766030374,18.2375,-15.24));
#13691=CARTESIAN_POINT('',(30.5887687328409,19.7966298580865,-15.24));
#13692=CARTESIAN_POINT('Origin',(33.774991,19.5,-15.24));
#13693=CARTESIAN_POINT('',(31.2478437505919,20.1771469970012,-15.24));
#13694=CARTESIAN_POINT('',(32.8872446826914,21.1236555664586,-15.24));
#13695=CARTESIAN_POINT('',(30.5728437505919,21.3462812921102,-15.24));
#13696=CARTESIAN_POINT('Origin',(35.1112127623453,22.4076641359159,-15.08));
#13697=CARTESIAN_POINT('',(30.5887687328409,19.7966298580865,-15.4));
#13698=CARTESIAN_POINT('',(30.5887689995853,19.7966300120915,-15.8));
#13699=CARTESIAN_POINT('',(35.1112127623453,22.4076641359159,-15.4));
#13700=CARTESIAN_POINT('',(35.6212720397033,22.7021469970012,-15.4));
#13701=CARTESIAN_POINT('',(35.1112128742113,22.4076642005017,-15.8));
#13702=CARTESIAN_POINT('',(32.8499909368983,21.1021471062966,-15.08));
#13703=CARTESIAN_POINT('',(33.9806018496218,21.7549056211062,-15.08));
#13704=CARTESIAN_POINT('',(31.2478437505919,20.1771469970012,-15.08));
#13705=CARTESIAN_POINT('',(33.9806018496218,21.7549056211062,-15.08));
#13706=CARTESIAN_POINT('',(31.2478437505919,20.1771469970012,-15.08));
#13707=CARTESIAN_POINT('Origin',(32.5124907475931,21.6867141445557,-15.4));
#13708=CARTESIAN_POINT('Origin',(33.774991,19.5,-15.4));
#13709=CARTESIAN_POINT('Origin',(30.8673266116772,20.8362220147522,-15.08));
#13710=CARTESIAN_POINT('',(32.1728438136936,18.5749998907046,-15.08));
#13711=CARTESIAN_POINT('',(31.5200852126854,19.7056109527284,-15.08));
#13712=CARTESIAN_POINT('',(31.5200852126854,19.7056109527284,-15.08));
#13713=CARTESIAN_POINT('Origin',(33.774991,19.5,-12.52));
#13714=CARTESIAN_POINT('Origin',(33.774991,19.5,-15.08));
#13715=CARTESIAN_POINT('Origin',(33.774991,19.5,-15.08));
#13716=CARTESIAN_POINT('Origin',(33.774991,19.5,-15.08));
#13717=CARTESIAN_POINT('',(35.624991,19.5,-15.08));
#13718=CARTESIAN_POINT('Origin',(33.774991,19.5,-15.08));
#13719=CARTESIAN_POINT('',(35.624991,19.5,-12.52));
#13720=CARTESIAN_POINT('Origin',(33.774991,19.5,-15.08));
#13721=CARTESIAN_POINT('Origin',(33.774991,19.5,-15.08));
#13722=CARTESIAN_POINT('Origin',(33.774991,19.5,-15.08));
#13723=CARTESIAN_POINT('Origin',(33.774991,19.5,-15.08));
#13724=CARTESIAN_POINT('Origin',(33.774991,19.5,-15.08));
#13725=CARTESIAN_POINT('Origin',(38.9762226644938,14.7691439023277,-14.6));
#13726=CARTESIAN_POINT('',(31.0436297061046,14.7691439023277,-15.72));
#13727=CARTESIAN_POINT('',(31.0436297061046,14.7691439023277,-14.6));
#13728=CARTESIAN_POINT('',(38.9762226644938,14.7691439023277,-15.72));
#13729=CARTESIAN_POINT('',(19.4881113322469,14.7691439023277,-15.72));
#13730=CARTESIAN_POINT('',(38.9762226644938,14.7691439023277,-14.6));
#13731=CARTESIAN_POINT('Origin',(31.0436297061046,14.7691439023277,-14.6));
#13732=CARTESIAN_POINT('',(28.3122685384127,19.5000002185908,-15.72));
#13733=CARTESIAN_POINT('',(28.3122685384127,19.5000002185908,-14.6));
#13734=CARTESIAN_POINT('',(30.3607894457325,15.9518579267458,-15.72));
#13735=CARTESIAN_POINT('Origin',(28.3122685384127,19.5000002185908,-14.6));
#13736=CARTESIAN_POINT('',(32.2785649545055,26.3698271291419,-15.72));
#13737=CARTESIAN_POINT('',(32.2785649545055,26.3698271291419,-14.6));
#13738=CARTESIAN_POINT('',(20.5513610803358,6.05771418836115,-15.72));
#13739=CARTESIAN_POINT('Origin',(40.6330709763422,27.6431696711306,-14.6));
#13740=CARTESIAN_POINT('',(40.6330709763422,27.6431696711306,-13.4));
#13741=CARTESIAN_POINT('',(40.6330709763422,27.6431696711306,-15.72));
#13742=CARTESIAN_POINT('',(40.6330709763422,27.6431696711306,-14.6));
#13743=CARTESIAN_POINT('',(44.2562226644938,21.3676868637231,-13.4));
#13744=CARTESIAN_POINT('',(43.0743049902917,23.4148283258047,-13.4));
#13745=CARTESIAN_POINT('',(44.2562226644938,21.3676868637231,-15.72));
#13746=CARTESIAN_POINT('',(44.2562226644938,21.3676868637231,-14.6));
#13747=CARTESIAN_POINT('',(41.5388588983801,26.0742989692788,-15.72));
#13748=CARTESIAN_POINT('Origin',(-1.85,-36.3889657221706,-15.08));
#13749=CARTESIAN_POINT('',(-1.85,-41.6110342778294,-15.24));
#13750=CARTESIAN_POINT('',(-1.85,-40.85,-15.24));
#13751=CARTESIAN_POINT('',(-1.85,-38.9569828610853,-15.24));
#13752=CARTESIAN_POINT('',(-1.85,-41.6110342778294,-15.4));
#13753=CARTESIAN_POINT('',(-1.85,-41.6110342778294,-15.8));
#13754=CARTESIAN_POINT('',(-1.85,-36.3889657221706,-15.4));
#13755=CARTESIAN_POINT('',(-1.85,-35.8,-15.4));
#13756=CARTESIAN_POINT('',(-1.85,-36.3889657221706,-15.24));
#13757=CARTESIAN_POINT('',(-1.85,-36.3889657221706,-15.8));
#13758=CARTESIAN_POINT('',(-1.85,-37.15,-15.24));
#13759=CARTESIAN_POINT('',(-1.85,-36.4319828610853,-15.24));
#13760=CARTESIAN_POINT('',(-1.85,-37.15,-15.08));
#13761=CARTESIAN_POINT('',(-1.85,-37.15,-15.08));
#13762=CARTESIAN_POINT('',(-1.85,-39.,-15.08));
#13763=CARTESIAN_POINT('',(-1.85,-37.6944828610853,-15.08));
#13764=CARTESIAN_POINT('',(-1.85,-40.85,-15.08));
#13765=CARTESIAN_POINT('',(-1.85,-37.6944828610853,-15.08));
#13766=CARTESIAN_POINT('',(-1.85,-40.85,-15.08));
#13767=CARTESIAN_POINT('Origin',(-2.525,-39.,-15.4));
#13768=CARTESIAN_POINT('Origin',(0.,-39.,-15.4));
#13769=CARTESIAN_POINT('Origin',(0.,-41.525,-15.24));
#13770=CARTESIAN_POINT('',(1.85,-40.85,-15.24));
#13771=CARTESIAN_POINT('',(-3.2,-40.85,-15.24));
#13772=CARTESIAN_POINT('',(1.85,-41.6110342778294,-15.24));
#13773=CARTESIAN_POINT('',(1.85,-41.5680171389147,-15.24));
#13774=CARTESIAN_POINT('Origin',(0.,-39.,-15.24));
#13775=CARTESIAN_POINT('Origin',(-2.61103427782938,-40.85,-15.08));
#13776=CARTESIAN_POINT('',(0.,-40.85,-15.08));
#13777=CARTESIAN_POINT('',(-1.30551713891469,-40.85,-15.08));
#13778=CARTESIAN_POINT('',(1.85,-40.85,-15.08));
#13779=CARTESIAN_POINT('',(-1.30551713891469,-40.85,-15.08));
#13780=CARTESIAN_POINT('',(1.85,-40.85,-15.08));
#13781=CARTESIAN_POINT('Origin',(0.,-39.,-15.08));
#13782=CARTESIAN_POINT('',(0.,-37.15,-15.08));
#13783=CARTESIAN_POINT('',(1.30551713891469,-37.15,-15.08));
#13784=CARTESIAN_POINT('Origin',(0.,-39.,-15.08));
#13785=CARTESIAN_POINT('Origin',(0.,-39.,-15.08));
#13786=CARTESIAN_POINT('Origin',(0.,-39.,-15.08));
#13787=CARTESIAN_POINT('Origin',(-1.66533453693773E-15,-36.475,-15.24));
#13788=CARTESIAN_POINT('',(1.85,-36.3889657221706,-15.24));
#13789=CARTESIAN_POINT('Origin',(0.,-39.,-15.24));
#13790=CARTESIAN_POINT('',(1.85,-37.15,-15.24));
#13791=CARTESIAN_POINT('',(1.85,-39.0430171389147,-15.24));
#13792=CARTESIAN_POINT('',(3.2,-37.15,-15.24));
#13793=CARTESIAN_POINT('Origin',(1.85,-41.6110342778294,-15.08));
#13794=CARTESIAN_POINT('',(1.85,-36.3889657221706,-15.4));
#13795=CARTESIAN_POINT('',(1.85,-36.3889657221706,-15.8));
#13796=CARTESIAN_POINT('',(1.85,-41.6110342778294,-15.4));
#13797=CARTESIAN_POINT('',(1.85,-42.2,-15.4));
#13798=CARTESIAN_POINT('',(1.85,-41.6110342778294,-15.8));
#13799=CARTESIAN_POINT('',(1.85,-39.,-15.08));
#13800=CARTESIAN_POINT('',(1.85,-40.3055171389147,-15.08));
#13801=CARTESIAN_POINT('',(1.85,-37.15,-15.08));
#13802=CARTESIAN_POINT('',(1.85,-40.3055171389147,-15.08));
#13803=CARTESIAN_POINT('',(1.85,-37.15,-15.08));
#13804=CARTESIAN_POINT('Origin',(2.525,-39.,-15.4));
#13805=CARTESIAN_POINT('',(3.2,-39.,-15.4));
#13806=CARTESIAN_POINT('Origin',(0.,-39.,-15.4));
#13807=CARTESIAN_POINT('Origin',(0.,-39.,-15.4));
#13808=CARTESIAN_POINT('Origin',(2.61103427782938,-37.15,-15.08));
#13809=CARTESIAN_POINT('',(1.30551713891469,-37.15,-15.08));
#13810=CARTESIAN_POINT('Origin',(0.,-39.,-15.08));
#13811=CARTESIAN_POINT('Origin',(0.,-39.,-15.08));
#13812=CARTESIAN_POINT('Origin',(0.,-39.,-15.08));
#13813=CARTESIAN_POINT('Origin',(0.,-39.,-15.08));
#13814=CARTESIAN_POINT('Origin',(0.,-39.,-15.8));
#13815=CARTESIAN_POINT('',(3.2,-39.,-16.52));
#13816=CARTESIAN_POINT('Origin',(0.,-39.,-16.52));
#13817=CARTESIAN_POINT('',(3.2,-39.,-15.8));
#13818=CARTESIAN_POINT('Origin',(-33.774991,19.5,-15.8));
#13819=CARTESIAN_POINT('',(-30.574991,19.5,-16.52));
#13820=CARTESIAN_POINT('Origin',(-33.774991,19.5,-16.52));
#13821=CARTESIAN_POINT('',(-30.574991,19.5,-15.8));
#13822=CARTESIAN_POINT('Origin',(0.,-39.,-12.52));
#13823=CARTESIAN_POINT('',(1.85,-39.,-12.52));
#13824=CARTESIAN_POINT('Origin',(33.774991,19.5,-15.8));
#13825=CARTESIAN_POINT('',(36.974991,19.5,-16.52));
#13826=CARTESIAN_POINT('Origin',(33.774991,19.5,-16.52));
#13827=CARTESIAN_POINT('',(36.974991,19.5,-15.8));
#13828=CARTESIAN_POINT('Origin',(43.8562226644938,10.6838434318616,-16.12));
#13829=CARTESIAN_POINT('',(43.4562226644937,-21.1533275097783,-16.52));
#13830=CARTESIAN_POINT('',(43.4562226644938,21.1533275097782,-16.52));
#13831=CARTESIAN_POINT('',(43.4562226644938,10.6838434318616,-16.52));
#13832=CARTESIAN_POINT('',(43.4562226644938,21.1533275097782,-16.52));
#13833=CARTESIAN_POINT('',(44.2562226644937,-21.3676868637232,-15.72));
#13834=CARTESIAN_POINT('',(44.2562226644938,10.6838434318616,-15.72));
#13835=CARTESIAN_POINT('',(43.4562226644937,-21.1533275097783,-16.52));
#13836=CARTESIAN_POINT('Origin',(41.1924487368663,25.8742989692788,-16.12));
#13837=CARTESIAN_POINT('',(40.0474303302871,27.0575290250755,-16.52));
#13838=CARTESIAN_POINT('',(40.8460385753525,25.6742989692788,-16.52));
#13839=CARTESIAN_POINT('',(40.0474303302871,27.0575290250755,-16.52));
#13840=CARTESIAN_POINT('Origin',(12.6756315101993,43.3225246574092,-16.12));
#13841=CARTESIAN_POINT('',(3.40879233420672,48.2108565348538,-16.52));
#13842=CARTESIAN_POINT('',(12.4756315101993,42.9761144958955,-16.52));
#13843=CARTESIAN_POINT('',(3.62315168815162,49.0108565348538,-15.72));
#13844=CARTESIAN_POINT('',(3.40879233420672,48.2108565348538,-16.52));
#13845=CARTESIAN_POINT('',(12.8756315101993,43.668934818923,-15.72));
#13846=CARTESIAN_POINT('Origin',(-1.81157584407577,48.6108565348538,-16.12));
#13847=CARTESIAN_POINT('',(-3.40879233420664,48.2108565348538,-16.52));
#13848=CARTESIAN_POINT('',(-1.81157584407577,48.2108565348538,-16.52));
#13849=CARTESIAN_POINT('',(-3.62315168815154,49.0108565348538,-15.72));
#13850=CARTESIAN_POINT('',(-3.40879233420664,48.2108565348538,-16.52));
#13851=CARTESIAN_POINT('',(-1.81157584407577,49.0108565348538,-15.72));
#13852=CARTESIAN_POINT('Origin',(-31.1805911542945,32.6386812255477,-16.12));
#13853=CARTESIAN_POINT('',(-40.047430330287,27.0575290250756,-16.52));
#13854=CARTESIAN_POINT('',(-30.9805911542945,32.2922710640339,-16.52));
#13855=CARTESIAN_POINT('',(-40.047430330287,27.0575290250756,-16.52));
#13856=CARTESIAN_POINT('',(-31.3805911542945,32.9850913870615,-15.72));
#13857=CARTESIAN_POINT('Origin',(-43.004024580942,22.7365575655751,-16.12));
#13858=CARTESIAN_POINT('',(-43.4562226644937,21.1533275097783,-16.52));
#13859=CARTESIAN_POINT('',(-42.6576144194283,22.5365575655751,-16.52));
#13860=CARTESIAN_POINT('',(-43.4562226644937,21.1533275097783,-16.52));
#13861=CARTESIAN_POINT('Origin',(-43.8562226644937,-10.6838434318616,-16.12));
#13862=CARTESIAN_POINT('',(-43.4562226644938,-21.1533275097783,-16.52));
#13863=CARTESIAN_POINT('',(-43.4562226644938,-10.6838434318616,-16.52));
#13864=CARTESIAN_POINT('',(-44.2562226644938,-21.3676868637232,-15.72));
#13865=CARTESIAN_POINT('',(-43.4562226644938,-21.1533275097783,-16.52));
#13866=CARTESIAN_POINT('',(-44.2562226644937,-10.6838434318616,-15.72));
#13867=CARTESIAN_POINT('Origin',(-41.1924487368663,-25.8742989692788,-16.12));
#13868=CARTESIAN_POINT('',(-40.6330709763422,-27.6431696711306,-15.72));
#13869=CARTESIAN_POINT('',(-41.5388588983801,-26.0742989692788,-15.72));
#13870=CARTESIAN_POINT('',(-40.0474303302871,-27.0575290250755,-16.52));
#13871=CARTESIAN_POINT('',(-40.8460385753525,-25.6742989692788,-16.52));
#13872=CARTESIAN_POINT('',(-40.0474303302871,-27.0575290250755,-16.52));
#13873=CARTESIAN_POINT('Origin',(-12.6756315101992,-43.3225246574092,-16.12));
#13874=CARTESIAN_POINT('',(-3.62315168815161,-49.0108565348538,-15.72));
#13875=CARTESIAN_POINT('',(-12.8756315101992,-43.668934818923,-15.72));
#13876=CARTESIAN_POINT('',(-3.40879233420671,-48.2108565348538,-16.52));
#13877=CARTESIAN_POINT('',(-12.4756315101992,-42.9761144958955,-16.52));
#13878=CARTESIAN_POINT('',(-3.40879233420671,-48.2108565348538,-16.52));
#13879=CARTESIAN_POINT('Origin',(1.81157584407579,-48.6108565348538,-16.12));
#13880=CARTESIAN_POINT('',(3.62315168815158,-49.0108565348538,-15.72));
#13881=CARTESIAN_POINT('',(1.81157584407579,-49.0108565348538,-15.72));
#13882=CARTESIAN_POINT('',(3.4087923342067,-48.2108565348538,-16.52));
#13883=CARTESIAN_POINT('',(1.81157584407579,-48.2108565348538,-16.52));
#13884=CARTESIAN_POINT('',(3.40879233420669,-48.2108565348538,-16.52));
#13885=CARTESIAN_POINT('Origin',(31.1805911542945,-32.6386812255477,-16.12));
#13886=CARTESIAN_POINT('',(40.6330709763422,-27.6431696711307,-15.72));
#13887=CARTESIAN_POINT('',(31.3805911542945,-32.9850913870615,-15.72));
#13888=CARTESIAN_POINT('',(40.0474303302871,-27.0575290250756,-16.52));
#13889=CARTESIAN_POINT('',(30.9805911542945,-32.2922710640339,-16.52));
#13890=CARTESIAN_POINT('',(40.0474303302871,-27.0575290250756,-16.52));
#13891=CARTESIAN_POINT('Origin',(43.0040245809421,-22.7365575655751,-16.12));
#13892=CARTESIAN_POINT('',(43.3504347424559,-22.9365575655751,-15.72));
#13893=CARTESIAN_POINT('',(42.6576144194283,-22.5365575655751,-16.52));
#13894=CARTESIAN_POINT('Origin',(-40.6330709763422,-27.6431696711306,-14.6));
#13895=CARTESIAN_POINT('',(-40.6330709763422,-27.6431696711306,-13.4));
#13896=CARTESIAN_POINT('',(-40.6330709763422,-27.6431696711306,-14.6));
#13897=CARTESIAN_POINT('',(-44.2562226644938,-21.3676868637232,-13.4));
#13898=CARTESIAN_POINT('',(-40.0034128064684,-28.7337696127528,-13.4));
#13899=CARTESIAN_POINT('',(-44.2562226644938,-21.3676868637232,-14.6));
#13900=CARTESIAN_POINT('Origin',(-3.62315168815161,-49.0108565348538,-14.6));
#13901=CARTESIAN_POINT('',(-3.62315168815161,-49.0108565348538,-13.4));
#13902=CARTESIAN_POINT('',(-3.62315168815161,-49.0108565348538,-14.6));
#13903=CARTESIAN_POINT('',(-11.3401854182876,-44.5554250334144,-13.4));
#13904=CARTESIAN_POINT('Origin',(3.62315168815158,-49.0108565348538,-14.6));
#13905=CARTESIAN_POINT('',(3.62315168815158,-49.0108565348538,-13.4));
#13906=CARTESIAN_POINT('',(3.62315168815158,-49.0108565348538,-14.6));
#13907=CARTESIAN_POINT('',(1.81157584407579,-49.0108565348538,-13.4));
#13908=CARTESIAN_POINT('Origin',(40.6330709763422,-27.6431696711307,-14.6));
#13909=CARTESIAN_POINT('',(40.6330709763422,-27.6431696711307,-13.4));
#13910=CARTESIAN_POINT('',(40.6330709763422,-27.6431696711307,-14.6));
#13911=CARTESIAN_POINT('',(29.8451450623829,-33.8715816015528,-13.4));
#13912=CARTESIAN_POINT('Origin',(44.2562226644937,-21.3676868637232,-14.6));
#13913=CARTESIAN_POINT('',(44.2562226644937,-21.3676868637232,-13.4));
#13914=CARTESIAN_POINT('',(44.2562226644937,-21.3676868637232,-14.6));
#13915=CARTESIAN_POINT('',(41.8149886505442,-25.5960282090491,-13.4));
#13916=CARTESIAN_POINT('Origin',(44.2562226644938,21.3676868637231,-14.6));
#13917=CARTESIAN_POINT('',(44.2562226644938,7.13788257389616,-13.4));
#13918=CARTESIAN_POINT('Origin',(8.88178419700125E-15,0.,-16.52));
#13919=CARTESIAN_POINT('',(2.42273930606017,44.5308565348538,-16.52));
#13920=CARTESIAN_POINT('',(33.3713852775331,26.6626474521695,-16.52));
#13921=CARTESIAN_POINT('',(26.2833381433762,30.7549333731037,-16.52));
#13922=CARTESIAN_POINT('',(-2.42273930606008,44.5308565348538,-16.52));
#13923=CARTESIAN_POINT('',(1.10418997605765,44.5308565348538,-16.52));
#13924=CARTESIAN_POINT('',(-33.3713854668382,26.6626473428741,-16.52));
#13925=CARTESIAN_POINT('',(-11.248245642181,39.4354480759597,-16.52));
#13926=CARTESIAN_POINT('',(-29.2360290953195,19.5,-16.52));
#13927=CARTESIAN_POINT('',(-23.2273298007148,9.09262753434136,-16.52));
#13928=CARTESIAN_POINT('',(-31.5055100476597,15.5691436837371,-16.52));
#13929=CARTESIAN_POINT('',(-29.6879292480158,18.717285975582,-16.52));
#13930=CARTESIAN_POINT('',(-39.7762226644937,15.5691436837369,-16.52));
#13931=CARTESIAN_POINT('',(-15.5218149161542,15.5691436837374,-16.52));
#13932=CARTESIAN_POINT('',(-39.7762226644938,-20.1672744816317,-16.52));
#13933=CARTESIAN_POINT('',(-39.7762226644937,7.38457184186847,-16.52));
#13934=CARTESIAN_POINT('',(-37.3534833584336,-24.3635820532221,-16.52));
#13935=CARTESIAN_POINT('',(-39.1169479994925,-21.3091716975569,-16.52));
#13936=CARTESIAN_POINT('',(-6.4048371976554,-42.2317912452018,-16.52));
#13937=CARTESIAN_POINT('',(-28.5279770223127,-29.4589905121162,-16.52));
#13938=CARTESIAN_POINT('',(-2.26948082613703,-35.0691439023278,-16.52));
#13939=CARTESIAN_POINT('',(3.73921846846758,-24.6617714366685,-16.52));
#13940=CARTESIAN_POINT('',(2.26948107854378,-35.0691439023277,-16.52));
#13941=CARTESIAN_POINT('',(-1.365680520744,-35.0691439023278,-16.52));
#13942=CARTESIAN_POINT('',(6.40483738696066,-42.2317911359064,-16.52));
#13943=CARTESIAN_POINT('',(-5.722366487209,-21.2268578720979,-16.52));
#13944=CARTESIAN_POINT('',(37.3534833584336,-24.3635820532221,-16.52));
#13945=CARTESIAN_POINT('',(13.4928845211175,-38.1395052149722,-16.52));
#13946=CARTESIAN_POINT('',(39.7762226644937,-20.1672744816318,-16.52));
#13947=CARTESIAN_POINT('',(38.0127580234349,-23.2216848372969,-16.52));
#13948=CARTESIAN_POINT('',(39.7762226644938,15.5691439023277,-16.52));
#13949=CARTESIAN_POINT('',(39.7762226644938,-9.97645756384344,-16.52));
#13950=CARTESIAN_POINT('',(31.5055099214563,15.5691439023277,-16.52));
#13951=CARTESIAN_POINT('',(19.4881113322469,15.5691439023277,-16.52));
#13952=CARTESIAN_POINT('',(29.2360289691161,19.5000002185908,-16.52));
#13953=CARTESIAN_POINT('',(31.0536097687601,16.3518579267458,-16.52));
#13954=CARTESIAN_POINT('',(21.2441814033633,5.65771418836116,-16.52));
#13955=CARTESIAN_POINT('Origin',(26.0833381433762,30.4085232115899,-16.12));
#13956=CARTESIAN_POINT('',(33.3713852775331,26.6626474521695,-16.52));
#13957=CARTESIAN_POINT('',(2.20837995211528,43.7308565348538,-15.72));
#13958=CARTESIAN_POINT('',(25.8833381433762,30.0621130500761,-15.72));
#13959=CARTESIAN_POINT('',(2.42273930606018,44.5308565348538,-16.52));
#13960=CARTESIAN_POINT('Origin',(20.8977712418495,5.85771418836116,-16.12));
#13961=CARTESIAN_POINT('',(29.2360289691161,19.5000002185908,-16.52));
#13962=CARTESIAN_POINT('Origin',(30.7071996072463,16.1518579267458,-16.12));
#13963=CARTESIAN_POINT('',(31.5055099214563,15.5691439023277,-16.52));
#13964=CARTESIAN_POINT('Origin',(19.4881113322469,15.1691439023277,-16.12));
#13965=CARTESIAN_POINT('',(39.7762226644938,15.5691439023277,-16.52));
#13966=CARTESIAN_POINT('Origin',(39.3762226644938,-9.97645756384344,-16.12));
#13967=CARTESIAN_POINT('',(38.9762226644938,-19.9529151276869,-15.72));
#13968=CARTESIAN_POINT('',(39.7762226644937,-20.1672744816318,-16.52));
#13969=CARTESIAN_POINT('',(38.9762226644938,-9.97645756384344,-15.72));
#13970=CARTESIAN_POINT('Origin',(37.6663478619211,-23.0216848372969,-16.12));
#13971=CARTESIAN_POINT('',(36.7678427123785,-23.777941407167,-15.72));
#13972=CARTESIAN_POINT('',(37.3534833584336,-24.3635820532221,-16.52));
#13973=CARTESIAN_POINT('',(37.3199377004074,-22.8216848372969,-15.72));
#13974=CARTESIAN_POINT('Origin',(13.2928845211175,-37.7930950534584,-16.12));
#13975=CARTESIAN_POINT('',(6.69765770998821,-41.1389708128788,-15.72));
#13976=CARTESIAN_POINT('',(6.40483738696065,-42.2317911359064,-16.52));
#13977=CARTESIAN_POINT('',(13.0928845211175,-37.4466848919446,-15.72));
#13978=CARTESIAN_POINT('Origin',(-5.37595632569522,-21.0268578720979,-16.12));
#13979=CARTESIAN_POINT('',(2.73136129389539,-34.2691439023277,-15.72));
#13980=CARTESIAN_POINT('',(2.26948107854378,-35.0691439023277,-16.52));
#13981=CARTESIAN_POINT('',(-5.02954616418145,-20.8268578720979,-15.72));
#13982=CARTESIAN_POINT('Origin',(-1.365680520744,-34.6691439023278,-16.12));
#13983=CARTESIAN_POINT('',(-2.73136104148845,-34.2691439023278,-15.72));
#13984=CARTESIAN_POINT('',(-2.26948082613703,-35.0691439023278,-16.52));
#13985=CARTESIAN_POINT('',(-1.36568052074401,-34.2691439023278,-15.72));
#13986=CARTESIAN_POINT('Origin',(3.3928083069538,-24.4617714366685,-16.12));
#13987=CARTESIAN_POINT('',(-6.69765752068299,-41.1389709221743,-15.72));
#13988=CARTESIAN_POINT('',(-6.40483719765541,-42.2317912452018,-16.52));
#13989=CARTESIAN_POINT('',(3.04639814544001,-24.2617714366685,-15.72));
#13990=CARTESIAN_POINT('Origin',(-28.3279770223127,-29.1125803506025,-16.12));
#13991=CARTESIAN_POINT('',(-36.7678427123785,-23.777941407167,-15.72));
#13992=CARTESIAN_POINT('',(-28.1279770223127,-28.7661701890887,-15.72));
#13993=CARTESIAN_POINT('',(-37.3534833584336,-24.3635820532221,-16.52));
#13994=CARTESIAN_POINT('Origin',(-38.7705378379787,-21.1091716975569,-16.12));
#13995=CARTESIAN_POINT('',(-38.9762226644938,-19.9529151276868,-15.72));
#13996=CARTESIAN_POINT('',(-38.424127676465,-20.9091716975569,-15.72));
#13997=CARTESIAN_POINT('',(-39.7762226644938,-20.1672744816317,-16.52));
#13998=CARTESIAN_POINT('Origin',(-39.3762226644937,7.38457184186847,-16.12));
#13999=CARTESIAN_POINT('',(-38.9762226644937,7.38457184186847,-15.72));
#14000=CARTESIAN_POINT('',(-39.7762226644937,15.5691436837369,-16.52));
#14001=CARTESIAN_POINT('Origin',(-15.5218149161542,15.1691436837374,-16.12));
#14002=CARTESIAN_POINT('',(-31.5055100476597,15.5691436837371,-16.52));
#14003=CARTESIAN_POINT('Origin',(-29.341519086502,18.517285975582,-16.12));
#14004=CARTESIAN_POINT('',(-29.2360290953195,19.5,-16.52));
#14005=CARTESIAN_POINT('Origin',(-22.880919639201,9.29262753434136,-16.12));
#14006=CARTESIAN_POINT('',(-33.3713854668382,26.6626473428741,-16.52));
#14007=CARTESIAN_POINT('Origin',(-11.048245642181,39.0890379144459,-16.12));
#14008=CARTESIAN_POINT('',(-2.2083799521152,43.7308565348538,-15.72));
#14009=CARTESIAN_POINT('',(-10.848245642181,38.7426277529321,-15.72));
#14010=CARTESIAN_POINT('',(-2.42273930606008,44.5308565348538,-16.52));
#14011=CARTESIAN_POINT('Origin',(1.10418997605765,44.1308565348538,-16.12));
#14012=CARTESIAN_POINT('',(1.10418997605765,43.7308565348538,-15.72));
#14013=CARTESIAN_POINT('Origin',(-36.7678427123785,-23.777941407167,-14.6));
#14014=CARTESIAN_POINT('',(-36.7678427123785,-23.777941407167,-14.6));
#14015=CARTESIAN_POINT('',(-6.69765752068299,-41.1389709221743,-14.6));
#14016=CARTESIAN_POINT('Origin',(-38.9762226644938,-19.9529151276868,-14.6));
#14017=CARTESIAN_POINT('',(-38.9762226644938,-19.9529151276868,-14.6));
#14018=CARTESIAN_POINT('Origin',(-38.9762226644937,14.7691436837369,-14.6));
#14019=CARTESIAN_POINT('Origin',(-2.2083799521152,43.7308565348538,-14.6));
#14020=CARTESIAN_POINT('',(-2.2083799521152,43.7308565348538,-14.6));
#14021=CARTESIAN_POINT('Origin',(2.20837995211528,43.7308565348538,-14.6));
#14022=CARTESIAN_POINT('',(2.20837995211528,43.7308565348538,-14.6));
#14023=CARTESIAN_POINT('Origin',(32.2785649545055,26.3698271291419,-14.6));
#14024=CARTESIAN_POINT('Origin',(14.3110776021109,42.6092395236748,-13.2));
#14025=CARTESIAN_POINT('',(29.5759298047931,34.0270131029922,-13.4));
#14026=CARTESIAN_POINT('',(14.4110776021109,42.7824446044317,-13.4));
#14027=CARTESIAN_POINT('',(29.3759298047931,33.6806029414785,-13.));
#14028=CARTESIAN_POINT('',(29.5759298047931,34.0270131029922,-13.4));
#14029=CARTESIAN_POINT('',(40.3402506533146,27.3503493481031,-13.));
#14030=CARTESIAN_POINT('',(14.2110776021109,42.4360344429179,-13.));
#14031=CARTESIAN_POINT('',(40.3402506533146,27.3503493481031,-13.));
#14032=CARTESIAN_POINT('Origin',(42.9010999095348,23.3148283258047,-13.2));
#14033=CARTESIAN_POINT('',(43.8562226644938,21.2605071867507,-13.));
#14034=CARTESIAN_POINT('',(42.727894828778,23.2148283258047,-13.));
#14035=CARTESIAN_POINT('',(43.8562226644938,21.2605071867507,-13.));
#14036=CARTESIAN_POINT('Origin',(44.0562226644938,7.13788257389616,-13.2));
#14037=CARTESIAN_POINT('',(43.8562226644937,-21.2605071867508,-13.));
#14038=CARTESIAN_POINT('',(43.8562226644938,7.13788257389616,-13.));
#14039=CARTESIAN_POINT('',(43.8562226644937,-21.2605071867508,-13.));
#14040=CARTESIAN_POINT('Origin',(29.475929804793,33.8538080222353,-14.6));
#14041=CARTESIAN_POINT('Origin',(29.375929804793,33.6806029414784,-14.6));
#14042=CARTESIAN_POINT('Origin',(29.5759298047931,34.0270131029922,-14.6));
#14043=CARTESIAN_POINT('Origin',(41.6417835697873,-25.4960282090491,-13.2));
#14044=CARTESIAN_POINT('',(40.3402506533147,-27.3503493481031,-13.));
#14045=CARTESIAN_POINT('',(41.4685784890304,-25.3960282090491,-13.));
#14046=CARTESIAN_POINT('',(40.3402506533147,-27.3503493481031,-13.));
#14047=CARTESIAN_POINT('Origin',(29.7451450623829,-33.6983765207959,-13.2));
#14048=CARTESIAN_POINT('',(3.51597201117912,-48.6108565348538,-13.));
#14049=CARTESIAN_POINT('',(29.6451450623829,-33.525171440039,-13.));
#14050=CARTESIAN_POINT('',(3.51597201117912,-48.6108565348538,-13.));
#14051=CARTESIAN_POINT('Origin',(1.81157584407579,-48.8108565348538,-13.2));
#14052=CARTESIAN_POINT('',(-3.51597201117916,-48.6108565348538,-13.));
#14053=CARTESIAN_POINT('',(1.81157584407579,-48.6108565348538,-13.));
#14054=CARTESIAN_POINT('',(-3.51597201117917,-48.6108565348538,-13.));
#14055=CARTESIAN_POINT('Origin',(-11.2401854182876,-44.3822199526575,-13.2));
#14056=CARTESIAN_POINT('',(-40.3402506533146,-27.3503493481031,-13.));
#14057=CARTESIAN_POINT('',(-11.1401854182876,-44.2090148719006,-13.));
#14058=CARTESIAN_POINT('',(-40.3402506533146,-27.3503493481031,-13.));
#14059=CARTESIAN_POINT('Origin',(-39.8302077257116,-28.6337696127528,-13.2));
#14060=CARTESIAN_POINT('',(-43.8562226644938,-21.2605071867507,-13.));
#14061=CARTESIAN_POINT('',(-39.6570026449547,-28.5337696127528,-13.));
#14062=CARTESIAN_POINT('',(-43.8562226644938,-21.2605071867507,-13.));
#14063=CARTESIAN_POINT('Origin',(-44.0562226644938,-12.5175322204389,-14.6));
#14064=CARTESIAN_POINT('',(-44.2562226644937,-12.5175322204389,-13.4));
#14065=CARTESIAN_POINT('Origin',(-44.2562226644937,-12.5175322204389,-14.6));
#14066=CARTESIAN_POINT('',(-43.8562226644938,-12.5175322204389,-13.));
#14067=CARTESIAN_POINT('',(-44.2562226644937,-12.5175322204389,-13.4));
#14068=CARTESIAN_POINT('Origin',(-43.8562226644938,-12.5175322204389,-14.6));
#14069=CARTESIAN_POINT('Origin',(-44.0562226644938,-14.229804289827,-13.2));
#14070=CARTESIAN_POINT('',(-43.8562226644938,-14.229804289827,-13.));
#14071=CARTESIAN_POINT('',(-44.2562226644937,-14.229804289827,-13.4));
#14072=CARTESIAN_POINT('Origin',(3.62315168815162,49.0108565348538,-14.6));
#14073=CARTESIAN_POINT('',(3.62315168815162,49.0108565348538,-13.4));
#14074=CARTESIAN_POINT('',(3.62315168815162,49.0108565348538,-14.6));
#14075=CARTESIAN_POINT('',(14.6802928597007,42.6270131029922,-13.4));
#14076=CARTESIAN_POINT('',(3.19964366869504,49.255369003891,-13.4));
#14077=CARTESIAN_POINT('Origin',(14.6802928597007,42.6270131029922,-14.6));
#14078=CARTESIAN_POINT('Origin',(-44.2562226644938,-21.3676868637232,-14.6));
#14079=CARTESIAN_POINT('',(-44.2562226644937,12.5175322204389,-13.4));
#14080=CARTESIAN_POINT('Origin',(-44.2562226644937,12.5175322204389,-14.6));
#14081=CARTESIAN_POINT('',(-44.2562226644937,0.752292898996217,-13.4));
#14082=CARTESIAN_POINT('Origin',(-21.6046033127903,38.3983204912726,-13.2));
#14083=CARTESIAN_POINT('',(-3.62315168815154,49.0108565348538,-13.4));
#14084=CARTESIAN_POINT('',(-14.6802928597007,42.6270131029923,-13.4));
#14085=CARTESIAN_POINT('',(-21.7046033127903,38.5715255720295,-13.4));
#14086=CARTESIAN_POINT('',(-14.4802928597007,42.2806029414785,-13.));
#14087=CARTESIAN_POINT('',(-14.6802928597007,42.6270131029923,-13.4));
#14088=CARTESIAN_POINT('',(-3.51597201117908,48.6108565348538,-13.));
#14089=CARTESIAN_POINT('',(-21.5046033127903,38.2251154105157,-13.));
#14090=CARTESIAN_POINT('',(-3.51597201117908,48.6108565348538,-13.));
#14091=CARTESIAN_POINT('Origin',(-14.5802928597007,42.4538080222354,-14.6));
#14092=CARTESIAN_POINT('Origin',(-14.4802928597007,42.2806029414786,-14.6));
#14093=CARTESIAN_POINT('Origin',(-14.6802928597007,42.6270131029923,-14.6));
#14094=CARTESIAN_POINT('Origin',(-1.81157584407575,48.8108565348538,-13.2));
#14095=CARTESIAN_POINT('',(-1.81157584407575,49.0108565348538,-13.4));
#14096=CARTESIAN_POINT('',(3.51597201117917,48.6108565348538,-13.));
#14097=CARTESIAN_POINT('',(-1.81157584407575,48.6108565348538,-13.));
#14098=CARTESIAN_POINT('',(3.51597201117917,48.6108565348538,-13.));
#14099=CARTESIAN_POINT('Origin',(14.5802928597007,42.4538080222352,-14.6));
#14100=CARTESIAN_POINT('',(14.4802928597006,42.2806029414782,-13.));
#14101=CARTESIAN_POINT('',(14.6802928597007,42.6270131029922,-13.4));
#14102=CARTESIAN_POINT('Origin',(14.4802928597006,42.2806029414782,-14.6));
#14103=CARTESIAN_POINT('Origin',(3.09964366869504,49.0821639231341,-13.2));
#14104=CARTESIAN_POINT('',(2.99964366869504,48.9089588423773,-13.));
#14105=CARTESIAN_POINT('Origin',(-40.6330709763421,27.6431696711307,-14.6));
#14106=CARTESIAN_POINT('',(-29.575929804793,34.0270131029923,-13.4));
#14107=CARTESIAN_POINT('',(-39.8548198293179,28.0924931803622,-13.4));
#14108=CARTESIAN_POINT('Origin',(-29.575929804793,34.0270131029923,-14.6));
#14109=CARTESIAN_POINT('',(-3.62315168815154,49.0108565348538,-14.6));
#14110=CARTESIAN_POINT('Origin',(-3.62315168815154,49.0108565348538,-14.6));
#14111=CARTESIAN_POINT('Origin',(-44.0562226644937,0.752292898996217,-13.2));
#14112=CARTESIAN_POINT('',(-43.8562226644937,12.5175322204389,-13.));
#14113=CARTESIAN_POINT('',(-44.2562226644937,12.5175322204389,-13.4));
#14114=CARTESIAN_POINT('',(-43.8562226644937,21.2605071867508,-13.));
#14115=CARTESIAN_POINT('',(-43.8562226644937,0.752292898996217,-13.));
#14116=CARTESIAN_POINT('',(-43.8562226644937,21.2605071867508,-13.));
#14117=CARTESIAN_POINT('Origin',(-42.7006443588184,23.6620275243047,-13.2));
#14118=CARTESIAN_POINT('',(-40.3402506533146,27.3503493481031,-13.));
#14119=CARTESIAN_POINT('',(-42.5274392780615,23.5620275243047,-13.));
#14120=CARTESIAN_POINT('',(-40.3402506533146,27.3503493481031,-13.));
#14121=CARTESIAN_POINT('Origin',(-29.475929804793,33.8538080222354,-14.6));
#14122=CARTESIAN_POINT('',(-29.375929804793,33.6806029414785,-13.));
#14123=CARTESIAN_POINT('',(-29.575929804793,34.0270131029923,-13.4));
#14124=CARTESIAN_POINT('Origin',(-29.375929804793,33.6806029414785,-14.6));
#14125=CARTESIAN_POINT('Origin',(-39.7548198293179,27.9192880996054,-13.2));
#14126=CARTESIAN_POINT('',(-39.6548198293179,27.7460830188485,-13.));
#14127=CARTESIAN_POINT('Origin',(-44.0562226644938,12.5175322204389,-14.6));
#14128=CARTESIAN_POINT('Origin',(-43.8562226644939,12.5175322204389,-14.6));
#14129=CARTESIAN_POINT('Origin',(-40.0297392880548,12.5175322204389,-14.6));
#14130=CARTESIAN_POINT('',(-42.5762226644937,12.5175322204389,-13.));
#14131=CARTESIAN_POINT('Origin',(-42.5762226644937,12.5175322204389,-14.6));
#14132=CARTESIAN_POINT('',(-40.0297392880548,12.5175322204389,-13.));
#14133=CARTESIAN_POINT('Origin',(-21.2881113322469,-12.5175322204388,-14.6));
#14134=CARTESIAN_POINT('',(-42.5762226644937,-12.5175322204389,-13.));
#14135=CARTESIAN_POINT('',(-21.2881113322469,-12.5175322204388,-13.));
#14136=CARTESIAN_POINT('Origin',(-42.5762226644938,-12.5175322204389,-14.6));
#14137=CARTESIAN_POINT('Origin',(8.88178419700125E-15,-7.09192171593079,
-13.));
#14138=CARTESIAN_POINT('',(28.7359298047931,32.5720904246344,-13.));
#14139=CARTESIAN_POINT('',(16.9764280467579,12.2040359080221,-13.));
#14140=CARTESIAN_POINT('',(39.4032256196265,26.4133243144149,-13.));
#14141=CARTESIAN_POINT('',(39.4032256196265,26.4133243144149,-13.));
#14142=CARTESIAN_POINT('',(42.5762226644938,20.9175322204388,-13.));
#14143=CARTESIAN_POINT('',(42.5762226644938,20.9175322204388,-13.));
#14144=CARTESIAN_POINT('',(42.5762226644938,-20.9175322204389,-13.));
#14145=CARTESIAN_POINT('',(42.5762226644937,-20.9175322204389,-13.));
#14146=CARTESIAN_POINT('',(39.4032256196265,-26.4133243144149,-13.));
#14147=CARTESIAN_POINT('',(39.4032256196265,-26.4133243144149,-13.));
#14148=CARTESIAN_POINT('',(3.17299704486726,-47.3308565348538,-13.));
#14149=CARTESIAN_POINT('',(3.17299704486726,-47.3308565348538,-13.));
#14150=CARTESIAN_POINT('',(-3.17299704486731,-47.3308565348538,-13.));
#14151=CARTESIAN_POINT('',(-3.17299704486731,-47.3308565348538,-13.));
#14152=CARTESIAN_POINT('',(-39.4032256196265,-26.4133243144149,-13.));
#14153=CARTESIAN_POINT('',(-39.4032256196265,-26.4133243144149,-13.));
#14154=CARTESIAN_POINT('',(-42.5762226644938,-20.9175322204389,-13.));
#14155=CARTESIAN_POINT('',(-42.5762226644938,-20.9175322204389,-13.));
#14156=CARTESIAN_POINT('',(-42.5762226644937,20.9175322204389,-13.));
#14157=CARTESIAN_POINT('Origin',(-27.5192734194541,30.4647797498742,-14.6));
#14158=CARTESIAN_POINT('',(-28.735929804793,32.5720904246344,-13.));
#14159=CARTESIAN_POINT('',(-27.5192734194541,30.4647797498742,-13.));
#14160=CARTESIAN_POINT('Origin',(-28.735929804793,32.5720904246344,-14.6));
#14161=CARTESIAN_POINT('Origin',(-35.8032559116158,22.8722726617156,-13.));
#14162=CARTESIAN_POINT('',(-42.5762226644937,20.9175322204389,-13.));
#14163=CARTESIAN_POINT('',(-42.5762226644937,20.9175322204389,-13.));
#14164=CARTESIAN_POINT('',(-39.4032256196264,26.413324314415,-13.));
#14165=CARTESIAN_POINT('',(-39.4032256196264,26.413324314415,-13.));
#14166=CARTESIAN_POINT('',(-3.17299704486726,47.3308565348538,-13.));
#14167=CARTESIAN_POINT('Origin',(-13.2922250350814,40.2228091064002,-14.6));
#14168=CARTESIAN_POINT('',(-13.8402928597007,41.1720904246344,-13.));
#14169=CARTESIAN_POINT('Origin',(-13.8402928597007,41.1720904246344,-14.6));
#14170=CARTESIAN_POINT('',(-13.2922250350814,40.2228091064002,-13.));
#14171=CARTESIAN_POINT('Origin',(3.33066907387547E-14,44.6914734797441,
-13.));
#14172=CARTESIAN_POINT('',(-3.17299704486726,47.3308565348538,-13.));
#14173=CARTESIAN_POINT('',(-3.17299704486726,47.3308565348538,-13.));
#14174=CARTESIAN_POINT('',(3.17299704486733,47.3308565348538,-13.));
#14175=CARTESIAN_POINT('',(3.17299704486733,47.3308565348538,-13.));
#14176=CARTESIAN_POINT('',(13.8402928597007,41.1720904246344,-13.));
#14177=CARTESIAN_POINT('',(39.4032256196265,26.4133243144149,-13.));
#14178=CARTESIAN_POINT('',(12.8722250350814,39.4953477672212,-13.));
#14179=CARTESIAN_POINT('Origin',(12.8722250350814,39.4953477672212,-14.6));
#14180=CARTESIAN_POINT('Origin',(13.8402928597006,41.1720904246343,-14.6));
#14181=CARTESIAN_POINT('Origin',(16.9764280467579,12.2040359080221,-14.6));
#14182=CARTESIAN_POINT('Origin',(28.7359298047931,32.5720904246344,-14.6));
#14183=CARTESIAN_POINT('Origin',(27.350289158738,33.3720904246344,-14.6));
#14184=CARTESIAN_POINT('',(39.4032256196265,26.4133243144149,-14.6));
#14185=CARTESIAN_POINT('Origin',(-3.17299704486726,47.3308565348538,-14.6));
#14186=CARTESIAN_POINT('',(3.17299704486733,47.3308565348538,-14.6));
#14187=CARTESIAN_POINT('',(-3.17299704486726,47.3308565348538,-14.6));
#14188=CARTESIAN_POINT('Origin',(-15.2259335057558,40.3720904246344,-14.6));
#14189=CARTESIAN_POINT('Origin',(3.17299704486733,47.3308565348538,-14.6));
#14190=CARTESIAN_POINT('Origin',(-42.5762226644937,20.9175322204389,-14.6));
#14191=CARTESIAN_POINT('',(-39.4032256196264,26.413324314415,-14.6));
#14192=CARTESIAN_POINT('',(-42.5762226644937,20.9175322204389,-14.6));
#14193=CARTESIAN_POINT('Origin',(-42.5762226644937,10.9175322204389,-14.6));
#14194=CARTESIAN_POINT('Origin',(-39.4032256196264,26.413324314415,-14.6));
#14195=CARTESIAN_POINT('Origin',(-3.17299704486731,-47.3308565348538,-14.6));
#14196=CARTESIAN_POINT('',(-39.4032256196265,-26.4133243144149,-14.6));
#14197=CARTESIAN_POINT('',(-3.17299704486731,-47.3308565348538,-14.6));
#14198=CARTESIAN_POINT('Origin',(3.17299704486726,-47.3308565348538,-14.6));
#14199=CARTESIAN_POINT('',(3.17299704486726,-47.3308565348538,-14.6));
#14200=CARTESIAN_POINT('Origin',(39.4032256196265,-26.4133243144149,-14.6));
#14201=CARTESIAN_POINT('',(39.4032256196265,-26.4133243144149,-14.6));
#14202=CARTESIAN_POINT('Origin',(42.5762226644937,-20.9175322204389,-14.6));
#14203=CARTESIAN_POINT('',(42.5762226644937,-20.9175322204389,-14.6));
#14204=CARTESIAN_POINT('Origin',(42.5762226644938,20.9175322204388,-14.6));
#14205=CARTESIAN_POINT('',(42.5762226644938,20.9175322204388,-14.6));
#14206=CARTESIAN_POINT('Origin',(39.4032256196265,26.4133243144149,-14.6));
#14207=CARTESIAN_POINT('Origin',(-42.5762226644938,-20.9175322204389,-14.6));
#14208=CARTESIAN_POINT('',(-42.5762226644938,-20.9175322204389,-14.6));
#14209=CARTESIAN_POINT('Origin',(-39.4032256196265,-26.4133243144149,-14.6));
#14210=CARTESIAN_POINT('Origin',(38.9762226644938,-19.9529151276869,-14.6));
#14211=CARTESIAN_POINT('',(38.9762226644938,-19.9529151276869,-14.6));
#14212=CARTESIAN_POINT('Origin',(36.7678427123785,-23.777941407167,-14.6));
#14213=CARTESIAN_POINT('',(36.7678427123785,-23.777941407167,-14.6));
#14214=CARTESIAN_POINT('Origin',(6.69765770998821,-41.1389708128788,-14.6));
#14215=CARTESIAN_POINT('',(6.69765770998821,-41.1389708128788,-14.6));
#14216=CARTESIAN_POINT('Origin',(2.73136129389546,-34.2691439023277,-14.6));
#14217=CARTESIAN_POINT('',(2.73136129389539,-34.2691439023277,-14.6));
#14218=CARTESIAN_POINT('Origin',(-2.73136104148845,-34.2691439023278,-14.6));
#14219=CARTESIAN_POINT('',(-2.73136104148845,-34.2691439023278,-14.6));
#14220=CARTESIAN_POINT('Origin',(-6.69765752068299,-41.1389709221743,-14.6));
#14221=CARTESIAN_POINT('',(0.,0.,0.));
#14222=CARTESIAN_POINT('',(0.,0.,0.));
#14223=CARTESIAN_POINT('',(0.,0.,0.));
#14224=UNCERTAINTY_MEASURE_WITH_UNIT(LENGTH_MEASURE(0.01),#14234,
'DISTANCE_ACCURACY_VALUE',
'Maximum model space distance between geometric entities at asserted c
onnectivities');
#14225=UNCERTAINTY_MEASURE_WITH_UNIT(LENGTH_MEASURE(0.01),#14234,
'DISTANCE_ACCURACY_VALUE',
'Maximum model space distance between geometric entities at asserted c
onnectivities');
#14226=UNCERTAINTY_MEASURE_WITH_UNIT(LENGTH_MEASURE(0.01),#14234,
'DISTANCE_ACCURACY_VALUE',
'Maximum model space distance between geometric entities at asserted c
onnectivities');
#14227=UNCERTAINTY_MEASURE_WITH_UNIT(LENGTH_MEASURE(0.01),#14234,
'DISTANCE_ACCURACY_VALUE',
'Maximum model space distance between geometric entities at asserted c
onnectivities');
#14228=UNCERTAINTY_MEASURE_WITH_UNIT(LENGTH_MEASURE(0.01),#14234,
'DISTANCE_ACCURACY_VALUE',
'Maximum model space distance between geometric entities at asserted c
onnectivities');
#14229=(
GEOMETRIC_REPRESENTATION_CONTEXT(3)
GLOBAL_UNCERTAINTY_ASSIGNED_CONTEXT((#14224))
GLOBAL_UNIT_ASSIGNED_CONTEXT((#14234,#14236,#14237))
REPRESENTATION_CONTEXT('','3D')
);
#14230=(
GEOMETRIC_REPRESENTATION_CONTEXT(3)
GLOBAL_UNCERTAINTY_ASSIGNED_CONTEXT((#14225))
GLOBAL_UNIT_ASSIGNED_CONTEXT((#14234,#14236,#14237))
REPRESENTATION_CONTEXT('','3D')
);
#14231=(
GEOMETRIC_REPRESENTATION_CONTEXT(3)
GLOBAL_UNCERTAINTY_ASSIGNED_CONTEXT((#14226))
GLOBAL_UNIT_ASSIGNED_CONTEXT((#14234,#14236,#14237))
REPRESENTATION_CONTEXT('','3D')
);
#14232=(
GEOMETRIC_REPRESENTATION_CONTEXT(3)
GLOBAL_UNCERTAINTY_ASSIGNED_CONTEXT((#14227))
GLOBAL_UNIT_ASSIGNED_CONTEXT((#14234,#14236,#14237))
REPRESENTATION_CONTEXT('','3D')
);
#14233=(
GEOMETRIC_REPRESENTATION_CONTEXT(3)
GLOBAL_UNCERTAINTY_ASSIGNED_CONTEXT((#14228))
GLOBAL_UNIT_ASSIGNED_CONTEXT((#14234,#14236,#14237))
REPRESENTATION_CONTEXT('','3D')
);
#14234=(
LENGTH_UNIT()
NAMED_UNIT(*)
SI_UNIT(.MILLI.,.METRE.)
);
#14235=(
LENGTH_UNIT()
NAMED_UNIT(*)
SI_UNIT($,.METRE.)
);
#14236=(
NAMED_UNIT(*)
PLANE_ANGLE_UNIT()
SI_UNIT($,.RADIAN.)
);
#14237=(
NAMED_UNIT(*)
SI_UNIT($,.STERADIAN.)
SOLID_ANGLE_UNIT()
);
#14238=SHAPE_DEFINITION_REPRESENTATION(#14242,#14249);
#14239=SHAPE_DEFINITION_REPRESENTATION(#14243,#14250);
#14240=SHAPE_DEFINITION_REPRESENTATION(#14244,#14251);
#14241=SHAPE_DEFINITION_REPRESENTATION(#14245,#14252);
#14242=PRODUCT_DEFINITION_SHAPE('',$,#14254);
#14243=PRODUCT_DEFINITION_SHAPE('',$,#14255);
#14244=PRODUCT_DEFINITION_SHAPE('',$,#14256);
#14245=PRODUCT_DEFINITION_SHAPE('',$,#14257);
#14246=PRODUCT_DEFINITION_SHAPE($,$,#20);
#14247=PRODUCT_DEFINITION_SHAPE($,$,#21);
#14248=PRODUCT_DEFINITION_SHAPE($,$,#22);
#14249=SHAPE_REPRESENTATION('',(#8717,#9278,#9279,#9280),#14229);
#14250=SHAPE_REPRESENTATION('',(#8718),#14230);
#14251=SHAPE_REPRESENTATION('',(#8901),#14231);
#14252=SHAPE_REPRESENTATION('',(#9075),#14232);
#14253=PRODUCT_DEFINITION_CONTEXT('part definition',#14267,'design');
#14254=PRODUCT_DEFINITION('SMTSO','Frame Case - Tildagon 2026 v7',#14258,
#14253);
#14255=PRODUCT_DEFINITION('Frame Case','Frame Case',#14259,#14253);
#14256=PRODUCT_DEFINITION('Frame Case No Baffles',
'Frame Case No Baffles',#14260,#14253);
#14257=PRODUCT_DEFINITION('Case Bottom','Case Bottom',#14261,#14253);
#14258=PRODUCT_DEFINITION_FORMATION('',$,#14269);
#14259=PRODUCT_DEFINITION_FORMATION('',$,#14270);
#14260=PRODUCT_DEFINITION_FORMATION('',$,#14271);
#14261=PRODUCT_DEFINITION_FORMATION('',$,#14272);
#14262=PRODUCT_RELATED_PRODUCT_CATEGORY('Frame Case - Tildagon 2026 v7',
'Frame Case - Tildagon 2026 v7',(#14269));
#14263=PRODUCT_RELATED_PRODUCT_CATEGORY('Frame Case','Frame Case',(#14270));
#14264=PRODUCT_RELATED_PRODUCT_CATEGORY('Frame Case No Baffles',
'Frame Case No Baffles',(#14271));
#14265=PRODUCT_RELATED_PRODUCT_CATEGORY('Case Bottom','Case Bottom',(#14272));
#14266=APPLICATION_PROTOCOL_DEFINITION('international standard',
'automotive_design',2009,#14267);
#14267=APPLICATION_CONTEXT(
'Core Data for Automotive Mechanical Design Process');
#14268=PRODUCT_CONTEXT('part definition',#14267,'mechanical');
#14269=PRODUCT('SMTSO','Frame Case - Tildagon 2026 v7','FreeCAD Model',
(#14268));
#14270=PRODUCT('Frame Case','Frame Case',$,(#14268));
#14271=PRODUCT('Frame Case No Baffles','Frame Case No Baffles',$,(#14268));
#14272=PRODUCT('Case Bottom','Case Bottom',$,(#14268));
#14273=PRESENTATION_STYLE_ASSIGNMENT((#14277));
#14274=PRESENTATION_STYLE_ASSIGNMENT((#14278));
#14275=PRESENTATION_STYLE_ASSIGNMENT((#14279));
#14276=PRESENTATION_STYLE_ASSIGNMENT((#14280));
#14277=SURFACE_STYLE_USAGE(.BOTH.,#14281);
#14278=SURFACE_STYLE_USAGE(.BOTH.,#14282);
#14279=SURFACE_STYLE_USAGE(.BOTH.,#14283);
#14280=SURFACE_STYLE_USAGE(.BOTH.,#14284);
#14281=SURFACE_SIDE_STYLE('',(#14285));
#14282=SURFACE_SIDE_STYLE('',(#14286));
#14283=SURFACE_SIDE_STYLE('',(#14287));
#14284=SURFACE_SIDE_STYLE('',(#14288));
#14285=SURFACE_STYLE_FILL_AREA(#14289);
#14286=SURFACE_STYLE_FILL_AREA(#14290);
#14287=SURFACE_STYLE_FILL_AREA(#14291);
#14288=SURFACE_STYLE_FILL_AREA(#14292);
#14289=FILL_AREA_STYLE('Steel - Satin',(#14293));
#14290=FILL_AREA_STYLE('Opaque(191,191,0)',(#14294));
#14291=FILL_AREA_STYLE('Opaque(87,173,113)',(#14295));
#14292=FILL_AREA_STYLE('Opaque(18,119,189)',(#14296));
#14293=FILL_AREA_STYLE_COLOUR('Steel - Satin',#14297);
#14294=FILL_AREA_STYLE_COLOUR('Opaque(191,191,0)',#14298);
#14295=FILL_AREA_STYLE_COLOUR('Opaque(87,173,113)',#14299);
#14296=FILL_AREA_STYLE_COLOUR('Opaque(18,119,189)',#14300);
#14297=COLOUR_RGB('Steel - Satin',0.627450980392157,0.627450980392157,0.627450980392157);
#14298=COLOUR_RGB('Opaque(191,191,0)',0.749019607843137,0.749019607843137,
0.);
#14299=COLOUR_RGB('Opaque(87,173,113)',0.341176470588235,0.67843137254902,
0.443137254901961);
#14300=COLOUR_RGB('Opaque(18,119,189)',0.0705882352941176,0.466666666666667,
0.741176470588235);
ENDSEC;
END-ISO-10303-21;
