ISO-10303-21;
HEADER;
/* Generated by software containing ST-Developer
 * from STEP Tools, Inc. (www.steptools.com) 
 */

FILE_DESCRIPTION(
/* description */ ('FreeCAD Model'),
/* implementation_level */ '2;1');

FILE_NAME(
/* name */ 'frame-case-v9-no-baffles.step',
/* time_stamp */ '2026-06-09T11:07:17+01:00',
/* author */ (''),
/* organization */ (''),
/* preprocessor_version */ 'ST-DEVELOPER v20.1',
/* originating_system */ 'Autodesk Translation Framework v15.8.0.0',
/* authorisation */ '');

FILE_SCHEMA (('AUTOMOTIVE_DESIGN { 1 0 10303 214 3 1 1 }'));
ENDSEC;

DATA;
#10=MECHANICAL_DESIGN_GEOMETRIC_PRESENTATION_REPRESENTATION('',(#17),#4688);
#11=ITEM_DEFINED_TRANSFORMATION($,$,#2936,#3114);
#12=(
REPRESENTATION_RELATIONSHIP($,$,#4699,#4698)
REPRESENTATION_RELATIONSHIP_WITH_TRANSFORMATION(#11)
SHAPE_REPRESENTATION_RELATIONSHIP()
);
#13=CONTEXT_DEPENDENT_SHAPE_REPRESENTATION(#12,#4697);
#14=NEXT_ASSEMBLY_USAGE_OCCURRENCE('Frame Case No Baffles:1',
'Frame Case No Baffles:1','Frame Case No Baffles:1',#4701,#4702,
'Frame Case No Baffles:1');
#15=SHAPE_REPRESENTATION_RELATIONSHIP('SRR','None',#4699,#16);
#16=ADVANCED_BREP_SHAPE_REPRESENTATION('',(#18),#4687);
#17=STYLED_ITEM('',(#4713),#18);
#18=MANIFOLD_SOLID_BREP('Body1',#2922);
#19=CYLINDRICAL_SURFACE('',#2999,2.98);
#20=CYLINDRICAL_SURFACE('',#3005,2.98);
#21=CYLINDRICAL_SURFACE('',#3007,16.5000588809659);
#22=CYLINDRICAL_SURFACE('',#3010,10.2847624490453);
#23=CYLINDRICAL_SURFACE('',#3013,3.50018491795778);
#24=CYLINDRICAL_SURFACE('',#3016,6.03634357106366);
#25=CYLINDRICAL_SURFACE('',#3022,9.53665329327062);
#26=CYLINDRICAL_SURFACE('',#3029,4.24);
#27=CYLINDRICAL_SURFACE('',#3039,13.7848585180386);
#28=CYLINDRICAL_SURFACE('',#3042,20.0001247965971);
#29=CYLINDRICAL_SURFACE('',#3049,2.98);
#30=CYLINDRICAL_SURFACE('',#3053,9.53665329327062);
#31=CYLINDRICAL_SURFACE('',#3056,13.7848585180386);
#32=CYLINDRICAL_SURFACE('',#3064,20.0001247965971);
#33=CYLINDRICAL_SURFACE('',#3069,20.0001247965971);
#34=CYLINDRICAL_SURFACE('',#3078,20.0001247965971);
#35=CYLINDRICAL_SURFACE('',#3081,9.53665329327062);
#36=CYLINDRICAL_SURFACE('',#3086,20.0001247965971);
#37=CYLINDRICAL_SURFACE('',#3093,20.0001247965971);
#38=CYLINDRICAL_SURFACE('',#3103,13.7848585180386);
#39=CIRCLE('',#2958,13.7848585180386);
#40=CIRCLE('',#2962,4.24);
#41=CIRCLE('',#2963,2.98);
#42=CIRCLE('',#2995,4.24);
#43=CIRCLE('',#3000,2.98);
#44=CIRCLE('',#3001,2.98);
#45=CIRCLE('',#3006,2.98);
#46=CIRCLE('',#3008,16.5000588809659);
#47=CIRCLE('',#3009,16.5000588809659);
#48=CIRCLE('',#3011,10.2847624490453);
#49=CIRCLE('',#3012,10.2847624490453);
#50=CIRCLE('',#3014,3.50018491795778);
#51=CIRCLE('',#3015,3.50018491795778);
#52=CIRCLE('',#3017,6.03634357106366);
#53=CIRCLE('',#3018,6.03634357106366);
#54=CIRCLE('',#3023,9.53665329327062);
#55=CIRCLE('',#3024,9.53665329327062);
#56=CIRCLE('',#3030,4.24);
#57=CIRCLE('',#3031,4.24);
#58=CIRCLE('',#3040,13.7848585180386);
#59=CIRCLE('',#3041,13.7848585180386);
#60=CIRCLE('',#3043,20.0001247965971);
#61=CIRCLE('',#3044,20.0001247965971);
#62=CIRCLE('',#3050,2.98);
#63=CIRCLE('',#3051,2.98);
#64=CIRCLE('',#3054,9.53665329327062);
#65=CIRCLE('',#3055,9.53665329327062);
#66=CIRCLE('',#3057,13.7848585180386);
#67=CIRCLE('',#3058,13.7848585180386);
#68=CIRCLE('',#3059,13.7848585180386);
#69=CIRCLE('',#3065,20.0001247965971);
#70=CIRCLE('',#3066,20.0001247965971);
#71=CIRCLE('',#3070,20.0001247965971);
#72=CIRCLE('',#3071,20.0001247965971);
#73=CIRCLE('',#3079,20.0001247965971);
#74=CIRCLE('',#3080,20.0001247965971);
#75=CIRCLE('',#3082,9.53665329327062);
#76=CIRCLE('',#3083,9.53665329327062);
#77=CIRCLE('',#3087,20.0001247965971);
#78=CIRCLE('',#3088,20.0001247965971);
#79=CIRCLE('',#3094,20.0001247965971);
#80=CIRCLE('',#3095,20.0001247965971);
#81=CIRCLE('',#3104,13.7848585180386);
#82=CIRCLE('',#3105,13.7848585180386);
#83=FACE_BOUND('',#253,.T.);
#84=FACE_BOUND('',#367,.T.);
#85=FACE_BOUND('',#369,.T.);
#86=FACE_BOUND('',#370,.T.);
#87=FACE_BOUND('',#371,.T.);
#88=FACE_BOUND('',#372,.T.);
#89=FACE_BOUND('',#373,.T.);
#90=FACE_BOUND('',#374,.T.);
#91=FACE_BOUND('',#375,.T.);
#92=FACE_BOUND('',#376,.T.);
#93=FACE_BOUND('',#377,.T.);
#94=FACE_BOUND('',#378,.T.);
#95=FACE_BOUND('',#379,.T.);
#96=FACE_BOUND('',#380,.T.);
#97=FACE_BOUND('',#381,.T.);
#98=FACE_BOUND('',#382,.T.);
#99=FACE_BOUND('',#383,.T.);
#100=FACE_BOUND('',#384,.T.);
#101=FACE_OUTER_BOUND('',#234,.T.);
#102=FACE_OUTER_BOUND('',#235,.T.);
#103=FACE_OUTER_BOUND('',#236,.T.);
#104=FACE_OUTER_BOUND('',#237,.T.);
#105=FACE_OUTER_BOUND('',#238,.T.);
#106=FACE_OUTER_BOUND('',#239,.T.);
#107=FACE_OUTER_BOUND('',#240,.T.);
#108=FACE_OUTER_BOUND('',#241,.T.);
#109=FACE_OUTER_BOUND('',#242,.T.);
#110=FACE_OUTER_BOUND('',#243,.T.);
#111=FACE_OUTER_BOUND('',#244,.T.);
#112=FACE_OUTER_BOUND('',#245,.T.);
#113=FACE_OUTER_BOUND('',#246,.T.);
#114=FACE_OUTER_BOUND('',#247,.T.);
#115=FACE_OUTER_BOUND('',#248,.T.);
#116=FACE_OUTER_BOUND('',#249,.T.);
#117=FACE_OUTER_BOUND('',#250,.T.);
#118=FACE_OUTER_BOUND('',#251,.T.);
#119=FACE_OUTER_BOUND('',#252,.T.);
#120=FACE_OUTER_BOUND('',#254,.T.);
#121=FACE_OUTER_BOUND('',#255,.T.);
#122=FACE_OUTER_BOUND('',#256,.T.);
#123=FACE_OUTER_BOUND('',#257,.T.);
#124=FACE_OUTER_BOUND('',#258,.T.);
#125=FACE_OUTER_BOUND('',#259,.T.);
#126=FACE_OUTER_BOUND('',#260,.T.);
#127=FACE_OUTER_BOUND('',#261,.T.);
#128=FACE_OUTER_BOUND('',#262,.T.);
#129=FACE_OUTER_BOUND('',#263,.T.);
#130=FACE_OUTER_BOUND('',#264,.T.);
#131=FACE_OUTER_BOUND('',#265,.T.);
#132=FACE_OUTER_BOUND('',#266,.T.);
#133=FACE_OUTER_BOUND('',#267,.T.);
#134=FACE_OUTER_BOUND('',#268,.T.);
#135=FACE_OUTER_BOUND('',#269,.T.);
#136=FACE_OUTER_BOUND('',#270,.T.);
#137=FACE_OUTER_BOUND('',#271,.T.);
#138=FACE_OUTER_BOUND('',#272,.T.);
#139=FACE_OUTER_BOUND('',#273,.T.);
#140=FACE_OUTER_BOUND('',#274,.T.);
#141=FACE_OUTER_BOUND('',#275,.T.);
#142=FACE_OUTER_BOUND('',#276,.T.);
#143=FACE_OUTER_BOUND('',#277,.T.);
#144=FACE_OUTER_BOUND('',#278,.T.);
#145=FACE_OUTER_BOUND('',#279,.T.);
#146=FACE_OUTER_BOUND('',#280,.T.);
#147=FACE_OUTER_BOUND('',#281,.T.);
#148=FACE_OUTER_BOUND('',#282,.T.);
#149=FACE_OUTER_BOUND('',#283,.T.);
#150=FACE_OUTER_BOUND('',#284,.T.);
#151=FACE_OUTER_BOUND('',#285,.T.);
#152=FACE_OUTER_BOUND('',#286,.T.);
#153=FACE_OUTER_BOUND('',#287,.T.);
#154=FACE_OUTER_BOUND('',#288,.T.);
#155=FACE_OUTER_BOUND('',#289,.T.);
#156=FACE_OUTER_BOUND('',#290,.T.);
#157=FACE_OUTER_BOUND('',#291,.T.);
#158=FACE_OUTER_BOUND('',#292,.T.);
#159=FACE_OUTER_BOUND('',#293,.T.);
#160=FACE_OUTER_BOUND('',#294,.T.);
#161=FACE_OUTER_BOUND('',#295,.T.);
#162=FACE_OUTER_BOUND('',#296,.T.);
#163=FACE_OUTER_BOUND('',#297,.T.);
#164=FACE_OUTER_BOUND('',#298,.T.);
#165=FACE_OUTER_BOUND('',#299,.T.);
#166=FACE_OUTER_BOUND('',#300,.T.);
#167=FACE_OUTER_BOUND('',#301,.T.);
#168=FACE_OUTER_BOUND('',#302,.T.);
#169=FACE_OUTER_BOUND('',#303,.T.);
#170=FACE_OUTER_BOUND('',#304,.T.);
#171=FACE_OUTER_BOUND('',#305,.T.);
#172=FACE_OUTER_BOUND('',#306,.T.);
#173=FACE_OUTER_BOUND('',#307,.T.);
#174=FACE_OUTER_BOUND('',#308,.T.);
#175=FACE_OUTER_BOUND('',#309,.T.);
#176=FACE_OUTER_BOUND('',#310,.T.);
#177=FACE_OUTER_BOUND('',#311,.T.);
#178=FACE_OUTER_BOUND('',#312,.T.);
#179=FACE_OUTER_BOUND('',#313,.T.);
#180=FACE_OUTER_BOUND('',#314,.T.);
#181=FACE_OUTER_BOUND('',#315,.T.);
#182=FACE_OUTER_BOUND('',#316,.T.);
#183=FACE_OUTER_BOUND('',#317,.T.);
#184=FACE_OUTER_BOUND('',#318,.T.);
#185=FACE_OUTER_BOUND('',#319,.T.);
#186=FACE_OUTER_BOUND('',#320,.T.);
#187=FACE_OUTER_BOUND('',#321,.T.);
#188=FACE_OUTER_BOUND('',#322,.T.);
#189=FACE_OUTER_BOUND('',#323,.T.);
#190=FACE_OUTER_BOUND('',#324,.T.);
#191=FACE_OUTER_BOUND('',#325,.T.);
#192=FACE_OUTER_BOUND('',#326,.T.);
#193=FACE_OUTER_BOUND('',#327,.T.);
#194=FACE_OUTER_BOUND('',#328,.T.);
#195=FACE_OUTER_BOUND('',#329,.T.);
#196=FACE_OUTER_BOUND('',#330,.T.);
#197=FACE_OUTER_BOUND('',#331,.T.);
#198=FACE_OUTER_BOUND('',#332,.T.);
#199=FACE_OUTER_BOUND('',#333,.T.);
#200=FACE_OUTER_BOUND('',#334,.T.);
#201=FACE_OUTER_BOUND('',#335,.T.);
#202=FACE_OUTER_BOUND('',#336,.T.);
#203=FACE_OUTER_BOUND('',#337,.T.);
#204=FACE_OUTER_BOUND('',#338,.T.);
#205=FACE_OUTER_BOUND('',#339,.T.);
#206=FACE_OUTER_BOUND('',#340,.T.);
#207=FACE_OUTER_BOUND('',#341,.T.);
#208=FACE_OUTER_BOUND('',#342,.T.);
#209=FACE_OUTER_BOUND('',#343,.T.);
#210=FACE_OUTER_BOUND('',#344,.T.);
#211=FACE_OUTER_BOUND('',#345,.T.);
#212=FACE_OUTER_BOUND('',#346,.T.);
#213=FACE_OUTER_BOUND('',#347,.T.);
#214=FACE_OUTER_BOUND('',#348,.T.);
#215=FACE_OUTER_BOUND('',#349,.T.);
#216=FACE_OUTER_BOUND('',#350,.T.);
#217=FACE_OUTER_BOUND('',#351,.T.);
#218=FACE_OUTER_BOUND('',#352,.T.);
#219=FACE_OUTER_BOUND('',#353,.T.);
#220=FACE_OUTER_BOUND('',#354,.T.);
#221=FACE_OUTER_BOUND('',#355,.T.);
#222=FACE_OUTER_BOUND('',#356,.T.);
#223=FACE_OUTER_BOUND('',#357,.T.);
#224=FACE_OUTER_BOUND('',#358,.T.);
#225=FACE_OUTER_BOUND('',#359,.T.);
#226=FACE_OUTER_BOUND('',#360,.T.);
#227=FACE_OUTER_BOUND('',#361,.T.);
#228=FACE_OUTER_BOUND('',#362,.T.);
#229=FACE_OUTER_BOUND('',#363,.T.);
#230=FACE_OUTER_BOUND('',#364,.T.);
#231=FACE_OUTER_BOUND('',#365,.T.);
#232=FACE_OUTER_BOUND('',#366,.T.);
#233=FACE_OUTER_BOUND('',#368,.T.);
#234=EDGE_LOOP('',(#1834,#1835,#1836,#1837));
#235=EDGE_LOOP('',(#1838,#1839,#1840,#1841));
#236=EDGE_LOOP('',(#1842,#1843,#1844,#1845));
#237=EDGE_LOOP('',(#1846,#1847,#1848,#1849));
#238=EDGE_LOOP('',(#1850,#1851,#1852,#1853));
#239=EDGE_LOOP('',(#1854,#1855,#1856,#1857));
#240=EDGE_LOOP('',(#1858,#1859,#1860,#1861));
#241=EDGE_LOOP('',(#1862,#1863,#1864,#1865));
#242=EDGE_LOOP('',(#1866,#1867,#1868,#1869));
#243=EDGE_LOOP('',(#1870,#1871,#1872,#1873));
#244=EDGE_LOOP('',(#1874,#1875,#1876,#1877));
#245=EDGE_LOOP('',(#1878,#1879,#1880,#1881));
#246=EDGE_LOOP('',(#1882,#1883,#1884,#1885));
#247=EDGE_LOOP('',(#1886,#1887,#1888,#1889));
#248=EDGE_LOOP('',(#1890,#1891,#1892,#1893));
#249=EDGE_LOOP('',(#1894,#1895,#1896,#1897));
#250=EDGE_LOOP('',(#1898,#1899,#1900,#1901));
#251=EDGE_LOOP('',(#1902,#1903,#1904,#1905));
#252=EDGE_LOOP('',(#1906,#1907,#1908,#1909,#1910,#1911,#1912,#1913,#1914,
#1915,#1916,#1917));
#253=EDGE_LOOP('',(#1918,#1919,#1920,#1921,#1922,#1923,#1924,#1925,#1926,
#1927,#1928,#1929));
#254=EDGE_LOOP('',(#1930,#1931,#1932,#1933));
#255=EDGE_LOOP('',(#1934,#1935,#1936,#1937));
#256=EDGE_LOOP('',(#1938,#1939,#1940,#1941,#1942,#1943,#1944));
#257=EDGE_LOOP('',(#1945,#1946,#1947,#1948));
#258=EDGE_LOOP('',(#1949,#1950,#1951,#1952,#1953,#1954,#1955,#1956));
#259=EDGE_LOOP('',(#1957,#1958,#1959,#1960));
#260=EDGE_LOOP('',(#1961,#1962,#1963,#1964));
#261=EDGE_LOOP('',(#1965,#1966,#1967,#1968));
#262=EDGE_LOOP('',(#1969,#1970,#1971,#1972));
#263=EDGE_LOOP('',(#1973,#1974,#1975,#1976));
#264=EDGE_LOOP('',(#1977,#1978,#1979,#1980));
#265=EDGE_LOOP('',(#1981,#1982,#1983,#1984));
#266=EDGE_LOOP('',(#1985,#1986,#1987,#1988));
#267=EDGE_LOOP('',(#1989,#1990,#1991,#1992));
#268=EDGE_LOOP('',(#1993,#1994,#1995,#1996,#1997));
#269=EDGE_LOOP('',(#1998,#1999,#2000,#2001));
#270=EDGE_LOOP('',(#2002,#2003,#2004,#2005,#2006,#2007));
#271=EDGE_LOOP('',(#2008,#2009,#2010,#2011));
#272=EDGE_LOOP('',(#2012,#2013,#2014,#2015,#2016));
#273=EDGE_LOOP('',(#2017,#2018,#2019,#2020));
#274=EDGE_LOOP('',(#2021,#2022,#2023,#2024,#2025,#2026));
#275=EDGE_LOOP('',(#2027,#2028,#2029,#2030));
#276=EDGE_LOOP('',(#2031,#2032,#2033,#2034,#2035,#2036));
#277=EDGE_LOOP('',(#2037,#2038,#2039,#2040));
#278=EDGE_LOOP('',(#2041,#2042,#2043,#2044,#2045));
#279=EDGE_LOOP('',(#2046,#2047,#2048,#2049));
#280=EDGE_LOOP('',(#2050,#2051,#2052,#2053,#2054,#2055));
#281=EDGE_LOOP('',(#2056,#2057,#2058,#2059));
#282=EDGE_LOOP('',(#2060,#2061,#2062,#2063,#2064,#2065));
#283=EDGE_LOOP('',(#2066,#2067,#2068,#2069));
#284=EDGE_LOOP('',(#2070,#2071,#2072,#2073));
#285=EDGE_LOOP('',(#2074,#2075,#2076,#2077));
#286=EDGE_LOOP('',(#2078,#2079,#2080,#2081));
#287=EDGE_LOOP('',(#2082,#2083,#2084,#2085));
#288=EDGE_LOOP('',(#2086,#2087,#2088,#2089));
#289=EDGE_LOOP('',(#2090,#2091,#2092,#2093));
#290=EDGE_LOOP('',(#2094,#2095,#2096,#2097,#2098,#2099));
#291=EDGE_LOOP('',(#2100,#2101,#2102,#2103));
#292=EDGE_LOOP('',(#2104,#2105,#2106,#2107,#2108,#2109,#2110,#2111,#2112,
#2113,#2114,#2115,#2116,#2117,#2118,#2119));
#293=EDGE_LOOP('',(#2120,#2121,#2122,#2123));
#294=EDGE_LOOP('',(#2124,#2125,#2126,#2127));
#295=EDGE_LOOP('',(#2128,#2129,#2130,#2131));
#296=EDGE_LOOP('',(#2132,#2133,#2134,#2135));
#297=EDGE_LOOP('',(#2136,#2137,#2138,#2139));
#298=EDGE_LOOP('',(#2140,#2141,#2142,#2143));
#299=EDGE_LOOP('',(#2144,#2145,#2146,#2147));
#300=EDGE_LOOP('',(#2148,#2149,#2150,#2151));
#301=EDGE_LOOP('',(#2152,#2153,#2154,#2155));
#302=EDGE_LOOP('',(#2156,#2157,#2158,#2159));
#303=EDGE_LOOP('',(#2160,#2161,#2162,#2163,#2164));
#304=EDGE_LOOP('',(#2165,#2166,#2167,#2168,#2169));
#305=EDGE_LOOP('',(#2170,#2171,#2172,#2173));
#306=EDGE_LOOP('',(#2174,#2175,#2176,#2177));
#307=EDGE_LOOP('',(#2178,#2179,#2180,#2181));
#308=EDGE_LOOP('',(#2182,#2183,#2184,#2185,#2186));
#309=EDGE_LOOP('',(#2187,#2188,#2189,#2190));
#310=EDGE_LOOP('',(#2191,#2192,#2193,#2194,#2195,#2196,#2197,#2198));
#311=EDGE_LOOP('',(#2199,#2200,#2201,#2202));
#312=EDGE_LOOP('',(#2203,#2204,#2205,#2206));
#313=EDGE_LOOP('',(#2207,#2208,#2209,#2210));
#314=EDGE_LOOP('',(#2211,#2212,#2213,#2214,#2215,#2216,#2217,#2218,#2219,
#2220,#2221,#2222,#2223,#2224,#2225,#2226));
#315=EDGE_LOOP('',(#2227,#2228,#2229,#2230));
#316=EDGE_LOOP('',(#2231,#2232,#2233,#2234,#2235));
#317=EDGE_LOOP('',(#2236,#2237,#2238,#2239));
#318=EDGE_LOOP('',(#2240,#2241,#2242,#2243));
#319=EDGE_LOOP('',(#2244,#2245,#2246,#2247));
#320=EDGE_LOOP('',(#2248,#2249,#2250,#2251,#2252));
#321=EDGE_LOOP('',(#2253,#2254,#2255,#2256,#2257,#2258));
#322=EDGE_LOOP('',(#2259,#2260,#2261,#2262,#2263,#2264,#2265,#2266,#2267,
#2268,#2269,#2270,#2271,#2272,#2273,#2274));
#323=EDGE_LOOP('',(#2275,#2276,#2277,#2278));
#324=EDGE_LOOP('',(#2279,#2280,#2281,#2282));
#325=EDGE_LOOP('',(#2283,#2284,#2285,#2286));
#326=EDGE_LOOP('',(#2287,#2288,#2289,#2290));
#327=EDGE_LOOP('',(#2291,#2292,#2293,#2294,#2295,#2296,#2297,#2298));
#328=EDGE_LOOP('',(#2299,#2300,#2301,#2302,#2303,#2304,#2305));
#329=EDGE_LOOP('',(#2306,#2307,#2308,#2309));
#330=EDGE_LOOP('',(#2310,#2311,#2312,#2313,#2314));
#331=EDGE_LOOP('',(#2315,#2316,#2317,#2318,#2319));
#332=EDGE_LOOP('',(#2320,#2321,#2322,#2323));
#333=EDGE_LOOP('',(#2324,#2325,#2326,#2327));
#334=EDGE_LOOP('',(#2328,#2329,#2330,#2331,#2332));
#335=EDGE_LOOP('',(#2333,#2334,#2335,#2336));
#336=EDGE_LOOP('',(#2337,#2338,#2339,#2340,#2341));
#337=EDGE_LOOP('',(#2342,#2343,#2344,#2345,#2346,#2347,#2348,#2349,#2350,
#2351,#2352,#2353,#2354,#2355,#2356,#2357));
#338=EDGE_LOOP('',(#2358,#2359,#2360,#2361));
#339=EDGE_LOOP('',(#2362,#2363,#2364,#2365,#2366,#2367,#2368,#2369,#2370,
#2371,#2372,#2373,#2374,#2375,#2376,#2377));
#340=EDGE_LOOP('',(#2378,#2379,#2380,#2381));
#341=EDGE_LOOP('',(#2382,#2383,#2384,#2385));
#342=EDGE_LOOP('',(#2386,#2387,#2388,#2389));
#343=EDGE_LOOP('',(#2390,#2391,#2392,#2393));
#344=EDGE_LOOP('',(#2394,#2395,#2396,#2397,#2398));
#345=EDGE_LOOP('',(#2399,#2400,#2401,#2402));
#346=EDGE_LOOP('',(#2403,#2404,#2405,#2406));
#347=EDGE_LOOP('',(#2407,#2408,#2409,#2410,#2411));
#348=EDGE_LOOP('',(#2412,#2413,#2414,#2415));
#349=EDGE_LOOP('',(#2416,#2417,#2418,#2419,#2420));
#350=EDGE_LOOP('',(#2421,#2422,#2423,#2424,#2425));
#351=EDGE_LOOP('',(#2426,#2427,#2428,#2429));
#352=EDGE_LOOP('',(#2430,#2431,#2432,#2433));
#353=EDGE_LOOP('',(#2434,#2435,#2436,#2437));
#354=EDGE_LOOP('',(#2438,#2439,#2440,#2441,#2442,#2443));
#355=EDGE_LOOP('',(#2444,#2445,#2446,#2447,#2448,#2449,#2450,#2451,#2452,
#2453,#2454,#2455,#2456,#2457,#2458,#2459));
#356=EDGE_LOOP('',(#2460,#2461,#2462,#2463));
#357=EDGE_LOOP('',(#2464,#2465,#2466,#2467,#2468));
#358=EDGE_LOOP('',(#2469,#2470,#2471,#2472,#2473));
#359=EDGE_LOOP('',(#2474,#2475,#2476,#2477));
#360=EDGE_LOOP('',(#2478,#2479,#2480,#2481));
#361=EDGE_LOOP('',(#2482,#2483,#2484,#2485));
#362=EDGE_LOOP('',(#2486,#2487,#2488,#2489));
#363=EDGE_LOOP('',(#2490,#2491,#2492,#2493));
#364=EDGE_LOOP('',(#2494,#2495,#2496,#2497));
#365=EDGE_LOOP('',(#2498,#2499,#2500,#2501));
#366=EDGE_LOOP('',(#2502,#2503,#2504,#2505,#2506,#2507,#2508,#2509,#2510,
#2511,#2512,#2513,#2514,#2515,#2516,#2517,#2518,#2519,#2520,#2521,#2522,
#2523,#2524,#2525,#2526,#2527,#2528,#2529,#2530,#2531,#2532,#2533,#2534,
#2535,#2536,#2537,#2538,#2539,#2540,#2541,#2542,#2543,#2544,#2545,#2546,
#2547,#2548,#2549,#2550,#2551,#2552,#2553,#2554,#2555,#2556,#2557,#2558,
#2559,#2560));
#367=EDGE_LOOP('',(#2561,#2562,#2563,#2564));
#368=EDGE_LOOP('',(#2565,#2566,#2567,#2568,#2569,#2570,#2571,#2572,#2573,
#2574,#2575,#2576));
#369=EDGE_LOOP('',(#2577,#2578,#2579,#2580,#2581,#2582));
#370=EDGE_LOOP('',(#2583,#2584,#2585,#2586,#2587,#2588));
#371=EDGE_LOOP('',(#2589,#2590,#2591,#2592));
#372=EDGE_LOOP('',(#2593,#2594,#2595,#2596,#2597));
#373=EDGE_LOOP('',(#2598,#2599,#2600,#2601,#2602,#2603,#2604,#2605,#2606,
#2607,#2608,#2609,#2610,#2611,#2612,#2613,#2614,#2615));
#374=EDGE_LOOP('',(#2616,#2617,#2618,#2619,#2620,#2621));
#375=EDGE_LOOP('',(#2622,#2623,#2624,#2625,#2626,#2627));
#376=EDGE_LOOP('',(#2628,#2629,#2630,#2631,#2632,#2633));
#377=EDGE_LOOP('',(#2634,#2635,#2636,#2637,#2638));
#378=EDGE_LOOP('',(#2639,#2640,#2641,#2642,#2643,#2644));
#379=EDGE_LOOP('',(#2645,#2646,#2647,#2648));
#380=EDGE_LOOP('',(#2649,#2650,#2651,#2652,#2653,#2654));
#381=EDGE_LOOP('',(#2655,#2656,#2657,#2658,#2659));
#382=EDGE_LOOP('',(#2660,#2661,#2662,#2663,#2664));
#383=EDGE_LOOP('',(#2665,#2666,#2667,#2668,#2669,#2670));
#384=EDGE_LOOP('',(#2671,#2672,#2673,#2674,#2675));
#385=LINE('',#3857,#762);
#386=LINE('',#3859,#763);
#387=LINE('',#3861,#764);
#388=LINE('',#3862,#765);
#389=LINE('',#3865,#766);
#390=LINE('',#3867,#767);
#391=LINE('',#3868,#768);
#392=LINE('',#3871,#769);
#393=LINE('',#3873,#770);
#394=LINE('',#3874,#771);
#395=LINE('',#3877,#772);
#396=LINE('',#3879,#773);
#397=LINE('',#3880,#774);
#398=LINE('',#3883,#775);
#399=LINE('',#3885,#776);
#400=LINE('',#3886,#777);
#401=LINE('',#3889,#778);
#402=LINE('',#3891,#779);
#403=LINE('',#3892,#780);
#404=LINE('',#3895,#781);
#405=LINE('',#3897,#782);
#406=LINE('',#3898,#783);
#407=LINE('',#3901,#784);
#408=LINE('',#3903,#785);
#409=LINE('',#3904,#786);
#410=LINE('',#3907,#787);
#411=LINE('',#3909,#788);
#412=LINE('',#3910,#789);
#413=LINE('',#3913,#790);
#414=LINE('',#3915,#791);
#415=LINE('',#3916,#792);
#416=LINE('',#3919,#793);
#417=LINE('',#3921,#794);
#418=LINE('',#3922,#795);
#419=LINE('',#3924,#796);
#420=LINE('',#3925,#797);
#421=LINE('',#3928,#798);
#422=LINE('',#3930,#799);
#423=LINE('',#3931,#800);
#424=LINE('',#3934,#801);
#425=LINE('',#3935,#802);
#426=LINE('',#3938,#803);
#427=LINE('',#3939,#804);
#428=LINE('',#3942,#805);
#429=LINE('',#3943,#806);
#430=LINE('',#3946,#807);
#431=LINE('',#3947,#808);
#432=LINE('',#3950,#809);
#433=LINE('',#3951,#810);
#434=LINE('',#3955,#811);
#435=LINE('',#3957,#812);
#436=LINE('',#3959,#813);
#437=LINE('',#3961,#814);
#438=LINE('',#3963,#815);
#439=LINE('',#3965,#816);
#440=LINE('',#3967,#817);
#441=LINE('',#3969,#818);
#442=LINE('',#3971,#819);
#443=LINE('',#3973,#820);
#444=LINE('',#3975,#821);
#445=LINE('',#3976,#822);
#446=LINE('',#3980,#823);
#447=LINE('',#3982,#824);
#448=LINE('',#3984,#825);
#449=LINE('',#3985,#826);
#450=LINE('',#3988,#827);
#451=LINE('',#3991,#828);
#452=LINE('',#3994,#829);
#453=LINE('',#3996,#830);
#454=LINE('',#3998,#831);
#455=LINE('',#4000,#832);
#456=LINE('',#4001,#833);
#457=LINE('',#4005,#834);
#458=LINE('',#4007,#835);
#459=LINE('',#4009,#836);
#460=LINE('',#4010,#837);
#461=LINE('',#4014,#838);
#462=LINE('',#4016,#839);
#463=LINE('',#4020,#840);
#464=LINE('',#4022,#841);
#465=LINE('',#4024,#842);
#466=LINE('',#4027,#843);
#467=LINE('',#4031,#844);
#468=LINE('',#4033,#845);
#469=LINE('',#4035,#846);
#470=LINE('',#4036,#847);
#471=LINE('',#4040,#848);
#472=LINE('',#4042,#849);
#473=LINE('',#4044,#850);
#474=LINE('',#4045,#851);
#475=LINE('',#4049,#852);
#476=LINE('',#4051,#853);
#477=LINE('',#4053,#854);
#478=LINE('',#4054,#855);
#479=LINE('',#4058,#856);
#480=LINE('',#4060,#857);
#481=LINE('',#4062,#858);
#482=LINE('',#4063,#859);
#483=LINE('',#4067,#860);
#484=LINE('',#4069,#861);
#485=LINE('',#4071,#862);
#486=LINE('',#4072,#863);
#487=LINE('',#4076,#864);
#488=LINE('',#4078,#865);
#489=LINE('',#4080,#866);
#490=LINE('',#4081,#867);
#491=LINE('',#4085,#868);
#492=LINE('',#4087,#869);
#493=LINE('',#4089,#870);
#494=LINE('',#4090,#871);
#495=LINE('',#4094,#872);
#496=LINE('',#4096,#873);
#497=LINE('',#4098,#874);
#498=LINE('',#4099,#875);
#499=LINE('',#4102,#876);
#500=LINE('',#4104,#877);
#501=LINE('',#4105,#878);
#502=LINE('',#4108,#879);
#503=LINE('',#4110,#880);
#504=LINE('',#4111,#881);
#505=LINE('',#4114,#882);
#506=LINE('',#4116,#883);
#507=LINE('',#4117,#884);
#508=LINE('',#4120,#885);
#509=LINE('',#4122,#886);
#510=LINE('',#4124,#887);
#511=LINE('',#4125,#888);
#512=LINE('',#4128,#889);
#513=LINE('',#4130,#890);
#514=LINE('',#4131,#891);
#515=LINE('',#4134,#892);
#516=LINE('',#4136,#893);
#517=LINE('',#4137,#894);
#518=LINE('',#4140,#895);
#519=LINE('',#4142,#896);
#520=LINE('',#4143,#897);
#521=LINE('',#4146,#898);
#522=LINE('',#4148,#899);
#523=LINE('',#4150,#900);
#524=LINE('',#4151,#901);
#525=LINE('',#4154,#902);
#526=LINE('',#4156,#903);
#527=LINE('',#4157,#904);
#528=LINE('',#4160,#905);
#529=LINE('',#4162,#906);
#530=LINE('',#4164,#907);
#531=LINE('',#4165,#908);
#532=LINE('',#4168,#909);
#533=LINE('',#4170,#910);
#534=LINE('',#4171,#911);
#535=LINE('',#4174,#912);
#536=LINE('',#4176,#913);
#537=LINE('',#4177,#914);
#538=LINE('',#4180,#915);
#539=LINE('',#4182,#916);
#540=LINE('',#4183,#917);
#541=LINE('',#4186,#918);
#542=LINE('',#4188,#919);
#543=LINE('',#4190,#920);
#544=LINE('',#4191,#921);
#545=LINE('',#4194,#922);
#546=LINE('',#4196,#923);
#547=LINE('',#4197,#924);
#548=LINE('',#4200,#925);
#549=LINE('',#4202,#926);
#550=LINE('',#4204,#927);
#551=LINE('',#4205,#928);
#552=LINE('',#4209,#929);
#553=LINE('',#4211,#930);
#554=LINE('',#4213,#931);
#555=LINE('',#4214,#932);
#556=LINE('',#4217,#933);
#557=LINE('',#4219,#934);
#558=LINE('',#4220,#935);
#559=LINE('',#4224,#936);
#560=LINE('',#4226,#937);
#561=LINE('',#4228,#938);
#562=LINE('',#4229,#939);
#563=LINE('',#4233,#940);
#564=LINE('',#4235,#941);
#565=LINE('',#4237,#942);
#566=LINE('',#4238,#943);
#567=LINE('',#4242,#944);
#568=LINE('',#4244,#945);
#569=LINE('',#4246,#946);
#570=LINE('',#4247,#947);
#571=LINE('',#4251,#948);
#572=LINE('',#4253,#949);
#573=LINE('',#4255,#950);
#574=LINE('',#4256,#951);
#575=LINE('',#4262,#952);
#576=LINE('',#4264,#953);
#577=LINE('',#4265,#954);
#578=LINE('',#4268,#955);
#579=LINE('',#4270,#956);
#580=LINE('',#4272,#957);
#581=LINE('',#4273,#958);
#582=LINE('',#4277,#959);
#583=LINE('',#4278,#960);
#584=LINE('',#4279,#961);
#585=LINE('',#4281,#962);
#586=LINE('',#4283,#963);
#587=LINE('',#4284,#964);
#588=LINE('',#4286,#965);
#589=LINE('',#4288,#966);
#590=LINE('',#4289,#967);
#591=LINE('',#4291,#968);
#592=LINE('',#4293,#969);
#593=LINE('',#4294,#970);
#594=LINE('',#4301,#971);
#595=LINE('',#4302,#972);
#596=LINE('',#4303,#973);
#597=LINE('',#4307,#974);
#598=LINE('',#4308,#975);
#599=LINE('',#4309,#976);
#600=LINE('',#4313,#977);
#601=LINE('',#4314,#978);
#602=LINE('',#4315,#979);
#603=LINE('',#4323,#980);
#604=LINE('',#4326,#981);
#605=LINE('',#4332,#982);
#606=LINE('',#4338,#983);
#607=LINE('',#4345,#984);
#608=LINE('',#4347,#985);
#609=LINE('',#4348,#986);
#610=LINE('',#4349,#987);
#611=LINE('',#4352,#988);
#612=LINE('',#4353,#989);
#613=LINE('',#4357,#990);
#614=LINE('',#4358,#991);
#615=LINE('',#4360,#992);
#616=LINE('',#4361,#993);
#617=LINE('',#4368,#994);
#618=LINE('',#4369,#995);
#619=LINE('',#4370,#996);
#620=LINE('',#4374,#997);
#621=LINE('',#4375,#998);
#622=LINE('',#4376,#999);
#623=LINE('',#4380,#1000);
#624=LINE('',#4382,#1001);
#625=LINE('',#4383,#1002);
#626=LINE('',#4384,#1003);
#627=LINE('',#4388,#1004);
#628=LINE('',#4389,#1005);
#629=LINE('',#4390,#1006);
#630=LINE('',#4395,#1007);
#631=LINE('',#4398,#1008);
#632=LINE('',#4399,#1009);
#633=LINE('',#4401,#1010);
#634=LINE('',#4404,#1011);
#635=LINE('',#4405,#1012);
#636=LINE('',#4407,#1013);
#637=LINE('',#4408,#1014);
#638=LINE('',#4409,#1015);
#639=LINE('',#4411,#1016);
#640=LINE('',#4413,#1017);
#641=LINE('',#4414,#1018);
#642=LINE('',#4416,#1019);
#643=LINE('',#4417,#1020);
#644=LINE('',#4420,#1021);
#645=LINE('',#4421,#1022);
#646=LINE('',#4424,#1023);
#647=LINE('',#4426,#1024);
#648=LINE('',#4427,#1025);
#649=LINE('',#4433,#1026);
#650=LINE('',#4439,#1027);
#651=LINE('',#4441,#1028);
#652=LINE('',#4442,#1029);
#653=LINE('',#4445,#1030);
#654=LINE('',#4447,#1031);
#655=LINE('',#4449,#1032);
#656=LINE('',#4450,#1033);
#657=LINE('',#4453,#1034);
#658=LINE('',#4455,#1035);
#659=LINE('',#4456,#1036);
#660=LINE('',#4457,#1037);
#661=LINE('',#4459,#1038);
#662=LINE('',#4460,#1039);
#663=LINE('',#4461,#1040);
#664=LINE('',#4464,#1041);
#665=LINE('',#4465,#1042);
#666=LINE('',#4471,#1043);
#667=LINE('',#4473,#1044);
#668=LINE('',#4474,#1045);
#669=LINE('',#4480,#1046);
#670=LINE('',#4485,#1047);
#671=LINE('',#4488,#1048);
#672=LINE('',#4490,#1049);
#673=LINE('',#4491,#1050);
#674=LINE('',#4495,#1051);
#675=LINE('',#4497,#1052);
#676=LINE('',#4498,#1053);
#677=LINE('',#4499,#1054);
#678=LINE('',#4502,#1055);
#679=LINE('',#4503,#1056);
#680=LINE('',#4507,#1057);
#681=LINE('',#4508,#1058);
#682=LINE('',#4510,#1059);
#683=LINE('',#4511,#1060);
#684=LINE('',#4518,#1061);
#685=LINE('',#4519,#1062);
#686=LINE('',#4520,#1063);
#687=LINE('',#4524,#1064);
#688=LINE('',#4525,#1065);
#689=LINE('',#4527,#1066);
#690=LINE('',#4528,#1067);
#691=LINE('',#4534,#1068);
#692=LINE('',#4537,#1069);
#693=LINE('',#4538,#1070);
#694=LINE('',#4539,#1071);
#695=LINE('',#4543,#1072);
#696=LINE('',#4544,#1073);
#697=LINE('',#4545,#1074);
#698=LINE('',#4546,#1075);
#699=LINE('',#4547,#1076);
#700=LINE('',#4548,#1077);
#701=LINE('',#4551,#1078);
#702=LINE('',#4552,#1079);
#703=LINE('',#4555,#1080);
#704=LINE('',#4556,#1081);
#705=LINE('',#4558,#1082);
#706=LINE('',#4559,#1083);
#707=LINE('',#4560,#1084);
#708=LINE('',#4561,#1085);
#709=LINE('',#4563,#1086);
#710=LINE('',#4566,#1087);
#711=LINE('',#4568,#1088);
#712=LINE('',#4569,#1089);
#713=LINE('',#4575,#1090);
#714=LINE('',#4581,#1091);
#715=LINE('',#4583,#1092);
#716=LINE('',#4584,#1093);
#717=LINE('',#4587,#1094);
#718=LINE('',#4589,#1095);
#719=LINE('',#4590,#1096);
#720=LINE('',#4596,#1097);
#721=LINE('',#4598,#1098);
#722=LINE('',#4599,#1099);
#723=LINE('',#4603,#1100);
#724=LINE('',#4605,#1101);
#725=LINE('',#4606,#1102);
#726=LINE('',#4607,#1103);
#727=LINE('',#4609,#1104);
#728=LINE('',#4612,#1105);
#729=LINE('',#4614,#1106);
#730=LINE('',#4615,#1107);
#731=LINE('',#4621,#1108);
#732=LINE('',#4622,#1109);
#733=LINE('',#4625,#1110);
#734=LINE('',#4627,#1111);
#735=LINE('',#4628,#1112);
#736=LINE('',#4631,#1113);
#737=LINE('',#4632,#1114);
#738=LINE('',#4633,#1115);
#739=LINE('',#4635,#1116);
#740=LINE('',#4636,#1117);
#741=LINE('',#4637,#1118);
#742=LINE('',#4638,#1119);
#743=LINE('',#4642,#1120);
#744=LINE('',#4644,#1121);
#745=LINE('',#4645,#1122);
#746=LINE('',#4646,#1123);
#747=LINE('',#4648,#1124);
#748=LINE('',#4651,#1125);
#749=LINE('',#4653,#1126);
#750=LINE('',#4654,#1127);
#751=LINE('',#4660,#1128);
#752=LINE('',#4661,#1129);
#753=LINE('',#4664,#1130);
#754=LINE('',#4665,#1131);
#755=LINE('',#4668,#1132);
#756=LINE('',#4669,#1133);
#757=LINE('',#4672,#1134);
#758=LINE('',#4673,#1135);
#759=LINE('',#4676,#1136);
#760=LINE('',#4677,#1137);
#761=LINE('',#4679,#1138);
#762=VECTOR('',#3121,10.);
#763=VECTOR('',#3122,10.);
#764=VECTOR('',#3123,10.);
#765=VECTOR('',#3124,10.);
#766=VECTOR('',#3127,10.);
#767=VECTOR('',#3128,10.);
#768=VECTOR('',#3129,10.);
#769=VECTOR('',#3132,10.);
#770=VECTOR('',#3133,10.);
#771=VECTOR('',#3134,10.);
#772=VECTOR('',#3137,10.);
#773=VECTOR('',#3138,10.);
#774=VECTOR('',#3139,10.);
#775=VECTOR('',#3142,10.);
#776=VECTOR('',#3143,10.);
#777=VECTOR('',#3144,10.);
#778=VECTOR('',#3147,10.);
#779=VECTOR('',#3148,10.);
#780=VECTOR('',#3149,10.);
#781=VECTOR('',#3152,10.);
#782=VECTOR('',#3153,10.);
#783=VECTOR('',#3154,10.);
#784=VECTOR('',#3157,10.);
#785=VECTOR('',#3158,10.);
#786=VECTOR('',#3159,10.);
#787=VECTOR('',#3162,10.);
#788=VECTOR('',#3163,10.);
#789=VECTOR('',#3164,10.);
#790=VECTOR('',#3167,10.);
#791=VECTOR('',#3168,10.);
#792=VECTOR('',#3169,10.);
#793=VECTOR('',#3172,10.);
#794=VECTOR('',#3173,10.);
#795=VECTOR('',#3174,10.);
#796=VECTOR('',#3177,10.);
#797=VECTOR('',#3178,10.);
#798=VECTOR('',#3181,10.);
#799=VECTOR('',#3182,10.);
#800=VECTOR('',#3183,10.);
#801=VECTOR('',#3186,10.);
#802=VECTOR('',#3187,10.);
#803=VECTOR('',#3190,10.);
#804=VECTOR('',#3191,10.);
#805=VECTOR('',#3194,10.);
#806=VECTOR('',#3195,10.);
#807=VECTOR('',#3198,10.);
#808=VECTOR('',#3199,10.);
#809=VECTOR('',#3202,10.);
#810=VECTOR('',#3203,10.);
#811=VECTOR('',#3206,10.);
#812=VECTOR('',#3207,10.);
#813=VECTOR('',#3208,10.);
#814=VECTOR('',#3209,10.);
#815=VECTOR('',#3210,10.);
#816=VECTOR('',#3211,10.);
#817=VECTOR('',#3212,10.);
#818=VECTOR('',#3213,10.);
#819=VECTOR('',#3214,10.);
#820=VECTOR('',#3215,10.);
#821=VECTOR('',#3216,10.);
#822=VECTOR('',#3217,10.);
#823=VECTOR('',#3220,10.);
#824=VECTOR('',#3221,10.);
#825=VECTOR('',#3222,10.);
#826=VECTOR('',#3223,10.);
#827=VECTOR('',#3226,10.);
#828=VECTOR('',#3229,10.);
#829=VECTOR('',#3232,10.);
#830=VECTOR('',#3233,10.);
#831=VECTOR('',#3234,10.);
#832=VECTOR('',#3235,10.);
#833=VECTOR('',#3236,10.);
#834=VECTOR('',#3239,10.);
#835=VECTOR('',#3240,10.);
#836=VECTOR('',#3241,10.);
#837=VECTOR('',#3242,10.);
#838=VECTOR('',#3245,10.);
#839=VECTOR('',#3246,10.);
#840=VECTOR('',#3249,10.);
#841=VECTOR('',#3250,10.);
#842=VECTOR('',#3251,10.);
#843=VECTOR('',#3254,10.);
#844=VECTOR('',#3257,10.);
#845=VECTOR('',#3258,10.);
#846=VECTOR('',#3259,10.);
#847=VECTOR('',#3260,10.);
#848=VECTOR('',#3263,10.);
#849=VECTOR('',#3264,10.);
#850=VECTOR('',#3265,10.);
#851=VECTOR('',#3266,10.);
#852=VECTOR('',#3269,10.);
#853=VECTOR('',#3270,10.);
#854=VECTOR('',#3271,10.);
#855=VECTOR('',#3272,10.);
#856=VECTOR('',#3275,10.);
#857=VECTOR('',#3276,10.);
#858=VECTOR('',#3277,10.);
#859=VECTOR('',#3278,10.);
#860=VECTOR('',#3281,10.);
#861=VECTOR('',#3282,10.);
#862=VECTOR('',#3283,10.);
#863=VECTOR('',#3284,10.);
#864=VECTOR('',#3287,10.);
#865=VECTOR('',#3288,10.);
#866=VECTOR('',#3289,10.);
#867=VECTOR('',#3290,10.);
#868=VECTOR('',#3293,10.);
#869=VECTOR('',#3294,10.);
#870=VECTOR('',#3295,10.);
#871=VECTOR('',#3296,10.);
#872=VECTOR('',#3299,10.);
#873=VECTOR('',#3300,10.);
#874=VECTOR('',#3301,10.);
#875=VECTOR('',#3302,10.);
#876=VECTOR('',#3305,10.);
#877=VECTOR('',#3306,10.);
#878=VECTOR('',#3307,10.);
#879=VECTOR('',#3310,10.);
#880=VECTOR('',#3311,10.);
#881=VECTOR('',#3312,10.);
#882=VECTOR('',#3315,10.);
#883=VECTOR('',#3316,10.);
#884=VECTOR('',#3317,10.);
#885=VECTOR('',#3320,10.);
#886=VECTOR('',#3321,10.);
#887=VECTOR('',#3322,10.);
#888=VECTOR('',#3323,10.);
#889=VECTOR('',#3326,10.);
#890=VECTOR('',#3327,10.);
#891=VECTOR('',#3328,10.);
#892=VECTOR('',#3331,10.);
#893=VECTOR('',#3332,10.);
#894=VECTOR('',#3333,10.);
#895=VECTOR('',#3336,10.);
#896=VECTOR('',#3337,10.);
#897=VECTOR('',#3338,10.);
#898=VECTOR('',#3341,10.);
#899=VECTOR('',#3342,10.);
#900=VECTOR('',#3343,10.);
#901=VECTOR('',#3344,10.);
#902=VECTOR('',#3347,10.);
#903=VECTOR('',#3348,10.);
#904=VECTOR('',#3349,10.);
#905=VECTOR('',#3352,10.);
#906=VECTOR('',#3353,10.);
#907=VECTOR('',#3354,10.);
#908=VECTOR('',#3355,10.);
#909=VECTOR('',#3358,10.);
#910=VECTOR('',#3359,10.);
#911=VECTOR('',#3360,10.);
#912=VECTOR('',#3363,10.);
#913=VECTOR('',#3364,10.);
#914=VECTOR('',#3365,10.);
#915=VECTOR('',#3368,10.);
#916=VECTOR('',#3369,10.);
#917=VECTOR('',#3370,10.);
#918=VECTOR('',#3373,10.);
#919=VECTOR('',#3374,10.);
#920=VECTOR('',#3375,10.);
#921=VECTOR('',#3376,10.);
#922=VECTOR('',#3379,10.);
#923=VECTOR('',#3380,10.);
#924=VECTOR('',#3381,10.);
#925=VECTOR('',#3384,10.);
#926=VECTOR('',#3385,10.);
#927=VECTOR('',#3386,10.);
#928=VECTOR('',#3387,10.);
#929=VECTOR('',#3390,10.);
#930=VECTOR('',#3391,10.);
#931=VECTOR('',#3392,10.);
#932=VECTOR('',#3393,10.);
#933=VECTOR('',#3396,10.);
#934=VECTOR('',#3397,10.);
#935=VECTOR('',#3398,10.);
#936=VECTOR('',#3401,10.);
#937=VECTOR('',#3402,10.);
#938=VECTOR('',#3403,10.);
#939=VECTOR('',#3404,10.);
#940=VECTOR('',#3407,10.);
#941=VECTOR('',#3408,10.);
#942=VECTOR('',#3409,10.);
#943=VECTOR('',#3410,10.);
#944=VECTOR('',#3413,10.);
#945=VECTOR('',#3414,10.);
#946=VECTOR('',#3415,10.);
#947=VECTOR('',#3416,10.);
#948=VECTOR('',#3419,10.);
#949=VECTOR('',#3420,10.);
#950=VECTOR('',#3421,10.);
#951=VECTOR('',#3422,10.);
#952=VECTOR('',#3427,10.);
#953=VECTOR('',#3428,10.);
#954=VECTOR('',#3429,10.);
#955=VECTOR('',#3432,10.);
#956=VECTOR('',#3433,10.);
#957=VECTOR('',#3434,10.);
#958=VECTOR('',#3435,10.);
#959=VECTOR('',#3438,10.);
#960=VECTOR('',#3439,10.);
#961=VECTOR('',#3440,10.);
#962=VECTOR('',#3443,10.);
#963=VECTOR('',#3444,10.);
#964=VECTOR('',#3445,10.);
#965=VECTOR('',#3446,10.);
#966=VECTOR('',#3447,10.);
#967=VECTOR('',#3448,10.);
#968=VECTOR('',#3449,10.);
#969=VECTOR('',#3450,10.);
#970=VECTOR('',#3451,10.);
#971=VECTOR('',#3460,10.);
#972=VECTOR('',#3461,10.);
#973=VECTOR('',#3462,10.);
#974=VECTOR('',#3465,10.);
#975=VECTOR('',#3466,10.);
#976=VECTOR('',#3467,10.);
#977=VECTOR('',#3470,10.);
#978=VECTOR('',#3471,10.);
#979=VECTOR('',#3472,10.);
#980=VECTOR('',#3481,10.);
#981=VECTOR('',#3484,10.);
#982=VECTOR('',#3491,10.);
#983=VECTOR('',#3498,10.);
#984=VECTOR('',#3507,10.);
#985=VECTOR('',#3508,10.);
#986=VECTOR('',#3509,10.);
#987=VECTOR('',#3510,10.);
#988=VECTOR('',#3513,10.);
#989=VECTOR('',#3514,10.);
#990=VECTOR('',#3517,10.);
#991=VECTOR('',#3518,10.);
#992=VECTOR('',#3519,10.);
#993=VECTOR('',#3520,10.);
#994=VECTOR('',#3529,10.);
#995=VECTOR('',#3530,10.);
#996=VECTOR('',#3531,10.);
#997=VECTOR('',#3534,10.);
#998=VECTOR('',#3535,10.);
#999=VECTOR('',#3536,10.);
#1000=VECTOR('',#3539,10.);
#1001=VECTOR('',#3540,10.);
#1002=VECTOR('',#3541,10.);
#1003=VECTOR('',#3542,10.);
#1004=VECTOR('',#3545,10.);
#1005=VECTOR('',#3546,10.);
#1006=VECTOR('',#3547,10.);
#1007=VECTOR('',#3554,10.);
#1008=VECTOR('',#3557,10.);
#1009=VECTOR('',#3558,10.);
#1010=VECTOR('',#3561,10.);
#1011=VECTOR('',#3564,10.);
#1012=VECTOR('',#3565,10.);
#1013=VECTOR('',#3568,10.);
#1014=VECTOR('',#3569,10.);
#1015=VECTOR('',#3570,10.);
#1016=VECTOR('',#3571,10.);
#1017=VECTOR('',#3572,10.);
#1018=VECTOR('',#3573,10.);
#1019=VECTOR('',#3576,10.);
#1020=VECTOR('',#3577,10.);
#1021=VECTOR('',#3580,10.);
#1022=VECTOR('',#3581,10.);
#1023=VECTOR('',#3584,10.);
#1024=VECTOR('',#3585,10.);
#1025=VECTOR('',#3586,10.);
#1026=VECTOR('',#3593,10.);
#1027=VECTOR('',#3600,10.);
#1028=VECTOR('',#3603,10.);
#1029=VECTOR('',#3604,10.);
#1030=VECTOR('',#3607,10.);
#1031=VECTOR('',#3608,10.);
#1032=VECTOR('',#3609,10.);
#1033=VECTOR('',#3610,10.);
#1034=VECTOR('',#3613,10.);
#1035=VECTOR('',#3614,10.);
#1036=VECTOR('',#3615,10.);
#1037=VECTOR('',#3616,10.);
#1038=VECTOR('',#3617,10.);
#1039=VECTOR('',#3618,10.);
#1040=VECTOR('',#3619,10.);
#1041=VECTOR('',#3622,10.);
#1042=VECTOR('',#3623,10.);
#1043=VECTOR('',#3632,10.);
#1044=VECTOR('',#3633,10.);
#1045=VECTOR('',#3634,10.);
#1046=VECTOR('',#3641,10.);
#1047=VECTOR('',#3648,10.);
#1048=VECTOR('',#3653,10.);
#1049=VECTOR('',#3654,10.);
#1050=VECTOR('',#3655,10.);
#1051=VECTOR('',#3658,10.);
#1052=VECTOR('',#3659,10.);
#1053=VECTOR('',#3660,10.);
#1054=VECTOR('',#3661,10.);
#1055=VECTOR('',#3664,10.);
#1056=VECTOR('',#3665,10.);
#1057=VECTOR('',#3668,10.);
#1058=VECTOR('',#3669,10.);
#1059=VECTOR('',#3670,10.);
#1060=VECTOR('',#3671,10.);
#1061=VECTOR('',#3680,10.);
#1062=VECTOR('',#3681,10.);
#1063=VECTOR('',#3682,10.);
#1064=VECTOR('',#3685,10.);
#1065=VECTOR('',#3686,10.);
#1066=VECTOR('',#3687,10.);
#1067=VECTOR('',#3688,10.);
#1068=VECTOR('',#3695,10.);
#1069=VECTOR('',#3698,10.);
#1070=VECTOR('',#3699,10.);
#1071=VECTOR('',#3700,10.);
#1072=VECTOR('',#3703,10.);
#1073=VECTOR('',#3704,10.);
#1074=VECTOR('',#3705,10.);
#1075=VECTOR('',#3706,10.);
#1076=VECTOR('',#3707,10.);
#1077=VECTOR('',#3708,10.);
#1078=VECTOR('',#3711,10.);
#1079=VECTOR('',#3712,10.);
#1080=VECTOR('',#3715,10.);
#1081=VECTOR('',#3716,10.);
#1082=VECTOR('',#3717,10.);
#1083=VECTOR('',#3718,10.);
#1084=VECTOR('',#3719,10.);
#1085=VECTOR('',#3720,10.);
#1086=VECTOR('',#3723,10.);
#1087=VECTOR('',#3726,10.);
#1088=VECTOR('',#3727,10.);
#1089=VECTOR('',#3728,10.);
#1090=VECTOR('',#3735,10.);
#1091=VECTOR('',#3742,10.);
#1092=VECTOR('',#3745,10.);
#1093=VECTOR('',#3746,10.);
#1094=VECTOR('',#3749,10.);
#1095=VECTOR('',#3750,10.);
#1096=VECTOR('',#3751,10.);
#1097=VECTOR('',#3758,10.);
#1098=VECTOR('',#3761,10.);
#1099=VECTOR('',#3762,10.);
#1100=VECTOR('',#3765,10.);
#1101=VECTOR('',#3766,10.);
#1102=VECTOR('',#3767,10.);
#1103=VECTOR('',#3768,10.);
#1104=VECTOR('',#3771,10.);
#1105=VECTOR('',#3774,10.);
#1106=VECTOR('',#3775,10.);
#1107=VECTOR('',#3776,10.);
#1108=VECTOR('',#3785,10.);
#1109=VECTOR('',#3786,10.);
#1110=VECTOR('',#3789,10.);
#1111=VECTOR('',#3790,10.);
#1112=VECTOR('',#3791,10.);
#1113=VECTOR('',#3794,10.);
#1114=VECTOR('',#3795,10.);
#1115=VECTOR('',#3796,10.);
#1116=VECTOR('',#3799,10.);
#1117=VECTOR('',#3800,10.);
#1118=VECTOR('',#3801,10.);
#1119=VECTOR('',#3802,10.);
#1120=VECTOR('',#3805,10.);
#1121=VECTOR('',#3806,10.);
#1122=VECTOR('',#3807,10.);
#1123=VECTOR('',#3808,10.);
#1124=VECTOR('',#3811,10.);
#1125=VECTOR('',#3814,10.);
#1126=VECTOR('',#3815,10.);
#1127=VECTOR('',#3816,10.);
#1128=VECTOR('',#3825,10.);
#1129=VECTOR('',#3826,10.);
#1130=VECTOR('',#3829,10.);
#1131=VECTOR('',#3830,10.);
#1132=VECTOR('',#3833,10.);
#1133=VECTOR('',#3834,10.);
#1134=VECTOR('',#3837,10.);
#1135=VECTOR('',#3838,10.);
#1136=VECTOR('',#3841,10.);
#1137=VECTOR('',#3842,10.);
#1138=VECTOR('',#3845,10.);
#1139=VERTEX_POINT('',#3855);
#1140=VERTEX_POINT('',#3856);
#1141=VERTEX_POINT('',#3858);
#1142=VERTEX_POINT('',#3860);
#1143=VERTEX_POINT('',#3864);
#1144=VERTEX_POINT('',#3866);
#1145=VERTEX_POINT('',#3870);
#1146=VERTEX_POINT('',#3872);
#1147=VERTEX_POINT('',#3876);
#1148=VERTEX_POINT('',#3878);
#1149=VERTEX_POINT('',#3882);
#1150=VERTEX_POINT('',#3884);
#1151=VERTEX_POINT('',#3888);
#1152=VERTEX_POINT('',#3890);
#1153=VERTEX_POINT('',#3894);
#1154=VERTEX_POINT('',#3896);
#1155=VERTEX_POINT('',#3900);
#1156=VERTEX_POINT('',#3902);
#1157=VERTEX_POINT('',#3906);
#1158=VERTEX_POINT('',#3908);
#1159=VERTEX_POINT('',#3912);
#1160=VERTEX_POINT('',#3914);
#1161=VERTEX_POINT('',#3918);
#1162=VERTEX_POINT('',#3920);
#1163=VERTEX_POINT('',#3927);
#1164=VERTEX_POINT('',#3929);
#1165=VERTEX_POINT('',#3933);
#1166=VERTEX_POINT('',#3937);
#1167=VERTEX_POINT('',#3941);
#1168=VERTEX_POINT('',#3945);
#1169=VERTEX_POINT('',#3949);
#1170=VERTEX_POINT('',#3953);
#1171=VERTEX_POINT('',#3954);
#1172=VERTEX_POINT('',#3956);
#1173=VERTEX_POINT('',#3958);
#1174=VERTEX_POINT('',#3960);
#1175=VERTEX_POINT('',#3962);
#1176=VERTEX_POINT('',#3964);
#1177=VERTEX_POINT('',#3966);
#1178=VERTEX_POINT('',#3968);
#1179=VERTEX_POINT('',#3970);
#1180=VERTEX_POINT('',#3972);
#1181=VERTEX_POINT('',#3974);
#1182=VERTEX_POINT('',#3978);
#1183=VERTEX_POINT('',#3979);
#1184=VERTEX_POINT('',#3981);
#1185=VERTEX_POINT('',#3983);
#1186=VERTEX_POINT('',#3987);
#1187=VERTEX_POINT('',#3989);
#1188=VERTEX_POINT('',#3993);
#1189=VERTEX_POINT('',#3995);
#1190=VERTEX_POINT('',#3997);
#1191=VERTEX_POINT('',#3999);
#1192=VERTEX_POINT('',#4003);
#1193=VERTEX_POINT('',#4004);
#1194=VERTEX_POINT('',#4006);
#1195=VERTEX_POINT('',#4008);
#1196=VERTEX_POINT('',#4012);
#1197=VERTEX_POINT('',#4013);
#1198=VERTEX_POINT('',#4015);
#1199=VERTEX_POINT('',#4017);
#1200=VERTEX_POINT('',#4019);
#1201=VERTEX_POINT('',#4021);
#1202=VERTEX_POINT('',#4023);
#1203=VERTEX_POINT('',#4025);
#1204=VERTEX_POINT('',#4029);
#1205=VERTEX_POINT('',#4030);
#1206=VERTEX_POINT('',#4032);
#1207=VERTEX_POINT('',#4034);
#1208=VERTEX_POINT('',#4038);
#1209=VERTEX_POINT('',#4039);
#1210=VERTEX_POINT('',#4041);
#1211=VERTEX_POINT('',#4043);
#1212=VERTEX_POINT('',#4047);
#1213=VERTEX_POINT('',#4048);
#1214=VERTEX_POINT('',#4050);
#1215=VERTEX_POINT('',#4052);
#1216=VERTEX_POINT('',#4056);
#1217=VERTEX_POINT('',#4057);
#1218=VERTEX_POINT('',#4059);
#1219=VERTEX_POINT('',#4061);
#1220=VERTEX_POINT('',#4065);
#1221=VERTEX_POINT('',#4066);
#1222=VERTEX_POINT('',#4068);
#1223=VERTEX_POINT('',#4070);
#1224=VERTEX_POINT('',#4074);
#1225=VERTEX_POINT('',#4075);
#1226=VERTEX_POINT('',#4077);
#1227=VERTEX_POINT('',#4079);
#1228=VERTEX_POINT('',#4083);
#1229=VERTEX_POINT('',#4084);
#1230=VERTEX_POINT('',#4086);
#1231=VERTEX_POINT('',#4088);
#1232=VERTEX_POINT('',#4092);
#1233=VERTEX_POINT('',#4093);
#1234=VERTEX_POINT('',#4095);
#1235=VERTEX_POINT('',#4097);
#1236=VERTEX_POINT('',#4101);
#1237=VERTEX_POINT('',#4103);
#1238=VERTEX_POINT('',#4107);
#1239=VERTEX_POINT('',#4109);
#1240=VERTEX_POINT('',#4113);
#1241=VERTEX_POINT('',#4115);
#1242=VERTEX_POINT('',#4119);
#1243=VERTEX_POINT('',#4121);
#1244=VERTEX_POINT('',#4123);
#1245=VERTEX_POINT('',#4127);
#1246=VERTEX_POINT('',#4129);
#1247=VERTEX_POINT('',#4133);
#1248=VERTEX_POINT('',#4135);
#1249=VERTEX_POINT('',#4139);
#1250=VERTEX_POINT('',#4141);
#1251=VERTEX_POINT('',#4145);
#1252=VERTEX_POINT('',#4147);
#1253=VERTEX_POINT('',#4149);
#1254=VERTEX_POINT('',#4153);
#1255=VERTEX_POINT('',#4155);
#1256=VERTEX_POINT('',#4159);
#1257=VERTEX_POINT('',#4161);
#1258=VERTEX_POINT('',#4163);
#1259=VERTEX_POINT('',#4167);
#1260=VERTEX_POINT('',#4169);
#1261=VERTEX_POINT('',#4173);
#1262=VERTEX_POINT('',#4175);
#1263=VERTEX_POINT('',#4179);
#1264=VERTEX_POINT('',#4181);
#1265=VERTEX_POINT('',#4185);
#1266=VERTEX_POINT('',#4187);
#1267=VERTEX_POINT('',#4189);
#1268=VERTEX_POINT('',#4193);
#1269=VERTEX_POINT('',#4195);
#1270=VERTEX_POINT('',#4199);
#1271=VERTEX_POINT('',#4201);
#1272=VERTEX_POINT('',#4203);
#1273=VERTEX_POINT('',#4207);
#1274=VERTEX_POINT('',#4208);
#1275=VERTEX_POINT('',#4210);
#1276=VERTEX_POINT('',#4212);
#1277=VERTEX_POINT('',#4216);
#1278=VERTEX_POINT('',#4218);
#1279=VERTEX_POINT('',#4222);
#1280=VERTEX_POINT('',#4223);
#1281=VERTEX_POINT('',#4225);
#1282=VERTEX_POINT('',#4227);
#1283=VERTEX_POINT('',#4231);
#1284=VERTEX_POINT('',#4232);
#1285=VERTEX_POINT('',#4234);
#1286=VERTEX_POINT('',#4236);
#1287=VERTEX_POINT('',#4240);
#1288=VERTEX_POINT('',#4241);
#1289=VERTEX_POINT('',#4243);
#1290=VERTEX_POINT('',#4245);
#1291=VERTEX_POINT('',#4249);
#1292=VERTEX_POINT('',#4250);
#1293=VERTEX_POINT('',#4252);
#1294=VERTEX_POINT('',#4254);
#1295=VERTEX_POINT('',#4258);
#1296=VERTEX_POINT('',#4259);
#1297=VERTEX_POINT('',#4261);
#1298=VERTEX_POINT('',#4263);
#1299=VERTEX_POINT('',#4267);
#1300=VERTEX_POINT('',#4269);
#1301=VERTEX_POINT('',#4271);
#1302=VERTEX_POINT('',#4275);
#1303=VERTEX_POINT('',#4276);
#1304=VERTEX_POINT('',#4282);
#1305=VERTEX_POINT('',#4285);
#1306=VERTEX_POINT('',#4287);
#1307=VERTEX_POINT('',#4290);
#1308=VERTEX_POINT('',#4292);
#1309=VERTEX_POINT('',#4299);
#1310=VERTEX_POINT('',#4300);
#1311=VERTEX_POINT('',#4305);
#1312=VERTEX_POINT('',#4306);
#1313=VERTEX_POINT('',#4311);
#1314=VERTEX_POINT('',#4312);
#1315=VERTEX_POINT('',#4319);
#1316=VERTEX_POINT('',#4320);
#1317=VERTEX_POINT('',#4322);
#1318=VERTEX_POINT('',#4324);
#1319=VERTEX_POINT('',#4328);
#1320=VERTEX_POINT('',#4330);
#1321=VERTEX_POINT('',#4334);
#1322=VERTEX_POINT('',#4336);
#1323=VERTEX_POINT('',#4343);
#1324=VERTEX_POINT('',#4344);
#1325=VERTEX_POINT('',#4346);
#1326=VERTEX_POINT('',#4351);
#1327=VERTEX_POINT('',#4355);
#1328=VERTEX_POINT('',#4356);
#1329=VERTEX_POINT('',#4359);
#1330=VERTEX_POINT('',#4366);
#1331=VERTEX_POINT('',#4367);
#1332=VERTEX_POINT('',#4372);
#1333=VERTEX_POINT('',#4373);
#1334=VERTEX_POINT('',#4378);
#1335=VERTEX_POINT('',#4379);
#1336=VERTEX_POINT('',#4381);
#1337=VERTEX_POINT('',#4386);
#1338=VERTEX_POINT('',#4387);
#1339=VERTEX_POINT('',#4392);
#1340=VERTEX_POINT('',#4397);
#1341=VERTEX_POINT('',#4403);
#1342=VERTEX_POINT('',#4410);
#1343=VERTEX_POINT('',#4412);
#1344=VERTEX_POINT('',#4419);
#1345=VERTEX_POINT('',#4423);
#1346=VERTEX_POINT('',#4425);
#1347=VERTEX_POINT('',#4429);
#1348=VERTEX_POINT('',#4431);
#1349=VERTEX_POINT('',#4435);
#1350=VERTEX_POINT('',#4437);
#1351=VERTEX_POINT('',#4444);
#1352=VERTEX_POINT('',#4446);
#1353=VERTEX_POINT('',#4448);
#1354=VERTEX_POINT('',#4452);
#1355=VERTEX_POINT('',#4454);
#1356=VERTEX_POINT('',#4458);
#1357=VERTEX_POINT('',#4463);
#1358=VERTEX_POINT('',#4470);
#1359=VERTEX_POINT('',#4472);
#1360=VERTEX_POINT('',#4476);
#1361=VERTEX_POINT('',#4478);
#1362=VERTEX_POINT('',#4483);
#1363=VERTEX_POINT('',#4489);
#1364=VERTEX_POINT('',#4493);
#1365=VERTEX_POINT('',#4494);
#1366=VERTEX_POINT('',#4496);
#1367=VERTEX_POINT('',#4501);
#1368=VERTEX_POINT('',#4505);
#1369=VERTEX_POINT('',#4506);
#1370=VERTEX_POINT('',#4509);
#1371=VERTEX_POINT('',#4516);
#1372=VERTEX_POINT('',#4517);
#1373=VERTEX_POINT('',#4522);
#1374=VERTEX_POINT('',#4523);
#1375=VERTEX_POINT('',#4526);
#1376=VERTEX_POINT('',#4530);
#1377=VERTEX_POINT('',#4532);
#1378=VERTEX_POINT('',#4536);
#1379=VERTEX_POINT('',#4541);
#1380=VERTEX_POINT('',#4542);
#1381=VERTEX_POINT('',#4550);
#1382=VERTEX_POINT('',#4554);
#1383=VERTEX_POINT('',#4557);
#1384=VERTEX_POINT('',#4565);
#1385=VERTEX_POINT('',#4567);
#1386=VERTEX_POINT('',#4571);
#1387=VERTEX_POINT('',#4573);
#1388=VERTEX_POINT('',#4577);
#1389=VERTEX_POINT('',#4579);
#1390=VERTEX_POINT('',#4586);
#1391=VERTEX_POINT('',#4588);
#1392=VERTEX_POINT('',#4592);
#1393=VERTEX_POINT('',#4594);
#1394=VERTEX_POINT('',#4601);
#1395=VERTEX_POINT('',#4602);
#1396=VERTEX_POINT('',#4604);
#1397=VERTEX_POINT('',#4611);
#1398=VERTEX_POINT('',#4613);
#1399=VERTEX_POINT('',#4620);
#1400=VERTEX_POINT('',#4624);
#1401=VERTEX_POINT('',#4626);
#1402=VERTEX_POINT('',#4630);
#1403=VERTEX_POINT('',#4640);
#1404=VERTEX_POINT('',#4641);
#1405=VERTEX_POINT('',#4643);
#1406=VERTEX_POINT('',#4650);
#1407=VERTEX_POINT('',#4652);
#1408=VERTEX_POINT('',#4659);
#1409=VERTEX_POINT('',#4663);
#1410=VERTEX_POINT('',#4667);
#1411=VERTEX_POINT('',#4671);
#1412=VERTEX_POINT('',#4675);
#1413=EDGE_CURVE('',#1139,#1140,#385,.T.);
#1414=EDGE_CURVE('',#1140,#1141,#386,.T.);
#1415=EDGE_CURVE('',#1141,#1142,#387,.T.);
#1416=EDGE_CURVE('',#1139,#1142,#388,.T.);
#1417=EDGE_CURVE('',#1140,#1143,#389,.T.);
#1418=EDGE_CURVE('',#1143,#1144,#390,.T.);
#1419=EDGE_CURVE('',#1144,#1141,#391,.T.);
#1420=EDGE_CURVE('',#1143,#1145,#392,.T.);
#1421=EDGE_CURVE('',#1145,#1146,#393,.T.);
#1422=EDGE_CURVE('',#1146,#1144,#394,.T.);
#1423=EDGE_CURVE('',#1145,#1147,#395,.T.);
#1424=EDGE_CURVE('',#1147,#1148,#396,.T.);
#1425=EDGE_CURVE('',#1148,#1146,#397,.T.);
#1426=EDGE_CURVE('',#1147,#1149,#398,.T.);
#1427=EDGE_CURVE('',#1149,#1150,#399,.T.);
#1428=EDGE_CURVE('',#1150,#1148,#400,.T.);
#1429=EDGE_CURVE('',#1149,#1151,#401,.T.);
#1430=EDGE_CURVE('',#1151,#1152,#402,.T.);
#1431=EDGE_CURVE('',#1152,#1150,#403,.T.);
#1432=EDGE_CURVE('',#1151,#1153,#404,.T.);
#1433=EDGE_CURVE('',#1153,#1154,#405,.T.);
#1434=EDGE_CURVE('',#1154,#1152,#406,.T.);
#1435=EDGE_CURVE('',#1155,#1154,#407,.T.);
#1436=EDGE_CURVE('',#1153,#1156,#408,.T.);
#1437=EDGE_CURVE('',#1156,#1155,#409,.T.);
#1438=EDGE_CURVE('',#1157,#1155,#410,.T.);
#1439=EDGE_CURVE('',#1156,#1158,#411,.T.);
#1440=EDGE_CURVE('',#1158,#1157,#412,.T.);
#1441=EDGE_CURVE('',#1159,#1157,#413,.T.);
#1442=EDGE_CURVE('',#1158,#1160,#414,.T.);
#1443=EDGE_CURVE('',#1160,#1159,#415,.T.);
#1444=EDGE_CURVE('',#1161,#1159,#416,.T.);
#1445=EDGE_CURVE('',#1160,#1162,#417,.T.);
#1446=EDGE_CURVE('',#1162,#1161,#418,.T.);
#1447=EDGE_CURVE('',#1142,#1161,#419,.T.);
#1448=EDGE_CURVE('',#1162,#1139,#420,.T.);
#1449=EDGE_CURVE('',#1163,#1155,#421,.T.);
#1450=EDGE_CURVE('',#1163,#1164,#422,.T.);
#1451=EDGE_CURVE('',#1164,#1154,#423,.T.);
#1452=EDGE_CURVE('',#1165,#1157,#424,.T.);
#1453=EDGE_CURVE('',#1165,#1163,#425,.T.);
#1454=EDGE_CURVE('',#1166,#1159,#426,.T.);
#1455=EDGE_CURVE('',#1166,#1165,#427,.T.);
#1456=EDGE_CURVE('',#1167,#1161,#428,.T.);
#1457=EDGE_CURVE('',#1167,#1166,#429,.T.);
#1458=EDGE_CURVE('',#1168,#1142,#430,.T.);
#1459=EDGE_CURVE('',#1168,#1167,#431,.T.);
#1460=EDGE_CURVE('',#1169,#1141,#432,.T.);
#1461=EDGE_CURVE('',#1169,#1168,#433,.T.);
#1462=EDGE_CURVE('',#1170,#1171,#434,.T.);
#1463=EDGE_CURVE('',#1171,#1172,#435,.T.);
#1464=EDGE_CURVE('',#1172,#1173,#436,.T.);
#1465=EDGE_CURVE('',#1173,#1174,#437,.T.);
#1466=EDGE_CURVE('',#1174,#1175,#438,.T.);
#1467=EDGE_CURVE('',#1175,#1176,#439,.T.);
#1468=EDGE_CURVE('',#1176,#1177,#440,.T.);
#1469=EDGE_CURVE('',#1177,#1178,#441,.T.);
#1470=EDGE_CURVE('',#1178,#1179,#442,.T.);
#1471=EDGE_CURVE('',#1179,#1180,#443,.T.);
#1472=EDGE_CURVE('',#1180,#1181,#444,.T.);
#1473=EDGE_CURVE('',#1181,#1170,#445,.T.);
#1474=EDGE_CURVE('',#1182,#1183,#446,.T.);
#1475=EDGE_CURVE('',#1184,#1182,#447,.T.);
#1476=EDGE_CURVE('',#1184,#1185,#448,.T.);
#1477=EDGE_CURVE('',#1183,#1185,#449,.T.);
#1478=EDGE_CURVE('',#1186,#1184,#450,.T.);
#1479=EDGE_CURVE('',#1187,#1186,#39,.T.);
#1480=EDGE_CURVE('',#1185,#1187,#451,.T.);
#1481=EDGE_CURVE('',#1182,#1188,#452,.T.);
#1482=EDGE_CURVE('',#1188,#1189,#453,.T.);
#1483=EDGE_CURVE('',#1190,#1189,#454,.T.);
#1484=EDGE_CURVE('',#1191,#1190,#455,.T.);
#1485=EDGE_CURVE('',#1186,#1191,#456,.T.);
#1486=EDGE_CURVE('',#1192,#1193,#457,.T.);
#1487=EDGE_CURVE('',#1193,#1194,#458,.T.);
#1488=EDGE_CURVE('',#1195,#1194,#459,.T.);
#1489=EDGE_CURVE('',#1195,#1192,#460,.T.);
#1490=EDGE_CURVE('',#1196,#1197,#461,.T.);
#1491=EDGE_CURVE('',#1197,#1198,#462,.T.);
#1492=EDGE_CURVE('',#1198,#1199,#40,.T.);
#1493=EDGE_CURVE('',#1199,#1200,#463,.T.);
#1494=EDGE_CURVE('',#1200,#1201,#464,.T.);
#1495=EDGE_CURVE('',#1201,#1202,#465,.T.);
#1496=EDGE_CURVE('',#1202,#1203,#41,.T.);
#1497=EDGE_CURVE('',#1203,#1196,#466,.T.);
#1498=EDGE_CURVE('',#1204,#1205,#467,.T.);
#1499=EDGE_CURVE('',#1205,#1206,#468,.T.);
#1500=EDGE_CURVE('',#1207,#1206,#469,.T.);
#1501=EDGE_CURVE('',#1207,#1204,#470,.T.);
#1502=EDGE_CURVE('',#1208,#1209,#471,.T.);
#1503=EDGE_CURVE('',#1209,#1210,#472,.T.);
#1504=EDGE_CURVE('',#1211,#1210,#473,.T.);
#1505=EDGE_CURVE('',#1211,#1208,#474,.T.);
#1506=EDGE_CURVE('',#1212,#1213,#475,.T.);
#1507=EDGE_CURVE('',#1213,#1214,#476,.T.);
#1508=EDGE_CURVE('',#1215,#1214,#477,.T.);
#1509=EDGE_CURVE('',#1215,#1212,#478,.T.);
#1510=EDGE_CURVE('',#1216,#1217,#479,.T.);
#1511=EDGE_CURVE('',#1217,#1218,#480,.T.);
#1512=EDGE_CURVE('',#1219,#1218,#481,.T.);
#1513=EDGE_CURVE('',#1219,#1216,#482,.T.);
#1514=EDGE_CURVE('',#1220,#1221,#483,.T.);
#1515=EDGE_CURVE('',#1221,#1222,#484,.T.);
#1516=EDGE_CURVE('',#1223,#1222,#485,.T.);
#1517=EDGE_CURVE('',#1223,#1220,#486,.T.);
#1518=EDGE_CURVE('',#1224,#1225,#487,.T.);
#1519=EDGE_CURVE('',#1225,#1226,#488,.T.);
#1520=EDGE_CURVE('',#1227,#1226,#489,.T.);
#1521=EDGE_CURVE('',#1227,#1224,#490,.T.);
#1522=EDGE_CURVE('',#1228,#1229,#491,.T.);
#1523=EDGE_CURVE('',#1229,#1230,#492,.T.);
#1524=EDGE_CURVE('',#1231,#1230,#493,.T.);
#1525=EDGE_CURVE('',#1231,#1228,#494,.T.);
#1526=EDGE_CURVE('',#1232,#1233,#495,.T.);
#1527=EDGE_CURVE('',#1233,#1234,#496,.T.);
#1528=EDGE_CURVE('',#1234,#1235,#497,.T.);
#1529=EDGE_CURVE('',#1235,#1232,#498,.T.);
#1530=EDGE_CURVE('',#1210,#1236,#499,.T.);
#1531=EDGE_CURVE('',#1237,#1236,#500,.T.);
#1532=EDGE_CURVE('',#1237,#1211,#501,.T.);
#1533=EDGE_CURVE('',#1238,#1237,#502,.T.);
#1534=EDGE_CURVE('',#1238,#1239,#503,.T.);
#1535=EDGE_CURVE('',#1239,#1208,#504,.T.);
#1536=EDGE_CURVE('',#1240,#1219,#505,.T.);
#1537=EDGE_CURVE('',#1218,#1241,#506,.T.);
#1538=EDGE_CURVE('',#1240,#1241,#507,.T.);
#1539=EDGE_CURVE('',#1242,#1240,#508,.T.);
#1540=EDGE_CURVE('',#1243,#1242,#509,.T.);
#1541=EDGE_CURVE('',#1243,#1244,#510,.T.);
#1542=EDGE_CURVE('',#1244,#1216,#511,.T.);
#1543=EDGE_CURVE('',#1226,#1245,#512,.T.);
#1544=EDGE_CURVE('',#1246,#1245,#513,.T.);
#1545=EDGE_CURVE('',#1246,#1227,#514,.T.);
#1546=EDGE_CURVE('',#1247,#1246,#515,.T.);
#1547=EDGE_CURVE('',#1247,#1248,#516,.T.);
#1548=EDGE_CURVE('',#1248,#1224,#517,.T.);
#1549=EDGE_CURVE('',#1249,#1231,#518,.T.);
#1550=EDGE_CURVE('',#1230,#1250,#519,.T.);
#1551=EDGE_CURVE('',#1249,#1250,#520,.T.);
#1552=EDGE_CURVE('',#1251,#1249,#521,.T.);
#1553=EDGE_CURVE('',#1252,#1251,#522,.T.);
#1554=EDGE_CURVE('',#1252,#1253,#523,.T.);
#1555=EDGE_CURVE('',#1253,#1228,#524,.T.);
#1556=EDGE_CURVE('',#1254,#1215,#525,.T.);
#1557=EDGE_CURVE('',#1214,#1255,#526,.T.);
#1558=EDGE_CURVE('',#1254,#1255,#527,.T.);
#1559=EDGE_CURVE('',#1256,#1254,#528,.T.);
#1560=EDGE_CURVE('',#1257,#1256,#529,.T.);
#1561=EDGE_CURVE('',#1257,#1258,#530,.T.);
#1562=EDGE_CURVE('',#1258,#1212,#531,.T.);
#1563=EDGE_CURVE('',#1222,#1259,#532,.T.);
#1564=EDGE_CURVE('',#1260,#1259,#533,.T.);
#1565=EDGE_CURVE('',#1260,#1223,#534,.T.);
#1566=EDGE_CURVE('',#1261,#1260,#535,.T.);
#1567=EDGE_CURVE('',#1261,#1262,#536,.T.);
#1568=EDGE_CURVE('',#1262,#1220,#537,.T.);
#1569=EDGE_CURVE('',#1263,#1195,#538,.T.);
#1570=EDGE_CURVE('',#1194,#1264,#539,.T.);
#1571=EDGE_CURVE('',#1263,#1264,#540,.T.);
#1572=EDGE_CURVE('',#1265,#1263,#541,.T.);
#1573=EDGE_CURVE('',#1266,#1265,#542,.T.);
#1574=EDGE_CURVE('',#1266,#1267,#543,.T.);
#1575=EDGE_CURVE('',#1267,#1192,#544,.T.);
#1576=EDGE_CURVE('',#1206,#1268,#545,.T.);
#1577=EDGE_CURVE('',#1269,#1268,#546,.T.);
#1578=EDGE_CURVE('',#1269,#1207,#547,.T.);
#1579=EDGE_CURVE('',#1270,#1205,#548,.T.);
#1580=EDGE_CURVE('',#1270,#1271,#549,.T.);
#1581=EDGE_CURVE('',#1271,#1272,#550,.T.);
#1582=EDGE_CURVE('',#1268,#1272,#551,.T.);
#1583=EDGE_CURVE('',#1273,#1274,#552,.T.);
#1584=EDGE_CURVE('',#1275,#1274,#553,.T.);
#1585=EDGE_CURVE('',#1275,#1276,#554,.T.);
#1586=EDGE_CURVE('',#1276,#1273,#555,.T.);
#1587=EDGE_CURVE('',#1277,#1189,#556,.T.);
#1588=EDGE_CURVE('',#1277,#1278,#557,.T.);
#1589=EDGE_CURVE('',#1278,#1190,#558,.T.);
#1590=EDGE_CURVE('',#1279,#1280,#559,.T.);
#1591=EDGE_CURVE('',#1281,#1280,#560,.T.);
#1592=EDGE_CURVE('',#1281,#1282,#561,.T.);
#1593=EDGE_CURVE('',#1282,#1279,#562,.T.);
#1594=EDGE_CURVE('',#1283,#1284,#563,.T.);
#1595=EDGE_CURVE('',#1285,#1284,#564,.T.);
#1596=EDGE_CURVE('',#1285,#1286,#565,.T.);
#1597=EDGE_CURVE('',#1286,#1283,#566,.T.);
#1598=EDGE_CURVE('',#1287,#1288,#567,.T.);
#1599=EDGE_CURVE('',#1289,#1288,#568,.T.);
#1600=EDGE_CURVE('',#1289,#1290,#569,.T.);
#1601=EDGE_CURVE('',#1290,#1287,#570,.T.);
#1602=EDGE_CURVE('',#1291,#1292,#571,.T.);
#1603=EDGE_CURVE('',#1293,#1292,#572,.T.);
#1604=EDGE_CURVE('',#1293,#1294,#573,.T.);
#1605=EDGE_CURVE('',#1294,#1291,#574,.T.);
#1606=EDGE_CURVE('',#1295,#1296,#42,.T.);
#1607=EDGE_CURVE('',#1296,#1297,#575,.T.);
#1608=EDGE_CURVE('',#1297,#1298,#576,.T.);
#1609=EDGE_CURVE('',#1298,#1295,#577,.T.);
#1610=EDGE_CURVE('',#1299,#1221,#578,.T.);
#1611=EDGE_CURVE('',#1299,#1300,#579,.T.);
#1612=EDGE_CURVE('',#1300,#1301,#580,.T.);
#1613=EDGE_CURVE('',#1259,#1301,#581,.T.);
#1614=EDGE_CURVE('',#1302,#1303,#582,.T.);
#1615=EDGE_CURVE('',#1303,#1174,#583,.T.);
#1616=EDGE_CURVE('',#1302,#1173,#584,.T.);
#1617=EDGE_CURVE('',#1258,#1302,#585,.T.);
#1618=EDGE_CURVE('',#1304,#1172,#586,.T.);
#1619=EDGE_CURVE('',#1304,#1270,#587,.T.);
#1620=EDGE_CURVE('',#1305,#1204,#588,.T.);
#1621=EDGE_CURVE('',#1305,#1306,#589,.T.);
#1622=EDGE_CURVE('',#1306,#1293,#590,.T.);
#1623=EDGE_CURVE('',#1307,#1292,#591,.T.);
#1624=EDGE_CURVE('',#1307,#1308,#592,.T.);
#1625=EDGE_CURVE('',#1308,#1213,#593,.T.);
#1626=EDGE_CURVE('',#1300,#1257,#43,.T.);
#1627=EDGE_CURVE('',#1301,#1256,#44,.T.);
#1628=EDGE_CURVE('',#1309,#1310,#594,.T.);
#1629=EDGE_CURVE('',#1310,#1202,#595,.T.);
#1630=EDGE_CURVE('',#1309,#1201,#596,.T.);
#1631=EDGE_CURVE('',#1311,#1312,#597,.T.);
#1632=EDGE_CURVE('',#1312,#1170,#598,.T.);
#1633=EDGE_CURVE('',#1311,#1181,#599,.T.);
#1634=EDGE_CURVE('',#1313,#1314,#600,.T.);
#1635=EDGE_CURVE('',#1314,#1196,#601,.T.);
#1636=EDGE_CURVE('',#1313,#1203,#602,.T.);
#1637=EDGE_CURVE('',#1310,#1313,#45,.T.);
#1638=EDGE_CURVE('',#1315,#1316,#46,.T.);
#1639=EDGE_CURVE('',#1316,#1317,#603,.T.);
#1640=EDGE_CURVE('',#1318,#1317,#47,.T.);
#1641=EDGE_CURVE('',#1315,#1318,#604,.T.);
#1642=EDGE_CURVE('',#1319,#1315,#48,.T.);
#1643=EDGE_CURVE('',#1320,#1318,#49,.T.);
#1644=EDGE_CURVE('',#1319,#1320,#605,.T.);
#1645=EDGE_CURVE('',#1321,#1319,#50,.T.);
#1646=EDGE_CURVE('',#1322,#1320,#51,.T.);
#1647=EDGE_CURVE('',#1321,#1322,#606,.T.);
#1648=EDGE_CURVE('',#1316,#1321,#52,.T.);
#1649=EDGE_CURVE('',#1317,#1322,#53,.T.);
#1650=EDGE_CURVE('',#1323,#1324,#607,.T.);
#1651=EDGE_CURVE('',#1324,#1325,#608,.T.);
#1652=EDGE_CURVE('',#1241,#1325,#609,.T.);
#1653=EDGE_CURVE('',#1323,#1241,#610,.T.);
#1654=EDGE_CURVE('',#1326,#1217,#611,.T.);
#1655=EDGE_CURVE('',#1326,#1323,#612,.T.);
#1656=EDGE_CURVE('',#1327,#1328,#613,.T.);
#1657=EDGE_CURVE('',#1328,#1280,#614,.T.);
#1658=EDGE_CURVE('',#1329,#1279,#615,.T.);
#1659=EDGE_CURVE('',#1327,#1329,#616,.T.);
#1660=EDGE_CURVE('',#1324,#1327,#54,.T.);
#1661=EDGE_CURVE('',#1325,#1329,#55,.T.);
#1662=EDGE_CURVE('',#1330,#1331,#617,.T.);
#1663=EDGE_CURVE('',#1331,#1297,#618,.T.);
#1664=EDGE_CURVE('',#1330,#1296,#619,.T.);
#1665=EDGE_CURVE('',#1332,#1333,#620,.T.);
#1666=EDGE_CURVE('',#1333,#1198,#621,.T.);
#1667=EDGE_CURVE('',#1332,#1197,#622,.T.);
#1668=EDGE_CURVE('',#1334,#1335,#623,.T.);
#1669=EDGE_CURVE('',#1335,#1336,#624,.T.);
#1670=EDGE_CURVE('',#1276,#1336,#625,.T.);
#1671=EDGE_CURVE('',#1334,#1275,#626,.T.);
#1672=EDGE_CURVE('',#1337,#1338,#627,.T.);
#1673=EDGE_CURVE('',#1338,#1200,#628,.T.);
#1674=EDGE_CURVE('',#1337,#1199,#629,.T.);
#1675=EDGE_CURVE('',#1339,#1337,#56,.T.);
#1676=EDGE_CURVE('',#1333,#1330,#57,.T.);
#1677=EDGE_CURVE('',#1339,#1295,#630,.T.);
#1678=EDGE_CURVE('',#1340,#1339,#631,.T.);
#1679=EDGE_CURVE('',#1340,#1298,#632,.T.);
#1680=EDGE_CURVE('',#1331,#1340,#633,.T.);
#1681=EDGE_CURVE('',#1341,#1304,#634,.T.);
#1682=EDGE_CURVE('',#1341,#1171,#635,.T.);
#1683=EDGE_CURVE('',#1267,#1341,#636,.T.);
#1684=EDGE_CURVE('',#1312,#1309,#637,.T.);
#1685=EDGE_CURVE('',#1338,#1334,#638,.T.);
#1686=EDGE_CURVE('',#1342,#1274,#639,.T.);
#1687=EDGE_CURVE('',#1342,#1343,#640,.T.);
#1688=EDGE_CURVE('',#1343,#1193,#641,.T.);
#1689=EDGE_CURVE('',#1271,#1266,#642,.T.);
#1690=EDGE_CURVE('',#1272,#1265,#643,.T.);
#1691=EDGE_CURVE('',#1344,#1269,#644,.T.);
#1692=EDGE_CURVE('',#1344,#1305,#645,.T.);
#1693=EDGE_CURVE('',#1345,#1344,#646,.T.);
#1694=EDGE_CURVE('',#1346,#1269,#647,.T.);
#1695=EDGE_CURVE('',#1345,#1346,#648,.T.);
#1696=EDGE_CURVE('',#1347,#1345,#58,.T.);
#1697=EDGE_CURVE('',#1348,#1346,#59,.T.);
#1698=EDGE_CURVE('',#1347,#1348,#649,.T.);
#1699=EDGE_CURVE('',#1349,#1347,#60,.T.);
#1700=EDGE_CURVE('',#1350,#1348,#61,.T.);
#1701=EDGE_CURVE('',#1349,#1350,#650,.T.);
#1702=EDGE_CURVE('',#1306,#1349,#651,.T.);
#1703=EDGE_CURVE('',#1294,#1350,#652,.T.);
#1704=EDGE_CURVE('',#1351,#1225,#653,.T.);
#1705=EDGE_CURVE('',#1351,#1352,#654,.T.);
#1706=EDGE_CURVE('',#1352,#1353,#655,.T.);
#1707=EDGE_CURVE('',#1245,#1353,#656,.T.);
#1708=EDGE_CURVE('',#1354,#1351,#657,.T.);
#1709=EDGE_CURVE('',#1248,#1355,#658,.T.);
#1710=EDGE_CURVE('',#1355,#1281,#659,.T.);
#1711=EDGE_CURVE('',#1328,#1326,#660,.T.);
#1712=EDGE_CURVE('',#1244,#1356,#661,.T.);
#1713=EDGE_CURVE('',#1356,#1179,#662,.T.);
#1714=EDGE_CURVE('',#1354,#1178,#663,.T.);
#1715=EDGE_CURVE('',#1357,#1354,#664,.T.);
#1716=EDGE_CURVE('',#1357,#1177,#665,.T.);
#1717=EDGE_CURVE('',#1352,#1252,#62,.T.);
#1718=EDGE_CURVE('',#1353,#1251,#63,.T.);
#1719=EDGE_CURVE('',#1358,#1238,#666,.T.);
#1720=EDGE_CURVE('',#1359,#1237,#667,.T.);
#1721=EDGE_CURVE('',#1358,#1359,#668,.T.);
#1722=EDGE_CURVE('',#1360,#1358,#64,.T.);
#1723=EDGE_CURVE('',#1361,#1359,#65,.T.);
#1724=EDGE_CURVE('',#1360,#1361,#669,.T.);
#1725=EDGE_CURVE('',#1335,#1360,#66,.T.);
#1726=EDGE_CURVE('',#1362,#1361,#67,.T.);
#1727=EDGE_CURVE('',#1187,#1362,#670,.T.);
#1728=EDGE_CURVE('',#1336,#1191,#68,.T.);
#1729=EDGE_CURVE('',#1278,#1362,#671,.T.);
#1730=EDGE_CURVE('',#1363,#1277,#672,.T.);
#1731=EDGE_CURVE('',#1363,#1183,#673,.T.);
#1732=EDGE_CURVE('',#1364,#1365,#674,.T.);
#1733=EDGE_CURVE('',#1365,#1366,#675,.T.);
#1734=EDGE_CURVE('',#1250,#1366,#676,.T.);
#1735=EDGE_CURVE('',#1364,#1250,#677,.T.);
#1736=EDGE_CURVE('',#1367,#1229,#678,.T.);
#1737=EDGE_CURVE('',#1367,#1364,#679,.T.);
#1738=EDGE_CURVE('',#1368,#1369,#680,.T.);
#1739=EDGE_CURVE('',#1369,#1284,#681,.T.);
#1740=EDGE_CURVE('',#1370,#1283,#682,.T.);
#1741=EDGE_CURVE('',#1368,#1370,#683,.T.);
#1742=EDGE_CURVE('',#1365,#1368,#69,.T.);
#1743=EDGE_CURVE('',#1366,#1370,#70,.T.);
#1744=EDGE_CURVE('',#1371,#1372,#684,.T.);
#1745=EDGE_CURVE('',#1372,#1232,#685,.T.);
#1746=EDGE_CURVE('',#1371,#1235,#686,.T.);
#1747=EDGE_CURVE('',#1373,#1374,#687,.T.);
#1748=EDGE_CURVE('',#1374,#1288,#688,.T.);
#1749=EDGE_CURVE('',#1375,#1287,#689,.T.);
#1750=EDGE_CURVE('',#1373,#1375,#690,.T.);
#1751=EDGE_CURVE('',#1376,#1373,#71,.T.);
#1752=EDGE_CURVE('',#1377,#1375,#72,.T.);
#1753=EDGE_CURVE('',#1376,#1377,#691,.T.);
#1754=EDGE_CURVE('',#1378,#1376,#692,.T.);
#1755=EDGE_CURVE('',#1286,#1377,#693,.T.);
#1756=EDGE_CURVE('',#1378,#1285,#694,.T.);
#1757=EDGE_CURVE('',#1379,#1380,#695,.T.);
#1758=EDGE_CURVE('',#1380,#1233,#696,.T.);
#1759=EDGE_CURVE('',#1372,#1378,#697,.T.);
#1760=EDGE_CURVE('',#1369,#1367,#698,.T.);
#1761=EDGE_CURVE('',#1253,#1357,#699,.T.);
#1762=EDGE_CURVE('',#1379,#1176,#700,.T.);
#1763=EDGE_CURVE('',#1381,#1379,#701,.T.);
#1764=EDGE_CURVE('',#1381,#1175,#702,.T.);
#1765=EDGE_CURVE('',#1382,#1381,#703,.T.);
#1766=EDGE_CURVE('',#1303,#1299,#704,.T.);
#1767=EDGE_CURVE('',#1262,#1383,#705,.T.);
#1768=EDGE_CURVE('',#1383,#1289,#706,.T.);
#1769=EDGE_CURVE('',#1374,#1371,#707,.T.);
#1770=EDGE_CURVE('',#1382,#1234,#708,.T.);
#1771=EDGE_CURVE('',#1380,#1382,#709,.T.);
#1772=EDGE_CURVE('',#1384,#1247,#710,.T.);
#1773=EDGE_CURVE('',#1385,#1246,#711,.T.);
#1774=EDGE_CURVE('',#1384,#1385,#712,.T.);
#1775=EDGE_CURVE('',#1386,#1384,#73,.T.);
#1776=EDGE_CURVE('',#1387,#1385,#74,.T.);
#1777=EDGE_CURVE('',#1386,#1387,#713,.T.);
#1778=EDGE_CURVE('',#1388,#1386,#75,.T.);
#1779=EDGE_CURVE('',#1389,#1387,#76,.T.);
#1780=EDGE_CURVE('',#1388,#1389,#714,.T.);
#1781=EDGE_CURVE('',#1355,#1388,#715,.T.);
#1782=EDGE_CURVE('',#1282,#1389,#716,.T.);
#1783=EDGE_CURVE('',#1390,#1261,#717,.T.);
#1784=EDGE_CURVE('',#1391,#1260,#718,.T.);
#1785=EDGE_CURVE('',#1390,#1391,#719,.T.);
#1786=EDGE_CURVE('',#1392,#1390,#77,.T.);
#1787=EDGE_CURVE('',#1393,#1391,#78,.T.);
#1788=EDGE_CURVE('',#1392,#1393,#720,.T.);
#1789=EDGE_CURVE('',#1383,#1392,#721,.T.);
#1790=EDGE_CURVE('',#1290,#1393,#722,.T.);
#1791=EDGE_CURVE('',#1394,#1395,#723,.T.);
#1792=EDGE_CURVE('',#1395,#1396,#724,.T.);
#1793=EDGE_CURVE('',#1255,#1396,#725,.T.);
#1794=EDGE_CURVE('',#1394,#1255,#726,.T.);
#1795=EDGE_CURVE('',#1308,#1394,#727,.T.);
#1796=EDGE_CURVE('',#1397,#1307,#728,.T.);
#1797=EDGE_CURVE('',#1398,#1291,#729,.T.);
#1798=EDGE_CURVE('',#1397,#1398,#730,.T.);
#1799=EDGE_CURVE('',#1395,#1397,#79,.T.);
#1800=EDGE_CURVE('',#1396,#1398,#80,.T.);
#1801=EDGE_CURVE('',#1356,#1399,#731,.T.);
#1802=EDGE_CURVE('',#1399,#1180,#732,.T.);
#1803=EDGE_CURVE('',#1400,#1243,#733,.T.);
#1804=EDGE_CURVE('',#1401,#1242,#734,.T.);
#1805=EDGE_CURVE('',#1400,#1401,#735,.T.);
#1806=EDGE_CURVE('',#1402,#1209,#736,.T.);
#1807=EDGE_CURVE('',#1402,#1400,#737,.T.);
#1808=EDGE_CURVE('',#1236,#1401,#738,.T.);
#1809=EDGE_CURVE('',#1399,#1402,#739,.T.);
#1810=EDGE_CURVE('',#1239,#1363,#740,.T.);
#1811=EDGE_CURVE('',#1188,#1332,#741,.T.);
#1812=EDGE_CURVE('',#1314,#1311,#742,.T.);
#1813=EDGE_CURVE('',#1403,#1404,#743,.T.);
#1814=EDGE_CURVE('',#1404,#1405,#744,.T.);
#1815=EDGE_CURVE('',#1264,#1405,#745,.T.);
#1816=EDGE_CURVE('',#1403,#1264,#746,.T.);
#1817=EDGE_CURVE('',#1343,#1403,#747,.T.);
#1818=EDGE_CURVE('',#1406,#1342,#748,.T.);
#1819=EDGE_CURVE('',#1407,#1273,#749,.T.);
#1820=EDGE_CURVE('',#1406,#1407,#750,.T.);
#1821=EDGE_CURVE('',#1404,#1406,#81,.T.);
#1822=EDGE_CURVE('',#1405,#1407,#82,.T.);
#1823=EDGE_CURVE('',#1408,#1144,#751,.T.);
#1824=EDGE_CURVE('',#1408,#1169,#752,.T.);
#1825=EDGE_CURVE('',#1409,#1146,#753,.T.);
#1826=EDGE_CURVE('',#1409,#1408,#754,.T.);
#1827=EDGE_CURVE('',#1410,#1148,#755,.T.);
#1828=EDGE_CURVE('',#1410,#1409,#756,.T.);
#1829=EDGE_CURVE('',#1411,#1150,#757,.T.);
#1830=EDGE_CURVE('',#1411,#1410,#758,.T.);
#1831=EDGE_CURVE('',#1412,#1152,#759,.T.);
#1832=EDGE_CURVE('',#1412,#1411,#760,.T.);
#1833=EDGE_CURVE('',#1164,#1412,#761,.T.);
#1834=ORIENTED_EDGE('',*,*,#1413,.T.);
#1835=ORIENTED_EDGE('',*,*,#1414,.T.);
#1836=ORIENTED_EDGE('',*,*,#1415,.T.);
#1837=ORIENTED_EDGE('',*,*,#1416,.F.);
#1838=ORIENTED_EDGE('',*,*,#1417,.T.);
#1839=ORIENTED_EDGE('',*,*,#1418,.T.);
#1840=ORIENTED_EDGE('',*,*,#1419,.T.);
#1841=ORIENTED_EDGE('',*,*,#1414,.F.);
#1842=ORIENTED_EDGE('',*,*,#1420,.T.);
#1843=ORIENTED_EDGE('',*,*,#1421,.T.);
#1844=ORIENTED_EDGE('',*,*,#1422,.T.);
#1845=ORIENTED_EDGE('',*,*,#1418,.F.);
#1846=ORIENTED_EDGE('',*,*,#1423,.T.);
#1847=ORIENTED_EDGE('',*,*,#1424,.T.);
#1848=ORIENTED_EDGE('',*,*,#1425,.T.);
#1849=ORIENTED_EDGE('',*,*,#1421,.F.);
#1850=ORIENTED_EDGE('',*,*,#1426,.T.);
#1851=ORIENTED_EDGE('',*,*,#1427,.T.);
#1852=ORIENTED_EDGE('',*,*,#1428,.T.);
#1853=ORIENTED_EDGE('',*,*,#1424,.F.);
#1854=ORIENTED_EDGE('',*,*,#1429,.T.);
#1855=ORIENTED_EDGE('',*,*,#1430,.T.);
#1856=ORIENTED_EDGE('',*,*,#1431,.T.);
#1857=ORIENTED_EDGE('',*,*,#1427,.F.);
#1858=ORIENTED_EDGE('',*,*,#1432,.T.);
#1859=ORIENTED_EDGE('',*,*,#1433,.T.);
#1860=ORIENTED_EDGE('',*,*,#1434,.T.);
#1861=ORIENTED_EDGE('',*,*,#1430,.F.);
#1862=ORIENTED_EDGE('',*,*,#1435,.T.);
#1863=ORIENTED_EDGE('',*,*,#1433,.F.);
#1864=ORIENTED_EDGE('',*,*,#1436,.T.);
#1865=ORIENTED_EDGE('',*,*,#1437,.T.);
#1866=ORIENTED_EDGE('',*,*,#1438,.T.);
#1867=ORIENTED_EDGE('',*,*,#1437,.F.);
#1868=ORIENTED_EDGE('',*,*,#1439,.T.);
#1869=ORIENTED_EDGE('',*,*,#1440,.T.);
#1870=ORIENTED_EDGE('',*,*,#1441,.T.);
#1871=ORIENTED_EDGE('',*,*,#1440,.F.);
#1872=ORIENTED_EDGE('',*,*,#1442,.T.);
#1873=ORIENTED_EDGE('',*,*,#1443,.T.);
#1874=ORIENTED_EDGE('',*,*,#1444,.T.);
#1875=ORIENTED_EDGE('',*,*,#1443,.F.);
#1876=ORIENTED_EDGE('',*,*,#1445,.T.);
#1877=ORIENTED_EDGE('',*,*,#1446,.T.);
#1878=ORIENTED_EDGE('',*,*,#1447,.T.);
#1879=ORIENTED_EDGE('',*,*,#1446,.F.);
#1880=ORIENTED_EDGE('',*,*,#1448,.T.);
#1881=ORIENTED_EDGE('',*,*,#1416,.T.);
#1882=ORIENTED_EDGE('',*,*,#1435,.F.);
#1883=ORIENTED_EDGE('',*,*,#1449,.F.);
#1884=ORIENTED_EDGE('',*,*,#1450,.T.);
#1885=ORIENTED_EDGE('',*,*,#1451,.T.);
#1886=ORIENTED_EDGE('',*,*,#1438,.F.);
#1887=ORIENTED_EDGE('',*,*,#1452,.F.);
#1888=ORIENTED_EDGE('',*,*,#1453,.T.);
#1889=ORIENTED_EDGE('',*,*,#1449,.T.);
#1890=ORIENTED_EDGE('',*,*,#1441,.F.);
#1891=ORIENTED_EDGE('',*,*,#1454,.F.);
#1892=ORIENTED_EDGE('',*,*,#1455,.T.);
#1893=ORIENTED_EDGE('',*,*,#1452,.T.);
#1894=ORIENTED_EDGE('',*,*,#1444,.F.);
#1895=ORIENTED_EDGE('',*,*,#1456,.F.);
#1896=ORIENTED_EDGE('',*,*,#1457,.T.);
#1897=ORIENTED_EDGE('',*,*,#1454,.T.);
#1898=ORIENTED_EDGE('',*,*,#1447,.F.);
#1899=ORIENTED_EDGE('',*,*,#1458,.F.);
#1900=ORIENTED_EDGE('',*,*,#1459,.T.);
#1901=ORIENTED_EDGE('',*,*,#1456,.T.);
#1902=ORIENTED_EDGE('',*,*,#1415,.F.);
#1903=ORIENTED_EDGE('',*,*,#1460,.F.);
#1904=ORIENTED_EDGE('',*,*,#1461,.T.);
#1905=ORIENTED_EDGE('',*,*,#1458,.T.);
#1906=ORIENTED_EDGE('',*,*,#1413,.F.);
#1907=ORIENTED_EDGE('',*,*,#1448,.F.);
#1908=ORIENTED_EDGE('',*,*,#1445,.F.);
#1909=ORIENTED_EDGE('',*,*,#1442,.F.);
#1910=ORIENTED_EDGE('',*,*,#1439,.F.);
#1911=ORIENTED_EDGE('',*,*,#1436,.F.);
#1912=ORIENTED_EDGE('',*,*,#1432,.F.);
#1913=ORIENTED_EDGE('',*,*,#1429,.F.);
#1914=ORIENTED_EDGE('',*,*,#1426,.F.);
#1915=ORIENTED_EDGE('',*,*,#1423,.F.);
#1916=ORIENTED_EDGE('',*,*,#1420,.F.);
#1917=ORIENTED_EDGE('',*,*,#1417,.F.);
#1918=ORIENTED_EDGE('',*,*,#1462,.T.);
#1919=ORIENTED_EDGE('',*,*,#1463,.T.);
#1920=ORIENTED_EDGE('',*,*,#1464,.T.);
#1921=ORIENTED_EDGE('',*,*,#1465,.T.);
#1922=ORIENTED_EDGE('',*,*,#1466,.T.);
#1923=ORIENTED_EDGE('',*,*,#1467,.T.);
#1924=ORIENTED_EDGE('',*,*,#1468,.T.);
#1925=ORIENTED_EDGE('',*,*,#1469,.T.);
#1926=ORIENTED_EDGE('',*,*,#1470,.T.);
#1927=ORIENTED_EDGE('',*,*,#1471,.T.);
#1928=ORIENTED_EDGE('',*,*,#1472,.T.);
#1929=ORIENTED_EDGE('',*,*,#1473,.T.);
#1930=ORIENTED_EDGE('',*,*,#1474,.F.);
#1931=ORIENTED_EDGE('',*,*,#1475,.F.);
#1932=ORIENTED_EDGE('',*,*,#1476,.T.);
#1933=ORIENTED_EDGE('',*,*,#1477,.F.);
#1934=ORIENTED_EDGE('',*,*,#1478,.F.);
#1935=ORIENTED_EDGE('',*,*,#1479,.F.);
#1936=ORIENTED_EDGE('',*,*,#1480,.F.);
#1937=ORIENTED_EDGE('',*,*,#1476,.F.);
#1938=ORIENTED_EDGE('',*,*,#1478,.T.);
#1939=ORIENTED_EDGE('',*,*,#1475,.T.);
#1940=ORIENTED_EDGE('',*,*,#1481,.T.);
#1941=ORIENTED_EDGE('',*,*,#1482,.T.);
#1942=ORIENTED_EDGE('',*,*,#1483,.F.);
#1943=ORIENTED_EDGE('',*,*,#1484,.F.);
#1944=ORIENTED_EDGE('',*,*,#1485,.F.);
#1945=ORIENTED_EDGE('',*,*,#1486,.T.);
#1946=ORIENTED_EDGE('',*,*,#1487,.T.);
#1947=ORIENTED_EDGE('',*,*,#1488,.F.);
#1948=ORIENTED_EDGE('',*,*,#1489,.T.);
#1949=ORIENTED_EDGE('',*,*,#1490,.T.);
#1950=ORIENTED_EDGE('',*,*,#1491,.T.);
#1951=ORIENTED_EDGE('',*,*,#1492,.T.);
#1952=ORIENTED_EDGE('',*,*,#1493,.T.);
#1953=ORIENTED_EDGE('',*,*,#1494,.T.);
#1954=ORIENTED_EDGE('',*,*,#1495,.T.);
#1955=ORIENTED_EDGE('',*,*,#1496,.T.);
#1956=ORIENTED_EDGE('',*,*,#1497,.T.);
#1957=ORIENTED_EDGE('',*,*,#1498,.T.);
#1958=ORIENTED_EDGE('',*,*,#1499,.T.);
#1959=ORIENTED_EDGE('',*,*,#1500,.F.);
#1960=ORIENTED_EDGE('',*,*,#1501,.T.);
#1961=ORIENTED_EDGE('',*,*,#1502,.T.);
#1962=ORIENTED_EDGE('',*,*,#1503,.T.);
#1963=ORIENTED_EDGE('',*,*,#1504,.F.);
#1964=ORIENTED_EDGE('',*,*,#1505,.T.);
#1965=ORIENTED_EDGE('',*,*,#1506,.T.);
#1966=ORIENTED_EDGE('',*,*,#1507,.T.);
#1967=ORIENTED_EDGE('',*,*,#1508,.F.);
#1968=ORIENTED_EDGE('',*,*,#1509,.T.);
#1969=ORIENTED_EDGE('',*,*,#1510,.T.);
#1970=ORIENTED_EDGE('',*,*,#1511,.T.);
#1971=ORIENTED_EDGE('',*,*,#1512,.F.);
#1972=ORIENTED_EDGE('',*,*,#1513,.T.);
#1973=ORIENTED_EDGE('',*,*,#1514,.T.);
#1974=ORIENTED_EDGE('',*,*,#1515,.T.);
#1975=ORIENTED_EDGE('',*,*,#1516,.F.);
#1976=ORIENTED_EDGE('',*,*,#1517,.T.);
#1977=ORIENTED_EDGE('',*,*,#1518,.T.);
#1978=ORIENTED_EDGE('',*,*,#1519,.T.);
#1979=ORIENTED_EDGE('',*,*,#1520,.F.);
#1980=ORIENTED_EDGE('',*,*,#1521,.T.);
#1981=ORIENTED_EDGE('',*,*,#1522,.T.);
#1982=ORIENTED_EDGE('',*,*,#1523,.T.);
#1983=ORIENTED_EDGE('',*,*,#1524,.F.);
#1984=ORIENTED_EDGE('',*,*,#1525,.T.);
#1985=ORIENTED_EDGE('',*,*,#1526,.T.);
#1986=ORIENTED_EDGE('',*,*,#1527,.T.);
#1987=ORIENTED_EDGE('',*,*,#1528,.T.);
#1988=ORIENTED_EDGE('',*,*,#1529,.T.);
#1989=ORIENTED_EDGE('',*,*,#1530,.T.);
#1990=ORIENTED_EDGE('',*,*,#1531,.F.);
#1991=ORIENTED_EDGE('',*,*,#1532,.T.);
#1992=ORIENTED_EDGE('',*,*,#1504,.T.);
#1993=ORIENTED_EDGE('',*,*,#1532,.F.);
#1994=ORIENTED_EDGE('',*,*,#1533,.F.);
#1995=ORIENTED_EDGE('',*,*,#1534,.T.);
#1996=ORIENTED_EDGE('',*,*,#1535,.T.);
#1997=ORIENTED_EDGE('',*,*,#1505,.F.);
#1998=ORIENTED_EDGE('',*,*,#1536,.T.);
#1999=ORIENTED_EDGE('',*,*,#1512,.T.);
#2000=ORIENTED_EDGE('',*,*,#1537,.T.);
#2001=ORIENTED_EDGE('',*,*,#1538,.F.);
#2002=ORIENTED_EDGE('',*,*,#1536,.F.);
#2003=ORIENTED_EDGE('',*,*,#1539,.F.);
#2004=ORIENTED_EDGE('',*,*,#1540,.F.);
#2005=ORIENTED_EDGE('',*,*,#1541,.T.);
#2006=ORIENTED_EDGE('',*,*,#1542,.T.);
#2007=ORIENTED_EDGE('',*,*,#1513,.F.);
#2008=ORIENTED_EDGE('',*,*,#1543,.T.);
#2009=ORIENTED_EDGE('',*,*,#1544,.F.);
#2010=ORIENTED_EDGE('',*,*,#1545,.T.);
#2011=ORIENTED_EDGE('',*,*,#1520,.T.);
#2012=ORIENTED_EDGE('',*,*,#1545,.F.);
#2013=ORIENTED_EDGE('',*,*,#1546,.F.);
#2014=ORIENTED_EDGE('',*,*,#1547,.T.);
#2015=ORIENTED_EDGE('',*,*,#1548,.T.);
#2016=ORIENTED_EDGE('',*,*,#1521,.F.);
#2017=ORIENTED_EDGE('',*,*,#1549,.T.);
#2018=ORIENTED_EDGE('',*,*,#1524,.T.);
#2019=ORIENTED_EDGE('',*,*,#1550,.T.);
#2020=ORIENTED_EDGE('',*,*,#1551,.F.);
#2021=ORIENTED_EDGE('',*,*,#1549,.F.);
#2022=ORIENTED_EDGE('',*,*,#1552,.F.);
#2023=ORIENTED_EDGE('',*,*,#1553,.F.);
#2024=ORIENTED_EDGE('',*,*,#1554,.T.);
#2025=ORIENTED_EDGE('',*,*,#1555,.T.);
#2026=ORIENTED_EDGE('',*,*,#1525,.F.);
#2027=ORIENTED_EDGE('',*,*,#1556,.T.);
#2028=ORIENTED_EDGE('',*,*,#1508,.T.);
#2029=ORIENTED_EDGE('',*,*,#1557,.T.);
#2030=ORIENTED_EDGE('',*,*,#1558,.F.);
#2031=ORIENTED_EDGE('',*,*,#1556,.F.);
#2032=ORIENTED_EDGE('',*,*,#1559,.F.);
#2033=ORIENTED_EDGE('',*,*,#1560,.F.);
#2034=ORIENTED_EDGE('',*,*,#1561,.T.);
#2035=ORIENTED_EDGE('',*,*,#1562,.T.);
#2036=ORIENTED_EDGE('',*,*,#1509,.F.);
#2037=ORIENTED_EDGE('',*,*,#1563,.T.);
#2038=ORIENTED_EDGE('',*,*,#1564,.F.);
#2039=ORIENTED_EDGE('',*,*,#1565,.T.);
#2040=ORIENTED_EDGE('',*,*,#1516,.T.);
#2041=ORIENTED_EDGE('',*,*,#1565,.F.);
#2042=ORIENTED_EDGE('',*,*,#1566,.F.);
#2043=ORIENTED_EDGE('',*,*,#1567,.T.);
#2044=ORIENTED_EDGE('',*,*,#1568,.T.);
#2045=ORIENTED_EDGE('',*,*,#1517,.F.);
#2046=ORIENTED_EDGE('',*,*,#1569,.T.);
#2047=ORIENTED_EDGE('',*,*,#1488,.T.);
#2048=ORIENTED_EDGE('',*,*,#1570,.T.);
#2049=ORIENTED_EDGE('',*,*,#1571,.F.);
#2050=ORIENTED_EDGE('',*,*,#1569,.F.);
#2051=ORIENTED_EDGE('',*,*,#1572,.F.);
#2052=ORIENTED_EDGE('',*,*,#1573,.F.);
#2053=ORIENTED_EDGE('',*,*,#1574,.T.);
#2054=ORIENTED_EDGE('',*,*,#1575,.T.);
#2055=ORIENTED_EDGE('',*,*,#1489,.F.);
#2056=ORIENTED_EDGE('',*,*,#1576,.T.);
#2057=ORIENTED_EDGE('',*,*,#1577,.F.);
#2058=ORIENTED_EDGE('',*,*,#1578,.T.);
#2059=ORIENTED_EDGE('',*,*,#1500,.T.);
#2060=ORIENTED_EDGE('',*,*,#1576,.F.);
#2061=ORIENTED_EDGE('',*,*,#1499,.F.);
#2062=ORIENTED_EDGE('',*,*,#1579,.F.);
#2063=ORIENTED_EDGE('',*,*,#1580,.T.);
#2064=ORIENTED_EDGE('',*,*,#1581,.T.);
#2065=ORIENTED_EDGE('',*,*,#1582,.F.);
#2066=ORIENTED_EDGE('',*,*,#1583,.T.);
#2067=ORIENTED_EDGE('',*,*,#1584,.F.);
#2068=ORIENTED_EDGE('',*,*,#1585,.T.);
#2069=ORIENTED_EDGE('',*,*,#1586,.T.);
#2070=ORIENTED_EDGE('',*,*,#1483,.T.);
#2071=ORIENTED_EDGE('',*,*,#1587,.F.);
#2072=ORIENTED_EDGE('',*,*,#1588,.T.);
#2073=ORIENTED_EDGE('',*,*,#1589,.T.);
#2074=ORIENTED_EDGE('',*,*,#1590,.T.);
#2075=ORIENTED_EDGE('',*,*,#1591,.F.);
#2076=ORIENTED_EDGE('',*,*,#1592,.T.);
#2077=ORIENTED_EDGE('',*,*,#1593,.T.);
#2078=ORIENTED_EDGE('',*,*,#1594,.T.);
#2079=ORIENTED_EDGE('',*,*,#1595,.F.);
#2080=ORIENTED_EDGE('',*,*,#1596,.T.);
#2081=ORIENTED_EDGE('',*,*,#1597,.T.);
#2082=ORIENTED_EDGE('',*,*,#1598,.T.);
#2083=ORIENTED_EDGE('',*,*,#1599,.F.);
#2084=ORIENTED_EDGE('',*,*,#1600,.T.);
#2085=ORIENTED_EDGE('',*,*,#1601,.T.);
#2086=ORIENTED_EDGE('',*,*,#1602,.T.);
#2087=ORIENTED_EDGE('',*,*,#1603,.F.);
#2088=ORIENTED_EDGE('',*,*,#1604,.T.);
#2089=ORIENTED_EDGE('',*,*,#1605,.T.);
#2090=ORIENTED_EDGE('',*,*,#1606,.T.);
#2091=ORIENTED_EDGE('',*,*,#1607,.T.);
#2092=ORIENTED_EDGE('',*,*,#1608,.T.);
#2093=ORIENTED_EDGE('',*,*,#1609,.T.);
#2094=ORIENTED_EDGE('',*,*,#1563,.F.);
#2095=ORIENTED_EDGE('',*,*,#1515,.F.);
#2096=ORIENTED_EDGE('',*,*,#1610,.F.);
#2097=ORIENTED_EDGE('',*,*,#1611,.T.);
#2098=ORIENTED_EDGE('',*,*,#1612,.T.);
#2099=ORIENTED_EDGE('',*,*,#1613,.F.);
#2100=ORIENTED_EDGE('',*,*,#1614,.T.);
#2101=ORIENTED_EDGE('',*,*,#1615,.T.);
#2102=ORIENTED_EDGE('',*,*,#1465,.F.);
#2103=ORIENTED_EDGE('',*,*,#1616,.F.);
#2104=ORIENTED_EDGE('',*,*,#1617,.T.);
#2105=ORIENTED_EDGE('',*,*,#1616,.T.);
#2106=ORIENTED_EDGE('',*,*,#1464,.F.);
#2107=ORIENTED_EDGE('',*,*,#1618,.F.);
#2108=ORIENTED_EDGE('',*,*,#1619,.T.);
#2109=ORIENTED_EDGE('',*,*,#1579,.T.);
#2110=ORIENTED_EDGE('',*,*,#1498,.F.);
#2111=ORIENTED_EDGE('',*,*,#1620,.F.);
#2112=ORIENTED_EDGE('',*,*,#1621,.T.);
#2113=ORIENTED_EDGE('',*,*,#1622,.T.);
#2114=ORIENTED_EDGE('',*,*,#1603,.T.);
#2115=ORIENTED_EDGE('',*,*,#1623,.F.);
#2116=ORIENTED_EDGE('',*,*,#1624,.T.);
#2117=ORIENTED_EDGE('',*,*,#1625,.T.);
#2118=ORIENTED_EDGE('',*,*,#1506,.F.);
#2119=ORIENTED_EDGE('',*,*,#1562,.F.);
#2120=ORIENTED_EDGE('',*,*,#1626,.T.);
#2121=ORIENTED_EDGE('',*,*,#1560,.T.);
#2122=ORIENTED_EDGE('',*,*,#1627,.F.);
#2123=ORIENTED_EDGE('',*,*,#1612,.F.);
#2124=ORIENTED_EDGE('',*,*,#1628,.T.);
#2125=ORIENTED_EDGE('',*,*,#1629,.T.);
#2126=ORIENTED_EDGE('',*,*,#1495,.F.);
#2127=ORIENTED_EDGE('',*,*,#1630,.F.);
#2128=ORIENTED_EDGE('',*,*,#1631,.T.);
#2129=ORIENTED_EDGE('',*,*,#1632,.T.);
#2130=ORIENTED_EDGE('',*,*,#1473,.F.);
#2131=ORIENTED_EDGE('',*,*,#1633,.F.);
#2132=ORIENTED_EDGE('',*,*,#1634,.T.);
#2133=ORIENTED_EDGE('',*,*,#1635,.T.);
#2134=ORIENTED_EDGE('',*,*,#1497,.F.);
#2135=ORIENTED_EDGE('',*,*,#1636,.F.);
#2136=ORIENTED_EDGE('',*,*,#1637,.T.);
#2137=ORIENTED_EDGE('',*,*,#1636,.T.);
#2138=ORIENTED_EDGE('',*,*,#1496,.F.);
#2139=ORIENTED_EDGE('',*,*,#1629,.F.);
#2140=ORIENTED_EDGE('',*,*,#1638,.T.);
#2141=ORIENTED_EDGE('',*,*,#1639,.T.);
#2142=ORIENTED_EDGE('',*,*,#1640,.F.);
#2143=ORIENTED_EDGE('',*,*,#1641,.F.);
#2144=ORIENTED_EDGE('',*,*,#1642,.T.);
#2145=ORIENTED_EDGE('',*,*,#1641,.T.);
#2146=ORIENTED_EDGE('',*,*,#1643,.F.);
#2147=ORIENTED_EDGE('',*,*,#1644,.F.);
#2148=ORIENTED_EDGE('',*,*,#1645,.T.);
#2149=ORIENTED_EDGE('',*,*,#1644,.T.);
#2150=ORIENTED_EDGE('',*,*,#1646,.F.);
#2151=ORIENTED_EDGE('',*,*,#1647,.F.);
#2152=ORIENTED_EDGE('',*,*,#1648,.T.);
#2153=ORIENTED_EDGE('',*,*,#1647,.T.);
#2154=ORIENTED_EDGE('',*,*,#1649,.F.);
#2155=ORIENTED_EDGE('',*,*,#1639,.F.);
#2156=ORIENTED_EDGE('',*,*,#1650,.T.);
#2157=ORIENTED_EDGE('',*,*,#1651,.T.);
#2158=ORIENTED_EDGE('',*,*,#1652,.F.);
#2159=ORIENTED_EDGE('',*,*,#1653,.F.);
#2160=ORIENTED_EDGE('',*,*,#1537,.F.);
#2161=ORIENTED_EDGE('',*,*,#1511,.F.);
#2162=ORIENTED_EDGE('',*,*,#1654,.F.);
#2163=ORIENTED_EDGE('',*,*,#1655,.T.);
#2164=ORIENTED_EDGE('',*,*,#1653,.T.);
#2165=ORIENTED_EDGE('',*,*,#1656,.T.);
#2166=ORIENTED_EDGE('',*,*,#1657,.T.);
#2167=ORIENTED_EDGE('',*,*,#1590,.F.);
#2168=ORIENTED_EDGE('',*,*,#1658,.F.);
#2169=ORIENTED_EDGE('',*,*,#1659,.F.);
#2170=ORIENTED_EDGE('',*,*,#1660,.T.);
#2171=ORIENTED_EDGE('',*,*,#1659,.T.);
#2172=ORIENTED_EDGE('',*,*,#1661,.F.);
#2173=ORIENTED_EDGE('',*,*,#1651,.F.);
#2174=ORIENTED_EDGE('',*,*,#1662,.T.);
#2175=ORIENTED_EDGE('',*,*,#1663,.T.);
#2176=ORIENTED_EDGE('',*,*,#1607,.F.);
#2177=ORIENTED_EDGE('',*,*,#1664,.F.);
#2178=ORIENTED_EDGE('',*,*,#1665,.T.);
#2179=ORIENTED_EDGE('',*,*,#1666,.T.);
#2180=ORIENTED_EDGE('',*,*,#1491,.F.);
#2181=ORIENTED_EDGE('',*,*,#1667,.F.);
#2182=ORIENTED_EDGE('',*,*,#1668,.T.);
#2183=ORIENTED_EDGE('',*,*,#1669,.T.);
#2184=ORIENTED_EDGE('',*,*,#1670,.F.);
#2185=ORIENTED_EDGE('',*,*,#1585,.F.);
#2186=ORIENTED_EDGE('',*,*,#1671,.F.);
#2187=ORIENTED_EDGE('',*,*,#1672,.T.);
#2188=ORIENTED_EDGE('',*,*,#1673,.T.);
#2189=ORIENTED_EDGE('',*,*,#1493,.F.);
#2190=ORIENTED_EDGE('',*,*,#1674,.F.);
#2191=ORIENTED_EDGE('',*,*,#1675,.T.);
#2192=ORIENTED_EDGE('',*,*,#1674,.T.);
#2193=ORIENTED_EDGE('',*,*,#1492,.F.);
#2194=ORIENTED_EDGE('',*,*,#1666,.F.);
#2195=ORIENTED_EDGE('',*,*,#1676,.T.);
#2196=ORIENTED_EDGE('',*,*,#1664,.T.);
#2197=ORIENTED_EDGE('',*,*,#1606,.F.);
#2198=ORIENTED_EDGE('',*,*,#1677,.F.);
#2199=ORIENTED_EDGE('',*,*,#1678,.T.);
#2200=ORIENTED_EDGE('',*,*,#1677,.T.);
#2201=ORIENTED_EDGE('',*,*,#1609,.F.);
#2202=ORIENTED_EDGE('',*,*,#1679,.F.);
#2203=ORIENTED_EDGE('',*,*,#1680,.T.);
#2204=ORIENTED_EDGE('',*,*,#1679,.T.);
#2205=ORIENTED_EDGE('',*,*,#1608,.F.);
#2206=ORIENTED_EDGE('',*,*,#1663,.F.);
#2207=ORIENTED_EDGE('',*,*,#1681,.T.);
#2208=ORIENTED_EDGE('',*,*,#1618,.T.);
#2209=ORIENTED_EDGE('',*,*,#1463,.F.);
#2210=ORIENTED_EDGE('',*,*,#1682,.F.);
#2211=ORIENTED_EDGE('',*,*,#1683,.T.);
#2212=ORIENTED_EDGE('',*,*,#1682,.T.);
#2213=ORIENTED_EDGE('',*,*,#1462,.F.);
#2214=ORIENTED_EDGE('',*,*,#1632,.F.);
#2215=ORIENTED_EDGE('',*,*,#1684,.T.);
#2216=ORIENTED_EDGE('',*,*,#1630,.T.);
#2217=ORIENTED_EDGE('',*,*,#1494,.F.);
#2218=ORIENTED_EDGE('',*,*,#1673,.F.);
#2219=ORIENTED_EDGE('',*,*,#1685,.T.);
#2220=ORIENTED_EDGE('',*,*,#1671,.T.);
#2221=ORIENTED_EDGE('',*,*,#1584,.T.);
#2222=ORIENTED_EDGE('',*,*,#1686,.F.);
#2223=ORIENTED_EDGE('',*,*,#1687,.T.);
#2224=ORIENTED_EDGE('',*,*,#1688,.T.);
#2225=ORIENTED_EDGE('',*,*,#1486,.F.);
#2226=ORIENTED_EDGE('',*,*,#1575,.F.);
#2227=ORIENTED_EDGE('',*,*,#1689,.T.);
#2228=ORIENTED_EDGE('',*,*,#1573,.T.);
#2229=ORIENTED_EDGE('',*,*,#1690,.F.);
#2230=ORIENTED_EDGE('',*,*,#1581,.F.);
#2231=ORIENTED_EDGE('',*,*,#1578,.F.);
#2232=ORIENTED_EDGE('',*,*,#1691,.F.);
#2233=ORIENTED_EDGE('',*,*,#1692,.T.);
#2234=ORIENTED_EDGE('',*,*,#1620,.T.);
#2235=ORIENTED_EDGE('',*,*,#1501,.F.);
#2236=ORIENTED_EDGE('',*,*,#1693,.T.);
#2237=ORIENTED_EDGE('',*,*,#1691,.T.);
#2238=ORIENTED_EDGE('',*,*,#1694,.F.);
#2239=ORIENTED_EDGE('',*,*,#1695,.F.);
#2240=ORIENTED_EDGE('',*,*,#1696,.T.);
#2241=ORIENTED_EDGE('',*,*,#1695,.T.);
#2242=ORIENTED_EDGE('',*,*,#1697,.F.);
#2243=ORIENTED_EDGE('',*,*,#1698,.F.);
#2244=ORIENTED_EDGE('',*,*,#1699,.T.);
#2245=ORIENTED_EDGE('',*,*,#1698,.T.);
#2246=ORIENTED_EDGE('',*,*,#1700,.F.);
#2247=ORIENTED_EDGE('',*,*,#1701,.F.);
#2248=ORIENTED_EDGE('',*,*,#1702,.T.);
#2249=ORIENTED_EDGE('',*,*,#1701,.T.);
#2250=ORIENTED_EDGE('',*,*,#1703,.F.);
#2251=ORIENTED_EDGE('',*,*,#1604,.F.);
#2252=ORIENTED_EDGE('',*,*,#1622,.F.);
#2253=ORIENTED_EDGE('',*,*,#1543,.F.);
#2254=ORIENTED_EDGE('',*,*,#1519,.F.);
#2255=ORIENTED_EDGE('',*,*,#1704,.F.);
#2256=ORIENTED_EDGE('',*,*,#1705,.T.);
#2257=ORIENTED_EDGE('',*,*,#1706,.T.);
#2258=ORIENTED_EDGE('',*,*,#1707,.F.);
#2259=ORIENTED_EDGE('',*,*,#1708,.T.);
#2260=ORIENTED_EDGE('',*,*,#1704,.T.);
#2261=ORIENTED_EDGE('',*,*,#1518,.F.);
#2262=ORIENTED_EDGE('',*,*,#1548,.F.);
#2263=ORIENTED_EDGE('',*,*,#1709,.T.);
#2264=ORIENTED_EDGE('',*,*,#1710,.T.);
#2265=ORIENTED_EDGE('',*,*,#1591,.T.);
#2266=ORIENTED_EDGE('',*,*,#1657,.F.);
#2267=ORIENTED_EDGE('',*,*,#1711,.T.);
#2268=ORIENTED_EDGE('',*,*,#1654,.T.);
#2269=ORIENTED_EDGE('',*,*,#1510,.F.);
#2270=ORIENTED_EDGE('',*,*,#1542,.F.);
#2271=ORIENTED_EDGE('',*,*,#1712,.T.);
#2272=ORIENTED_EDGE('',*,*,#1713,.T.);
#2273=ORIENTED_EDGE('',*,*,#1470,.F.);
#2274=ORIENTED_EDGE('',*,*,#1714,.F.);
#2275=ORIENTED_EDGE('',*,*,#1715,.T.);
#2276=ORIENTED_EDGE('',*,*,#1714,.T.);
#2277=ORIENTED_EDGE('',*,*,#1469,.F.);
#2278=ORIENTED_EDGE('',*,*,#1716,.F.);
#2279=ORIENTED_EDGE('',*,*,#1717,.T.);
#2280=ORIENTED_EDGE('',*,*,#1553,.T.);
#2281=ORIENTED_EDGE('',*,*,#1718,.F.);
#2282=ORIENTED_EDGE('',*,*,#1706,.F.);
#2283=ORIENTED_EDGE('',*,*,#1719,.T.);
#2284=ORIENTED_EDGE('',*,*,#1533,.T.);
#2285=ORIENTED_EDGE('',*,*,#1720,.F.);
#2286=ORIENTED_EDGE('',*,*,#1721,.F.);
#2287=ORIENTED_EDGE('',*,*,#1722,.T.);
#2288=ORIENTED_EDGE('',*,*,#1721,.T.);
#2289=ORIENTED_EDGE('',*,*,#1723,.F.);
#2290=ORIENTED_EDGE('',*,*,#1724,.F.);
#2291=ORIENTED_EDGE('',*,*,#1725,.T.);
#2292=ORIENTED_EDGE('',*,*,#1724,.T.);
#2293=ORIENTED_EDGE('',*,*,#1726,.F.);
#2294=ORIENTED_EDGE('',*,*,#1727,.F.);
#2295=ORIENTED_EDGE('',*,*,#1479,.T.);
#2296=ORIENTED_EDGE('',*,*,#1485,.T.);
#2297=ORIENTED_EDGE('',*,*,#1728,.F.);
#2298=ORIENTED_EDGE('',*,*,#1669,.F.);
#2299=ORIENTED_EDGE('',*,*,#1480,.T.);
#2300=ORIENTED_EDGE('',*,*,#1727,.T.);
#2301=ORIENTED_EDGE('',*,*,#1729,.F.);
#2302=ORIENTED_EDGE('',*,*,#1588,.F.);
#2303=ORIENTED_EDGE('',*,*,#1730,.F.);
#2304=ORIENTED_EDGE('',*,*,#1731,.T.);
#2305=ORIENTED_EDGE('',*,*,#1477,.T.);
#2306=ORIENTED_EDGE('',*,*,#1732,.T.);
#2307=ORIENTED_EDGE('',*,*,#1733,.T.);
#2308=ORIENTED_EDGE('',*,*,#1734,.F.);
#2309=ORIENTED_EDGE('',*,*,#1735,.F.);
#2310=ORIENTED_EDGE('',*,*,#1550,.F.);
#2311=ORIENTED_EDGE('',*,*,#1523,.F.);
#2312=ORIENTED_EDGE('',*,*,#1736,.F.);
#2313=ORIENTED_EDGE('',*,*,#1737,.T.);
#2314=ORIENTED_EDGE('',*,*,#1735,.T.);
#2315=ORIENTED_EDGE('',*,*,#1738,.T.);
#2316=ORIENTED_EDGE('',*,*,#1739,.T.);
#2317=ORIENTED_EDGE('',*,*,#1594,.F.);
#2318=ORIENTED_EDGE('',*,*,#1740,.F.);
#2319=ORIENTED_EDGE('',*,*,#1741,.F.);
#2320=ORIENTED_EDGE('',*,*,#1742,.T.);
#2321=ORIENTED_EDGE('',*,*,#1741,.T.);
#2322=ORIENTED_EDGE('',*,*,#1743,.F.);
#2323=ORIENTED_EDGE('',*,*,#1733,.F.);
#2324=ORIENTED_EDGE('',*,*,#1744,.T.);
#2325=ORIENTED_EDGE('',*,*,#1745,.T.);
#2326=ORIENTED_EDGE('',*,*,#1529,.F.);
#2327=ORIENTED_EDGE('',*,*,#1746,.F.);
#2328=ORIENTED_EDGE('',*,*,#1747,.T.);
#2329=ORIENTED_EDGE('',*,*,#1748,.T.);
#2330=ORIENTED_EDGE('',*,*,#1598,.F.);
#2331=ORIENTED_EDGE('',*,*,#1749,.F.);
#2332=ORIENTED_EDGE('',*,*,#1750,.F.);
#2333=ORIENTED_EDGE('',*,*,#1751,.T.);
#2334=ORIENTED_EDGE('',*,*,#1750,.T.);
#2335=ORIENTED_EDGE('',*,*,#1752,.F.);
#2336=ORIENTED_EDGE('',*,*,#1753,.F.);
#2337=ORIENTED_EDGE('',*,*,#1754,.T.);
#2338=ORIENTED_EDGE('',*,*,#1753,.T.);
#2339=ORIENTED_EDGE('',*,*,#1755,.F.);
#2340=ORIENTED_EDGE('',*,*,#1596,.F.);
#2341=ORIENTED_EDGE('',*,*,#1756,.F.);
#2342=ORIENTED_EDGE('',*,*,#1757,.T.);
#2343=ORIENTED_EDGE('',*,*,#1758,.T.);
#2344=ORIENTED_EDGE('',*,*,#1526,.F.);
#2345=ORIENTED_EDGE('',*,*,#1745,.F.);
#2346=ORIENTED_EDGE('',*,*,#1759,.T.);
#2347=ORIENTED_EDGE('',*,*,#1756,.T.);
#2348=ORIENTED_EDGE('',*,*,#1595,.T.);
#2349=ORIENTED_EDGE('',*,*,#1739,.F.);
#2350=ORIENTED_EDGE('',*,*,#1760,.T.);
#2351=ORIENTED_EDGE('',*,*,#1736,.T.);
#2352=ORIENTED_EDGE('',*,*,#1522,.F.);
#2353=ORIENTED_EDGE('',*,*,#1555,.F.);
#2354=ORIENTED_EDGE('',*,*,#1761,.T.);
#2355=ORIENTED_EDGE('',*,*,#1716,.T.);
#2356=ORIENTED_EDGE('',*,*,#1468,.F.);
#2357=ORIENTED_EDGE('',*,*,#1762,.F.);
#2358=ORIENTED_EDGE('',*,*,#1763,.T.);
#2359=ORIENTED_EDGE('',*,*,#1762,.T.);
#2360=ORIENTED_EDGE('',*,*,#1467,.F.);
#2361=ORIENTED_EDGE('',*,*,#1764,.F.);
#2362=ORIENTED_EDGE('',*,*,#1765,.T.);
#2363=ORIENTED_EDGE('',*,*,#1764,.T.);
#2364=ORIENTED_EDGE('',*,*,#1466,.F.);
#2365=ORIENTED_EDGE('',*,*,#1615,.F.);
#2366=ORIENTED_EDGE('',*,*,#1766,.T.);
#2367=ORIENTED_EDGE('',*,*,#1610,.T.);
#2368=ORIENTED_EDGE('',*,*,#1514,.F.);
#2369=ORIENTED_EDGE('',*,*,#1568,.F.);
#2370=ORIENTED_EDGE('',*,*,#1767,.T.);
#2371=ORIENTED_EDGE('',*,*,#1768,.T.);
#2372=ORIENTED_EDGE('',*,*,#1599,.T.);
#2373=ORIENTED_EDGE('',*,*,#1748,.F.);
#2374=ORIENTED_EDGE('',*,*,#1769,.T.);
#2375=ORIENTED_EDGE('',*,*,#1746,.T.);
#2376=ORIENTED_EDGE('',*,*,#1528,.F.);
#2377=ORIENTED_EDGE('',*,*,#1770,.F.);
#2378=ORIENTED_EDGE('',*,*,#1771,.T.);
#2379=ORIENTED_EDGE('',*,*,#1770,.T.);
#2380=ORIENTED_EDGE('',*,*,#1527,.F.);
#2381=ORIENTED_EDGE('',*,*,#1758,.F.);
#2382=ORIENTED_EDGE('',*,*,#1772,.T.);
#2383=ORIENTED_EDGE('',*,*,#1546,.T.);
#2384=ORIENTED_EDGE('',*,*,#1773,.F.);
#2385=ORIENTED_EDGE('',*,*,#1774,.F.);
#2386=ORIENTED_EDGE('',*,*,#1775,.T.);
#2387=ORIENTED_EDGE('',*,*,#1774,.T.);
#2388=ORIENTED_EDGE('',*,*,#1776,.F.);
#2389=ORIENTED_EDGE('',*,*,#1777,.F.);
#2390=ORIENTED_EDGE('',*,*,#1778,.T.);
#2391=ORIENTED_EDGE('',*,*,#1777,.T.);
#2392=ORIENTED_EDGE('',*,*,#1779,.F.);
#2393=ORIENTED_EDGE('',*,*,#1780,.F.);
#2394=ORIENTED_EDGE('',*,*,#1781,.T.);
#2395=ORIENTED_EDGE('',*,*,#1780,.T.);
#2396=ORIENTED_EDGE('',*,*,#1782,.F.);
#2397=ORIENTED_EDGE('',*,*,#1592,.F.);
#2398=ORIENTED_EDGE('',*,*,#1710,.F.);
#2399=ORIENTED_EDGE('',*,*,#1783,.T.);
#2400=ORIENTED_EDGE('',*,*,#1566,.T.);
#2401=ORIENTED_EDGE('',*,*,#1784,.F.);
#2402=ORIENTED_EDGE('',*,*,#1785,.F.);
#2403=ORIENTED_EDGE('',*,*,#1786,.T.);
#2404=ORIENTED_EDGE('',*,*,#1785,.T.);
#2405=ORIENTED_EDGE('',*,*,#1787,.F.);
#2406=ORIENTED_EDGE('',*,*,#1788,.F.);
#2407=ORIENTED_EDGE('',*,*,#1789,.T.);
#2408=ORIENTED_EDGE('',*,*,#1788,.T.);
#2409=ORIENTED_EDGE('',*,*,#1790,.F.);
#2410=ORIENTED_EDGE('',*,*,#1600,.F.);
#2411=ORIENTED_EDGE('',*,*,#1768,.F.);
#2412=ORIENTED_EDGE('',*,*,#1791,.T.);
#2413=ORIENTED_EDGE('',*,*,#1792,.T.);
#2414=ORIENTED_EDGE('',*,*,#1793,.F.);
#2415=ORIENTED_EDGE('',*,*,#1794,.F.);
#2416=ORIENTED_EDGE('',*,*,#1557,.F.);
#2417=ORIENTED_EDGE('',*,*,#1507,.F.);
#2418=ORIENTED_EDGE('',*,*,#1625,.F.);
#2419=ORIENTED_EDGE('',*,*,#1795,.T.);
#2420=ORIENTED_EDGE('',*,*,#1794,.T.);
#2421=ORIENTED_EDGE('',*,*,#1796,.T.);
#2422=ORIENTED_EDGE('',*,*,#1623,.T.);
#2423=ORIENTED_EDGE('',*,*,#1602,.F.);
#2424=ORIENTED_EDGE('',*,*,#1797,.F.);
#2425=ORIENTED_EDGE('',*,*,#1798,.F.);
#2426=ORIENTED_EDGE('',*,*,#1799,.T.);
#2427=ORIENTED_EDGE('',*,*,#1798,.T.);
#2428=ORIENTED_EDGE('',*,*,#1800,.F.);
#2429=ORIENTED_EDGE('',*,*,#1792,.F.);
#2430=ORIENTED_EDGE('',*,*,#1801,.T.);
#2431=ORIENTED_EDGE('',*,*,#1802,.T.);
#2432=ORIENTED_EDGE('',*,*,#1471,.F.);
#2433=ORIENTED_EDGE('',*,*,#1713,.F.);
#2434=ORIENTED_EDGE('',*,*,#1803,.T.);
#2435=ORIENTED_EDGE('',*,*,#1540,.T.);
#2436=ORIENTED_EDGE('',*,*,#1804,.F.);
#2437=ORIENTED_EDGE('',*,*,#1805,.F.);
#2438=ORIENTED_EDGE('',*,*,#1530,.F.);
#2439=ORIENTED_EDGE('',*,*,#1503,.F.);
#2440=ORIENTED_EDGE('',*,*,#1806,.F.);
#2441=ORIENTED_EDGE('',*,*,#1807,.T.);
#2442=ORIENTED_EDGE('',*,*,#1805,.T.);
#2443=ORIENTED_EDGE('',*,*,#1808,.F.);
#2444=ORIENTED_EDGE('',*,*,#1809,.T.);
#2445=ORIENTED_EDGE('',*,*,#1806,.T.);
#2446=ORIENTED_EDGE('',*,*,#1502,.F.);
#2447=ORIENTED_EDGE('',*,*,#1535,.F.);
#2448=ORIENTED_EDGE('',*,*,#1810,.T.);
#2449=ORIENTED_EDGE('',*,*,#1730,.T.);
#2450=ORIENTED_EDGE('',*,*,#1587,.T.);
#2451=ORIENTED_EDGE('',*,*,#1482,.F.);
#2452=ORIENTED_EDGE('',*,*,#1811,.T.);
#2453=ORIENTED_EDGE('',*,*,#1667,.T.);
#2454=ORIENTED_EDGE('',*,*,#1490,.F.);
#2455=ORIENTED_EDGE('',*,*,#1635,.F.);
#2456=ORIENTED_EDGE('',*,*,#1812,.T.);
#2457=ORIENTED_EDGE('',*,*,#1633,.T.);
#2458=ORIENTED_EDGE('',*,*,#1472,.F.);
#2459=ORIENTED_EDGE('',*,*,#1802,.F.);
#2460=ORIENTED_EDGE('',*,*,#1813,.T.);
#2461=ORIENTED_EDGE('',*,*,#1814,.T.);
#2462=ORIENTED_EDGE('',*,*,#1815,.F.);
#2463=ORIENTED_EDGE('',*,*,#1816,.F.);
#2464=ORIENTED_EDGE('',*,*,#1570,.F.);
#2465=ORIENTED_EDGE('',*,*,#1487,.F.);
#2466=ORIENTED_EDGE('',*,*,#1688,.F.);
#2467=ORIENTED_EDGE('',*,*,#1817,.T.);
#2468=ORIENTED_EDGE('',*,*,#1816,.T.);
#2469=ORIENTED_EDGE('',*,*,#1818,.T.);
#2470=ORIENTED_EDGE('',*,*,#1686,.T.);
#2471=ORIENTED_EDGE('',*,*,#1583,.F.);
#2472=ORIENTED_EDGE('',*,*,#1819,.F.);
#2473=ORIENTED_EDGE('',*,*,#1820,.F.);
#2474=ORIENTED_EDGE('',*,*,#1821,.T.);
#2475=ORIENTED_EDGE('',*,*,#1820,.T.);
#2476=ORIENTED_EDGE('',*,*,#1822,.F.);
#2477=ORIENTED_EDGE('',*,*,#1814,.F.);
#2478=ORIENTED_EDGE('',*,*,#1419,.F.);
#2479=ORIENTED_EDGE('',*,*,#1823,.F.);
#2480=ORIENTED_EDGE('',*,*,#1824,.T.);
#2481=ORIENTED_EDGE('',*,*,#1460,.T.);
#2482=ORIENTED_EDGE('',*,*,#1422,.F.);
#2483=ORIENTED_EDGE('',*,*,#1825,.F.);
#2484=ORIENTED_EDGE('',*,*,#1826,.T.);
#2485=ORIENTED_EDGE('',*,*,#1823,.T.);
#2486=ORIENTED_EDGE('',*,*,#1425,.F.);
#2487=ORIENTED_EDGE('',*,*,#1827,.F.);
#2488=ORIENTED_EDGE('',*,*,#1828,.T.);
#2489=ORIENTED_EDGE('',*,*,#1825,.T.);
#2490=ORIENTED_EDGE('',*,*,#1428,.F.);
#2491=ORIENTED_EDGE('',*,*,#1829,.F.);
#2492=ORIENTED_EDGE('',*,*,#1830,.T.);
#2493=ORIENTED_EDGE('',*,*,#1827,.T.);
#2494=ORIENTED_EDGE('',*,*,#1431,.F.);
#2495=ORIENTED_EDGE('',*,*,#1831,.F.);
#2496=ORIENTED_EDGE('',*,*,#1832,.T.);
#2497=ORIENTED_EDGE('',*,*,#1829,.T.);
#2498=ORIENTED_EDGE('',*,*,#1434,.F.);
#2499=ORIENTED_EDGE('',*,*,#1451,.F.);
#2500=ORIENTED_EDGE('',*,*,#1833,.T.);
#2501=ORIENTED_EDGE('',*,*,#1831,.T.);
#2502=ORIENTED_EDGE('',*,*,#1586,.F.);
#2503=ORIENTED_EDGE('',*,*,#1670,.T.);
#2504=ORIENTED_EDGE('',*,*,#1728,.T.);
#2505=ORIENTED_EDGE('',*,*,#1484,.T.);
#2506=ORIENTED_EDGE('',*,*,#1589,.F.);
#2507=ORIENTED_EDGE('',*,*,#1729,.T.);
#2508=ORIENTED_EDGE('',*,*,#1726,.T.);
#2509=ORIENTED_EDGE('',*,*,#1723,.T.);
#2510=ORIENTED_EDGE('',*,*,#1720,.T.);
#2511=ORIENTED_EDGE('',*,*,#1531,.T.);
#2512=ORIENTED_EDGE('',*,*,#1808,.T.);
#2513=ORIENTED_EDGE('',*,*,#1804,.T.);
#2514=ORIENTED_EDGE('',*,*,#1539,.T.);
#2515=ORIENTED_EDGE('',*,*,#1538,.T.);
#2516=ORIENTED_EDGE('',*,*,#1652,.T.);
#2517=ORIENTED_EDGE('',*,*,#1661,.T.);
#2518=ORIENTED_EDGE('',*,*,#1658,.T.);
#2519=ORIENTED_EDGE('',*,*,#1593,.F.);
#2520=ORIENTED_EDGE('',*,*,#1782,.T.);
#2521=ORIENTED_EDGE('',*,*,#1779,.T.);
#2522=ORIENTED_EDGE('',*,*,#1776,.T.);
#2523=ORIENTED_EDGE('',*,*,#1773,.T.);
#2524=ORIENTED_EDGE('',*,*,#1544,.T.);
#2525=ORIENTED_EDGE('',*,*,#1707,.T.);
#2526=ORIENTED_EDGE('',*,*,#1718,.T.);
#2527=ORIENTED_EDGE('',*,*,#1552,.T.);
#2528=ORIENTED_EDGE('',*,*,#1551,.T.);
#2529=ORIENTED_EDGE('',*,*,#1734,.T.);
#2530=ORIENTED_EDGE('',*,*,#1743,.T.);
#2531=ORIENTED_EDGE('',*,*,#1740,.T.);
#2532=ORIENTED_EDGE('',*,*,#1597,.F.);
#2533=ORIENTED_EDGE('',*,*,#1755,.T.);
#2534=ORIENTED_EDGE('',*,*,#1752,.T.);
#2535=ORIENTED_EDGE('',*,*,#1749,.T.);
#2536=ORIENTED_EDGE('',*,*,#1601,.F.);
#2537=ORIENTED_EDGE('',*,*,#1790,.T.);
#2538=ORIENTED_EDGE('',*,*,#1787,.T.);
#2539=ORIENTED_EDGE('',*,*,#1784,.T.);
#2540=ORIENTED_EDGE('',*,*,#1564,.T.);
#2541=ORIENTED_EDGE('',*,*,#1613,.T.);
#2542=ORIENTED_EDGE('',*,*,#1627,.T.);
#2543=ORIENTED_EDGE('',*,*,#1559,.T.);
#2544=ORIENTED_EDGE('',*,*,#1558,.T.);
#2545=ORIENTED_EDGE('',*,*,#1793,.T.);
#2546=ORIENTED_EDGE('',*,*,#1800,.T.);
#2547=ORIENTED_EDGE('',*,*,#1797,.T.);
#2548=ORIENTED_EDGE('',*,*,#1605,.F.);
#2549=ORIENTED_EDGE('',*,*,#1703,.T.);
#2550=ORIENTED_EDGE('',*,*,#1700,.T.);
#2551=ORIENTED_EDGE('',*,*,#1697,.T.);
#2552=ORIENTED_EDGE('',*,*,#1694,.T.);
#2553=ORIENTED_EDGE('',*,*,#1577,.T.);
#2554=ORIENTED_EDGE('',*,*,#1582,.T.);
#2555=ORIENTED_EDGE('',*,*,#1690,.T.);
#2556=ORIENTED_EDGE('',*,*,#1572,.T.);
#2557=ORIENTED_EDGE('',*,*,#1571,.T.);
#2558=ORIENTED_EDGE('',*,*,#1815,.T.);
#2559=ORIENTED_EDGE('',*,*,#1822,.T.);
#2560=ORIENTED_EDGE('',*,*,#1819,.T.);
#2561=ORIENTED_EDGE('',*,*,#1649,.T.);
#2562=ORIENTED_EDGE('',*,*,#1646,.T.);
#2563=ORIENTED_EDGE('',*,*,#1643,.T.);
#2564=ORIENTED_EDGE('',*,*,#1640,.T.);
#2565=ORIENTED_EDGE('',*,*,#1450,.F.);
#2566=ORIENTED_EDGE('',*,*,#1453,.F.);
#2567=ORIENTED_EDGE('',*,*,#1455,.F.);
#2568=ORIENTED_EDGE('',*,*,#1457,.F.);
#2569=ORIENTED_EDGE('',*,*,#1459,.F.);
#2570=ORIENTED_EDGE('',*,*,#1461,.F.);
#2571=ORIENTED_EDGE('',*,*,#1824,.F.);
#2572=ORIENTED_EDGE('',*,*,#1826,.F.);
#2573=ORIENTED_EDGE('',*,*,#1828,.F.);
#2574=ORIENTED_EDGE('',*,*,#1830,.F.);
#2575=ORIENTED_EDGE('',*,*,#1832,.F.);
#2576=ORIENTED_EDGE('',*,*,#1833,.F.);
#2577=ORIENTED_EDGE('',*,*,#1626,.F.);
#2578=ORIENTED_EDGE('',*,*,#1611,.F.);
#2579=ORIENTED_EDGE('',*,*,#1766,.F.);
#2580=ORIENTED_EDGE('',*,*,#1614,.F.);
#2581=ORIENTED_EDGE('',*,*,#1617,.F.);
#2582=ORIENTED_EDGE('',*,*,#1561,.F.);
#2583=ORIENTED_EDGE('',*,*,#1637,.F.);
#2584=ORIENTED_EDGE('',*,*,#1628,.F.);
#2585=ORIENTED_EDGE('',*,*,#1684,.F.);
#2586=ORIENTED_EDGE('',*,*,#1631,.F.);
#2587=ORIENTED_EDGE('',*,*,#1812,.F.);
#2588=ORIENTED_EDGE('',*,*,#1634,.F.);
#2589=ORIENTED_EDGE('',*,*,#1648,.F.);
#2590=ORIENTED_EDGE('',*,*,#1638,.F.);
#2591=ORIENTED_EDGE('',*,*,#1642,.F.);
#2592=ORIENTED_EDGE('',*,*,#1645,.F.);
#2593=ORIENTED_EDGE('',*,*,#1660,.F.);
#2594=ORIENTED_EDGE('',*,*,#1650,.F.);
#2595=ORIENTED_EDGE('',*,*,#1655,.F.);
#2596=ORIENTED_EDGE('',*,*,#1711,.F.);
#2597=ORIENTED_EDGE('',*,*,#1656,.F.);
#2598=ORIENTED_EDGE('',*,*,#1725,.F.);
#2599=ORIENTED_EDGE('',*,*,#1668,.F.);
#2600=ORIENTED_EDGE('',*,*,#1685,.F.);
#2601=ORIENTED_EDGE('',*,*,#1672,.F.);
#2602=ORIENTED_EDGE('',*,*,#1675,.F.);
#2603=ORIENTED_EDGE('',*,*,#1678,.F.);
#2604=ORIENTED_EDGE('',*,*,#1680,.F.);
#2605=ORIENTED_EDGE('',*,*,#1662,.F.);
#2606=ORIENTED_EDGE('',*,*,#1676,.F.);
#2607=ORIENTED_EDGE('',*,*,#1665,.F.);
#2608=ORIENTED_EDGE('',*,*,#1811,.F.);
#2609=ORIENTED_EDGE('',*,*,#1481,.F.);
#2610=ORIENTED_EDGE('',*,*,#1474,.T.);
#2611=ORIENTED_EDGE('',*,*,#1731,.F.);
#2612=ORIENTED_EDGE('',*,*,#1810,.F.);
#2613=ORIENTED_EDGE('',*,*,#1534,.F.);
#2614=ORIENTED_EDGE('',*,*,#1719,.F.);
#2615=ORIENTED_EDGE('',*,*,#1722,.F.);
#2616=ORIENTED_EDGE('',*,*,#1619,.F.);
#2617=ORIENTED_EDGE('',*,*,#1681,.F.);
#2618=ORIENTED_EDGE('',*,*,#1683,.F.);
#2619=ORIENTED_EDGE('',*,*,#1574,.F.);
#2620=ORIENTED_EDGE('',*,*,#1689,.F.);
#2621=ORIENTED_EDGE('',*,*,#1580,.F.);
#2622=ORIENTED_EDGE('',*,*,#1702,.F.);
#2623=ORIENTED_EDGE('',*,*,#1621,.F.);
#2624=ORIENTED_EDGE('',*,*,#1692,.F.);
#2625=ORIENTED_EDGE('',*,*,#1693,.F.);
#2626=ORIENTED_EDGE('',*,*,#1696,.F.);
#2627=ORIENTED_EDGE('',*,*,#1699,.F.);
#2628=ORIENTED_EDGE('',*,*,#1717,.F.);
#2629=ORIENTED_EDGE('',*,*,#1705,.F.);
#2630=ORIENTED_EDGE('',*,*,#1708,.F.);
#2631=ORIENTED_EDGE('',*,*,#1715,.F.);
#2632=ORIENTED_EDGE('',*,*,#1761,.F.);
#2633=ORIENTED_EDGE('',*,*,#1554,.F.);
#2634=ORIENTED_EDGE('',*,*,#1742,.F.);
#2635=ORIENTED_EDGE('',*,*,#1732,.F.);
#2636=ORIENTED_EDGE('',*,*,#1737,.F.);
#2637=ORIENTED_EDGE('',*,*,#1760,.F.);
#2638=ORIENTED_EDGE('',*,*,#1738,.F.);
#2639=ORIENTED_EDGE('',*,*,#1754,.F.);
#2640=ORIENTED_EDGE('',*,*,#1759,.F.);
#2641=ORIENTED_EDGE('',*,*,#1744,.F.);
#2642=ORIENTED_EDGE('',*,*,#1769,.F.);
#2643=ORIENTED_EDGE('',*,*,#1747,.F.);
#2644=ORIENTED_EDGE('',*,*,#1751,.F.);
#2645=ORIENTED_EDGE('',*,*,#1771,.F.);
#2646=ORIENTED_EDGE('',*,*,#1757,.F.);
#2647=ORIENTED_EDGE('',*,*,#1763,.F.);
#2648=ORIENTED_EDGE('',*,*,#1765,.F.);
#2649=ORIENTED_EDGE('',*,*,#1781,.F.);
#2650=ORIENTED_EDGE('',*,*,#1709,.F.);
#2651=ORIENTED_EDGE('',*,*,#1547,.F.);
#2652=ORIENTED_EDGE('',*,*,#1772,.F.);
#2653=ORIENTED_EDGE('',*,*,#1775,.F.);
#2654=ORIENTED_EDGE('',*,*,#1778,.F.);
#2655=ORIENTED_EDGE('',*,*,#1789,.F.);
#2656=ORIENTED_EDGE('',*,*,#1767,.F.);
#2657=ORIENTED_EDGE('',*,*,#1567,.F.);
#2658=ORIENTED_EDGE('',*,*,#1783,.F.);
#2659=ORIENTED_EDGE('',*,*,#1786,.F.);
#2660=ORIENTED_EDGE('',*,*,#1799,.F.);
#2661=ORIENTED_EDGE('',*,*,#1791,.F.);
#2662=ORIENTED_EDGE('',*,*,#1795,.F.);
#2663=ORIENTED_EDGE('',*,*,#1624,.F.);
#2664=ORIENTED_EDGE('',*,*,#1796,.F.);
#2665=ORIENTED_EDGE('',*,*,#1809,.F.);
#2666=ORIENTED_EDGE('',*,*,#1801,.F.);
#2667=ORIENTED_EDGE('',*,*,#1712,.F.);
#2668=ORIENTED_EDGE('',*,*,#1541,.F.);
#2669=ORIENTED_EDGE('',*,*,#1803,.F.);
#2670=ORIENTED_EDGE('',*,*,#1807,.F.);
#2671=ORIENTED_EDGE('',*,*,#1821,.F.);
#2672=ORIENTED_EDGE('',*,*,#1813,.F.);
#2673=ORIENTED_EDGE('',*,*,#1817,.F.);
#2674=ORIENTED_EDGE('',*,*,#1687,.F.);
#2675=ORIENTED_EDGE('',*,*,#1818,.F.);
#2676=PLANE('',#2937);
#2677=PLANE('',#2938);
#2678=PLANE('',#2939);
#2679=PLANE('',#2940);
#2680=PLANE('',#2941);
#2681=PLANE('',#2942);
#2682=PLANE('',#2943);
#2683=PLANE('',#2944);
#2684=PLANE('',#2945);
#2685=PLANE('',#2946);
#2686=PLANE('',#2947);
#2687=PLANE('',#2948);
#2688=PLANE('',#2949);
#2689=PLANE('',#2950);
#2690=PLANE('',#2951);
#2691=PLANE('',#2952);
#2692=PLANE('',#2953);
#2693=PLANE('',#2954);
#2694=PLANE('',#2955);
#2695=PLANE('',#2956);
#2696=PLANE('',#2957);
#2697=PLANE('',#2959);
#2698=PLANE('',#2960);
#2699=PLANE('',#2961);
#2700=PLANE('',#2964);
#2701=PLANE('',#2965);
#2702=PLANE('',#2966);
#2703=PLANE('',#2967);
#2704=PLANE('',#2968);
#2705=PLANE('',#2969);
#2706=PLANE('',#2970);
#2707=PLANE('',#2971);
#2708=PLANE('',#2972);
#2709=PLANE('',#2973);
#2710=PLANE('',#2974);
#2711=PLANE('',#2975);
#2712=PLANE('',#2976);
#2713=PLANE('',#2977);
#2714=PLANE('',#2978);
#2715=PLANE('',#2979);
#2716=PLANE('',#2980);
#2717=PLANE('',#2981);
#2718=PLANE('',#2982);
#2719=PLANE('',#2983);
#2720=PLANE('',#2984);
#2721=PLANE('',#2985);
#2722=PLANE('',#2986);
#2723=PLANE('',#2987);
#2724=PLANE('',#2988);
#2725=PLANE('',#2989);
#2726=PLANE('',#2990);
#2727=PLANE('',#2991);
#2728=PLANE('',#2992);
#2729=PLANE('',#2993);
#2730=PLANE('',#2994);
#2731=PLANE('',#2996);
#2732=PLANE('',#2997);
#2733=PLANE('',#2998);
#2734=PLANE('',#3002);
#2735=PLANE('',#3003);
#2736=PLANE('',#3004);
#2737=PLANE('',#3019);
#2738=PLANE('',#3020);
#2739=PLANE('',#3021);
#2740=PLANE('',#3025);
#2741=PLANE('',#3026);
#2742=PLANE('',#3027);
#2743=PLANE('',#3028);
#2744=PLANE('',#3032);
#2745=PLANE('',#3033);
#2746=PLANE('',#3034);
#2747=PLANE('',#3035);
#2748=PLANE('',#3036);
#2749=PLANE('',#3037);
#2750=PLANE('',#3038);
#2751=PLANE('',#3045);
#2752=PLANE('',#3046);
#2753=PLANE('',#3047);
#2754=PLANE('',#3048);
#2755=PLANE('',#3052);
#2756=PLANE('',#3060);
#2757=PLANE('',#3061);
#2758=PLANE('',#3062);
#2759=PLANE('',#3063);
#2760=PLANE('',#3067);
#2761=PLANE('',#3068);
#2762=PLANE('',#3072);
#2763=PLANE('',#3073);
#2764=PLANE('',#3074);
#2765=PLANE('',#3075);
#2766=PLANE('',#3076);
#2767=PLANE('',#3077);
#2768=PLANE('',#3084);
#2769=PLANE('',#3085);
#2770=PLANE('',#3089);
#2771=PLANE('',#3090);
#2772=PLANE('',#3091);
#2773=PLANE('',#3092);
#2774=PLANE('',#3096);
#2775=PLANE('',#3097);
#2776=PLANE('',#3098);
#2777=PLANE('',#3099);
#2778=PLANE('',#3100);
#2779=PLANE('',#3101);
#2780=PLANE('',#3102);
#2781=PLANE('',#3106);
#2782=PLANE('',#3107);
#2783=PLANE('',#3108);
#2784=PLANE('',#3109);
#2785=PLANE('',#3110);
#2786=PLANE('',#3111);
#2787=PLANE('',#3112);
#2788=PLANE('',#3113);
#2789=ADVANCED_FACE('',(#101),#2676,.T.);
#2790=ADVANCED_FACE('',(#102),#2677,.T.);
#2791=ADVANCED_FACE('',(#103),#2678,.T.);
#2792=ADVANCED_FACE('',(#104),#2679,.T.);
#2793=ADVANCED_FACE('',(#105),#2680,.T.);
#2794=ADVANCED_FACE('',(#106),#2681,.T.);
#2795=ADVANCED_FACE('',(#107),#2682,.T.);
#2796=ADVANCED_FACE('',(#108),#2683,.T.);
#2797=ADVANCED_FACE('',(#109),#2684,.T.);
#2798=ADVANCED_FACE('',(#110),#2685,.T.);
#2799=ADVANCED_FACE('',(#111),#2686,.T.);
#2800=ADVANCED_FACE('',(#112),#2687,.T.);
#2801=ADVANCED_FACE('',(#113),#2688,.T.);
#2802=ADVANCED_FACE('',(#114),#2689,.T.);
#2803=ADVANCED_FACE('',(#115),#2690,.T.);
#2804=ADVANCED_FACE('',(#116),#2691,.T.);
#2805=ADVANCED_FACE('',(#117),#2692,.T.);
#2806=ADVANCED_FACE('',(#118),#2693,.T.);
#2807=ADVANCED_FACE('',(#119,#83),#2694,.T.);
#2808=ADVANCED_FACE('',(#120),#2695,.F.);
#2809=ADVANCED_FACE('',(#121),#2696,.F.);
#2810=ADVANCED_FACE('',(#122),#2697,.T.);
#2811=ADVANCED_FACE('',(#123),#2698,.T.);
#2812=ADVANCED_FACE('',(#124),#2699,.T.);
#2813=ADVANCED_FACE('',(#125),#2700,.T.);
#2814=ADVANCED_FACE('',(#126),#2701,.T.);
#2815=ADVANCED_FACE('',(#127),#2702,.T.);
#2816=ADVANCED_FACE('',(#128),#2703,.T.);
#2817=ADVANCED_FACE('',(#129),#2704,.T.);
#2818=ADVANCED_FACE('',(#130),#2705,.T.);
#2819=ADVANCED_FACE('',(#131),#2706,.T.);
#2820=ADVANCED_FACE('',(#132),#2707,.T.);
#2821=ADVANCED_FACE('',(#133),#2708,.T.);
#2822=ADVANCED_FACE('',(#134),#2709,.T.);
#2823=ADVANCED_FACE('',(#135),#2710,.T.);
#2824=ADVANCED_FACE('',(#136),#2711,.T.);
#2825=ADVANCED_FACE('',(#137),#2712,.T.);
#2826=ADVANCED_FACE('',(#138),#2713,.T.);
#2827=ADVANCED_FACE('',(#139),#2714,.T.);
#2828=ADVANCED_FACE('',(#140),#2715,.T.);
#2829=ADVANCED_FACE('',(#141),#2716,.T.);
#2830=ADVANCED_FACE('',(#142),#2717,.T.);
#2831=ADVANCED_FACE('',(#143),#2718,.T.);
#2832=ADVANCED_FACE('',(#144),#2719,.T.);
#2833=ADVANCED_FACE('',(#145),#2720,.T.);
#2834=ADVANCED_FACE('',(#146),#2721,.T.);
#2835=ADVANCED_FACE('',(#147),#2722,.T.);
#2836=ADVANCED_FACE('',(#148),#2723,.T.);
#2837=ADVANCED_FACE('',(#149),#2724,.T.);
#2838=ADVANCED_FACE('',(#150),#2725,.T.);
#2839=ADVANCED_FACE('',(#151),#2726,.T.);
#2840=ADVANCED_FACE('',(#152),#2727,.T.);
#2841=ADVANCED_FACE('',(#153),#2728,.T.);
#2842=ADVANCED_FACE('',(#154),#2729,.T.);
#2843=ADVANCED_FACE('',(#155),#2730,.T.);
#2844=ADVANCED_FACE('',(#156),#2731,.T.);
#2845=ADVANCED_FACE('',(#157),#2732,.T.);
#2846=ADVANCED_FACE('',(#158),#2733,.T.);
#2847=ADVANCED_FACE('',(#159),#19,.F.);
#2848=ADVANCED_FACE('',(#160),#2734,.T.);
#2849=ADVANCED_FACE('',(#161),#2735,.T.);
#2850=ADVANCED_FACE('',(#162),#2736,.T.);
#2851=ADVANCED_FACE('',(#163),#20,.F.);
#2852=ADVANCED_FACE('',(#164),#21,.F.);
#2853=ADVANCED_FACE('',(#165),#22,.F.);
#2854=ADVANCED_FACE('',(#166),#23,.T.);
#2855=ADVANCED_FACE('',(#167),#24,.F.);
#2856=ADVANCED_FACE('',(#168),#2737,.T.);
#2857=ADVANCED_FACE('',(#169),#2738,.T.);
#2858=ADVANCED_FACE('',(#170),#2739,.T.);
#2859=ADVANCED_FACE('',(#171),#25,.T.);
#2860=ADVANCED_FACE('',(#172),#2740,.T.);
#2861=ADVANCED_FACE('',(#173),#2741,.T.);
#2862=ADVANCED_FACE('',(#174),#2742,.T.);
#2863=ADVANCED_FACE('',(#175),#2743,.T.);
#2864=ADVANCED_FACE('',(#176),#26,.T.);
#2865=ADVANCED_FACE('',(#177),#2744,.T.);
#2866=ADVANCED_FACE('',(#178),#2745,.T.);
#2867=ADVANCED_FACE('',(#179),#2746,.T.);
#2868=ADVANCED_FACE('',(#180),#2747,.T.);
#2869=ADVANCED_FACE('',(#181),#2748,.T.);
#2870=ADVANCED_FACE('',(#182),#2749,.T.);
#2871=ADVANCED_FACE('',(#183),#2750,.T.);
#2872=ADVANCED_FACE('',(#184),#27,.T.);
#2873=ADVANCED_FACE('',(#185),#28,.T.);
#2874=ADVANCED_FACE('',(#186),#2751,.T.);
#2875=ADVANCED_FACE('',(#187),#2752,.T.);
#2876=ADVANCED_FACE('',(#188),#2753,.T.);
#2877=ADVANCED_FACE('',(#189),#2754,.T.);
#2878=ADVANCED_FACE('',(#190),#29,.F.);
#2879=ADVANCED_FACE('',(#191),#2755,.T.);
#2880=ADVANCED_FACE('',(#192),#30,.T.);
#2881=ADVANCED_FACE('',(#193),#31,.T.);
#2882=ADVANCED_FACE('',(#194),#2756,.T.);
#2883=ADVANCED_FACE('',(#195),#2757,.T.);
#2884=ADVANCED_FACE('',(#196),#2758,.T.);
#2885=ADVANCED_FACE('',(#197),#2759,.T.);
#2886=ADVANCED_FACE('',(#198),#32,.T.);
#2887=ADVANCED_FACE('',(#199),#2760,.T.);
#2888=ADVANCED_FACE('',(#200),#2761,.T.);
#2889=ADVANCED_FACE('',(#201),#33,.T.);
#2890=ADVANCED_FACE('',(#202),#2762,.T.);
#2891=ADVANCED_FACE('',(#203),#2763,.T.);
#2892=ADVANCED_FACE('',(#204),#2764,.T.);
#2893=ADVANCED_FACE('',(#205),#2765,.T.);
#2894=ADVANCED_FACE('',(#206),#2766,.T.);
#2895=ADVANCED_FACE('',(#207),#2767,.T.);
#2896=ADVANCED_FACE('',(#208),#34,.T.);
#2897=ADVANCED_FACE('',(#209),#35,.T.);
#2898=ADVANCED_FACE('',(#210),#2768,.T.);
#2899=ADVANCED_FACE('',(#211),#2769,.T.);
#2900=ADVANCED_FACE('',(#212),#36,.T.);
#2901=ADVANCED_FACE('',(#213),#2770,.T.);
#2902=ADVANCED_FACE('',(#214),#2771,.T.);
#2903=ADVANCED_FACE('',(#215),#2772,.T.);
#2904=ADVANCED_FACE('',(#216),#2773,.T.);
#2905=ADVANCED_FACE('',(#217),#37,.T.);
#2906=ADVANCED_FACE('',(#218),#2774,.T.);
#2907=ADVANCED_FACE('',(#219),#2775,.T.);
#2908=ADVANCED_FACE('',(#220),#2776,.T.);
#2909=ADVANCED_FACE('',(#221),#2777,.T.);
#2910=ADVANCED_FACE('',(#222),#2778,.T.);
#2911=ADVANCED_FACE('',(#223),#2779,.T.);
#2912=ADVANCED_FACE('',(#224),#2780,.T.);
#2913=ADVANCED_FACE('',(#225),#38,.T.);
#2914=ADVANCED_FACE('',(#226),#2781,.T.);
#2915=ADVANCED_FACE('',(#227),#2782,.T.);
#2916=ADVANCED_FACE('',(#228),#2783,.T.);
#2917=ADVANCED_FACE('',(#229),#2784,.T.);
#2918=ADVANCED_FACE('',(#230),#2785,.T.);
#2919=ADVANCED_FACE('',(#231),#2786,.T.);
#2920=ADVANCED_FACE('',(#232,#84),#2787,.T.);
#2921=ADVANCED_FACE('',(#233,#85,#86,#87,#88,#89,#90,#91,#92,#93,#94,#95,
#96,#97,#98,#99,#100),#2788,.F.);
#2922=CLOSED_SHELL('',(#2789,#2790,#2791,#2792,#2793,#2794,#2795,#2796,
#2797,#2798,#2799,#2800,#2801,#2802,#2803,#2804,#2805,#2806,#2807,#2808,
#2809,#2810,#2811,#2812,#2813,#2814,#2815,#2816,#2817,#2818,#2819,#2820,
#2821,#2822,#2823,#2824,#2825,#2826,#2827,#2828,#2829,#2830,#2831,#2832,
#2833,#2834,#2835,#2836,#2837,#2838,#2839,#2840,#2841,#2842,#2843,#2844,
#2845,#2846,#2847,#2848,#2849,#2850,#2851,#2852,#2853,#2854,#2855,#2856,
#2857,#2858,#2859,#2860,#2861,#2862,#2863,#2864,#2865,#2866,#2867,#2868,
#2869,#2870,#2871,#2872,#2873,#2874,#2875,#2876,#2877,#2878,#2879,#2880,
#2881,#2882,#2883,#2884,#2885,#2886,#2887,#2888,#2889,#2890,#2891,#2892,
#2893,#2894,#2895,#2896,#2897,#2898,#2899,#2900,#2901,#2902,#2903,#2904,
#2905,#2906,#2907,#2908,#2909,#2910,#2911,#2912,#2913,#2914,#2915,#2916,
#2917,#2918,#2919,#2920,#2921));
#2923=DERIVED_UNIT_ELEMENT(#2925,1.);
#2924=DERIVED_UNIT_ELEMENT(#4690,-3.);
#2925=(
MASS_UNIT()
NAMED_UNIT(*)
SI_UNIT(.KILO.,.GRAM.)
);
#2926=DERIVED_UNIT((#2923,#2924));
#2927=MEASURE_REPRESENTATION_ITEM('density measure',
POSITIVE_RATIO_MEASURE(7850.),#2926);
#2928=PROPERTY_DEFINITION_REPRESENTATION(#2933,#2930);
#2929=PROPERTY_DEFINITION_REPRESENTATION(#2934,#2931);
#2930=REPRESENTATION('material name',(#2932),#4687);
#2931=REPRESENTATION('density',(#2927),#4687);
#2932=DESCRIPTIVE_REPRESENTATION_ITEM('Steel','Steel');
#2933=PROPERTY_DEFINITION('material property','material name',#4702);
#2934=PROPERTY_DEFINITION('material property','density of part',#4702);
#2935=AXIS2_PLACEMENT_3D('',#3852,#3115,#3116);
#2936=AXIS2_PLACEMENT_3D('',#3853,#3117,#3118);
#2937=AXIS2_PLACEMENT_3D('',#3854,#3119,#3120);
#2938=AXIS2_PLACEMENT_3D('',#3863,#3125,#3126);
#2939=AXIS2_PLACEMENT_3D('',#3869,#3130,#3131);
#2940=AXIS2_PLACEMENT_3D('',#3875,#3135,#3136);
#2941=AXIS2_PLACEMENT_3D('',#3881,#3140,#3141);
#2942=AXIS2_PLACEMENT_3D('',#3887,#3145,#3146);
#2943=AXIS2_PLACEMENT_3D('',#3893,#3150,#3151);
#2944=AXIS2_PLACEMENT_3D('',#3899,#3155,#3156);
#2945=AXIS2_PLACEMENT_3D('',#3905,#3160,#3161);
#2946=AXIS2_PLACEMENT_3D('',#3911,#3165,#3166);
#2947=AXIS2_PLACEMENT_3D('',#3917,#3170,#3171);
#2948=AXIS2_PLACEMENT_3D('',#3923,#3175,#3176);
#2949=AXIS2_PLACEMENT_3D('',#3926,#3179,#3180);
#2950=AXIS2_PLACEMENT_3D('',#3932,#3184,#3185);
#2951=AXIS2_PLACEMENT_3D('',#3936,#3188,#3189);
#2952=AXIS2_PLACEMENT_3D('',#3940,#3192,#3193);
#2953=AXIS2_PLACEMENT_3D('',#3944,#3196,#3197);
#2954=AXIS2_PLACEMENT_3D('',#3948,#3200,#3201);
#2955=AXIS2_PLACEMENT_3D('',#3952,#3204,#3205);
#2956=AXIS2_PLACEMENT_3D('',#3977,#3218,#3219);
#2957=AXIS2_PLACEMENT_3D('',#3986,#3224,#3225);
#2958=AXIS2_PLACEMENT_3D('',#3990,#3227,#3228);
#2959=AXIS2_PLACEMENT_3D('',#3992,#3230,#3231);
#2960=AXIS2_PLACEMENT_3D('',#4002,#3237,#3238);
#2961=AXIS2_PLACEMENT_3D('',#4011,#3243,#3244);
#2962=AXIS2_PLACEMENT_3D('',#4018,#3247,#3248);
#2963=AXIS2_PLACEMENT_3D('',#4026,#3252,#3253);
#2964=AXIS2_PLACEMENT_3D('',#4028,#3255,#3256);
#2965=AXIS2_PLACEMENT_3D('',#4037,#3261,#3262);
#2966=AXIS2_PLACEMENT_3D('',#4046,#3267,#3268);
#2967=AXIS2_PLACEMENT_3D('',#4055,#3273,#3274);
#2968=AXIS2_PLACEMENT_3D('',#4064,#3279,#3280);
#2969=AXIS2_PLACEMENT_3D('',#4073,#3285,#3286);
#2970=AXIS2_PLACEMENT_3D('',#4082,#3291,#3292);
#2971=AXIS2_PLACEMENT_3D('',#4091,#3297,#3298);
#2972=AXIS2_PLACEMENT_3D('',#4100,#3303,#3304);
#2973=AXIS2_PLACEMENT_3D('',#4106,#3308,#3309);
#2974=AXIS2_PLACEMENT_3D('',#4112,#3313,#3314);
#2975=AXIS2_PLACEMENT_3D('',#4118,#3318,#3319);
#2976=AXIS2_PLACEMENT_3D('',#4126,#3324,#3325);
#2977=AXIS2_PLACEMENT_3D('',#4132,#3329,#3330);
#2978=AXIS2_PLACEMENT_3D('',#4138,#3334,#3335);
#2979=AXIS2_PLACEMENT_3D('',#4144,#3339,#3340);
#2980=AXIS2_PLACEMENT_3D('',#4152,#3345,#3346);
#2981=AXIS2_PLACEMENT_3D('',#4158,#3350,#3351);
#2982=AXIS2_PLACEMENT_3D('',#4166,#3356,#3357);
#2983=AXIS2_PLACEMENT_3D('',#4172,#3361,#3362);
#2984=AXIS2_PLACEMENT_3D('',#4178,#3366,#3367);
#2985=AXIS2_PLACEMENT_3D('',#4184,#3371,#3372);
#2986=AXIS2_PLACEMENT_3D('',#4192,#3377,#3378);
#2987=AXIS2_PLACEMENT_3D('',#4198,#3382,#3383);
#2988=AXIS2_PLACEMENT_3D('',#4206,#3388,#3389);
#2989=AXIS2_PLACEMENT_3D('',#4215,#3394,#3395);
#2990=AXIS2_PLACEMENT_3D('',#4221,#3399,#3400);
#2991=AXIS2_PLACEMENT_3D('',#4230,#3405,#3406);
#2992=AXIS2_PLACEMENT_3D('',#4239,#3411,#3412);
#2993=AXIS2_PLACEMENT_3D('',#4248,#3417,#3418);
#2994=AXIS2_PLACEMENT_3D('',#4257,#3423,#3424);
#2995=AXIS2_PLACEMENT_3D('',#4260,#3425,#3426);
#2996=AXIS2_PLACEMENT_3D('',#4266,#3430,#3431);
#2997=AXIS2_PLACEMENT_3D('',#4274,#3436,#3437);
#2998=AXIS2_PLACEMENT_3D('',#4280,#3441,#3442);
#2999=AXIS2_PLACEMENT_3D('',#4295,#3452,#3453);
#3000=AXIS2_PLACEMENT_3D('',#4296,#3454,#3455);
#3001=AXIS2_PLACEMENT_3D('',#4297,#3456,#3457);
#3002=AXIS2_PLACEMENT_3D('',#4298,#3458,#3459);
#3003=AXIS2_PLACEMENT_3D('',#4304,#3463,#3464);
#3004=AXIS2_PLACEMENT_3D('',#4310,#3468,#3469);
#3005=AXIS2_PLACEMENT_3D('',#4316,#3473,#3474);
#3006=AXIS2_PLACEMENT_3D('',#4317,#3475,#3476);
#3007=AXIS2_PLACEMENT_3D('',#4318,#3477,#3478);
#3008=AXIS2_PLACEMENT_3D('',#4321,#3479,#3480);
#3009=AXIS2_PLACEMENT_3D('',#4325,#3482,#3483);
#3010=AXIS2_PLACEMENT_3D('',#4327,#3485,#3486);
#3011=AXIS2_PLACEMENT_3D('',#4329,#3487,#3488);
#3012=AXIS2_PLACEMENT_3D('',#4331,#3489,#3490);
#3013=AXIS2_PLACEMENT_3D('',#4333,#3492,#3493);
#3014=AXIS2_PLACEMENT_3D('',#4335,#3494,#3495);
#3015=AXIS2_PLACEMENT_3D('',#4337,#3496,#3497);
#3016=AXIS2_PLACEMENT_3D('',#4339,#3499,#3500);
#3017=AXIS2_PLACEMENT_3D('',#4340,#3501,#3502);
#3018=AXIS2_PLACEMENT_3D('',#4341,#3503,#3504);
#3019=AXIS2_PLACEMENT_3D('',#4342,#3505,#3506);
#3020=AXIS2_PLACEMENT_3D('',#4350,#3511,#3512);
#3021=AXIS2_PLACEMENT_3D('',#4354,#3515,#3516);
#3022=AXIS2_PLACEMENT_3D('',#4362,#3521,#3522);
#3023=AXIS2_PLACEMENT_3D('',#4363,#3523,#3524);
#3024=AXIS2_PLACEMENT_3D('',#4364,#3525,#3526);
#3025=AXIS2_PLACEMENT_3D('',#4365,#3527,#3528);
#3026=AXIS2_PLACEMENT_3D('',#4371,#3532,#3533);
#3027=AXIS2_PLACEMENT_3D('',#4377,#3537,#3538);
#3028=AXIS2_PLACEMENT_3D('',#4385,#3543,#3544);
#3029=AXIS2_PLACEMENT_3D('',#4391,#3548,#3549);
#3030=AXIS2_PLACEMENT_3D('',#4393,#3550,#3551);
#3031=AXIS2_PLACEMENT_3D('',#4394,#3552,#3553);
#3032=AXIS2_PLACEMENT_3D('',#4396,#3555,#3556);
#3033=AXIS2_PLACEMENT_3D('',#4400,#3559,#3560);
#3034=AXIS2_PLACEMENT_3D('',#4402,#3562,#3563);
#3035=AXIS2_PLACEMENT_3D('',#4406,#3566,#3567);
#3036=AXIS2_PLACEMENT_3D('',#4415,#3574,#3575);
#3037=AXIS2_PLACEMENT_3D('',#4418,#3578,#3579);
#3038=AXIS2_PLACEMENT_3D('',#4422,#3582,#3583);
#3039=AXIS2_PLACEMENT_3D('',#4428,#3587,#3588);
#3040=AXIS2_PLACEMENT_3D('',#4430,#3589,#3590);
#3041=AXIS2_PLACEMENT_3D('',#4432,#3591,#3592);
#3042=AXIS2_PLACEMENT_3D('',#4434,#3594,#3595);
#3043=AXIS2_PLACEMENT_3D('',#4436,#3596,#3597);
#3044=AXIS2_PLACEMENT_3D('',#4438,#3598,#3599);
#3045=AXIS2_PLACEMENT_3D('',#4440,#3601,#3602);
#3046=AXIS2_PLACEMENT_3D('',#4443,#3605,#3606);
#3047=AXIS2_PLACEMENT_3D('',#4451,#3611,#3612);
#3048=AXIS2_PLACEMENT_3D('',#4462,#3620,#3621);
#3049=AXIS2_PLACEMENT_3D('',#4466,#3624,#3625);
#3050=AXIS2_PLACEMENT_3D('',#4467,#3626,#3627);
#3051=AXIS2_PLACEMENT_3D('',#4468,#3628,#3629);
#3052=AXIS2_PLACEMENT_3D('',#4469,#3630,#3631);
#3053=AXIS2_PLACEMENT_3D('',#4475,#3635,#3636);
#3054=AXIS2_PLACEMENT_3D('',#4477,#3637,#3638);
#3055=AXIS2_PLACEMENT_3D('',#4479,#3639,#3640);
#3056=AXIS2_PLACEMENT_3D('',#4481,#3642,#3643);
#3057=AXIS2_PLACEMENT_3D('',#4482,#3644,#3645);
#3058=AXIS2_PLACEMENT_3D('',#4484,#3646,#3647);
#3059=AXIS2_PLACEMENT_3D('',#4486,#3649,#3650);
#3060=AXIS2_PLACEMENT_3D('',#4487,#3651,#3652);
#3061=AXIS2_PLACEMENT_3D('',#4492,#3656,#3657);
#3062=AXIS2_PLACEMENT_3D('',#4500,#3662,#3663);
#3063=AXIS2_PLACEMENT_3D('',#4504,#3666,#3667);
#3064=AXIS2_PLACEMENT_3D('',#4512,#3672,#3673);
#3065=AXIS2_PLACEMENT_3D('',#4513,#3674,#3675);
#3066=AXIS2_PLACEMENT_3D('',#4514,#3676,#3677);
#3067=AXIS2_PLACEMENT_3D('',#4515,#3678,#3679);
#3068=AXIS2_PLACEMENT_3D('',#4521,#3683,#3684);
#3069=AXIS2_PLACEMENT_3D('',#4529,#3689,#3690);
#3070=AXIS2_PLACEMENT_3D('',#4531,#3691,#3692);
#3071=AXIS2_PLACEMENT_3D('',#4533,#3693,#3694);
#3072=AXIS2_PLACEMENT_3D('',#4535,#3696,#3697);
#3073=AXIS2_PLACEMENT_3D('',#4540,#3701,#3702);
#3074=AXIS2_PLACEMENT_3D('',#4549,#3709,#3710);
#3075=AXIS2_PLACEMENT_3D('',#4553,#3713,#3714);
#3076=AXIS2_PLACEMENT_3D('',#4562,#3721,#3722);
#3077=AXIS2_PLACEMENT_3D('',#4564,#3724,#3725);
#3078=AXIS2_PLACEMENT_3D('',#4570,#3729,#3730);
#3079=AXIS2_PLACEMENT_3D('',#4572,#3731,#3732);
#3080=AXIS2_PLACEMENT_3D('',#4574,#3733,#3734);
#3081=AXIS2_PLACEMENT_3D('',#4576,#3736,#3737);
#3082=AXIS2_PLACEMENT_3D('',#4578,#3738,#3739);
#3083=AXIS2_PLACEMENT_3D('',#4580,#3740,#3741);
#3084=AXIS2_PLACEMENT_3D('',#4582,#3743,#3744);
#3085=AXIS2_PLACEMENT_3D('',#4585,#3747,#3748);
#3086=AXIS2_PLACEMENT_3D('',#4591,#3752,#3753);
#3087=AXIS2_PLACEMENT_3D('',#4593,#3754,#3755);
#3088=AXIS2_PLACEMENT_3D('',#4595,#3756,#3757);
#3089=AXIS2_PLACEMENT_3D('',#4597,#3759,#3760);
#3090=AXIS2_PLACEMENT_3D('',#4600,#3763,#3764);
#3091=AXIS2_PLACEMENT_3D('',#4608,#3769,#3770);
#3092=AXIS2_PLACEMENT_3D('',#4610,#3772,#3773);
#3093=AXIS2_PLACEMENT_3D('',#4616,#3777,#3778);
#3094=AXIS2_PLACEMENT_3D('',#4617,#3779,#3780);
#3095=AXIS2_PLACEMENT_3D('',#4618,#3781,#3782);
#3096=AXIS2_PLACEMENT_3D('',#4619,#3783,#3784);
#3097=AXIS2_PLACEMENT_3D('',#4623,#3787,#3788);
#3098=AXIS2_PLACEMENT_3D('',#4629,#3792,#3793);
#3099=AXIS2_PLACEMENT_3D('',#4634,#3797,#3798);
#3100=AXIS2_PLACEMENT_3D('',#4639,#3803,#3804);
#3101=AXIS2_PLACEMENT_3D('',#4647,#3809,#3810);
#3102=AXIS2_PLACEMENT_3D('',#4649,#3812,#3813);
#3103=AXIS2_PLACEMENT_3D('',#4655,#3817,#3818);
#3104=AXIS2_PLACEMENT_3D('',#4656,#3819,#3820);
#3105=AXIS2_PLACEMENT_3D('',#4657,#3821,#3822);
#3106=AXIS2_PLACEMENT_3D('',#4658,#3823,#3824);
#3107=AXIS2_PLACEMENT_3D('',#4662,#3827,#3828);
#3108=AXIS2_PLACEMENT_3D('',#4666,#3831,#3832);
#3109=AXIS2_PLACEMENT_3D('',#4670,#3835,#3836);
#3110=AXIS2_PLACEMENT_3D('',#4674,#3839,#3840);
#3111=AXIS2_PLACEMENT_3D('',#4678,#3843,#3844);
#3112=AXIS2_PLACEMENT_3D('',#4680,#3846,#3847);
#3113=AXIS2_PLACEMENT_3D('',#4681,#3848,#3849);
#3114=AXIS2_PLACEMENT_3D('',#4682,#3850,#3851);
#3115=DIRECTION('axis',(0.,0.,1.));
#3116=DIRECTION('refdir',(1.,0.,0.));
#3117=DIRECTION('axis',(0.,0.,1.));
#3118=DIRECTION('refdir',(1.,0.,0.));
#3119=DIRECTION('center_axis',(-0.353553390593275,-0.612372435695796,0.707106781186546));
#3120=DIRECTION('ref_axis',(0.894427190999915,0.,0.44721359549996));
#3121=DIRECTION('',(-0.866025403784439,0.5,0.));
#3122=DIRECTION('',(-0.508589802709469,-0.508589802709488,-0.694746590606869));
#3123=DIRECTION('',(0.866025403784439,-0.5,0.));
#3124=DIRECTION('',(-0.186156787897381,-0.694746590606865,-0.694746590606867));
#3125=DIRECTION('center_axis',(-0.6123724356958,-0.353553390593276,0.707106781186542));
#3126=DIRECTION('ref_axis',(0.755928946018449,0.,0.654653670707984));
#3127=DIRECTION('',(-0.499999999999998,0.86602540378444,0.));
#3128=DIRECTION('',(-0.694746590606866,-0.186156787897375,-0.694746590606868));
#3129=DIRECTION('',(0.499999999999998,-0.86602540378444,0.));
#3130=DIRECTION('center_axis',(-0.707106781186549,4.4087854769607E-16,0.707106781186546));
#3131=DIRECTION('ref_axis',(0.707106781186546,0.,0.707106781186549));
#3132=DIRECTION('',(6.23496421511135E-16,1.,0.));
#3133=DIRECTION('',(-0.694746590606865,0.186156787897381,-0.694746590606867));
#3134=DIRECTION('',(-6.23496421511135E-16,-1.,0.));
#3135=DIRECTION('center_axis',(-0.612372435695795,0.353553390593276,0.707106781186546));
#3136=DIRECTION('ref_axis',(0.755928946018453,0.,0.654653670707979));
#3137=DIRECTION('',(0.500000000000001,0.866025403784438,0.));
#3138=DIRECTION('',(-0.508589802709475,0.508589802709484,-0.694746590606867));
#3139=DIRECTION('',(-0.500000000000001,-0.866025403784438,0.));
#3140=DIRECTION('center_axis',(-0.353553390593274,0.612372435695797,0.707106781186545));
#3141=DIRECTION('ref_axis',(0.894427190999915,0.,0.44721359549996));
#3142=DIRECTION('',(0.866025403784439,0.499999999999999,0.));
#3143=DIRECTION('',(-0.186156787897384,0.694746590606865,-0.694746590606867));
#3144=DIRECTION('',(-0.866025403784439,-0.499999999999999,0.));
#3145=DIRECTION('center_axis',(0.,0.707106781186549,0.707106781186546));
#3146=DIRECTION('ref_axis',(1.,0.,0.));
#3147=DIRECTION('',(1.,0.,0.));
#3148=DIRECTION('',(0.18615678789739,0.694746590606864,-0.694746590606866));
#3149=DIRECTION('',(-1.,0.,0.));
#3150=DIRECTION('center_axis',(0.353553390593274,0.612372435695794,0.707106781186548));
#3151=DIRECTION('ref_axis',(0.894427190999916,0.,-0.447213595499958));
#3152=DIRECTION('',(0.866025403784438,-0.500000000000001,0.));
#3153=DIRECTION('',(0.508589802709471,0.508589802709487,-0.694746590606868));
#3154=DIRECTION('',(-0.866025403784438,0.500000000000001,0.));
#3155=DIRECTION('center_axis',(0.612372435695797,0.353553390593275,0.707106781186545));
#3156=DIRECTION('ref_axis',(0.755928946018452,0.,-0.65465367070798));
#3157=DIRECTION('',(-0.5,0.866025403784439,0.));
#3158=DIRECTION('',(0.5,-0.866025403784439,0.));
#3159=DIRECTION('',(0.694746590606861,0.186156787897391,-0.694746590606869));
#3160=DIRECTION('center_axis',(0.707106781186552,-4.40878547696072E-16,
0.707106781186543));
#3161=DIRECTION('ref_axis',(0.707106781186543,0.,-0.707106781186552));
#3162=DIRECTION('',(6.23496421511134E-16,1.,0.));
#3163=DIRECTION('',(-6.23496421511134E-16,-1.,0.));
#3164=DIRECTION('',(0.694746590606858,-0.186156787897409,-0.694746590606867));
#3165=DIRECTION('center_axis',(0.612372435695793,-0.353553390593273,0.707106781186549));
#3166=DIRECTION('ref_axis',(0.755928946018456,0.,-0.654653670707975));
#3167=DIRECTION('',(0.5,0.866025403784439,0.));
#3168=DIRECTION('',(-0.5,-0.866025403784439,0.));
#3169=DIRECTION('',(0.508589802709488,-0.508589802709473,-0.694746590606865));
#3170=DIRECTION('center_axis',(0.353553390593274,-0.612372435695796,0.707106781186546));
#3171=DIRECTION('ref_axis',(0.894427190999915,0.,-0.447213595499959));
#3172=DIRECTION('',(0.866025403784439,0.5,0.));
#3173=DIRECTION('',(-0.866025403784439,-0.5,0.));
#3174=DIRECTION('',(0.186156787897382,-0.694746590606865,-0.694746590606867));
#3175=DIRECTION('center_axis',(0.,-0.707106781186549,0.707106781186546));
#3176=DIRECTION('ref_axis',(1.,0.,0.));
#3177=DIRECTION('',(1.,0.,0.));
#3178=DIRECTION('',(-1.,0.,0.));
#3179=DIRECTION('center_axis',(0.866025403784439,0.5,0.));
#3180=DIRECTION('ref_axis',(-0.5,0.866025403784439,0.));
#3181=DIRECTION('',(0.,0.,1.));
#3182=DIRECTION('',(-0.5,0.866025403784439,0.));
#3183=DIRECTION('',(0.,0.,1.));
#3184=DIRECTION('center_axis',(1.,-6.23496421511134E-16,0.));
#3185=DIRECTION('ref_axis',(6.23496421511134E-16,1.,0.));
#3186=DIRECTION('',(0.,0.,1.));
#3187=DIRECTION('',(6.23496421511134E-16,1.,0.));
#3188=DIRECTION('center_axis',(0.866025403784439,-0.5,0.));
#3189=DIRECTION('ref_axis',(0.5,0.866025403784439,0.));
#3190=DIRECTION('',(0.,0.,1.));
#3191=DIRECTION('',(0.5,0.866025403784439,0.));
#3192=DIRECTION('center_axis',(0.5,-0.866025403784439,0.));
#3193=DIRECTION('ref_axis',(0.866025403784439,0.5,0.));
#3194=DIRECTION('',(0.,0.,1.));
#3195=DIRECTION('',(0.866025403784439,0.5,0.));
#3196=DIRECTION('center_axis',(0.,-1.,0.));
#3197=DIRECTION('ref_axis',(1.,0.,0.));
#3198=DIRECTION('',(0.,0.,1.));
#3199=DIRECTION('',(1.,0.,0.));
#3200=DIRECTION('center_axis',(-0.5,-0.866025403784439,0.));
#3201=DIRECTION('ref_axis',(0.866025403784439,-0.5,0.));
#3202=DIRECTION('',(0.,0.,1.));
#3203=DIRECTION('',(0.866025403784439,-0.5,0.));
#3204=DIRECTION('center_axis',(0.,0.,1.));
#3205=DIRECTION('ref_axis',(1.,0.,0.));
#3206=DIRECTION('',(-0.866025403784439,0.5,0.));
#3207=DIRECTION('',(-0.499999999999999,0.866025403784439,0.));
#3208=DIRECTION('',(6.36914343197906E-16,1.,0.));
#3209=DIRECTION('',(0.500000000000001,0.866025403784438,0.));
#3210=DIRECTION('',(0.866025403784439,0.499999999999999,0.));
#3211=DIRECTION('',(1.,0.,0.));
#3212=DIRECTION('',(0.866025403784438,-0.500000000000001,0.));
#3213=DIRECTION('',(0.5,-0.866025403784439,0.));
#3214=DIRECTION('',(-6.36914343197906E-16,-1.,0.));
#3215=DIRECTION('',(-0.5,-0.866025403784439,0.));
#3216=DIRECTION('',(-0.866025403784439,-0.5,0.));
#3217=DIRECTION('',(-1.,0.,0.));
#3218=DIRECTION('center_axis',(0.5,-0.866025403784439,0.));
#3219=DIRECTION('ref_axis',(0.866025403784439,0.5,0.));
#3220=DIRECTION('',(0.866025403784439,0.5,0.));
#3221=DIRECTION('',(0.,0.,-1.));
#3222=DIRECTION('',(0.866025403784439,0.5,0.));
#3223=DIRECTION('',(0.,0.,1.));
#3224=DIRECTION('center_axis',(0.,0.,1.));
#3225=DIRECTION('ref_axis',(-1.,0.,0.));
#3226=DIRECTION('',(0.5,-0.866025403784439,0.));
#3227=DIRECTION('center_axis',(0.,0.,-1.));
#3228=DIRECTION('ref_axis',(-0.955064136811237,-0.296399214872452,0.));
#3229=DIRECTION('',(-0.5,0.866025403784439,0.));
#3230=DIRECTION('center_axis',(-0.866025403784439,-0.5,0.));
#3231=DIRECTION('ref_axis',(0.5,-0.866025403784439,0.));
#3232=DIRECTION('',(0.5,-0.866025403784439,0.));
#3233=DIRECTION('',(0.,0.,1.));
#3234=DIRECTION('',(0.353553390593273,-0.612372435695793,0.707106781186549));
#3235=DIRECTION('',(0.5,-0.866025403784439,0.));
#3236=DIRECTION('',(0.,0.,1.));
#3237=DIRECTION('center_axis',(0.,0.,1.));
#3238=DIRECTION('ref_axis',(1.,0.,0.));
#3239=DIRECTION('',(0.866025403784439,-0.5,0.));
#3240=DIRECTION('',(0.,1.,0.));
#3241=DIRECTION('',(0.866025403784439,0.5,0.));
#3242=DIRECTION('',(-5.08717087744215E-16,-1.,0.));
#3243=DIRECTION('center_axis',(0.,0.,1.));
#3244=DIRECTION('ref_axis',(1.,0.,0.));
#3245=DIRECTION('',(0.866025403784439,0.5,0.));
#3246=DIRECTION('',(-0.866025403784438,0.500000000000001,0.));
#3247=DIRECTION('center_axis',(0.,0.,1.));
#3248=DIRECTION('ref_axis',(-1.,0.,0.));
#3249=DIRECTION('',(-0.86602540378444,-0.499999999999998,0.));
#3250=DIRECTION('',(0.866025403784439,-0.5,0.));
#3251=DIRECTION('',(0.866025403784439,0.5,0.));
#3252=DIRECTION('center_axis',(0.,0.,-1.));
#3253=DIRECTION('ref_axis',(-1.,0.,0.));
#3254=DIRECTION('',(0.866025403784438,-0.5,0.));
#3255=DIRECTION('center_axis',(0.,0.,1.));
#3256=DIRECTION('ref_axis',(1.,0.,0.));
#3257=DIRECTION('',(-6.36914343197906E-16,-1.,0.));
#3258=DIRECTION('',(0.866025403784438,-0.500000000000002,0.));
#3259=DIRECTION('',(-0.866025403784439,-0.5,0.));
#3260=DIRECTION('',(-0.866025403784437,0.500000000000003,0.));
#3261=DIRECTION('center_axis',(0.,0.,1.));
#3262=DIRECTION('ref_axis',(1.,0.,0.));
#3263=DIRECTION('',(0.866025403784439,0.5,0.));
#3264=DIRECTION('',(9.6390772655158E-16,1.,0.));
#3265=DIRECTION('',(0.866025403784438,-0.5,0.));
#3266=DIRECTION('',(-2.08115950573596E-15,-1.,0.));
#3267=DIRECTION('center_axis',(0.,0.,1.));
#3268=DIRECTION('ref_axis',(1.,0.,0.));
#3269=DIRECTION('',(-6.36914343197906E-16,-1.,0.));
#3270=DIRECTION('',(1.,-1.07774993808521E-15,0.));
#3271=DIRECTION('',(0.866025403784439,-0.5,0.));
#3272=DIRECTION('',(-1.,7.25669032175288E-16,0.));
#3273=DIRECTION('center_axis',(0.,0.,1.));
#3274=DIRECTION('ref_axis',(1.,0.,0.));
#3275=DIRECTION('',(6.36914343197906E-16,1.,0.));
#3276=DIRECTION('',(-0.866025403784439,-0.499999999999999,0.));
#3277=DIRECTION('',(-0.866025403784438,0.5,0.));
#3278=DIRECTION('',(0.866025403784438,0.500000000000001,0.));
#3279=DIRECTION('center_axis',(0.,0.,1.));
#3280=DIRECTION('ref_axis',(1.,0.,0.));
#3281=DIRECTION('',(-0.866025403784439,-0.499999999999999,0.));
#3282=DIRECTION('',(0.499999999999999,-0.866025403784439,0.));
#3283=DIRECTION('',(-0.866025403784439,0.5,0.));
#3284=DIRECTION('',(-0.499999999999999,0.866025403784439,0.));
#3285=DIRECTION('center_axis',(0.,0.,1.));
#3286=DIRECTION('ref_axis',(1.,0.,0.));
#3287=DIRECTION('',(6.36914343197906E-16,1.,0.));
#3288=DIRECTION('',(-1.,8.83817144748035E-16,0.));
#3289=DIRECTION('',(0.866025403784439,0.499999999999999,0.));
#3290=DIRECTION('',(1.,-1.20479438480915E-15,0.));
#3291=DIRECTION('center_axis',(0.,0.,1.));
#3292=DIRECTION('ref_axis',(1.,0.,0.));
#3293=DIRECTION('',(-0.866025403784438,0.500000000000001,0.));
#3294=DIRECTION('',(-0.499999999999999,-0.866025403784439,0.));
#3295=DIRECTION('',(-0.866025403784439,-0.5,0.));
#3296=DIRECTION('',(0.500000000000001,0.866025403784438,0.));
#3297=DIRECTION('center_axis',(0.,0.,1.));
#3298=DIRECTION('ref_axis',(1.,0.,0.));
#3299=DIRECTION('',(-0.866025403784438,0.500000000000001,0.));
#3300=DIRECTION('',(-1.,0.,0.));
#3301=DIRECTION('',(-0.866025403784439,-0.499999999999999,0.));
#3302=DIRECTION('',(1.,0.,0.));
#3303=DIRECTION('center_axis',(0.353553390593274,0.612372435695795,0.707106781186547));
#3304=DIRECTION('ref_axis',(0.894427190999916,0.,-0.447213595499959));
#3305=DIRECTION('',(7.2864575179118E-16,0.755928946018454,-0.654653670707978));
#3306=DIRECTION('',(0.866025403784438,-0.5,0.));
#3307=DIRECTION('',(-1.57320871166727E-15,-0.755928946018454,0.654653670707978));
#3308=DIRECTION('center_axis',(-1.,2.08115950573596E-15,0.));
#3309=DIRECTION('ref_axis',(-2.08115950573596E-15,-1.,0.));
#3310=DIRECTION('',(0.,0.,1.));
#3311=DIRECTION('',(-2.08115950573596E-15,-1.,0.));
#3312=DIRECTION('',(0.,0.,1.));
#3313=DIRECTION('center_axis',(-0.353553390593274,-0.612372435695794,0.707106781186548));
#3314=DIRECTION('ref_axis',(0.894427190999916,0.,0.447213595499958));
#3315=DIRECTION('',(0.654653670707977,0.377964473009228,0.654653670707977));
#3316=DIRECTION('',(-0.654653670707978,-0.377964473009227,-0.654653670707977));
#3317=DIRECTION('',(-0.866025403784438,0.5,0.));
#3318=DIRECTION('center_axis',(0.500000000000001,-0.866025403784438,0.));
#3319=DIRECTION('ref_axis',(0.866025403784438,0.500000000000001,0.));
#3320=DIRECTION('',(-0.866025403784438,-0.500000000000001,0.));
#3321=DIRECTION('',(0.,0.,1.));
#3322=DIRECTION('',(0.866025403784438,0.500000000000001,0.));
#3323=DIRECTION('',(0.,0.,1.));
#3324=DIRECTION('center_axis',(-0.353553390593273,0.612372435695795,0.707106781186547));
#3325=DIRECTION('ref_axis',(0.894427190999916,0.,0.447213595499958));
#3326=DIRECTION('',(-0.894427190999916,7.9051008613455E-16,-0.447213595499958));
#3327=DIRECTION('',(0.866025403784439,0.499999999999999,0.));
#3328=DIRECTION('',(0.894427190999916,-1.07760085733732E-15,0.447213595499958));
#3329=DIRECTION('center_axis',(-1.20479438480915E-15,-1.,0.));
#3330=DIRECTION('ref_axis',(1.,-1.20479438480915E-15,0.));
#3331=DIRECTION('',(0.,0.,1.));
#3332=DIRECTION('',(1.,-1.20479438480915E-15,0.));
#3333=DIRECTION('',(0.,0.,1.));
#3334=DIRECTION('center_axis',(0.353553390593274,-0.612372435695794,0.707106781186548));
#3335=DIRECTION('ref_axis',(0.894427190999916,0.,-0.447213595499958));
#3336=DIRECTION('',(0.447213595499959,0.774596669241483,0.447213595499957));
#3337=DIRECTION('',(-0.447213595499957,-0.774596669241484,-0.447213595499959));
#3338=DIRECTION('',(-0.866025403784439,-0.5,0.));
#3339=DIRECTION('center_axis',(0.866025403784438,-0.500000000000001,0.));
#3340=DIRECTION('ref_axis',(0.500000000000001,0.866025403784438,0.));
#3341=DIRECTION('',(-0.500000000000001,-0.866025403784438,0.));
#3342=DIRECTION('',(0.,0.,1.));
#3343=DIRECTION('',(0.500000000000001,0.866025403784438,0.));
#3344=DIRECTION('',(0.,0.,1.));
#3345=DIRECTION('center_axis',(0.353553390593274,0.612372435695795,0.707106781186548));
#3346=DIRECTION('ref_axis',(0.894427190999916,0.,-0.447213595499958));
#3347=DIRECTION('',(-0.894427190999916,6.49058114044171E-16,0.447213595499957));
#3348=DIRECTION('',(0.894427190999916,-9.63968849721887E-16,-0.447213595499957));
#3349=DIRECTION('',(0.866025403784439,-0.5,0.));
#3350=DIRECTION('center_axis',(7.25669032175288E-16,1.,0.));
#3351=DIRECTION('ref_axis',(-1.,7.25669032175288E-16,0.));
#3352=DIRECTION('',(1.,-7.25669032175288E-16,0.));
#3353=DIRECTION('',(0.,0.,1.));
#3354=DIRECTION('',(-1.,7.25669032175288E-16,0.));
#3355=DIRECTION('',(0.,0.,1.));
#3356=DIRECTION('center_axis',(-0.353553390593274,-0.612372435695795,0.707106781186547));
#3357=DIRECTION('ref_axis',(0.894427190999916,0.,0.447213595499958));
#3358=DIRECTION('',(0.447213595499957,-0.774596669241484,-0.447213595499959));
#3359=DIRECTION('',(-0.866025403784439,0.5,0.));
#3360=DIRECTION('',(-0.447213595499957,0.774596669241484,0.447213595499959));
#3361=DIRECTION('center_axis',(0.866025403784439,0.499999999999999,0.));
#3362=DIRECTION('ref_axis',(-0.499999999999999,0.866025403784439,0.));
#3363=DIRECTION('',(0.,0.,1.));
#3364=DIRECTION('',(-0.499999999999999,0.866025403784439,0.));
#3365=DIRECTION('',(0.,0.,1.));
#3366=DIRECTION('center_axis',(-0.353553390593274,0.612372435695795,0.707106781186548));
#3367=DIRECTION('ref_axis',(0.894427190999916,0.,0.447213595499958));
#3368=DIRECTION('',(-3.84553971960062E-16,-0.755928946018455,0.654653670707977));
#3369=DIRECTION('',(0.,0.755928946018455,-0.654653670707977));
#3370=DIRECTION('',(0.866025403784439,0.5,0.));
#3371=DIRECTION('center_axis',(-1.,5.08717087744215E-16,0.));
#3372=DIRECTION('ref_axis',(-5.08717087744215E-16,-1.,0.));
#3373=DIRECTION('',(5.08717087744215E-16,1.,0.));
#3374=DIRECTION('',(0.,0.,1.));
#3375=DIRECTION('',(-5.08717087744215E-16,-1.,0.));
#3376=DIRECTION('',(0.,0.,1.));
#3377=DIRECTION('center_axis',(0.353553390593274,-0.612372435695795,0.707106781186547));
#3378=DIRECTION('ref_axis',(0.894427190999916,0.,-0.447213595499959));
#3379=DIRECTION('',(0.654653670707976,-0.377964473009228,-0.654653670707978));
#3380=DIRECTION('',(-0.866025403784439,-0.5,0.));
#3381=DIRECTION('',(-0.654653670707975,0.377964473009229,0.654653670707979));
#3382=DIRECTION('center_axis',(-0.500000000000002,-0.866025403784438,0.));
#3383=DIRECTION('ref_axis',(0.866025403784438,-0.500000000000002,0.));
#3384=DIRECTION('',(0.,0.,1.));
#3385=DIRECTION('',(0.866025403784438,-0.500000000000002,0.));
#3386=DIRECTION('',(0.,0.,1.));
#3387=DIRECTION('',(-0.866025403784438,0.500000000000002,0.));
#3388=DIRECTION('center_axis',(0.353553390593274,0.612372435695795,0.707106781186547));
#3389=DIRECTION('ref_axis',(0.894427190999916,0.,-0.447213595499958));
#3390=DIRECTION('',(-0.353553390593273,-0.612372435695794,0.707106781186548));
#3391=DIRECTION('',(-0.866025403784439,0.5,0.));
#3392=DIRECTION('',(0.353553390593273,0.612372435695794,-0.707106781186548));
#3393=DIRECTION('',(-0.866025403784439,0.5,0.));
#3394=DIRECTION('center_axis',(-0.353553390593274,0.612372435695796,0.707106781186546));
#3395=DIRECTION('ref_axis',(0.894427190999915,0.,0.447213595499959));
#3396=DIRECTION('',(-0.866025403784439,-0.5,0.));
#3397=DIRECTION('',(-0.353553390593273,0.612372435695794,-0.707106781186549));
#3398=DIRECTION('',(-0.866025403784439,-0.5,0.));
#3399=DIRECTION('center_axis',(-0.707106781186548,4.50366451110216E-16,
0.707106781186547));
#3400=DIRECTION('ref_axis',(0.707106781186547,0.,0.707106781186548));
#3401=DIRECTION('',(0.707106781186547,-3.20434238499403E-17,0.707106781186548));
#3402=DIRECTION('',(-6.36914343197906E-16,-1.,0.));
#3403=DIRECTION('',(-0.707106781186547,3.27863837912721E-17,-0.707106781186548));
#3404=DIRECTION('',(-6.36914343197906E-16,-1.,0.));
#3405=DIRECTION('center_axis',(-0.353553390593274,-0.612372435695794,0.707106781186547));
#3406=DIRECTION('ref_axis',(0.894427190999916,0.,0.447213595499959));
#3407=DIRECTION('',(0.353553390593274,0.612372435695794,0.707106781186548));
#3408=DIRECTION('',(0.866025403784438,-0.500000000000001,0.));
#3409=DIRECTION('',(-0.353553390593274,-0.612372435695794,-0.707106781186548));
#3410=DIRECTION('',(0.866025403784438,-0.500000000000001,0.));
#3411=DIRECTION('center_axis',(0.353553390593274,-0.612372435695796,0.707106781186546));
#3412=DIRECTION('ref_axis',(0.894427190999915,0.,-0.447213595499959));
#3413=DIRECTION('',(-0.353553390593273,0.612372435695793,0.707106781186549));
#3414=DIRECTION('',(0.866025403784439,0.499999999999999,0.));
#3415=DIRECTION('',(0.353553390593273,-0.612372435695793,-0.707106781186549));
#3416=DIRECTION('',(0.866025403784439,0.499999999999999,0.));
#3417=DIRECTION('center_axis',(0.707106781186546,-4.50366451110215E-16,
0.707106781186549));
#3418=DIRECTION('ref_axis',(0.707106781186549,0.,-0.707106781186546));
#3419=DIRECTION('',(-0.707106781186549,-1.78073139833399E-16,0.707106781186546));
#3420=DIRECTION('',(6.36914343197906E-16,1.,0.));
#3421=DIRECTION('',(0.707106781186549,3.47663420075295E-17,-0.707106781186546));
#3422=DIRECTION('',(6.36914343197906E-16,1.,0.));
#3423=DIRECTION('center_axis',(0.,0.,1.));
#3424=DIRECTION('ref_axis',(-1.,0.,0.));
#3425=DIRECTION('center_axis',(0.,0.,-1.));
#3426=DIRECTION('ref_axis',(-1.,0.,0.));
#3427=DIRECTION('',(6.36265721810857E-18,1.,0.));
#3428=DIRECTION('',(-1.,0.,0.));
#3429=DIRECTION('',(0.,-1.,0.));
#3430=DIRECTION('center_axis',(-0.866025403784439,-0.499999999999999,0.));
#3431=DIRECTION('ref_axis',(0.499999999999999,-0.866025403784439,0.));
#3432=DIRECTION('',(0.,0.,1.));
#3433=DIRECTION('',(0.499999999999999,-0.866025403784439,0.));
#3434=DIRECTION('',(0.,0.,1.));
#3435=DIRECTION('',(-0.499999999999999,0.866025403784439,0.));
#3436=DIRECTION('center_axis',(0.866025403784438,-0.500000000000001,0.));
#3437=DIRECTION('ref_axis',(0.500000000000001,0.866025403784438,0.));
#3438=DIRECTION('',(0.500000000000001,0.866025403784438,0.));
#3439=DIRECTION('',(0.,0.,1.));
#3440=DIRECTION('',(0.,0.,1.));
#3441=DIRECTION('center_axis',(1.,-6.36914343197906E-16,0.));
#3442=DIRECTION('ref_axis',(6.36914343197906E-16,1.,0.));
#3443=DIRECTION('',(6.36914343197906E-16,1.,0.));
#3444=DIRECTION('',(0.,0.,1.));
#3445=DIRECTION('',(6.36914343197906E-16,1.,0.));
#3446=DIRECTION('',(0.,0.,1.));
#3447=DIRECTION('',(6.36914343197906E-16,1.,0.));
#3448=DIRECTION('',(0.,0.,1.));
#3449=DIRECTION('',(0.,0.,1.));
#3450=DIRECTION('',(6.36914343197906E-16,1.,0.));
#3451=DIRECTION('',(0.,0.,1.));
#3452=DIRECTION('center_axis',(0.,0.,1.));
#3453=DIRECTION('ref_axis',(0.866025403809628,-0.499999999956371,0.));
#3454=DIRECTION('center_axis',(0.,0.,-1.));
#3455=DIRECTION('ref_axis',(-1.,0.,0.));
#3456=DIRECTION('center_axis',(0.,0.,-1.));
#3457=DIRECTION('ref_axis',(-1.,0.,0.));
#3458=DIRECTION('center_axis',(0.5,-0.866025403784439,0.));
#3459=DIRECTION('ref_axis',(0.866025403784439,0.5,0.));
#3460=DIRECTION('',(0.866025403784439,0.5,0.));
#3461=DIRECTION('',(0.,0.,1.));
#3462=DIRECTION('',(0.,0.,1.));
#3463=DIRECTION('center_axis',(0.,1.,0.));
#3464=DIRECTION('ref_axis',(-1.,0.,0.));
#3465=DIRECTION('',(-1.,0.,0.));
#3466=DIRECTION('',(0.,0.,1.));
#3467=DIRECTION('',(0.,0.,1.));
#3468=DIRECTION('center_axis',(-0.5,-0.866025403784438,0.));
#3469=DIRECTION('ref_axis',(0.866025403784438,-0.5,0.));
#3470=DIRECTION('',(0.866025403784438,-0.5,0.));
#3471=DIRECTION('',(0.,0.,1.));
#3472=DIRECTION('',(0.,0.,1.));
#3473=DIRECTION('center_axis',(0.,0.,1.));
#3474=DIRECTION('ref_axis',(1.83697019872103E-16,1.,0.));
#3475=DIRECTION('center_axis',(0.,0.,-1.));
#3476=DIRECTION('ref_axis',(-1.,0.,0.));
#3477=DIRECTION('center_axis',(0.,0.,1.));
#3478=DIRECTION('ref_axis',(0.922249535038505,0.386595130752137,0.));
#3479=DIRECTION('center_axis',(0.,0.,-1.));
#3480=DIRECTION('ref_axis',(0.922249535038505,0.386595130752137,0.));
#3481=DIRECTION('',(0.,0.,1.));
#3482=DIRECTION('center_axis',(0.,0.,-1.));
#3483=DIRECTION('ref_axis',(0.922249535038505,0.386595130752137,0.));
#3484=DIRECTION('',(0.,0.,1.));
#3485=DIRECTION('center_axis',(0.,0.,1.));
#3486=DIRECTION('ref_axis',(-0.955064136811237,-0.296399214872452,0.));
#3487=DIRECTION('center_axis',(0.,0.,-1.));
#3488=DIRECTION('ref_axis',(-0.955064136811237,-0.296399214872452,0.));
#3489=DIRECTION('center_axis',(0.,0.,-1.));
#3490=DIRECTION('ref_axis',(-0.955064136811237,-0.296399214872452,0.));
#3491=DIRECTION('',(0.,0.,1.));
#3492=DIRECTION('center_axis',(0.,0.,1.));
#3493=DIRECTION('ref_axis',(0.233152443466371,0.972440197701463,0.));
#3494=DIRECTION('center_axis',(0.,0.,1.));
#3495=DIRECTION('ref_axis',(0.233152443466371,0.972440197701463,0.));
#3496=DIRECTION('center_axis',(0.,0.,1.));
#3497=DIRECTION('ref_axis',(0.233152443466371,0.972440197701463,0.));
#3498=DIRECTION('',(0.,0.,1.));
#3499=DIRECTION('center_axis',(0.,0.,1.));
#3500=DIRECTION('ref_axis',(-0.233174537510205,-0.972434900163966,0.));
#3501=DIRECTION('center_axis',(0.,0.,-1.));
#3502=DIRECTION('ref_axis',(-0.233174537510205,-0.972434900163966,0.));
#3503=DIRECTION('center_axis',(0.,0.,-1.));
#3504=DIRECTION('ref_axis',(-0.233174537510205,-0.972434900163966,0.));
#3505=DIRECTION('center_axis',(0.5,0.866025403784438,0.));
#3506=DIRECTION('ref_axis',(-0.866025403784438,0.5,0.));
#3507=DIRECTION('',(-0.866025403784438,0.5,0.));
#3508=DIRECTION('',(0.,0.,1.));
#3509=DIRECTION('',(-0.866025403784438,0.5,0.));
#3510=DIRECTION('',(0.,0.,1.));
#3511=DIRECTION('center_axis',(-0.499999999999999,0.866025403784439,0.));
#3512=DIRECTION('ref_axis',(-0.866025403784439,-0.499999999999999,0.));
#3513=DIRECTION('',(0.,0.,1.));
#3514=DIRECTION('',(-0.866025403784439,-0.499999999999999,0.));
#3515=DIRECTION('center_axis',(-4.53162445934552E-17,-1.,0.));
#3516=DIRECTION('ref_axis',(1.,-4.53162445934552E-17,0.));
#3517=DIRECTION('',(1.,-4.53162445934552E-17,0.));
#3518=DIRECTION('',(0.,0.,1.));
#3519=DIRECTION('',(1.,-4.53162445934552E-17,0.));
#3520=DIRECTION('',(0.,0.,1.));
#3521=DIRECTION('center_axis',(0.,0.,1.));
#3522=DIRECTION('ref_axis',(-0.233153164042029,-0.972440024935826,0.));
#3523=DIRECTION('center_axis',(0.,0.,1.));
#3524=DIRECTION('ref_axis',(-0.233153164042029,-0.972440024935826,0.));
#3525=DIRECTION('center_axis',(0.,0.,1.));
#3526=DIRECTION('ref_axis',(-0.233153164042029,-0.972440024935826,0.));
#3527=DIRECTION('center_axis',(1.,-6.36265721810857E-18,0.));
#3528=DIRECTION('ref_axis',(6.36265721810857E-18,1.,0.));
#3529=DIRECTION('',(6.36265721810857E-18,1.,0.));
#3530=DIRECTION('',(0.,0.,1.));
#3531=DIRECTION('',(0.,0.,1.));
#3532=DIRECTION('center_axis',(0.500000000000001,0.866025403784438,0.));
#3533=DIRECTION('ref_axis',(-0.866025403784438,0.500000000000001,0.));
#3534=DIRECTION('',(-0.866025403784438,0.500000000000001,0.));
#3535=DIRECTION('',(0.,0.,1.));
#3536=DIRECTION('',(0.,0.,1.));
#3537=DIRECTION('center_axis',(0.866025403784439,-0.5,0.));
#3538=DIRECTION('ref_axis',(0.5,0.866025403784439,0.));
#3539=DIRECTION('',(0.5,0.866025403784439,0.));
#3540=DIRECTION('',(0.,0.,1.));
#3541=DIRECTION('',(0.5,0.866025403784439,0.));
#3542=DIRECTION('',(0.,0.,1.));
#3543=DIRECTION('center_axis',(-0.499999999999998,0.86602540378444,0.));
#3544=DIRECTION('ref_axis',(-0.86602540378444,-0.499999999999998,0.));
#3545=DIRECTION('',(-0.86602540378444,-0.499999999999998,0.));
#3546=DIRECTION('',(0.,0.,1.));
#3547=DIRECTION('',(0.,0.,1.));
#3548=DIRECTION('center_axis',(0.,0.,1.));
#3549=DIRECTION('ref_axis',(-3.61394601875787E-15,1.,0.));
#3550=DIRECTION('center_axis',(0.,0.,1.));
#3551=DIRECTION('ref_axis',(-1.,0.,0.));
#3552=DIRECTION('center_axis',(0.,0.,1.));
#3553=DIRECTION('ref_axis',(-1.,0.,0.));
#3554=DIRECTION('',(0.,0.,1.));
#3555=DIRECTION('center_axis',(-1.,0.,0.));
#3556=DIRECTION('ref_axis',(0.,-1.,0.));
#3557=DIRECTION('',(0.,-1.,0.));
#3558=DIRECTION('',(0.,0.,1.));
#3559=DIRECTION('center_axis',(0.,1.,0.));
#3560=DIRECTION('ref_axis',(-1.,0.,0.));
#3561=DIRECTION('',(-1.,0.,0.));
#3562=DIRECTION('center_axis',(0.866025403784439,0.499999999999999,0.));
#3563=DIRECTION('ref_axis',(-0.499999999999999,0.866025403784439,0.));
#3564=DIRECTION('',(-0.499999999999999,0.866025403784439,0.));
#3565=DIRECTION('',(0.,0.,1.));
#3566=DIRECTION('center_axis',(0.5,0.866025403784439,0.));
#3567=DIRECTION('ref_axis',(-0.866025403784439,0.5,0.));
#3568=DIRECTION('',(-0.866025403784439,0.5,0.));
#3569=DIRECTION('',(-0.866025403784439,0.5,0.));
#3570=DIRECTION('',(-0.866025403784439,0.5,0.));
#3571=DIRECTION('',(0.,0.,1.));
#3572=DIRECTION('',(-0.866025403784439,0.5,0.));
#3573=DIRECTION('',(0.,0.,1.));
#3574=DIRECTION('center_axis',(-0.866025403784329,-0.500000000000189,0.));
#3575=DIRECTION('ref_axis',(0.500000000000189,-0.866025403784329,0.));
#3576=DIRECTION('',(0.500000000000189,-0.866025403784329,0.));
#3577=DIRECTION('',(0.500000000000189,-0.866025403784329,0.));
#3578=DIRECTION('center_axis',(0.500000000000003,0.866025403784437,0.));
#3579=DIRECTION('ref_axis',(-0.866025403784437,0.500000000000003,0.));
#3580=DIRECTION('',(0.,0.,1.));
#3581=DIRECTION('',(-0.866025403784437,0.500000000000003,0.));
#3582=DIRECTION('center_axis',(-0.5,0.866025403784439,0.));
#3583=DIRECTION('ref_axis',(-0.866025403784439,-0.5,0.));
#3584=DIRECTION('',(-0.866025403784439,-0.5,0.));
#3585=DIRECTION('',(-0.866025403784439,-0.5,0.));
#3586=DIRECTION('',(0.,0.,1.));
#3587=DIRECTION('center_axis',(0.,0.,1.));
#3588=DIRECTION('ref_axis',(-0.955064136811237,-0.296399214872452,0.));
#3589=DIRECTION('center_axis',(0.,0.,1.));
#3590=DIRECTION('ref_axis',(-0.955064136811237,-0.296399214872452,0.));
#3591=DIRECTION('center_axis',(0.,0.,1.));
#3592=DIRECTION('ref_axis',(-0.955064136811237,-0.296399214872452,0.));
#3593=DIRECTION('',(0.,0.,1.));
#3594=DIRECTION('center_axis',(0.,0.,1.));
#3595=DIRECTION('ref_axis',(0.922249535038505,0.386595130752137,0.));
#3596=DIRECTION('center_axis',(0.,0.,1.));
#3597=DIRECTION('ref_axis',(0.922249535038505,0.386595130752137,0.));
#3598=DIRECTION('center_axis',(0.,0.,1.));
#3599=DIRECTION('ref_axis',(0.922249535038505,0.386595130752137,0.));
#3600=DIRECTION('',(0.,0.,1.));
#3601=DIRECTION('center_axis',(4.91670323811496E-17,-1.,0.));
#3602=DIRECTION('ref_axis',(1.,4.91670323811496E-17,0.));
#3603=DIRECTION('',(1.,4.91670323811496E-17,0.));
#3604=DIRECTION('',(1.,4.91670323811496E-17,0.));
#3605=DIRECTION('center_axis',(8.83817144748035E-16,1.,0.));
#3606=DIRECTION('ref_axis',(-1.,8.83817144748035E-16,0.));
#3607=DIRECTION('',(0.,0.,1.));
#3608=DIRECTION('',(-1.,8.83817144748035E-16,0.));
#3609=DIRECTION('',(0.,0.,1.));
#3610=DIRECTION('',(1.,-8.83817144748035E-16,0.));
#3611=DIRECTION('center_axis',(-1.,6.36914343197906E-16,0.));
#3612=DIRECTION('ref_axis',(-6.36914343197906E-16,-1.,0.));
#3613=DIRECTION('',(-6.36914343197906E-16,-1.,0.));
#3614=DIRECTION('',(-6.36914343197906E-16,-1.,0.));
#3615=DIRECTION('',(0.,0.,1.));
#3616=DIRECTION('',(-6.36914343197906E-16,-1.,0.));
#3617=DIRECTION('',(-6.36914343197906E-16,-1.,0.));
#3618=DIRECTION('',(0.,0.,1.));
#3619=DIRECTION('',(0.,0.,1.));
#3620=DIRECTION('center_axis',(-0.866025403784439,-0.5,0.));
#3621=DIRECTION('ref_axis',(0.5,-0.866025403784439,0.));
#3622=DIRECTION('',(0.5,-0.866025403784439,0.));
#3623=DIRECTION('',(0.,0.,1.));
#3624=DIRECTION('center_axis',(0.,0.,1.));
#3625=DIRECTION('ref_axis',(-1.,0.,0.));
#3626=DIRECTION('center_axis',(0.,0.,-1.));
#3627=DIRECTION('ref_axis',(-1.,0.,0.));
#3628=DIRECTION('center_axis',(0.,0.,-1.));
#3629=DIRECTION('ref_axis',(-1.,0.,0.));
#3630=DIRECTION('center_axis',(-0.5,-0.866025403784438,0.));
#3631=DIRECTION('ref_axis',(0.866025403784438,-0.5,0.));
#3632=DIRECTION('',(0.866025403784438,-0.5,0.));
#3633=DIRECTION('',(0.866025403784438,-0.5,0.));
#3634=DIRECTION('',(0.,0.,1.));
#3635=DIRECTION('center_axis',(0.,0.,1.));
#3636=DIRECTION('ref_axis',(-0.233153164042029,-0.972440024935826,0.));
#3637=DIRECTION('center_axis',(0.,0.,1.));
#3638=DIRECTION('ref_axis',(-0.233153164042029,-0.972440024935826,0.));
#3639=DIRECTION('center_axis',(0.,0.,1.));
#3640=DIRECTION('ref_axis',(-0.233153164042029,-0.972440024935826,0.));
#3641=DIRECTION('',(0.,0.,1.));
#3642=DIRECTION('center_axis',(0.,0.,1.));
#3643=DIRECTION('ref_axis',(-0.955064136811237,-0.296399214872452,0.));
#3644=DIRECTION('center_axis',(0.,0.,1.));
#3645=DIRECTION('ref_axis',(-0.955064136811237,-0.296399214872452,0.));
#3646=DIRECTION('center_axis',(0.,0.,1.));
#3647=DIRECTION('ref_axis',(-0.955064136811237,-0.296399214872452,0.));
#3648=DIRECTION('',(0.,0.,1.));
#3649=DIRECTION('center_axis',(0.,0.,1.));
#3650=DIRECTION('ref_axis',(-0.955064136811237,-0.296399214872452,0.));
#3651=DIRECTION('center_axis',(0.866025403784439,0.5,0.));
#3652=DIRECTION('ref_axis',(-0.5,0.866025403784439,0.));
#3653=DIRECTION('',(-0.5,0.866025403784439,0.));
#3654=DIRECTION('',(0.,0.,1.));
#3655=DIRECTION('',(-0.5,0.866025403784439,0.));
#3656=DIRECTION('center_axis',(-0.5,0.866025403784439,0.));
#3657=DIRECTION('ref_axis',(-0.866025403784439,-0.5,0.));
#3658=DIRECTION('',(-0.866025403784439,-0.5,0.));
#3659=DIRECTION('',(0.,0.,1.));
#3660=DIRECTION('',(-0.866025403784439,-0.5,0.));
#3661=DIRECTION('',(0.,0.,1.));
#3662=DIRECTION('center_axis',(-0.866025403784439,0.499999999999999,0.));
#3663=DIRECTION('ref_axis',(-0.499999999999999,-0.866025403784439,0.));
#3664=DIRECTION('',(0.,0.,1.));
#3665=DIRECTION('',(-0.499999999999999,-0.866025403784439,0.));
#3666=DIRECTION('center_axis',(0.866025403784439,-0.5,0.));
#3667=DIRECTION('ref_axis',(0.5,0.866025403784439,0.));
#3668=DIRECTION('',(0.5,0.866025403784439,0.));
#3669=DIRECTION('',(0.,0.,1.));
#3670=DIRECTION('',(0.5,0.866025403784439,0.));
#3671=DIRECTION('',(0.,0.,1.));
#3672=DIRECTION('center_axis',(0.,0.,1.));
#3673=DIRECTION('ref_axis',(0.922249535038505,0.386595130752137,0.));
#3674=DIRECTION('center_axis',(0.,0.,1.));
#3675=DIRECTION('ref_axis',(0.922249535038505,0.386595130752137,0.));
#3676=DIRECTION('center_axis',(0.,0.,1.));
#3677=DIRECTION('ref_axis',(0.922249535038505,0.386595130752137,0.));
#3678=DIRECTION('center_axis',(0.,-1.,0.));
#3679=DIRECTION('ref_axis',(1.,0.,0.));
#3680=DIRECTION('',(1.,0.,0.));
#3681=DIRECTION('',(0.,0.,1.));
#3682=DIRECTION('',(0.,0.,1.));
#3683=DIRECTION('center_axis',(0.866025403784439,0.499999999999999,0.));
#3684=DIRECTION('ref_axis',(-0.499999999999999,0.866025403784439,0.));
#3685=DIRECTION('',(-0.499999999999999,0.866025403784439,0.));
#3686=DIRECTION('',(0.,0.,1.));
#3687=DIRECTION('',(-0.499999999999999,0.866025403784439,0.));
#3688=DIRECTION('',(0.,0.,1.));
#3689=DIRECTION('center_axis',(0.,0.,1.));
#3690=DIRECTION('ref_axis',(0.922249535038505,0.386595130752137,0.));
#3691=DIRECTION('center_axis',(0.,0.,1.));
#3692=DIRECTION('ref_axis',(0.922249535038505,0.386595130752137,0.));
#3693=DIRECTION('center_axis',(0.,0.,1.));
#3694=DIRECTION('ref_axis',(0.922249535038505,0.386595130752137,0.));
#3695=DIRECTION('',(0.,0.,1.));
#3696=DIRECTION('center_axis',(-0.866025403784438,0.5,0.));
#3697=DIRECTION('ref_axis',(-0.5,-0.866025403784438,0.));
#3698=DIRECTION('',(-0.5,-0.866025403784438,0.));
#3699=DIRECTION('',(-0.5,-0.866025403784438,0.));
#3700=DIRECTION('',(0.,0.,1.));
#3701=DIRECTION('center_axis',(-0.500000000000001,-0.866025403784438,0.));
#3702=DIRECTION('ref_axis',(0.866025403784438,-0.500000000000001,0.));
#3703=DIRECTION('',(0.866025403784438,-0.500000000000001,0.));
#3704=DIRECTION('',(0.,0.,1.));
#3705=DIRECTION('',(0.866025403784438,-0.500000000000001,0.));
#3706=DIRECTION('',(0.866025403784438,-0.500000000000001,0.));
#3707=DIRECTION('',(0.866025403784438,-0.500000000000001,0.));
#3708=DIRECTION('',(0.,0.,1.));
#3709=DIRECTION('center_axis',(0.,-1.,0.));
#3710=DIRECTION('ref_axis',(1.,0.,0.));
#3711=DIRECTION('',(1.,0.,0.));
#3712=DIRECTION('',(0.,0.,1.));
#3713=DIRECTION('center_axis',(0.499999999999999,-0.866025403784439,0.));
#3714=DIRECTION('ref_axis',(0.866025403784439,0.499999999999999,0.));
#3715=DIRECTION('',(0.866025403784439,0.499999999999999,0.));
#3716=DIRECTION('',(0.866025403784439,0.499999999999999,0.));
#3717=DIRECTION('',(0.866025403784439,0.499999999999999,0.));
#3718=DIRECTION('',(0.,0.,1.));
#3719=DIRECTION('',(0.866025403784439,0.499999999999999,0.));
#3720=DIRECTION('',(0.,0.,1.));
#3721=DIRECTION('center_axis',(0.,1.,0.));
#3722=DIRECTION('ref_axis',(-1.,0.,0.));
#3723=DIRECTION('',(-1.,0.,0.));
#3724=DIRECTION('center_axis',(0.499999999999999,-0.866025403784439,0.));
#3725=DIRECTION('ref_axis',(0.866025403784439,0.499999999999999,0.));
#3726=DIRECTION('',(0.866025403784439,0.499999999999999,0.));
#3727=DIRECTION('',(0.866025403784439,0.499999999999999,0.));
#3728=DIRECTION('',(0.,0.,1.));
#3729=DIRECTION('center_axis',(0.,0.,1.));
#3730=DIRECTION('ref_axis',(0.922249535038505,0.386595130752137,0.));
#3731=DIRECTION('center_axis',(0.,0.,1.));
#3732=DIRECTION('ref_axis',(0.922249535038505,0.386595130752137,0.));
#3733=DIRECTION('center_axis',(0.,0.,1.));
#3734=DIRECTION('ref_axis',(0.922249535038505,0.386595130752137,0.));
#3735=DIRECTION('',(0.,0.,1.));
#3736=DIRECTION('center_axis',(0.,0.,1.));
#3737=DIRECTION('ref_axis',(-0.233153164042029,-0.972440024935826,0.));
#3738=DIRECTION('center_axis',(0.,0.,1.));
#3739=DIRECTION('ref_axis',(-0.233153164042029,-0.972440024935826,0.));
#3740=DIRECTION('center_axis',(0.,0.,1.));
#3741=DIRECTION('ref_axis',(-0.233153164042029,-0.972440024935826,0.));
#3742=DIRECTION('',(0.,0.,1.));
#3743=DIRECTION('center_axis',(4.63669486187865E-17,1.,0.));
#3744=DIRECTION('ref_axis',(-1.,4.63669486187865E-17,0.));
#3745=DIRECTION('',(-1.,4.63669486187865E-17,0.));
#3746=DIRECTION('',(-1.,4.63669486187865E-17,0.));
#3747=DIRECTION('center_axis',(0.5,0.866025403784439,0.));
#3748=DIRECTION('ref_axis',(-0.866025403784439,0.5,0.));
#3749=DIRECTION('',(-0.866025403784439,0.5,0.));
#3750=DIRECTION('',(-0.866025403784439,0.5,0.));
#3751=DIRECTION('',(0.,0.,1.));
#3752=DIRECTION('center_axis',(0.,0.,1.));
#3753=DIRECTION('ref_axis',(0.922249535038505,0.386595130752137,0.));
#3754=DIRECTION('center_axis',(0.,0.,1.));
#3755=DIRECTION('ref_axis',(0.922249535038505,0.386595130752137,0.));
#3756=DIRECTION('center_axis',(0.,0.,1.));
#3757=DIRECTION('ref_axis',(0.922249535038505,0.386595130752137,0.));
#3758=DIRECTION('',(0.,0.,1.));
#3759=DIRECTION('center_axis',(-0.866025403784439,-0.5,0.));
#3760=DIRECTION('ref_axis',(0.5,-0.866025403784439,0.));
#3761=DIRECTION('',(0.499999999999999,-0.866025403784439,0.));
#3762=DIRECTION('',(0.499999999999999,-0.866025403784439,0.));
#3763=DIRECTION('center_axis',(-0.5,-0.866025403784439,0.));
#3764=DIRECTION('ref_axis',(0.866025403784439,-0.5,0.));
#3765=DIRECTION('',(0.866025403784439,-0.5,0.));
#3766=DIRECTION('',(0.,0.,1.));
#3767=DIRECTION('',(0.866025403784439,-0.5,0.));
#3768=DIRECTION('',(0.,0.,1.));
#3769=DIRECTION('center_axis',(-1.07774993808521E-15,-1.,0.));
#3770=DIRECTION('ref_axis',(1.,-1.07774993808521E-15,0.));
#3771=DIRECTION('',(1.,-1.07774993808521E-15,0.));
#3772=DIRECTION('center_axis',(-2.51833449446753E-16,1.,0.));
#3773=DIRECTION('ref_axis',(-1.,-2.51833449446753E-16,0.));
#3774=DIRECTION('',(-1.,-2.51833449446753E-16,0.));
#3775=DIRECTION('',(-1.,-2.51833449446753E-16,0.));
#3776=DIRECTION('',(0.,0.,1.));
#3777=DIRECTION('center_axis',(0.,0.,1.));
#3778=DIRECTION('ref_axis',(0.922249535038505,0.386595130752137,0.));
#3779=DIRECTION('center_axis',(0.,0.,1.));
#3780=DIRECTION('ref_axis',(0.922249535038505,0.386595130752137,0.));
#3781=DIRECTION('center_axis',(0.,0.,1.));
#3782=DIRECTION('ref_axis',(0.922249535038505,0.386595130752137,0.));
#3783=DIRECTION('center_axis',(-0.866025403784439,0.5,0.));
#3784=DIRECTION('ref_axis',(-0.5,-0.866025403784439,0.));
#3785=DIRECTION('',(-0.5,-0.866025403784439,0.));
#3786=DIRECTION('',(0.,0.,1.));
#3787=DIRECTION('center_axis',(0.86602540378433,-0.500000000000189,0.));
#3788=DIRECTION('ref_axis',(0.500000000000189,0.86602540378433,0.));
#3789=DIRECTION('',(0.500000000000189,0.86602540378433,0.));
#3790=DIRECTION('',(0.500000000000189,0.86602540378433,0.));
#3791=DIRECTION('',(0.,0.,1.));
#3792=DIRECTION('center_axis',(1.,-9.6390772655158E-16,0.));
#3793=DIRECTION('ref_axis',(9.6390772655158E-16,1.,0.));
#3794=DIRECTION('',(0.,0.,1.));
#3795=DIRECTION('',(9.6390772655158E-16,1.,0.));
#3796=DIRECTION('',(-9.6390772655158E-16,-1.,0.));
#3797=DIRECTION('center_axis',(-0.5,0.866025403784439,0.));
#3798=DIRECTION('ref_axis',(-0.866025403784439,-0.5,0.));
#3799=DIRECTION('',(-0.866025403784439,-0.5,0.));
#3800=DIRECTION('',(-0.866025403784439,-0.5,0.));
#3801=DIRECTION('',(-0.866025403784439,-0.5,0.));
#3802=DIRECTION('',(-0.866025403784439,-0.5,0.));
#3803=DIRECTION('center_axis',(0.5,-0.866025403784439,0.));
#3804=DIRECTION('ref_axis',(0.866025403784439,0.5,0.));
#3805=DIRECTION('',(0.866025403784439,0.5,0.));
#3806=DIRECTION('',(0.,0.,1.));
#3807=DIRECTION('',(0.866025403784439,0.5,0.));
#3808=DIRECTION('',(0.,0.,1.));
#3809=DIRECTION('center_axis',(1.,0.,0.));
#3810=DIRECTION('ref_axis',(0.,1.,0.));
#3811=DIRECTION('',(0.,1.,0.));
#3812=DIRECTION('center_axis',(-0.866025403784439,0.5,0.));
#3813=DIRECTION('ref_axis',(-0.5,-0.866025403784439,0.));
#3814=DIRECTION('',(-0.5,-0.866025403784439,0.));
#3815=DIRECTION('',(-0.5,-0.866025403784439,0.));
#3816=DIRECTION('',(0.,0.,1.));
#3817=DIRECTION('center_axis',(0.,0.,1.));
#3818=DIRECTION('ref_axis',(-0.955064136811237,-0.296399214872452,0.));
#3819=DIRECTION('center_axis',(0.,0.,1.));
#3820=DIRECTION('ref_axis',(-0.955064136811237,-0.296399214872452,0.));
#3821=DIRECTION('center_axis',(0.,0.,1.));
#3822=DIRECTION('ref_axis',(-0.955064136811237,-0.296399214872452,0.));
#3823=DIRECTION('center_axis',(-0.86602540378444,-0.499999999999998,0.));
#3824=DIRECTION('ref_axis',(0.499999999999998,-0.86602540378444,0.));
#3825=DIRECTION('',(0.,0.,1.));
#3826=DIRECTION('',(0.499999999999998,-0.86602540378444,0.));
#3827=DIRECTION('center_axis',(-1.,6.23496421511135E-16,0.));
#3828=DIRECTION('ref_axis',(-6.23496421511135E-16,-1.,0.));
#3829=DIRECTION('',(0.,0.,1.));
#3830=DIRECTION('',(-6.23496421511135E-16,-1.,0.));
#3831=DIRECTION('center_axis',(-0.866025403784438,0.500000000000001,0.));
#3832=DIRECTION('ref_axis',(-0.500000000000001,-0.866025403784438,0.));
#3833=DIRECTION('',(0.,0.,1.));
#3834=DIRECTION('',(-0.500000000000001,-0.866025403784438,0.));
#3835=DIRECTION('center_axis',(-0.499999999999999,0.866025403784439,0.));
#3836=DIRECTION('ref_axis',(-0.866025403784439,-0.499999999999999,0.));
#3837=DIRECTION('',(0.,0.,1.));
#3838=DIRECTION('',(-0.866025403784439,-0.499999999999999,0.));
#3839=DIRECTION('center_axis',(0.,1.,0.));
#3840=DIRECTION('ref_axis',(-1.,0.,0.));
#3841=DIRECTION('',(0.,0.,1.));
#3842=DIRECTION('',(-1.,0.,0.));
#3843=DIRECTION('center_axis',(0.500000000000001,0.866025403784438,0.));
#3844=DIRECTION('ref_axis',(-0.866025403784438,0.500000000000001,0.));
#3845=DIRECTION('',(-0.866025403784438,0.500000000000001,0.));
#3846=DIRECTION('center_axis',(0.,0.,1.));
#3847=DIRECTION('ref_axis',(-1.,0.,0.));
#3848=DIRECTION('center_axis',(0.,0.,1.));
#3849=DIRECTION('ref_axis',(-1.,0.,0.));
#3850=DIRECTION('',(0.,0.,1.));
#3851=DIRECTION('',(1.,0.,0.));
#3852=CARTESIAN_POINT('',(0.,0.,0.));
#3853=CARTESIAN_POINT('',(0.,0.,0.));
#3854=CARTESIAN_POINT('Origin',(-31.1305911542945,-32.5520786851692,6.665));
#3855=CARTESIAN_POINT('',(-3.35520249572049,-48.0108565348538,7.165));
#3856=CARTESIAN_POINT('',(-39.9010201687733,-26.9111188635618,7.165));
#3857=CARTESIAN_POINT('',(-30.8805911542945,-32.119065983277,7.165));
#3858=CARTESIAN_POINT('',(-40.6330709763422,-27.6431696711306,6.165));
#3859=CARTESIAN_POINT('',(-39.9010201687733,-26.9111188635618,7.165));
#3860=CARTESIAN_POINT('',(-3.6231516881516,-49.0108565348538,6.165));
#3861=CARTESIAN_POINT('',(-31.3805911542945,-32.9850913870614,6.165));
#3862=CARTESIAN_POINT('',(-3.35520249572049,-48.0108565348538,7.165));
#3863=CARTESIAN_POINT('Origin',(-42.9174220405637,-22.686557565575,6.665));
#3864=CARTESIAN_POINT('',(-43.2562226644938,-21.099737671292,7.165));
#3865=CARTESIAN_POINT('',(-42.4844093386715,-22.436557565575,7.165));
#3866=CARTESIAN_POINT('',(-44.2562226644938,-21.3676868637231,6.165));
#3867=CARTESIAN_POINT('',(-43.2562226644938,-21.099737671292,7.165));
#3868=CARTESIAN_POINT('',(-43.3504347424559,-22.936557565575,6.165));
#3869=CARTESIAN_POINT('Origin',(-43.7562226644937,10.6838434318616,6.665));
#3870=CARTESIAN_POINT('',(-43.2562226644937,21.0997376712921,7.165));
#3871=CARTESIAN_POINT('',(-43.2562226644937,10.6838434318616,7.165));
#3872=CARTESIAN_POINT('',(-44.2562226644937,21.3676868637232,6.165));
#3873=CARTESIAN_POINT('',(-43.2562226644937,21.0997376712921,7.165));
#3874=CARTESIAN_POINT('',(-44.2562226644937,10.6838434318616,6.165));
#3875=CARTESIAN_POINT('Origin',(-41.1058461964878,25.8242989692788,6.665));
#3876=CARTESIAN_POINT('',(-39.9010201687733,26.9111188635618,7.165));
#3877=CARTESIAN_POINT('',(-40.6728334945956,25.5742989692788,7.165));
#3878=CARTESIAN_POINT('',(-40.6330709763421,27.6431696711307,6.165));
#3879=CARTESIAN_POINT('',(-39.9010201687733,26.9111188635618,7.165));
#3880=CARTESIAN_POINT('',(-41.53885889838,26.0742989692788,6.165));
#3881=CARTESIAN_POINT('Origin',(-12.6256315101992,43.2359221170308,6.665));
#3882=CARTESIAN_POINT('',(-3.35520249572042,48.0108565348538,7.165));
#3883=CARTESIAN_POINT('',(-12.3756315101992,42.8029094151386,7.165));
#3884=CARTESIAN_POINT('',(-3.62315168815154,49.0108565348538,6.165));
#3885=CARTESIAN_POINT('',(-3.35520249572042,48.0108565348538,7.165));
#3886=CARTESIAN_POINT('',(-12.8756315101992,43.668934818923,6.165));
#3887=CARTESIAN_POINT('Origin',(1.81157584407581,48.5108565348538,6.665));
#3888=CARTESIAN_POINT('',(3.35520249572049,48.0108565348538,7.165));
#3889=CARTESIAN_POINT('',(1.81157584407581,48.0108565348538,7.165));
#3890=CARTESIAN_POINT('',(3.62315168815162,49.0108565348538,6.165));
#3891=CARTESIAN_POINT('',(3.35520249572049,48.0108565348538,7.165));
#3892=CARTESIAN_POINT('',(1.81157584407581,49.0108565348538,6.165));
#3893=CARTESIAN_POINT('Origin',(31.1305911542946,32.5520786851692,6.665));
#3894=CARTESIAN_POINT('',(39.9010201687733,26.9111188635617,7.165));
#3895=CARTESIAN_POINT('',(30.8805911542946,32.119065983277,7.165));
#3896=CARTESIAN_POINT('',(40.6330709763422,27.6431696711306,6.165));
#3897=CARTESIAN_POINT('',(39.9010201687733,26.9111188635617,7.165));
#3898=CARTESIAN_POINT('',(31.3805911542946,32.9850913870614,6.165));
#3899=CARTESIAN_POINT('Origin',(42.9174220405637,22.686557565575,6.665));
#3900=CARTESIAN_POINT('',(44.2562226644938,21.3676868637232,6.165));
#3901=CARTESIAN_POINT('',(43.3504347424559,22.936557565575,6.165));
#3902=CARTESIAN_POINT('',(43.2562226644938,21.099737671292,7.165));
#3903=CARTESIAN_POINT('',(42.4844093386714,22.436557565575,7.165));
#3904=CARTESIAN_POINT('',(43.2562226644938,21.099737671292,7.165));
#3905=CARTESIAN_POINT('Origin',(43.7562226644938,-10.6838434318616,6.665));
#3906=CARTESIAN_POINT('',(44.2562226644937,-21.3676868637232,6.165));
#3907=CARTESIAN_POINT('',(44.2562226644937,-10.6838434318616,6.165));
#3908=CARTESIAN_POINT('',(43.2562226644938,-21.0997376712921,7.165));
#3909=CARTESIAN_POINT('',(43.2562226644938,-10.6838434318616,7.165));
#3910=CARTESIAN_POINT('',(43.2562226644938,-21.0997376712921,7.165));
#3911=CARTESIAN_POINT('Origin',(41.1058461964879,-25.8242989692788,6.665));
#3912=CARTESIAN_POINT('',(40.6330709763422,-27.6431696711307,6.165));
#3913=CARTESIAN_POINT('',(41.5388588983801,-26.0742989692788,6.165));
#3914=CARTESIAN_POINT('',(39.9010201687733,-26.9111188635618,7.165));
#3915=CARTESIAN_POINT('',(40.6728334945957,-25.5742989692788,7.165));
#3916=CARTESIAN_POINT('',(39.9010201687733,-26.9111188635618,7.165));
#3917=CARTESIAN_POINT('Origin',(12.6256315101992,-43.2359221170308,6.665));
#3918=CARTESIAN_POINT('',(3.62315168815158,-49.0108565348538,6.165));
#3919=CARTESIAN_POINT('',(12.8756315101992,-43.668934818923,6.165));
#3920=CARTESIAN_POINT('',(3.35520249572046,-48.0108565348538,7.165));
#3921=CARTESIAN_POINT('',(12.3756315101992,-42.8029094151386,7.165));
#3922=CARTESIAN_POINT('',(3.35520249572046,-48.0108565348538,7.165));
#3923=CARTESIAN_POINT('Origin',(-1.8115758440758,-48.5108565348538,6.665));
#3924=CARTESIAN_POINT('',(-1.8115758440758,-49.0108565348538,6.165));
#3925=CARTESIAN_POINT('',(-1.8115758440758,-48.0108565348538,7.165));
#3926=CARTESIAN_POINT('Origin',(44.2562226644938,21.3676868637232,1.51));
#3927=CARTESIAN_POINT('',(44.2562226644938,21.3676868637232,1.51));
#3928=CARTESIAN_POINT('',(44.2562226644938,21.3676868637232,1.51));
#3929=CARTESIAN_POINT('',(40.6330709763422,27.6431696711306,1.51));
#3930=CARTESIAN_POINT('',(44.2562226644938,21.3676868637232,1.51));
#3931=CARTESIAN_POINT('',(40.6330709763422,27.6431696711306,1.51));
#3932=CARTESIAN_POINT('Origin',(44.2562226644937,-21.3676868637232,1.51));
#3933=CARTESIAN_POINT('',(44.2562226644937,-21.3676868637232,1.51));
#3934=CARTESIAN_POINT('',(44.2562226644937,-21.3676868637232,1.51));
#3935=CARTESIAN_POINT('',(44.2562226644937,-21.3676868637232,1.51));
#3936=CARTESIAN_POINT('Origin',(40.6330709763422,-27.6431696711307,1.51));
#3937=CARTESIAN_POINT('',(40.6330709763422,-27.6431696711307,1.51));
#3938=CARTESIAN_POINT('',(40.6330709763422,-27.6431696711307,1.51));
#3939=CARTESIAN_POINT('',(40.6330709763422,-27.6431696711307,1.51));
#3940=CARTESIAN_POINT('Origin',(3.62315168815158,-49.0108565348538,1.51));
#3941=CARTESIAN_POINT('',(3.62315168815158,-49.0108565348538,1.51));
#3942=CARTESIAN_POINT('',(3.62315168815158,-49.0108565348538,1.51));
#3943=CARTESIAN_POINT('',(3.62315168815158,-49.0108565348538,1.51));
#3944=CARTESIAN_POINT('Origin',(-3.6231516881516,-49.0108565348538,1.51));
#3945=CARTESIAN_POINT('',(-3.6231516881516,-49.0108565348538,1.51));
#3946=CARTESIAN_POINT('',(-3.6231516881516,-49.0108565348538,1.51));
#3947=CARTESIAN_POINT('',(-3.6231516881516,-49.0108565348538,1.51));
#3948=CARTESIAN_POINT('Origin',(-40.6330709763422,-27.6431696711306,1.51));
#3949=CARTESIAN_POINT('',(-40.6330709763422,-27.6431696711306,1.51));
#3950=CARTESIAN_POINT('',(-40.6330709763422,-27.6431696711306,1.51));
#3951=CARTESIAN_POINT('',(-40.6330709763422,-27.6431696711306,1.51));
#3952=CARTESIAN_POINT('Origin',(4.44089209850063E-15,4.44089209850063E-15,
7.165));
#3953=CARTESIAN_POINT('',(-3.17299704486732,-47.3308565348538,7.165));
#3954=CARTESIAN_POINT('',(-39.4032256196265,-26.4133243144149,7.165));
#3955=CARTESIAN_POINT('',(-12.2305541885571,-42.1014734797441,7.165));
#3956=CARTESIAN_POINT('',(-42.5762226644938,-20.9175322204389,7.165));
#3957=CARTESIAN_POINT('',(-40.1964748808433,-25.0393762909209,7.165));
#3958=CARTESIAN_POINT('',(-42.5762226644937,20.9175322204389,7.165));
#3959=CARTESIAN_POINT('',(-42.5762226644938,-10.4587661102194,7.165));
#3960=CARTESIAN_POINT('',(-39.4032256196264,26.413324314415,7.165));
#3961=CARTESIAN_POINT('',(-41.7829734032769,22.2914802439329,7.165));
#3962=CARTESIAN_POINT('',(-3.17299704486726,47.3308565348538,7.165));
#3963=CARTESIAN_POINT('',(-30.3456684759366,31.6427073695247,7.165));
#3964=CARTESIAN_POINT('',(3.17299704486733,47.3308565348538,7.165));
#3965=CARTESIAN_POINT('',(-1.58649852243363,47.3308565348538,7.165));
#3966=CARTESIAN_POINT('',(39.4032256196265,26.4133243144149,7.165));
#3967=CARTESIAN_POINT('',(12.2305541885571,42.1014734797441,7.165));
#3968=CARTESIAN_POINT('',(42.5762226644938,20.9175322204389,7.165));
#3969=CARTESIAN_POINT('',(40.1964748808433,25.0393762909209,7.165));
#3970=CARTESIAN_POINT('',(42.5762226644937,-20.9175322204389,7.165));
#3971=CARTESIAN_POINT('',(42.5762226644938,10.4587661102194,7.165));
#3972=CARTESIAN_POINT('',(39.4032256196265,-26.4133243144149,7.165));
#3973=CARTESIAN_POINT('',(41.7829734032769,-22.2914802439329,7.165));
#3974=CARTESIAN_POINT('',(3.1729970448673,-47.3308565348538,7.165));
#3975=CARTESIAN_POINT('',(30.3456684759367,-31.6427073695247,7.165));
#3976=CARTESIAN_POINT('',(1.58649852243365,-47.3308565348538,7.165));
#3977=CARTESIAN_POINT('Origin',(12.2569288191647,-22.0696235524833,1.51));
#3978=CARTESIAN_POINT('',(12.2569288191647,-22.0696235524833,1.51));
#3979=CARTESIAN_POINT('',(13.3481208279331,-21.4396235524833,1.51));
#3980=CARTESIAN_POINT('',(12.4387941740805,-21.9646235408665,1.51));
#3981=CARTESIAN_POINT('',(12.2569288191647,-22.0696235524833,2.51));
#3982=CARTESIAN_POINT('',(12.2569288191647,-22.0696235524833,1.51));
#3983=CARTESIAN_POINT('',(13.3481208279331,-21.4396235524833,2.51));
#3984=CARTESIAN_POINT('',(12.2569288191647,-22.0696235524833,2.51));
#3985=CARTESIAN_POINT('',(13.3481208279331,-21.4396235524833,1.51));
#3986=CARTESIAN_POINT('Origin',(9.2934292546447,-15.3974777849934,2.51));
#3987=CARTESIAN_POINT('',(5.23873768135626,-9.91375992456942,2.51));
#3988=CARTESIAN_POINT('',(6.93283387159572,-12.848020598973,2.51));
#3989=CARTESIAN_POINT('',(6.00752118765711,-8.72533201750342,2.51));
#3990=CARTESIAN_POINT('Origin',(-5.93584807271099,-1.84214561345795,2.51));
#3991=CARTESIAN_POINT('',(15.8668473508937,-25.8021858606224,2.51));
#3992=CARTESIAN_POINT('Origin',(5.23873768135626,-9.91375992456942,1.51));
#3993=CARTESIAN_POINT('',(20.9243806224155,-37.0820904478681,1.51));
#3994=CARTESIAN_POINT('',(5.23873768135626,-9.91375992456942,1.51));
#3995=CARTESIAN_POINT('',(20.9243806224155,-37.0820904478681,5.565));
#3996=CARTESIAN_POINT('',(20.9243806224155,-37.0820904478681,1.51));
#3997=CARTESIAN_POINT('',(20.0243806224155,-35.5232447210561,3.765));
#3998=CARTESIAN_POINT('',(16.2710948871507,-29.022363132254,-3.7415714705296));
#3999=CARTESIAN_POINT('',(5.23873768135626,-9.91375992456942,3.765));
#4000=CARTESIAN_POINT('',(5.23873768135626,-9.91375992456942,3.765));
#4001=CARTESIAN_POINT('',(5.23873768135626,-9.91375992456942,1.51));
#4002=CARTESIAN_POINT('Origin',(4.44089209850063E-15,4.44089209850063E-15,
5.565));
#4003=CARTESIAN_POINT('',(-34.1761755433769,-29.4311630830053,5.565));
#4004=CARTESIAN_POINT('',(-32.9161755433769,-30.1586244221842,5.565));
#4005=CARTESIAN_POINT('',(-12.2305541885571,-42.1014734797441,5.565));
#4006=CARTESIAN_POINT('',(-32.9161755433769,-22.0525717369253,5.565));
#4007=CARTESIAN_POINT('',(-32.9161755433769,-15.0793122110921,5.565));
#4008=CARTESIAN_POINT('',(-34.1761755433769,-22.7800330761042,5.565));
#4009=CARTESIAN_POINT('',(-15.3480878788715,-11.9096315946762,5.565));
#4010=CARTESIAN_POINT('',(-34.1761755433768,-10.3507860535108,5.565));
#4011=CARTESIAN_POINT('Origin',(4.44089209850063E-15,4.44089209850063E-15,
5.565));
#4012=CARTESIAN_POINT('',(8.80364482935533,-44.0800005207677,5.565));
#4013=CARTESIAN_POINT('',(10.0636448293553,-43.3525391815888,5.565));
#4014=CARTESIAN_POINT('',(30.3456684759367,-31.6427073695247,5.565));
#4015=CARTESIAN_POINT('',(4.12886117165164,-39.9260902392313,5.565));
#4016=CARTESIAN_POINT('',(-3.09632204410695,-35.7546287646687,5.565));
#4017=CARTESIAN_POINT('',(-4.14327117165163,-39.9260902392314,5.565));
#4018=CARTESIAN_POINT('Origin',(-0.007205,-38.993054,5.565));
#4019=CARTESIAN_POINT('',(-10.0708498293553,-43.3483793728992,5.565));
#4020=CARTESIAN_POINT('',(6.05470762295878,-34.038284436973,5.565));
#4021=CARTESIAN_POINT('',(-8.81084982935535,-44.0758407120782,5.565));
#4022=CARTESIAN_POINT('',(-12.2305541885571,-42.1014734797441,5.565));
#4023=CARTESIAN_POINT('',(-2.58796070327763,-40.483054,5.565));
#4024=CARTESIAN_POINT('',(4.03591829410693,-36.6587556777805,5.565));
#4025=CARTESIAN_POINT('',(2.57355070327763,-40.483054,5.565));
#4026=CARTESIAN_POINT('Origin',(-0.007205,-38.993054,5.565));
#4027=CARTESIAN_POINT('',(-7.15636910714579,-34.8654821782586,5.565));
#4028=CARTESIAN_POINT('Origin',(4.44089209850063E-15,4.44089209850063E-15,
5.565));
#4029=CARTESIAN_POINT('',(-42.5762226644937,-13.4269321820863,5.565));
#4030=CARTESIAN_POINT('',(-42.5762226644937,-14.8818548604442,5.565));
#4031=CARTESIAN_POINT('',(-42.5762226644938,-10.4587661102194,5.565));
#4032=CARTESIAN_POINT('',(-36.3961761255569,-18.4499063933038,5.565));
#4033=CARTESIAN_POINT('',(-29.832155256453,-22.2396456090473,5.565));
#4034=CARTESIAN_POINT('',(-35.1361761255569,-17.7224450541249,5.565));
#4035=CARTESIAN_POINT('',(-18.3030881699616,-8.00385719166928,5.565));
#4036=CARTESIAN_POINT('',(-24.8971319869846,-23.6339599437741,5.565));
#4037=CARTESIAN_POINT('Origin',(4.44089209850063E-15,4.44089209850063E-15,
5.565));
#4038=CARTESIAN_POINT('',(32.9161755433768,-30.1586244221842,5.565));
#4039=CARTESIAN_POINT('',(34.1761755433768,-29.4311630830053,5.565));
#4040=CARTESIAN_POINT('',(30.3456684759367,-31.6427073695247,5.565));
#4041=CARTESIAN_POINT('',(34.1761755433769,-22.2952729764137,5.565));
#4042=CARTESIAN_POINT('',(34.1761755433769,-14.7155815415027,5.565));
#4043=CARTESIAN_POINT('',(32.9161755433768,-21.5678116372348,5.565));
#4044=CARTESIAN_POINT('',(16.0830415191398,-11.8491971770365,5.565));
#4045=CARTESIAN_POINT('',(32.9161755433769,-9.7446753340761,5.565));
#4046=CARTESIAN_POINT('Origin',(4.44089209850063E-15,4.44089209850063E-15,
5.565));
#4047=CARTESIAN_POINT('',(-42.5762226644937,16.545,5.565));
#4048=CARTESIAN_POINT('',(-42.5762226644937,15.285,5.565));
#4049=CARTESIAN_POINT('',(-42.5762226644938,-10.4587661102194,5.565));
#4050=CARTESIAN_POINT('',(-31.7543964175195,15.285,5.565));
#4051=CARTESIAN_POINT('',(-21.2881113322469,15.285,5.565));
#4052=CARTESIAN_POINT('',(-33.9367804350562,16.545,5.565));
#4053=CARTESIAN_POINT('',(-15.1871981867384,5.71992364174065,5.565));
#4054=CARTESIAN_POINT('',(-15.1683902175281,16.545,5.565));
#4055=CARTESIAN_POINT('Origin',(4.44089209850063E-15,4.44089209850063E-15,
5.565));
#4056=CARTESIAN_POINT('',(42.5762226644937,-14.8818548604442,5.565));
#4057=CARTESIAN_POINT('',(42.5762226644937,-13.4269321820864,5.565));
#4058=CARTESIAN_POINT('',(42.5762226644938,10.4587661102194,5.565));
#4059=CARTESIAN_POINT('',(35.5559906866299,-17.4800650042797,5.565));
#4060=CARTESIAN_POINT('',(29.517155256453,-20.9665882654842,5.565));
#4061=CARTESIAN_POINT('',(36.8159906866299,-18.2075263434586,5.565));
#4062=CARTESIAN_POINT('',(17.9879490907663,-7.33715145977325,5.565));
#4063=CARTESIAN_POINT('',(26.0520392675211,-24.4220965928251,5.565));
#4064=CARTESIAN_POINT('Origin',(4.44089209850063E-15,4.44089209850063E-15,
5.565));
#4065=CARTESIAN_POINT('',(-34.5115906157553,29.2375111006774,5.565));
#4066=CARTESIAN_POINT('',(-35.6027826245237,28.6075111006774,5.565));
#4067=CARTESIAN_POINT('',(-30.3456684759366,31.6427073695247,5.565));
#4068=CARTESIAN_POINT('',(-30.849342672639,20.3743115932853,5.565));
#4069=CARTESIAN_POINT('',(-24.9587269584002,10.1714658883602,5.565));
#4070=CARTESIAN_POINT('',(-28.6669586551022,19.1143115932854,5.565));
#4071=CARTESIAN_POINT('',(-13.5196713142981,10.3690211695795,5.565));
#4072=CARTESIAN_POINT('',(-20.0452189693053,4.18102040785218,5.565));
#4073=CARTESIAN_POINT('Origin',(4.44089209850063E-15,4.44089209850063E-15,
5.565));
#4074=CARTESIAN_POINT('',(42.5762226644938,15.266946,5.565));
#4075=CARTESIAN_POINT('',(42.5762226644938,16.526946,5.565));
#4076=CARTESIAN_POINT('',(42.5762226644938,10.4587661102194,5.565));
#4077=CARTESIAN_POINT('',(33.6145402936266,16.526946,5.565));
#4078=CARTESIAN_POINT('',(21.2881113322469,16.526946,5.565));
#4079=CARTESIAN_POINT('',(31.4321562760898,15.266946,5.565));
#4080=CARTESIAN_POINT('',(16.0808989127732,6.40389342888997,5.565));
#4081=CARTESIAN_POINT('',(13.9160781380449,15.266946,5.565));
#4082=CARTESIAN_POINT('Origin',(4.44089209850063E-15,4.44089209850063E-15,
5.565));
#4083=CARTESIAN_POINT('',(35.5864397358436,28.6169466718561,5.565));
#4084=CARTESIAN_POINT('',(34.4952477270752,29.2469466718561,5.565));
#4085=CARTESIAN_POINT('',(12.2305541885571,42.1014734797441,5.565));
#4086=CARTESIAN_POINT('',(28.779757725817,19.3474275995251,5.565));
#4087=CARTESIAN_POINT('',(23.8511920609518,10.8109014595389,5.565));
#4088=CARTESIAN_POINT('',(30.9621417433539,20.6074275995251,5.565));
#4089=CARTESIAN_POINT('',(12.4485076288684,9.91857595984867,5.565));
#4090=CARTESIAN_POINT('',(21.7302350734753,4.61729619656141,5.565));
#4091=CARTESIAN_POINT('Origin',(4.44089209850063E-15,4.44089209850063E-15,
5.565));
#4092=CARTESIAN_POINT('',(16.6174481224234,39.56869908612,5.565));
#4093=CARTESIAN_POINT('',(14.4350641048867,40.82869908612,5.565));
#4094=CARTESIAN_POINT('',(12.2305541885571,42.1014734797441,5.565));
#4095=CARTESIAN_POINT('',(-14.4350641048866,40.82869908612,5.565));
#4096=CARTESIAN_POINT('',(7.21753205244333,40.82869908612,5.565));
#4097=CARTESIAN_POINT('',(-16.6174481224234,39.56869908612,5.565));
#4098=CARTESIAN_POINT('',(-30.3456684759366,31.6427073695247,5.565));
#4099=CARTESIAN_POINT('',(-8.30872406121171,39.56869908612,5.565));
#4100=CARTESIAN_POINT('Origin',(16.5330415191398,-11.0697743136305,4.665));
#4101=CARTESIAN_POINT('',(34.1761755433769,-20.2168120073311,3.765));
#4102=CARTESIAN_POINT('',(34.1761755433769,-19.9007688530013,3.49129859965824));
#4103=CARTESIAN_POINT('',(32.9161755433769,-19.4893506681521,3.765));
#4104=CARTESIAN_POINT('',(16.9830415191398,-10.2903514502245,3.765));
#4105=CARTESIAN_POINT('',(32.9161755433769,-16.7484818748237,1.39133799653757));
#4106=CARTESIAN_POINT('Origin',(32.9161755433769,-19.4893506681521,1.51));
#4107=CARTESIAN_POINT('',(32.9161755433769,-19.4893506681521,1.51));
#4108=CARTESIAN_POINT('',(32.9161755433769,-19.4893506681521,1.51));
#4109=CARTESIAN_POINT('',(32.9161755433768,-30.1586244221842,1.51));
#4110=CARTESIAN_POINT('',(32.9161755433769,-19.4893506681521,1.51));
#4111=CARTESIAN_POINT('',(32.9161755433768,-30.1586244221842,1.51));
#4112=CARTESIAN_POINT('Origin',(17.5379490907663,-8.11657432317924,4.665));
#4113=CARTESIAN_POINT('',(35.0159906866299,-19.2467568279999,3.765));
#4114=CARTESIAN_POINT('',(33.0510944727006,-20.3811901860416,1.80010378607072));
#4115=CARTESIAN_POINT('',(33.7559906866299,-18.519295488821,3.765));
#4116=CARTESIAN_POINT('',(33.7974081666105,-18.495383095605,3.80641747998058));
#4117=CARTESIAN_POINT('',(17.0879490907663,-8.89599718658524,3.765));
#4118=CARTESIAN_POINT('Origin',(37.4441247358092,-17.8448729810777,1.51));
#4119=CARTESIAN_POINT('',(37.4441247358092,-17.8448729810777,3.765));
#4120=CARTESIAN_POINT('',(26.0520392675211,-24.4220965928251,3.765));
#4121=CARTESIAN_POINT('',(37.4441247358092,-17.8448729810777,1.51));
#4122=CARTESIAN_POINT('',(37.4441247358092,-17.8448729810777,1.51));
#4123=CARTESIAN_POINT('',(42.5762226644937,-14.8818548604442,1.51));
#4124=CARTESIAN_POINT('',(35.0159906866299,-19.2467568279999,1.51));
#4125=CARTESIAN_POINT('',(42.5762226644937,-14.8818548604442,1.51));
#4126=CARTESIAN_POINT('Origin',(15.6308989127732,7.18331629229596,4.665));
#4127=CARTESIAN_POINT('',(30.0145402936266,16.526946,3.765));
#4128=CARTESIAN_POINT('',(29.0147566896321,16.526946,3.26510819800277));
#4129=CARTESIAN_POINT('',(27.8321562760898,15.266946,3.765));
#4130=CARTESIAN_POINT('',(15.1808989127732,7.96273915570196,3.765));
#4131=CARTESIAN_POINT('',(22.6806533307631,15.266946,1.18924852733668));
#4132=CARTESIAN_POINT('Origin',(27.8321562760898,15.266946,1.51));
#4133=CARTESIAN_POINT('',(27.8321562760898,15.266946,1.51));
#4134=CARTESIAN_POINT('',(27.8321562760898,15.266946,1.51));
#4135=CARTESIAN_POINT('',(42.5762226644938,15.266946,1.51));
#4136=CARTESIAN_POINT('',(27.8321562760898,15.266946,1.51));
#4137=CARTESIAN_POINT('',(42.5762226644938,15.266946,1.51));
#4138=CARTESIAN_POINT('Origin',(12.8985076288684,9.13915309644268,4.665));
#4139=CARTESIAN_POINT('',(29.1621417433538,17.4897361459011,3.765));
#4140=CARTESIAN_POINT('',(26.7638703419078,13.3358082282571,1.36672859855397));
#4141=CARTESIAN_POINT('',(26.979757725817,16.2297361459011,3.765));
#4142=CARTESIAN_POINT('',(27.2142037069306,16.6358084968201,3.99944598111355));
#4143=CARTESIAN_POINT('',(13.3485076288684,8.35973023303668,3.765));
#4144=CARTESIAN_POINT('Origin',(31.1870302969815,20.9969460004488,1.51));
#4145=CARTESIAN_POINT('',(31.1870302969815,20.9969460004488,3.765));
#4146=CARTESIAN_POINT('',(21.7302350734753,4.61729619656141,3.765));
#4147=CARTESIAN_POINT('',(31.1870302969815,20.9969460004488,1.51));
#4148=CARTESIAN_POINT('',(31.1870302969815,20.9969460004488,1.51));
#4149=CARTESIAN_POINT('',(35.5864397358436,28.6169466718561,1.51));
#4150=CARTESIAN_POINT('',(29.1621417433538,17.4897361459011,1.51));
#4151=CARTESIAN_POINT('',(35.5864397358436,28.6169466718561,1.51));
#4152=CARTESIAN_POINT('Origin',(-14.7371981867384,6.49934650514664,4.665));
#4153=CARTESIAN_POINT('',(-30.3367804350562,16.545,3.765));
#4154=CARTESIAN_POINT('',(-25.2112353617066,16.545,1.20222746332518));
#4155=CARTESIAN_POINT('',(-28.1543964175194,15.285,3.765));
#4156=CARTESIAN_POINT('',(-28.2852476239967,15.285,3.83042560323864));
#4157=CARTESIAN_POINT('',(-14.2871981867384,7.27876936855264,3.765));
#4158=CARTESIAN_POINT('Origin',(-33.8,16.545,1.51));
#4159=CARTESIAN_POINT('',(-33.8,16.545,3.765));
#4160=CARTESIAN_POINT('',(-15.1683902175281,16.545,3.765));
#4161=CARTESIAN_POINT('',(-33.8,16.545,1.51));
#4162=CARTESIAN_POINT('',(-33.8,16.545,1.51));
#4163=CARTESIAN_POINT('',(-42.5762226644937,16.545,1.51));
#4164=CARTESIAN_POINT('',(-30.3367804350562,16.545,1.51));
#4165=CARTESIAN_POINT('',(-42.5762226644937,16.545,1.51));
#4166=CARTESIAN_POINT('Origin',(-13.9696713142981,9.58959830617351,4.665));
#4167=CARTESIAN_POINT('',(-29.049342672639,17.2566201396614,3.765));
#4168=CARTESIAN_POINT('',(-28.6992843817247,16.6503013941871,3.4149417090857));
#4169=CARTESIAN_POINT('',(-26.8669586551022,15.9966201396614,3.765));
#4170=CARTESIAN_POINT('',(-14.4196713142981,8.81017544276752,3.765));
#4171=CARTESIAN_POINT('',(-24.3320011869414,11.6059450097807,1.23004253183918));
#4172=CARTESIAN_POINT('Origin',(-26.8669586551022,15.9966201396614,1.51));
#4173=CARTESIAN_POINT('',(-26.8669586551022,15.9966201396614,1.51));
#4174=CARTESIAN_POINT('',(-26.8669586551022,15.9966201396614,1.51));
#4175=CARTESIAN_POINT('',(-34.5115906157553,29.2375111006774,1.51));
#4176=CARTESIAN_POINT('',(-26.8669586551022,15.9966201396614,1.51));
#4177=CARTESIAN_POINT('',(-34.5115906157553,29.2375111006774,1.51));
#4178=CARTESIAN_POINT('Origin',(-15.7980878788715,-11.1302087312702,4.665));
#4179=CARTESIAN_POINT('',(-34.1761755433769,-20.7015721070216,3.765));
#4180=CARTESIAN_POINT('',(-34.1761755433769,-18.4326369967417,1.80004455495922));
#4181=CARTESIAN_POINT('',(-32.9161755433769,-19.9741107678426,3.765));
#4182=CARTESIAN_POINT('',(-32.9161755433769,-20.0218671094544,3.80635820502761));
#4183=CARTESIAN_POINT('',(-16.2480878788715,-10.3507858678642,3.765));
#4184=CARTESIAN_POINT('Origin',(-34.1761755433769,-23.5051270189214,1.51));
#4185=CARTESIAN_POINT('',(-34.1761755433769,-23.5051270189214,3.765));
#4186=CARTESIAN_POINT('',(-34.1761755433768,-10.3507860535108,3.765));
#4187=CARTESIAN_POINT('',(-34.1761755433769,-23.5051270189214,1.51));
#4188=CARTESIAN_POINT('',(-34.1761755433769,-23.5051270189214,1.51));
#4189=CARTESIAN_POINT('',(-34.1761755433769,-29.4311630830053,1.51));
#4190=CARTESIAN_POINT('',(-34.1761755433769,-20.7015721070216,1.51));
#4191=CARTESIAN_POINT('',(-34.1761755433769,-29.4311630830053,1.51));
#4192=CARTESIAN_POINT('Origin',(-17.8530881699616,-8.78328005507527,4.665));
#4193=CARTESIAN_POINT('',(-34.5961761255569,-19.4891368778452,3.765));
#4194=CARTESIAN_POINT('',(-34.3225340001681,-19.6471242326,3.4913578746112));
#4195=CARTESIAN_POINT('',(-33.3361761255569,-18.7616755386662,3.765));
#4196=CARTESIAN_POINT('',(-17.4030881699616,-9.56270291848127,3.765));
#4197=CARTESIAN_POINT('',(-30.962520703329,-20.1321061356529,1.3913445777721));
#4198=CARTESIAN_POINT('Origin',(-42.5762226644937,-14.8818548604442,1.51));
#4199=CARTESIAN_POINT('',(-42.5762226644937,-14.8818548604442,1.51));
#4200=CARTESIAN_POINT('',(-42.5762226644937,-14.8818548604442,1.51));
#4201=CARTESIAN_POINT('',(-37.4441247358092,-17.8448729810778,1.51));
#4202=CARTESIAN_POINT('',(-34.5961761255569,-19.4891368778452,1.51));
#4203=CARTESIAN_POINT('',(-37.4441247358092,-17.8448729810778,3.765));
#4204=CARTESIAN_POINT('',(-37.4441247358092,-17.8448729810778,1.51));
#4205=CARTESIAN_POINT('',(-29.832155256453,-22.2396456090473,3.765));
#4206=CARTESIAN_POINT('Origin',(-21.0199774683836,-35.9876670985734,4.665));
#4207=CARTESIAN_POINT('',(-20.7518436045202,-35.1032437725124,3.765));
#4208=CARTESIAN_POINT('',(-21.6518436045202,-36.6620894993244,5.565));
#4209=CARTESIAN_POINT('',(-17.8247100819376,-30.0332997908613,-2.08926704516521));
#4210=CARTESIAN_POINT('',(-20.5606515957518,-37.2920894993244,5.565));
#4211=CARTESIAN_POINT('',(-15.6794805808011,-40.1102348987668,5.565));
#4212=CARTESIAN_POINT('',(-19.6606515957518,-35.7332437725124,3.765));
#4213=CARTESIAN_POINT('',(-19.8287765957518,-36.0244448145349,4.10125));
#4214=CARTESIAN_POINT('',(-20.5699774683836,-35.2082442351674,3.765));
#4215=CARTESIAN_POINT('Origin',(20.6562459773312,-36.1976675728452,4.665));
#4216=CARTESIAN_POINT('',(22.0155726311839,-36.4520904478681,5.565));
#4217=CARTESIAN_POINT('',(27.1021434378119,-33.5153574234093,5.565));
#4218=CARTESIAN_POINT('',(21.1155726311839,-34.8932447210561,3.765));
#4219=CARTESIAN_POINT('',(21.2836976311839,-35.1844457630786,4.10125));
#4220=CARTESIAN_POINT('',(20.2062459773312,-35.4182447094392,3.765));
#4221=CARTESIAN_POINT('Origin',(41.6762226644937,-0.210024274089275,4.665));
#4222=CARTESIAN_POINT('',(40.7762226644938,-0.420048548178526,3.765));
#4223=CARTESIAN_POINT('',(42.5762226644937,-0.420048548178526,5.565));
#4224=CARTESIAN_POINT('',(34.9876104071218,-0.420048548178526,-2.02361225737195));
#4225=CARTESIAN_POINT('',(42.5762226644937,0.839951451821474,5.565));
#4226=CARTESIAN_POINT('',(42.5762226644938,7.63347299999998,5.565));
#4227=CARTESIAN_POINT('',(40.7762226644938,0.839951451821474,3.765));
#4228=CARTESIAN_POINT('',(41.1124726644938,0.839951451821475,4.10125));
#4229=CARTESIAN_POINT('',(40.7762226644938,-0.210024274089275,3.765));
#4230=CARTESIAN_POINT('Origin',(18.5027797273352,37.4409718919712,4.665));
#4231=CARTESIAN_POINT('',(20.7518434488172,35.1032438624076,3.765));
#4232=CARTESIAN_POINT('',(21.6518434488172,36.6620895892196,5.565));
#4233=CARTESIAN_POINT('',(18.0974191354462,30.5056460868029,-1.54384862674204));
#4234=CARTESIAN_POINT('',(20.5606514400488,37.2920895892196,5.565));
#4235=CARTESIAN_POINT('',(18.9527797273352,38.2203947553772,5.565));
#4236=CARTESIAN_POINT('',(19.6606514400488,35.7332438624076,3.765));
#4237=CARTESIAN_POINT('',(19.8287764400488,36.0244449044301,4.10125));
#4238=CARTESIAN_POINT('',(18.0527797273352,36.6615490285652,3.765));
#4239=CARTESIAN_POINT('Origin',(-27.4498509740011,32.2753778992499,4.665));
#4240=CARTESIAN_POINT('',(-20.024379995973,35.5232450827328,3.765));
#4241=CARTESIAN_POINT('',(-20.924379995973,37.0820908095448,5.565));
#4242=CARTESIAN_POINT('',(-17.3699395965091,30.9256194451977,-1.543880798928));
#4243=CARTESIAN_POINT('',(-22.0155720047414,36.4520908095448,5.565));
#4244=CARTESIAN_POINT('',(-27.8998509740011,33.0548007626559,5.565));
#4245=CARTESIAN_POINT('',(-21.1155720047414,34.8932450827328,3.765));
#4246=CARTESIAN_POINT('',(-21.2836970047414,35.1844461247553,4.10125));
#4247=CARTESIAN_POINT('',(-26.9998509740011,31.4959550358439,3.765));
#4248=CARTESIAN_POINT('Origin',(-41.6762226644937,-6.71346609104316,4.665));
#4249=CARTESIAN_POINT('',(-40.7762226644937,0.840000043193421,3.765));
#4250=CARTESIAN_POINT('',(-42.5762226644937,0.840000043193421,5.565));
#4251=CARTESIAN_POINT('',(-35.4640043874401,0.840000043193423,-1.54721827705366));
#4252=CARTESIAN_POINT('',(-42.5762226644937,-0.419999956806577,5.565));
#4253=CARTESIAN_POINT('',(-42.5762226644937,-6.71346609104315,5.565));
#4254=CARTESIAN_POINT('',(-40.7762226644937,-0.419999956806577,3.765));
#4255=CARTESIAN_POINT('',(-41.1124726644937,-0.419999956806577,4.10125000000001));
#4256=CARTESIAN_POINT('',(-40.7762226644937,-6.71346609104316,3.765));
#4257=CARTESIAN_POINT('Origin',(0.,0.,3.765));
#4258=CARTESIAN_POINT('',(-0.637205000000001,-34.8001194667644,3.765));
#4259=CARTESIAN_POINT('',(0.622795,-34.8001194667644,3.765));
#4260=CARTESIAN_POINT('Origin',(-0.007205,-38.993054,3.765));
#4261=CARTESIAN_POINT('',(0.622795,-28.0873998588989,3.765));
#4262=CARTESIAN_POINT('',(0.622795,-28.0873998588989,3.765));
#4263=CARTESIAN_POINT('',(-0.637205000000001,-28.0873998588989,3.765));
#4264=CARTESIAN_POINT('',(-0.637205,-28.0873998588989,3.765));
#4265=CARTESIAN_POINT('',(-0.637205,-38.993054,3.765));
#4266=CARTESIAN_POINT('Origin',(-35.6027826245237,28.6075111006774,1.51));
#4267=CARTESIAN_POINT('',(-35.6027826245237,28.6075111006774,1.51));
#4268=CARTESIAN_POINT('',(-35.6027826245237,28.6075111006774,1.51));
#4269=CARTESIAN_POINT('',(-31.2192442968725,21.01500000026,1.51));
#4270=CARTESIAN_POINT('',(-29.049342672639,17.2566201396614,1.51));
#4271=CARTESIAN_POINT('',(-31.2192442968725,21.01500000026,3.765));
#4272=CARTESIAN_POINT('',(-31.2192442968725,21.01500000026,1.51));
#4273=CARTESIAN_POINT('',(-24.9587269584002,10.1714658883602,3.765));
#4274=CARTESIAN_POINT('Origin',(-42.5762226644937,20.9175322204389,1.51));
#4275=CARTESIAN_POINT('',(-42.5762226644937,20.9175322204389,1.51));
#4276=CARTESIAN_POINT('',(-39.4032256196264,26.413324314415,1.51));
#4277=CARTESIAN_POINT('',(-39.4032256196264,26.413324314415,1.51));
#4278=CARTESIAN_POINT('',(-39.4032256196264,26.413324314415,1.51));
#4279=CARTESIAN_POINT('',(-42.5762226644937,20.9175322204389,1.51));
#4280=CARTESIAN_POINT('Origin',(-42.5762226644937,16.545,1.51));
#4281=CARTESIAN_POINT('',(-42.5762226644937,20.9175322204389,1.51));
#4282=CARTESIAN_POINT('',(-42.5762226644938,-20.9175322204389,1.51));
#4283=CARTESIAN_POINT('',(-42.5762226644938,-20.9175322204389,1.51));
#4284=CARTESIAN_POINT('',(-42.5762226644937,20.9175322204389,1.51));
#4285=CARTESIAN_POINT('',(-42.5762226644937,-13.4269321820863,1.51));
#4286=CARTESIAN_POINT('',(-42.5762226644937,-13.4269321820863,1.51));
#4287=CARTESIAN_POINT('',(-42.5762226644937,-0.419999956806577,1.51));
#4288=CARTESIAN_POINT('',(-42.5762226644937,20.9175322204389,1.51));
#4289=CARTESIAN_POINT('',(-42.5762226644937,-0.419999956806577,1.51));
#4290=CARTESIAN_POINT('',(-42.5762226644937,0.840000043193421,1.51));
#4291=CARTESIAN_POINT('',(-42.5762226644937,0.840000043193421,1.51));
#4292=CARTESIAN_POINT('',(-42.5762226644937,15.285,1.51));
#4293=CARTESIAN_POINT('',(-42.5762226644937,20.9175322204389,1.51));
#4294=CARTESIAN_POINT('',(-42.5762226644937,15.285,1.51));
#4295=CARTESIAN_POINT('Origin',(-33.8,19.525,1.51));
#4296=CARTESIAN_POINT('Origin',(-33.8,19.525,1.51));
#4297=CARTESIAN_POINT('Origin',(-33.8,19.525,3.765));
#4298=CARTESIAN_POINT('Origin',(-8.81084982935535,-44.0758407120782,1.51));
#4299=CARTESIAN_POINT('',(-8.81084982935535,-44.0758407120782,1.51));
#4300=CARTESIAN_POINT('',(-2.58796070327763,-40.483054,1.51));
#4301=CARTESIAN_POINT('',(-0.007205,-38.993054,1.51));
#4302=CARTESIAN_POINT('',(-2.58796070327763,-40.483054,1.51));
#4303=CARTESIAN_POINT('',(-8.81084982935535,-44.0758407120782,1.51));
#4304=CARTESIAN_POINT('Origin',(3.1729970448673,-47.3308565348538,1.51));
#4305=CARTESIAN_POINT('',(3.1729970448673,-47.3308565348538,1.51));
#4306=CARTESIAN_POINT('',(-3.17299704486732,-47.3308565348538,1.51));
#4307=CARTESIAN_POINT('',(-3.17299704486732,-47.3308565348538,1.51));
#4308=CARTESIAN_POINT('',(-3.17299704486732,-47.3308565348538,1.51));
#4309=CARTESIAN_POINT('',(3.1729970448673,-47.3308565348538,1.51));
#4310=CARTESIAN_POINT('Origin',(2.57355070327763,-40.483054,1.51));
#4311=CARTESIAN_POINT('',(2.57355070327763,-40.483054,1.51));
#4312=CARTESIAN_POINT('',(8.80364482935533,-44.0800005207677,1.51));
#4313=CARTESIAN_POINT('',(-0.007205,-38.993054,1.51));
#4314=CARTESIAN_POINT('',(8.80364482935533,-44.0800005207677,1.51));
#4315=CARTESIAN_POINT('',(2.57355070327763,-40.483054,1.51));
#4316=CARTESIAN_POINT('Origin',(-0.007205,-38.993054,1.51));
#4317=CARTESIAN_POINT('Origin',(-0.007205,-38.993054,1.51));
#4318=CARTESIAN_POINT('Origin',(2.39711498434416E-6,-0.000191517524176974,
1.51));
#4319=CARTESIAN_POINT('',(-15.7586120953693,-4.89079601519169,1.51));
#4320=CARTESIAN_POINT('',(15.2171740281937,6.37865090298077,1.51));
#4321=CARTESIAN_POINT('Origin',(2.39711498434416E-6,-0.000191517524176974,
1.51));
#4322=CARTESIAN_POINT('',(15.2171740281937,6.37865090298077,3.765));
#4323=CARTESIAN_POINT('',(15.2171740281937,6.37865090298077,1.51));
#4324=CARTESIAN_POINT('',(-15.7586120953693,-4.89079601519169,3.765));
#4325=CARTESIAN_POINT('Origin',(2.39711498434416E-6,-0.000191517524176974,
3.765));
#4326=CARTESIAN_POINT('',(-15.7586120953693,-4.89079601519169,1.51));
#4327=CARTESIAN_POINT('Origin',(-5.93600432466315,-1.84240050014497,1.51));
#4328=CARTESIAN_POINT('',(4.03362437429779,-4.36882925198962,1.51));
#4329=CARTESIAN_POINT('Origin',(-5.93600432466315,-1.84240050014497,1.51));
#4330=CARTESIAN_POINT('',(4.03362437429779,-4.36882925198962,3.765));
#4331=CARTESIAN_POINT('Origin',(-5.93600432466315,-1.84240050014497,3.765));
#4332=CARTESIAN_POINT('',(4.03362437429779,-4.36882925198962,1.51));
#4333=CARTESIAN_POINT('Origin',(7.4265606898061,-5.22864180063263,1.51));
#4334=CARTESIAN_POINT('',(8.2426373560121,-1.82492128702209,1.51));
#4335=CARTESIAN_POINT('Origin',(7.4265606898061,-5.22864180063263,1.51));
#4336=CARTESIAN_POINT('',(8.2426373560121,-1.82492128702209,3.765));
#4337=CARTESIAN_POINT('Origin',(7.4265606898061,-5.22864180063263,3.765));
#4338=CARTESIAN_POINT('',(8.2426373560121,-1.82492128702209,1.51));
#4339=CARTESIAN_POINT('Origin',(9.65015897644756,4.0450298708606,1.51));
#4340=CARTESIAN_POINT('Origin',(9.65015897644756,4.0450298708606,1.51));
#4341=CARTESIAN_POINT('Origin',(9.65015897644756,4.0450298708606,3.765));
#4342=CARTESIAN_POINT('Origin',(33.7559906866299,-18.519295488821,1.51));
#4343=CARTESIAN_POINT('',(33.7559906866299,-18.519295488821,1.51));
#4344=CARTESIAN_POINT('',(11.0198587882723,-5.39258361697336,1.51));
#4345=CARTESIAN_POINT('',(11.0198587882723,-5.39258361697336,1.51));
#4346=CARTESIAN_POINT('',(11.0198587882723,-5.39258361697336,3.765));
#4347=CARTESIAN_POINT('',(11.0198587882723,-5.39258361697336,1.51));
#4348=CARTESIAN_POINT('',(11.0198587882723,-5.39258361697336,3.765));
#4349=CARTESIAN_POINT('',(33.7559906866299,-18.519295488821,1.51));
#4350=CARTESIAN_POINT('Origin',(42.5762226644937,-13.4269321820864,1.51));
#4351=CARTESIAN_POINT('',(42.5762226644937,-13.4269321820864,1.51));
#4352=CARTESIAN_POINT('',(42.5762226644937,-13.4269321820864,1.51));
#4353=CARTESIAN_POINT('',(33.7559906866299,-18.519295488821,1.51));
#4354=CARTESIAN_POINT('Origin',(18.076773635006,-0.420048548178525,1.51));
#4355=CARTESIAN_POINT('',(18.076773635006,-0.420048548178526,1.51));
#4356=CARTESIAN_POINT('',(42.5762226644937,-0.420048548178526,1.51));
#4357=CARTESIAN_POINT('',(18.076773635006,-0.420048548178525,1.51));
#4358=CARTESIAN_POINT('',(42.5762226644937,-0.420048548178526,1.51));
#4359=CARTESIAN_POINT('',(18.076773635006,-0.420048548178527,3.765));
#4360=CARTESIAN_POINT('',(18.076773635006,-0.420048548178525,3.765));
#4361=CARTESIAN_POINT('',(18.076773635006,-0.420048548178526,1.51));
#4362=CARTESIAN_POINT('Origin',(9.65006157950398,4.04518156567979,1.51));
#4363=CARTESIAN_POINT('Origin',(9.65006157950398,4.04518156567979,1.51));
#4364=CARTESIAN_POINT('Origin',(9.65006157950398,4.04518156567979,3.765));
#4365=CARTESIAN_POINT('Origin',(0.622795,-34.8001194667644,1.51));
#4366=CARTESIAN_POINT('',(0.622795,-34.8001194667644,1.51));
#4367=CARTESIAN_POINT('',(0.622795,-28.0873998588989,1.51));
#4368=CARTESIAN_POINT('',(0.622795,-28.0873998588989,1.51));
#4369=CARTESIAN_POINT('',(0.622795,-28.0873998588989,1.51));
#4370=CARTESIAN_POINT('',(0.622795,-34.8001194667644,1.51));
#4371=CARTESIAN_POINT('Origin',(10.0636448293553,-43.3525391815888,1.51));
#4372=CARTESIAN_POINT('',(10.0636448293553,-43.3525391815888,1.51));
#4373=CARTESIAN_POINT('',(4.12886117165164,-39.9260902392313,1.51));
#4374=CARTESIAN_POINT('',(4.12886117165164,-39.9260902392313,1.51));
#4375=CARTESIAN_POINT('',(4.12886117165164,-39.9260902392313,1.51));
#4376=CARTESIAN_POINT('',(10.0636448293553,-43.3525391815888,1.51));
#4377=CARTESIAN_POINT('Origin',(-20.5606515957518,-37.2920894993244,1.51));
#4378=CARTESIAN_POINT('',(-20.5606515957518,-37.2920894993244,1.51));
#4379=CARTESIAN_POINT('',(-7.96556256828927,-15.476755377906,1.51));
#4380=CARTESIAN_POINT('',(-7.96556256828927,-15.476755377906,1.51));
#4381=CARTESIAN_POINT('',(-7.96556256828927,-15.476755377906,3.765));
#4382=CARTESIAN_POINT('',(-7.96556256828927,-15.476755377906,1.51));
#4383=CARTESIAN_POINT('',(-7.96556256828927,-15.476755377906,3.765));
#4384=CARTESIAN_POINT('',(-20.5606515957518,-37.2920894993244,1.51));
#4385=CARTESIAN_POINT('Origin',(-4.14327117165164,-39.9260902392314,1.51));
#4386=CARTESIAN_POINT('',(-4.14327117165163,-39.9260902392314,1.51));
#4387=CARTESIAN_POINT('',(-10.0708498293553,-43.3483793728992,1.51));
#4388=CARTESIAN_POINT('',(-10.0708498293553,-43.3483793728992,1.51));
#4389=CARTESIAN_POINT('',(-10.0708498293553,-43.3483793728992,1.51));
#4390=CARTESIAN_POINT('',(-4.14327117165163,-39.9260902392314,1.51));
#4391=CARTESIAN_POINT('Origin',(-0.007205,-38.993054,1.51));
#4392=CARTESIAN_POINT('',(-0.637205,-34.8001194667644,1.51));
#4393=CARTESIAN_POINT('Origin',(-0.007205,-38.993054,1.51));
#4394=CARTESIAN_POINT('Origin',(-0.007205,-38.993054,1.51));
#4395=CARTESIAN_POINT('',(-0.637205,-34.8001194667644,1.51));
#4396=CARTESIAN_POINT('Origin',(-0.637205,-28.0873998588989,1.51));
#4397=CARTESIAN_POINT('',(-0.637205,-28.0873998588989,1.51));
#4398=CARTESIAN_POINT('',(-0.637205,-38.993054,1.51));
#4399=CARTESIAN_POINT('',(-0.637205,-28.0873998588989,1.51));
#4400=CARTESIAN_POINT('Origin',(0.622795,-28.0873998588989,1.51));
#4401=CARTESIAN_POINT('',(-0.637205,-28.0873998588989,1.51));
#4402=CARTESIAN_POINT('Origin',(-39.4032256196265,-26.4133243144149,1.51));
#4403=CARTESIAN_POINT('',(-39.4032256196265,-26.4133243144149,1.51));
#4404=CARTESIAN_POINT('',(-42.5762226644938,-20.9175322204389,1.51));
#4405=CARTESIAN_POINT('',(-39.4032256196265,-26.4133243144149,1.51));
#4406=CARTESIAN_POINT('Origin',(-34.1761755433769,-29.4311630830053,1.51));
#4407=CARTESIAN_POINT('',(-39.4032256196265,-26.4133243144149,1.51));
#4408=CARTESIAN_POINT('',(-39.4032256196265,-26.4133243144149,1.51));
#4409=CARTESIAN_POINT('',(-39.4032256196265,-26.4133243144149,1.51));
#4410=CARTESIAN_POINT('',(-21.6518436045202,-36.6620894993244,1.51));
#4411=CARTESIAN_POINT('',(-21.6518436045202,-36.6620894993244,1.51));
#4412=CARTESIAN_POINT('',(-32.9161755433769,-30.1586244221842,1.51));
#4413=CARTESIAN_POINT('',(-39.4032256196265,-26.4133243144149,1.51));
#4414=CARTESIAN_POINT('',(-32.9161755433769,-30.1586244221842,1.51));
#4415=CARTESIAN_POINT('Origin',(-37.4441247358092,-17.8448729810778,1.51));
#4416=CARTESIAN_POINT('',(-37.4441247358092,-17.8448729810778,1.51));
#4417=CARTESIAN_POINT('',(-37.4441247358092,-17.8448729810778,3.765));
#4418=CARTESIAN_POINT('Origin',(-33.3361761255569,-18.7616755386662,1.51));
#4419=CARTESIAN_POINT('',(-33.3361761255569,-18.7616755386662,1.51));
#4420=CARTESIAN_POINT('',(-33.3361761255569,-18.7616755386662,1.51));
#4421=CARTESIAN_POINT('',(-42.5762226644937,-13.4269321820863,1.51));
#4422=CARTESIAN_POINT('Origin',(-17.3690586500083,-9.54305596597589,1.51));
#4423=CARTESIAN_POINT('',(-17.3690586500083,-9.54305596597589,1.51));
#4424=CARTESIAN_POINT('',(-17.3690586500083,-9.54305596597589,1.51));
#4425=CARTESIAN_POINT('',(-17.3690586500083,-9.54305596597589,3.765));
#4426=CARTESIAN_POINT('',(-17.3690586500083,-9.54305596597589,3.765));
#4427=CARTESIAN_POINT('',(-17.3690586500083,-9.54305596597589,1.51));
#4428=CARTESIAN_POINT('Origin',(-5.93584807271099,-1.84214561345795,1.51));
#4429=CARTESIAN_POINT('',(-19.1012720743066,-5.92796685533244,1.51));
#4430=CARTESIAN_POINT('Origin',(-5.93584807271099,-1.84214561345795,1.51));
#4431=CARTESIAN_POINT('',(-19.1012720743066,-5.92796685533244,3.765));
#4432=CARTESIAN_POINT('Origin',(-5.93584807271099,-1.84214561345795,3.765));
#4433=CARTESIAN_POINT('',(-19.1012720743066,-5.92796685533244,1.51));
#4434=CARTESIAN_POINT('Origin',(0.000129850672473471,5.44317300206672E-5,
1.51));
#4435=CARTESIAN_POINT('',(-19.9955833446634,-0.419999956806576,1.51));
#4436=CARTESIAN_POINT('Origin',(0.000129850672473471,5.44317300206672E-5,
1.51));
#4437=CARTESIAN_POINT('',(-19.9955833446634,-0.419999956806576,3.765));
#4438=CARTESIAN_POINT('Origin',(0.000129850672473471,5.44317300206672E-5,
3.765));
#4439=CARTESIAN_POINT('',(-19.9955833446634,-0.419999956806576,1.51));
#4440=CARTESIAN_POINT('Origin',(-42.5762226644937,-0.419999956806577,1.51));
#4441=CARTESIAN_POINT('',(-19.9955833446634,-0.419999956806576,1.51));
#4442=CARTESIAN_POINT('',(-19.9955833446634,-0.419999956806576,3.765));
#4443=CARTESIAN_POINT('Origin',(42.5762226644938,16.526946,1.51));
#4444=CARTESIAN_POINT('',(42.5762226644938,16.526946,1.51));
#4445=CARTESIAN_POINT('',(42.5762226644938,16.526946,1.51));
#4446=CARTESIAN_POINT('',(33.7677860813434,16.526946,1.51));
#4447=CARTESIAN_POINT('',(30.0145402936266,16.526946,1.51));
#4448=CARTESIAN_POINT('',(33.7677860813434,16.526946,3.765));
#4449=CARTESIAN_POINT('',(33.7677860813434,16.526946,1.51));
#4450=CARTESIAN_POINT('',(21.2881113322469,16.526946,3.765));
#4451=CARTESIAN_POINT('Origin',(42.5762226644938,20.9175322204389,1.51));
#4452=CARTESIAN_POINT('',(42.5762226644938,20.9175322204389,1.51));
#4453=CARTESIAN_POINT('',(42.5762226644937,-20.9175322204389,1.51));
#4454=CARTESIAN_POINT('',(42.5762226644938,0.839951451821474,1.51));
#4455=CARTESIAN_POINT('',(42.5762226644937,-20.9175322204389,1.51));
#4456=CARTESIAN_POINT('',(42.5762226644938,0.839951451821474,1.51));
#4457=CARTESIAN_POINT('',(42.5762226644937,-20.9175322204389,1.51));
#4458=CARTESIAN_POINT('',(42.5762226644937,-20.9175322204389,1.51));
#4459=CARTESIAN_POINT('',(42.5762226644937,-20.9175322204389,1.51));
#4460=CARTESIAN_POINT('',(42.5762226644937,-20.9175322204389,1.51));
#4461=CARTESIAN_POINT('',(42.5762226644938,20.9175322204389,1.51));
#4462=CARTESIAN_POINT('Origin',(39.4032256196265,26.4133243144149,1.51));
#4463=CARTESIAN_POINT('',(39.4032256196265,26.4133243144149,1.51));
#4464=CARTESIAN_POINT('',(42.5762226644938,20.9175322204389,1.51));
#4465=CARTESIAN_POINT('',(39.4032256196265,26.4133243144149,1.51));
#4466=CARTESIAN_POINT('Origin',(33.767786,19.506946,1.51));
#4467=CARTESIAN_POINT('Origin',(33.767786,19.506946,1.51));
#4468=CARTESIAN_POINT('Origin',(33.767786,19.506946,3.765));
#4469=CARTESIAN_POINT('Origin',(8.56359461797735,-5.42938151541058,1.51));
#4470=CARTESIAN_POINT('',(8.56359461797735,-5.42938151541058,1.51));
#4471=CARTESIAN_POINT('',(8.56359461797735,-5.42938151541058,1.51));
#4472=CARTESIAN_POINT('',(8.56359461797735,-5.42938151541058,3.765));
#4473=CARTESIAN_POINT('',(8.56359461797735,-5.42938151541058,3.765));
#4474=CARTESIAN_POINT('',(8.56359461797735,-5.42938151541058,1.51));
#4475=CARTESIAN_POINT('Origin',(9.65006157950398,4.04518156567979,1.51));
#4476=CARTESIAN_POINT('',(7.4265606898061,-5.22864180063263,1.51));
#4477=CARTESIAN_POINT('Origin',(9.65006157950398,4.04518156567979,1.51));
#4478=CARTESIAN_POINT('',(7.4265606898061,-5.22864180063263,3.765));
#4479=CARTESIAN_POINT('Origin',(9.65006157950398,4.04518156567979,3.765));
#4480=CARTESIAN_POINT('',(7.4265606898061,-5.22864180063263,1.51));
#4481=CARTESIAN_POINT('Origin',(-5.93584807271099,-1.84214561345795,1.51));
#4482=CARTESIAN_POINT('Origin',(-5.93584807271099,-1.84214561345795,1.51));
#4483=CARTESIAN_POINT('',(6.00752118765711,-8.72533201750342,3.765));
#4484=CARTESIAN_POINT('Origin',(-5.93584807271099,-1.84214561345795,3.765));
#4485=CARTESIAN_POINT('',(6.00752118765711,-8.72533201750342,1.51));
#4486=CARTESIAN_POINT('Origin',(-5.93584807271099,-1.84214561345795,3.765));
#4487=CARTESIAN_POINT('Origin',(22.0155726311839,-36.4520904478681,1.51));
#4488=CARTESIAN_POINT('',(6.00752118765711,-8.72533201750342,3.765));
#4489=CARTESIAN_POINT('',(22.0155726311839,-36.4520904478681,1.51));
#4490=CARTESIAN_POINT('',(22.0155726311839,-36.4520904478681,1.51));
#4491=CARTESIAN_POINT('',(6.00752118765711,-8.72533201750342,1.51));
#4492=CARTESIAN_POINT('Origin',(26.979757725817,16.2297361459011,1.51));
#4493=CARTESIAN_POINT('',(26.979757725817,16.2297361459011,1.51));
#4494=CARTESIAN_POINT('',(17.0310695724218,10.4858583624547,1.51));
#4495=CARTESIAN_POINT('',(17.0310695724218,10.4858583624547,1.51));
#4496=CARTESIAN_POINT('',(17.0310695724218,10.4858583624547,3.765));
#4497=CARTESIAN_POINT('',(17.0310695724218,10.4858583624547,1.51));
#4498=CARTESIAN_POINT('',(17.0310695724218,10.4858583624547,3.765));
#4499=CARTESIAN_POINT('',(26.979757725817,16.2297361459011,1.51));
#4500=CARTESIAN_POINT('Origin',(34.4952477270752,29.2469466718561,1.51));
#4501=CARTESIAN_POINT('',(34.4952477270752,29.2469466718561,1.51));
#4502=CARTESIAN_POINT('',(34.4952477270752,29.2469466718561,1.51));
#4503=CARTESIAN_POINT('',(26.9797577258171,16.2297361459011,1.51));
#4504=CARTESIAN_POINT('Origin',(10.3616461953331,17.1068943187106,1.51));
#4505=CARTESIAN_POINT('',(10.3616461953331,17.1068943187106,1.51));
#4506=CARTESIAN_POINT('',(21.6518434488172,36.6620895892196,1.51));
#4507=CARTESIAN_POINT('',(10.3616461953331,17.1068943187106,1.51));
#4508=CARTESIAN_POINT('',(21.6518434488172,36.6620895892196,1.51));
#4509=CARTESIAN_POINT('',(10.3616461953331,17.1068943187106,3.765));
#4510=CARTESIAN_POINT('',(10.3616461953331,17.1068943187106,3.765));
#4511=CARTESIAN_POINT('',(10.3616461953331,17.1068943187106,1.51));
#4512=CARTESIAN_POINT('Origin',(0.000129850672473471,5.44317300206672E-5,
1.51));
#4513=CARTESIAN_POINT('Origin',(0.000129850672473471,5.44317300206672E-5,
1.51));
#4514=CARTESIAN_POINT('Origin',(0.000129850672473471,5.44317300206672E-5,
3.765));
#4515=CARTESIAN_POINT('Origin',(-16.6174481224234,39.56869908612,1.51));
#4516=CARTESIAN_POINT('',(-16.6174481224234,39.56869908612,1.51));
#4517=CARTESIAN_POINT('',(16.6174481224234,39.56869908612,1.51));
#4518=CARTESIAN_POINT('',(-16.6174481224234,39.56869908612,1.51));
#4519=CARTESIAN_POINT('',(16.6174481224234,39.56869908612,1.51));
#4520=CARTESIAN_POINT('',(-16.6174481224234,39.56869908612,1.51));
#4521=CARTESIAN_POINT('Origin',(-9.63411839811705,17.5267840913144,1.51));
#4522=CARTESIAN_POINT('',(-9.63411839811705,17.5267840913144,1.51));
#4523=CARTESIAN_POINT('',(-20.924379995973,37.0820908095448,1.51));
#4524=CARTESIAN_POINT('',(-9.63411839811705,17.5267840913144,1.51));
#4525=CARTESIAN_POINT('',(-20.924379995973,37.0820908095448,1.51));
#4526=CARTESIAN_POINT('',(-9.63411839811705,17.5267840913144,3.765));
#4527=CARTESIAN_POINT('',(-9.63411839811705,17.5267840913144,3.765));
#4528=CARTESIAN_POINT('',(-9.63411839811705,17.5267840913144,1.51));
#4529=CARTESIAN_POINT('Origin',(0.000129850672473471,5.44317300206672E-5,
1.51));
#4530=CARTESIAN_POINT('',(9.26383294391306,17.7254259900287,1.51));
#4531=CARTESIAN_POINT('Origin',(0.000129850672473471,5.44317300206672E-5,
1.51));
#4532=CARTESIAN_POINT('',(9.26383294391306,17.7254259900287,3.765));
#4533=CARTESIAN_POINT('Origin',(0.000129850672473471,5.44317300206672E-5,
3.765));
#4534=CARTESIAN_POINT('',(9.26383294391306,17.7254259900287,1.51));
#4535=CARTESIAN_POINT('Origin',(20.5606514400488,37.2920895892196,1.51));
#4536=CARTESIAN_POINT('',(20.5606514400488,37.2920895892196,1.51));
#4537=CARTESIAN_POINT('',(9.26383294391306,17.7254259900287,1.51));
#4538=CARTESIAN_POINT('',(9.26383294391306,17.7254259900287,3.765));
#4539=CARTESIAN_POINT('',(20.5606514400488,37.2920895892196,1.51));
#4540=CARTESIAN_POINT('Origin',(3.17299704486733,47.3308565348538,1.51));
#4541=CARTESIAN_POINT('',(3.17299704486733,47.3308565348538,1.51));
#4542=CARTESIAN_POINT('',(14.4350641048867,40.82869908612,1.51));
#4543=CARTESIAN_POINT('',(39.4032256196265,26.4133243144149,1.51));
#4544=CARTESIAN_POINT('',(14.4350641048867,40.82869908612,1.51));
#4545=CARTESIAN_POINT('',(39.4032256196265,26.4133243144149,1.51));
#4546=CARTESIAN_POINT('',(39.4032256196265,26.4133243144149,1.51));
#4547=CARTESIAN_POINT('',(39.4032256196265,26.4133243144149,1.51));
#4548=CARTESIAN_POINT('',(3.17299704486733,47.3308565348538,1.51));
#4549=CARTESIAN_POINT('Origin',(-3.17299704486726,47.3308565348538,1.51));
#4550=CARTESIAN_POINT('',(-3.17299704486726,47.3308565348538,1.51));
#4551=CARTESIAN_POINT('',(3.17299704486733,47.3308565348538,1.51));
#4552=CARTESIAN_POINT('',(-3.17299704486726,47.3308565348538,1.51));
#4553=CARTESIAN_POINT('Origin',(-14.4350641048866,40.82869908612,1.51));
#4554=CARTESIAN_POINT('',(-14.4350641048866,40.82869908612,1.51));
#4555=CARTESIAN_POINT('',(-3.17299704486726,47.3308565348538,1.51));
#4556=CARTESIAN_POINT('',(-3.17299704486726,47.3308565348538,1.51));
#4557=CARTESIAN_POINT('',(-22.0155720047414,36.4520908095448,1.51));
#4558=CARTESIAN_POINT('',(-3.17299704486726,47.3308565348538,1.51));
#4559=CARTESIAN_POINT('',(-22.0155720047414,36.4520908095448,1.51));
#4560=CARTESIAN_POINT('',(-3.17299704486726,47.3308565348538,1.51));
#4561=CARTESIAN_POINT('',(-14.4350641048866,40.82869908612,1.51));
#4562=CARTESIAN_POINT('Origin',(14.4350641048867,40.82869908612,1.51));
#4563=CARTESIAN_POINT('',(-14.4350641048866,40.82869908612,1.51));
#4564=CARTESIAN_POINT('Origin',(17.6575488832272,9.39263368283207,1.51));
#4565=CARTESIAN_POINT('',(17.6575488832272,9.39263368283207,1.51));
#4566=CARTESIAN_POINT('',(17.6575488832272,9.39263368283207,1.51));
#4567=CARTESIAN_POINT('',(17.6575488832272,9.39263368283207,3.765));
#4568=CARTESIAN_POINT('',(17.6575488832272,9.39263368283207,3.765));
#4569=CARTESIAN_POINT('',(17.6575488832272,9.39263368283207,1.51));
#4570=CARTESIAN_POINT('Origin',(0.000129850672473471,5.44317300206672E-5,
1.51));
#4571=CARTESIAN_POINT('',(18.4452356450462,7.73200529252954,1.51));
#4572=CARTESIAN_POINT('Origin',(0.000129850672473471,5.44317300206672E-5,
1.51));
#4573=CARTESIAN_POINT('',(18.4452356450462,7.73200529252954,3.765));
#4574=CARTESIAN_POINT('Origin',(0.000129850672473471,5.44317300206672E-5,
3.765));
#4575=CARTESIAN_POINT('',(18.4452356450462,7.73200529252954,1.51));
#4576=CARTESIAN_POINT('Origin',(9.65006157950398,4.04518156567979,1.51));
#4577=CARTESIAN_POINT('',(18.6319464570375,0.839951451821475,1.51));
#4578=CARTESIAN_POINT('Origin',(9.65006157950398,4.04518156567979,1.51));
#4579=CARTESIAN_POINT('',(18.6319464570375,0.839951451821475,3.765));
#4580=CARTESIAN_POINT('Origin',(9.65006157950398,4.04518156567979,3.765));
#4581=CARTESIAN_POINT('',(18.6319464570375,0.839951451821475,1.51));
#4582=CARTESIAN_POINT('Origin',(42.5762226644938,0.839951451821474,1.51));
#4583=CARTESIAN_POINT('',(18.6319464570375,0.839951451821475,1.51));
#4584=CARTESIAN_POINT('',(18.6319464570375,0.839951451821475,3.765));
#4585=CARTESIAN_POINT('Origin',(-17.1067247575765,10.3615464715712,1.51));
#4586=CARTESIAN_POINT('',(-17.1067247575765,10.3615464715712,1.51));
#4587=CARTESIAN_POINT('',(-17.1067247575765,10.3615464715712,1.51));
#4588=CARTESIAN_POINT('',(-17.1067247575765,10.3615464715712,3.765));
#4589=CARTESIAN_POINT('',(-17.1067247575765,10.3615464715712,3.765));
#4590=CARTESIAN_POINT('',(-17.1067247575765,10.3615464715712,1.51));
#4591=CARTESIAN_POINT('Origin',(0.000129850672473471,5.44317300206672E-5,
1.51));
#4592=CARTESIAN_POINT('',(-10.7186874201087,16.8853127417193,1.51));
#4593=CARTESIAN_POINT('Origin',(0.000129850672473471,5.44317300206672E-5,
1.51));
#4594=CARTESIAN_POINT('',(-10.7186874201087,16.8853127417193,3.765));
#4595=CARTESIAN_POINT('Origin',(0.000129850672473471,5.44317300206672E-5,
3.765));
#4596=CARTESIAN_POINT('',(-10.7186874201087,16.8853127417193,1.51));
#4597=CARTESIAN_POINT('Origin',(-22.0155720047414,36.4520908095448,1.51));
#4598=CARTESIAN_POINT('',(-10.7186874201087,16.8853127417193,1.51));
#4599=CARTESIAN_POINT('',(-10.7186874201087,16.8853127417193,3.765));
#4600=CARTESIAN_POINT('Origin',(-28.1543964175194,15.285,1.51));
#4601=CARTESIAN_POINT('',(-28.1543964175194,15.285,1.51));
#4602=CARTESIAN_POINT('',(-17.7252548778815,9.2637323246733,1.51));
#4603=CARTESIAN_POINT('',(-17.7252548778815,9.2637323246733,1.51));
#4604=CARTESIAN_POINT('',(-17.7252548778815,9.2637323246733,3.765));
#4605=CARTESIAN_POINT('',(-17.7252548778815,9.2637323246733,1.51));
#4606=CARTESIAN_POINT('',(-17.7252548778815,9.2637323246733,3.765));
#4607=CARTESIAN_POINT('',(-28.1543964175194,15.285,1.51));
#4608=CARTESIAN_POINT('Origin',(-42.5762226644937,15.285,1.51));
#4609=CARTESIAN_POINT('',(-28.1543964175194,15.285,1.51));
#4610=CARTESIAN_POINT('Origin',(-19.9823495562791,0.840000043193426,1.51));
#4611=CARTESIAN_POINT('',(-19.9823495562791,0.840000043193426,1.51));
#4612=CARTESIAN_POINT('',(-19.9823495562791,0.840000043193426,1.51));
#4613=CARTESIAN_POINT('',(-19.9823495562791,0.840000043193427,3.765));
#4614=CARTESIAN_POINT('',(-19.9823495562791,0.840000043193426,3.765));
#4615=CARTESIAN_POINT('',(-19.9823495562791,0.840000043193426,1.51));
#4616=CARTESIAN_POINT('Origin',(0.000129850672473471,5.44317300206672E-5,
1.51));
#4617=CARTESIAN_POINT('Origin',(0.000129850672473471,5.44317300206672E-5,
1.51));
#4618=CARTESIAN_POINT('Origin',(0.000129850672473471,5.44317300206672E-5,
3.765));
#4619=CARTESIAN_POINT('Origin',(42.5762226644937,-20.9175322204389,1.51));
#4620=CARTESIAN_POINT('',(39.4032256196265,-26.4133243144149,1.51));
#4621=CARTESIAN_POINT('',(39.4032256196265,-26.4133243144149,1.51));
#4622=CARTESIAN_POINT('',(39.4032256196265,-26.4133243144149,1.51));
#4623=CARTESIAN_POINT('Origin',(34.1761755433769,-23.5051270189214,1.51));
#4624=CARTESIAN_POINT('',(34.1761755433769,-23.5051270189214,1.51));
#4625=CARTESIAN_POINT('',(34.1761755433769,-23.5051270189214,1.51));
#4626=CARTESIAN_POINT('',(34.1761755433769,-23.5051270189214,3.765));
#4627=CARTESIAN_POINT('',(34.1761755433769,-23.5051270189214,3.765));
#4628=CARTESIAN_POINT('',(34.1761755433769,-23.5051270189214,1.51));
#4629=CARTESIAN_POINT('Origin',(34.1761755433768,-29.4311630830053,1.51));
#4630=CARTESIAN_POINT('',(34.1761755433768,-29.4311630830053,1.51));
#4631=CARTESIAN_POINT('',(34.1761755433768,-29.4311630830053,1.51));
#4632=CARTESIAN_POINT('',(34.1761755433768,-29.4311630830053,1.51));
#4633=CARTESIAN_POINT('',(34.1761755433769,-14.7155815415027,3.765));
#4634=CARTESIAN_POINT('Origin',(39.4032256196265,-26.4133243144149,1.51));
#4635=CARTESIAN_POINT('',(3.1729970448673,-47.3308565348538,1.51));
#4636=CARTESIAN_POINT('',(3.1729970448673,-47.3308565348538,1.51));
#4637=CARTESIAN_POINT('',(3.1729970448673,-47.3308565348538,1.51));
#4638=CARTESIAN_POINT('',(3.1729970448673,-47.3308565348538,1.51));
#4639=CARTESIAN_POINT('Origin',(-32.9161755433769,-19.9741107678426,1.51));
#4640=CARTESIAN_POINT('',(-32.9161755433769,-19.9741107678426,1.51));
#4641=CARTESIAN_POINT('',(-16.6128144171106,-10.5613608328971,1.51));
#4642=CARTESIAN_POINT('',(-16.6128144171106,-10.5613608328971,1.51));
#4643=CARTESIAN_POINT('',(-16.6128144171106,-10.5613608328971,3.765));
#4644=CARTESIAN_POINT('',(-16.6128144171106,-10.5613608328971,1.51));
#4645=CARTESIAN_POINT('',(-16.6128144171106,-10.5613608328971,3.765));
#4646=CARTESIAN_POINT('',(-32.9161755433769,-19.9741107678426,1.51));
#4647=CARTESIAN_POINT('Origin',(-32.9161755433769,-30.1586244221842,1.51));
#4648=CARTESIAN_POINT('',(-32.9161755433769,-30.1586244221842,1.51));
#4649=CARTESIAN_POINT('Origin',(-9.27080951418982,-15.2175094046298,1.51));
#4650=CARTESIAN_POINT('',(-9.27080951418982,-15.2175094046298,1.51));
#4651=CARTESIAN_POINT('',(-9.27080951418982,-15.2175094046298,1.51));
#4652=CARTESIAN_POINT('',(-9.27080951418982,-15.2175094046298,3.765));
#4653=CARTESIAN_POINT('',(-9.27080951418982,-15.2175094046298,3.765));
#4654=CARTESIAN_POINT('',(-9.27080951418982,-15.2175094046298,1.51));
#4655=CARTESIAN_POINT('Origin',(-5.93584807271099,-1.84214561345795,1.51));
#4656=CARTESIAN_POINT('Origin',(-5.93584807271099,-1.84214561345795,1.51));
#4657=CARTESIAN_POINT('Origin',(-5.93584807271099,-1.84214561345795,3.765));
#4658=CARTESIAN_POINT('Origin',(-44.2562226644938,-21.3676868637231,1.51));
#4659=CARTESIAN_POINT('',(-44.2562226644938,-21.3676868637231,1.51));
#4660=CARTESIAN_POINT('',(-44.2562226644938,-21.3676868637231,1.51));
#4661=CARTESIAN_POINT('',(-44.2562226644938,-21.3676868637231,1.51));
#4662=CARTESIAN_POINT('Origin',(-44.2562226644937,21.3676868637232,1.51));
#4663=CARTESIAN_POINT('',(-44.2562226644937,21.3676868637232,1.51));
#4664=CARTESIAN_POINT('',(-44.2562226644937,21.3676868637232,1.51));
#4665=CARTESIAN_POINT('',(-44.2562226644937,21.3676868637232,1.51));
#4666=CARTESIAN_POINT('Origin',(-40.6330709763421,27.6431696711307,1.51));
#4667=CARTESIAN_POINT('',(-40.6330709763421,27.6431696711307,1.51));
#4668=CARTESIAN_POINT('',(-40.6330709763421,27.6431696711307,1.51));
#4669=CARTESIAN_POINT('',(-40.6330709763421,27.6431696711307,1.51));
#4670=CARTESIAN_POINT('Origin',(-3.62315168815154,49.0108565348538,1.51));
#4671=CARTESIAN_POINT('',(-3.62315168815154,49.0108565348538,1.51));
#4672=CARTESIAN_POINT('',(-3.62315168815154,49.0108565348538,1.51));
#4673=CARTESIAN_POINT('',(-3.62315168815154,49.0108565348538,1.51));
#4674=CARTESIAN_POINT('Origin',(3.62315168815162,49.0108565348538,1.51));
#4675=CARTESIAN_POINT('',(3.62315168815162,49.0108565348538,1.51));
#4676=CARTESIAN_POINT('',(3.62315168815162,49.0108565348538,1.51));
#4677=CARTESIAN_POINT('',(3.62315168815162,49.0108565348538,1.51));
#4678=CARTESIAN_POINT('Origin',(40.6330709763422,27.6431696711306,1.51));
#4679=CARTESIAN_POINT('',(40.6330709763422,27.6431696711306,1.51));
#4680=CARTESIAN_POINT('Origin',(0.,0.,3.765));
#4681=CARTESIAN_POINT('Origin',(0.,0.,1.51));
#4682=CARTESIAN_POINT('',(0.,0.,0.));
#4683=UNCERTAINTY_MEASURE_WITH_UNIT(LENGTH_MEASURE(0.01),#4689,
'DISTANCE_ACCURACY_VALUE',
'Maximum model space distance between geometric entities at asserted c
onnectivities');
#4684=UNCERTAINTY_MEASURE_WITH_UNIT(LENGTH_MEASURE(0.01),#4689,
'DISTANCE_ACCURACY_VALUE',
'Maximum model space distance between geometric entities at asserted c
onnectivities');
#4685=UNCERTAINTY_MEASURE_WITH_UNIT(LENGTH_MEASURE(0.01),#4689,
'DISTANCE_ACCURACY_VALUE',
'Maximum model space distance between geometric entities at asserted c
onnectivities');
#4686=(
GEOMETRIC_REPRESENTATION_CONTEXT(3)
GLOBAL_UNCERTAINTY_ASSIGNED_CONTEXT((#4683))
GLOBAL_UNIT_ASSIGNED_CONTEXT((#4689,#4691,#4692))
REPRESENTATION_CONTEXT('','3D')
);
#4687=(
GEOMETRIC_REPRESENTATION_CONTEXT(3)
GLOBAL_UNCERTAINTY_ASSIGNED_CONTEXT((#4684))
GLOBAL_UNIT_ASSIGNED_CONTEXT((#4689,#4691,#4692))
REPRESENTATION_CONTEXT('','3D')
);
#4688=(
GEOMETRIC_REPRESENTATION_CONTEXT(3)
GLOBAL_UNCERTAINTY_ASSIGNED_CONTEXT((#4685))
GLOBAL_UNIT_ASSIGNED_CONTEXT((#4689,#4691,#4692))
REPRESENTATION_CONTEXT('','3D')
);
#4689=(
LENGTH_UNIT()
NAMED_UNIT(*)
SI_UNIT(.MILLI.,.METRE.)
);
#4690=(
LENGTH_UNIT()
NAMED_UNIT(*)
SI_UNIT($,.METRE.)
);
#4691=(
NAMED_UNIT(*)
PLANE_ANGLE_UNIT()
SI_UNIT($,.RADIAN.)
);
#4692=(
NAMED_UNIT(*)
SI_UNIT($,.STERADIAN.)
SOLID_ANGLE_UNIT()
);
#4693=SHAPE_DEFINITION_REPRESENTATION(#4695,#4698);
#4694=SHAPE_DEFINITION_REPRESENTATION(#4696,#4699);
#4695=PRODUCT_DEFINITION_SHAPE('',$,#4701);
#4696=PRODUCT_DEFINITION_SHAPE('',$,#4702);
#4697=PRODUCT_DEFINITION_SHAPE($,$,#14);
#4698=SHAPE_REPRESENTATION('',(#2935,#3114),#4686);
#4699=SHAPE_REPRESENTATION('',(#2936),#4687);
#4700=PRODUCT_DEFINITION_CONTEXT('part definition',#4708,'design');
#4701=PRODUCT_DEFINITION('SMTSO','Frame Case - Tildagon 2026 v9',#4703,
#4700);
#4702=PRODUCT_DEFINITION('Frame Case No Baffles',
'Frame Case No Baffles',#4704,#4700);
#4703=PRODUCT_DEFINITION_FORMATION('',$,#4710);
#4704=PRODUCT_DEFINITION_FORMATION('',$,#4711);
#4705=PRODUCT_RELATED_PRODUCT_CATEGORY('Frame Case - Tildagon 2026 v9',
'Frame Case - Tildagon 2026 v9',(#4710));
#4706=PRODUCT_RELATED_PRODUCT_CATEGORY('Frame Case No Baffles',
'Frame Case No Baffles',(#4711));
#4707=APPLICATION_PROTOCOL_DEFINITION('international standard',
'automotive_design',2009,#4708);
#4708=APPLICATION_CONTEXT(
'Core Data for Automotive Mechanical Design Process');
#4709=PRODUCT_CONTEXT('part definition',#4708,'mechanical');
#4710=PRODUCT('SMTSO','Frame Case - Tildagon 2026 v9','FreeCAD Model',(#4709));
#4711=PRODUCT('Frame Case No Baffles','Frame Case No Baffles',$,(#4709));
#4712=PRESENTATION_STYLE_ASSIGNMENT((#4714));
#4713=PRESENTATION_STYLE_ASSIGNMENT((#4715));
#4714=SURFACE_STYLE_USAGE(.BOTH.,#4716);
#4715=SURFACE_STYLE_USAGE(.BOTH.,#4717);
#4716=SURFACE_SIDE_STYLE('',(#4718));
#4717=SURFACE_SIDE_STYLE('',(#4719));
#4718=SURFACE_STYLE_FILL_AREA(#4720);
#4719=SURFACE_STYLE_FILL_AREA(#4721);
#4720=FILL_AREA_STYLE('Steel - Satin',(#4722));
#4721=FILL_AREA_STYLE('Opaque(87,173,113)',(#4723));
#4722=FILL_AREA_STYLE_COLOUR('Steel - Satin',#4724);
#4723=FILL_AREA_STYLE_COLOUR('Opaque(87,173,113)',#4725);
#4724=COLOUR_RGB('Steel - Satin',0.627450980392157,0.627450980392157,0.627450980392157);
#4725=COLOUR_RGB('Opaque(87,173,113)',0.341176470588235,0.67843137254902,
0.443137254901961);
ENDSEC;
END-ISO-10303-21;
