ISO-10303-21;
HEADER;
/* Generated by software containing ST-Developer
 * from STEP Tools, Inc. (www.steptools.com) 
 */

FILE_DESCRIPTION(
/* description */ ('FreeCAD Model'),
/* implementation_level */ '2;1');

FILE_NAME(
/* name */ 'Spaceagon 2026.step',
/* time_stamp */ '2026-06-05T11:04:23+01:00',
/* author */ (''),
/* organization */ (''),
/* preprocessor_version */ 'ST-DEVELOPER v20.1',
/* originating_system */ 'Autodesk Translation Framework v15.8.0.0',
/* authorisation */ '');

FILE_SCHEMA (('AUTOMOTIVE_DESIGN { 1 0 10303 214 3 1 1 }'));
ENDSEC;

DATA;
#10=MECHANICAL_DESIGN_GEOMETRIC_PRESENTATION_REPRESENTATION('',(#53,#54,
#55),#10816);
#11=ITEM_DEFINED_TRANSFORMATION($,$,#7134,#7174);
#12=ITEM_DEFINED_TRANSFORMATION($,$,#6767,#7175);
#13=ITEM_DEFINED_TRANSFORMATION($,$,#7023,#7176);
#14=ITEM_DEFINED_TRANSFORMATION($,$,#7134,#7177);
#15=ITEM_DEFINED_TRANSFORMATION($,$,#7134,#7178);
#16=ITEM_DEFINED_TRANSFORMATION($,$,#7134,#7179);
#17=ITEM_DEFINED_TRANSFORMATION($,$,#7134,#7180);
#18=ITEM_DEFINED_TRANSFORMATION($,$,#7134,#7181);
#19=ITEM_DEFINED_TRANSFORMATION($,$,#6766,#7182);
#20=(
REPRESENTATION_RELATIONSHIP($,$,#10844,#10841)
REPRESENTATION_RELATIONSHIP_WITH_TRANSFORMATION(#11)
SHAPE_REPRESENTATION_RELATIONSHIP()
);
#21=(
REPRESENTATION_RELATIONSHIP($,$,#10842,#10841)
REPRESENTATION_RELATIONSHIP_WITH_TRANSFORMATION(#12)
SHAPE_REPRESENTATION_RELATIONSHIP()
);
#22=(
REPRESENTATION_RELATIONSHIP($,$,#10843,#10841)
REPRESENTATION_RELATIONSHIP_WITH_TRANSFORMATION(#13)
SHAPE_REPRESENTATION_RELATIONSHIP()
);
#23=(
REPRESENTATION_RELATIONSHIP($,$,#10844,#10841)
REPRESENTATION_RELATIONSHIP_WITH_TRANSFORMATION(#14)
SHAPE_REPRESENTATION_RELATIONSHIP()
);
#24=(
REPRESENTATION_RELATIONSHIP($,$,#10844,#10841)
REPRESENTATION_RELATIONSHIP_WITH_TRANSFORMATION(#15)
SHAPE_REPRESENTATION_RELATIONSHIP()
);
#25=(
REPRESENTATION_RELATIONSHIP($,$,#10844,#10841)
REPRESENTATION_RELATIONSHIP_WITH_TRANSFORMATION(#16)
SHAPE_REPRESENTATION_RELATIONSHIP()
);
#26=(
REPRESENTATION_RELATIONSHIP($,$,#10844,#10841)
REPRESENTATION_RELATIONSHIP_WITH_TRANSFORMATION(#17)
SHAPE_REPRESENTATION_RELATIONSHIP()
);
#27=(
REPRESENTATION_RELATIONSHIP($,$,#10844,#10841)
REPRESENTATION_RELATIONSHIP_WITH_TRANSFORMATION(#18)
SHAPE_REPRESENTATION_RELATIONSHIP()
);
#28=(
REPRESENTATION_RELATIONSHIP($,$,#10841,#10840)
REPRESENTATION_RELATIONSHIP_WITH_TRANSFORMATION(#19)
SHAPE_REPRESENTATION_RELATIONSHIP()
);
#29=CONTEXT_DEPENDENT_SHAPE_REPRESENTATION(#20,#10831);
#30=CONTEXT_DEPENDENT_SHAPE_REPRESENTATION(#21,#10832);
#31=CONTEXT_DEPENDENT_SHAPE_REPRESENTATION(#22,#10833);
#32=CONTEXT_DEPENDENT_SHAPE_REPRESENTATION(#23,#10834);
#33=CONTEXT_DEPENDENT_SHAPE_REPRESENTATION(#24,#10835);
#34=CONTEXT_DEPENDENT_SHAPE_REPRESENTATION(#25,#10836);
#35=CONTEXT_DEPENDENT_SHAPE_REPRESENTATION(#26,#10837);
#36=CONTEXT_DEPENDENT_SHAPE_REPRESENTATION(#27,#10838);
#37=CONTEXT_DEPENDENT_SHAPE_REPRESENTATION(#28,#10839);
#38=NEXT_ASSEMBLY_USAGE_OCCURRENCE('Button:1','Button:1','Button:1',#10847,
#10850,'Button:1');
#39=NEXT_ASSEMBLY_USAGE_OCCURRENCE('Top Frame:1','Top Frame:1',
'Top Frame:1',#10847,#10848,'Top Frame:1');
#40=NEXT_ASSEMBLY_USAGE_OCCURRENCE('Frame Insert Ring:1',
'Frame Insert Ring:1','Frame Insert Ring:1',#10847,#10849,
'Frame Insert Ring:1');
#41=NEXT_ASSEMBLY_USAGE_OCCURRENCE('Button:2','Button:2','Button:2',#10847,
#10850,'Button:2');
#42=NEXT_ASSEMBLY_USAGE_OCCURRENCE('Button:3','Button:3','Button:3',#10847,
#10850,'Button:3');
#43=NEXT_ASSEMBLY_USAGE_OCCURRENCE('Button:4','Button:4','Button:4',#10847,
#10850,'Button:4');
#44=NEXT_ASSEMBLY_USAGE_OCCURRENCE('Button:5','Button:5','Button:5',#10847,
#10850,'Button:5');
#45=NEXT_ASSEMBLY_USAGE_OCCURRENCE('Button:6','Button:6','Button:6',#10847,
#10850,'Button:6');
#46=NEXT_ASSEMBLY_USAGE_OCCURRENCE('Case Top:1','Case Top:1',
'Case Top:1',#10846,#10847,'Case Top:1');
#47=SHAPE_REPRESENTATION_RELATIONSHIP('SRR','None',#10842,#50);
#48=SHAPE_REPRESENTATION_RELATIONSHIP('SRR','None',#10843,#51);
#49=SHAPE_REPRESENTATION_RELATIONSHIP('SRR','None',#10844,#52);
#50=ADVANCED_BREP_SHAPE_REPRESENTATION('',(#56),#10813);
#51=ADVANCED_BREP_SHAPE_REPRESENTATION('',(#57),#10814);
#52=ADVANCED_BREP_SHAPE_REPRESENTATION('',(#58),#10815);
#53=STYLED_ITEM('',(#10870),#56);
#54=STYLED_ITEM('',(#10871),#57);
#55=STYLED_ITEM('',(#10872),#58);
#56=MANIFOLD_SOLID_BREP('Body1',#6728);
#57=MANIFOLD_SOLID_BREP('Body1',#6729);
#58=MANIFOLD_SOLID_BREP('Body1',#6730);
#59=CYLINDRICAL_SURFACE('',#6935,0.4);
#60=CYLINDRICAL_SURFACE('',#6946,0.4);
#61=CYLINDRICAL_SURFACE('',#6947,0.4);
#62=CYLINDRICAL_SURFACE('',#6949,0.4);
#63=CYLINDRICAL_SURFACE('',#6950,0.400000000000003);
#64=CYLINDRICAL_SURFACE('',#6952,2.11);
#65=CYLINDRICAL_SURFACE('',#6953,0.400000000000002);
#66=CYLINDRICAL_SURFACE('',#6954,0.4);
#67=CYLINDRICAL_SURFACE('',#6965,0.4);
#68=CYLINDRICAL_SURFACE('',#6966,0.4);
#69=CYLINDRICAL_SURFACE('',#6968,0.4);
#70=CYLINDRICAL_SURFACE('',#6969,0.400000000000002);
#71=CYLINDRICAL_SURFACE('',#6971,2.11);
#72=CYLINDRICAL_SURFACE('',#6972,0.400000000000002);
#73=CYLINDRICAL_SURFACE('',#6980,0.4);
#74=CYLINDRICAL_SURFACE('',#6991,0.4);
#75=CYLINDRICAL_SURFACE('',#6992,0.4);
#76=CYLINDRICAL_SURFACE('',#6994,0.4);
#77=CYLINDRICAL_SURFACE('',#6995,0.4);
#78=CYLINDRICAL_SURFACE('',#6997,2.11);
#79=CYLINDRICAL_SURFACE('',#6998,0.4);
#80=CYLINDRICAL_SURFACE('',#7145,0.2);
#81=CYLINDRICAL_SURFACE('',#7149,0.200000000000005);
#82=CYLINDRICAL_SURFACE('',#7153,0.2);
#83=CYLINDRICAL_SURFACE('',#7157,0.200000000000005);
#84=FACE_BOUND('',#525,.T.);
#85=FACE_BOUND('',#526,.T.);
#86=FACE_BOUND('',#527,.T.);
#87=FACE_BOUND('',#528,.T.);
#88=FACE_BOUND('',#546,.T.);
#89=FACE_BOUND('',#709,.T.);
#90=FACE_BOUND('',#729,.T.);
#91=FACE_BOUND('',#795,.T.);
#92=FACE_BOUND('',#850,.T.);
#93=CIRCLE('',#6796,2.11);
#94=CIRCLE('',#6797,2.11);
#95=CIRCLE('',#6798,2.11);
#96=CIRCLE('',#6816,2.11);
#97=CIRCLE('',#6817,0.400000000000003);
#98=CIRCLE('',#6818,0.4);
#99=CIRCLE('',#6819,0.4);
#100=CIRCLE('',#6820,0.4);
#101=CIRCLE('',#6821,0.4);
#102=CIRCLE('',#6822,0.4);
#103=CIRCLE('',#6823,2.11);
#104=CIRCLE('',#6824,0.4);
#105=CIRCLE('',#6825,0.4);
#106=CIRCLE('',#6826,0.4);
#107=CIRCLE('',#6827,0.4);
#108=CIRCLE('',#6828,0.4);
#109=CIRCLE('',#6829,0.400000000000002);
#110=CIRCLE('',#6830,2.11);
#111=CIRCLE('',#6831,0.400000000000002);
#112=CIRCLE('',#6832,0.4);
#113=CIRCLE('',#6833,0.4);
#114=CIRCLE('',#6834,0.4);
#115=CIRCLE('',#6835,0.4);
#116=CIRCLE('',#6836,0.400000000000002);
#117=CIRCLE('',#6936,0.4);
#118=CIRCLE('',#6938,0.4);
#119=CIRCLE('',#6939,0.400000000000003);
#120=CIRCLE('',#6940,2.11);
#121=CIRCLE('',#6941,2.11);
#122=CIRCLE('',#6942,0.400000000000002);
#123=CIRCLE('',#6943,0.4);
#124=CIRCLE('',#6944,0.4);
#125=CIRCLE('',#6955,0.4);
#126=CIRCLE('',#6957,0.4);
#127=CIRCLE('',#6958,0.400000000000002);
#128=CIRCLE('',#6959,2.11);
#129=CIRCLE('',#6960,2.11);
#130=CIRCLE('',#6961,0.400000000000002);
#131=CIRCLE('',#6962,0.4);
#132=CIRCLE('',#6963,0.4);
#133=CIRCLE('',#6981,0.4);
#134=CIRCLE('',#6983,0.4);
#135=CIRCLE('',#6984,0.4);
#136=CIRCLE('',#6985,2.11);
#137=CIRCLE('',#6986,2.11);
#138=CIRCLE('',#6987,0.4);
#139=CIRCLE('',#6988,0.4);
#140=CIRCLE('',#6989,0.4);
#141=CIRCLE('',#7146,0.2);
#142=CIRCLE('',#7147,0.2);
#143=CIRCLE('',#7150,0.200000000000005);
#144=CIRCLE('',#7151,0.200000000000005);
#145=CIRCLE('',#7154,0.2);
#146=CIRCLE('',#7155,0.2);
#147=CIRCLE('',#7158,0.200000000000005);
#148=CIRCLE('',#7159,0.200000000000005);
#149=FACE_OUTER_BOUND('',#497,.T.);
#150=FACE_OUTER_BOUND('',#498,.T.);
#151=FACE_OUTER_BOUND('',#499,.T.);
#152=FACE_OUTER_BOUND('',#500,.T.);
#153=FACE_OUTER_BOUND('',#501,.T.);
#154=FACE_OUTER_BOUND('',#502,.T.);
#155=FACE_OUTER_BOUND('',#503,.T.);
#156=FACE_OUTER_BOUND('',#504,.T.);
#157=FACE_OUTER_BOUND('',#505,.T.);
#158=FACE_OUTER_BOUND('',#506,.T.);
#159=FACE_OUTER_BOUND('',#507,.T.);
#160=FACE_OUTER_BOUND('',#508,.T.);
#161=FACE_OUTER_BOUND('',#509,.T.);
#162=FACE_OUTER_BOUND('',#510,.T.);
#163=FACE_OUTER_BOUND('',#511,.T.);
#164=FACE_OUTER_BOUND('',#512,.T.);
#165=FACE_OUTER_BOUND('',#513,.T.);
#166=FACE_OUTER_BOUND('',#514,.T.);
#167=FACE_OUTER_BOUND('',#515,.T.);
#168=FACE_OUTER_BOUND('',#516,.T.);
#169=FACE_OUTER_BOUND('',#517,.T.);
#170=FACE_OUTER_BOUND('',#518,.T.);
#171=FACE_OUTER_BOUND('',#519,.T.);
#172=FACE_OUTER_BOUND('',#520,.T.);
#173=FACE_OUTER_BOUND('',#521,.T.);
#174=FACE_OUTER_BOUND('',#522,.T.);
#175=FACE_OUTER_BOUND('',#523,.T.);
#176=FACE_OUTER_BOUND('',#524,.T.);
#177=FACE_OUTER_BOUND('',#529,.T.);
#178=FACE_OUTER_BOUND('',#530,.T.);
#179=FACE_OUTER_BOUND('',#531,.T.);
#180=FACE_OUTER_BOUND('',#532,.T.);
#181=FACE_OUTER_BOUND('',#533,.T.);
#182=FACE_OUTER_BOUND('',#534,.T.);
#183=FACE_OUTER_BOUND('',#535,.T.);
#184=FACE_OUTER_BOUND('',#536,.T.);
#185=FACE_OUTER_BOUND('',#537,.T.);
#186=FACE_OUTER_BOUND('',#538,.T.);
#187=FACE_OUTER_BOUND('',#539,.T.);
#188=FACE_OUTER_BOUND('',#540,.T.);
#189=FACE_OUTER_BOUND('',#541,.T.);
#190=FACE_OUTER_BOUND('',#542,.T.);
#191=FACE_OUTER_BOUND('',#543,.T.);
#192=FACE_OUTER_BOUND('',#544,.T.);
#193=FACE_OUTER_BOUND('',#545,.T.);
#194=FACE_OUTER_BOUND('',#547,.T.);
#195=FACE_OUTER_BOUND('',#548,.T.);
#196=FACE_OUTER_BOUND('',#549,.T.);
#197=FACE_OUTER_BOUND('',#550,.T.);
#198=FACE_OUTER_BOUND('',#551,.T.);
#199=FACE_OUTER_BOUND('',#552,.T.);
#200=FACE_OUTER_BOUND('',#553,.T.);
#201=FACE_OUTER_BOUND('',#554,.T.);
#202=FACE_OUTER_BOUND('',#555,.T.);
#203=FACE_OUTER_BOUND('',#556,.T.);
#204=FACE_OUTER_BOUND('',#557,.T.);
#205=FACE_OUTER_BOUND('',#558,.T.);
#206=FACE_OUTER_BOUND('',#559,.T.);
#207=FACE_OUTER_BOUND('',#560,.T.);
#208=FACE_OUTER_BOUND('',#561,.T.);
#209=FACE_OUTER_BOUND('',#562,.T.);
#210=FACE_OUTER_BOUND('',#563,.T.);
#211=FACE_OUTER_BOUND('',#564,.T.);
#212=FACE_OUTER_BOUND('',#565,.T.);
#213=FACE_OUTER_BOUND('',#566,.T.);
#214=FACE_OUTER_BOUND('',#567,.T.);
#215=FACE_OUTER_BOUND('',#568,.T.);
#216=FACE_OUTER_BOUND('',#569,.T.);
#217=FACE_OUTER_BOUND('',#570,.T.);
#218=FACE_OUTER_BOUND('',#571,.T.);
#219=FACE_OUTER_BOUND('',#572,.T.);
#220=FACE_OUTER_BOUND('',#573,.T.);
#221=FACE_OUTER_BOUND('',#574,.T.);
#222=FACE_OUTER_BOUND('',#575,.T.);
#223=FACE_OUTER_BOUND('',#576,.T.);
#224=FACE_OUTER_BOUND('',#577,.T.);
#225=FACE_OUTER_BOUND('',#578,.T.);
#226=FACE_OUTER_BOUND('',#579,.T.);
#227=FACE_OUTER_BOUND('',#580,.T.);
#228=FACE_OUTER_BOUND('',#581,.T.);
#229=FACE_OUTER_BOUND('',#582,.T.);
#230=FACE_OUTER_BOUND('',#583,.T.);
#231=FACE_OUTER_BOUND('',#584,.T.);
#232=FACE_OUTER_BOUND('',#585,.T.);
#233=FACE_OUTER_BOUND('',#586,.T.);
#234=FACE_OUTER_BOUND('',#587,.T.);
#235=FACE_OUTER_BOUND('',#588,.T.);
#236=FACE_OUTER_BOUND('',#589,.T.);
#237=FACE_OUTER_BOUND('',#590,.T.);
#238=FACE_OUTER_BOUND('',#591,.T.);
#239=FACE_OUTER_BOUND('',#592,.T.);
#240=FACE_OUTER_BOUND('',#593,.T.);
#241=FACE_OUTER_BOUND('',#594,.T.);
#242=FACE_OUTER_BOUND('',#595,.T.);
#243=FACE_OUTER_BOUND('',#596,.T.);
#244=FACE_OUTER_BOUND('',#597,.T.);
#245=FACE_OUTER_BOUND('',#598,.T.);
#246=FACE_OUTER_BOUND('',#599,.T.);
#247=FACE_OUTER_BOUND('',#600,.T.);
#248=FACE_OUTER_BOUND('',#601,.T.);
#249=FACE_OUTER_BOUND('',#602,.T.);
#250=FACE_OUTER_BOUND('',#603,.T.);
#251=FACE_OUTER_BOUND('',#604,.T.);
#252=FACE_OUTER_BOUND('',#605,.T.);
#253=FACE_OUTER_BOUND('',#606,.T.);
#254=FACE_OUTER_BOUND('',#607,.T.);
#255=FACE_OUTER_BOUND('',#608,.T.);
#256=FACE_OUTER_BOUND('',#609,.T.);
#257=FACE_OUTER_BOUND('',#610,.T.);
#258=FACE_OUTER_BOUND('',#611,.T.);
#259=FACE_OUTER_BOUND('',#612,.T.);
#260=FACE_OUTER_BOUND('',#613,.T.);
#261=FACE_OUTER_BOUND('',#614,.T.);
#262=FACE_OUTER_BOUND('',#615,.T.);
#263=FACE_OUTER_BOUND('',#616,.T.);
#264=FACE_OUTER_BOUND('',#617,.T.);
#265=FACE_OUTER_BOUND('',#618,.T.);
#266=FACE_OUTER_BOUND('',#619,.T.);
#267=FACE_OUTER_BOUND('',#620,.T.);
#268=FACE_OUTER_BOUND('',#621,.T.);
#269=FACE_OUTER_BOUND('',#622,.T.);
#270=FACE_OUTER_BOUND('',#623,.T.);
#271=FACE_OUTER_BOUND('',#624,.T.);
#272=FACE_OUTER_BOUND('',#625,.T.);
#273=FACE_OUTER_BOUND('',#626,.T.);
#274=FACE_OUTER_BOUND('',#627,.T.);
#275=FACE_OUTER_BOUND('',#628,.T.);
#276=FACE_OUTER_BOUND('',#629,.T.);
#277=FACE_OUTER_BOUND('',#630,.T.);
#278=FACE_OUTER_BOUND('',#631,.T.);
#279=FACE_OUTER_BOUND('',#632,.T.);
#280=FACE_OUTER_BOUND('',#633,.T.);
#281=FACE_OUTER_BOUND('',#634,.T.);
#282=FACE_OUTER_BOUND('',#635,.T.);
#283=FACE_OUTER_BOUND('',#636,.T.);
#284=FACE_OUTER_BOUND('',#637,.T.);
#285=FACE_OUTER_BOUND('',#638,.T.);
#286=FACE_OUTER_BOUND('',#639,.T.);
#287=FACE_OUTER_BOUND('',#640,.T.);
#288=FACE_OUTER_BOUND('',#641,.T.);
#289=FACE_OUTER_BOUND('',#642,.T.);
#290=FACE_OUTER_BOUND('',#643,.T.);
#291=FACE_OUTER_BOUND('',#644,.T.);
#292=FACE_OUTER_BOUND('',#645,.T.);
#293=FACE_OUTER_BOUND('',#646,.T.);
#294=FACE_OUTER_BOUND('',#647,.T.);
#295=FACE_OUTER_BOUND('',#648,.T.);
#296=FACE_OUTER_BOUND('',#649,.T.);
#297=FACE_OUTER_BOUND('',#650,.T.);
#298=FACE_OUTER_BOUND('',#651,.T.);
#299=FACE_OUTER_BOUND('',#652,.T.);
#300=FACE_OUTER_BOUND('',#653,.T.);
#301=FACE_OUTER_BOUND('',#654,.T.);
#302=FACE_OUTER_BOUND('',#655,.T.);
#303=FACE_OUTER_BOUND('',#656,.T.);
#304=FACE_OUTER_BOUND('',#657,.T.);
#305=FACE_OUTER_BOUND('',#658,.T.);
#306=FACE_OUTER_BOUND('',#659,.T.);
#307=FACE_OUTER_BOUND('',#660,.T.);
#308=FACE_OUTER_BOUND('',#661,.T.);
#309=FACE_OUTER_BOUND('',#662,.T.);
#310=FACE_OUTER_BOUND('',#663,.T.);
#311=FACE_OUTER_BOUND('',#664,.T.);
#312=FACE_OUTER_BOUND('',#665,.T.);
#313=FACE_OUTER_BOUND('',#666,.T.);
#314=FACE_OUTER_BOUND('',#667,.T.);
#315=FACE_OUTER_BOUND('',#668,.T.);
#316=FACE_OUTER_BOUND('',#669,.T.);
#317=FACE_OUTER_BOUND('',#670,.T.);
#318=FACE_OUTER_BOUND('',#671,.T.);
#319=FACE_OUTER_BOUND('',#672,.T.);
#320=FACE_OUTER_BOUND('',#673,.T.);
#321=FACE_OUTER_BOUND('',#674,.T.);
#322=FACE_OUTER_BOUND('',#675,.T.);
#323=FACE_OUTER_BOUND('',#676,.T.);
#324=FACE_OUTER_BOUND('',#677,.T.);
#325=FACE_OUTER_BOUND('',#678,.T.);
#326=FACE_OUTER_BOUND('',#679,.T.);
#327=FACE_OUTER_BOUND('',#680,.T.);
#328=FACE_OUTER_BOUND('',#681,.T.);
#329=FACE_OUTER_BOUND('',#682,.T.);
#330=FACE_OUTER_BOUND('',#683,.T.);
#331=FACE_OUTER_BOUND('',#684,.T.);
#332=FACE_OUTER_BOUND('',#685,.T.);
#333=FACE_OUTER_BOUND('',#686,.T.);
#334=FACE_OUTER_BOUND('',#687,.T.);
#335=FACE_OUTER_BOUND('',#688,.T.);
#336=FACE_OUTER_BOUND('',#689,.T.);
#337=FACE_OUTER_BOUND('',#690,.T.);
#338=FACE_OUTER_BOUND('',#691,.T.);
#339=FACE_OUTER_BOUND('',#692,.T.);
#340=FACE_OUTER_BOUND('',#693,.T.);
#341=FACE_OUTER_BOUND('',#694,.T.);
#342=FACE_OUTER_BOUND('',#695,.T.);
#343=FACE_OUTER_BOUND('',#696,.T.);
#344=FACE_OUTER_BOUND('',#697,.T.);
#345=FACE_OUTER_BOUND('',#698,.T.);
#346=FACE_OUTER_BOUND('',#699,.T.);
#347=FACE_OUTER_BOUND('',#700,.T.);
#348=FACE_OUTER_BOUND('',#701,.T.);
#349=FACE_OUTER_BOUND('',#702,.T.);
#350=FACE_OUTER_BOUND('',#703,.T.);
#351=FACE_OUTER_BOUND('',#704,.T.);
#352=FACE_OUTER_BOUND('',#705,.T.);
#353=FACE_OUTER_BOUND('',#706,.T.);
#354=FACE_OUTER_BOUND('',#707,.T.);
#355=FACE_OUTER_BOUND('',#708,.T.);
#356=FACE_OUTER_BOUND('',#710,.T.);
#357=FACE_OUTER_BOUND('',#711,.T.);
#358=FACE_OUTER_BOUND('',#712,.T.);
#359=FACE_OUTER_BOUND('',#713,.T.);
#360=FACE_OUTER_BOUND('',#714,.T.);
#361=FACE_OUTER_BOUND('',#715,.T.);
#362=FACE_OUTER_BOUND('',#716,.T.);
#363=FACE_OUTER_BOUND('',#717,.T.);
#364=FACE_OUTER_BOUND('',#718,.T.);
#365=FACE_OUTER_BOUND('',#719,.T.);
#366=FACE_OUTER_BOUND('',#720,.T.);
#367=FACE_OUTER_BOUND('',#721,.T.);
#368=FACE_OUTER_BOUND('',#722,.T.);
#369=FACE_OUTER_BOUND('',#723,.T.);
#370=FACE_OUTER_BOUND('',#724,.T.);
#371=FACE_OUTER_BOUND('',#725,.T.);
#372=FACE_OUTER_BOUND('',#726,.T.);
#373=FACE_OUTER_BOUND('',#727,.T.);
#374=FACE_OUTER_BOUND('',#728,.T.);
#375=FACE_OUTER_BOUND('',#730,.T.);
#376=FACE_OUTER_BOUND('',#731,.T.);
#377=FACE_OUTER_BOUND('',#732,.T.);
#378=FACE_OUTER_BOUND('',#733,.T.);
#379=FACE_OUTER_BOUND('',#734,.T.);
#380=FACE_OUTER_BOUND('',#735,.T.);
#381=FACE_OUTER_BOUND('',#736,.T.);
#382=FACE_OUTER_BOUND('',#737,.T.);
#383=FACE_OUTER_BOUND('',#738,.T.);
#384=FACE_OUTER_BOUND('',#739,.T.);
#385=FACE_OUTER_BOUND('',#740,.T.);
#386=FACE_OUTER_BOUND('',#741,.T.);
#387=FACE_OUTER_BOUND('',#742,.T.);
#388=FACE_OUTER_BOUND('',#743,.T.);
#389=FACE_OUTER_BOUND('',#744,.T.);
#390=FACE_OUTER_BOUND('',#745,.T.);
#391=FACE_OUTER_BOUND('',#746,.T.);
#392=FACE_OUTER_BOUND('',#747,.T.);
#393=FACE_OUTER_BOUND('',#748,.T.);
#394=FACE_OUTER_BOUND('',#749,.T.);
#395=FACE_OUTER_BOUND('',#750,.T.);
#396=FACE_OUTER_BOUND('',#751,.T.);
#397=FACE_OUTER_BOUND('',#752,.T.);
#398=FACE_OUTER_BOUND('',#753,.T.);
#399=FACE_OUTER_BOUND('',#754,.T.);
#400=FACE_OUTER_BOUND('',#755,.T.);
#401=FACE_OUTER_BOUND('',#756,.T.);
#402=FACE_OUTER_BOUND('',#757,.T.);
#403=FACE_OUTER_BOUND('',#758,.T.);
#404=FACE_OUTER_BOUND('',#759,.T.);
#405=FACE_OUTER_BOUND('',#760,.T.);
#406=FACE_OUTER_BOUND('',#761,.T.);
#407=FACE_OUTER_BOUND('',#762,.T.);
#408=FACE_OUTER_BOUND('',#763,.T.);
#409=FACE_OUTER_BOUND('',#764,.T.);
#410=FACE_OUTER_BOUND('',#765,.T.);
#411=FACE_OUTER_BOUND('',#766,.T.);
#412=FACE_OUTER_BOUND('',#767,.T.);
#413=FACE_OUTER_BOUND('',#768,.T.);
#414=FACE_OUTER_BOUND('',#769,.T.);
#415=FACE_OUTER_BOUND('',#770,.T.);
#416=FACE_OUTER_BOUND('',#771,.T.);
#417=FACE_OUTER_BOUND('',#772,.T.);
#418=FACE_OUTER_BOUND('',#773,.T.);
#419=FACE_OUTER_BOUND('',#774,.T.);
#420=FACE_OUTER_BOUND('',#775,.T.);
#421=FACE_OUTER_BOUND('',#776,.T.);
#422=FACE_OUTER_BOUND('',#777,.T.);
#423=FACE_OUTER_BOUND('',#778,.T.);
#424=FACE_OUTER_BOUND('',#779,.T.);
#425=FACE_OUTER_BOUND('',#780,.T.);
#426=FACE_OUTER_BOUND('',#781,.T.);
#427=FACE_OUTER_BOUND('',#782,.T.);
#428=FACE_OUTER_BOUND('',#783,.T.);
#429=FACE_OUTER_BOUND('',#784,.T.);
#430=FACE_OUTER_BOUND('',#785,.T.);
#431=FACE_OUTER_BOUND('',#786,.T.);
#432=FACE_OUTER_BOUND('',#787,.T.);
#433=FACE_OUTER_BOUND('',#788,.T.);
#434=FACE_OUTER_BOUND('',#789,.T.);
#435=FACE_OUTER_BOUND('',#790,.T.);
#436=FACE_OUTER_BOUND('',#791,.T.);
#437=FACE_OUTER_BOUND('',#792,.T.);
#438=FACE_OUTER_BOUND('',#793,.T.);
#439=FACE_OUTER_BOUND('',#794,.T.);
#440=FACE_OUTER_BOUND('',#796,.T.);
#441=FACE_OUTER_BOUND('',#797,.T.);
#442=FACE_OUTER_BOUND('',#798,.T.);
#443=FACE_OUTER_BOUND('',#799,.T.);
#444=FACE_OUTER_BOUND('',#800,.T.);
#445=FACE_OUTER_BOUND('',#801,.T.);
#446=FACE_OUTER_BOUND('',#802,.T.);
#447=FACE_OUTER_BOUND('',#803,.T.);
#448=FACE_OUTER_BOUND('',#804,.T.);
#449=FACE_OUTER_BOUND('',#805,.T.);
#450=FACE_OUTER_BOUND('',#806,.T.);
#451=FACE_OUTER_BOUND('',#807,.T.);
#452=FACE_OUTER_BOUND('',#808,.T.);
#453=FACE_OUTER_BOUND('',#809,.T.);
#454=FACE_OUTER_BOUND('',#810,.T.);
#455=FACE_OUTER_BOUND('',#811,.T.);
#456=FACE_OUTER_BOUND('',#812,.T.);
#457=FACE_OUTER_BOUND('',#813,.T.);
#458=FACE_OUTER_BOUND('',#814,.T.);
#459=FACE_OUTER_BOUND('',#815,.T.);
#460=FACE_OUTER_BOUND('',#816,.T.);
#461=FACE_OUTER_BOUND('',#817,.T.);
#462=FACE_OUTER_BOUND('',#818,.T.);
#463=FACE_OUTER_BOUND('',#819,.T.);
#464=FACE_OUTER_BOUND('',#820,.T.);
#465=FACE_OUTER_BOUND('',#821,.T.);
#466=FACE_OUTER_BOUND('',#822,.T.);
#467=FACE_OUTER_BOUND('',#823,.T.);
#468=FACE_OUTER_BOUND('',#824,.T.);
#469=FACE_OUTER_BOUND('',#825,.T.);
#470=FACE_OUTER_BOUND('',#826,.T.);
#471=FACE_OUTER_BOUND('',#827,.T.);
#472=FACE_OUTER_BOUND('',#828,.T.);
#473=FACE_OUTER_BOUND('',#829,.T.);
#474=FACE_OUTER_BOUND('',#830,.T.);
#475=FACE_OUTER_BOUND('',#831,.T.);
#476=FACE_OUTER_BOUND('',#832,.T.);
#477=FACE_OUTER_BOUND('',#833,.T.);
#478=FACE_OUTER_BOUND('',#834,.T.);
#479=FACE_OUTER_BOUND('',#835,.T.);
#480=FACE_OUTER_BOUND('',#836,.T.);
#481=FACE_OUTER_BOUND('',#837,.T.);
#482=FACE_OUTER_BOUND('',#838,.T.);
#483=FACE_OUTER_BOUND('',#839,.T.);
#484=FACE_OUTER_BOUND('',#840,.T.);
#485=FACE_OUTER_BOUND('',#841,.T.);
#486=FACE_OUTER_BOUND('',#842,.T.);
#487=FACE_OUTER_BOUND('',#843,.T.);
#488=FACE_OUTER_BOUND('',#844,.T.);
#489=FACE_OUTER_BOUND('',#845,.T.);
#490=FACE_OUTER_BOUND('',#846,.T.);
#491=FACE_OUTER_BOUND('',#847,.T.);
#492=FACE_OUTER_BOUND('',#848,.T.);
#493=FACE_OUTER_BOUND('',#849,.T.);
#494=FACE_OUTER_BOUND('',#851,.T.);
#495=FACE_OUTER_BOUND('',#852,.T.);
#496=FACE_OUTER_BOUND('',#853,.T.);
#497=EDGE_LOOP('',(#4167,#4168,#4169,#4170));
#498=EDGE_LOOP('',(#4171,#4172,#4173,#4174));
#499=EDGE_LOOP('',(#4175,#4176,#4177,#4178));
#500=EDGE_LOOP('',(#4179,#4180,#4181,#4182));
#501=EDGE_LOOP('',(#4183,#4184,#4185,#4186));
#502=EDGE_LOOP('',(#4187,#4188,#4189,#4190));
#503=EDGE_LOOP('',(#4191,#4192,#4193,#4194));
#504=EDGE_LOOP('',(#4195,#4196,#4197,#4198));
#505=EDGE_LOOP('',(#4199,#4200,#4201,#4202));
#506=EDGE_LOOP('',(#4203,#4204,#4205,#4206));
#507=EDGE_LOOP('',(#4207,#4208,#4209,#4210));
#508=EDGE_LOOP('',(#4211,#4212,#4213,#4214));
#509=EDGE_LOOP('',(#4215,#4216,#4217,#4218));
#510=EDGE_LOOP('',(#4219,#4220,#4221,#4222));
#511=EDGE_LOOP('',(#4223,#4224,#4225,#4226));
#512=EDGE_LOOP('',(#4227,#4228,#4229,#4230));
#513=EDGE_LOOP('',(#4231,#4232,#4233,#4234));
#514=EDGE_LOOP('',(#4235,#4236,#4237,#4238));
#515=EDGE_LOOP('',(#4239,#4240,#4241,#4242));
#516=EDGE_LOOP('',(#4243,#4244,#4245,#4246));
#517=EDGE_LOOP('',(#4247,#4248,#4249,#4250));
#518=EDGE_LOOP('',(#4251,#4252,#4253,#4254,#4255,#4256));
#519=EDGE_LOOP('',(#4257,#4258,#4259,#4260));
#520=EDGE_LOOP('',(#4261,#4262,#4263,#4264,#4265,#4266));
#521=EDGE_LOOP('',(#4267,#4268,#4269,#4270));
#522=EDGE_LOOP('',(#4271,#4272,#4273,#4274));
#523=EDGE_LOOP('',(#4275,#4276,#4277,#4278));
#524=EDGE_LOOP('',(#4279,#4280,#4281,#4282,#4283,#4284,#4285,#4286,#4287,
#4288,#4289,#4290,#4291,#4292,#4293,#4294,#4295,#4296,#4297,#4298,#4299,
#4300,#4301,#4302,#4303,#4304,#4305,#4306,#4307,#4308,#4309,#4310,#4311,
#4312,#4313,#4314));
#525=EDGE_LOOP('',(#4315));
#526=EDGE_LOOP('',(#4316));
#527=EDGE_LOOP('',(#4317));
#528=EDGE_LOOP('',(#4318,#4319,#4320,#4321,#4322,#4323,#4324,#4325,#4326,
#4327,#4328,#4329,#4330,#4331,#4332,#4333,#4334,#4335));
#529=EDGE_LOOP('',(#4336,#4337,#4338,#4339,#4340,#4341,#4342,#4343));
#530=EDGE_LOOP('',(#4344,#4345,#4346,#4347,#4348,#4349));
#531=EDGE_LOOP('',(#4350,#4351,#4352,#4353));
#532=EDGE_LOOP('',(#4354,#4355,#4356,#4357));
#533=EDGE_LOOP('',(#4358,#4359,#4360,#4361,#4362,#4363,#4364));
#534=EDGE_LOOP('',(#4365,#4366,#4367,#4368));
#535=EDGE_LOOP('',(#4369,#4370,#4371,#4372,#4373,#4374,#4375));
#536=EDGE_LOOP('',(#4376,#4377,#4378,#4379));
#537=EDGE_LOOP('',(#4380,#4381,#4382,#4383,#4384));
#538=EDGE_LOOP('',(#4385,#4386,#4387,#4388,#4389,#4390));
#539=EDGE_LOOP('',(#4391,#4392,#4393,#4394,#4395,#4396));
#540=EDGE_LOOP('',(#4397,#4398,#4399,#4400));
#541=EDGE_LOOP('',(#4401,#4402,#4403,#4404,#4405,#4406));
#542=EDGE_LOOP('',(#4407,#4408,#4409,#4410,#4411));
#543=EDGE_LOOP('',(#4412,#4413,#4414,#4415,#4416,#4417));
#544=EDGE_LOOP('',(#4418,#4419,#4420,#4421,#4422,#4423,#4424,#4425));
#545=EDGE_LOOP('',(#4426,#4427,#4428,#4429,#4430,#4431,#4432,#4433,#4434,
#4435,#4436,#4437,#4438,#4439,#4440,#4441,#4442,#4443,#4444,#4445,#4446,
#4447,#4448,#4449,#4450,#4451,#4452,#4453,#4454,#4455,#4456,#4457,#4458,
#4459,#4460,#4461));
#546=EDGE_LOOP('',(#4462,#4463,#4464,#4465,#4466,#4467,#4468,#4469,#4470,
#4471,#4472,#4473,#4474,#4475,#4476,#4477,#4478,#4479,#4480,#4481,#4482,
#4483,#4484,#4485,#4486,#4487,#4488,#4489,#4490,#4491,#4492,#4493,#4494,
#4495,#4496,#4497,#4498,#4499,#4500,#4501,#4502,#4503,#4504,#4505,#4506,
#4507,#4508,#4509));
#547=EDGE_LOOP('',(#4510,#4511,#4512,#4513,#4514,#4515));
#548=EDGE_LOOP('',(#4516,#4517,#4518,#4519,#4520,#4521));
#549=EDGE_LOOP('',(#4522,#4523,#4524,#4525,#4526,#4527));
#550=EDGE_LOOP('',(#4528,#4529,#4530,#4531,#4532,#4533,#4534,#4535));
#551=EDGE_LOOP('',(#4536,#4537,#4538,#4539,#4540,#4541));
#552=EDGE_LOOP('',(#4542,#4543,#4544,#4545));
#553=EDGE_LOOP('',(#4546,#4547,#4548,#4549));
#554=EDGE_LOOP('',(#4550,#4551,#4552,#4553,#4554,#4555,#4556));
#555=EDGE_LOOP('',(#4557,#4558,#4559,#4560));
#556=EDGE_LOOP('',(#4561,#4562,#4563,#4564,#4565,#4566,#4567));
#557=EDGE_LOOP('',(#4568,#4569,#4570,#4571));
#558=EDGE_LOOP('',(#4572,#4573,#4574,#4575,#4576));
#559=EDGE_LOOP('',(#4577,#4578,#4579,#4580,#4581,#4582));
#560=EDGE_LOOP('',(#4583,#4584,#4585,#4586,#4587,#4588));
#561=EDGE_LOOP('',(#4589,#4590,#4591,#4592));
#562=EDGE_LOOP('',(#4593,#4594,#4595,#4596,#4597,#4598));
#563=EDGE_LOOP('',(#4599,#4600,#4601,#4602,#4603));
#564=EDGE_LOOP('',(#4604,#4605,#4606,#4607,#4608,#4609));
#565=EDGE_LOOP('',(#4610,#4611,#4612,#4613,#4614,#4615,#4616,#4617));
#566=EDGE_LOOP('',(#4618,#4619,#4620,#4621,#4622,#4623));
#567=EDGE_LOOP('',(#4624,#4625,#4626,#4627,#4628,#4629));
#568=EDGE_LOOP('',(#4630,#4631,#4632,#4633,#4634,#4635,#4636,#4637));
#569=EDGE_LOOP('',(#4638,#4639,#4640,#4641,#4642,#4643));
#570=EDGE_LOOP('',(#4644,#4645,#4646,#4647));
#571=EDGE_LOOP('',(#4648,#4649,#4650,#4651));
#572=EDGE_LOOP('',(#4652,#4653,#4654,#4655,#4656,#4657,#4658));
#573=EDGE_LOOP('',(#4659,#4660,#4661,#4662));
#574=EDGE_LOOP('',(#4663,#4664,#4665,#4666,#4667,#4668,#4669));
#575=EDGE_LOOP('',(#4670,#4671,#4672,#4673));
#576=EDGE_LOOP('',(#4674,#4675,#4676,#4677,#4678));
#577=EDGE_LOOP('',(#4679,#4680,#4681,#4682,#4683,#4684));
#578=EDGE_LOOP('',(#4685,#4686,#4687,#4688,#4689,#4690));
#579=EDGE_LOOP('',(#4691,#4692,#4693,#4694));
#580=EDGE_LOOP('',(#4695,#4696,#4697,#4698,#4699,#4700));
#581=EDGE_LOOP('',(#4701,#4702,#4703,#4704,#4705));
#582=EDGE_LOOP('',(#4706,#4707,#4708,#4709,#4710,#4711));
#583=EDGE_LOOP('',(#4712,#4713,#4714,#4715,#4716,#4717,#4718,#4719));
#584=EDGE_LOOP('',(#4720,#4721,#4722,#4723,#4724,#4725));
#585=EDGE_LOOP('',(#4726,#4727,#4728,#4729,#4730,#4731));
#586=EDGE_LOOP('',(#4732,#4733,#4734,#4735,#4736,#4737,#4738,#4739));
#587=EDGE_LOOP('',(#4740,#4741,#4742,#4743,#4744,#4745));
#588=EDGE_LOOP('',(#4746,#4747,#4748,#4749));
#589=EDGE_LOOP('',(#4750,#4751,#4752,#4753));
#590=EDGE_LOOP('',(#4754,#4755,#4756,#4757,#4758,#4759,#4760));
#591=EDGE_LOOP('',(#4761,#4762,#4763,#4764));
#592=EDGE_LOOP('',(#4765,#4766,#4767,#4768,#4769,#4770,#4771));
#593=EDGE_LOOP('',(#4772,#4773,#4774,#4775));
#594=EDGE_LOOP('',(#4776,#4777,#4778,#4779,#4780));
#595=EDGE_LOOP('',(#4781,#4782,#4783,#4784,#4785,#4786));
#596=EDGE_LOOP('',(#4787,#4788,#4789,#4790,#4791,#4792));
#597=EDGE_LOOP('',(#4793,#4794,#4795,#4796));
#598=EDGE_LOOP('',(#4797,#4798,#4799,#4800,#4801,#4802));
#599=EDGE_LOOP('',(#4803,#4804,#4805,#4806,#4807));
#600=EDGE_LOOP('',(#4808,#4809,#4810,#4811,#4812,#4813));
#601=EDGE_LOOP('',(#4814,#4815,#4816,#4817,#4818,#4819,#4820,#4821));
#602=EDGE_LOOP('',(#4822,#4823,#4824,#4825,#4826,#4827));
#603=EDGE_LOOP('',(#4828,#4829,#4830,#4831,#4832,#4833));
#604=EDGE_LOOP('',(#4834,#4835,#4836,#4837,#4838,#4839,#4840,#4841));
#605=EDGE_LOOP('',(#4842,#4843,#4844,#4845,#4846,#4847));
#606=EDGE_LOOP('',(#4848,#4849,#4850,#4851));
#607=EDGE_LOOP('',(#4852,#4853,#4854,#4855));
#608=EDGE_LOOP('',(#4856,#4857,#4858,#4859,#4860,#4861,#4862));
#609=EDGE_LOOP('',(#4863,#4864,#4865,#4866));
#610=EDGE_LOOP('',(#4867,#4868,#4869,#4870,#4871,#4872,#4873));
#611=EDGE_LOOP('',(#4874,#4875,#4876,#4877));
#612=EDGE_LOOP('',(#4878,#4879,#4880,#4881,#4882));
#613=EDGE_LOOP('',(#4883,#4884,#4885,#4886,#4887,#4888));
#614=EDGE_LOOP('',(#4889,#4890,#4891,#4892,#4893,#4894));
#615=EDGE_LOOP('',(#4895,#4896,#4897,#4898));
#616=EDGE_LOOP('',(#4899,#4900,#4901,#4902,#4903,#4904));
#617=EDGE_LOOP('',(#4905,#4906,#4907,#4908,#4909));
#618=EDGE_LOOP('',(#4910,#4911,#4912,#4913,#4914,#4915));
#619=EDGE_LOOP('',(#4916,#4917,#4918,#4919,#4920,#4921,#4922,#4923));
#620=EDGE_LOOP('',(#4924,#4925,#4926,#4927,#4928,#4929));
#621=EDGE_LOOP('',(#4930,#4931,#4932,#4933,#4934,#4935));
#622=EDGE_LOOP('',(#4936,#4937,#4938,#4939,#4940,#4941));
#623=EDGE_LOOP('',(#4942,#4943,#4944,#4945));
#624=EDGE_LOOP('',(#4946,#4947,#4948,#4949));
#625=EDGE_LOOP('',(#4950,#4951,#4952,#4953,#4954,#4955,#4956));
#626=EDGE_LOOP('',(#4957,#4958,#4959,#4960));
#627=EDGE_LOOP('',(#4961,#4962,#4963,#4964,#4965,#4966,#4967));
#628=EDGE_LOOP('',(#4968,#4969,#4970,#4971));
#629=EDGE_LOOP('',(#4972,#4973,#4974,#4975,#4976));
#630=EDGE_LOOP('',(#4977,#4978,#4979,#4980,#4981,#4982));
#631=EDGE_LOOP('',(#4983,#4984,#4985,#4986,#4987,#4988));
#632=EDGE_LOOP('',(#4989,#4990,#4991,#4992));
#633=EDGE_LOOP('',(#4993,#4994,#4995,#4996,#4997,#4998));
#634=EDGE_LOOP('',(#4999,#5000,#5001,#5002,#5003));
#635=EDGE_LOOP('',(#5004,#5005,#5006,#5007,#5008,#5009));
#636=EDGE_LOOP('',(#5010,#5011,#5012,#5013,#5014,#5015,#5016,#5017));
#637=EDGE_LOOP('',(#5018,#5019,#5020,#5021,#5022,#5023,#5024,#5025));
#638=EDGE_LOOP('',(#5026,#5027,#5028,#5029,#5030,#5031));
#639=EDGE_LOOP('',(#5032,#5033,#5034,#5035));
#640=EDGE_LOOP('',(#5036,#5037,#5038,#5039));
#641=EDGE_LOOP('',(#5040,#5041,#5042,#5043));
#642=EDGE_LOOP('',(#5044,#5045,#5046,#5047));
#643=EDGE_LOOP('',(#5048,#5049,#5050,#5051));
#644=EDGE_LOOP('',(#5052,#5053,#5054,#5055));
#645=EDGE_LOOP('',(#5056,#5057,#5058,#5059));
#646=EDGE_LOOP('',(#5060,#5061,#5062,#5063,#5064,#5065,#5066,#5067,#5068,
#5069,#5070,#5071,#5072,#5073,#5074));
#647=EDGE_LOOP('',(#5075,#5076,#5077,#5078));
#648=EDGE_LOOP('',(#5079,#5080,#5081,#5082));
#649=EDGE_LOOP('',(#5083,#5084,#5085,#5086));
#650=EDGE_LOOP('',(#5087,#5088,#5089,#5090));
#651=EDGE_LOOP('',(#5091,#5092,#5093,#5094));
#652=EDGE_LOOP('',(#5095,#5096,#5097,#5098));
#653=EDGE_LOOP('',(#5099,#5100,#5101,#5102));
#654=EDGE_LOOP('',(#5103,#5104,#5105,#5106,#5107,#5108,#5109,#5110));
#655=EDGE_LOOP('',(#5111,#5112,#5113,#5114));
#656=EDGE_LOOP('',(#5115,#5116,#5117,#5118));
#657=EDGE_LOOP('',(#5119,#5120,#5121,#5122,#5123,#5124,#5125,#5126,#5127,
#5128,#5129,#5130,#5131,#5132,#5133));
#658=EDGE_LOOP('',(#5134,#5135,#5136,#5137));
#659=EDGE_LOOP('',(#5138,#5139,#5140,#5141));
#660=EDGE_LOOP('',(#5142,#5143,#5144,#5145));
#661=EDGE_LOOP('',(#5146,#5147,#5148,#5149));
#662=EDGE_LOOP('',(#5150,#5151,#5152,#5153));
#663=EDGE_LOOP('',(#5154,#5155,#5156,#5157));
#664=EDGE_LOOP('',(#5158,#5159,#5160,#5161));
#665=EDGE_LOOP('',(#5162,#5163,#5164,#5165,#5166,#5167,#5168,#5169));
#666=EDGE_LOOP('',(#5170,#5171,#5172,#5173));
#667=EDGE_LOOP('',(#5174,#5175,#5176,#5177));
#668=EDGE_LOOP('',(#5178,#5179,#5180,#5181));
#669=EDGE_LOOP('',(#5182,#5183,#5184,#5185));
#670=EDGE_LOOP('',(#5186,#5187,#5188,#5189,#5190,#5191));
#671=EDGE_LOOP('',(#5192,#5193,#5194,#5195));
#672=EDGE_LOOP('',(#5196,#5197,#5198,#5199,#5200,#5201));
#673=EDGE_LOOP('',(#5202,#5203,#5204,#5205));
#674=EDGE_LOOP('',(#5206,#5207,#5208,#5209));
#675=EDGE_LOOP('',(#5210,#5211,#5212,#5213,#5214,#5215,#5216,#5217,#5218,
#5219,#5220,#5221,#5222,#5223,#5224));
#676=EDGE_LOOP('',(#5225,#5226,#5227,#5228));
#677=EDGE_LOOP('',(#5229,#5230,#5231,#5232));
#678=EDGE_LOOP('',(#5233,#5234,#5235,#5236));
#679=EDGE_LOOP('',(#5237,#5238,#5239,#5240));
#680=EDGE_LOOP('',(#5241,#5242,#5243,#5244));
#681=EDGE_LOOP('',(#5245,#5246,#5247,#5248));
#682=EDGE_LOOP('',(#5249,#5250,#5251,#5252));
#683=EDGE_LOOP('',(#5253,#5254,#5255,#5256,#5257,#5258,#5259,#5260));
#684=EDGE_LOOP('',(#5261,#5262,#5263,#5264));
#685=EDGE_LOOP('',(#5265,#5266,#5267,#5268));
#686=EDGE_LOOP('',(#5269,#5270,#5271,#5272,#5273,#5274));
#687=EDGE_LOOP('',(#5275,#5276,#5277,#5278));
#688=EDGE_LOOP('',(#5279,#5280,#5281,#5282,#5283,#5284));
#689=EDGE_LOOP('',(#5285,#5286,#5287,#5288));
#690=EDGE_LOOP('',(#5289,#5290,#5291,#5292,#5293,#5294));
#691=EDGE_LOOP('',(#5295,#5296,#5297,#5298));
#692=EDGE_LOOP('',(#5299,#5300,#5301,#5302,#5303,#5304));
#693=EDGE_LOOP('',(#5305,#5306,#5307,#5308));
#694=EDGE_LOOP('',(#5309,#5310,#5311,#5312,#5313,#5314));
#695=EDGE_LOOP('',(#5315,#5316,#5317,#5318));
#696=EDGE_LOOP('',(#5319,#5320,#5321,#5322,#5323,#5324));
#697=EDGE_LOOP('',(#5325,#5326,#5327,#5328));
#698=EDGE_LOOP('',(#5329,#5330,#5331,#5332,#5333,#5334));
#699=EDGE_LOOP('',(#5335,#5336,#5337,#5338));
#700=EDGE_LOOP('',(#5339,#5340,#5341,#5342,#5343,#5344));
#701=EDGE_LOOP('',(#5345,#5346,#5347,#5348));
#702=EDGE_LOOP('',(#5349,#5350,#5351,#5352));
#703=EDGE_LOOP('',(#5353,#5354,#5355,#5356));
#704=EDGE_LOOP('',(#5357,#5358,#5359,#5360));
#705=EDGE_LOOP('',(#5361,#5362,#5363,#5364));
#706=EDGE_LOOP('',(#5365,#5366,#5367,#5368));
#707=EDGE_LOOP('',(#5369,#5370,#5371,#5372));
#708=EDGE_LOOP('',(#5373,#5374,#5375,#5376,#5377,#5378,#5379,#5380,#5381,
#5382,#5383,#5384));
#709=EDGE_LOOP('',(#5385,#5386,#5387,#5388,#5389,#5390,#5391,#5392,#5393,
#5394,#5395,#5396));
#710=EDGE_LOOP('',(#5397,#5398,#5399,#5400));
#711=EDGE_LOOP('',(#5401,#5402,#5403,#5404));
#712=EDGE_LOOP('',(#5405,#5406,#5407,#5408));
#713=EDGE_LOOP('',(#5409,#5410,#5411,#5412));
#714=EDGE_LOOP('',(#5413,#5414,#5415,#5416));
#715=EDGE_LOOP('',(#5417,#5418,#5419,#5420));
#716=EDGE_LOOP('',(#5421,#5422,#5423,#5424));
#717=EDGE_LOOP('',(#5425,#5426,#5427,#5428));
#718=EDGE_LOOP('',(#5429,#5430,#5431,#5432));
#719=EDGE_LOOP('',(#5433,#5434,#5435,#5436));
#720=EDGE_LOOP('',(#5437,#5438,#5439,#5440));
#721=EDGE_LOOP('',(#5441,#5442,#5443,#5444));
#722=EDGE_LOOP('',(#5445,#5446,#5447,#5448));
#723=EDGE_LOOP('',(#5449,#5450,#5451,#5452));
#724=EDGE_LOOP('',(#5453,#5454,#5455,#5456));
#725=EDGE_LOOP('',(#5457,#5458,#5459,#5460));
#726=EDGE_LOOP('',(#5461,#5462,#5463,#5464));
#727=EDGE_LOOP('',(#5465,#5466,#5467,#5468));
#728=EDGE_LOOP('',(#5469,#5470,#5471,#5472,#5473,#5474,#5475,#5476,#5477,
#5478,#5479,#5480,#5481,#5482,#5483,#5484,#5485,#5486,#5487,#5488,#5489,
#5490,#5491,#5492));
#729=EDGE_LOOP('',(#5493,#5494,#5495,#5496,#5497,#5498,#5499,#5500,#5501,
#5502,#5503,#5504));
#730=EDGE_LOOP('',(#5505,#5506,#5507,#5508));
#731=EDGE_LOOP('',(#5509,#5510,#5511,#5512));
#732=EDGE_LOOP('',(#5513,#5514,#5515,#5516));
#733=EDGE_LOOP('',(#5517,#5518,#5519,#5520));
#734=EDGE_LOOP('',(#5521,#5522,#5523,#5524));
#735=EDGE_LOOP('',(#5525,#5526,#5527,#5528));
#736=EDGE_LOOP('',(#5529,#5530,#5531,#5532));
#737=EDGE_LOOP('',(#5533,#5534,#5535,#5536));
#738=EDGE_LOOP('',(#5537,#5538,#5539,#5540));
#739=EDGE_LOOP('',(#5541,#5542,#5543,#5544));
#740=EDGE_LOOP('',(#5545,#5546,#5547,#5548));
#741=EDGE_LOOP('',(#5549,#5550,#5551,#5552));
#742=EDGE_LOOP('',(#5553,#5554,#5555,#5556));
#743=EDGE_LOOP('',(#5557,#5558,#5559,#5560));
#744=EDGE_LOOP('',(#5561,#5562,#5563,#5564));
#745=EDGE_LOOP('',(#5565,#5566,#5567,#5568));
#746=EDGE_LOOP('',(#5569,#5570,#5571,#5572));
#747=EDGE_LOOP('',(#5573,#5574,#5575,#5576));
#748=EDGE_LOOP('',(#5577,#5578,#5579,#5580));
#749=EDGE_LOOP('',(#5581,#5582,#5583,#5584));
#750=EDGE_LOOP('',(#5585,#5586,#5587,#5588));
#751=EDGE_LOOP('',(#5589,#5590,#5591,#5592));
#752=EDGE_LOOP('',(#5593,#5594,#5595,#5596));
#753=EDGE_LOOP('',(#5597,#5598,#5599,#5600));
#754=EDGE_LOOP('',(#5601,#5602,#5603,#5604));
#755=EDGE_LOOP('',(#5605,#5606,#5607,#5608));
#756=EDGE_LOOP('',(#5609,#5610,#5611,#5612));
#757=EDGE_LOOP('',(#5613,#5614,#5615,#5616));
#758=EDGE_LOOP('',(#5617,#5618,#5619,#5620));
#759=EDGE_LOOP('',(#5621,#5622,#5623,#5624));
#760=EDGE_LOOP('',(#5625,#5626,#5627,#5628));
#761=EDGE_LOOP('',(#5629,#5630,#5631,#5632));
#762=EDGE_LOOP('',(#5633,#5634,#5635,#5636));
#763=EDGE_LOOP('',(#5637,#5638,#5639,#5640));
#764=EDGE_LOOP('',(#5641,#5642,#5643,#5644));
#765=EDGE_LOOP('',(#5645,#5646,#5647,#5648));
#766=EDGE_LOOP('',(#5649,#5650,#5651,#5652));
#767=EDGE_LOOP('',(#5653,#5654,#5655,#5656));
#768=EDGE_LOOP('',(#5657,#5658,#5659,#5660));
#769=EDGE_LOOP('',(#5661,#5662,#5663,#5664));
#770=EDGE_LOOP('',(#5665,#5666,#5667,#5668));
#771=EDGE_LOOP('',(#5669,#5670,#5671,#5672));
#772=EDGE_LOOP('',(#5673,#5674,#5675,#5676));
#773=EDGE_LOOP('',(#5677,#5678,#5679,#5680));
#774=EDGE_LOOP('',(#5681,#5682,#5683,#5684));
#775=EDGE_LOOP('',(#5685,#5686,#5687,#5688));
#776=EDGE_LOOP('',(#5689,#5690,#5691,#5692));
#777=EDGE_LOOP('',(#5693,#5694,#5695,#5696));
#778=EDGE_LOOP('',(#5697,#5698,#5699,#5700));
#779=EDGE_LOOP('',(#5701,#5702,#5703,#5704));
#780=EDGE_LOOP('',(#5705,#5706,#5707,#5708));
#781=EDGE_LOOP('',(#5709,#5710,#5711,#5712));
#782=EDGE_LOOP('',(#5713,#5714,#5715,#5716));
#783=EDGE_LOOP('',(#5717,#5718,#5719,#5720));
#784=EDGE_LOOP('',(#5721,#5722,#5723,#5724));
#785=EDGE_LOOP('',(#5725,#5726,#5727,#5728));
#786=EDGE_LOOP('',(#5729,#5730,#5731,#5732));
#787=EDGE_LOOP('',(#5733,#5734,#5735,#5736));
#788=EDGE_LOOP('',(#5737,#5738,#5739,#5740));
#789=EDGE_LOOP('',(#5741,#5742,#5743,#5744));
#790=EDGE_LOOP('',(#5745,#5746,#5747,#5748));
#791=EDGE_LOOP('',(#5749,#5750,#5751,#5752));
#792=EDGE_LOOP('',(#5753,#5754,#5755,#5756));
#793=EDGE_LOOP('',(#5757,#5758,#5759,#5760));
#794=EDGE_LOOP('',(#5761,#5762,#5763,#5764,#5765,#5766,#5767,#5768,#5769,
#5770,#5771,#5772,#5773,#5774,#5775,#5776,#5777,#5778,#5779,#5780,#5781,
#5782,#5783,#5784));
#795=EDGE_LOOP('',(#5785,#5786,#5787,#5788,#5789,#5790,#5791,#5792,#5793,
#5794,#5795,#5796));
#796=EDGE_LOOP('',(#5797,#5798,#5799,#5800));
#797=EDGE_LOOP('',(#5801,#5802,#5803,#5804));
#798=EDGE_LOOP('',(#5805,#5806,#5807,#5808));
#799=EDGE_LOOP('',(#5809,#5810,#5811,#5812));
#800=EDGE_LOOP('',(#5813,#5814,#5815,#5816));
#801=EDGE_LOOP('',(#5817,#5818,#5819,#5820));
#802=EDGE_LOOP('',(#5821,#5822,#5823,#5824));
#803=EDGE_LOOP('',(#5825,#5826,#5827,#5828));
#804=EDGE_LOOP('',(#5829,#5830,#5831,#5832));
#805=EDGE_LOOP('',(#5833,#5834,#5835,#5836));
#806=EDGE_LOOP('',(#5837,#5838,#5839,#5840));
#807=EDGE_LOOP('',(#5841,#5842,#5843,#5844));
#808=EDGE_LOOP('',(#5845,#5846,#5847,#5848));
#809=EDGE_LOOP('',(#5849,#5850,#5851,#5852));
#810=EDGE_LOOP('',(#5853,#5854,#5855,#5856));
#811=EDGE_LOOP('',(#5857,#5858,#5859,#5860));
#812=EDGE_LOOP('',(#5861,#5862,#5863,#5864));
#813=EDGE_LOOP('',(#5865,#5866,#5867,#5868));
#814=EDGE_LOOP('',(#5869,#5870,#5871,#5872));
#815=EDGE_LOOP('',(#5873,#5874,#5875,#5876));
#816=EDGE_LOOP('',(#5877,#5878,#5879,#5880));
#817=EDGE_LOOP('',(#5881,#5882,#5883,#5884));
#818=EDGE_LOOP('',(#5885,#5886,#5887,#5888));
#819=EDGE_LOOP('',(#5889,#5890,#5891,#5892));
#820=EDGE_LOOP('',(#5893,#5894,#5895,#5896));
#821=EDGE_LOOP('',(#5897,#5898,#5899,#5900));
#822=EDGE_LOOP('',(#5901,#5902,#5903,#5904));
#823=EDGE_LOOP('',(#5905,#5906,#5907,#5908));
#824=EDGE_LOOP('',(#5909,#5910,#5911,#5912));
#825=EDGE_LOOP('',(#5913,#5914,#5915,#5916));
#826=EDGE_LOOP('',(#5917,#5918,#5919,#5920));
#827=EDGE_LOOP('',(#5921,#5922,#5923,#5924));
#828=EDGE_LOOP('',(#5925,#5926,#5927,#5928));
#829=EDGE_LOOP('',(#5929,#5930,#5931,#5932,#5933,#5934,#5935,#5936));
#830=EDGE_LOOP('',(#5937,#5938,#5939,#5940));
#831=EDGE_LOOP('',(#5941,#5942,#5943,#5944,#5945,#5946));
#832=EDGE_LOOP('',(#5947,#5948,#5949,#5950));
#833=EDGE_LOOP('',(#5951,#5952,#5953,#5954));
#834=EDGE_LOOP('',(#5955,#5956,#5957,#5958));
#835=EDGE_LOOP('',(#5959,#5960,#5961,#5962));
#836=EDGE_LOOP('',(#5963,#5964,#5965,#5966));
#837=EDGE_LOOP('',(#5967,#5968,#5969,#5970));
#838=EDGE_LOOP('',(#5971,#5972,#5973,#5974));
#839=EDGE_LOOP('',(#5975,#5976,#5977,#5978));
#840=EDGE_LOOP('',(#5979,#5980,#5981,#5982,#5983,#5984,#5985,#5986));
#841=EDGE_LOOP('',(#5987,#5988,#5989,#5990,#5991,#5992,#5993));
#842=EDGE_LOOP('',(#5994,#5995,#5996,#5997,#5998,#5999,#6000));
#843=EDGE_LOOP('',(#6001,#6002,#6003,#6004));
#844=EDGE_LOOP('',(#6005,#6006,#6007,#6008));
#845=EDGE_LOOP('',(#6009,#6010,#6011,#6012));
#846=EDGE_LOOP('',(#6013,#6014,#6015,#6016));
#847=EDGE_LOOP('',(#6017,#6018,#6019,#6020));
#848=EDGE_LOOP('',(#6021,#6022,#6023,#6024));
#849=EDGE_LOOP('',(#6025,#6026,#6027,#6028,#6029,#6030,#6031,#6032));
#850=EDGE_LOOP('',(#6033,#6034,#6035,#6036,#6037,#6038,#6039,#6040));
#851=EDGE_LOOP('',(#6041,#6042,#6043,#6044));
#852=EDGE_LOOP('',(#6045,#6046,#6047,#6048,#6049,#6050,#6051,#6052));
#853=EDGE_LOOP('',(#6053,#6054,#6055,#6056));
#854=LINE('',#8914,#1743);
#855=LINE('',#8916,#1744);
#856=LINE('',#8918,#1745);
#857=LINE('',#8919,#1746);
#858=LINE('',#8922,#1747);
#859=LINE('',#8924,#1748);
#860=LINE('',#8925,#1749);
#861=LINE('',#8928,#1750);
#862=LINE('',#8930,#1751);
#863=LINE('',#8931,#1752);
#864=LINE('',#8934,#1753);
#865=LINE('',#8936,#1754);
#866=LINE('',#8937,#1755);
#867=LINE('',#8940,#1756);
#868=LINE('',#8942,#1757);
#869=LINE('',#8943,#1758);
#870=LINE('',#8946,#1759);
#871=LINE('',#8948,#1760);
#872=LINE('',#8949,#1761);
#873=LINE('',#8952,#1762);
#874=LINE('',#8954,#1763);
#875=LINE('',#8955,#1764);
#876=LINE('',#8958,#1765);
#877=LINE('',#8960,#1766);
#878=LINE('',#8961,#1767);
#879=LINE('',#8964,#1768);
#880=LINE('',#8966,#1769);
#881=LINE('',#8967,#1770);
#882=LINE('',#8970,#1771);
#883=LINE('',#8972,#1772);
#884=LINE('',#8973,#1773);
#885=LINE('',#8976,#1774);
#886=LINE('',#8978,#1775);
#887=LINE('',#8979,#1776);
#888=LINE('',#8982,#1777);
#889=LINE('',#8984,#1778);
#890=LINE('',#8985,#1779);
#891=LINE('',#8988,#1780);
#892=LINE('',#8990,#1781);
#893=LINE('',#8991,#1782);
#894=LINE('',#8994,#1783);
#895=LINE('',#8996,#1784);
#896=LINE('',#8997,#1785);
#897=LINE('',#9000,#1786);
#898=LINE('',#9002,#1787);
#899=LINE('',#9003,#1788);
#900=LINE('',#9006,#1789);
#901=LINE('',#9008,#1790);
#902=LINE('',#9009,#1791);
#903=LINE('',#9012,#1792);
#904=LINE('',#9014,#1793);
#905=LINE('',#9015,#1794);
#906=LINE('',#9017,#1795);
#907=LINE('',#9018,#1796);
#908=LINE('',#9021,#1797);
#909=LINE('',#9023,#1798);
#910=LINE('',#9024,#1799);
#911=LINE('',#9027,#1800);
#912=LINE('',#9028,#1801);
#913=LINE('',#9031,#1802);
#914=LINE('',#9032,#1803);
#915=LINE('',#9035,#1804);
#916=LINE('',#9037,#1805);
#917=LINE('',#9039,#1806);
#918=LINE('',#9040,#1807);
#919=LINE('',#9043,#1808);
#920=LINE('',#9044,#1809);
#921=LINE('',#9047,#1810);
#922=LINE('',#9049,#1811);
#923=LINE('',#9051,#1812);
#924=LINE('',#9052,#1813);
#925=LINE('',#9055,#1814);
#926=LINE('',#9056,#1815);
#927=LINE('',#9059,#1816);
#928=LINE('',#9060,#1817);
#929=LINE('',#9063,#1818);
#930=LINE('',#9064,#1819);
#931=LINE('',#9068,#1820);
#932=LINE('',#9070,#1821);
#933=LINE('',#9072,#1822);
#934=LINE('',#9074,#1823);
#935=LINE('',#9076,#1824);
#936=LINE('',#9078,#1825);
#937=LINE('',#9080,#1826);
#938=LINE('',#9082,#1827);
#939=LINE('',#9084,#1828);
#940=LINE('',#9086,#1829);
#941=LINE('',#9088,#1830);
#942=LINE('',#9090,#1831);
#943=LINE('',#9092,#1832);
#944=LINE('',#9094,#1833);
#945=LINE('',#9096,#1834);
#946=LINE('',#9098,#1835);
#947=LINE('',#9100,#1836);
#948=LINE('',#9102,#1837);
#949=LINE('',#9104,#1838);
#950=LINE('',#9106,#1839);
#951=LINE('',#9108,#1840);
#952=LINE('',#9110,#1841);
#953=LINE('',#9112,#1842);
#954=LINE('',#9114,#1843);
#955=LINE('',#9116,#1844);
#956=LINE('',#9118,#1845);
#957=LINE('',#9120,#1846);
#958=LINE('',#9122,#1847);
#959=LINE('',#9124,#1848);
#960=LINE('',#9126,#1849);
#961=LINE('',#9128,#1850);
#962=LINE('',#9130,#1851);
#963=LINE('',#9132,#1852);
#964=LINE('',#9134,#1853);
#965=LINE('',#9136,#1854);
#966=LINE('',#9137,#1855);
#967=LINE('',#9146,#1856);
#968=LINE('',#9148,#1857);
#969=LINE('',#9150,#1858);
#970=LINE('',#9152,#1859);
#971=LINE('',#9154,#1860);
#972=LINE('',#9156,#1861);
#973=LINE('',#9157,#1862);
#974=LINE('',#9161,#1863);
#975=LINE('',#9163,#1864);
#976=LINE('',#9165,#1865);
#977=LINE('',#9167,#1866);
#978=LINE('',#9169,#1867);
#979=LINE('',#9170,#1868);
#980=LINE('',#9173,#1869);
#981=LINE('',#9175,#1870);
#982=LINE('',#9176,#1871);
#983=LINE('',#9179,#1872);
#984=LINE('',#9180,#1873);
#985=LINE('',#9183,#1874);
#986=LINE('',#9184,#1875);
#987=LINE('',#9186,#1876);
#988=LINE('',#9187,#1877);
#989=LINE('',#9190,#1878);
#990=LINE('',#9191,#1879);
#991=LINE('',#9194,#1880);
#992=LINE('',#9195,#1881);
#993=LINE('',#9197,#1882);
#994=LINE('',#9198,#1883);
#995=LINE('',#9201,#1884);
#996=LINE('',#9203,#1885);
#997=LINE('',#9204,#1886);
#998=LINE('',#9207,#1887);
#999=LINE('',#9209,#1888);
#1000=LINE('',#9211,#1889);
#1001=LINE('',#9212,#1890);
#1002=LINE('',#9214,#1891);
#1003=LINE('',#9215,#1892);
#1004=LINE('',#9219,#1893);
#1005=LINE('',#9221,#1894);
#1006=LINE('',#9222,#1895);
#1007=LINE('',#9225,#1896);
#1008=LINE('',#9227,#1897);
#1009=LINE('',#9228,#1898);
#1010=LINE('',#9230,#1899);
#1011=LINE('',#9232,#1900);
#1012=LINE('',#9233,#1901);
#1013=LINE('',#9237,#1902);
#1014=LINE('',#9239,#1903);
#1015=LINE('',#9240,#1904);
#1016=LINE('',#9243,#1905);
#1017=LINE('',#9245,#1906);
#1018=LINE('',#9247,#1907);
#1019=LINE('',#9249,#1908);
#1020=LINE('',#9251,#1909);
#1021=LINE('',#9253,#1910);
#1022=LINE('',#9255,#1911);
#1023=LINE('',#9257,#1912);
#1024=LINE('',#9259,#1913);
#1025=LINE('',#9261,#1914);
#1026=LINE('',#9263,#1915);
#1027=LINE('',#9265,#1916);
#1028=LINE('',#9267,#1917);
#1029=LINE('',#9269,#1918);
#1030=LINE('',#9271,#1919);
#1031=LINE('',#9273,#1920);
#1032=LINE('',#9275,#1921);
#1033=LINE('',#9277,#1922);
#1034=LINE('',#9279,#1923);
#1035=LINE('',#9281,#1924);
#1036=LINE('',#9283,#1925);
#1037=LINE('',#9285,#1926);
#1038=LINE('',#9287,#1927);
#1039=LINE('',#9289,#1928);
#1040=LINE('',#9291,#1929);
#1041=LINE('',#9293,#1930);
#1042=LINE('',#9295,#1931);
#1043=LINE('',#9297,#1932);
#1044=LINE('',#9299,#1933);
#1045=LINE('',#9301,#1934);
#1046=LINE('',#9302,#1935);
#1047=LINE('',#9309,#1936);
#1048=LINE('',#9313,#1937);
#1049=LINE('',#9317,#1938);
#1050=LINE('',#9319,#1939);
#1051=LINE('',#9321,#1940);
#1052=LINE('',#9323,#1941);
#1053=LINE('',#9325,#1942);
#1054=LINE('',#9329,#1943);
#1055=LINE('',#9333,#1944);
#1056=LINE('',#9341,#1945);
#1057=LINE('',#9345,#1946);
#1058=LINE('',#9348,#1947);
#1059=LINE('',#9352,#1948);
#1060=LINE('',#9356,#1949);
#1061=LINE('',#9364,#1950);
#1062=LINE('',#9368,#1951);
#1063=LINE('',#9371,#1952);
#1064=LINE('',#9375,#1953);
#1065=LINE('',#9379,#1954);
#1066=LINE('',#9383,#1955);
#1067=LINE('',#9385,#1956);
#1068=LINE('',#9387,#1957);
#1069=LINE('',#9388,#1958);
#1070=LINE('',#9391,#1959);
#1071=LINE('',#9392,#1960);
#1072=LINE('',#9395,#1961);
#1073=LINE('',#9397,#1962);
#1074=LINE('',#9398,#1963);
#1075=LINE('',#9401,#1964);
#1076=LINE('',#9403,#1965);
#1077=LINE('',#9404,#1966);
#1078=LINE('',#9406,#1967);
#1079=LINE('',#9408,#1968);
#1080=LINE('',#9409,#1969);
#1081=LINE('',#9413,#1970);
#1082=LINE('',#9415,#1971);
#1083=LINE('',#9417,#1972);
#1084=LINE('',#9419,#1973);
#1085=LINE('',#9421,#1974);
#1086=LINE('',#9422,#1975);
#1087=LINE('',#9425,#1976);
#1088=LINE('',#9427,#1977);
#1089=LINE('',#9428,#1978);
#1090=LINE('',#9431,#1979);
#1091=LINE('',#9432,#1980);
#1092=LINE('',#9435,#1981);
#1093=LINE('',#9436,#1982);
#1094=LINE('',#9437,#1983);
#1095=LINE('',#9440,#1984);
#1096=LINE('',#9441,#1985);
#1097=LINE('',#9444,#1986);
#1098=LINE('',#9445,#1987);
#1099=LINE('',#9447,#1988);
#1100=LINE('',#9448,#1989);
#1101=LINE('',#9451,#1990);
#1102=LINE('',#9452,#1991);
#1103=LINE('',#9455,#1992);
#1104=LINE('',#9457,#1993);
#1105=LINE('',#9458,#1994);
#1106=LINE('',#9460,#1995);
#1107=LINE('',#9461,#1996);
#1108=LINE('',#9465,#1997);
#1109=LINE('',#9466,#1998);
#1110=LINE('',#9469,#1999);
#1111=LINE('',#9471,#2000);
#1112=LINE('',#9472,#2001);
#1113=LINE('',#9474,#2002);
#1114=LINE('',#9475,#2003);
#1115=LINE('',#9479,#2004);
#1116=LINE('',#9481,#2005);
#1117=LINE('',#9482,#2006);
#1118=LINE('',#9485,#2007);
#1119=LINE('',#9486,#2008);
#1120=LINE('',#9489,#2009);
#1121=LINE('',#9491,#2010);
#1122=LINE('',#9492,#2011);
#1123=LINE('',#9495,#2012);
#1124=LINE('',#9497,#2013);
#1125=LINE('',#9498,#2014);
#1126=LINE('',#9500,#2015);
#1127=LINE('',#9502,#2016);
#1128=LINE('',#9503,#2017);
#1129=LINE('',#9507,#2018);
#1130=LINE('',#9509,#2019);
#1131=LINE('',#9511,#2020);
#1132=LINE('',#9513,#2021);
#1133=LINE('',#9515,#2022);
#1134=LINE('',#9516,#2023);
#1135=LINE('',#9519,#2024);
#1136=LINE('',#9521,#2025);
#1137=LINE('',#9522,#2026);
#1138=LINE('',#9525,#2027);
#1139=LINE('',#9526,#2028);
#1140=LINE('',#9529,#2029);
#1141=LINE('',#9530,#2030);
#1142=LINE('',#9531,#2031);
#1143=LINE('',#9534,#2032);
#1144=LINE('',#9535,#2033);
#1145=LINE('',#9538,#2034);
#1146=LINE('',#9539,#2035);
#1147=LINE('',#9541,#2036);
#1148=LINE('',#9542,#2037);
#1149=LINE('',#9545,#2038);
#1150=LINE('',#9546,#2039);
#1151=LINE('',#9549,#2040);
#1152=LINE('',#9551,#2041);
#1153=LINE('',#9552,#2042);
#1154=LINE('',#9554,#2043);
#1155=LINE('',#9555,#2044);
#1156=LINE('',#9559,#2045);
#1157=LINE('',#9560,#2046);
#1158=LINE('',#9563,#2047);
#1159=LINE('',#9565,#2048);
#1160=LINE('',#9566,#2049);
#1161=LINE('',#9568,#2050);
#1162=LINE('',#9569,#2051);
#1163=LINE('',#9573,#2052);
#1164=LINE('',#9575,#2053);
#1165=LINE('',#9576,#2054);
#1166=LINE('',#9579,#2055);
#1167=LINE('',#9580,#2056);
#1168=LINE('',#9583,#2057);
#1169=LINE('',#9585,#2058);
#1170=LINE('',#9586,#2059);
#1171=LINE('',#9589,#2060);
#1172=LINE('',#9591,#2061);
#1173=LINE('',#9592,#2062);
#1174=LINE('',#9594,#2063);
#1175=LINE('',#9596,#2064);
#1176=LINE('',#9597,#2065);
#1177=LINE('',#9601,#2066);
#1178=LINE('',#9603,#2067);
#1179=LINE('',#9605,#2068);
#1180=LINE('',#9607,#2069);
#1181=LINE('',#9609,#2070);
#1182=LINE('',#9610,#2071);
#1183=LINE('',#9613,#2072);
#1184=LINE('',#9615,#2073);
#1185=LINE('',#9616,#2074);
#1186=LINE('',#9619,#2075);
#1187=LINE('',#9620,#2076);
#1188=LINE('',#9623,#2077);
#1189=LINE('',#9624,#2078);
#1190=LINE('',#9625,#2079);
#1191=LINE('',#9628,#2080);
#1192=LINE('',#9629,#2081);
#1193=LINE('',#9632,#2082);
#1194=LINE('',#9633,#2083);
#1195=LINE('',#9635,#2084);
#1196=LINE('',#9636,#2085);
#1197=LINE('',#9639,#2086);
#1198=LINE('',#9640,#2087);
#1199=LINE('',#9643,#2088);
#1200=LINE('',#9645,#2089);
#1201=LINE('',#9646,#2090);
#1202=LINE('',#9648,#2091);
#1203=LINE('',#9649,#2092);
#1204=LINE('',#9653,#2093);
#1205=LINE('',#9654,#2094);
#1206=LINE('',#9657,#2095);
#1207=LINE('',#9659,#2096);
#1208=LINE('',#9660,#2097);
#1209=LINE('',#9662,#2098);
#1210=LINE('',#9663,#2099);
#1211=LINE('',#9667,#2100);
#1212=LINE('',#9669,#2101);
#1213=LINE('',#9670,#2102);
#1214=LINE('',#9673,#2103);
#1215=LINE('',#9674,#2104);
#1216=LINE('',#9677,#2105);
#1217=LINE('',#9679,#2106);
#1218=LINE('',#9680,#2107);
#1219=LINE('',#9683,#2108);
#1220=LINE('',#9685,#2109);
#1221=LINE('',#9686,#2110);
#1222=LINE('',#9688,#2111);
#1223=LINE('',#9690,#2112);
#1224=LINE('',#9691,#2113);
#1225=LINE('',#9695,#2114);
#1226=LINE('',#9697,#2115);
#1227=LINE('',#9699,#2116);
#1228=LINE('',#9701,#2117);
#1229=LINE('',#9703,#2118);
#1230=LINE('',#9704,#2119);
#1231=LINE('',#9707,#2120);
#1232=LINE('',#9709,#2121);
#1233=LINE('',#9710,#2122);
#1234=LINE('',#9713,#2123);
#1235=LINE('',#9714,#2124);
#1236=LINE('',#9717,#2125);
#1237=LINE('',#9718,#2126);
#1238=LINE('',#9719,#2127);
#1239=LINE('',#9722,#2128);
#1240=LINE('',#9723,#2129);
#1241=LINE('',#9726,#2130);
#1242=LINE('',#9727,#2131);
#1243=LINE('',#9729,#2132);
#1244=LINE('',#9730,#2133);
#1245=LINE('',#9733,#2134);
#1246=LINE('',#9734,#2135);
#1247=LINE('',#9737,#2136);
#1248=LINE('',#9739,#2137);
#1249=LINE('',#9740,#2138);
#1250=LINE('',#9742,#2139);
#1251=LINE('',#9743,#2140);
#1252=LINE('',#9747,#2141);
#1253=LINE('',#9748,#2142);
#1254=LINE('',#9751,#2143);
#1255=LINE('',#9753,#2144);
#1256=LINE('',#9754,#2145);
#1257=LINE('',#9756,#2146);
#1258=LINE('',#9757,#2147);
#1259=LINE('',#9761,#2148);
#1260=LINE('',#9763,#2149);
#1261=LINE('',#9764,#2150);
#1262=LINE('',#9767,#2151);
#1263=LINE('',#9768,#2152);
#1264=LINE('',#9771,#2153);
#1265=LINE('',#9773,#2154);
#1266=LINE('',#9774,#2155);
#1267=LINE('',#9778,#2156);
#1268=LINE('',#9780,#2157);
#1269=LINE('',#9782,#2158);
#1270=LINE('',#9784,#2159);
#1271=LINE('',#9786,#2160);
#1272=LINE('',#9787,#2161);
#1273=LINE('',#9790,#2162);
#1274=LINE('',#9792,#2163);
#1275=LINE('',#9793,#2164);
#1276=LINE('',#9796,#2165);
#1277=LINE('',#9798,#2166);
#1278=LINE('',#9799,#2167);
#1279=LINE('',#9802,#2168);
#1280=LINE('',#9803,#2169);
#1281=LINE('',#9804,#2170);
#1282=LINE('',#9808,#2171);
#1283=LINE('',#9809,#2172);
#1284=LINE('',#9810,#2173);
#1285=LINE('',#9812,#2174);
#1286=LINE('',#9814,#2175);
#1287=LINE('',#9815,#2176);
#1288=LINE('',#9818,#2177);
#1289=LINE('',#9820,#2178);
#1290=LINE('',#9821,#2179);
#1291=LINE('',#9824,#2180);
#1292=LINE('',#9826,#2181);
#1293=LINE('',#9827,#2182);
#1294=LINE('',#9829,#2183);
#1295=LINE('',#9830,#2184);
#1296=LINE('',#9832,#2185);
#1297=LINE('',#9835,#2186);
#1298=LINE('',#9837,#2187);
#1299=LINE('',#9838,#2188);
#1300=LINE('',#9841,#2189);
#1301=LINE('',#9843,#2190);
#1302=LINE('',#9844,#2191);
#1303=LINE('',#9846,#2192);
#1304=LINE('',#9847,#2193);
#1305=LINE('',#9849,#2194);
#1306=LINE('',#9852,#2195);
#1307=LINE('',#9854,#2196);
#1308=LINE('',#9855,#2197);
#1309=LINE('',#9858,#2198);
#1310=LINE('',#9861,#2199);
#1311=LINE('',#9863,#2200);
#1312=LINE('',#9864,#2201);
#1313=LINE('',#9867,#2202);
#1314=LINE('',#9868,#2203);
#1315=LINE('',#9871,#2204);
#1316=LINE('',#9872,#2205);
#1317=LINE('',#9875,#2206);
#1318=LINE('',#9876,#2207);
#1319=LINE('',#9879,#2208);
#1320=LINE('',#9880,#2209);
#1321=LINE('',#9883,#2210);
#1322=LINE('',#9884,#2211);
#1323=LINE('',#9889,#2212);
#1324=LINE('',#9890,#2213);
#1325=LINE('',#9893,#2214);
#1326=LINE('',#9897,#2215);
#1327=LINE('',#9907,#2216);
#1328=LINE('',#9911,#2217);
#1329=LINE('',#9915,#2218);
#1330=LINE('',#9917,#2219);
#1331=LINE('',#9918,#2220);
#1332=LINE('',#9920,#2221);
#1333=LINE('',#9922,#2222);
#1334=LINE('',#9924,#2223);
#1335=LINE('',#9925,#2224);
#1336=LINE('',#9927,#2225);
#1337=LINE('',#9929,#2226);
#1338=LINE('',#9931,#2227);
#1339=LINE('',#9932,#2228);
#1340=LINE('',#9935,#2229);
#1341=LINE('',#9936,#2230);
#1342=LINE('',#9938,#2231);
#1343=LINE('',#9942,#2232);
#1344=LINE('',#9945,#2233);
#1345=LINE('',#9949,#2234);
#1346=LINE('',#9959,#2235);
#1347=LINE('',#9963,#2236);
#1348=LINE('',#9966,#2237);
#1349=LINE('',#9968,#2238);
#1350=LINE('',#9970,#2239);
#1351=LINE('',#9971,#2240);
#1352=LINE('',#9973,#2241);
#1353=LINE('',#9976,#2242);
#1354=LINE('',#9977,#2243);
#1355=LINE('',#9980,#2244);
#1356=LINE('',#9981,#2245);
#1357=LINE('',#9983,#2246);
#1358=LINE('',#9987,#2247);
#1359=LINE('',#9988,#2248);
#1360=LINE('',#9990,#2249);
#1361=LINE('',#9992,#2250);
#1362=LINE('',#9994,#2251);
#1363=LINE('',#10000,#2252);
#1364=LINE('',#10001,#2253);
#1365=LINE('',#10004,#2254);
#1366=LINE('',#10008,#2255);
#1367=LINE('',#10018,#2256);
#1368=LINE('',#10022,#2257);
#1369=LINE('',#10026,#2258);
#1370=LINE('',#10028,#2259);
#1371=LINE('',#10029,#2260);
#1372=LINE('',#10031,#2261);
#1373=LINE('',#10033,#2262);
#1374=LINE('',#10035,#2263);
#1375=LINE('',#10036,#2264);
#1376=LINE('',#10038,#2265);
#1377=LINE('',#10040,#2266);
#1378=LINE('',#10042,#2267);
#1379=LINE('',#10043,#2268);
#1380=LINE('',#10046,#2269);
#1381=LINE('',#10047,#2270);
#1382=LINE('',#10049,#2271);
#1383=LINE('',#10052,#2272);
#1384=LINE('',#10053,#2273);
#1385=LINE('',#10055,#2274);
#1386=LINE('',#10060,#2275);
#1387=LINE('',#10062,#2276);
#1388=LINE('',#10063,#2277);
#1389=LINE('',#10066,#2278);
#1390=LINE('',#10067,#2279);
#1391=LINE('',#10070,#2280);
#1392=LINE('',#10071,#2281);
#1393=LINE('',#10074,#2282);
#1394=LINE('',#10075,#2283);
#1395=LINE('',#10078,#2284);
#1396=LINE('',#10079,#2285);
#1397=LINE('',#10082,#2286);
#1398=LINE('',#10083,#2287);
#1399=LINE('',#10086,#2288);
#1400=LINE('',#10087,#2289);
#1401=LINE('',#10090,#2290);
#1402=LINE('',#10091,#2291);
#1403=LINE('',#10094,#2292);
#1404=LINE('',#10095,#2293);
#1405=LINE('',#10098,#2294);
#1406=LINE('',#10099,#2295);
#1407=LINE('',#10102,#2296);
#1408=LINE('',#10103,#2297);
#1409=LINE('',#10105,#2298);
#1410=LINE('',#10108,#2299);
#1411=LINE('',#10109,#2300);
#1412=LINE('',#10112,#2301);
#1413=LINE('',#10113,#2302);
#1414=LINE('',#10116,#2303);
#1415=LINE('',#10117,#2304);
#1416=LINE('',#10120,#2305);
#1417=LINE('',#10121,#2306);
#1418=LINE('',#10124,#2307);
#1419=LINE('',#10125,#2308);
#1420=LINE('',#10127,#2309);
#1421=LINE('',#10133,#2310);
#1422=LINE('',#10135,#2311);
#1423=LINE('',#10137,#2312);
#1424=LINE('',#10138,#2313);
#1425=LINE('',#10142,#2314);
#1426=LINE('',#10144,#2315);
#1427=LINE('',#10146,#2316);
#1428=LINE('',#10147,#2317);
#1429=LINE('',#10151,#2318);
#1430=LINE('',#10153,#2319);
#1431=LINE('',#10155,#2320);
#1432=LINE('',#10156,#2321);
#1433=LINE('',#10160,#2322);
#1434=LINE('',#10162,#2323);
#1435=LINE('',#10164,#2324);
#1436=LINE('',#10165,#2325);
#1437=LINE('',#10169,#2326);
#1438=LINE('',#10171,#2327);
#1439=LINE('',#10173,#2328);
#1440=LINE('',#10174,#2329);
#1441=LINE('',#10178,#2330);
#1442=LINE('',#10180,#2331);
#1443=LINE('',#10182,#2332);
#1444=LINE('',#10183,#2333);
#1445=LINE('',#10185,#2334);
#1446=LINE('',#10186,#2335);
#1447=LINE('',#10188,#2336);
#1448=LINE('',#10189,#2337);
#1449=LINE('',#10191,#2338);
#1450=LINE('',#10192,#2339);
#1451=LINE('',#10194,#2340);
#1452=LINE('',#10195,#2341);
#1453=LINE('',#10197,#2342);
#1454=LINE('',#10198,#2343);
#1455=LINE('',#10200,#2344);
#1456=LINE('',#10201,#2345);
#1457=LINE('',#10204,#2346);
#1458=LINE('',#10206,#2347);
#1459=LINE('',#10207,#2348);
#1460=LINE('',#10210,#2349);
#1461=LINE('',#10211,#2350);
#1462=LINE('',#10214,#2351);
#1463=LINE('',#10215,#2352);
#1464=LINE('',#10218,#2353);
#1465=LINE('',#10219,#2354);
#1466=LINE('',#10222,#2355);
#1467=LINE('',#10223,#2356);
#1468=LINE('',#10226,#2357);
#1469=LINE('',#10227,#2358);
#1470=LINE('',#10231,#2359);
#1471=LINE('',#10233,#2360);
#1472=LINE('',#10235,#2361);
#1473=LINE('',#10237,#2362);
#1474=LINE('',#10239,#2363);
#1475=LINE('',#10241,#2364);
#1476=LINE('',#10243,#2365);
#1477=LINE('',#10245,#2366);
#1478=LINE('',#10247,#2367);
#1479=LINE('',#10249,#2368);
#1480=LINE('',#10251,#2369);
#1481=LINE('',#10253,#2370);
#1482=LINE('',#10255,#2371);
#1483=LINE('',#10257,#2372);
#1484=LINE('',#10259,#2373);
#1485=LINE('',#10261,#2374);
#1486=LINE('',#10263,#2375);
#1487=LINE('',#10265,#2376);
#1488=LINE('',#10267,#2377);
#1489=LINE('',#10269,#2378);
#1490=LINE('',#10271,#2379);
#1491=LINE('',#10273,#2380);
#1492=LINE('',#10275,#2381);
#1493=LINE('',#10276,#2382);
#1494=LINE('',#10280,#2383);
#1495=LINE('',#10281,#2384);
#1496=LINE('',#10282,#2385);
#1497=LINE('',#10285,#2386);
#1498=LINE('',#10286,#2387);
#1499=LINE('',#10289,#2388);
#1500=LINE('',#10290,#2389);
#1501=LINE('',#10294,#2390);
#1502=LINE('',#10295,#2391);
#1503=LINE('',#10296,#2392);
#1504=LINE('',#10299,#2393);
#1505=LINE('',#10300,#2394);
#1506=LINE('',#10303,#2395);
#1507=LINE('',#10304,#2396);
#1508=LINE('',#10308,#2397);
#1509=LINE('',#10309,#2398);
#1510=LINE('',#10310,#2399);
#1511=LINE('',#10313,#2400);
#1512=LINE('',#10314,#2401);
#1513=LINE('',#10317,#2402);
#1514=LINE('',#10318,#2403);
#1515=LINE('',#10321,#2404);
#1516=LINE('',#10322,#2405);
#1517=LINE('',#10325,#2406);
#1518=LINE('',#10326,#2407);
#1519=LINE('',#10329,#2408);
#1520=LINE('',#10330,#2409);
#1521=LINE('',#10333,#2410);
#1522=LINE('',#10334,#2411);
#1523=LINE('',#10336,#2412);
#1524=LINE('',#10339,#2413);
#1525=LINE('',#10340,#2414);
#1526=LINE('',#10343,#2415);
#1527=LINE('',#10344,#2416);
#1528=LINE('',#10347,#2417);
#1529=LINE('',#10348,#2418);
#1530=LINE('',#10351,#2419);
#1531=LINE('',#10352,#2420);
#1532=LINE('',#10354,#2421);
#1533=LINE('',#10357,#2422);
#1534=LINE('',#10358,#2423);
#1535=LINE('',#10361,#2424);
#1536=LINE('',#10362,#2425);
#1537=LINE('',#10365,#2426);
#1538=LINE('',#10366,#2427);
#1539=LINE('',#10369,#2428);
#1540=LINE('',#10370,#2429);
#1541=LINE('',#10372,#2430);
#1542=LINE('',#10375,#2431);
#1543=LINE('',#10377,#2432);
#1544=LINE('',#10378,#2433);
#1545=LINE('',#10381,#2434);
#1546=LINE('',#10382,#2435);
#1547=LINE('',#10385,#2436);
#1548=LINE('',#10386,#2437);
#1549=LINE('',#10389,#2438);
#1550=LINE('',#10390,#2439);
#1551=LINE('',#10393,#2440);
#1552=LINE('',#10394,#2441);
#1553=LINE('',#10397,#2442);
#1554=LINE('',#10398,#2443);
#1555=LINE('',#10401,#2444);
#1556=LINE('',#10402,#2445);
#1557=LINE('',#10405,#2446);
#1558=LINE('',#10406,#2447);
#1559=LINE('',#10409,#2448);
#1560=LINE('',#10410,#2449);
#1561=LINE('',#10413,#2450);
#1562=LINE('',#10414,#2451);
#1563=LINE('',#10417,#2452);
#1564=LINE('',#10418,#2453);
#1565=LINE('',#10421,#2454);
#1566=LINE('',#10422,#2455);
#1567=LINE('',#10426,#2456);
#1568=LINE('',#10428,#2457);
#1569=LINE('',#10430,#2458);
#1570=LINE('',#10431,#2459);
#1571=LINE('',#10434,#2460);
#1572=LINE('',#10436,#2461);
#1573=LINE('',#10437,#2462);
#1574=LINE('',#10440,#2463);
#1575=LINE('',#10442,#2464);
#1576=LINE('',#10443,#2465);
#1577=LINE('',#10446,#2466);
#1578=LINE('',#10448,#2467);
#1579=LINE('',#10449,#2468);
#1580=LINE('',#10452,#2469);
#1581=LINE('',#10454,#2470);
#1582=LINE('',#10455,#2471);
#1583=LINE('',#10458,#2472);
#1584=LINE('',#10460,#2473);
#1585=LINE('',#10461,#2474);
#1586=LINE('',#10464,#2475);
#1587=LINE('',#10466,#2476);
#1588=LINE('',#10467,#2477);
#1589=LINE('',#10470,#2478);
#1590=LINE('',#10472,#2479);
#1591=LINE('',#10473,#2480);
#1592=LINE('',#10476,#2481);
#1593=LINE('',#10477,#2482);
#1594=LINE('',#10478,#2483);
#1595=LINE('',#10481,#2484);
#1596=LINE('',#10482,#2485);
#1597=LINE('',#10485,#2486);
#1598=LINE('',#10486,#2487);
#1599=LINE('',#10489,#2488);
#1600=LINE('',#10490,#2489);
#1601=LINE('',#10493,#2490);
#1602=LINE('',#10494,#2491);
#1603=LINE('',#10497,#2492);
#1604=LINE('',#10498,#2493);
#1605=LINE('',#10501,#2494);
#1606=LINE('',#10502,#2495);
#1607=LINE('',#10505,#2496);
#1608=LINE('',#10506,#2497);
#1609=LINE('',#10509,#2498);
#1610=LINE('',#10510,#2499);
#1611=LINE('',#10513,#2500);
#1612=LINE('',#10514,#2501);
#1613=LINE('',#10517,#2502);
#1614=LINE('',#10518,#2503);
#1615=LINE('',#10521,#2504);
#1616=LINE('',#10522,#2505);
#1617=LINE('',#10525,#2506);
#1618=LINE('',#10526,#2507);
#1619=LINE('',#10529,#2508);
#1620=LINE('',#10531,#2509);
#1621=LINE('',#10532,#2510);
#1622=LINE('',#10535,#2511);
#1623=LINE('',#10537,#2512);
#1624=LINE('',#10538,#2513);
#1625=LINE('',#10540,#2514);
#1626=LINE('',#10541,#2515);
#1627=LINE('',#10543,#2516);
#1628=LINE('',#10545,#2517);
#1629=LINE('',#10547,#2518);
#1630=LINE('',#10549,#2519);
#1631=LINE('',#10553,#2520);
#1632=LINE('',#10555,#2521);
#1633=LINE('',#10557,#2522);
#1634=LINE('',#10559,#2523);
#1635=LINE('',#10561,#2524);
#1636=LINE('',#10563,#2525);
#1637=LINE('',#10565,#2526);
#1638=LINE('',#10567,#2527);
#1639=LINE('',#10569,#2528);
#1640=LINE('',#10571,#2529);
#1641=LINE('',#10573,#2530);
#1642=LINE('',#10574,#2531);
#1643=LINE('',#10576,#2532);
#1644=LINE('',#10577,#2533);
#1645=LINE('',#10579,#2534);
#1646=LINE('',#10582,#2535);
#1647=LINE('',#10583,#2536);
#1648=LINE('',#10586,#2537);
#1649=LINE('',#10587,#2538);
#1650=LINE('',#10590,#2539);
#1651=LINE('',#10591,#2540);
#1652=LINE('',#10594,#2541);
#1653=LINE('',#10595,#2542);
#1654=LINE('',#10598,#2543);
#1655=LINE('',#10599,#2544);
#1656=LINE('',#10601,#2545);
#1657=LINE('',#10602,#2546);
#1658=LINE('',#10604,#2547);
#1659=LINE('',#10606,#2548);
#1660=LINE('',#10608,#2549);
#1661=LINE('',#10611,#2550);
#1662=LINE('',#10613,#2551);
#1663=LINE('',#10614,#2552);
#1664=LINE('',#10616,#2553);
#1665=LINE('',#10618,#2554);
#1666=LINE('',#10620,#2555);
#1667=LINE('',#10621,#2556);
#1668=LINE('',#10623,#2557);
#1669=LINE('',#10627,#2558);
#1670=LINE('',#10628,#2559);
#1671=LINE('',#10630,#2560);
#1672=LINE('',#10631,#2561);
#1673=LINE('',#10640,#2562);
#1674=LINE('',#10642,#2563);
#1675=LINE('',#10644,#2564);
#1676=LINE('',#10645,#2565);
#1677=LINE('',#10649,#2566);
#1678=LINE('',#10651,#2567);
#1679=LINE('',#10653,#2568);
#1680=LINE('',#10654,#2569);
#1681=LINE('',#10657,#2570);
#1682=LINE('',#10659,#2571);
#1683=LINE('',#10660,#2572);
#1684=LINE('',#10662,#2573);
#1685=LINE('',#10663,#2574);
#1686=LINE('',#10666,#2575);
#1687=LINE('',#10668,#2576);
#1688=LINE('',#10669,#2577);
#1689=LINE('',#10671,#2578);
#1690=LINE('',#10672,#2579);
#1691=LINE('',#10675,#2580);
#1692=LINE('',#10677,#2581);
#1693=LINE('',#10678,#2582);
#1694=LINE('',#10681,#2583);
#1695=LINE('',#10683,#2584);
#1696=LINE('',#10685,#2585);
#1697=LINE('',#10687,#2586);
#1698=LINE('',#10689,#2587);
#1699=LINE('',#10690,#2588);
#1700=LINE('',#10693,#2589);
#1701=LINE('',#10694,#2590);
#1702=LINE('',#10701,#2591);
#1703=LINE('',#10704,#2592);
#1704=LINE('',#10707,#2593);
#1705=LINE('',#10709,#2594);
#1706=LINE('',#10710,#2595);
#1707=LINE('',#10716,#2596);
#1708=LINE('',#10719,#2597);
#1709=LINE('',#10721,#2598);
#1710=LINE('',#10722,#2599);
#1711=LINE('',#10728,#2600);
#1712=LINE('',#10731,#2601);
#1713=LINE('',#10733,#2602);
#1714=LINE('',#10734,#2603);
#1715=LINE('',#10740,#2604);
#1716=LINE('',#10742,#2605);
#1717=LINE('',#10743,#2606);
#1718=LINE('',#10747,#2607);
#1719=LINE('',#10749,#2608);
#1720=LINE('',#10751,#2609);
#1721=LINE('',#10753,#2610);
#1722=LINE('',#10754,#2611);
#1723=LINE('',#10757,#2612);
#1724=LINE('',#10759,#2613);
#1725=LINE('',#10761,#2614);
#1726=LINE('',#10763,#2615);
#1727=LINE('',#10764,#2616);
#1728=LINE('',#10767,#2617);
#1729=LINE('',#10768,#2618);
#1730=LINE('',#10771,#2619);
#1731=LINE('',#10772,#2620);
#1732=LINE('',#10775,#2621);
#1733=LINE('',#10776,#2622);
#1734=LINE('',#10779,#2623);
#1735=LINE('',#10780,#2624);
#1736=LINE('',#10783,#2625);
#1737=LINE('',#10785,#2626);
#1738=LINE('',#10786,#2627);
#1739=LINE('',#10788,#2628);
#1740=LINE('',#10790,#2629);
#1741=LINE('',#10792,#2630);
#1742=LINE('',#10794,#2631);
#1743=VECTOR('',#7191,10.);
#1744=VECTOR('',#7192,10.);
#1745=VECTOR('',#7193,10.);
#1746=VECTOR('',#7194,10.);
#1747=VECTOR('',#7197,10.);
#1748=VECTOR('',#7198,10.);
#1749=VECTOR('',#7199,10.);
#1750=VECTOR('',#7202,10.);
#1751=VECTOR('',#7203,10.);
#1752=VECTOR('',#7204,10.);
#1753=VECTOR('',#7207,10.);
#1754=VECTOR('',#7208,10.);
#1755=VECTOR('',#7209,10.);
#1756=VECTOR('',#7212,10.);
#1757=VECTOR('',#7213,10.);
#1758=VECTOR('',#7214,10.);
#1759=VECTOR('',#7217,10.);
#1760=VECTOR('',#7218,10.);
#1761=VECTOR('',#7219,10.);
#1762=VECTOR('',#7222,10.);
#1763=VECTOR('',#7223,10.);
#1764=VECTOR('',#7224,10.);
#1765=VECTOR('',#7227,10.);
#1766=VECTOR('',#7228,10.);
#1767=VECTOR('',#7229,10.);
#1768=VECTOR('',#7232,10.);
#1769=VECTOR('',#7233,10.);
#1770=VECTOR('',#7234,10.);
#1771=VECTOR('',#7237,10.);
#1772=VECTOR('',#7238,10.);
#1773=VECTOR('',#7239,10.);
#1774=VECTOR('',#7242,10.);
#1775=VECTOR('',#7243,10.);
#1776=VECTOR('',#7244,10.);
#1777=VECTOR('',#7247,10.);
#1778=VECTOR('',#7248,10.);
#1779=VECTOR('',#7249,10.);
#1780=VECTOR('',#7252,10.);
#1781=VECTOR('',#7253,10.);
#1782=VECTOR('',#7254,10.);
#1783=VECTOR('',#7257,10.);
#1784=VECTOR('',#7258,10.);
#1785=VECTOR('',#7259,10.);
#1786=VECTOR('',#7262,10.);
#1787=VECTOR('',#7263,10.);
#1788=VECTOR('',#7264,10.);
#1789=VECTOR('',#7267,10.);
#1790=VECTOR('',#7268,10.);
#1791=VECTOR('',#7269,10.);
#1792=VECTOR('',#7272,10.);
#1793=VECTOR('',#7273,10.);
#1794=VECTOR('',#7274,10.);
#1795=VECTOR('',#7277,10.);
#1796=VECTOR('',#7278,10.);
#1797=VECTOR('',#7281,10.);
#1798=VECTOR('',#7282,10.);
#1799=VECTOR('',#7283,10.);
#1800=VECTOR('',#7286,10.);
#1801=VECTOR('',#7287,10.);
#1802=VECTOR('',#7290,10.);
#1803=VECTOR('',#7291,10.);
#1804=VECTOR('',#7294,10.);
#1805=VECTOR('',#7295,10.);
#1806=VECTOR('',#7296,10.);
#1807=VECTOR('',#7297,10.);
#1808=VECTOR('',#7300,10.);
#1809=VECTOR('',#7301,10.);
#1810=VECTOR('',#7304,10.);
#1811=VECTOR('',#7305,10.);
#1812=VECTOR('',#7306,10.);
#1813=VECTOR('',#7307,10.);
#1814=VECTOR('',#7310,10.);
#1815=VECTOR('',#7311,10.);
#1816=VECTOR('',#7314,10.);
#1817=VECTOR('',#7315,10.);
#1818=VECTOR('',#7318,10.);
#1819=VECTOR('',#7319,10.);
#1820=VECTOR('',#7322,10.);
#1821=VECTOR('',#7323,10.);
#1822=VECTOR('',#7324,10.);
#1823=VECTOR('',#7325,10.);
#1824=VECTOR('',#7326,10.);
#1825=VECTOR('',#7327,10.);
#1826=VECTOR('',#7328,10.);
#1827=VECTOR('',#7329,10.);
#1828=VECTOR('',#7330,10.);
#1829=VECTOR('',#7331,10.);
#1830=VECTOR('',#7332,10.);
#1831=VECTOR('',#7333,10.);
#1832=VECTOR('',#7334,10.);
#1833=VECTOR('',#7335,10.);
#1834=VECTOR('',#7336,10.);
#1835=VECTOR('',#7337,10.);
#1836=VECTOR('',#7338,10.);
#1837=VECTOR('',#7339,10.);
#1838=VECTOR('',#7340,10.);
#1839=VECTOR('',#7341,10.);
#1840=VECTOR('',#7342,10.);
#1841=VECTOR('',#7343,10.);
#1842=VECTOR('',#7344,10.);
#1843=VECTOR('',#7345,10.);
#1844=VECTOR('',#7346,10.);
#1845=VECTOR('',#7347,10.);
#1846=VECTOR('',#7348,10.);
#1847=VECTOR('',#7349,10.);
#1848=VECTOR('',#7350,10.);
#1849=VECTOR('',#7351,10.);
#1850=VECTOR('',#7352,10.);
#1851=VECTOR('',#7353,10.);
#1852=VECTOR('',#7354,10.);
#1853=VECTOR('',#7355,10.);
#1854=VECTOR('',#7356,10.);
#1855=VECTOR('',#7357,10.);
#1856=VECTOR('',#7366,10.);
#1857=VECTOR('',#7367,10.);
#1858=VECTOR('',#7368,10.);
#1859=VECTOR('',#7369,10.);
#1860=VECTOR('',#7370,10.);
#1861=VECTOR('',#7371,10.);
#1862=VECTOR('',#7372,10.);
#1863=VECTOR('',#7375,10.);
#1864=VECTOR('',#7376,10.);
#1865=VECTOR('',#7377,10.);
#1866=VECTOR('',#7378,10.);
#1867=VECTOR('',#7379,10.);
#1868=VECTOR('',#7380,10.);
#1869=VECTOR('',#7383,10.);
#1870=VECTOR('',#7384,10.);
#1871=VECTOR('',#7385,10.);
#1872=VECTOR('',#7388,10.);
#1873=VECTOR('',#7389,10.);
#1874=VECTOR('',#7392,10.);
#1875=VECTOR('',#7393,10.);
#1876=VECTOR('',#7394,10.);
#1877=VECTOR('',#7395,10.);
#1878=VECTOR('',#7398,10.);
#1879=VECTOR('',#7399,10.);
#1880=VECTOR('',#7402,10.);
#1881=VECTOR('',#7403,10.);
#1882=VECTOR('',#7404,10.);
#1883=VECTOR('',#7405,10.);
#1884=VECTOR('',#7408,10.);
#1885=VECTOR('',#7409,10.);
#1886=VECTOR('',#7410,10.);
#1887=VECTOR('',#7413,10.);
#1888=VECTOR('',#7414,10.);
#1889=VECTOR('',#7415,10.);
#1890=VECTOR('',#7416,10.);
#1891=VECTOR('',#7419,10.);
#1892=VECTOR('',#7420,10.);
#1893=VECTOR('',#7425,10.);
#1894=VECTOR('',#7426,10.);
#1895=VECTOR('',#7427,10.);
#1896=VECTOR('',#7430,10.);
#1897=VECTOR('',#7431,10.);
#1898=VECTOR('',#7432,10.);
#1899=VECTOR('',#7435,10.);
#1900=VECTOR('',#7436,10.);
#1901=VECTOR('',#7437,10.);
#1902=VECTOR('',#7442,10.);
#1903=VECTOR('',#7443,10.);
#1904=VECTOR('',#7444,10.);
#1905=VECTOR('',#7447,10.);
#1906=VECTOR('',#7448,10.);
#1907=VECTOR('',#7449,10.);
#1908=VECTOR('',#7450,10.);
#1909=VECTOR('',#7451,10.);
#1910=VECTOR('',#7452,10.);
#1911=VECTOR('',#7453,10.);
#1912=VECTOR('',#7454,10.);
#1913=VECTOR('',#7455,10.);
#1914=VECTOR('',#7456,10.);
#1915=VECTOR('',#7457,10.);
#1916=VECTOR('',#7458,10.);
#1917=VECTOR('',#7459,10.);
#1918=VECTOR('',#7460,10.);
#1919=VECTOR('',#7461,10.);
#1920=VECTOR('',#7462,10.);
#1921=VECTOR('',#7463,10.);
#1922=VECTOR('',#7464,10.);
#1923=VECTOR('',#7465,10.);
#1924=VECTOR('',#7466,10.);
#1925=VECTOR('',#7467,10.);
#1926=VECTOR('',#7468,10.);
#1927=VECTOR('',#7469,10.);
#1928=VECTOR('',#7470,10.);
#1929=VECTOR('',#7471,10.);
#1930=VECTOR('',#7472,10.);
#1931=VECTOR('',#7473,10.);
#1932=VECTOR('',#7474,10.);
#1933=VECTOR('',#7475,10.);
#1934=VECTOR('',#7476,10.);
#1935=VECTOR('',#7477,10.);
#1936=VECTOR('',#7482,10.);
#1937=VECTOR('',#7485,10.);
#1938=VECTOR('',#7488,10.);
#1939=VECTOR('',#7489,10.);
#1940=VECTOR('',#7490,10.);
#1941=VECTOR('',#7491,10.);
#1942=VECTOR('',#7492,10.);
#1943=VECTOR('',#7495,10.);
#1944=VECTOR('',#7498,10.);
#1945=VECTOR('',#7505,10.);
#1946=VECTOR('',#7508,10.);
#1947=VECTOR('',#7511,10.);
#1948=VECTOR('',#7514,10.);
#1949=VECTOR('',#7517,10.);
#1950=VECTOR('',#7524,10.);
#1951=VECTOR('',#7527,10.);
#1952=VECTOR('',#7530,10.);
#1953=VECTOR('',#7533,10.);
#1954=VECTOR('',#7536,10.);
#1955=VECTOR('',#7541,10.);
#1956=VECTOR('',#7542,10.);
#1957=VECTOR('',#7543,10.);
#1958=VECTOR('',#7544,10.);
#1959=VECTOR('',#7547,10.);
#1960=VECTOR('',#7548,10.);
#1961=VECTOR('',#7551,10.);
#1962=VECTOR('',#7552,10.);
#1963=VECTOR('',#7553,10.);
#1964=VECTOR('',#7556,10.);
#1965=VECTOR('',#7557,10.);
#1966=VECTOR('',#7558,10.);
#1967=VECTOR('',#7559,10.);
#1968=VECTOR('',#7560,10.);
#1969=VECTOR('',#7561,10.);
#1970=VECTOR('',#7564,10.);
#1971=VECTOR('',#7565,10.);
#1972=VECTOR('',#7566,10.);
#1973=VECTOR('',#7567,10.);
#1974=VECTOR('',#7568,10.);
#1975=VECTOR('',#7569,10.);
#1976=VECTOR('',#7572,10.);
#1977=VECTOR('',#7573,10.);
#1978=VECTOR('',#7574,10.);
#1979=VECTOR('',#7577,10.);
#1980=VECTOR('',#7578,10.);
#1981=VECTOR('',#7581,10.);
#1982=VECTOR('',#7582,10.);
#1983=VECTOR('',#7583,10.);
#1984=VECTOR('',#7586,10.);
#1985=VECTOR('',#7587,10.);
#1986=VECTOR('',#7590,10.);
#1987=VECTOR('',#7591,10.);
#1988=VECTOR('',#7592,10.);
#1989=VECTOR('',#7593,10.);
#1990=VECTOR('',#7596,10.);
#1991=VECTOR('',#7597,10.);
#1992=VECTOR('',#7600,10.);
#1993=VECTOR('',#7601,10.);
#1994=VECTOR('',#7602,10.);
#1995=VECTOR('',#7605,10.);
#1996=VECTOR('',#7606,10.);
#1997=VECTOR('',#7611,10.);
#1998=VECTOR('',#7612,10.);
#1999=VECTOR('',#7615,10.);
#2000=VECTOR('',#7616,10.);
#2001=VECTOR('',#7617,10.);
#2002=VECTOR('',#7620,10.);
#2003=VECTOR('',#7621,10.);
#2004=VECTOR('',#7626,10.);
#2005=VECTOR('',#7627,10.);
#2006=VECTOR('',#7628,10.);
#2007=VECTOR('',#7631,10.);
#2008=VECTOR('',#7632,10.);
#2009=VECTOR('',#7635,10.);
#2010=VECTOR('',#7636,10.);
#2011=VECTOR('',#7637,10.);
#2012=VECTOR('',#7640,10.);
#2013=VECTOR('',#7641,10.);
#2014=VECTOR('',#7642,10.);
#2015=VECTOR('',#7643,10.);
#2016=VECTOR('',#7644,10.);
#2017=VECTOR('',#7645,10.);
#2018=VECTOR('',#7648,10.);
#2019=VECTOR('',#7649,10.);
#2020=VECTOR('',#7650,10.);
#2021=VECTOR('',#7651,10.);
#2022=VECTOR('',#7652,10.);
#2023=VECTOR('',#7653,10.);
#2024=VECTOR('',#7656,10.);
#2025=VECTOR('',#7657,10.);
#2026=VECTOR('',#7658,10.);
#2027=VECTOR('',#7661,10.);
#2028=VECTOR('',#7662,10.);
#2029=VECTOR('',#7665,10.);
#2030=VECTOR('',#7666,10.);
#2031=VECTOR('',#7667,10.);
#2032=VECTOR('',#7670,10.);
#2033=VECTOR('',#7671,10.);
#2034=VECTOR('',#7674,10.);
#2035=VECTOR('',#7675,10.);
#2036=VECTOR('',#7676,10.);
#2037=VECTOR('',#7677,10.);
#2038=VECTOR('',#7680,10.);
#2039=VECTOR('',#7681,10.);
#2040=VECTOR('',#7684,10.);
#2041=VECTOR('',#7685,10.);
#2042=VECTOR('',#7686,10.);
#2043=VECTOR('',#7689,10.);
#2044=VECTOR('',#7690,10.);
#2045=VECTOR('',#7695,10.);
#2046=VECTOR('',#7696,10.);
#2047=VECTOR('',#7699,10.);
#2048=VECTOR('',#7700,10.);
#2049=VECTOR('',#7701,10.);
#2050=VECTOR('',#7704,10.);
#2051=VECTOR('',#7705,10.);
#2052=VECTOR('',#7710,10.);
#2053=VECTOR('',#7711,10.);
#2054=VECTOR('',#7712,10.);
#2055=VECTOR('',#7715,10.);
#2056=VECTOR('',#7716,10.);
#2057=VECTOR('',#7719,10.);
#2058=VECTOR('',#7720,10.);
#2059=VECTOR('',#7721,10.);
#2060=VECTOR('',#7724,10.);
#2061=VECTOR('',#7725,10.);
#2062=VECTOR('',#7726,10.);
#2063=VECTOR('',#7727,10.);
#2064=VECTOR('',#7728,10.);
#2065=VECTOR('',#7729,10.);
#2066=VECTOR('',#7732,10.);
#2067=VECTOR('',#7733,10.);
#2068=VECTOR('',#7734,10.);
#2069=VECTOR('',#7735,10.);
#2070=VECTOR('',#7736,10.);
#2071=VECTOR('',#7737,10.);
#2072=VECTOR('',#7740,10.);
#2073=VECTOR('',#7741,10.);
#2074=VECTOR('',#7742,10.);
#2075=VECTOR('',#7745,10.);
#2076=VECTOR('',#7746,10.);
#2077=VECTOR('',#7749,10.);
#2078=VECTOR('',#7750,10.);
#2079=VECTOR('',#7751,10.);
#2080=VECTOR('',#7754,10.);
#2081=VECTOR('',#7755,10.);
#2082=VECTOR('',#7758,10.);
#2083=VECTOR('',#7759,10.);
#2084=VECTOR('',#7760,10.);
#2085=VECTOR('',#7761,10.);
#2086=VECTOR('',#7764,10.);
#2087=VECTOR('',#7765,10.);
#2088=VECTOR('',#7768,10.);
#2089=VECTOR('',#7769,10.);
#2090=VECTOR('',#7770,10.);
#2091=VECTOR('',#7773,10.);
#2092=VECTOR('',#7774,10.);
#2093=VECTOR('',#7779,10.);
#2094=VECTOR('',#7780,10.);
#2095=VECTOR('',#7783,10.);
#2096=VECTOR('',#7784,10.);
#2097=VECTOR('',#7785,10.);
#2098=VECTOR('',#7788,10.);
#2099=VECTOR('',#7789,10.);
#2100=VECTOR('',#7794,10.);
#2101=VECTOR('',#7795,10.);
#2102=VECTOR('',#7796,10.);
#2103=VECTOR('',#7799,10.);
#2104=VECTOR('',#7800,10.);
#2105=VECTOR('',#7803,10.);
#2106=VECTOR('',#7804,10.);
#2107=VECTOR('',#7805,10.);
#2108=VECTOR('',#7808,10.);
#2109=VECTOR('',#7809,10.);
#2110=VECTOR('',#7810,10.);
#2111=VECTOR('',#7811,10.);
#2112=VECTOR('',#7812,10.);
#2113=VECTOR('',#7813,10.);
#2114=VECTOR('',#7816,10.);
#2115=VECTOR('',#7817,10.);
#2116=VECTOR('',#7818,10.);
#2117=VECTOR('',#7819,10.);
#2118=VECTOR('',#7820,10.);
#2119=VECTOR('',#7821,10.);
#2120=VECTOR('',#7824,10.);
#2121=VECTOR('',#7825,10.);
#2122=VECTOR('',#7826,10.);
#2123=VECTOR('',#7829,10.);
#2124=VECTOR('',#7830,10.);
#2125=VECTOR('',#7833,10.);
#2126=VECTOR('',#7834,10.);
#2127=VECTOR('',#7835,10.);
#2128=VECTOR('',#7838,10.);
#2129=VECTOR('',#7839,10.);
#2130=VECTOR('',#7842,10.);
#2131=VECTOR('',#7843,10.);
#2132=VECTOR('',#7844,10.);
#2133=VECTOR('',#7845,10.);
#2134=VECTOR('',#7848,10.);
#2135=VECTOR('',#7849,10.);
#2136=VECTOR('',#7852,10.);
#2137=VECTOR('',#7853,10.);
#2138=VECTOR('',#7854,10.);
#2139=VECTOR('',#7857,10.);
#2140=VECTOR('',#7858,10.);
#2141=VECTOR('',#7863,10.);
#2142=VECTOR('',#7864,10.);
#2143=VECTOR('',#7867,10.);
#2144=VECTOR('',#7868,10.);
#2145=VECTOR('',#7869,10.);
#2146=VECTOR('',#7872,10.);
#2147=VECTOR('',#7873,10.);
#2148=VECTOR('',#7878,10.);
#2149=VECTOR('',#7879,10.);
#2150=VECTOR('',#7880,10.);
#2151=VECTOR('',#7883,10.);
#2152=VECTOR('',#7884,10.);
#2153=VECTOR('',#7887,10.);
#2154=VECTOR('',#7888,10.);
#2155=VECTOR('',#7889,10.);
#2156=VECTOR('',#7892,10.);
#2157=VECTOR('',#7893,10.);
#2158=VECTOR('',#7894,10.);
#2159=VECTOR('',#7895,10.);
#2160=VECTOR('',#7896,10.);
#2161=VECTOR('',#7897,10.);
#2162=VECTOR('',#7900,10.);
#2163=VECTOR('',#7901,10.);
#2164=VECTOR('',#7902,10.);
#2165=VECTOR('',#7905,10.);
#2166=VECTOR('',#7906,10.);
#2167=VECTOR('',#7907,10.);
#2168=VECTOR('',#7910,10.);
#2169=VECTOR('',#7911,10.);
#2170=VECTOR('',#7912,10.);
#2171=VECTOR('',#7915,10.);
#2172=VECTOR('',#7916,10.);
#2173=VECTOR('',#7917,10.);
#2174=VECTOR('',#7920,10.);
#2175=VECTOR('',#7921,10.);
#2176=VECTOR('',#7922,10.);
#2177=VECTOR('',#7925,10.);
#2178=VECTOR('',#7926,10.);
#2179=VECTOR('',#7927,10.);
#2180=VECTOR('',#7930,10.);
#2181=VECTOR('',#7931,10.);
#2182=VECTOR('',#7932,10.);
#2183=VECTOR('',#7935,10.);
#2184=VECTOR('',#7936,10.);
#2185=VECTOR('',#7939,10.);
#2186=VECTOR('',#7942,10.);
#2187=VECTOR('',#7943,10.);
#2188=VECTOR('',#7944,10.);
#2189=VECTOR('',#7947,10.);
#2190=VECTOR('',#7948,10.);
#2191=VECTOR('',#7949,10.);
#2192=VECTOR('',#7952,10.);
#2193=VECTOR('',#7953,10.);
#2194=VECTOR('',#7956,10.);
#2195=VECTOR('',#7959,10.);
#2196=VECTOR('',#7960,10.);
#2197=VECTOR('',#7961,10.);
#2198=VECTOR('',#7966,10.);
#2199=VECTOR('',#7969,10.);
#2200=VECTOR('',#7970,10.);
#2201=VECTOR('',#7971,10.);
#2202=VECTOR('',#7974,10.);
#2203=VECTOR('',#7975,10.);
#2204=VECTOR('',#7978,10.);
#2205=VECTOR('',#7979,10.);
#2206=VECTOR('',#7982,10.);
#2207=VECTOR('',#7983,10.);
#2208=VECTOR('',#7986,10.);
#2209=VECTOR('',#7987,10.);
#2210=VECTOR('',#7990,10.);
#2211=VECTOR('',#7991,10.);
#2212=VECTOR('',#7996,10.);
#2213=VECTOR('',#7997,10.);
#2214=VECTOR('',#8000,10.);
#2215=VECTOR('',#8003,10.);
#2216=VECTOR('',#8012,10.);
#2217=VECTOR('',#8015,10.);
#2218=VECTOR('',#8018,10.);
#2219=VECTOR('',#8019,10.);
#2220=VECTOR('',#8020,10.);
#2221=VECTOR('',#8023,10.);
#2222=VECTOR('',#8026,10.);
#2223=VECTOR('',#8029,10.);
#2224=VECTOR('',#8030,10.);
#2225=VECTOR('',#8033,10.);
#2226=VECTOR('',#8036,10.);
#2227=VECTOR('',#8039,0.400000000000003);
#2228=VECTOR('',#8040,0.400000000000003);
#2229=VECTOR('',#8045,2.11);
#2230=VECTOR('',#8046,0.400000000000002);
#2231=VECTOR('',#8049,0.400000000000002);
#2232=VECTOR('',#8054,10.);
#2233=VECTOR('',#8057,10.);
#2234=VECTOR('',#8060,10.);
#2235=VECTOR('',#8069,10.);
#2236=VECTOR('',#8072,10.);
#2237=VECTOR('',#8077,10.);
#2238=VECTOR('',#8080,10.);
#2239=VECTOR('',#8083,10.);
#2240=VECTOR('',#8084,10.);
#2241=VECTOR('',#8087,10.);
#2242=VECTOR('',#8092,0.400000000000002);
#2243=VECTOR('',#8093,0.400000000000002);
#2244=VECTOR('',#8098,2.11);
#2245=VECTOR('',#8099,0.400000000000002);
#2246=VECTOR('',#8102,0.400000000000002);
#2247=VECTOR('',#8109,10.);
#2248=VECTOR('',#8110,10.);
#2249=VECTOR('',#8113,10.);
#2250=VECTOR('',#8116,10.);
#2251=VECTOR('',#8119,10.);
#2252=VECTOR('',#8126,10.);
#2253=VECTOR('',#8127,10.);
#2254=VECTOR('',#8130,10.);
#2255=VECTOR('',#8133,10.);
#2256=VECTOR('',#8142,10.);
#2257=VECTOR('',#8145,10.);
#2258=VECTOR('',#8148,10.);
#2259=VECTOR('',#8149,10.);
#2260=VECTOR('',#8150,10.);
#2261=VECTOR('',#8153,10.);
#2262=VECTOR('',#8156,10.);
#2263=VECTOR('',#8159,10.);
#2264=VECTOR('',#8160,10.);
#2265=VECTOR('',#8163,10.);
#2266=VECTOR('',#8166,10.);
#2267=VECTOR('',#8169,0.4);
#2268=VECTOR('',#8170,0.4);
#2269=VECTOR('',#8175,2.11);
#2270=VECTOR('',#8176,0.4);
#2271=VECTOR('',#8179,0.4);
#2272=VECTOR('',#8184,10.);
#2273=VECTOR('',#8185,10.);
#2274=VECTOR('',#8188,10.);
#2275=VECTOR('',#8195,10.);
#2276=VECTOR('',#8196,10.);
#2277=VECTOR('',#8197,10.);
#2278=VECTOR('',#8200,10.);
#2279=VECTOR('',#8201,10.);
#2280=VECTOR('',#8204,10.);
#2281=VECTOR('',#8205,10.);
#2282=VECTOR('',#8208,10.);
#2283=VECTOR('',#8209,10.);
#2284=VECTOR('',#8212,10.);
#2285=VECTOR('',#8213,10.);
#2286=VECTOR('',#8216,10.);
#2287=VECTOR('',#8217,10.);
#2288=VECTOR('',#8220,10.);
#2289=VECTOR('',#8221,10.);
#2290=VECTOR('',#8224,10.);
#2291=VECTOR('',#8225,10.);
#2292=VECTOR('',#8228,10.);
#2293=VECTOR('',#8229,10.);
#2294=VECTOR('',#8232,10.);
#2295=VECTOR('',#8233,10.);
#2296=VECTOR('',#8236,10.);
#2297=VECTOR('',#8237,10.);
#2298=VECTOR('',#8240,10.);
#2299=VECTOR('',#8243,10.);
#2300=VECTOR('',#8244,10.);
#2301=VECTOR('',#8247,10.);
#2302=VECTOR('',#8248,10.);
#2303=VECTOR('',#8251,10.);
#2304=VECTOR('',#8252,10.);
#2305=VECTOR('',#8255,10.);
#2306=VECTOR('',#8256,10.);
#2307=VECTOR('',#8259,10.);
#2308=VECTOR('',#8260,10.);
#2309=VECTOR('',#8263,10.);
#2310=VECTOR('',#8270,10.);
#2311=VECTOR('',#8271,10.);
#2312=VECTOR('',#8272,10.);
#2313=VECTOR('',#8273,10.);
#2314=VECTOR('',#8276,10.);
#2315=VECTOR('',#8277,10.);
#2316=VECTOR('',#8278,10.);
#2317=VECTOR('',#8279,10.);
#2318=VECTOR('',#8282,10.);
#2319=VECTOR('',#8283,10.);
#2320=VECTOR('',#8284,10.);
#2321=VECTOR('',#8285,10.);
#2322=VECTOR('',#8288,10.);
#2323=VECTOR('',#8289,10.);
#2324=VECTOR('',#8290,10.);
#2325=VECTOR('',#8291,10.);
#2326=VECTOR('',#8294,10.);
#2327=VECTOR('',#8295,10.);
#2328=VECTOR('',#8296,10.);
#2329=VECTOR('',#8297,10.);
#2330=VECTOR('',#8300,10.);
#2331=VECTOR('',#8301,10.);
#2332=VECTOR('',#8302,10.);
#2333=VECTOR('',#8303,10.);
#2334=VECTOR('',#8306,10.);
#2335=VECTOR('',#8307,10.);
#2336=VECTOR('',#8310,10.);
#2337=VECTOR('',#8311,10.);
#2338=VECTOR('',#8314,10.);
#2339=VECTOR('',#8315,10.);
#2340=VECTOR('',#8318,10.);
#2341=VECTOR('',#8319,10.);
#2342=VECTOR('',#8322,10.);
#2343=VECTOR('',#8323,10.);
#2344=VECTOR('',#8326,10.);
#2345=VECTOR('',#8327,10.);
#2346=VECTOR('',#8330,10.);
#2347=VECTOR('',#8331,10.);
#2348=VECTOR('',#8332,10.);
#2349=VECTOR('',#8335,10.);
#2350=VECTOR('',#8336,10.);
#2351=VECTOR('',#8339,10.);
#2352=VECTOR('',#8340,10.);
#2353=VECTOR('',#8343,10.);
#2354=VECTOR('',#8344,10.);
#2355=VECTOR('',#8347,10.);
#2356=VECTOR('',#8348,10.);
#2357=VECTOR('',#8351,10.);
#2358=VECTOR('',#8352,10.);
#2359=VECTOR('',#8355,10.);
#2360=VECTOR('',#8356,10.);
#2361=VECTOR('',#8357,10.);
#2362=VECTOR('',#8358,10.);
#2363=VECTOR('',#8359,10.);
#2364=VECTOR('',#8360,10.);
#2365=VECTOR('',#8361,10.);
#2366=VECTOR('',#8362,10.);
#2367=VECTOR('',#8363,10.);
#2368=VECTOR('',#8364,10.);
#2369=VECTOR('',#8365,10.);
#2370=VECTOR('',#8366,10.);
#2371=VECTOR('',#8367,10.);
#2372=VECTOR('',#8368,10.);
#2373=VECTOR('',#8369,10.);
#2374=VECTOR('',#8370,10.);
#2375=VECTOR('',#8371,10.);
#2376=VECTOR('',#8372,10.);
#2377=VECTOR('',#8373,10.);
#2378=VECTOR('',#8374,10.);
#2379=VECTOR('',#8375,10.);
#2380=VECTOR('',#8376,10.);
#2381=VECTOR('',#8377,10.);
#2382=VECTOR('',#8378,10.);
#2383=VECTOR('',#8381,10.);
#2384=VECTOR('',#8382,10.);
#2385=VECTOR('',#8383,10.);
#2386=VECTOR('',#8386,10.);
#2387=VECTOR('',#8387,10.);
#2388=VECTOR('',#8390,10.);
#2389=VECTOR('',#8391,10.);
#2390=VECTOR('',#8394,10.);
#2391=VECTOR('',#8395,10.);
#2392=VECTOR('',#8396,10.);
#2393=VECTOR('',#8399,10.);
#2394=VECTOR('',#8400,10.);
#2395=VECTOR('',#8403,10.);
#2396=VECTOR('',#8404,10.);
#2397=VECTOR('',#8407,10.);
#2398=VECTOR('',#8408,10.);
#2399=VECTOR('',#8409,10.);
#2400=VECTOR('',#8412,10.);
#2401=VECTOR('',#8413,10.);
#2402=VECTOR('',#8416,10.);
#2403=VECTOR('',#8417,10.);
#2404=VECTOR('',#8420,10.);
#2405=VECTOR('',#8421,10.);
#2406=VECTOR('',#8424,10.);
#2407=VECTOR('',#8425,10.);
#2408=VECTOR('',#8428,10.);
#2409=VECTOR('',#8429,10.);
#2410=VECTOR('',#8432,10.);
#2411=VECTOR('',#8433,10.);
#2412=VECTOR('',#8436,10.);
#2413=VECTOR('',#8439,10.);
#2414=VECTOR('',#8440,10.);
#2415=VECTOR('',#8443,10.);
#2416=VECTOR('',#8444,10.);
#2417=VECTOR('',#8447,10.);
#2418=VECTOR('',#8448,10.);
#2419=VECTOR('',#8451,10.);
#2420=VECTOR('',#8452,10.);
#2421=VECTOR('',#8455,10.);
#2422=VECTOR('',#8458,10.);
#2423=VECTOR('',#8459,10.);
#2424=VECTOR('',#8462,10.);
#2425=VECTOR('',#8463,10.);
#2426=VECTOR('',#8466,10.);
#2427=VECTOR('',#8467,10.);
#2428=VECTOR('',#8470,10.);
#2429=VECTOR('',#8471,10.);
#2430=VECTOR('',#8474,10.);
#2431=VECTOR('',#8477,10.);
#2432=VECTOR('',#8478,10.);
#2433=VECTOR('',#8479,10.);
#2434=VECTOR('',#8482,10.);
#2435=VECTOR('',#8483,10.);
#2436=VECTOR('',#8486,10.);
#2437=VECTOR('',#8487,10.);
#2438=VECTOR('',#8490,10.);
#2439=VECTOR('',#8491,10.);
#2440=VECTOR('',#8494,10.);
#2441=VECTOR('',#8495,10.);
#2442=VECTOR('',#8498,10.);
#2443=VECTOR('',#8499,10.);
#2444=VECTOR('',#8502,10.);
#2445=VECTOR('',#8503,10.);
#2446=VECTOR('',#8506,10.);
#2447=VECTOR('',#8507,10.);
#2448=VECTOR('',#8510,10.);
#2449=VECTOR('',#8511,10.);
#2450=VECTOR('',#8514,10.);
#2451=VECTOR('',#8515,10.);
#2452=VECTOR('',#8518,10.);
#2453=VECTOR('',#8519,10.);
#2454=VECTOR('',#8522,10.);
#2455=VECTOR('',#8523,10.);
#2456=VECTOR('',#8526,10.);
#2457=VECTOR('',#8527,10.);
#2458=VECTOR('',#8528,10.);
#2459=VECTOR('',#8529,10.);
#2460=VECTOR('',#8532,10.);
#2461=VECTOR('',#8533,10.);
#2462=VECTOR('',#8534,10.);
#2463=VECTOR('',#8537,10.);
#2464=VECTOR('',#8538,10.);
#2465=VECTOR('',#8539,10.);
#2466=VECTOR('',#8542,10.);
#2467=VECTOR('',#8543,10.);
#2468=VECTOR('',#8544,10.);
#2469=VECTOR('',#8547,10.);
#2470=VECTOR('',#8548,10.);
#2471=VECTOR('',#8549,10.);
#2472=VECTOR('',#8552,10.);
#2473=VECTOR('',#8553,10.);
#2474=VECTOR('',#8554,10.);
#2475=VECTOR('',#8557,10.);
#2476=VECTOR('',#8558,10.);
#2477=VECTOR('',#8559,10.);
#2478=VECTOR('',#8562,10.);
#2479=VECTOR('',#8563,10.);
#2480=VECTOR('',#8564,10.);
#2481=VECTOR('',#8567,10.);
#2482=VECTOR('',#8568,10.);
#2483=VECTOR('',#8569,10.);
#2484=VECTOR('',#8572,10.);
#2485=VECTOR('',#8573,10.);
#2486=VECTOR('',#8576,10.);
#2487=VECTOR('',#8577,10.);
#2488=VECTOR('',#8580,10.);
#2489=VECTOR('',#8581,10.);
#2490=VECTOR('',#8584,10.);
#2491=VECTOR('',#8585,10.);
#2492=VECTOR('',#8588,10.);
#2493=VECTOR('',#8589,10.);
#2494=VECTOR('',#8592,10.);
#2495=VECTOR('',#8593,10.);
#2496=VECTOR('',#8596,10.);
#2497=VECTOR('',#8597,10.);
#2498=VECTOR('',#8600,10.);
#2499=VECTOR('',#8601,10.);
#2500=VECTOR('',#8604,10.);
#2501=VECTOR('',#8605,10.);
#2502=VECTOR('',#8608,10.);
#2503=VECTOR('',#8609,10.);
#2504=VECTOR('',#8612,10.);
#2505=VECTOR('',#8613,10.);
#2506=VECTOR('',#8616,10.);
#2507=VECTOR('',#8617,10.);
#2508=VECTOR('',#8620,10.);
#2509=VECTOR('',#8621,10.);
#2510=VECTOR('',#8622,10.);
#2511=VECTOR('',#8625,10.);
#2512=VECTOR('',#8626,10.);
#2513=VECTOR('',#8627,10.);
#2514=VECTOR('',#8630,10.);
#2515=VECTOR('',#8631,10.);
#2516=VECTOR('',#8634,10.);
#2517=VECTOR('',#8637,10.);
#2518=VECTOR('',#8640,10.);
#2519=VECTOR('',#8643,10.);
#2520=VECTOR('',#8646,10.);
#2521=VECTOR('',#8647,10.);
#2522=VECTOR('',#8648,10.);
#2523=VECTOR('',#8649,10.);
#2524=VECTOR('',#8650,10.);
#2525=VECTOR('',#8651,10.);
#2526=VECTOR('',#8652,10.);
#2527=VECTOR('',#8653,10.);
#2528=VECTOR('',#8654,10.);
#2529=VECTOR('',#8655,10.);
#2530=VECTOR('',#8656,10.);
#2531=VECTOR('',#8657,10.);
#2532=VECTOR('',#8660,10.);
#2533=VECTOR('',#8661,10.);
#2534=VECTOR('',#8664,10.);
#2535=VECTOR('',#8667,10.);
#2536=VECTOR('',#8668,10.);
#2537=VECTOR('',#8671,10.);
#2538=VECTOR('',#8672,10.);
#2539=VECTOR('',#8675,10.);
#2540=VECTOR('',#8676,10.);
#2541=VECTOR('',#8679,10.);
#2542=VECTOR('',#8680,10.);
#2543=VECTOR('',#8683,10.);
#2544=VECTOR('',#8684,10.);
#2545=VECTOR('',#8687,10.);
#2546=VECTOR('',#8688,10.);
#2547=VECTOR('',#8691,10.);
#2548=VECTOR('',#8694,10.);
#2549=VECTOR('',#8697,10.);
#2550=VECTOR('',#8702,10.);
#2551=VECTOR('',#8705,10.);
#2552=VECTOR('',#8706,10.);
#2553=VECTOR('',#8709,10.);
#2554=VECTOR('',#8712,10.);
#2555=VECTOR('',#8715,10.);
#2556=VECTOR('',#8716,10.);
#2557=VECTOR('',#8719,10.);
#2558=VECTOR('',#8726,10.);
#2559=VECTOR('',#8727,10.);
#2560=VECTOR('',#8730,10.);
#2561=VECTOR('',#8731,10.);
#2562=VECTOR('',#8744,10.);
#2563=VECTOR('',#8745,10.);
#2564=VECTOR('',#8746,10.);
#2565=VECTOR('',#8747,10.);
#2566=VECTOR('',#8750,10.);
#2567=VECTOR('',#8751,10.);
#2568=VECTOR('',#8752,10.);
#2569=VECTOR('',#8753,10.);
#2570=VECTOR('',#8756,10.);
#2571=VECTOR('',#8757,10.);
#2572=VECTOR('',#8758,10.);
#2573=VECTOR('',#8761,10.);
#2574=VECTOR('',#8762,10.);
#2575=VECTOR('',#8765,10.);
#2576=VECTOR('',#8766,10.);
#2577=VECTOR('',#8767,10.);
#2578=VECTOR('',#8770,10.);
#2579=VECTOR('',#8771,10.);
#2580=VECTOR('',#8774,10.);
#2581=VECTOR('',#8775,10.);
#2582=VECTOR('',#8776,10.);
#2583=VECTOR('',#8779,10.);
#2584=VECTOR('',#8780,10.);
#2585=VECTOR('',#8781,10.);
#2586=VECTOR('',#8782,10.);
#2587=VECTOR('',#8783,10.);
#2588=VECTOR('',#8784,10.);
#2589=VECTOR('',#8787,10.);
#2590=VECTOR('',#8788,10.);
#2591=VECTOR('',#8795,10.);
#2592=VECTOR('',#8798,10.);
#2593=VECTOR('',#8801,10.);
#2594=VECTOR('',#8802,10.);
#2595=VECTOR('',#8803,10.);
#2596=VECTOR('',#8808,10.);
#2597=VECTOR('',#8811,10.);
#2598=VECTOR('',#8814,10.);
#2599=VECTOR('',#8815,10.);
#2600=VECTOR('',#8820,10.);
#2601=VECTOR('',#8823,10.);
#2602=VECTOR('',#8826,10.);
#2603=VECTOR('',#8827,10.);
#2604=VECTOR('',#8834,10.);
#2605=VECTOR('',#8837,10.);
#2606=VECTOR('',#8838,10.);
#2607=VECTOR('',#8843,10.);
#2608=VECTOR('',#8844,10.);
#2609=VECTOR('',#8845,10.);
#2610=VECTOR('',#8846,10.);
#2611=VECTOR('',#8847,10.);
#2612=VECTOR('',#8850,10.);
#2613=VECTOR('',#8851,10.);
#2614=VECTOR('',#8852,10.);
#2615=VECTOR('',#8853,10.);
#2616=VECTOR('',#8854,10.);
#2617=VECTOR('',#8857,10.);
#2618=VECTOR('',#8858,10.);
#2619=VECTOR('',#8861,10.);
#2620=VECTOR('',#8862,10.);
#2621=VECTOR('',#8865,10.);
#2622=VECTOR('',#8866,10.);
#2623=VECTOR('',#8869,10.);
#2624=VECTOR('',#8870,10.);
#2625=VECTOR('',#8873,10.);
#2626=VECTOR('',#8874,10.);
#2627=VECTOR('',#8875,10.);
#2628=VECTOR('',#8878,10.);
#2629=VECTOR('',#8881,10.);
#2630=VECTOR('',#8884,10.);
#2631=VECTOR('',#8887,10.);
#2632=VERTEX_POINT('',#8912);
#2633=VERTEX_POINT('',#8913);
#2634=VERTEX_POINT('',#8915);
#2635=VERTEX_POINT('',#8917);
#2636=VERTEX_POINT('',#8921);
#2637=VERTEX_POINT('',#8923);
#2638=VERTEX_POINT('',#8927);
#2639=VERTEX_POINT('',#8929);
#2640=VERTEX_POINT('',#8933);
#2641=VERTEX_POINT('',#8935);
#2642=VERTEX_POINT('',#8939);
#2643=VERTEX_POINT('',#8941);
#2644=VERTEX_POINT('',#8945);
#2645=VERTEX_POINT('',#8947);
#2646=VERTEX_POINT('',#8951);
#2647=VERTEX_POINT('',#8953);
#2648=VERTEX_POINT('',#8957);
#2649=VERTEX_POINT('',#8959);
#2650=VERTEX_POINT('',#8963);
#2651=VERTEX_POINT('',#8965);
#2652=VERTEX_POINT('',#8969);
#2653=VERTEX_POINT('',#8971);
#2654=VERTEX_POINT('',#8975);
#2655=VERTEX_POINT('',#8977);
#2656=VERTEX_POINT('',#8981);
#2657=VERTEX_POINT('',#8983);
#2658=VERTEX_POINT('',#8987);
#2659=VERTEX_POINT('',#8989);
#2660=VERTEX_POINT('',#8993);
#2661=VERTEX_POINT('',#8995);
#2662=VERTEX_POINT('',#8999);
#2663=VERTEX_POINT('',#9001);
#2664=VERTEX_POINT('',#9005);
#2665=VERTEX_POINT('',#9007);
#2666=VERTEX_POINT('',#9011);
#2667=VERTEX_POINT('',#9013);
#2668=VERTEX_POINT('',#9020);
#2669=VERTEX_POINT('',#9022);
#2670=VERTEX_POINT('',#9026);
#2671=VERTEX_POINT('',#9030);
#2672=VERTEX_POINT('',#9034);
#2673=VERTEX_POINT('',#9036);
#2674=VERTEX_POINT('',#9038);
#2675=VERTEX_POINT('',#9042);
#2676=VERTEX_POINT('',#9046);
#2677=VERTEX_POINT('',#9048);
#2678=VERTEX_POINT('',#9050);
#2679=VERTEX_POINT('',#9054);
#2680=VERTEX_POINT('',#9058);
#2681=VERTEX_POINT('',#9062);
#2682=VERTEX_POINT('',#9066);
#2683=VERTEX_POINT('',#9067);
#2684=VERTEX_POINT('',#9069);
#2685=VERTEX_POINT('',#9071);
#2686=VERTEX_POINT('',#9073);
#2687=VERTEX_POINT('',#9075);
#2688=VERTEX_POINT('',#9077);
#2689=VERTEX_POINT('',#9079);
#2690=VERTEX_POINT('',#9081);
#2691=VERTEX_POINT('',#9083);
#2692=VERTEX_POINT('',#9085);
#2693=VERTEX_POINT('',#9087);
#2694=VERTEX_POINT('',#9089);
#2695=VERTEX_POINT('',#9091);
#2696=VERTEX_POINT('',#9093);
#2697=VERTEX_POINT('',#9095);
#2698=VERTEX_POINT('',#9097);
#2699=VERTEX_POINT('',#9099);
#2700=VERTEX_POINT('',#9101);
#2701=VERTEX_POINT('',#9103);
#2702=VERTEX_POINT('',#9105);
#2703=VERTEX_POINT('',#9107);
#2704=VERTEX_POINT('',#9109);
#2705=VERTEX_POINT('',#9111);
#2706=VERTEX_POINT('',#9113);
#2707=VERTEX_POINT('',#9115);
#2708=VERTEX_POINT('',#9117);
#2709=VERTEX_POINT('',#9119);
#2710=VERTEX_POINT('',#9121);
#2711=VERTEX_POINT('',#9123);
#2712=VERTEX_POINT('',#9125);
#2713=VERTEX_POINT('',#9127);
#2714=VERTEX_POINT('',#9129);
#2715=VERTEX_POINT('',#9131);
#2716=VERTEX_POINT('',#9133);
#2717=VERTEX_POINT('',#9135);
#2718=VERTEX_POINT('',#9138);
#2719=VERTEX_POINT('',#9140);
#2720=VERTEX_POINT('',#9142);
#2721=VERTEX_POINT('',#9145);
#2722=VERTEX_POINT('',#9147);
#2723=VERTEX_POINT('',#9149);
#2724=VERTEX_POINT('',#9151);
#2725=VERTEX_POINT('',#9153);
#2726=VERTEX_POINT('',#9155);
#2727=VERTEX_POINT('',#9159);
#2728=VERTEX_POINT('',#9160);
#2729=VERTEX_POINT('',#9162);
#2730=VERTEX_POINT('',#9164);
#2731=VERTEX_POINT('',#9166);
#2732=VERTEX_POINT('',#9168);
#2733=VERTEX_POINT('',#9172);
#2734=VERTEX_POINT('',#9174);
#2735=VERTEX_POINT('',#9178);
#2736=VERTEX_POINT('',#9182);
#2737=VERTEX_POINT('',#9185);
#2738=VERTEX_POINT('',#9189);
#2739=VERTEX_POINT('',#9193);
#2740=VERTEX_POINT('',#9196);
#2741=VERTEX_POINT('',#9200);
#2742=VERTEX_POINT('',#9202);
#2743=VERTEX_POINT('',#9206);
#2744=VERTEX_POINT('',#9208);
#2745=VERTEX_POINT('',#9210);
#2746=VERTEX_POINT('',#9218);
#2747=VERTEX_POINT('',#9220);
#2748=VERTEX_POINT('',#9224);
#2749=VERTEX_POINT('',#9226);
#2750=VERTEX_POINT('',#9231);
#2751=VERTEX_POINT('',#9236);
#2752=VERTEX_POINT('',#9238);
#2753=VERTEX_POINT('',#9242);
#2754=VERTEX_POINT('',#9244);
#2755=VERTEX_POINT('',#9246);
#2756=VERTEX_POINT('',#9248);
#2757=VERTEX_POINT('',#9250);
#2758=VERTEX_POINT('',#9252);
#2759=VERTEX_POINT('',#9254);
#2760=VERTEX_POINT('',#9256);
#2761=VERTEX_POINT('',#9258);
#2762=VERTEX_POINT('',#9260);
#2763=VERTEX_POINT('',#9262);
#2764=VERTEX_POINT('',#9264);
#2765=VERTEX_POINT('',#9266);
#2766=VERTEX_POINT('',#9268);
#2767=VERTEX_POINT('',#9270);
#2768=VERTEX_POINT('',#9272);
#2769=VERTEX_POINT('',#9274);
#2770=VERTEX_POINT('',#9276);
#2771=VERTEX_POINT('',#9278);
#2772=VERTEX_POINT('',#9280);
#2773=VERTEX_POINT('',#9282);
#2774=VERTEX_POINT('',#9284);
#2775=VERTEX_POINT('',#9286);
#2776=VERTEX_POINT('',#9288);
#2777=VERTEX_POINT('',#9290);
#2778=VERTEX_POINT('',#9292);
#2779=VERTEX_POINT('',#9294);
#2780=VERTEX_POINT('',#9296);
#2781=VERTEX_POINT('',#9298);
#2782=VERTEX_POINT('',#9300);
#2783=VERTEX_POINT('',#9303);
#2784=VERTEX_POINT('',#9304);
#2785=VERTEX_POINT('',#9306);
#2786=VERTEX_POINT('',#9308);
#2787=VERTEX_POINT('',#9310);
#2788=VERTEX_POINT('',#9312);
#2789=VERTEX_POINT('',#9314);
#2790=VERTEX_POINT('',#9316);
#2791=VERTEX_POINT('',#9318);
#2792=VERTEX_POINT('',#9320);
#2793=VERTEX_POINT('',#9322);
#2794=VERTEX_POINT('',#9324);
#2795=VERTEX_POINT('',#9326);
#2796=VERTEX_POINT('',#9328);
#2797=VERTEX_POINT('',#9330);
#2798=VERTEX_POINT('',#9332);
#2799=VERTEX_POINT('',#9334);
#2800=VERTEX_POINT('',#9336);
#2801=VERTEX_POINT('',#9338);
#2802=VERTEX_POINT('',#9340);
#2803=VERTEX_POINT('',#9342);
#2804=VERTEX_POINT('',#9344);
#2805=VERTEX_POINT('',#9346);
#2806=VERTEX_POINT('',#9349);
#2807=VERTEX_POINT('',#9351);
#2808=VERTEX_POINT('',#9353);
#2809=VERTEX_POINT('',#9355);
#2810=VERTEX_POINT('',#9357);
#2811=VERTEX_POINT('',#9359);
#2812=VERTEX_POINT('',#9361);
#2813=VERTEX_POINT('',#9363);
#2814=VERTEX_POINT('',#9365);
#2815=VERTEX_POINT('',#9367);
#2816=VERTEX_POINT('',#9370);
#2817=VERTEX_POINT('',#9372);
#2818=VERTEX_POINT('',#9374);
#2819=VERTEX_POINT('',#9376);
#2820=VERTEX_POINT('',#9378);
#2821=VERTEX_POINT('',#9382);
#2822=VERTEX_POINT('',#9384);
#2823=VERTEX_POINT('',#9386);
#2824=VERTEX_POINT('',#9390);
#2825=VERTEX_POINT('',#9394);
#2826=VERTEX_POINT('',#9396);
#2827=VERTEX_POINT('',#9400);
#2828=VERTEX_POINT('',#9402);
#2829=VERTEX_POINT('',#9405);
#2830=VERTEX_POINT('',#9407);
#2831=VERTEX_POINT('',#9411);
#2832=VERTEX_POINT('',#9412);
#2833=VERTEX_POINT('',#9414);
#2834=VERTEX_POINT('',#9416);
#2835=VERTEX_POINT('',#9418);
#2836=VERTEX_POINT('',#9420);
#2837=VERTEX_POINT('',#9424);
#2838=VERTEX_POINT('',#9426);
#2839=VERTEX_POINT('',#9430);
#2840=VERTEX_POINT('',#9434);
#2841=VERTEX_POINT('',#9439);
#2842=VERTEX_POINT('',#9443);
#2843=VERTEX_POINT('',#9446);
#2844=VERTEX_POINT('',#9450);
#2845=VERTEX_POINT('',#9454);
#2846=VERTEX_POINT('',#9456);
#2847=VERTEX_POINT('',#9464);
#2848=VERTEX_POINT('',#9468);
#2849=VERTEX_POINT('',#9470);
#2850=VERTEX_POINT('',#9478);
#2851=VERTEX_POINT('',#9480);
#2852=VERTEX_POINT('',#9484);
#2853=VERTEX_POINT('',#9488);
#2854=VERTEX_POINT('',#9490);
#2855=VERTEX_POINT('',#9494);
#2856=VERTEX_POINT('',#9496);
#2857=VERTEX_POINT('',#9499);
#2858=VERTEX_POINT('',#9501);
#2859=VERTEX_POINT('',#9505);
#2860=VERTEX_POINT('',#9506);
#2861=VERTEX_POINT('',#9508);
#2862=VERTEX_POINT('',#9510);
#2863=VERTEX_POINT('',#9512);
#2864=VERTEX_POINT('',#9514);
#2865=VERTEX_POINT('',#9518);
#2866=VERTEX_POINT('',#9520);
#2867=VERTEX_POINT('',#9524);
#2868=VERTEX_POINT('',#9528);
#2869=VERTEX_POINT('',#9533);
#2870=VERTEX_POINT('',#9537);
#2871=VERTEX_POINT('',#9540);
#2872=VERTEX_POINT('',#9544);
#2873=VERTEX_POINT('',#9548);
#2874=VERTEX_POINT('',#9550);
#2875=VERTEX_POINT('',#9558);
#2876=VERTEX_POINT('',#9562);
#2877=VERTEX_POINT('',#9564);
#2878=VERTEX_POINT('',#9572);
#2879=VERTEX_POINT('',#9574);
#2880=VERTEX_POINT('',#9578);
#2881=VERTEX_POINT('',#9582);
#2882=VERTEX_POINT('',#9584);
#2883=VERTEX_POINT('',#9588);
#2884=VERTEX_POINT('',#9590);
#2885=VERTEX_POINT('',#9593);
#2886=VERTEX_POINT('',#9595);
#2887=VERTEX_POINT('',#9599);
#2888=VERTEX_POINT('',#9600);
#2889=VERTEX_POINT('',#9602);
#2890=VERTEX_POINT('',#9604);
#2891=VERTEX_POINT('',#9606);
#2892=VERTEX_POINT('',#9608);
#2893=VERTEX_POINT('',#9612);
#2894=VERTEX_POINT('',#9614);
#2895=VERTEX_POINT('',#9618);
#2896=VERTEX_POINT('',#9622);
#2897=VERTEX_POINT('',#9627);
#2898=VERTEX_POINT('',#9631);
#2899=VERTEX_POINT('',#9634);
#2900=VERTEX_POINT('',#9638);
#2901=VERTEX_POINT('',#9642);
#2902=VERTEX_POINT('',#9644);
#2903=VERTEX_POINT('',#9652);
#2904=VERTEX_POINT('',#9656);
#2905=VERTEX_POINT('',#9658);
#2906=VERTEX_POINT('',#9666);
#2907=VERTEX_POINT('',#9668);
#2908=VERTEX_POINT('',#9672);
#2909=VERTEX_POINT('',#9676);
#2910=VERTEX_POINT('',#9678);
#2911=VERTEX_POINT('',#9682);
#2912=VERTEX_POINT('',#9684);
#2913=VERTEX_POINT('',#9687);
#2914=VERTEX_POINT('',#9689);
#2915=VERTEX_POINT('',#9693);
#2916=VERTEX_POINT('',#9694);
#2917=VERTEX_POINT('',#9696);
#2918=VERTEX_POINT('',#9698);
#2919=VERTEX_POINT('',#9700);
#2920=VERTEX_POINT('',#9702);
#2921=VERTEX_POINT('',#9706);
#2922=VERTEX_POINT('',#9708);
#2923=VERTEX_POINT('',#9712);
#2924=VERTEX_POINT('',#9716);
#2925=VERTEX_POINT('',#9721);
#2926=VERTEX_POINT('',#9725);
#2927=VERTEX_POINT('',#9728);
#2928=VERTEX_POINT('',#9732);
#2929=VERTEX_POINT('',#9736);
#2930=VERTEX_POINT('',#9738);
#2931=VERTEX_POINT('',#9746);
#2932=VERTEX_POINT('',#9750);
#2933=VERTEX_POINT('',#9752);
#2934=VERTEX_POINT('',#9760);
#2935=VERTEX_POINT('',#9762);
#2936=VERTEX_POINT('',#9766);
#2937=VERTEX_POINT('',#9770);
#2938=VERTEX_POINT('',#9772);
#2939=VERTEX_POINT('',#9776);
#2940=VERTEX_POINT('',#9777);
#2941=VERTEX_POINT('',#9779);
#2942=VERTEX_POINT('',#9781);
#2943=VERTEX_POINT('',#9783);
#2944=VERTEX_POINT('',#9785);
#2945=VERTEX_POINT('',#9789);
#2946=VERTEX_POINT('',#9791);
#2947=VERTEX_POINT('',#9795);
#2948=VERTEX_POINT('',#9797);
#2949=VERTEX_POINT('',#9801);
#2950=VERTEX_POINT('',#9806);
#2951=VERTEX_POINT('',#9807);
#2952=VERTEX_POINT('',#9813);
#2953=VERTEX_POINT('',#9817);
#2954=VERTEX_POINT('',#9819);
#2955=VERTEX_POINT('',#9823);
#2956=VERTEX_POINT('',#9825);
#2957=VERTEX_POINT('',#9834);
#2958=VERTEX_POINT('',#9836);
#2959=VERTEX_POINT('',#9840);
#2960=VERTEX_POINT('',#9842);
#2961=VERTEX_POINT('',#9851);
#2962=VERTEX_POINT('',#9853);
#2963=VERTEX_POINT('',#9860);
#2964=VERTEX_POINT('',#9862);
#2965=VERTEX_POINT('',#9866);
#2966=VERTEX_POINT('',#9870);
#2967=VERTEX_POINT('',#9874);
#2968=VERTEX_POINT('',#9878);
#2969=VERTEX_POINT('',#9882);
#2970=VERTEX_POINT('',#9886);
#2971=VERTEX_POINT('',#9887);
#2972=VERTEX_POINT('',#9892);
#2973=VERTEX_POINT('',#9894);
#2974=VERTEX_POINT('',#9896);
#2975=VERTEX_POINT('',#9898);
#2976=VERTEX_POINT('',#9900);
#2977=VERTEX_POINT('',#9902);
#2978=VERTEX_POINT('',#9904);
#2979=VERTEX_POINT('',#9906);
#2980=VERTEX_POINT('',#9908);
#2981=VERTEX_POINT('',#9910);
#2982=VERTEX_POINT('',#9912);
#2983=VERTEX_POINT('',#9914);
#2984=VERTEX_POINT('',#9916);
#2985=VERTEX_POINT('',#9940);
#2986=VERTEX_POINT('',#9944);
#2987=VERTEX_POINT('',#9946);
#2988=VERTEX_POINT('',#9948);
#2989=VERTEX_POINT('',#9950);
#2990=VERTEX_POINT('',#9952);
#2991=VERTEX_POINT('',#9954);
#2992=VERTEX_POINT('',#9956);
#2993=VERTEX_POINT('',#9958);
#2994=VERTEX_POINT('',#9960);
#2995=VERTEX_POINT('',#9962);
#2996=VERTEX_POINT('',#9997);
#2997=VERTEX_POINT('',#9998);
#2998=VERTEX_POINT('',#10003);
#2999=VERTEX_POINT('',#10005);
#3000=VERTEX_POINT('',#10007);
#3001=VERTEX_POINT('',#10009);
#3002=VERTEX_POINT('',#10011);
#3003=VERTEX_POINT('',#10013);
#3004=VERTEX_POINT('',#10015);
#3005=VERTEX_POINT('',#10017);
#3006=VERTEX_POINT('',#10019);
#3007=VERTEX_POINT('',#10021);
#3008=VERTEX_POINT('',#10023);
#3009=VERTEX_POINT('',#10025);
#3010=VERTEX_POINT('',#10027);
#3011=VERTEX_POINT('',#10059);
#3012=VERTEX_POINT('',#10061);
#3013=VERTEX_POINT('',#10065);
#3014=VERTEX_POINT('',#10069);
#3015=VERTEX_POINT('',#10073);
#3016=VERTEX_POINT('',#10077);
#3017=VERTEX_POINT('',#10081);
#3018=VERTEX_POINT('',#10085);
#3019=VERTEX_POINT('',#10089);
#3020=VERTEX_POINT('',#10093);
#3021=VERTEX_POINT('',#10097);
#3022=VERTEX_POINT('',#10101);
#3023=VERTEX_POINT('',#10107);
#3024=VERTEX_POINT('',#10111);
#3025=VERTEX_POINT('',#10115);
#3026=VERTEX_POINT('',#10119);
#3027=VERTEX_POINT('',#10123);
#3028=VERTEX_POINT('',#10131);
#3029=VERTEX_POINT('',#10132);
#3030=VERTEX_POINT('',#10134);
#3031=VERTEX_POINT('',#10136);
#3032=VERTEX_POINT('',#10140);
#3033=VERTEX_POINT('',#10141);
#3034=VERTEX_POINT('',#10143);
#3035=VERTEX_POINT('',#10145);
#3036=VERTEX_POINT('',#10149);
#3037=VERTEX_POINT('',#10150);
#3038=VERTEX_POINT('',#10152);
#3039=VERTEX_POINT('',#10154);
#3040=VERTEX_POINT('',#10158);
#3041=VERTEX_POINT('',#10159);
#3042=VERTEX_POINT('',#10161);
#3043=VERTEX_POINT('',#10163);
#3044=VERTEX_POINT('',#10167);
#3045=VERTEX_POINT('',#10168);
#3046=VERTEX_POINT('',#10170);
#3047=VERTEX_POINT('',#10172);
#3048=VERTEX_POINT('',#10176);
#3049=VERTEX_POINT('',#10177);
#3050=VERTEX_POINT('',#10179);
#3051=VERTEX_POINT('',#10181);
#3052=VERTEX_POINT('',#10203);
#3053=VERTEX_POINT('',#10205);
#3054=VERTEX_POINT('',#10209);
#3055=VERTEX_POINT('',#10213);
#3056=VERTEX_POINT('',#10217);
#3057=VERTEX_POINT('',#10221);
#3058=VERTEX_POINT('',#10225);
#3059=VERTEX_POINT('',#10229);
#3060=VERTEX_POINT('',#10230);
#3061=VERTEX_POINT('',#10232);
#3062=VERTEX_POINT('',#10234);
#3063=VERTEX_POINT('',#10236);
#3064=VERTEX_POINT('',#10238);
#3065=VERTEX_POINT('',#10240);
#3066=VERTEX_POINT('',#10242);
#3067=VERTEX_POINT('',#10244);
#3068=VERTEX_POINT('',#10246);
#3069=VERTEX_POINT('',#10248);
#3070=VERTEX_POINT('',#10250);
#3071=VERTEX_POINT('',#10252);
#3072=VERTEX_POINT('',#10254);
#3073=VERTEX_POINT('',#10256);
#3074=VERTEX_POINT('',#10258);
#3075=VERTEX_POINT('',#10260);
#3076=VERTEX_POINT('',#10262);
#3077=VERTEX_POINT('',#10264);
#3078=VERTEX_POINT('',#10266);
#3079=VERTEX_POINT('',#10268);
#3080=VERTEX_POINT('',#10270);
#3081=VERTEX_POINT('',#10272);
#3082=VERTEX_POINT('',#10274);
#3083=VERTEX_POINT('',#10278);
#3084=VERTEX_POINT('',#10279);
#3085=VERTEX_POINT('',#10284);
#3086=VERTEX_POINT('',#10288);
#3087=VERTEX_POINT('',#10292);
#3088=VERTEX_POINT('',#10293);
#3089=VERTEX_POINT('',#10298);
#3090=VERTEX_POINT('',#10302);
#3091=VERTEX_POINT('',#10306);
#3092=VERTEX_POINT('',#10307);
#3093=VERTEX_POINT('',#10312);
#3094=VERTEX_POINT('',#10316);
#3095=VERTEX_POINT('',#10320);
#3096=VERTEX_POINT('',#10324);
#3097=VERTEX_POINT('',#10328);
#3098=VERTEX_POINT('',#10332);
#3099=VERTEX_POINT('',#10338);
#3100=VERTEX_POINT('',#10342);
#3101=VERTEX_POINT('',#10346);
#3102=VERTEX_POINT('',#10350);
#3103=VERTEX_POINT('',#10356);
#3104=VERTEX_POINT('',#10360);
#3105=VERTEX_POINT('',#10364);
#3106=VERTEX_POINT('',#10368);
#3107=VERTEX_POINT('',#10374);
#3108=VERTEX_POINT('',#10376);
#3109=VERTEX_POINT('',#10380);
#3110=VERTEX_POINT('',#10384);
#3111=VERTEX_POINT('',#10388);
#3112=VERTEX_POINT('',#10392);
#3113=VERTEX_POINT('',#10396);
#3114=VERTEX_POINT('',#10400);
#3115=VERTEX_POINT('',#10404);
#3116=VERTEX_POINT('',#10408);
#3117=VERTEX_POINT('',#10412);
#3118=VERTEX_POINT('',#10416);
#3119=VERTEX_POINT('',#10420);
#3120=VERTEX_POINT('',#10424);
#3121=VERTEX_POINT('',#10425);
#3122=VERTEX_POINT('',#10427);
#3123=VERTEX_POINT('',#10429);
#3124=VERTEX_POINT('',#10433);
#3125=VERTEX_POINT('',#10435);
#3126=VERTEX_POINT('',#10439);
#3127=VERTEX_POINT('',#10441);
#3128=VERTEX_POINT('',#10445);
#3129=VERTEX_POINT('',#10447);
#3130=VERTEX_POINT('',#10451);
#3131=VERTEX_POINT('',#10453);
#3132=VERTEX_POINT('',#10457);
#3133=VERTEX_POINT('',#10459);
#3134=VERTEX_POINT('',#10463);
#3135=VERTEX_POINT('',#10465);
#3136=VERTEX_POINT('',#10469);
#3137=VERTEX_POINT('',#10471);
#3138=VERTEX_POINT('',#10475);
#3139=VERTEX_POINT('',#10480);
#3140=VERTEX_POINT('',#10484);
#3141=VERTEX_POINT('',#10488);
#3142=VERTEX_POINT('',#10492);
#3143=VERTEX_POINT('',#10496);
#3144=VERTEX_POINT('',#10500);
#3145=VERTEX_POINT('',#10504);
#3146=VERTEX_POINT('',#10508);
#3147=VERTEX_POINT('',#10512);
#3148=VERTEX_POINT('',#10516);
#3149=VERTEX_POINT('',#10520);
#3150=VERTEX_POINT('',#10524);
#3151=VERTEX_POINT('',#10528);
#3152=VERTEX_POINT('',#10530);
#3153=VERTEX_POINT('',#10534);
#3154=VERTEX_POINT('',#10536);
#3155=VERTEX_POINT('',#10551);
#3156=VERTEX_POINT('',#10552);
#3157=VERTEX_POINT('',#10554);
#3158=VERTEX_POINT('',#10556);
#3159=VERTEX_POINT('',#10558);
#3160=VERTEX_POINT('',#10560);
#3161=VERTEX_POINT('',#10562);
#3162=VERTEX_POINT('',#10564);
#3163=VERTEX_POINT('',#10566);
#3164=VERTEX_POINT('',#10568);
#3165=VERTEX_POINT('',#10570);
#3166=VERTEX_POINT('',#10572);
#3167=VERTEX_POINT('',#10581);
#3168=VERTEX_POINT('',#10585);
#3169=VERTEX_POINT('',#10589);
#3170=VERTEX_POINT('',#10593);
#3171=VERTEX_POINT('',#10597);
#3172=VERTEX_POINT('',#10638);
#3173=VERTEX_POINT('',#10639);
#3174=VERTEX_POINT('',#10641);
#3175=VERTEX_POINT('',#10643);
#3176=VERTEX_POINT('',#10647);
#3177=VERTEX_POINT('',#10648);
#3178=VERTEX_POINT('',#10650);
#3179=VERTEX_POINT('',#10652);
#3180=VERTEX_POINT('',#10656);
#3181=VERTEX_POINT('',#10658);
#3182=VERTEX_POINT('',#10665);
#3183=VERTEX_POINT('',#10667);
#3184=VERTEX_POINT('',#10674);
#3185=VERTEX_POINT('',#10676);
#3186=VERTEX_POINT('',#10680);
#3187=VERTEX_POINT('',#10682);
#3188=VERTEX_POINT('',#10684);
#3189=VERTEX_POINT('',#10686);
#3190=VERTEX_POINT('',#10688);
#3191=VERTEX_POINT('',#10692);
#3192=VERTEX_POINT('',#10697);
#3193=VERTEX_POINT('',#10698);
#3194=VERTEX_POINT('',#10700);
#3195=VERTEX_POINT('',#10702);
#3196=VERTEX_POINT('',#10706);
#3197=VERTEX_POINT('',#10708);
#3198=VERTEX_POINT('',#10712);
#3199=VERTEX_POINT('',#10713);
#3200=VERTEX_POINT('',#10715);
#3201=VERTEX_POINT('',#10717);
#3202=VERTEX_POINT('',#10724);
#3203=VERTEX_POINT('',#10725);
#3204=VERTEX_POINT('',#10727);
#3205=VERTEX_POINT('',#10729);
#3206=VERTEX_POINT('',#10736);
#3207=VERTEX_POINT('',#10738);
#3208=VERTEX_POINT('',#10746);
#3209=VERTEX_POINT('',#10748);
#3210=VERTEX_POINT('',#10750);
#3211=VERTEX_POINT('',#10752);
#3212=VERTEX_POINT('',#10756);
#3213=VERTEX_POINT('',#10758);
#3214=VERTEX_POINT('',#10760);
#3215=VERTEX_POINT('',#10762);
#3216=VERTEX_POINT('',#10766);
#3217=VERTEX_POINT('',#10770);
#3218=VERTEX_POINT('',#10774);
#3219=VERTEX_POINT('',#10778);
#3220=VERTEX_POINT('',#10782);
#3221=VERTEX_POINT('',#10784);
#3222=EDGE_CURVE('',#2632,#2633,#854,.T.);
#3223=EDGE_CURVE('',#2633,#2634,#855,.T.);
#3224=EDGE_CURVE('',#2634,#2635,#856,.T.);
#3225=EDGE_CURVE('',#2632,#2635,#857,.T.);
#3226=EDGE_CURVE('',#2633,#2636,#858,.T.);
#3227=EDGE_CURVE('',#2636,#2637,#859,.T.);
#3228=EDGE_CURVE('',#2637,#2634,#860,.T.);
#3229=EDGE_CURVE('',#2636,#2638,#861,.T.);
#3230=EDGE_CURVE('',#2638,#2639,#862,.T.);
#3231=EDGE_CURVE('',#2639,#2637,#863,.T.);
#3232=EDGE_CURVE('',#2638,#2640,#864,.T.);
#3233=EDGE_CURVE('',#2640,#2641,#865,.T.);
#3234=EDGE_CURVE('',#2641,#2639,#866,.T.);
#3235=EDGE_CURVE('',#2640,#2642,#867,.T.);
#3236=EDGE_CURVE('',#2642,#2643,#868,.T.);
#3237=EDGE_CURVE('',#2643,#2641,#869,.T.);
#3238=EDGE_CURVE('',#2642,#2644,#870,.T.);
#3239=EDGE_CURVE('',#2644,#2645,#871,.T.);
#3240=EDGE_CURVE('',#2645,#2643,#872,.T.);
#3241=EDGE_CURVE('',#2644,#2646,#873,.T.);
#3242=EDGE_CURVE('',#2646,#2647,#874,.T.);
#3243=EDGE_CURVE('',#2647,#2645,#875,.T.);
#3244=EDGE_CURVE('',#2646,#2648,#876,.T.);
#3245=EDGE_CURVE('',#2648,#2649,#877,.T.);
#3246=EDGE_CURVE('',#2649,#2647,#878,.T.);
#3247=EDGE_CURVE('',#2648,#2650,#879,.T.);
#3248=EDGE_CURVE('',#2650,#2651,#880,.T.);
#3249=EDGE_CURVE('',#2651,#2649,#881,.T.);
#3250=EDGE_CURVE('',#2650,#2652,#882,.T.);
#3251=EDGE_CURVE('',#2652,#2653,#883,.T.);
#3252=EDGE_CURVE('',#2653,#2651,#884,.T.);
#3253=EDGE_CURVE('',#2654,#2653,#885,.T.);
#3254=EDGE_CURVE('',#2652,#2655,#886,.T.);
#3255=EDGE_CURVE('',#2655,#2654,#887,.T.);
#3256=EDGE_CURVE('',#2656,#2654,#888,.T.);
#3257=EDGE_CURVE('',#2655,#2657,#889,.T.);
#3258=EDGE_CURVE('',#2657,#2656,#890,.T.);
#3259=EDGE_CURVE('',#2658,#2656,#891,.T.);
#3260=EDGE_CURVE('',#2657,#2659,#892,.T.);
#3261=EDGE_CURVE('',#2659,#2658,#893,.T.);
#3262=EDGE_CURVE('',#2660,#2658,#894,.T.);
#3263=EDGE_CURVE('',#2659,#2661,#895,.T.);
#3264=EDGE_CURVE('',#2661,#2660,#896,.T.);
#3265=EDGE_CURVE('',#2662,#2660,#897,.T.);
#3266=EDGE_CURVE('',#2661,#2663,#898,.T.);
#3267=EDGE_CURVE('',#2663,#2662,#899,.T.);
#3268=EDGE_CURVE('',#2664,#2662,#900,.T.);
#3269=EDGE_CURVE('',#2663,#2665,#901,.T.);
#3270=EDGE_CURVE('',#2665,#2664,#902,.T.);
#3271=EDGE_CURVE('',#2666,#2664,#903,.T.);
#3272=EDGE_CURVE('',#2665,#2667,#904,.T.);
#3273=EDGE_CURVE('',#2667,#2666,#905,.T.);
#3274=EDGE_CURVE('',#2635,#2666,#906,.T.);
#3275=EDGE_CURVE('',#2667,#2632,#907,.T.);
#3276=EDGE_CURVE('',#2654,#2668,#908,.T.);
#3277=EDGE_CURVE('',#2668,#2669,#909,.T.);
#3278=EDGE_CURVE('',#2669,#2653,#910,.T.);
#3279=EDGE_CURVE('',#2670,#2656,#911,.T.);
#3280=EDGE_CURVE('',#2668,#2670,#912,.T.);
#3281=EDGE_CURVE('',#2658,#2671,#913,.T.);
#3282=EDGE_CURVE('',#2671,#2670,#914,.T.);
#3283=EDGE_CURVE('',#2672,#2660,#915,.T.);
#3284=EDGE_CURVE('',#2673,#2672,#916,.T.);
#3285=EDGE_CURVE('',#2674,#2673,#917,.T.);
#3286=EDGE_CURVE('',#2671,#2674,#918,.T.);
#3287=EDGE_CURVE('',#2675,#2662,#919,.T.);
#3288=EDGE_CURVE('',#2672,#2675,#920,.T.);
#3289=EDGE_CURVE('',#2676,#2664,#921,.T.);
#3290=EDGE_CURVE('',#2677,#2676,#922,.T.);
#3291=EDGE_CURVE('',#2678,#2677,#923,.T.);
#3292=EDGE_CURVE('',#2675,#2678,#924,.T.);
#3293=EDGE_CURVE('',#2666,#2679,#925,.T.);
#3294=EDGE_CURVE('',#2679,#2676,#926,.T.);
#3295=EDGE_CURVE('',#2680,#2635,#927,.T.);
#3296=EDGE_CURVE('',#2679,#2680,#928,.T.);
#3297=EDGE_CURVE('',#2634,#2681,#929,.T.);
#3298=EDGE_CURVE('',#2681,#2680,#930,.T.);
#3299=EDGE_CURVE('',#2682,#2683,#931,.T.);
#3300=EDGE_CURVE('',#2684,#2682,#932,.T.);
#3301=EDGE_CURVE('',#2685,#2684,#933,.T.);
#3302=EDGE_CURVE('',#2686,#2685,#934,.T.);
#3303=EDGE_CURVE('',#2686,#2687,#935,.T.);
#3304=EDGE_CURVE('',#2688,#2687,#936,.T.);
#3305=EDGE_CURVE('',#2689,#2688,#937,.T.);
#3306=EDGE_CURVE('',#2690,#2689,#938,.T.);
#3307=EDGE_CURVE('',#2691,#2690,#939,.T.);
#3308=EDGE_CURVE('',#2692,#2691,#940,.T.);
#3309=EDGE_CURVE('',#2693,#2692,#941,.T.);
#3310=EDGE_CURVE('',#2694,#2693,#942,.T.);
#3311=EDGE_CURVE('',#2695,#2694,#943,.T.);
#3312=EDGE_CURVE('',#2696,#2695,#944,.T.);
#3313=EDGE_CURVE('',#2697,#2696,#945,.T.);
#3314=EDGE_CURVE('',#2698,#2697,#946,.T.);
#3315=EDGE_CURVE('',#2699,#2698,#947,.T.);
#3316=EDGE_CURVE('',#2700,#2699,#948,.T.);
#3317=EDGE_CURVE('',#2701,#2700,#949,.T.);
#3318=EDGE_CURVE('',#2702,#2701,#950,.T.);
#3319=EDGE_CURVE('',#2703,#2702,#951,.T.);
#3320=EDGE_CURVE('',#2704,#2703,#952,.T.);
#3321=EDGE_CURVE('',#2705,#2704,#953,.T.);
#3322=EDGE_CURVE('',#2706,#2705,#954,.T.);
#3323=EDGE_CURVE('',#2707,#2706,#955,.T.);
#3324=EDGE_CURVE('',#2708,#2707,#956,.T.);
#3325=EDGE_CURVE('',#2709,#2708,#957,.T.);
#3326=EDGE_CURVE('',#2710,#2709,#958,.T.);
#3327=EDGE_CURVE('',#2711,#2710,#959,.T.);
#3328=EDGE_CURVE('',#2712,#2711,#960,.T.);
#3329=EDGE_CURVE('',#2713,#2712,#961,.T.);
#3330=EDGE_CURVE('',#2714,#2713,#962,.T.);
#3331=EDGE_CURVE('',#2715,#2714,#963,.T.);
#3332=EDGE_CURVE('',#2716,#2715,#964,.T.);
#3333=EDGE_CURVE('',#2717,#2716,#965,.T.);
#3334=EDGE_CURVE('',#2683,#2717,#966,.T.);
#3335=EDGE_CURVE('',#2718,#2718,#93,.T.);
#3336=EDGE_CURVE('',#2719,#2719,#94,.T.);
#3337=EDGE_CURVE('',#2720,#2720,#95,.T.);
#3338=EDGE_CURVE('',#2721,#2716,#967,.F.);
#3339=EDGE_CURVE('',#2721,#2722,#968,.T.);
#3340=EDGE_CURVE('',#2723,#2722,#969,.T.);
#3341=EDGE_CURVE('',#2723,#2724,#970,.T.);
#3342=EDGE_CURVE('',#2724,#2725,#971,.T.);
#3343=EDGE_CURVE('',#2725,#2726,#972,.T.);
#3344=EDGE_CURVE('',#2717,#2726,#973,.F.);
#3345=EDGE_CURVE('',#2727,#2728,#974,.T.);
#3346=EDGE_CURVE('',#2727,#2729,#975,.T.);
#3347=EDGE_CURVE('',#2729,#2730,#976,.F.);
#3348=EDGE_CURVE('',#2731,#2730,#977,.T.);
#3349=EDGE_CURVE('',#2731,#2732,#978,.T.);
#3350=EDGE_CURVE('',#2732,#2728,#979,.F.);
#3351=EDGE_CURVE('',#2731,#2733,#980,.T.);
#3352=EDGE_CURVE('',#2733,#2734,#981,.T.);
#3353=EDGE_CURVE('',#2732,#2734,#982,.T.);
#3354=EDGE_CURVE('',#2726,#2735,#983,.T.);
#3355=EDGE_CURVE('',#2735,#2683,#984,.T.);
#3356=EDGE_CURVE('',#2735,#2736,#985,.T.);
#3357=EDGE_CURVE('',#2730,#2736,#986,.T.);
#3358=EDGE_CURVE('',#2729,#2737,#987,.T.);
#3359=EDGE_CURVE('',#2737,#2682,#988,.T.);
#3360=EDGE_CURVE('',#2738,#2721,#989,.T.);
#3361=EDGE_CURVE('',#2715,#2738,#990,.T.);
#3362=EDGE_CURVE('',#2714,#2739,#991,.T.);
#3363=EDGE_CURVE('',#2739,#2727,#992,.T.);
#3364=EDGE_CURVE('',#2728,#2740,#993,.F.);
#3365=EDGE_CURVE('',#2740,#2738,#994,.T.);
#3366=EDGE_CURVE('',#2724,#2741,#995,.T.);
#3367=EDGE_CURVE('',#2741,#2742,#996,.T.);
#3368=EDGE_CURVE('',#2742,#2725,#997,.T.);
#3369=EDGE_CURVE('',#2743,#2742,#998,.T.);
#3370=EDGE_CURVE('',#2741,#2744,#999,.T.);
#3371=EDGE_CURVE('',#2745,#2744,#1000,.T.);
#3372=EDGE_CURVE('',#2745,#2743,#1001,.T.);
#3373=EDGE_CURVE('',#2733,#2745,#1002,.T.);
#3374=EDGE_CURVE('',#2736,#2743,#1003,.T.);
#3375=EDGE_CURVE('',#2746,#2723,#1004,.T.);
#3376=EDGE_CURVE('',#2722,#2747,#1005,.T.);
#3377=EDGE_CURVE('',#2746,#2747,#1006,.T.);
#3378=EDGE_CURVE('',#2748,#2734,#1007,.T.);
#3379=EDGE_CURVE('',#2748,#2749,#1008,.T.);
#3380=EDGE_CURVE('',#2749,#2740,#1009,.T.);
#3381=EDGE_CURVE('',#2747,#2749,#1010,.T.);
#3382=EDGE_CURVE('',#2750,#2748,#1011,.T.);
#3383=EDGE_CURVE('',#2750,#2746,#1012,.T.);
#3384=EDGE_CURVE('',#2744,#2751,#1013,.T.);
#3385=EDGE_CURVE('',#2751,#2752,#1014,.T.);
#3386=EDGE_CURVE('',#2752,#2750,#1015,.T.);
#3387=EDGE_CURVE('',#2750,#2753,#1016,.T.);
#3388=EDGE_CURVE('',#2754,#2753,#1017,.T.);
#3389=EDGE_CURVE('',#2755,#2754,#1018,.T.);
#3390=EDGE_CURVE('',#2756,#2755,#1019,.T.);
#3391=EDGE_CURVE('',#2757,#2756,#1020,.T.);
#3392=EDGE_CURVE('',#2758,#2757,#1021,.T.);
#3393=EDGE_CURVE('',#2758,#2759,#1022,.T.);
#3394=EDGE_CURVE('',#2760,#2759,#1023,.T.);
#3395=EDGE_CURVE('',#2761,#2760,#1024,.T.);
#3396=EDGE_CURVE('',#2762,#2761,#1025,.T.);
#3397=EDGE_CURVE('',#2763,#2762,#1026,.T.);
#3398=EDGE_CURVE('',#2764,#2763,#1027,.T.);
#3399=EDGE_CURVE('',#2764,#2765,#1028,.T.);
#3400=EDGE_CURVE('',#2766,#2765,#1029,.T.);
#3401=EDGE_CURVE('',#2767,#2766,#1030,.T.);
#3402=EDGE_CURVE('',#2768,#2767,#1031,.T.);
#3403=EDGE_CURVE('',#2769,#2768,#1032,.T.);
#3404=EDGE_CURVE('',#2770,#2769,#1033,.T.);
#3405=EDGE_CURVE('',#2770,#2771,#1034,.T.);
#3406=EDGE_CURVE('',#2772,#2771,#1035,.T.);
#3407=EDGE_CURVE('',#2773,#2772,#1036,.T.);
#3408=EDGE_CURVE('',#2774,#2773,#1037,.T.);
#3409=EDGE_CURVE('',#2775,#2774,#1038,.T.);
#3410=EDGE_CURVE('',#2776,#2775,#1039,.T.);
#3411=EDGE_CURVE('',#2776,#2777,#1040,.T.);
#3412=EDGE_CURVE('',#2777,#2778,#1041,.T.);
#3413=EDGE_CURVE('',#2778,#2779,#1042,.T.);
#3414=EDGE_CURVE('',#2779,#2780,#1043,.T.);
#3415=EDGE_CURVE('',#2780,#2781,#1044,.T.);
#3416=EDGE_CURVE('',#2781,#2782,#1045,.T.);
#3417=EDGE_CURVE('',#2782,#2744,#1046,.T.);
#3418=EDGE_CURVE('',#2783,#2784,#96,.T.);
#3419=EDGE_CURVE('',#2783,#2785,#97,.T.);
#3420=EDGE_CURVE('',#2785,#2786,#1047,.T.);
#3421=EDGE_CURVE('',#2787,#2786,#98,.F.);
#3422=EDGE_CURVE('',#2787,#2788,#1048,.T.);
#3423=EDGE_CURVE('',#2789,#2788,#99,.F.);
#3424=EDGE_CURVE('',#2789,#2790,#1049,.T.);
#3425=EDGE_CURVE('',#2791,#2790,#1050,.T.);
#3426=EDGE_CURVE('',#2791,#2792,#1051,.T.);
#3427=EDGE_CURVE('',#2793,#2792,#1052,.T.);
#3428=EDGE_CURVE('',#2793,#2794,#1053,.T.);
#3429=EDGE_CURVE('',#2794,#2795,#100,.T.);
#3430=EDGE_CURVE('',#2795,#2796,#1054,.T.);
#3431=EDGE_CURVE('',#2797,#2796,#101,.F.);
#3432=EDGE_CURVE('',#2797,#2798,#1055,.T.);
#3433=EDGE_CURVE('',#2799,#2798,#102,.F.);
#3434=EDGE_CURVE('',#2800,#2799,#103,.T.);
#3435=EDGE_CURVE('',#2800,#2801,#104,.T.);
#3436=EDGE_CURVE('',#2801,#2802,#1056,.T.);
#3437=EDGE_CURVE('',#2803,#2802,#105,.F.);
#3438=EDGE_CURVE('',#2803,#2804,#1057,.T.);
#3439=EDGE_CURVE('',#2805,#2804,#106,.F.);
#3440=EDGE_CURVE('',#2805,#2669,#1058,.T.);
#3441=EDGE_CURVE('',#2674,#2806,#107,.T.);
#3442=EDGE_CURVE('',#2806,#2807,#1059,.T.);
#3443=EDGE_CURVE('',#2808,#2807,#108,.F.);
#3444=EDGE_CURVE('',#2808,#2809,#1060,.T.);
#3445=EDGE_CURVE('',#2810,#2809,#109,.F.);
#3446=EDGE_CURVE('',#2811,#2810,#110,.T.);
#3447=EDGE_CURVE('',#2811,#2812,#111,.T.);
#3448=EDGE_CURVE('',#2812,#2813,#1061,.T.);
#3449=EDGE_CURVE('',#2814,#2813,#112,.F.);
#3450=EDGE_CURVE('',#2814,#2815,#1062,.T.);
#3451=EDGE_CURVE('',#2677,#2815,#113,.F.);
#3452=EDGE_CURVE('',#2681,#2816,#1063,.T.);
#3453=EDGE_CURVE('',#2816,#2817,#114,.T.);
#3454=EDGE_CURVE('',#2817,#2818,#1064,.T.);
#3455=EDGE_CURVE('',#2819,#2818,#115,.F.);
#3456=EDGE_CURVE('',#2819,#2820,#1065,.T.);
#3457=EDGE_CURVE('',#2784,#2820,#116,.F.);
#3458=EDGE_CURVE('',#2737,#2821,#1066,.T.);
#3459=EDGE_CURVE('',#2821,#2822,#1067,.T.);
#3460=EDGE_CURVE('',#2823,#2822,#1068,.T.);
#3461=EDGE_CURVE('',#2684,#2823,#1069,.T.);
#3462=EDGE_CURVE('',#2739,#2824,#1070,.T.);
#3463=EDGE_CURVE('',#2824,#2821,#1071,.T.);
#3464=EDGE_CURVE('',#2825,#2713,#1072,.T.);
#3465=EDGE_CURVE('',#2825,#2826,#1073,.T.);
#3466=EDGE_CURVE('',#2826,#2824,#1074,.T.);
#3467=EDGE_CURVE('',#2827,#2710,#1075,.F.);
#3468=EDGE_CURVE('',#2827,#2828,#1076,.T.);
#3469=EDGE_CURVE('',#2756,#2828,#1077,.T.);
#3470=EDGE_CURVE('',#2755,#2829,#1078,.T.);
#3471=EDGE_CURVE('',#2829,#2830,#1079,.T.);
#3472=EDGE_CURVE('',#2711,#2830,#1080,.F.);
#3473=EDGE_CURVE('',#2831,#2832,#1081,.T.);
#3474=EDGE_CURVE('',#2831,#2833,#1082,.T.);
#3475=EDGE_CURVE('',#2833,#2834,#1083,.F.);
#3476=EDGE_CURVE('',#2835,#2834,#1084,.T.);
#3477=EDGE_CURVE('',#2835,#2836,#1085,.T.);
#3478=EDGE_CURVE('',#2836,#2832,#1086,.F.);
#3479=EDGE_CURVE('',#2835,#2837,#1087,.T.);
#3480=EDGE_CURVE('',#2837,#2838,#1088,.T.);
#3481=EDGE_CURVE('',#2836,#2838,#1089,.T.);
#3482=EDGE_CURVE('',#2830,#2839,#1090,.T.);
#3483=EDGE_CURVE('',#2839,#2712,#1091,.T.);
#3484=EDGE_CURVE('',#2839,#2840,#1092,.T.);
#3485=EDGE_CURVE('',#2834,#2840,#1093,.T.);
#3486=EDGE_CURVE('',#2833,#2825,#1094,.T.);
#3487=EDGE_CURVE('',#2841,#2827,#1095,.T.);
#3488=EDGE_CURVE('',#2709,#2841,#1096,.T.);
#3489=EDGE_CURVE('',#2708,#2842,#1097,.T.);
#3490=EDGE_CURVE('',#2842,#2831,#1098,.T.);
#3491=EDGE_CURVE('',#2832,#2843,#1099,.F.);
#3492=EDGE_CURVE('',#2843,#2841,#1100,.T.);
#3493=EDGE_CURVE('',#2754,#2844,#1101,.T.);
#3494=EDGE_CURVE('',#2844,#2829,#1102,.T.);
#3495=EDGE_CURVE('',#2845,#2844,#1103,.T.);
#3496=EDGE_CURVE('',#2846,#2753,#1104,.T.);
#3497=EDGE_CURVE('',#2846,#2845,#1105,.T.);
#3498=EDGE_CURVE('',#2837,#2846,#1106,.T.);
#3499=EDGE_CURVE('',#2840,#2845,#1107,.T.);
#3500=EDGE_CURVE('',#2828,#2847,#1108,.T.);
#3501=EDGE_CURVE('',#2757,#2847,#1109,.T.);
#3502=EDGE_CURVE('',#2848,#2838,#1110,.T.);
#3503=EDGE_CURVE('',#2848,#2849,#1111,.T.);
#3504=EDGE_CURVE('',#2849,#2843,#1112,.T.);
#3505=EDGE_CURVE('',#2847,#2849,#1113,.T.);
#3506=EDGE_CURVE('',#2758,#2848,#1114,.T.);
#3507=EDGE_CURVE('',#2753,#2850,#1115,.T.);
#3508=EDGE_CURVE('',#2850,#2851,#1116,.T.);
#3509=EDGE_CURVE('',#2851,#2758,#1117,.T.);
#3510=EDGE_CURVE('',#2842,#2852,#1118,.T.);
#3511=EDGE_CURVE('',#2852,#2826,#1119,.T.);
#3512=EDGE_CURVE('',#2853,#2707,#1120,.T.);
#3513=EDGE_CURVE('',#2853,#2854,#1121,.T.);
#3514=EDGE_CURVE('',#2854,#2852,#1122,.T.);
#3515=EDGE_CURVE('',#2855,#2704,#1123,.F.);
#3516=EDGE_CURVE('',#2855,#2856,#1124,.T.);
#3517=EDGE_CURVE('',#2762,#2856,#1125,.T.);
#3518=EDGE_CURVE('',#2761,#2857,#1126,.T.);
#3519=EDGE_CURVE('',#2857,#2858,#1127,.T.);
#3520=EDGE_CURVE('',#2705,#2858,#1128,.F.);
#3521=EDGE_CURVE('',#2859,#2860,#1129,.T.);
#3522=EDGE_CURVE('',#2859,#2861,#1130,.T.);
#3523=EDGE_CURVE('',#2861,#2862,#1131,.F.);
#3524=EDGE_CURVE('',#2863,#2862,#1132,.T.);
#3525=EDGE_CURVE('',#2863,#2864,#1133,.T.);
#3526=EDGE_CURVE('',#2864,#2860,#1134,.F.);
#3527=EDGE_CURVE('',#2863,#2865,#1135,.T.);
#3528=EDGE_CURVE('',#2865,#2866,#1136,.T.);
#3529=EDGE_CURVE('',#2864,#2866,#1137,.T.);
#3530=EDGE_CURVE('',#2858,#2867,#1138,.T.);
#3531=EDGE_CURVE('',#2867,#2706,#1139,.T.);
#3532=EDGE_CURVE('',#2867,#2868,#1140,.T.);
#3533=EDGE_CURVE('',#2862,#2868,#1141,.T.);
#3534=EDGE_CURVE('',#2861,#2853,#1142,.T.);
#3535=EDGE_CURVE('',#2869,#2855,#1143,.T.);
#3536=EDGE_CURVE('',#2703,#2869,#1144,.T.);
#3537=EDGE_CURVE('',#2702,#2870,#1145,.T.);
#3538=EDGE_CURVE('',#2870,#2859,#1146,.T.);
#3539=EDGE_CURVE('',#2860,#2871,#1147,.F.);
#3540=EDGE_CURVE('',#2871,#2869,#1148,.T.);
#3541=EDGE_CURVE('',#2760,#2872,#1149,.T.);
#3542=EDGE_CURVE('',#2872,#2857,#1150,.T.);
#3543=EDGE_CURVE('',#2873,#2872,#1151,.T.);
#3544=EDGE_CURVE('',#2874,#2759,#1152,.T.);
#3545=EDGE_CURVE('',#2874,#2873,#1153,.T.);
#3546=EDGE_CURVE('',#2865,#2874,#1154,.T.);
#3547=EDGE_CURVE('',#2868,#2873,#1155,.T.);
#3548=EDGE_CURVE('',#2856,#2875,#1156,.T.);
#3549=EDGE_CURVE('',#2763,#2875,#1157,.T.);
#3550=EDGE_CURVE('',#2876,#2866,#1158,.T.);
#3551=EDGE_CURVE('',#2876,#2877,#1159,.T.);
#3552=EDGE_CURVE('',#2877,#2871,#1160,.T.);
#3553=EDGE_CURVE('',#2875,#2877,#1161,.T.);
#3554=EDGE_CURVE('',#2764,#2876,#1162,.T.);
#3555=EDGE_CURVE('',#2759,#2878,#1163,.T.);
#3556=EDGE_CURVE('',#2878,#2879,#1164,.T.);
#3557=EDGE_CURVE('',#2879,#2764,#1165,.T.);
#3558=EDGE_CURVE('',#2870,#2880,#1166,.T.);
#3559=EDGE_CURVE('',#2880,#2854,#1167,.T.);
#3560=EDGE_CURVE('',#2881,#2701,#1168,.T.);
#3561=EDGE_CURVE('',#2881,#2882,#1169,.T.);
#3562=EDGE_CURVE('',#2882,#2880,#1170,.T.);
#3563=EDGE_CURVE('',#2883,#2698,#1171,.F.);
#3564=EDGE_CURVE('',#2883,#2884,#1172,.T.);
#3565=EDGE_CURVE('',#2768,#2884,#1173,.T.);
#3566=EDGE_CURVE('',#2767,#2885,#1174,.T.);
#3567=EDGE_CURVE('',#2885,#2886,#1175,.T.);
#3568=EDGE_CURVE('',#2699,#2886,#1176,.F.);
#3569=EDGE_CURVE('',#2887,#2888,#1177,.T.);
#3570=EDGE_CURVE('',#2887,#2889,#1178,.T.);
#3571=EDGE_CURVE('',#2889,#2890,#1179,.F.);
#3572=EDGE_CURVE('',#2891,#2890,#1180,.T.);
#3573=EDGE_CURVE('',#2891,#2892,#1181,.T.);
#3574=EDGE_CURVE('',#2892,#2888,#1182,.F.);
#3575=EDGE_CURVE('',#2891,#2893,#1183,.T.);
#3576=EDGE_CURVE('',#2893,#2894,#1184,.T.);
#3577=EDGE_CURVE('',#2892,#2894,#1185,.T.);
#3578=EDGE_CURVE('',#2886,#2895,#1186,.T.);
#3579=EDGE_CURVE('',#2895,#2700,#1187,.T.);
#3580=EDGE_CURVE('',#2895,#2896,#1188,.T.);
#3581=EDGE_CURVE('',#2890,#2896,#1189,.T.);
#3582=EDGE_CURVE('',#2889,#2881,#1190,.T.);
#3583=EDGE_CURVE('',#2897,#2883,#1191,.T.);
#3584=EDGE_CURVE('',#2697,#2897,#1192,.T.);
#3585=EDGE_CURVE('',#2696,#2898,#1193,.T.);
#3586=EDGE_CURVE('',#2898,#2887,#1194,.T.);
#3587=EDGE_CURVE('',#2888,#2899,#1195,.F.);
#3588=EDGE_CURVE('',#2899,#2897,#1196,.T.);
#3589=EDGE_CURVE('',#2766,#2900,#1197,.T.);
#3590=EDGE_CURVE('',#2900,#2885,#1198,.T.);
#3591=EDGE_CURVE('',#2901,#2900,#1199,.T.);
#3592=EDGE_CURVE('',#2902,#2765,#1200,.T.);
#3593=EDGE_CURVE('',#2902,#2901,#1201,.T.);
#3594=EDGE_CURVE('',#2893,#2902,#1202,.T.);
#3595=EDGE_CURVE('',#2896,#2901,#1203,.T.);
#3596=EDGE_CURVE('',#2884,#2903,#1204,.T.);
#3597=EDGE_CURVE('',#2769,#2903,#1205,.T.);
#3598=EDGE_CURVE('',#2904,#2894,#1206,.T.);
#3599=EDGE_CURVE('',#2904,#2905,#1207,.T.);
#3600=EDGE_CURVE('',#2905,#2899,#1208,.T.);
#3601=EDGE_CURVE('',#2903,#2905,#1209,.T.);
#3602=EDGE_CURVE('',#2770,#2904,#1210,.T.);
#3603=EDGE_CURVE('',#2765,#2906,#1211,.T.);
#3604=EDGE_CURVE('',#2906,#2907,#1212,.T.);
#3605=EDGE_CURVE('',#2907,#2770,#1213,.T.);
#3606=EDGE_CURVE('',#2898,#2908,#1214,.T.);
#3607=EDGE_CURVE('',#2908,#2882,#1215,.T.);
#3608=EDGE_CURVE('',#2909,#2695,#1216,.T.);
#3609=EDGE_CURVE('',#2909,#2910,#1217,.T.);
#3610=EDGE_CURVE('',#2910,#2908,#1218,.T.);
#3611=EDGE_CURVE('',#2911,#2692,#1219,.F.);
#3612=EDGE_CURVE('',#2911,#2912,#1220,.T.);
#3613=EDGE_CURVE('',#2774,#2912,#1221,.T.);
#3614=EDGE_CURVE('',#2773,#2913,#1222,.T.);
#3615=EDGE_CURVE('',#2913,#2914,#1223,.T.);
#3616=EDGE_CURVE('',#2693,#2914,#1224,.F.);
#3617=EDGE_CURVE('',#2915,#2916,#1225,.T.);
#3618=EDGE_CURVE('',#2915,#2917,#1226,.T.);
#3619=EDGE_CURVE('',#2917,#2918,#1227,.F.);
#3620=EDGE_CURVE('',#2919,#2918,#1228,.T.);
#3621=EDGE_CURVE('',#2919,#2920,#1229,.T.);
#3622=EDGE_CURVE('',#2920,#2916,#1230,.F.);
#3623=EDGE_CURVE('',#2919,#2921,#1231,.T.);
#3624=EDGE_CURVE('',#2921,#2922,#1232,.T.);
#3625=EDGE_CURVE('',#2920,#2922,#1233,.T.);
#3626=EDGE_CURVE('',#2914,#2923,#1234,.T.);
#3627=EDGE_CURVE('',#2923,#2694,#1235,.T.);
#3628=EDGE_CURVE('',#2923,#2924,#1236,.T.);
#3629=EDGE_CURVE('',#2918,#2924,#1237,.T.);
#3630=EDGE_CURVE('',#2917,#2909,#1238,.T.);
#3631=EDGE_CURVE('',#2925,#2911,#1239,.T.);
#3632=EDGE_CURVE('',#2691,#2925,#1240,.T.);
#3633=EDGE_CURVE('',#2690,#2926,#1241,.T.);
#3634=EDGE_CURVE('',#2926,#2915,#1242,.T.);
#3635=EDGE_CURVE('',#2916,#2927,#1243,.F.);
#3636=EDGE_CURVE('',#2927,#2925,#1244,.T.);
#3637=EDGE_CURVE('',#2772,#2928,#1245,.T.);
#3638=EDGE_CURVE('',#2928,#2913,#1246,.T.);
#3639=EDGE_CURVE('',#2929,#2928,#1247,.T.);
#3640=EDGE_CURVE('',#2930,#2771,#1248,.T.);
#3641=EDGE_CURVE('',#2930,#2929,#1249,.T.);
#3642=EDGE_CURVE('',#2921,#2930,#1250,.T.);
#3643=EDGE_CURVE('',#2924,#2929,#1251,.T.);
#3644=EDGE_CURVE('',#2912,#2931,#1252,.T.);
#3645=EDGE_CURVE('',#2775,#2931,#1253,.T.);
#3646=EDGE_CURVE('',#2932,#2922,#1254,.T.);
#3647=EDGE_CURVE('',#2932,#2933,#1255,.T.);
#3648=EDGE_CURVE('',#2933,#2927,#1256,.T.);
#3649=EDGE_CURVE('',#2931,#2933,#1257,.T.);
#3650=EDGE_CURVE('',#2776,#2932,#1258,.T.);
#3651=EDGE_CURVE('',#2771,#2934,#1259,.T.);
#3652=EDGE_CURVE('',#2934,#2935,#1260,.T.);
#3653=EDGE_CURVE('',#2935,#2776,#1261,.T.);
#3654=EDGE_CURVE('',#2926,#2936,#1262,.T.);
#3655=EDGE_CURVE('',#2936,#2910,#1263,.T.);
#3656=EDGE_CURVE('',#2937,#2689,#1264,.T.);
#3657=EDGE_CURVE('',#2937,#2938,#1265,.T.);
#3658=EDGE_CURVE('',#2938,#2936,#1266,.T.);
#3659=EDGE_CURVE('',#2939,#2940,#1267,.T.);
#3660=EDGE_CURVE('',#2939,#2941,#1268,.T.);
#3661=EDGE_CURVE('',#2941,#2942,#1269,.F.);
#3662=EDGE_CURVE('',#2943,#2942,#1270,.T.);
#3663=EDGE_CURVE('',#2943,#2944,#1271,.T.);
#3664=EDGE_CURVE('',#2944,#2940,#1272,.F.);
#3665=EDGE_CURVE('',#2943,#2945,#1273,.T.);
#3666=EDGE_CURVE('',#2945,#2946,#1274,.T.);
#3667=EDGE_CURVE('',#2944,#2946,#1275,.T.);
#3668=EDGE_CURVE('',#2687,#2947,#1276,.F.);
#3669=EDGE_CURVE('',#2947,#2948,#1277,.T.);
#3670=EDGE_CURVE('',#2948,#2688,#1278,.T.);
#3671=EDGE_CURVE('',#2948,#2949,#1279,.T.);
#3672=EDGE_CURVE('',#2942,#2949,#1280,.T.);
#3673=EDGE_CURVE('',#2941,#2937,#1281,.T.);
#3674=EDGE_CURVE('',#2950,#2951,#1282,.T.);
#3675=EDGE_CURVE('',#2951,#2686,#1283,.F.);
#3676=EDGE_CURVE('',#2685,#2950,#1284,.T.);
#3677=EDGE_CURVE('',#2823,#2939,#1285,.T.);
#3678=EDGE_CURVE('',#2940,#2952,#1286,.F.);
#3679=EDGE_CURVE('',#2952,#2950,#1287,.T.);
#3680=EDGE_CURVE('',#2778,#2953,#1288,.T.);
#3681=EDGE_CURVE('',#2953,#2954,#1289,.T.);
#3682=EDGE_CURVE('',#2779,#2954,#1290,.T.);
#3683=EDGE_CURVE('',#2955,#2777,#1291,.T.);
#3684=EDGE_CURVE('',#2955,#2956,#1292,.T.);
#3685=EDGE_CURVE('',#2956,#2953,#1293,.T.);
#3686=EDGE_CURVE('',#2945,#2955,#1294,.T.);
#3687=EDGE_CURVE('',#2949,#2956,#1295,.T.);
#3688=EDGE_CURVE('',#2954,#2947,#1296,.T.);
#3689=EDGE_CURVE('',#2780,#2957,#1297,.T.);
#3690=EDGE_CURVE('',#2957,#2958,#1298,.T.);
#3691=EDGE_CURVE('',#2781,#2958,#1299,.T.);
#3692=EDGE_CURVE('',#2959,#2946,#1300,.T.);
#3693=EDGE_CURVE('',#2959,#2960,#1301,.T.);
#3694=EDGE_CURVE('',#2960,#2952,#1302,.T.);
#3695=EDGE_CURVE('',#2958,#2960,#1303,.T.);
#3696=EDGE_CURVE('',#2782,#2959,#1304,.T.);
#3697=EDGE_CURVE('',#2951,#2957,#1305,.T.);
#3698=EDGE_CURVE('',#2961,#2782,#1306,.T.);
#3699=EDGE_CURVE('',#2777,#2962,#1307,.T.);
#3700=EDGE_CURVE('',#2962,#2961,#1308,.T.);
#3701=EDGE_CURVE('',#2822,#2938,#1309,.T.);
#3702=EDGE_CURVE('',#2963,#2852,#1310,.T.);
#3703=EDGE_CURVE('',#2964,#2963,#1311,.T.);
#3704=EDGE_CURVE('',#2964,#2826,#1312,.T.);
#3705=EDGE_CURVE('',#2965,#2854,#1313,.T.);
#3706=EDGE_CURVE('',#2963,#2965,#1314,.T.);
#3707=EDGE_CURVE('',#2880,#2966,#1315,.T.);
#3708=EDGE_CURVE('',#2965,#2966,#1316,.T.);
#3709=EDGE_CURVE('',#2967,#2882,#1317,.T.);
#3710=EDGE_CURVE('',#2966,#2967,#1318,.T.);
#3711=EDGE_CURVE('',#2968,#2908,#1319,.T.);
#3712=EDGE_CURVE('',#2967,#2968,#1320,.T.);
#3713=EDGE_CURVE('',#2969,#2910,#1321,.T.);
#3714=EDGE_CURVE('',#2968,#2969,#1322,.T.);
#3715=EDGE_CURVE('',#2970,#2971,#117,.T.);
#3716=EDGE_CURVE('',#2971,#2789,#1323,.T.);
#3717=EDGE_CURVE('',#2788,#2970,#1324,.T.);
#3718=EDGE_CURVE('',#2970,#2972,#1325,.T.);
#3719=EDGE_CURVE('',#2973,#2972,#118,.T.);
#3720=EDGE_CURVE('',#2973,#2974,#1326,.T.);
#3721=EDGE_CURVE('',#2975,#2974,#119,.T.);
#3722=EDGE_CURVE('',#2975,#2976,#120,.T.);
#3723=EDGE_CURVE('',#2976,#2977,#121,.T.);
#3724=EDGE_CURVE('',#2978,#2977,#122,.T.);
#3725=EDGE_CURVE('',#2978,#2979,#1327,.T.);
#3726=EDGE_CURVE('',#2980,#2979,#123,.T.);
#3727=EDGE_CURVE('',#2980,#2981,#1328,.T.);
#3728=EDGE_CURVE('',#2982,#2981,#124,.T.);
#3729=EDGE_CURVE('',#2982,#2983,#1329,.T.);
#3730=EDGE_CURVE('',#2983,#2984,#1330,.T.);
#3731=EDGE_CURVE('',#2984,#2971,#1331,.T.);
#3732=EDGE_CURVE('',#2972,#2787,#1332,.T.);
#3733=EDGE_CURVE('',#2786,#2973,#1333,.T.);
#3734=EDGE_CURVE('',#2979,#2819,#1334,.T.);
#3735=EDGE_CURVE('',#2818,#2980,#1335,.T.);
#3736=EDGE_CURVE('',#2981,#2817,#1336,.T.);
#3737=EDGE_CURVE('',#2816,#2982,#1337,.T.);
#3738=EDGE_CURVE('',#2783,#2975,#1338,.T.);
#3739=EDGE_CURVE('',#2974,#2785,#1339,.T.);
#3740=EDGE_CURVE('',#2718,#2976,#1340,.T.);
#3741=EDGE_CURVE('',#2977,#2784,#1341,.T.);
#3742=EDGE_CURVE('',#2820,#2978,#1342,.T.);
#3743=EDGE_CURVE('',#2985,#2678,#125,.T.);
#3744=EDGE_CURVE('',#2815,#2985,#1343,.T.);
#3745=EDGE_CURVE('',#2985,#2986,#1344,.T.);
#3746=EDGE_CURVE('',#2987,#2986,#126,.T.);
#3747=EDGE_CURVE('',#2987,#2988,#1345,.T.);
#3748=EDGE_CURVE('',#2989,#2988,#127,.T.);
#3749=EDGE_CURVE('',#2989,#2990,#128,.T.);
#3750=EDGE_CURVE('',#2990,#2991,#129,.T.);
#3751=EDGE_CURVE('',#2992,#2991,#130,.T.);
#3752=EDGE_CURVE('',#2992,#2993,#1346,.T.);
#3753=EDGE_CURVE('',#2994,#2993,#131,.T.);
#3754=EDGE_CURVE('',#2994,#2995,#1347,.T.);
#3755=EDGE_CURVE('',#2673,#2995,#132,.T.);
#3756=EDGE_CURVE('',#2986,#2814,#1348,.T.);
#3757=EDGE_CURVE('',#2813,#2987,#1349,.T.);
#3758=EDGE_CURVE('',#2993,#2808,#1350,.T.);
#3759=EDGE_CURVE('',#2807,#2994,#1351,.T.);
#3760=EDGE_CURVE('',#2995,#2806,#1352,.T.);
#3761=EDGE_CURVE('',#2811,#2989,#1353,.T.);
#3762=EDGE_CURVE('',#2988,#2812,#1354,.T.);
#3763=EDGE_CURVE('',#2719,#2990,#1355,.T.);
#3764=EDGE_CURVE('',#2991,#2810,#1356,.T.);
#3765=EDGE_CURVE('',#2809,#2992,#1357,.T.);
#3766=EDGE_CURVE('',#2792,#2645,#1358,.T.);
#3767=EDGE_CURVE('',#2643,#2791,#1359,.T.);
#3768=EDGE_CURVE('',#2983,#2637,#1360,.T.);
#3769=EDGE_CURVE('',#2984,#2639,#1361,.T.);
#3770=EDGE_CURVE('',#2790,#2641,#1362,.T.);
#3771=EDGE_CURVE('',#2996,#2997,#133,.T.);
#3772=EDGE_CURVE('',#2997,#2805,#1363,.T.);
#3773=EDGE_CURVE('',#2804,#2996,#1364,.T.);
#3774=EDGE_CURVE('',#2996,#2998,#1365,.T.);
#3775=EDGE_CURVE('',#2999,#2998,#134,.T.);
#3776=EDGE_CURVE('',#2999,#3000,#1366,.T.);
#3777=EDGE_CURVE('',#3001,#3000,#135,.T.);
#3778=EDGE_CURVE('',#3001,#3002,#136,.T.);
#3779=EDGE_CURVE('',#3002,#3003,#137,.T.);
#3780=EDGE_CURVE('',#3004,#3003,#138,.T.);
#3781=EDGE_CURVE('',#3004,#3005,#1367,.T.);
#3782=EDGE_CURVE('',#3006,#3005,#139,.T.);
#3783=EDGE_CURVE('',#3006,#3007,#1368,.T.);
#3784=EDGE_CURVE('',#3008,#3007,#140,.T.);
#3785=EDGE_CURVE('',#3008,#3009,#1369,.T.);
#3786=EDGE_CURVE('',#3009,#3010,#1370,.T.);
#3787=EDGE_CURVE('',#3010,#2997,#1371,.T.);
#3788=EDGE_CURVE('',#2998,#2803,#1372,.T.);
#3789=EDGE_CURVE('',#2802,#2999,#1373,.T.);
#3790=EDGE_CURVE('',#3005,#2797,#1374,.T.);
#3791=EDGE_CURVE('',#2796,#3006,#1375,.T.);
#3792=EDGE_CURVE('',#3007,#2795,#1376,.T.);
#3793=EDGE_CURVE('',#2794,#3008,#1377,.T.);
#3794=EDGE_CURVE('',#2800,#3001,#1378,.T.);
#3795=EDGE_CURVE('',#3000,#2801,#1379,.T.);
#3796=EDGE_CURVE('',#2720,#3002,#1380,.T.);
#3797=EDGE_CURVE('',#3003,#2799,#1381,.T.);
#3798=EDGE_CURVE('',#2798,#3004,#1382,.T.);
#3799=EDGE_CURVE('',#3009,#2649,#1383,.T.);
#3800=EDGE_CURVE('',#2647,#2793,#1384,.T.);
#3801=EDGE_CURVE('',#3010,#2651,#1385,.T.);
#3802=EDGE_CURVE('',#2879,#3011,#1386,.T.);
#3803=EDGE_CURVE('',#3012,#3011,#1387,.T.);
#3804=EDGE_CURVE('',#2906,#3012,#1388,.T.);
#3805=EDGE_CURVE('',#3013,#3012,#1389,.T.);
#3806=EDGE_CURVE('',#2907,#3013,#1390,.T.);
#3807=EDGE_CURVE('',#3014,#3013,#1391,.T.);
#3808=EDGE_CURVE('',#2934,#3014,#1392,.T.);
#3809=EDGE_CURVE('',#3015,#3014,#1393,.T.);
#3810=EDGE_CURVE('',#2935,#3015,#1394,.T.);
#3811=EDGE_CURVE('',#3016,#3015,#1395,.T.);
#3812=EDGE_CURVE('',#2962,#3016,#1396,.T.);
#3813=EDGE_CURVE('',#3017,#3016,#1397,.T.);
#3814=EDGE_CURVE('',#2961,#3017,#1398,.T.);
#3815=EDGE_CURVE('',#3018,#3017,#1399,.T.);
#3816=EDGE_CURVE('',#2751,#3018,#1400,.T.);
#3817=EDGE_CURVE('',#3019,#3018,#1401,.T.);
#3818=EDGE_CURVE('',#2752,#3019,#1402,.T.);
#3819=EDGE_CURVE('',#3020,#3019,#1403,.T.);
#3820=EDGE_CURVE('',#2850,#3020,#1404,.T.);
#3821=EDGE_CURVE('',#3021,#3020,#1405,.T.);
#3822=EDGE_CURVE('',#2851,#3021,#1406,.T.);
#3823=EDGE_CURVE('',#3022,#3021,#1407,.T.);
#3824=EDGE_CURVE('',#2878,#3022,#1408,.T.);
#3825=EDGE_CURVE('',#3011,#3022,#1409,.T.);
#3826=EDGE_CURVE('',#3023,#2964,#1410,.T.);
#3827=EDGE_CURVE('',#3023,#2824,#1411,.T.);
#3828=EDGE_CURVE('',#3024,#3023,#1412,.T.);
#3829=EDGE_CURVE('',#3024,#2821,#1413,.T.);
#3830=EDGE_CURVE('',#3025,#3024,#1414,.T.);
#3831=EDGE_CURVE('',#3025,#2822,#1415,.T.);
#3832=EDGE_CURVE('',#3026,#3025,#1416,.T.);
#3833=EDGE_CURVE('',#3026,#2938,#1417,.T.);
#3834=EDGE_CURVE('',#3027,#3026,#1418,.T.);
#3835=EDGE_CURVE('',#3027,#2936,#1419,.T.);
#3836=EDGE_CURVE('',#2969,#3027,#1420,.T.);
#3837=EDGE_CURVE('',#3028,#3029,#1421,.T.);
#3838=EDGE_CURVE('',#3029,#3030,#1422,.T.);
#3839=EDGE_CURVE('',#3030,#3031,#1423,.T.);
#3840=EDGE_CURVE('',#3031,#3028,#1424,.T.);
#3841=EDGE_CURVE('',#3032,#3033,#1425,.T.);
#3842=EDGE_CURVE('',#3033,#3034,#1426,.T.);
#3843=EDGE_CURVE('',#3034,#3035,#1427,.T.);
#3844=EDGE_CURVE('',#3035,#3032,#1428,.T.);
#3845=EDGE_CURVE('',#3036,#3037,#1429,.T.);
#3846=EDGE_CURVE('',#3037,#3038,#1430,.T.);
#3847=EDGE_CURVE('',#3038,#3039,#1431,.T.);
#3848=EDGE_CURVE('',#3039,#3036,#1432,.T.);
#3849=EDGE_CURVE('',#3040,#3041,#1433,.T.);
#3850=EDGE_CURVE('',#3041,#3042,#1434,.T.);
#3851=EDGE_CURVE('',#3042,#3043,#1435,.T.);
#3852=EDGE_CURVE('',#3043,#3040,#1436,.T.);
#3853=EDGE_CURVE('',#3044,#3045,#1437,.T.);
#3854=EDGE_CURVE('',#3045,#3046,#1438,.T.);
#3855=EDGE_CURVE('',#3046,#3047,#1439,.T.);
#3856=EDGE_CURVE('',#3047,#3044,#1440,.T.);
#3857=EDGE_CURVE('',#3048,#3049,#1441,.T.);
#3858=EDGE_CURVE('',#3049,#3050,#1442,.T.);
#3859=EDGE_CURVE('',#3050,#3051,#1443,.T.);
#3860=EDGE_CURVE('',#3051,#3048,#1444,.T.);
#3861=EDGE_CURVE('',#3045,#3050,#1445,.T.);
#3862=EDGE_CURVE('',#3049,#3046,#1446,.T.);
#3863=EDGE_CURVE('',#3041,#3048,#1447,.T.);
#3864=EDGE_CURVE('',#3051,#3042,#1448,.T.);
#3865=EDGE_CURVE('',#3037,#3044,#1449,.T.);
#3866=EDGE_CURVE('',#3047,#3038,#1450,.T.);
#3867=EDGE_CURVE('',#3033,#3040,#1451,.T.);
#3868=EDGE_CURVE('',#3043,#3034,#1452,.T.);
#3869=EDGE_CURVE('',#3031,#3036,#1453,.T.);
#3870=EDGE_CURVE('',#3039,#3028,#1454,.T.);
#3871=EDGE_CURVE('',#3029,#3032,#1455,.T.);
#3872=EDGE_CURVE('',#3035,#3030,#1456,.T.);
#3873=EDGE_CURVE('',#3052,#3039,#1457,.T.);
#3874=EDGE_CURVE('',#3053,#3052,#1458,.T.);
#3875=EDGE_CURVE('',#3028,#3053,#1459,.T.);
#3876=EDGE_CURVE('',#3038,#3054,#1460,.T.);
#3877=EDGE_CURVE('',#3052,#3054,#1461,.T.);
#3878=EDGE_CURVE('',#3055,#3047,#1462,.T.);
#3879=EDGE_CURVE('',#3054,#3055,#1463,.T.);
#3880=EDGE_CURVE('',#3046,#3056,#1464,.T.);
#3881=EDGE_CURVE('',#3055,#3056,#1465,.T.);
#3882=EDGE_CURVE('',#3057,#3049,#1466,.T.);
#3883=EDGE_CURVE('',#3056,#3057,#1467,.T.);
#3884=EDGE_CURVE('',#3048,#3058,#1468,.T.);
#3885=EDGE_CURVE('',#3057,#3058,#1469,.T.);
#3886=EDGE_CURVE('',#3059,#3060,#1470,.T.);
#3887=EDGE_CURVE('',#3061,#3059,#1471,.T.);
#3888=EDGE_CURVE('',#3062,#3061,#1472,.T.);
#3889=EDGE_CURVE('',#3063,#3062,#1473,.T.);
#3890=EDGE_CURVE('',#3064,#3063,#1474,.T.);
#3891=EDGE_CURVE('',#3065,#3064,#1475,.T.);
#3892=EDGE_CURVE('',#3066,#3065,#1476,.T.);
#3893=EDGE_CURVE('',#3067,#3066,#1477,.T.);
#3894=EDGE_CURVE('',#3068,#3067,#1478,.T.);
#3895=EDGE_CURVE('',#3069,#3068,#1479,.T.);
#3896=EDGE_CURVE('',#3070,#3069,#1480,.T.);
#3897=EDGE_CURVE('',#3071,#3070,#1481,.T.);
#3898=EDGE_CURVE('',#3072,#3071,#1482,.T.);
#3899=EDGE_CURVE('',#3073,#3072,#1483,.T.);
#3900=EDGE_CURVE('',#3074,#3073,#1484,.T.);
#3901=EDGE_CURVE('',#3075,#3074,#1485,.T.);
#3902=EDGE_CURVE('',#3076,#3075,#1486,.T.);
#3903=EDGE_CURVE('',#3077,#3076,#1487,.T.);
#3904=EDGE_CURVE('',#3078,#3077,#1488,.T.);
#3905=EDGE_CURVE('',#3079,#3078,#1489,.T.);
#3906=EDGE_CURVE('',#3080,#3079,#1490,.T.);
#3907=EDGE_CURVE('',#3081,#3080,#1491,.T.);
#3908=EDGE_CURVE('',#3082,#3081,#1492,.T.);
#3909=EDGE_CURVE('',#3060,#3082,#1493,.T.);
#3910=EDGE_CURVE('',#3083,#3084,#1494,.T.);
#3911=EDGE_CURVE('',#3084,#3076,#1495,.T.);
#3912=EDGE_CURVE('',#3083,#3075,#1496,.T.);
#3913=EDGE_CURVE('',#3084,#3085,#1497,.T.);
#3914=EDGE_CURVE('',#3085,#3077,#1498,.T.);
#3915=EDGE_CURVE('',#3085,#3086,#1499,.T.);
#3916=EDGE_CURVE('',#3086,#3078,#1500,.T.);
#3917=EDGE_CURVE('',#3087,#3088,#1501,.T.);
#3918=EDGE_CURVE('',#3088,#3080,#1502,.T.);
#3919=EDGE_CURVE('',#3079,#3087,#1503,.T.);
#3920=EDGE_CURVE('',#3088,#3089,#1504,.T.);
#3921=EDGE_CURVE('',#3089,#3081,#1505,.T.);
#3922=EDGE_CURVE('',#3089,#3090,#1506,.T.);
#3923=EDGE_CURVE('',#3090,#3082,#1507,.T.);
#3924=EDGE_CURVE('',#3091,#3092,#1508,.T.);
#3925=EDGE_CURVE('',#3092,#3059,#1509,.T.);
#3926=EDGE_CURVE('',#3060,#3091,#1510,.T.);
#3927=EDGE_CURVE('',#3092,#3093,#1511,.T.);
#3928=EDGE_CURVE('',#3093,#3061,#1512,.T.);
#3929=EDGE_CURVE('',#3093,#3094,#1513,.T.);
#3930=EDGE_CURVE('',#3094,#3062,#1514,.T.);
#3931=EDGE_CURVE('',#3094,#3095,#1515,.T.);
#3932=EDGE_CURVE('',#3095,#3063,#1516,.T.);
#3933=EDGE_CURVE('',#3095,#3096,#1517,.T.);
#3934=EDGE_CURVE('',#3096,#3064,#1518,.T.);
#3935=EDGE_CURVE('',#3096,#3097,#1519,.T.);
#3936=EDGE_CURVE('',#3097,#3065,#1520,.T.);
#3937=EDGE_CURVE('',#3097,#3098,#1521,.T.);
#3938=EDGE_CURVE('',#3098,#3066,#1522,.T.);
#3939=EDGE_CURVE('',#3090,#3091,#1523,.T.);
#3940=EDGE_CURVE('',#3098,#3099,#1524,.T.);
#3941=EDGE_CURVE('',#3099,#3067,#1525,.T.);
#3942=EDGE_CURVE('',#3099,#3100,#1526,.T.);
#3943=EDGE_CURVE('',#3100,#3068,#1527,.T.);
#3944=EDGE_CURVE('',#3100,#3101,#1528,.T.);
#3945=EDGE_CURVE('',#3101,#3069,#1529,.T.);
#3946=EDGE_CURVE('',#3101,#3102,#1530,.T.);
#3947=EDGE_CURVE('',#3102,#3070,#1531,.T.);
#3948=EDGE_CURVE('',#3086,#3087,#1532,.T.);
#3949=EDGE_CURVE('',#3102,#3103,#1533,.T.);
#3950=EDGE_CURVE('',#3103,#3071,#1534,.T.);
#3951=EDGE_CURVE('',#3103,#3104,#1535,.T.);
#3952=EDGE_CURVE('',#3104,#3072,#1536,.T.);
#3953=EDGE_CURVE('',#3104,#3105,#1537,.T.);
#3954=EDGE_CURVE('',#3105,#3073,#1538,.T.);
#3955=EDGE_CURVE('',#3105,#3106,#1539,.T.);
#3956=EDGE_CURVE('',#3106,#3074,#1540,.T.);
#3957=EDGE_CURVE('',#3106,#3083,#1541,.T.);
#3958=EDGE_CURVE('',#3107,#3102,#1542,.T.);
#3959=EDGE_CURVE('',#3108,#3107,#1543,.T.);
#3960=EDGE_CURVE('',#3103,#3108,#1544,.T.);
#3961=EDGE_CURVE('',#3109,#3101,#1545,.T.);
#3962=EDGE_CURVE('',#3107,#3109,#1546,.T.);
#3963=EDGE_CURVE('',#3110,#3100,#1547,.T.);
#3964=EDGE_CURVE('',#3109,#3110,#1548,.T.);
#3965=EDGE_CURVE('',#3099,#3111,#1549,.T.);
#3966=EDGE_CURVE('',#3110,#3111,#1550,.T.);
#3967=EDGE_CURVE('',#3112,#3098,#1551,.T.);
#3968=EDGE_CURVE('',#3111,#3112,#1552,.T.);
#3969=EDGE_CURVE('',#3113,#3097,#1553,.T.);
#3970=EDGE_CURVE('',#3112,#3113,#1554,.T.);
#3971=EDGE_CURVE('',#3114,#3096,#1555,.T.);
#3972=EDGE_CURVE('',#3113,#3114,#1556,.T.);
#3973=EDGE_CURVE('',#3095,#3115,#1557,.T.);
#3974=EDGE_CURVE('',#3114,#3115,#1558,.T.);
#3975=EDGE_CURVE('',#3116,#3094,#1559,.T.);
#3976=EDGE_CURVE('',#3115,#3116,#1560,.T.);
#3977=EDGE_CURVE('',#3117,#3093,#1561,.T.);
#3978=EDGE_CURVE('',#3116,#3117,#1562,.T.);
#3979=EDGE_CURVE('',#3118,#3092,#1563,.T.);
#3980=EDGE_CURVE('',#3117,#3118,#1564,.T.);
#3981=EDGE_CURVE('',#3091,#3119,#1565,.T.);
#3982=EDGE_CURVE('',#3118,#3119,#1566,.T.);
#3983=EDGE_CURVE('',#3120,#3121,#1567,.T.);
#3984=EDGE_CURVE('',#3121,#3122,#1568,.T.);
#3985=EDGE_CURVE('',#3122,#3123,#1569,.T.);
#3986=EDGE_CURVE('',#3120,#3123,#1570,.T.);
#3987=EDGE_CURVE('',#3121,#3124,#1571,.T.);
#3988=EDGE_CURVE('',#3124,#3125,#1572,.T.);
#3989=EDGE_CURVE('',#3125,#3122,#1573,.T.);
#3990=EDGE_CURVE('',#3124,#3126,#1574,.T.);
#3991=EDGE_CURVE('',#3126,#3127,#1575,.T.);
#3992=EDGE_CURVE('',#3127,#3125,#1576,.T.);
#3993=EDGE_CURVE('',#3126,#3128,#1577,.T.);
#3994=EDGE_CURVE('',#3128,#3129,#1578,.T.);
#3995=EDGE_CURVE('',#3129,#3127,#1579,.T.);
#3996=EDGE_CURVE('',#3128,#3130,#1580,.T.);
#3997=EDGE_CURVE('',#3130,#3131,#1581,.T.);
#3998=EDGE_CURVE('',#3131,#3129,#1582,.T.);
#3999=EDGE_CURVE('',#3130,#3132,#1583,.T.);
#4000=EDGE_CURVE('',#3132,#3133,#1584,.T.);
#4001=EDGE_CURVE('',#3133,#3131,#1585,.T.);
#4002=EDGE_CURVE('',#3132,#3134,#1586,.T.);
#4003=EDGE_CURVE('',#3134,#3135,#1587,.T.);
#4004=EDGE_CURVE('',#3135,#3133,#1588,.T.);
#4005=EDGE_CURVE('',#3134,#3136,#1589,.T.);
#4006=EDGE_CURVE('',#3136,#3137,#1590,.T.);
#4007=EDGE_CURVE('',#3137,#3135,#1591,.T.);
#4008=EDGE_CURVE('',#3136,#3138,#1592,.T.);
#4009=EDGE_CURVE('',#3138,#3119,#1593,.T.);
#4010=EDGE_CURVE('',#3119,#3137,#1594,.T.);
#4011=EDGE_CURVE('',#3138,#3139,#1595,.T.);
#4012=EDGE_CURVE('',#3139,#3118,#1596,.T.);
#4013=EDGE_CURVE('',#3139,#3140,#1597,.T.);
#4014=EDGE_CURVE('',#3140,#3117,#1598,.T.);
#4015=EDGE_CURVE('',#3140,#3141,#1599,.T.);
#4016=EDGE_CURVE('',#3141,#3116,#1600,.T.);
#4017=EDGE_CURVE('',#3141,#3142,#1601,.T.);
#4018=EDGE_CURVE('',#3142,#3115,#1602,.T.);
#4019=EDGE_CURVE('',#3142,#3143,#1603,.T.);
#4020=EDGE_CURVE('',#3143,#3114,#1604,.T.);
#4021=EDGE_CURVE('',#3143,#3144,#1605,.T.);
#4022=EDGE_CURVE('',#3144,#3113,#1606,.T.);
#4023=EDGE_CURVE('',#3144,#3145,#1607,.T.);
#4024=EDGE_CURVE('',#3145,#3112,#1608,.T.);
#4025=EDGE_CURVE('',#3145,#3146,#1609,.T.);
#4026=EDGE_CURVE('',#3146,#3111,#1610,.T.);
#4027=EDGE_CURVE('',#3146,#3147,#1611,.T.);
#4028=EDGE_CURVE('',#3147,#3110,#1612,.T.);
#4029=EDGE_CURVE('',#3147,#3148,#1613,.T.);
#4030=EDGE_CURVE('',#3148,#3109,#1614,.T.);
#4031=EDGE_CURVE('',#3148,#3149,#1615,.T.);
#4032=EDGE_CURVE('',#3149,#3107,#1616,.T.);
#4033=EDGE_CURVE('',#3149,#3150,#1617,.T.);
#4034=EDGE_CURVE('',#3150,#3108,#1618,.T.);
#4035=EDGE_CURVE('',#3151,#3108,#1619,.T.);
#4036=EDGE_CURVE('',#3150,#3152,#1620,.T.);
#4037=EDGE_CURVE('',#3152,#3151,#1621,.T.);
#4038=EDGE_CURVE('',#3153,#3151,#1622,.T.);
#4039=EDGE_CURVE('',#3152,#3154,#1623,.T.);
#4040=EDGE_CURVE('',#3154,#3153,#1624,.T.);
#4041=EDGE_CURVE('',#3123,#3153,#1625,.T.);
#4042=EDGE_CURVE('',#3154,#3120,#1626,.T.);
#4043=EDGE_CURVE('',#3151,#3104,#1627,.T.);
#4044=EDGE_CURVE('',#3153,#3105,#1628,.T.);
#4045=EDGE_CURVE('',#3123,#3106,#1629,.T.);
#4046=EDGE_CURVE('',#3083,#3122,#1630,.T.);
#4047=EDGE_CURVE('',#3155,#3156,#1631,.T.);
#4048=EDGE_CURVE('',#3157,#3155,#1632,.T.);
#4049=EDGE_CURVE('',#3158,#3157,#1633,.T.);
#4050=EDGE_CURVE('',#3159,#3158,#1634,.T.);
#4051=EDGE_CURVE('',#3160,#3159,#1635,.T.);
#4052=EDGE_CURVE('',#3161,#3160,#1636,.T.);
#4053=EDGE_CURVE('',#3162,#3161,#1637,.T.);
#4054=EDGE_CURVE('',#3163,#3162,#1638,.T.);
#4055=EDGE_CURVE('',#3164,#3163,#1639,.T.);
#4056=EDGE_CURVE('',#3165,#3164,#1640,.T.);
#4057=EDGE_CURVE('',#3166,#3165,#1641,.T.);
#4058=EDGE_CURVE('',#3156,#3166,#1642,.T.);
#4059=EDGE_CURVE('',#3156,#3052,#1643,.T.);
#4060=EDGE_CURVE('',#3155,#3054,#1644,.T.);
#4061=EDGE_CURVE('',#3166,#3053,#1645,.T.);
#4062=EDGE_CURVE('',#3165,#3167,#1646,.T.);
#4063=EDGE_CURVE('',#3167,#3053,#1647,.T.);
#4064=EDGE_CURVE('',#3164,#3168,#1648,.T.);
#4065=EDGE_CURVE('',#3168,#3167,#1649,.T.);
#4066=EDGE_CURVE('',#3163,#3169,#1650,.T.);
#4067=EDGE_CURVE('',#3169,#3168,#1651,.T.);
#4068=EDGE_CURVE('',#3162,#3170,#1652,.T.);
#4069=EDGE_CURVE('',#3170,#3169,#1653,.T.);
#4070=EDGE_CURVE('',#3161,#3171,#1654,.T.);
#4071=EDGE_CURVE('',#3171,#3170,#1655,.T.);
#4072=EDGE_CURVE('',#3058,#3171,#1656,.T.);
#4073=EDGE_CURVE('',#3160,#3058,#1657,.T.);
#4074=EDGE_CURVE('',#3159,#3057,#1658,.T.);
#4075=EDGE_CURVE('',#3158,#3056,#1659,.T.);
#4076=EDGE_CURVE('',#3157,#3055,#1660,.T.);
#4077=EDGE_CURVE('',#3171,#3041,#1661,.T.);
#4078=EDGE_CURVE('',#3125,#3084,#1662,.T.);
#4079=EDGE_CURVE('',#3127,#3085,#1663,.T.);
#4080=EDGE_CURVE('',#3129,#3086,#1664,.T.);
#4081=EDGE_CURVE('',#3087,#3131,#1665,.T.);
#4082=EDGE_CURVE('',#3133,#3088,#1666,.T.);
#4083=EDGE_CURVE('',#3135,#3089,#1667,.T.);
#4084=EDGE_CURVE('',#3137,#3090,#1668,.T.);
#4085=EDGE_CURVE('',#3169,#3033,#1669,.T.);
#4086=EDGE_CURVE('',#3040,#3170,#1670,.T.);
#4087=EDGE_CURVE('',#3167,#3029,#1671,.T.);
#4088=EDGE_CURVE('',#3032,#3168,#1672,.T.);
#4089=EDGE_CURVE('',#3172,#3173,#1673,.T.);
#4090=EDGE_CURVE('',#3173,#3174,#1674,.T.);
#4091=EDGE_CURVE('',#3174,#3175,#1675,.T.);
#4092=EDGE_CURVE('',#3172,#3175,#1676,.T.);
#4093=EDGE_CURVE('',#3176,#3177,#1677,.T.);
#4094=EDGE_CURVE('',#3177,#3178,#1678,.T.);
#4095=EDGE_CURVE('',#3178,#3179,#1679,.T.);
#4096=EDGE_CURVE('',#3179,#3176,#1680,.T.);
#4097=EDGE_CURVE('',#3180,#3178,#1681,.T.);
#4098=EDGE_CURVE('',#3177,#3181,#1682,.T.);
#4099=EDGE_CURVE('',#3181,#3180,#1683,.T.);
#4100=EDGE_CURVE('',#3173,#3176,#1684,.T.);
#4101=EDGE_CURVE('',#3179,#3174,#1685,.T.);
#4102=EDGE_CURVE('',#3182,#3180,#1686,.T.);
#4103=EDGE_CURVE('',#3181,#3183,#1687,.T.);
#4104=EDGE_CURVE('',#3183,#3182,#1688,.T.);
#4105=EDGE_CURVE('',#3175,#3182,#1689,.T.);
#4106=EDGE_CURVE('',#3183,#3172,#1690,.T.);
#4107=EDGE_CURVE('',#3181,#3184,#1691,.T.);
#4108=EDGE_CURVE('',#3185,#3184,#1692,.F.);
#4109=EDGE_CURVE('',#3183,#3185,#1693,.F.);
#4110=EDGE_CURVE('',#3177,#3186,#1694,.T.);
#4111=EDGE_CURVE('',#3187,#3186,#1695,.T.);
#4112=EDGE_CURVE('',#3187,#3188,#1696,.T.);
#4113=EDGE_CURVE('',#3189,#3188,#1697,.F.);
#4114=EDGE_CURVE('',#3190,#3189,#1698,.F.);
#4115=EDGE_CURVE('',#3184,#3190,#1699,.T.);
#4116=EDGE_CURVE('',#3176,#3191,#1700,.F.);
#4117=EDGE_CURVE('',#3186,#3191,#1701,.F.);
#4118=EDGE_CURVE('',#3192,#3193,#141,.T.);
#4119=EDGE_CURVE('',#3192,#3194,#1702,.T.);
#4120=EDGE_CURVE('',#3194,#3195,#142,.T.);
#4121=EDGE_CURVE('',#3195,#3193,#1703,.T.);
#4122=EDGE_CURVE('',#3196,#3195,#1704,.F.);
#4123=EDGE_CURVE('',#3197,#3196,#1705,.T.);
#4124=EDGE_CURVE('',#3193,#3197,#1706,.T.);
#4125=EDGE_CURVE('',#3198,#3199,#143,.T.);
#4126=EDGE_CURVE('',#3198,#3200,#1707,.T.);
#4127=EDGE_CURVE('',#3200,#3201,#144,.T.);
#4128=EDGE_CURVE('',#3201,#3199,#1708,.T.);
#4129=EDGE_CURVE('',#3199,#3192,#1709,.T.);
#4130=EDGE_CURVE('',#3194,#3201,#1710,.F.);
#4131=EDGE_CURVE('',#3202,#3203,#145,.T.);
#4132=EDGE_CURVE('',#3202,#3204,#1711,.T.);
#4133=EDGE_CURVE('',#3204,#3205,#146,.T.);
#4134=EDGE_CURVE('',#3205,#3203,#1712,.T.);
#4135=EDGE_CURVE('',#3203,#3198,#1713,.T.);
#4136=EDGE_CURVE('',#3200,#3205,#1714,.F.);
#4137=EDGE_CURVE('',#3197,#3206,#147,.T.);
#4138=EDGE_CURVE('',#3196,#3207,#148,.T.);
#4139=EDGE_CURVE('',#3207,#3206,#1715,.T.);
#4140=EDGE_CURVE('',#3206,#3202,#1716,.T.);
#4141=EDGE_CURVE('',#3204,#3207,#1717,.F.);
#4142=EDGE_CURVE('',#3190,#3208,#1718,.T.);
#4143=EDGE_CURVE('',#3208,#3209,#1719,.T.);
#4144=EDGE_CURVE('',#3209,#3210,#1720,.T.);
#4145=EDGE_CURVE('',#3210,#3211,#1721,.T.);
#4146=EDGE_CURVE('',#3211,#3185,#1722,.F.);
#4147=EDGE_CURVE('',#3191,#3212,#1723,.F.);
#4148=EDGE_CURVE('',#3212,#3213,#1724,.T.);
#4149=EDGE_CURVE('',#3213,#3214,#1725,.T.);
#4150=EDGE_CURVE('',#3214,#3215,#1726,.T.);
#4151=EDGE_CURVE('',#3215,#3187,#1727,.T.);
#4152=EDGE_CURVE('',#3215,#3216,#1728,.F.);
#4153=EDGE_CURVE('',#3188,#3216,#1729,.F.);
#4154=EDGE_CURVE('',#3217,#3189,#1730,.F.);
#4155=EDGE_CURVE('',#3208,#3217,#1731,.T.);
#4156=EDGE_CURVE('',#3218,#3217,#1732,.F.);
#4157=EDGE_CURVE('',#3209,#3218,#1733,.T.);
#4158=EDGE_CURVE('',#3219,#3218,#1734,.F.);
#4159=EDGE_CURVE('',#3210,#3219,#1735,.F.);
#4160=EDGE_CURVE('',#3213,#3220,#1736,.T.);
#4161=EDGE_CURVE('',#3221,#3220,#1737,.F.);
#4162=EDGE_CURVE('',#3214,#3221,#1738,.F.);
#4163=EDGE_CURVE('',#3216,#3221,#1739,.F.);
#4164=EDGE_CURVE('',#3220,#3219,#1740,.F.);
#4165=EDGE_CURVE('',#3172,#3211,#1741,.F.);
#4166=EDGE_CURVE('',#3173,#3212,#1742,.F.);
#4167=ORIENTED_EDGE('',*,*,#3222,.T.);
#4168=ORIENTED_EDGE('',*,*,#3223,.T.);
#4169=ORIENTED_EDGE('',*,*,#3224,.T.);
#4170=ORIENTED_EDGE('',*,*,#3225,.F.);
#4171=ORIENTED_EDGE('',*,*,#3226,.T.);
#4172=ORIENTED_EDGE('',*,*,#3227,.T.);
#4173=ORIENTED_EDGE('',*,*,#3228,.T.);
#4174=ORIENTED_EDGE('',*,*,#3223,.F.);
#4175=ORIENTED_EDGE('',*,*,#3229,.T.);
#4176=ORIENTED_EDGE('',*,*,#3230,.T.);
#4177=ORIENTED_EDGE('',*,*,#3231,.T.);
#4178=ORIENTED_EDGE('',*,*,#3227,.F.);
#4179=ORIENTED_EDGE('',*,*,#3232,.T.);
#4180=ORIENTED_EDGE('',*,*,#3233,.T.);
#4181=ORIENTED_EDGE('',*,*,#3234,.T.);
#4182=ORIENTED_EDGE('',*,*,#3230,.F.);
#4183=ORIENTED_EDGE('',*,*,#3235,.T.);
#4184=ORIENTED_EDGE('',*,*,#3236,.T.);
#4185=ORIENTED_EDGE('',*,*,#3237,.T.);
#4186=ORIENTED_EDGE('',*,*,#3233,.F.);
#4187=ORIENTED_EDGE('',*,*,#3238,.T.);
#4188=ORIENTED_EDGE('',*,*,#3239,.T.);
#4189=ORIENTED_EDGE('',*,*,#3240,.T.);
#4190=ORIENTED_EDGE('',*,*,#3236,.F.);
#4191=ORIENTED_EDGE('',*,*,#3241,.T.);
#4192=ORIENTED_EDGE('',*,*,#3242,.T.);
#4193=ORIENTED_EDGE('',*,*,#3243,.T.);
#4194=ORIENTED_EDGE('',*,*,#3239,.F.);
#4195=ORIENTED_EDGE('',*,*,#3244,.T.);
#4196=ORIENTED_EDGE('',*,*,#3245,.T.);
#4197=ORIENTED_EDGE('',*,*,#3246,.T.);
#4198=ORIENTED_EDGE('',*,*,#3242,.F.);
#4199=ORIENTED_EDGE('',*,*,#3247,.T.);
#4200=ORIENTED_EDGE('',*,*,#3248,.T.);
#4201=ORIENTED_EDGE('',*,*,#3249,.T.);
#4202=ORIENTED_EDGE('',*,*,#3245,.F.);
#4203=ORIENTED_EDGE('',*,*,#3250,.T.);
#4204=ORIENTED_EDGE('',*,*,#3251,.T.);
#4205=ORIENTED_EDGE('',*,*,#3252,.T.);
#4206=ORIENTED_EDGE('',*,*,#3248,.F.);
#4207=ORIENTED_EDGE('',*,*,#3253,.T.);
#4208=ORIENTED_EDGE('',*,*,#3251,.F.);
#4209=ORIENTED_EDGE('',*,*,#3254,.T.);
#4210=ORIENTED_EDGE('',*,*,#3255,.T.);
#4211=ORIENTED_EDGE('',*,*,#3256,.T.);
#4212=ORIENTED_EDGE('',*,*,#3255,.F.);
#4213=ORIENTED_EDGE('',*,*,#3257,.T.);
#4214=ORIENTED_EDGE('',*,*,#3258,.T.);
#4215=ORIENTED_EDGE('',*,*,#3259,.T.);
#4216=ORIENTED_EDGE('',*,*,#3258,.F.);
#4217=ORIENTED_EDGE('',*,*,#3260,.T.);
#4218=ORIENTED_EDGE('',*,*,#3261,.T.);
#4219=ORIENTED_EDGE('',*,*,#3262,.T.);
#4220=ORIENTED_EDGE('',*,*,#3261,.F.);
#4221=ORIENTED_EDGE('',*,*,#3263,.T.);
#4222=ORIENTED_EDGE('',*,*,#3264,.T.);
#4223=ORIENTED_EDGE('',*,*,#3265,.T.);
#4224=ORIENTED_EDGE('',*,*,#3264,.F.);
#4225=ORIENTED_EDGE('',*,*,#3266,.T.);
#4226=ORIENTED_EDGE('',*,*,#3267,.T.);
#4227=ORIENTED_EDGE('',*,*,#3268,.T.);
#4228=ORIENTED_EDGE('',*,*,#3267,.F.);
#4229=ORIENTED_EDGE('',*,*,#3269,.T.);
#4230=ORIENTED_EDGE('',*,*,#3270,.T.);
#4231=ORIENTED_EDGE('',*,*,#3271,.T.);
#4232=ORIENTED_EDGE('',*,*,#3270,.F.);
#4233=ORIENTED_EDGE('',*,*,#3272,.T.);
#4234=ORIENTED_EDGE('',*,*,#3273,.T.);
#4235=ORIENTED_EDGE('',*,*,#3274,.T.);
#4236=ORIENTED_EDGE('',*,*,#3273,.F.);
#4237=ORIENTED_EDGE('',*,*,#3275,.T.);
#4238=ORIENTED_EDGE('',*,*,#3225,.T.);
#4239=ORIENTED_EDGE('',*,*,#3253,.F.);
#4240=ORIENTED_EDGE('',*,*,#3276,.T.);
#4241=ORIENTED_EDGE('',*,*,#3277,.T.);
#4242=ORIENTED_EDGE('',*,*,#3278,.T.);
#4243=ORIENTED_EDGE('',*,*,#3256,.F.);
#4244=ORIENTED_EDGE('',*,*,#3279,.F.);
#4245=ORIENTED_EDGE('',*,*,#3280,.F.);
#4246=ORIENTED_EDGE('',*,*,#3276,.F.);
#4247=ORIENTED_EDGE('',*,*,#3259,.F.);
#4248=ORIENTED_EDGE('',*,*,#3281,.T.);
#4249=ORIENTED_EDGE('',*,*,#3282,.T.);
#4250=ORIENTED_EDGE('',*,*,#3279,.T.);
#4251=ORIENTED_EDGE('',*,*,#3262,.F.);
#4252=ORIENTED_EDGE('',*,*,#3283,.F.);
#4253=ORIENTED_EDGE('',*,*,#3284,.F.);
#4254=ORIENTED_EDGE('',*,*,#3285,.F.);
#4255=ORIENTED_EDGE('',*,*,#3286,.F.);
#4256=ORIENTED_EDGE('',*,*,#3281,.F.);
#4257=ORIENTED_EDGE('',*,*,#3265,.F.);
#4258=ORIENTED_EDGE('',*,*,#3287,.F.);
#4259=ORIENTED_EDGE('',*,*,#3288,.F.);
#4260=ORIENTED_EDGE('',*,*,#3283,.T.);
#4261=ORIENTED_EDGE('',*,*,#3268,.F.);
#4262=ORIENTED_EDGE('',*,*,#3289,.F.);
#4263=ORIENTED_EDGE('',*,*,#3290,.F.);
#4264=ORIENTED_EDGE('',*,*,#3291,.F.);
#4265=ORIENTED_EDGE('',*,*,#3292,.F.);
#4266=ORIENTED_EDGE('',*,*,#3287,.T.);
#4267=ORIENTED_EDGE('',*,*,#3271,.F.);
#4268=ORIENTED_EDGE('',*,*,#3293,.T.);
#4269=ORIENTED_EDGE('',*,*,#3294,.T.);
#4270=ORIENTED_EDGE('',*,*,#3289,.T.);
#4271=ORIENTED_EDGE('',*,*,#3274,.F.);
#4272=ORIENTED_EDGE('',*,*,#3295,.F.);
#4273=ORIENTED_EDGE('',*,*,#3296,.F.);
#4274=ORIENTED_EDGE('',*,*,#3293,.F.);
#4275=ORIENTED_EDGE('',*,*,#3224,.F.);
#4276=ORIENTED_EDGE('',*,*,#3297,.T.);
#4277=ORIENTED_EDGE('',*,*,#3298,.T.);
#4278=ORIENTED_EDGE('',*,*,#3295,.T.);
#4279=ORIENTED_EDGE('',*,*,#3299,.F.);
#4280=ORIENTED_EDGE('',*,*,#3300,.F.);
#4281=ORIENTED_EDGE('',*,*,#3301,.F.);
#4282=ORIENTED_EDGE('',*,*,#3302,.F.);
#4283=ORIENTED_EDGE('',*,*,#3303,.T.);
#4284=ORIENTED_EDGE('',*,*,#3304,.F.);
#4285=ORIENTED_EDGE('',*,*,#3305,.F.);
#4286=ORIENTED_EDGE('',*,*,#3306,.F.);
#4287=ORIENTED_EDGE('',*,*,#3307,.F.);
#4288=ORIENTED_EDGE('',*,*,#3308,.F.);
#4289=ORIENTED_EDGE('',*,*,#3309,.F.);
#4290=ORIENTED_EDGE('',*,*,#3310,.F.);
#4291=ORIENTED_EDGE('',*,*,#3311,.F.);
#4292=ORIENTED_EDGE('',*,*,#3312,.F.);
#4293=ORIENTED_EDGE('',*,*,#3313,.F.);
#4294=ORIENTED_EDGE('',*,*,#3314,.F.);
#4295=ORIENTED_EDGE('',*,*,#3315,.F.);
#4296=ORIENTED_EDGE('',*,*,#3316,.F.);
#4297=ORIENTED_EDGE('',*,*,#3317,.F.);
#4298=ORIENTED_EDGE('',*,*,#3318,.F.);
#4299=ORIENTED_EDGE('',*,*,#3319,.F.);
#4300=ORIENTED_EDGE('',*,*,#3320,.F.);
#4301=ORIENTED_EDGE('',*,*,#3321,.F.);
#4302=ORIENTED_EDGE('',*,*,#3322,.F.);
#4303=ORIENTED_EDGE('',*,*,#3323,.F.);
#4304=ORIENTED_EDGE('',*,*,#3324,.F.);
#4305=ORIENTED_EDGE('',*,*,#3325,.F.);
#4306=ORIENTED_EDGE('',*,*,#3326,.F.);
#4307=ORIENTED_EDGE('',*,*,#3327,.F.);
#4308=ORIENTED_EDGE('',*,*,#3328,.F.);
#4309=ORIENTED_EDGE('',*,*,#3329,.F.);
#4310=ORIENTED_EDGE('',*,*,#3330,.F.);
#4311=ORIENTED_EDGE('',*,*,#3331,.F.);
#4312=ORIENTED_EDGE('',*,*,#3332,.F.);
#4313=ORIENTED_EDGE('',*,*,#3333,.F.);
#4314=ORIENTED_EDGE('',*,*,#3334,.F.);
#4315=ORIENTED_EDGE('',*,*,#3335,.T.);
#4316=ORIENTED_EDGE('',*,*,#3336,.T.);
#4317=ORIENTED_EDGE('',*,*,#3337,.T.);
#4318=ORIENTED_EDGE('',*,*,#3222,.F.);
#4319=ORIENTED_EDGE('',*,*,#3275,.F.);
#4320=ORIENTED_EDGE('',*,*,#3272,.F.);
#4321=ORIENTED_EDGE('',*,*,#3269,.F.);
#4322=ORIENTED_EDGE('',*,*,#3266,.F.);
#4323=ORIENTED_EDGE('',*,*,#3263,.F.);
#4324=ORIENTED_EDGE('',*,*,#3260,.F.);
#4325=ORIENTED_EDGE('',*,*,#3257,.F.);
#4326=ORIENTED_EDGE('',*,*,#3254,.F.);
#4327=ORIENTED_EDGE('',*,*,#3250,.F.);
#4328=ORIENTED_EDGE('',*,*,#3247,.F.);
#4329=ORIENTED_EDGE('',*,*,#3244,.F.);
#4330=ORIENTED_EDGE('',*,*,#3241,.F.);
#4331=ORIENTED_EDGE('',*,*,#3238,.F.);
#4332=ORIENTED_EDGE('',*,*,#3235,.F.);
#4333=ORIENTED_EDGE('',*,*,#3232,.F.);
#4334=ORIENTED_EDGE('',*,*,#3229,.F.);
#4335=ORIENTED_EDGE('',*,*,#3226,.F.);
#4336=ORIENTED_EDGE('',*,*,#3333,.T.);
#4337=ORIENTED_EDGE('',*,*,#3338,.F.);
#4338=ORIENTED_EDGE('',*,*,#3339,.T.);
#4339=ORIENTED_EDGE('',*,*,#3340,.F.);
#4340=ORIENTED_EDGE('',*,*,#3341,.T.);
#4341=ORIENTED_EDGE('',*,*,#3342,.T.);
#4342=ORIENTED_EDGE('',*,*,#3343,.T.);
#4343=ORIENTED_EDGE('',*,*,#3344,.F.);
#4344=ORIENTED_EDGE('',*,*,#3345,.F.);
#4345=ORIENTED_EDGE('',*,*,#3346,.T.);
#4346=ORIENTED_EDGE('',*,*,#3347,.T.);
#4347=ORIENTED_EDGE('',*,*,#3348,.F.);
#4348=ORIENTED_EDGE('',*,*,#3349,.T.);
#4349=ORIENTED_EDGE('',*,*,#3350,.T.);
#4350=ORIENTED_EDGE('',*,*,#3349,.F.);
#4351=ORIENTED_EDGE('',*,*,#3351,.T.);
#4352=ORIENTED_EDGE('',*,*,#3352,.T.);
#4353=ORIENTED_EDGE('',*,*,#3353,.F.);
#4354=ORIENTED_EDGE('',*,*,#3334,.T.);
#4355=ORIENTED_EDGE('',*,*,#3344,.T.);
#4356=ORIENTED_EDGE('',*,*,#3354,.T.);
#4357=ORIENTED_EDGE('',*,*,#3355,.T.);
#4358=ORIENTED_EDGE('',*,*,#3356,.T.);
#4359=ORIENTED_EDGE('',*,*,#3357,.F.);
#4360=ORIENTED_EDGE('',*,*,#3347,.F.);
#4361=ORIENTED_EDGE('',*,*,#3358,.T.);
#4362=ORIENTED_EDGE('',*,*,#3359,.T.);
#4363=ORIENTED_EDGE('',*,*,#3299,.T.);
#4364=ORIENTED_EDGE('',*,*,#3355,.F.);
#4365=ORIENTED_EDGE('',*,*,#3360,.T.);
#4366=ORIENTED_EDGE('',*,*,#3338,.T.);
#4367=ORIENTED_EDGE('',*,*,#3332,.T.);
#4368=ORIENTED_EDGE('',*,*,#3361,.T.);
#4369=ORIENTED_EDGE('',*,*,#3331,.T.);
#4370=ORIENTED_EDGE('',*,*,#3362,.T.);
#4371=ORIENTED_EDGE('',*,*,#3363,.T.);
#4372=ORIENTED_EDGE('',*,*,#3345,.T.);
#4373=ORIENTED_EDGE('',*,*,#3364,.T.);
#4374=ORIENTED_EDGE('',*,*,#3365,.T.);
#4375=ORIENTED_EDGE('',*,*,#3361,.F.);
#4376=ORIENTED_EDGE('',*,*,#3366,.T.);
#4377=ORIENTED_EDGE('',*,*,#3367,.T.);
#4378=ORIENTED_EDGE('',*,*,#3368,.T.);
#4379=ORIENTED_EDGE('',*,*,#3342,.F.);
#4380=ORIENTED_EDGE('',*,*,#3369,.T.);
#4381=ORIENTED_EDGE('',*,*,#3367,.F.);
#4382=ORIENTED_EDGE('',*,*,#3370,.T.);
#4383=ORIENTED_EDGE('',*,*,#3371,.F.);
#4384=ORIENTED_EDGE('',*,*,#3372,.T.);
#4385=ORIENTED_EDGE('',*,*,#3373,.F.);
#4386=ORIENTED_EDGE('',*,*,#3351,.F.);
#4387=ORIENTED_EDGE('',*,*,#3348,.T.);
#4388=ORIENTED_EDGE('',*,*,#3357,.T.);
#4389=ORIENTED_EDGE('',*,*,#3374,.T.);
#4390=ORIENTED_EDGE('',*,*,#3372,.F.);
#4391=ORIENTED_EDGE('',*,*,#3374,.F.);
#4392=ORIENTED_EDGE('',*,*,#3356,.F.);
#4393=ORIENTED_EDGE('',*,*,#3354,.F.);
#4394=ORIENTED_EDGE('',*,*,#3343,.F.);
#4395=ORIENTED_EDGE('',*,*,#3368,.F.);
#4396=ORIENTED_EDGE('',*,*,#3369,.F.);
#4397=ORIENTED_EDGE('',*,*,#3375,.T.);
#4398=ORIENTED_EDGE('',*,*,#3340,.T.);
#4399=ORIENTED_EDGE('',*,*,#3376,.T.);
#4400=ORIENTED_EDGE('',*,*,#3377,.F.);
#4401=ORIENTED_EDGE('',*,*,#3378,.F.);
#4402=ORIENTED_EDGE('',*,*,#3379,.T.);
#4403=ORIENTED_EDGE('',*,*,#3380,.T.);
#4404=ORIENTED_EDGE('',*,*,#3364,.F.);
#4405=ORIENTED_EDGE('',*,*,#3350,.F.);
#4406=ORIENTED_EDGE('',*,*,#3353,.T.);
#4407=ORIENTED_EDGE('',*,*,#3381,.T.);
#4408=ORIENTED_EDGE('',*,*,#3379,.F.);
#4409=ORIENTED_EDGE('',*,*,#3382,.F.);
#4410=ORIENTED_EDGE('',*,*,#3383,.T.);
#4411=ORIENTED_EDGE('',*,*,#3377,.T.);
#4412=ORIENTED_EDGE('',*,*,#3381,.F.);
#4413=ORIENTED_EDGE('',*,*,#3376,.F.);
#4414=ORIENTED_EDGE('',*,*,#3339,.F.);
#4415=ORIENTED_EDGE('',*,*,#3360,.F.);
#4416=ORIENTED_EDGE('',*,*,#3365,.F.);
#4417=ORIENTED_EDGE('',*,*,#3380,.F.);
#4418=ORIENTED_EDGE('',*,*,#3384,.T.);
#4419=ORIENTED_EDGE('',*,*,#3385,.T.);
#4420=ORIENTED_EDGE('',*,*,#3386,.T.);
#4421=ORIENTED_EDGE('',*,*,#3382,.T.);
#4422=ORIENTED_EDGE('',*,*,#3378,.T.);
#4423=ORIENTED_EDGE('',*,*,#3352,.F.);
#4424=ORIENTED_EDGE('',*,*,#3373,.T.);
#4425=ORIENTED_EDGE('',*,*,#3371,.T.);
#4426=ORIENTED_EDGE('',*,*,#3370,.F.);
#4427=ORIENTED_EDGE('',*,*,#3366,.F.);
#4428=ORIENTED_EDGE('',*,*,#3341,.F.);
#4429=ORIENTED_EDGE('',*,*,#3375,.F.);
#4430=ORIENTED_EDGE('',*,*,#3383,.F.);
#4431=ORIENTED_EDGE('',*,*,#3387,.T.);
#4432=ORIENTED_EDGE('',*,*,#3388,.F.);
#4433=ORIENTED_EDGE('',*,*,#3389,.F.);
#4434=ORIENTED_EDGE('',*,*,#3390,.F.);
#4435=ORIENTED_EDGE('',*,*,#3391,.F.);
#4436=ORIENTED_EDGE('',*,*,#3392,.F.);
#4437=ORIENTED_EDGE('',*,*,#3393,.T.);
#4438=ORIENTED_EDGE('',*,*,#3394,.F.);
#4439=ORIENTED_EDGE('',*,*,#3395,.F.);
#4440=ORIENTED_EDGE('',*,*,#3396,.F.);
#4441=ORIENTED_EDGE('',*,*,#3397,.F.);
#4442=ORIENTED_EDGE('',*,*,#3398,.F.);
#4443=ORIENTED_EDGE('',*,*,#3399,.T.);
#4444=ORIENTED_EDGE('',*,*,#3400,.F.);
#4445=ORIENTED_EDGE('',*,*,#3401,.F.);
#4446=ORIENTED_EDGE('',*,*,#3402,.F.);
#4447=ORIENTED_EDGE('',*,*,#3403,.F.);
#4448=ORIENTED_EDGE('',*,*,#3404,.F.);
#4449=ORIENTED_EDGE('',*,*,#3405,.T.);
#4450=ORIENTED_EDGE('',*,*,#3406,.F.);
#4451=ORIENTED_EDGE('',*,*,#3407,.F.);
#4452=ORIENTED_EDGE('',*,*,#3408,.F.);
#4453=ORIENTED_EDGE('',*,*,#3409,.F.);
#4454=ORIENTED_EDGE('',*,*,#3410,.F.);
#4455=ORIENTED_EDGE('',*,*,#3411,.T.);
#4456=ORIENTED_EDGE('',*,*,#3412,.T.);
#4457=ORIENTED_EDGE('',*,*,#3413,.T.);
#4458=ORIENTED_EDGE('',*,*,#3414,.T.);
#4459=ORIENTED_EDGE('',*,*,#3415,.T.);
#4460=ORIENTED_EDGE('',*,*,#3416,.T.);
#4461=ORIENTED_EDGE('',*,*,#3417,.T.);
#4462=ORIENTED_EDGE('',*,*,#3418,.F.);
#4463=ORIENTED_EDGE('',*,*,#3419,.T.);
#4464=ORIENTED_EDGE('',*,*,#3420,.T.);
#4465=ORIENTED_EDGE('',*,*,#3421,.F.);
#4466=ORIENTED_EDGE('',*,*,#3422,.T.);
#4467=ORIENTED_EDGE('',*,*,#3423,.F.);
#4468=ORIENTED_EDGE('',*,*,#3424,.T.);
#4469=ORIENTED_EDGE('',*,*,#3425,.F.);
#4470=ORIENTED_EDGE('',*,*,#3426,.T.);
#4471=ORIENTED_EDGE('',*,*,#3427,.F.);
#4472=ORIENTED_EDGE('',*,*,#3428,.T.);
#4473=ORIENTED_EDGE('',*,*,#3429,.T.);
#4474=ORIENTED_EDGE('',*,*,#3430,.T.);
#4475=ORIENTED_EDGE('',*,*,#3431,.F.);
#4476=ORIENTED_EDGE('',*,*,#3432,.T.);
#4477=ORIENTED_EDGE('',*,*,#3433,.F.);
#4478=ORIENTED_EDGE('',*,*,#3434,.F.);
#4479=ORIENTED_EDGE('',*,*,#3435,.T.);
#4480=ORIENTED_EDGE('',*,*,#3436,.T.);
#4481=ORIENTED_EDGE('',*,*,#3437,.F.);
#4482=ORIENTED_EDGE('',*,*,#3438,.T.);
#4483=ORIENTED_EDGE('',*,*,#3439,.F.);
#4484=ORIENTED_EDGE('',*,*,#3440,.T.);
#4485=ORIENTED_EDGE('',*,*,#3277,.F.);
#4486=ORIENTED_EDGE('',*,*,#3280,.T.);
#4487=ORIENTED_EDGE('',*,*,#3282,.F.);
#4488=ORIENTED_EDGE('',*,*,#3286,.T.);
#4489=ORIENTED_EDGE('',*,*,#3441,.T.);
#4490=ORIENTED_EDGE('',*,*,#3442,.T.);
#4491=ORIENTED_EDGE('',*,*,#3443,.F.);
#4492=ORIENTED_EDGE('',*,*,#3444,.T.);
#4493=ORIENTED_EDGE('',*,*,#3445,.F.);
#4494=ORIENTED_EDGE('',*,*,#3446,.F.);
#4495=ORIENTED_EDGE('',*,*,#3447,.T.);
#4496=ORIENTED_EDGE('',*,*,#3448,.T.);
#4497=ORIENTED_EDGE('',*,*,#3449,.F.);
#4498=ORIENTED_EDGE('',*,*,#3450,.T.);
#4499=ORIENTED_EDGE('',*,*,#3451,.F.);
#4500=ORIENTED_EDGE('',*,*,#3290,.T.);
#4501=ORIENTED_EDGE('',*,*,#3294,.F.);
#4502=ORIENTED_EDGE('',*,*,#3296,.T.);
#4503=ORIENTED_EDGE('',*,*,#3298,.F.);
#4504=ORIENTED_EDGE('',*,*,#3452,.T.);
#4505=ORIENTED_EDGE('',*,*,#3453,.T.);
#4506=ORIENTED_EDGE('',*,*,#3454,.T.);
#4507=ORIENTED_EDGE('',*,*,#3455,.F.);
#4508=ORIENTED_EDGE('',*,*,#3456,.T.);
#4509=ORIENTED_EDGE('',*,*,#3457,.F.);
#4510=ORIENTED_EDGE('',*,*,#3359,.F.);
#4511=ORIENTED_EDGE('',*,*,#3458,.T.);
#4512=ORIENTED_EDGE('',*,*,#3459,.T.);
#4513=ORIENTED_EDGE('',*,*,#3460,.F.);
#4514=ORIENTED_EDGE('',*,*,#3461,.F.);
#4515=ORIENTED_EDGE('',*,*,#3300,.T.);
#4516=ORIENTED_EDGE('',*,*,#3358,.F.);
#4517=ORIENTED_EDGE('',*,*,#3346,.F.);
#4518=ORIENTED_EDGE('',*,*,#3363,.F.);
#4519=ORIENTED_EDGE('',*,*,#3462,.T.);
#4520=ORIENTED_EDGE('',*,*,#3463,.T.);
#4521=ORIENTED_EDGE('',*,*,#3458,.F.);
#4522=ORIENTED_EDGE('',*,*,#3362,.F.);
#4523=ORIENTED_EDGE('',*,*,#3330,.T.);
#4524=ORIENTED_EDGE('',*,*,#3464,.F.);
#4525=ORIENTED_EDGE('',*,*,#3465,.T.);
#4526=ORIENTED_EDGE('',*,*,#3466,.T.);
#4527=ORIENTED_EDGE('',*,*,#3462,.F.);
#4528=ORIENTED_EDGE('',*,*,#3327,.T.);
#4529=ORIENTED_EDGE('',*,*,#3467,.F.);
#4530=ORIENTED_EDGE('',*,*,#3468,.T.);
#4531=ORIENTED_EDGE('',*,*,#3469,.F.);
#4532=ORIENTED_EDGE('',*,*,#3390,.T.);
#4533=ORIENTED_EDGE('',*,*,#3470,.T.);
#4534=ORIENTED_EDGE('',*,*,#3471,.T.);
#4535=ORIENTED_EDGE('',*,*,#3472,.F.);
#4536=ORIENTED_EDGE('',*,*,#3473,.F.);
#4537=ORIENTED_EDGE('',*,*,#3474,.T.);
#4538=ORIENTED_EDGE('',*,*,#3475,.T.);
#4539=ORIENTED_EDGE('',*,*,#3476,.F.);
#4540=ORIENTED_EDGE('',*,*,#3477,.T.);
#4541=ORIENTED_EDGE('',*,*,#3478,.T.);
#4542=ORIENTED_EDGE('',*,*,#3477,.F.);
#4543=ORIENTED_EDGE('',*,*,#3479,.T.);
#4544=ORIENTED_EDGE('',*,*,#3480,.T.);
#4545=ORIENTED_EDGE('',*,*,#3481,.F.);
#4546=ORIENTED_EDGE('',*,*,#3328,.T.);
#4547=ORIENTED_EDGE('',*,*,#3472,.T.);
#4548=ORIENTED_EDGE('',*,*,#3482,.T.);
#4549=ORIENTED_EDGE('',*,*,#3483,.T.);
#4550=ORIENTED_EDGE('',*,*,#3484,.T.);
#4551=ORIENTED_EDGE('',*,*,#3485,.F.);
#4552=ORIENTED_EDGE('',*,*,#3475,.F.);
#4553=ORIENTED_EDGE('',*,*,#3486,.T.);
#4554=ORIENTED_EDGE('',*,*,#3464,.T.);
#4555=ORIENTED_EDGE('',*,*,#3329,.T.);
#4556=ORIENTED_EDGE('',*,*,#3483,.F.);
#4557=ORIENTED_EDGE('',*,*,#3487,.T.);
#4558=ORIENTED_EDGE('',*,*,#3467,.T.);
#4559=ORIENTED_EDGE('',*,*,#3326,.T.);
#4560=ORIENTED_EDGE('',*,*,#3488,.T.);
#4561=ORIENTED_EDGE('',*,*,#3325,.T.);
#4562=ORIENTED_EDGE('',*,*,#3489,.T.);
#4563=ORIENTED_EDGE('',*,*,#3490,.T.);
#4564=ORIENTED_EDGE('',*,*,#3473,.T.);
#4565=ORIENTED_EDGE('',*,*,#3491,.T.);
#4566=ORIENTED_EDGE('',*,*,#3492,.T.);
#4567=ORIENTED_EDGE('',*,*,#3488,.F.);
#4568=ORIENTED_EDGE('',*,*,#3389,.T.);
#4569=ORIENTED_EDGE('',*,*,#3493,.T.);
#4570=ORIENTED_EDGE('',*,*,#3494,.T.);
#4571=ORIENTED_EDGE('',*,*,#3470,.F.);
#4572=ORIENTED_EDGE('',*,*,#3495,.T.);
#4573=ORIENTED_EDGE('',*,*,#3493,.F.);
#4574=ORIENTED_EDGE('',*,*,#3388,.T.);
#4575=ORIENTED_EDGE('',*,*,#3496,.F.);
#4576=ORIENTED_EDGE('',*,*,#3497,.T.);
#4577=ORIENTED_EDGE('',*,*,#3498,.F.);
#4578=ORIENTED_EDGE('',*,*,#3479,.F.);
#4579=ORIENTED_EDGE('',*,*,#3476,.T.);
#4580=ORIENTED_EDGE('',*,*,#3485,.T.);
#4581=ORIENTED_EDGE('',*,*,#3499,.T.);
#4582=ORIENTED_EDGE('',*,*,#3497,.F.);
#4583=ORIENTED_EDGE('',*,*,#3499,.F.);
#4584=ORIENTED_EDGE('',*,*,#3484,.F.);
#4585=ORIENTED_EDGE('',*,*,#3482,.F.);
#4586=ORIENTED_EDGE('',*,*,#3471,.F.);
#4587=ORIENTED_EDGE('',*,*,#3494,.F.);
#4588=ORIENTED_EDGE('',*,*,#3495,.F.);
#4589=ORIENTED_EDGE('',*,*,#3391,.T.);
#4590=ORIENTED_EDGE('',*,*,#3469,.T.);
#4591=ORIENTED_EDGE('',*,*,#3500,.T.);
#4592=ORIENTED_EDGE('',*,*,#3501,.F.);
#4593=ORIENTED_EDGE('',*,*,#3502,.F.);
#4594=ORIENTED_EDGE('',*,*,#3503,.T.);
#4595=ORIENTED_EDGE('',*,*,#3504,.T.);
#4596=ORIENTED_EDGE('',*,*,#3491,.F.);
#4597=ORIENTED_EDGE('',*,*,#3478,.F.);
#4598=ORIENTED_EDGE('',*,*,#3481,.T.);
#4599=ORIENTED_EDGE('',*,*,#3505,.T.);
#4600=ORIENTED_EDGE('',*,*,#3503,.F.);
#4601=ORIENTED_EDGE('',*,*,#3506,.F.);
#4602=ORIENTED_EDGE('',*,*,#3392,.T.);
#4603=ORIENTED_EDGE('',*,*,#3501,.T.);
#4604=ORIENTED_EDGE('',*,*,#3505,.F.);
#4605=ORIENTED_EDGE('',*,*,#3500,.F.);
#4606=ORIENTED_EDGE('',*,*,#3468,.F.);
#4607=ORIENTED_EDGE('',*,*,#3487,.F.);
#4608=ORIENTED_EDGE('',*,*,#3492,.F.);
#4609=ORIENTED_EDGE('',*,*,#3504,.F.);
#4610=ORIENTED_EDGE('',*,*,#3507,.T.);
#4611=ORIENTED_EDGE('',*,*,#3508,.T.);
#4612=ORIENTED_EDGE('',*,*,#3509,.T.);
#4613=ORIENTED_EDGE('',*,*,#3506,.T.);
#4614=ORIENTED_EDGE('',*,*,#3502,.T.);
#4615=ORIENTED_EDGE('',*,*,#3480,.F.);
#4616=ORIENTED_EDGE('',*,*,#3498,.T.);
#4617=ORIENTED_EDGE('',*,*,#3496,.T.);
#4618=ORIENTED_EDGE('',*,*,#3486,.F.);
#4619=ORIENTED_EDGE('',*,*,#3474,.F.);
#4620=ORIENTED_EDGE('',*,*,#3490,.F.);
#4621=ORIENTED_EDGE('',*,*,#3510,.T.);
#4622=ORIENTED_EDGE('',*,*,#3511,.T.);
#4623=ORIENTED_EDGE('',*,*,#3465,.F.);
#4624=ORIENTED_EDGE('',*,*,#3489,.F.);
#4625=ORIENTED_EDGE('',*,*,#3324,.T.);
#4626=ORIENTED_EDGE('',*,*,#3512,.F.);
#4627=ORIENTED_EDGE('',*,*,#3513,.T.);
#4628=ORIENTED_EDGE('',*,*,#3514,.T.);
#4629=ORIENTED_EDGE('',*,*,#3510,.F.);
#4630=ORIENTED_EDGE('',*,*,#3321,.T.);
#4631=ORIENTED_EDGE('',*,*,#3515,.F.);
#4632=ORIENTED_EDGE('',*,*,#3516,.T.);
#4633=ORIENTED_EDGE('',*,*,#3517,.F.);
#4634=ORIENTED_EDGE('',*,*,#3396,.T.);
#4635=ORIENTED_EDGE('',*,*,#3518,.T.);
#4636=ORIENTED_EDGE('',*,*,#3519,.T.);
#4637=ORIENTED_EDGE('',*,*,#3520,.F.);
#4638=ORIENTED_EDGE('',*,*,#3521,.F.);
#4639=ORIENTED_EDGE('',*,*,#3522,.T.);
#4640=ORIENTED_EDGE('',*,*,#3523,.T.);
#4641=ORIENTED_EDGE('',*,*,#3524,.F.);
#4642=ORIENTED_EDGE('',*,*,#3525,.T.);
#4643=ORIENTED_EDGE('',*,*,#3526,.T.);
#4644=ORIENTED_EDGE('',*,*,#3525,.F.);
#4645=ORIENTED_EDGE('',*,*,#3527,.T.);
#4646=ORIENTED_EDGE('',*,*,#3528,.T.);
#4647=ORIENTED_EDGE('',*,*,#3529,.F.);
#4648=ORIENTED_EDGE('',*,*,#3322,.T.);
#4649=ORIENTED_EDGE('',*,*,#3520,.T.);
#4650=ORIENTED_EDGE('',*,*,#3530,.T.);
#4651=ORIENTED_EDGE('',*,*,#3531,.T.);
#4652=ORIENTED_EDGE('',*,*,#3532,.T.);
#4653=ORIENTED_EDGE('',*,*,#3533,.F.);
#4654=ORIENTED_EDGE('',*,*,#3523,.F.);
#4655=ORIENTED_EDGE('',*,*,#3534,.T.);
#4656=ORIENTED_EDGE('',*,*,#3512,.T.);
#4657=ORIENTED_EDGE('',*,*,#3323,.T.);
#4658=ORIENTED_EDGE('',*,*,#3531,.F.);
#4659=ORIENTED_EDGE('',*,*,#3535,.T.);
#4660=ORIENTED_EDGE('',*,*,#3515,.T.);
#4661=ORIENTED_EDGE('',*,*,#3320,.T.);
#4662=ORIENTED_EDGE('',*,*,#3536,.T.);
#4663=ORIENTED_EDGE('',*,*,#3319,.T.);
#4664=ORIENTED_EDGE('',*,*,#3537,.T.);
#4665=ORIENTED_EDGE('',*,*,#3538,.T.);
#4666=ORIENTED_EDGE('',*,*,#3521,.T.);
#4667=ORIENTED_EDGE('',*,*,#3539,.T.);
#4668=ORIENTED_EDGE('',*,*,#3540,.T.);
#4669=ORIENTED_EDGE('',*,*,#3536,.F.);
#4670=ORIENTED_EDGE('',*,*,#3395,.T.);
#4671=ORIENTED_EDGE('',*,*,#3541,.T.);
#4672=ORIENTED_EDGE('',*,*,#3542,.T.);
#4673=ORIENTED_EDGE('',*,*,#3518,.F.);
#4674=ORIENTED_EDGE('',*,*,#3543,.T.);
#4675=ORIENTED_EDGE('',*,*,#3541,.F.);
#4676=ORIENTED_EDGE('',*,*,#3394,.T.);
#4677=ORIENTED_EDGE('',*,*,#3544,.F.);
#4678=ORIENTED_EDGE('',*,*,#3545,.T.);
#4679=ORIENTED_EDGE('',*,*,#3546,.F.);
#4680=ORIENTED_EDGE('',*,*,#3527,.F.);
#4681=ORIENTED_EDGE('',*,*,#3524,.T.);
#4682=ORIENTED_EDGE('',*,*,#3533,.T.);
#4683=ORIENTED_EDGE('',*,*,#3547,.T.);
#4684=ORIENTED_EDGE('',*,*,#3545,.F.);
#4685=ORIENTED_EDGE('',*,*,#3547,.F.);
#4686=ORIENTED_EDGE('',*,*,#3532,.F.);
#4687=ORIENTED_EDGE('',*,*,#3530,.F.);
#4688=ORIENTED_EDGE('',*,*,#3519,.F.);
#4689=ORIENTED_EDGE('',*,*,#3542,.F.);
#4690=ORIENTED_EDGE('',*,*,#3543,.F.);
#4691=ORIENTED_EDGE('',*,*,#3397,.T.);
#4692=ORIENTED_EDGE('',*,*,#3517,.T.);
#4693=ORIENTED_EDGE('',*,*,#3548,.T.);
#4694=ORIENTED_EDGE('',*,*,#3549,.F.);
#4695=ORIENTED_EDGE('',*,*,#3550,.F.);
#4696=ORIENTED_EDGE('',*,*,#3551,.T.);
#4697=ORIENTED_EDGE('',*,*,#3552,.T.);
#4698=ORIENTED_EDGE('',*,*,#3539,.F.);
#4699=ORIENTED_EDGE('',*,*,#3526,.F.);
#4700=ORIENTED_EDGE('',*,*,#3529,.T.);
#4701=ORIENTED_EDGE('',*,*,#3553,.T.);
#4702=ORIENTED_EDGE('',*,*,#3551,.F.);
#4703=ORIENTED_EDGE('',*,*,#3554,.F.);
#4704=ORIENTED_EDGE('',*,*,#3398,.T.);
#4705=ORIENTED_EDGE('',*,*,#3549,.T.);
#4706=ORIENTED_EDGE('',*,*,#3553,.F.);
#4707=ORIENTED_EDGE('',*,*,#3548,.F.);
#4708=ORIENTED_EDGE('',*,*,#3516,.F.);
#4709=ORIENTED_EDGE('',*,*,#3535,.F.);
#4710=ORIENTED_EDGE('',*,*,#3540,.F.);
#4711=ORIENTED_EDGE('',*,*,#3552,.F.);
#4712=ORIENTED_EDGE('',*,*,#3555,.T.);
#4713=ORIENTED_EDGE('',*,*,#3556,.T.);
#4714=ORIENTED_EDGE('',*,*,#3557,.T.);
#4715=ORIENTED_EDGE('',*,*,#3554,.T.);
#4716=ORIENTED_EDGE('',*,*,#3550,.T.);
#4717=ORIENTED_EDGE('',*,*,#3528,.F.);
#4718=ORIENTED_EDGE('',*,*,#3546,.T.);
#4719=ORIENTED_EDGE('',*,*,#3544,.T.);
#4720=ORIENTED_EDGE('',*,*,#3534,.F.);
#4721=ORIENTED_EDGE('',*,*,#3522,.F.);
#4722=ORIENTED_EDGE('',*,*,#3538,.F.);
#4723=ORIENTED_EDGE('',*,*,#3558,.T.);
#4724=ORIENTED_EDGE('',*,*,#3559,.T.);
#4725=ORIENTED_EDGE('',*,*,#3513,.F.);
#4726=ORIENTED_EDGE('',*,*,#3537,.F.);
#4727=ORIENTED_EDGE('',*,*,#3318,.T.);
#4728=ORIENTED_EDGE('',*,*,#3560,.F.);
#4729=ORIENTED_EDGE('',*,*,#3561,.T.);
#4730=ORIENTED_EDGE('',*,*,#3562,.T.);
#4731=ORIENTED_EDGE('',*,*,#3558,.F.);
#4732=ORIENTED_EDGE('',*,*,#3315,.T.);
#4733=ORIENTED_EDGE('',*,*,#3563,.F.);
#4734=ORIENTED_EDGE('',*,*,#3564,.T.);
#4735=ORIENTED_EDGE('',*,*,#3565,.F.);
#4736=ORIENTED_EDGE('',*,*,#3402,.T.);
#4737=ORIENTED_EDGE('',*,*,#3566,.T.);
#4738=ORIENTED_EDGE('',*,*,#3567,.T.);
#4739=ORIENTED_EDGE('',*,*,#3568,.F.);
#4740=ORIENTED_EDGE('',*,*,#3569,.F.);
#4741=ORIENTED_EDGE('',*,*,#3570,.T.);
#4742=ORIENTED_EDGE('',*,*,#3571,.T.);
#4743=ORIENTED_EDGE('',*,*,#3572,.F.);
#4744=ORIENTED_EDGE('',*,*,#3573,.T.);
#4745=ORIENTED_EDGE('',*,*,#3574,.T.);
#4746=ORIENTED_EDGE('',*,*,#3573,.F.);
#4747=ORIENTED_EDGE('',*,*,#3575,.T.);
#4748=ORIENTED_EDGE('',*,*,#3576,.T.);
#4749=ORIENTED_EDGE('',*,*,#3577,.F.);
#4750=ORIENTED_EDGE('',*,*,#3316,.T.);
#4751=ORIENTED_EDGE('',*,*,#3568,.T.);
#4752=ORIENTED_EDGE('',*,*,#3578,.T.);
#4753=ORIENTED_EDGE('',*,*,#3579,.T.);
#4754=ORIENTED_EDGE('',*,*,#3580,.T.);
#4755=ORIENTED_EDGE('',*,*,#3581,.F.);
#4756=ORIENTED_EDGE('',*,*,#3571,.F.);
#4757=ORIENTED_EDGE('',*,*,#3582,.T.);
#4758=ORIENTED_EDGE('',*,*,#3560,.T.);
#4759=ORIENTED_EDGE('',*,*,#3317,.T.);
#4760=ORIENTED_EDGE('',*,*,#3579,.F.);
#4761=ORIENTED_EDGE('',*,*,#3583,.T.);
#4762=ORIENTED_EDGE('',*,*,#3563,.T.);
#4763=ORIENTED_EDGE('',*,*,#3314,.T.);
#4764=ORIENTED_EDGE('',*,*,#3584,.T.);
#4765=ORIENTED_EDGE('',*,*,#3313,.T.);
#4766=ORIENTED_EDGE('',*,*,#3585,.T.);
#4767=ORIENTED_EDGE('',*,*,#3586,.T.);
#4768=ORIENTED_EDGE('',*,*,#3569,.T.);
#4769=ORIENTED_EDGE('',*,*,#3587,.T.);
#4770=ORIENTED_EDGE('',*,*,#3588,.T.);
#4771=ORIENTED_EDGE('',*,*,#3584,.F.);
#4772=ORIENTED_EDGE('',*,*,#3401,.T.);
#4773=ORIENTED_EDGE('',*,*,#3589,.T.);
#4774=ORIENTED_EDGE('',*,*,#3590,.T.);
#4775=ORIENTED_EDGE('',*,*,#3566,.F.);
#4776=ORIENTED_EDGE('',*,*,#3591,.T.);
#4777=ORIENTED_EDGE('',*,*,#3589,.F.);
#4778=ORIENTED_EDGE('',*,*,#3400,.T.);
#4779=ORIENTED_EDGE('',*,*,#3592,.F.);
#4780=ORIENTED_EDGE('',*,*,#3593,.T.);
#4781=ORIENTED_EDGE('',*,*,#3594,.F.);
#4782=ORIENTED_EDGE('',*,*,#3575,.F.);
#4783=ORIENTED_EDGE('',*,*,#3572,.T.);
#4784=ORIENTED_EDGE('',*,*,#3581,.T.);
#4785=ORIENTED_EDGE('',*,*,#3595,.T.);
#4786=ORIENTED_EDGE('',*,*,#3593,.F.);
#4787=ORIENTED_EDGE('',*,*,#3595,.F.);
#4788=ORIENTED_EDGE('',*,*,#3580,.F.);
#4789=ORIENTED_EDGE('',*,*,#3578,.F.);
#4790=ORIENTED_EDGE('',*,*,#3567,.F.);
#4791=ORIENTED_EDGE('',*,*,#3590,.F.);
#4792=ORIENTED_EDGE('',*,*,#3591,.F.);
#4793=ORIENTED_EDGE('',*,*,#3403,.T.);
#4794=ORIENTED_EDGE('',*,*,#3565,.T.);
#4795=ORIENTED_EDGE('',*,*,#3596,.T.);
#4796=ORIENTED_EDGE('',*,*,#3597,.F.);
#4797=ORIENTED_EDGE('',*,*,#3598,.F.);
#4798=ORIENTED_EDGE('',*,*,#3599,.T.);
#4799=ORIENTED_EDGE('',*,*,#3600,.T.);
#4800=ORIENTED_EDGE('',*,*,#3587,.F.);
#4801=ORIENTED_EDGE('',*,*,#3574,.F.);
#4802=ORIENTED_EDGE('',*,*,#3577,.T.);
#4803=ORIENTED_EDGE('',*,*,#3601,.T.);
#4804=ORIENTED_EDGE('',*,*,#3599,.F.);
#4805=ORIENTED_EDGE('',*,*,#3602,.F.);
#4806=ORIENTED_EDGE('',*,*,#3404,.T.);
#4807=ORIENTED_EDGE('',*,*,#3597,.T.);
#4808=ORIENTED_EDGE('',*,*,#3601,.F.);
#4809=ORIENTED_EDGE('',*,*,#3596,.F.);
#4810=ORIENTED_EDGE('',*,*,#3564,.F.);
#4811=ORIENTED_EDGE('',*,*,#3583,.F.);
#4812=ORIENTED_EDGE('',*,*,#3588,.F.);
#4813=ORIENTED_EDGE('',*,*,#3600,.F.);
#4814=ORIENTED_EDGE('',*,*,#3603,.T.);
#4815=ORIENTED_EDGE('',*,*,#3604,.T.);
#4816=ORIENTED_EDGE('',*,*,#3605,.T.);
#4817=ORIENTED_EDGE('',*,*,#3602,.T.);
#4818=ORIENTED_EDGE('',*,*,#3598,.T.);
#4819=ORIENTED_EDGE('',*,*,#3576,.F.);
#4820=ORIENTED_EDGE('',*,*,#3594,.T.);
#4821=ORIENTED_EDGE('',*,*,#3592,.T.);
#4822=ORIENTED_EDGE('',*,*,#3582,.F.);
#4823=ORIENTED_EDGE('',*,*,#3570,.F.);
#4824=ORIENTED_EDGE('',*,*,#3586,.F.);
#4825=ORIENTED_EDGE('',*,*,#3606,.T.);
#4826=ORIENTED_EDGE('',*,*,#3607,.T.);
#4827=ORIENTED_EDGE('',*,*,#3561,.F.);
#4828=ORIENTED_EDGE('',*,*,#3585,.F.);
#4829=ORIENTED_EDGE('',*,*,#3312,.T.);
#4830=ORIENTED_EDGE('',*,*,#3608,.F.);
#4831=ORIENTED_EDGE('',*,*,#3609,.T.);
#4832=ORIENTED_EDGE('',*,*,#3610,.T.);
#4833=ORIENTED_EDGE('',*,*,#3606,.F.);
#4834=ORIENTED_EDGE('',*,*,#3309,.T.);
#4835=ORIENTED_EDGE('',*,*,#3611,.F.);
#4836=ORIENTED_EDGE('',*,*,#3612,.T.);
#4837=ORIENTED_EDGE('',*,*,#3613,.F.);
#4838=ORIENTED_EDGE('',*,*,#3408,.T.);
#4839=ORIENTED_EDGE('',*,*,#3614,.T.);
#4840=ORIENTED_EDGE('',*,*,#3615,.T.);
#4841=ORIENTED_EDGE('',*,*,#3616,.F.);
#4842=ORIENTED_EDGE('',*,*,#3617,.F.);
#4843=ORIENTED_EDGE('',*,*,#3618,.T.);
#4844=ORIENTED_EDGE('',*,*,#3619,.T.);
#4845=ORIENTED_EDGE('',*,*,#3620,.F.);
#4846=ORIENTED_EDGE('',*,*,#3621,.T.);
#4847=ORIENTED_EDGE('',*,*,#3622,.T.);
#4848=ORIENTED_EDGE('',*,*,#3621,.F.);
#4849=ORIENTED_EDGE('',*,*,#3623,.T.);
#4850=ORIENTED_EDGE('',*,*,#3624,.T.);
#4851=ORIENTED_EDGE('',*,*,#3625,.F.);
#4852=ORIENTED_EDGE('',*,*,#3310,.T.);
#4853=ORIENTED_EDGE('',*,*,#3616,.T.);
#4854=ORIENTED_EDGE('',*,*,#3626,.T.);
#4855=ORIENTED_EDGE('',*,*,#3627,.T.);
#4856=ORIENTED_EDGE('',*,*,#3628,.T.);
#4857=ORIENTED_EDGE('',*,*,#3629,.F.);
#4858=ORIENTED_EDGE('',*,*,#3619,.F.);
#4859=ORIENTED_EDGE('',*,*,#3630,.T.);
#4860=ORIENTED_EDGE('',*,*,#3608,.T.);
#4861=ORIENTED_EDGE('',*,*,#3311,.T.);
#4862=ORIENTED_EDGE('',*,*,#3627,.F.);
#4863=ORIENTED_EDGE('',*,*,#3631,.T.);
#4864=ORIENTED_EDGE('',*,*,#3611,.T.);
#4865=ORIENTED_EDGE('',*,*,#3308,.T.);
#4866=ORIENTED_EDGE('',*,*,#3632,.T.);
#4867=ORIENTED_EDGE('',*,*,#3307,.T.);
#4868=ORIENTED_EDGE('',*,*,#3633,.T.);
#4869=ORIENTED_EDGE('',*,*,#3634,.T.);
#4870=ORIENTED_EDGE('',*,*,#3617,.T.);
#4871=ORIENTED_EDGE('',*,*,#3635,.T.);
#4872=ORIENTED_EDGE('',*,*,#3636,.T.);
#4873=ORIENTED_EDGE('',*,*,#3632,.F.);
#4874=ORIENTED_EDGE('',*,*,#3407,.T.);
#4875=ORIENTED_EDGE('',*,*,#3637,.T.);
#4876=ORIENTED_EDGE('',*,*,#3638,.T.);
#4877=ORIENTED_EDGE('',*,*,#3614,.F.);
#4878=ORIENTED_EDGE('',*,*,#3639,.T.);
#4879=ORIENTED_EDGE('',*,*,#3637,.F.);
#4880=ORIENTED_EDGE('',*,*,#3406,.T.);
#4881=ORIENTED_EDGE('',*,*,#3640,.F.);
#4882=ORIENTED_EDGE('',*,*,#3641,.T.);
#4883=ORIENTED_EDGE('',*,*,#3642,.F.);
#4884=ORIENTED_EDGE('',*,*,#3623,.F.);
#4885=ORIENTED_EDGE('',*,*,#3620,.T.);
#4886=ORIENTED_EDGE('',*,*,#3629,.T.);
#4887=ORIENTED_EDGE('',*,*,#3643,.T.);
#4888=ORIENTED_EDGE('',*,*,#3641,.F.);
#4889=ORIENTED_EDGE('',*,*,#3643,.F.);
#4890=ORIENTED_EDGE('',*,*,#3628,.F.);
#4891=ORIENTED_EDGE('',*,*,#3626,.F.);
#4892=ORIENTED_EDGE('',*,*,#3615,.F.);
#4893=ORIENTED_EDGE('',*,*,#3638,.F.);
#4894=ORIENTED_EDGE('',*,*,#3639,.F.);
#4895=ORIENTED_EDGE('',*,*,#3409,.T.);
#4896=ORIENTED_EDGE('',*,*,#3613,.T.);
#4897=ORIENTED_EDGE('',*,*,#3644,.T.);
#4898=ORIENTED_EDGE('',*,*,#3645,.F.);
#4899=ORIENTED_EDGE('',*,*,#3646,.F.);
#4900=ORIENTED_EDGE('',*,*,#3647,.T.);
#4901=ORIENTED_EDGE('',*,*,#3648,.T.);
#4902=ORIENTED_EDGE('',*,*,#3635,.F.);
#4903=ORIENTED_EDGE('',*,*,#3622,.F.);
#4904=ORIENTED_EDGE('',*,*,#3625,.T.);
#4905=ORIENTED_EDGE('',*,*,#3649,.T.);
#4906=ORIENTED_EDGE('',*,*,#3647,.F.);
#4907=ORIENTED_EDGE('',*,*,#3650,.F.);
#4908=ORIENTED_EDGE('',*,*,#3410,.T.);
#4909=ORIENTED_EDGE('',*,*,#3645,.T.);
#4910=ORIENTED_EDGE('',*,*,#3649,.F.);
#4911=ORIENTED_EDGE('',*,*,#3644,.F.);
#4912=ORIENTED_EDGE('',*,*,#3612,.F.);
#4913=ORIENTED_EDGE('',*,*,#3631,.F.);
#4914=ORIENTED_EDGE('',*,*,#3636,.F.);
#4915=ORIENTED_EDGE('',*,*,#3648,.F.);
#4916=ORIENTED_EDGE('',*,*,#3651,.T.);
#4917=ORIENTED_EDGE('',*,*,#3652,.T.);
#4918=ORIENTED_EDGE('',*,*,#3653,.T.);
#4919=ORIENTED_EDGE('',*,*,#3650,.T.);
#4920=ORIENTED_EDGE('',*,*,#3646,.T.);
#4921=ORIENTED_EDGE('',*,*,#3624,.F.);
#4922=ORIENTED_EDGE('',*,*,#3642,.T.);
#4923=ORIENTED_EDGE('',*,*,#3640,.T.);
#4924=ORIENTED_EDGE('',*,*,#3630,.F.);
#4925=ORIENTED_EDGE('',*,*,#3618,.F.);
#4926=ORIENTED_EDGE('',*,*,#3634,.F.);
#4927=ORIENTED_EDGE('',*,*,#3654,.T.);
#4928=ORIENTED_EDGE('',*,*,#3655,.T.);
#4929=ORIENTED_EDGE('',*,*,#3609,.F.);
#4930=ORIENTED_EDGE('',*,*,#3633,.F.);
#4931=ORIENTED_EDGE('',*,*,#3306,.T.);
#4932=ORIENTED_EDGE('',*,*,#3656,.F.);
#4933=ORIENTED_EDGE('',*,*,#3657,.T.);
#4934=ORIENTED_EDGE('',*,*,#3658,.T.);
#4935=ORIENTED_EDGE('',*,*,#3654,.F.);
#4936=ORIENTED_EDGE('',*,*,#3659,.F.);
#4937=ORIENTED_EDGE('',*,*,#3660,.T.);
#4938=ORIENTED_EDGE('',*,*,#3661,.T.);
#4939=ORIENTED_EDGE('',*,*,#3662,.F.);
#4940=ORIENTED_EDGE('',*,*,#3663,.T.);
#4941=ORIENTED_EDGE('',*,*,#3664,.T.);
#4942=ORIENTED_EDGE('',*,*,#3663,.F.);
#4943=ORIENTED_EDGE('',*,*,#3665,.T.);
#4944=ORIENTED_EDGE('',*,*,#3666,.T.);
#4945=ORIENTED_EDGE('',*,*,#3667,.F.);
#4946=ORIENTED_EDGE('',*,*,#3304,.T.);
#4947=ORIENTED_EDGE('',*,*,#3668,.T.);
#4948=ORIENTED_EDGE('',*,*,#3669,.T.);
#4949=ORIENTED_EDGE('',*,*,#3670,.T.);
#4950=ORIENTED_EDGE('',*,*,#3671,.T.);
#4951=ORIENTED_EDGE('',*,*,#3672,.F.);
#4952=ORIENTED_EDGE('',*,*,#3661,.F.);
#4953=ORIENTED_EDGE('',*,*,#3673,.T.);
#4954=ORIENTED_EDGE('',*,*,#3656,.T.);
#4955=ORIENTED_EDGE('',*,*,#3305,.T.);
#4956=ORIENTED_EDGE('',*,*,#3670,.F.);
#4957=ORIENTED_EDGE('',*,*,#3674,.T.);
#4958=ORIENTED_EDGE('',*,*,#3675,.T.);
#4959=ORIENTED_EDGE('',*,*,#3302,.T.);
#4960=ORIENTED_EDGE('',*,*,#3676,.T.);
#4961=ORIENTED_EDGE('',*,*,#3301,.T.);
#4962=ORIENTED_EDGE('',*,*,#3461,.T.);
#4963=ORIENTED_EDGE('',*,*,#3677,.T.);
#4964=ORIENTED_EDGE('',*,*,#3659,.T.);
#4965=ORIENTED_EDGE('',*,*,#3678,.T.);
#4966=ORIENTED_EDGE('',*,*,#3679,.T.);
#4967=ORIENTED_EDGE('',*,*,#3676,.F.);
#4968=ORIENTED_EDGE('',*,*,#3413,.F.);
#4969=ORIENTED_EDGE('',*,*,#3680,.T.);
#4970=ORIENTED_EDGE('',*,*,#3681,.T.);
#4971=ORIENTED_EDGE('',*,*,#3682,.F.);
#4972=ORIENTED_EDGE('',*,*,#3683,.F.);
#4973=ORIENTED_EDGE('',*,*,#3684,.T.);
#4974=ORIENTED_EDGE('',*,*,#3685,.T.);
#4975=ORIENTED_EDGE('',*,*,#3680,.F.);
#4976=ORIENTED_EDGE('',*,*,#3412,.F.);
#4977=ORIENTED_EDGE('',*,*,#3686,.F.);
#4978=ORIENTED_EDGE('',*,*,#3665,.F.);
#4979=ORIENTED_EDGE('',*,*,#3662,.T.);
#4980=ORIENTED_EDGE('',*,*,#3672,.T.);
#4981=ORIENTED_EDGE('',*,*,#3687,.T.);
#4982=ORIENTED_EDGE('',*,*,#3684,.F.);
#4983=ORIENTED_EDGE('',*,*,#3687,.F.);
#4984=ORIENTED_EDGE('',*,*,#3671,.F.);
#4985=ORIENTED_EDGE('',*,*,#3669,.F.);
#4986=ORIENTED_EDGE('',*,*,#3688,.F.);
#4987=ORIENTED_EDGE('',*,*,#3681,.F.);
#4988=ORIENTED_EDGE('',*,*,#3685,.F.);
#4989=ORIENTED_EDGE('',*,*,#3415,.F.);
#4990=ORIENTED_EDGE('',*,*,#3689,.T.);
#4991=ORIENTED_EDGE('',*,*,#3690,.T.);
#4992=ORIENTED_EDGE('',*,*,#3691,.F.);
#4993=ORIENTED_EDGE('',*,*,#3692,.F.);
#4994=ORIENTED_EDGE('',*,*,#3693,.T.);
#4995=ORIENTED_EDGE('',*,*,#3694,.T.);
#4996=ORIENTED_EDGE('',*,*,#3678,.F.);
#4997=ORIENTED_EDGE('',*,*,#3664,.F.);
#4998=ORIENTED_EDGE('',*,*,#3667,.T.);
#4999=ORIENTED_EDGE('',*,*,#3416,.F.);
#5000=ORIENTED_EDGE('',*,*,#3691,.T.);
#5001=ORIENTED_EDGE('',*,*,#3695,.T.);
#5002=ORIENTED_EDGE('',*,*,#3693,.F.);
#5003=ORIENTED_EDGE('',*,*,#3696,.F.);
#5004=ORIENTED_EDGE('',*,*,#3695,.F.);
#5005=ORIENTED_EDGE('',*,*,#3690,.F.);
#5006=ORIENTED_EDGE('',*,*,#3697,.F.);
#5007=ORIENTED_EDGE('',*,*,#3674,.F.);
#5008=ORIENTED_EDGE('',*,*,#3679,.F.);
#5009=ORIENTED_EDGE('',*,*,#3694,.F.);
#5010=ORIENTED_EDGE('',*,*,#3698,.T.);
#5011=ORIENTED_EDGE('',*,*,#3696,.T.);
#5012=ORIENTED_EDGE('',*,*,#3692,.T.);
#5013=ORIENTED_EDGE('',*,*,#3666,.F.);
#5014=ORIENTED_EDGE('',*,*,#3686,.T.);
#5015=ORIENTED_EDGE('',*,*,#3683,.T.);
#5016=ORIENTED_EDGE('',*,*,#3699,.T.);
#5017=ORIENTED_EDGE('',*,*,#3700,.T.);
#5018=ORIENTED_EDGE('',*,*,#3303,.F.);
#5019=ORIENTED_EDGE('',*,*,#3675,.F.);
#5020=ORIENTED_EDGE('',*,*,#3697,.T.);
#5021=ORIENTED_EDGE('',*,*,#3689,.F.);
#5022=ORIENTED_EDGE('',*,*,#3414,.F.);
#5023=ORIENTED_EDGE('',*,*,#3682,.T.);
#5024=ORIENTED_EDGE('',*,*,#3688,.T.);
#5025=ORIENTED_EDGE('',*,*,#3668,.F.);
#5026=ORIENTED_EDGE('',*,*,#3677,.F.);
#5027=ORIENTED_EDGE('',*,*,#3460,.T.);
#5028=ORIENTED_EDGE('',*,*,#3701,.T.);
#5029=ORIENTED_EDGE('',*,*,#3657,.F.);
#5030=ORIENTED_EDGE('',*,*,#3673,.F.);
#5031=ORIENTED_EDGE('',*,*,#3660,.F.);
#5032=ORIENTED_EDGE('',*,*,#3511,.F.);
#5033=ORIENTED_EDGE('',*,*,#3702,.F.);
#5034=ORIENTED_EDGE('',*,*,#3703,.F.);
#5035=ORIENTED_EDGE('',*,*,#3704,.T.);
#5036=ORIENTED_EDGE('',*,*,#3514,.F.);
#5037=ORIENTED_EDGE('',*,*,#3705,.F.);
#5038=ORIENTED_EDGE('',*,*,#3706,.F.);
#5039=ORIENTED_EDGE('',*,*,#3702,.T.);
#5040=ORIENTED_EDGE('',*,*,#3559,.F.);
#5041=ORIENTED_EDGE('',*,*,#3707,.T.);
#5042=ORIENTED_EDGE('',*,*,#3708,.F.);
#5043=ORIENTED_EDGE('',*,*,#3705,.T.);
#5044=ORIENTED_EDGE('',*,*,#3562,.F.);
#5045=ORIENTED_EDGE('',*,*,#3709,.F.);
#5046=ORIENTED_EDGE('',*,*,#3710,.F.);
#5047=ORIENTED_EDGE('',*,*,#3707,.F.);
#5048=ORIENTED_EDGE('',*,*,#3607,.F.);
#5049=ORIENTED_EDGE('',*,*,#3711,.F.);
#5050=ORIENTED_EDGE('',*,*,#3712,.F.);
#5051=ORIENTED_EDGE('',*,*,#3709,.T.);
#5052=ORIENTED_EDGE('',*,*,#3610,.F.);
#5053=ORIENTED_EDGE('',*,*,#3713,.F.);
#5054=ORIENTED_EDGE('',*,*,#3714,.F.);
#5055=ORIENTED_EDGE('',*,*,#3711,.T.);
#5056=ORIENTED_EDGE('',*,*,#3715,.T.);
#5057=ORIENTED_EDGE('',*,*,#3716,.T.);
#5058=ORIENTED_EDGE('',*,*,#3423,.T.);
#5059=ORIENTED_EDGE('',*,*,#3717,.T.);
#5060=ORIENTED_EDGE('',*,*,#3715,.F.);
#5061=ORIENTED_EDGE('',*,*,#3718,.T.);
#5062=ORIENTED_EDGE('',*,*,#3719,.F.);
#5063=ORIENTED_EDGE('',*,*,#3720,.T.);
#5064=ORIENTED_EDGE('',*,*,#3721,.F.);
#5065=ORIENTED_EDGE('',*,*,#3722,.T.);
#5066=ORIENTED_EDGE('',*,*,#3723,.T.);
#5067=ORIENTED_EDGE('',*,*,#3724,.F.);
#5068=ORIENTED_EDGE('',*,*,#3725,.T.);
#5069=ORIENTED_EDGE('',*,*,#3726,.F.);
#5070=ORIENTED_EDGE('',*,*,#3727,.T.);
#5071=ORIENTED_EDGE('',*,*,#3728,.F.);
#5072=ORIENTED_EDGE('',*,*,#3729,.T.);
#5073=ORIENTED_EDGE('',*,*,#3730,.T.);
#5074=ORIENTED_EDGE('',*,*,#3731,.T.);
#5075=ORIENTED_EDGE('',*,*,#3717,.F.);
#5076=ORIENTED_EDGE('',*,*,#3422,.F.);
#5077=ORIENTED_EDGE('',*,*,#3732,.F.);
#5078=ORIENTED_EDGE('',*,*,#3718,.F.);
#5079=ORIENTED_EDGE('',*,*,#3719,.T.);
#5080=ORIENTED_EDGE('',*,*,#3732,.T.);
#5081=ORIENTED_EDGE('',*,*,#3421,.T.);
#5082=ORIENTED_EDGE('',*,*,#3733,.T.);
#5083=ORIENTED_EDGE('',*,*,#3726,.T.);
#5084=ORIENTED_EDGE('',*,*,#3734,.T.);
#5085=ORIENTED_EDGE('',*,*,#3455,.T.);
#5086=ORIENTED_EDGE('',*,*,#3735,.T.);
#5087=ORIENTED_EDGE('',*,*,#3735,.F.);
#5088=ORIENTED_EDGE('',*,*,#3454,.F.);
#5089=ORIENTED_EDGE('',*,*,#3736,.F.);
#5090=ORIENTED_EDGE('',*,*,#3727,.F.);
#5091=ORIENTED_EDGE('',*,*,#3728,.T.);
#5092=ORIENTED_EDGE('',*,*,#3736,.T.);
#5093=ORIENTED_EDGE('',*,*,#3453,.F.);
#5094=ORIENTED_EDGE('',*,*,#3737,.T.);
#5095=ORIENTED_EDGE('',*,*,#3419,.F.);
#5096=ORIENTED_EDGE('',*,*,#3738,.T.);
#5097=ORIENTED_EDGE('',*,*,#3721,.T.);
#5098=ORIENTED_EDGE('',*,*,#3739,.T.);
#5099=ORIENTED_EDGE('',*,*,#3733,.F.);
#5100=ORIENTED_EDGE('',*,*,#3420,.F.);
#5101=ORIENTED_EDGE('',*,*,#3739,.F.);
#5102=ORIENTED_EDGE('',*,*,#3720,.F.);
#5103=ORIENTED_EDGE('',*,*,#3335,.F.);
#5104=ORIENTED_EDGE('',*,*,#3740,.T.);
#5105=ORIENTED_EDGE('',*,*,#3722,.F.);
#5106=ORIENTED_EDGE('',*,*,#3738,.F.);
#5107=ORIENTED_EDGE('',*,*,#3418,.T.);
#5108=ORIENTED_EDGE('',*,*,#3741,.F.);
#5109=ORIENTED_EDGE('',*,*,#3723,.F.);
#5110=ORIENTED_EDGE('',*,*,#3740,.F.);
#5111=ORIENTED_EDGE('',*,*,#3724,.T.);
#5112=ORIENTED_EDGE('',*,*,#3741,.T.);
#5113=ORIENTED_EDGE('',*,*,#3457,.T.);
#5114=ORIENTED_EDGE('',*,*,#3742,.T.);
#5115=ORIENTED_EDGE('',*,*,#3743,.T.);
#5116=ORIENTED_EDGE('',*,*,#3291,.T.);
#5117=ORIENTED_EDGE('',*,*,#3451,.T.);
#5118=ORIENTED_EDGE('',*,*,#3744,.T.);
#5119=ORIENTED_EDGE('',*,*,#3743,.F.);
#5120=ORIENTED_EDGE('',*,*,#3745,.T.);
#5121=ORIENTED_EDGE('',*,*,#3746,.F.);
#5122=ORIENTED_EDGE('',*,*,#3747,.T.);
#5123=ORIENTED_EDGE('',*,*,#3748,.F.);
#5124=ORIENTED_EDGE('',*,*,#3749,.T.);
#5125=ORIENTED_EDGE('',*,*,#3750,.T.);
#5126=ORIENTED_EDGE('',*,*,#3751,.F.);
#5127=ORIENTED_EDGE('',*,*,#3752,.T.);
#5128=ORIENTED_EDGE('',*,*,#3753,.F.);
#5129=ORIENTED_EDGE('',*,*,#3754,.T.);
#5130=ORIENTED_EDGE('',*,*,#3755,.F.);
#5131=ORIENTED_EDGE('',*,*,#3284,.T.);
#5132=ORIENTED_EDGE('',*,*,#3288,.T.);
#5133=ORIENTED_EDGE('',*,*,#3292,.T.);
#5134=ORIENTED_EDGE('',*,*,#3744,.F.);
#5135=ORIENTED_EDGE('',*,*,#3450,.F.);
#5136=ORIENTED_EDGE('',*,*,#3756,.F.);
#5137=ORIENTED_EDGE('',*,*,#3745,.F.);
#5138=ORIENTED_EDGE('',*,*,#3746,.T.);
#5139=ORIENTED_EDGE('',*,*,#3756,.T.);
#5140=ORIENTED_EDGE('',*,*,#3449,.T.);
#5141=ORIENTED_EDGE('',*,*,#3757,.T.);
#5142=ORIENTED_EDGE('',*,*,#3753,.T.);
#5143=ORIENTED_EDGE('',*,*,#3758,.T.);
#5144=ORIENTED_EDGE('',*,*,#3443,.T.);
#5145=ORIENTED_EDGE('',*,*,#3759,.T.);
#5146=ORIENTED_EDGE('',*,*,#3759,.F.);
#5147=ORIENTED_EDGE('',*,*,#3442,.F.);
#5148=ORIENTED_EDGE('',*,*,#3760,.F.);
#5149=ORIENTED_EDGE('',*,*,#3754,.F.);
#5150=ORIENTED_EDGE('',*,*,#3755,.T.);
#5151=ORIENTED_EDGE('',*,*,#3760,.T.);
#5152=ORIENTED_EDGE('',*,*,#3441,.F.);
#5153=ORIENTED_EDGE('',*,*,#3285,.T.);
#5154=ORIENTED_EDGE('',*,*,#3447,.F.);
#5155=ORIENTED_EDGE('',*,*,#3761,.T.);
#5156=ORIENTED_EDGE('',*,*,#3748,.T.);
#5157=ORIENTED_EDGE('',*,*,#3762,.T.);
#5158=ORIENTED_EDGE('',*,*,#3757,.F.);
#5159=ORIENTED_EDGE('',*,*,#3448,.F.);
#5160=ORIENTED_EDGE('',*,*,#3762,.F.);
#5161=ORIENTED_EDGE('',*,*,#3747,.F.);
#5162=ORIENTED_EDGE('',*,*,#3336,.F.);
#5163=ORIENTED_EDGE('',*,*,#3763,.T.);
#5164=ORIENTED_EDGE('',*,*,#3749,.F.);
#5165=ORIENTED_EDGE('',*,*,#3761,.F.);
#5166=ORIENTED_EDGE('',*,*,#3446,.T.);
#5167=ORIENTED_EDGE('',*,*,#3764,.F.);
#5168=ORIENTED_EDGE('',*,*,#3750,.F.);
#5169=ORIENTED_EDGE('',*,*,#3763,.F.);
#5170=ORIENTED_EDGE('',*,*,#3751,.T.);
#5171=ORIENTED_EDGE('',*,*,#3764,.T.);
#5172=ORIENTED_EDGE('',*,*,#3445,.T.);
#5173=ORIENTED_EDGE('',*,*,#3765,.T.);
#5174=ORIENTED_EDGE('',*,*,#3734,.F.);
#5175=ORIENTED_EDGE('',*,*,#3725,.F.);
#5176=ORIENTED_EDGE('',*,*,#3742,.F.);
#5177=ORIENTED_EDGE('',*,*,#3456,.F.);
#5178=ORIENTED_EDGE('',*,*,#3758,.F.);
#5179=ORIENTED_EDGE('',*,*,#3752,.F.);
#5180=ORIENTED_EDGE('',*,*,#3765,.F.);
#5181=ORIENTED_EDGE('',*,*,#3444,.F.);
#5182=ORIENTED_EDGE('',*,*,#3240,.F.);
#5183=ORIENTED_EDGE('',*,*,#3766,.F.);
#5184=ORIENTED_EDGE('',*,*,#3426,.F.);
#5185=ORIENTED_EDGE('',*,*,#3767,.F.);
#5186=ORIENTED_EDGE('',*,*,#3228,.F.);
#5187=ORIENTED_EDGE('',*,*,#3768,.F.);
#5188=ORIENTED_EDGE('',*,*,#3729,.F.);
#5189=ORIENTED_EDGE('',*,*,#3737,.F.);
#5190=ORIENTED_EDGE('',*,*,#3452,.F.);
#5191=ORIENTED_EDGE('',*,*,#3297,.F.);
#5192=ORIENTED_EDGE('',*,*,#3231,.F.);
#5193=ORIENTED_EDGE('',*,*,#3769,.F.);
#5194=ORIENTED_EDGE('',*,*,#3730,.F.);
#5195=ORIENTED_EDGE('',*,*,#3768,.T.);
#5196=ORIENTED_EDGE('',*,*,#3234,.F.);
#5197=ORIENTED_EDGE('',*,*,#3770,.F.);
#5198=ORIENTED_EDGE('',*,*,#3424,.F.);
#5199=ORIENTED_EDGE('',*,*,#3716,.F.);
#5200=ORIENTED_EDGE('',*,*,#3731,.F.);
#5201=ORIENTED_EDGE('',*,*,#3769,.T.);
#5202=ORIENTED_EDGE('',*,*,#3237,.F.);
#5203=ORIENTED_EDGE('',*,*,#3767,.T.);
#5204=ORIENTED_EDGE('',*,*,#3425,.T.);
#5205=ORIENTED_EDGE('',*,*,#3770,.T.);
#5206=ORIENTED_EDGE('',*,*,#3771,.T.);
#5207=ORIENTED_EDGE('',*,*,#3772,.T.);
#5208=ORIENTED_EDGE('',*,*,#3439,.T.);
#5209=ORIENTED_EDGE('',*,*,#3773,.T.);
#5210=ORIENTED_EDGE('',*,*,#3771,.F.);
#5211=ORIENTED_EDGE('',*,*,#3774,.T.);
#5212=ORIENTED_EDGE('',*,*,#3775,.F.);
#5213=ORIENTED_EDGE('',*,*,#3776,.T.);
#5214=ORIENTED_EDGE('',*,*,#3777,.F.);
#5215=ORIENTED_EDGE('',*,*,#3778,.T.);
#5216=ORIENTED_EDGE('',*,*,#3779,.T.);
#5217=ORIENTED_EDGE('',*,*,#3780,.F.);
#5218=ORIENTED_EDGE('',*,*,#3781,.T.);
#5219=ORIENTED_EDGE('',*,*,#3782,.F.);
#5220=ORIENTED_EDGE('',*,*,#3783,.T.);
#5221=ORIENTED_EDGE('',*,*,#3784,.F.);
#5222=ORIENTED_EDGE('',*,*,#3785,.T.);
#5223=ORIENTED_EDGE('',*,*,#3786,.T.);
#5224=ORIENTED_EDGE('',*,*,#3787,.T.);
#5225=ORIENTED_EDGE('',*,*,#3773,.F.);
#5226=ORIENTED_EDGE('',*,*,#3438,.F.);
#5227=ORIENTED_EDGE('',*,*,#3788,.F.);
#5228=ORIENTED_EDGE('',*,*,#3774,.F.);
#5229=ORIENTED_EDGE('',*,*,#3775,.T.);
#5230=ORIENTED_EDGE('',*,*,#3788,.T.);
#5231=ORIENTED_EDGE('',*,*,#3437,.T.);
#5232=ORIENTED_EDGE('',*,*,#3789,.T.);
#5233=ORIENTED_EDGE('',*,*,#3782,.T.);
#5234=ORIENTED_EDGE('',*,*,#3790,.T.);
#5235=ORIENTED_EDGE('',*,*,#3431,.T.);
#5236=ORIENTED_EDGE('',*,*,#3791,.T.);
#5237=ORIENTED_EDGE('',*,*,#3791,.F.);
#5238=ORIENTED_EDGE('',*,*,#3430,.F.);
#5239=ORIENTED_EDGE('',*,*,#3792,.F.);
#5240=ORIENTED_EDGE('',*,*,#3783,.F.);
#5241=ORIENTED_EDGE('',*,*,#3784,.T.);
#5242=ORIENTED_EDGE('',*,*,#3792,.T.);
#5243=ORIENTED_EDGE('',*,*,#3429,.F.);
#5244=ORIENTED_EDGE('',*,*,#3793,.T.);
#5245=ORIENTED_EDGE('',*,*,#3435,.F.);
#5246=ORIENTED_EDGE('',*,*,#3794,.T.);
#5247=ORIENTED_EDGE('',*,*,#3777,.T.);
#5248=ORIENTED_EDGE('',*,*,#3795,.T.);
#5249=ORIENTED_EDGE('',*,*,#3789,.F.);
#5250=ORIENTED_EDGE('',*,*,#3436,.F.);
#5251=ORIENTED_EDGE('',*,*,#3795,.F.);
#5252=ORIENTED_EDGE('',*,*,#3776,.F.);
#5253=ORIENTED_EDGE('',*,*,#3337,.F.);
#5254=ORIENTED_EDGE('',*,*,#3796,.T.);
#5255=ORIENTED_EDGE('',*,*,#3778,.F.);
#5256=ORIENTED_EDGE('',*,*,#3794,.F.);
#5257=ORIENTED_EDGE('',*,*,#3434,.T.);
#5258=ORIENTED_EDGE('',*,*,#3797,.F.);
#5259=ORIENTED_EDGE('',*,*,#3779,.F.);
#5260=ORIENTED_EDGE('',*,*,#3796,.F.);
#5261=ORIENTED_EDGE('',*,*,#3780,.T.);
#5262=ORIENTED_EDGE('',*,*,#3797,.T.);
#5263=ORIENTED_EDGE('',*,*,#3433,.T.);
#5264=ORIENTED_EDGE('',*,*,#3798,.T.);
#5265=ORIENTED_EDGE('',*,*,#3790,.F.);
#5266=ORIENTED_EDGE('',*,*,#3781,.F.);
#5267=ORIENTED_EDGE('',*,*,#3798,.F.);
#5268=ORIENTED_EDGE('',*,*,#3432,.F.);
#5269=ORIENTED_EDGE('',*,*,#3246,.F.);
#5270=ORIENTED_EDGE('',*,*,#3799,.F.);
#5271=ORIENTED_EDGE('',*,*,#3785,.F.);
#5272=ORIENTED_EDGE('',*,*,#3793,.F.);
#5273=ORIENTED_EDGE('',*,*,#3428,.F.);
#5274=ORIENTED_EDGE('',*,*,#3800,.F.);
#5275=ORIENTED_EDGE('',*,*,#3249,.F.);
#5276=ORIENTED_EDGE('',*,*,#3801,.F.);
#5277=ORIENTED_EDGE('',*,*,#3786,.F.);
#5278=ORIENTED_EDGE('',*,*,#3799,.T.);
#5279=ORIENTED_EDGE('',*,*,#3252,.F.);
#5280=ORIENTED_EDGE('',*,*,#3278,.F.);
#5281=ORIENTED_EDGE('',*,*,#3440,.F.);
#5282=ORIENTED_EDGE('',*,*,#3772,.F.);
#5283=ORIENTED_EDGE('',*,*,#3787,.F.);
#5284=ORIENTED_EDGE('',*,*,#3801,.T.);
#5285=ORIENTED_EDGE('',*,*,#3243,.F.);
#5286=ORIENTED_EDGE('',*,*,#3800,.T.);
#5287=ORIENTED_EDGE('',*,*,#3427,.T.);
#5288=ORIENTED_EDGE('',*,*,#3766,.T.);
#5289=ORIENTED_EDGE('',*,*,#3557,.F.);
#5290=ORIENTED_EDGE('',*,*,#3802,.T.);
#5291=ORIENTED_EDGE('',*,*,#3803,.F.);
#5292=ORIENTED_EDGE('',*,*,#3804,.F.);
#5293=ORIENTED_EDGE('',*,*,#3603,.F.);
#5294=ORIENTED_EDGE('',*,*,#3399,.F.);
#5295=ORIENTED_EDGE('',*,*,#3604,.F.);
#5296=ORIENTED_EDGE('',*,*,#3804,.T.);
#5297=ORIENTED_EDGE('',*,*,#3805,.F.);
#5298=ORIENTED_EDGE('',*,*,#3806,.F.);
#5299=ORIENTED_EDGE('',*,*,#3605,.F.);
#5300=ORIENTED_EDGE('',*,*,#3806,.T.);
#5301=ORIENTED_EDGE('',*,*,#3807,.F.);
#5302=ORIENTED_EDGE('',*,*,#3808,.F.);
#5303=ORIENTED_EDGE('',*,*,#3651,.F.);
#5304=ORIENTED_EDGE('',*,*,#3405,.F.);
#5305=ORIENTED_EDGE('',*,*,#3652,.F.);
#5306=ORIENTED_EDGE('',*,*,#3808,.T.);
#5307=ORIENTED_EDGE('',*,*,#3809,.F.);
#5308=ORIENTED_EDGE('',*,*,#3810,.F.);
#5309=ORIENTED_EDGE('',*,*,#3653,.F.);
#5310=ORIENTED_EDGE('',*,*,#3810,.T.);
#5311=ORIENTED_EDGE('',*,*,#3811,.F.);
#5312=ORIENTED_EDGE('',*,*,#3812,.F.);
#5313=ORIENTED_EDGE('',*,*,#3699,.F.);
#5314=ORIENTED_EDGE('',*,*,#3411,.F.);
#5315=ORIENTED_EDGE('',*,*,#3700,.F.);
#5316=ORIENTED_EDGE('',*,*,#3812,.T.);
#5317=ORIENTED_EDGE('',*,*,#3813,.F.);
#5318=ORIENTED_EDGE('',*,*,#3814,.F.);
#5319=ORIENTED_EDGE('',*,*,#3698,.F.);
#5320=ORIENTED_EDGE('',*,*,#3814,.T.);
#5321=ORIENTED_EDGE('',*,*,#3815,.F.);
#5322=ORIENTED_EDGE('',*,*,#3816,.F.);
#5323=ORIENTED_EDGE('',*,*,#3384,.F.);
#5324=ORIENTED_EDGE('',*,*,#3417,.F.);
#5325=ORIENTED_EDGE('',*,*,#3385,.F.);
#5326=ORIENTED_EDGE('',*,*,#3816,.T.);
#5327=ORIENTED_EDGE('',*,*,#3817,.F.);
#5328=ORIENTED_EDGE('',*,*,#3818,.F.);
#5329=ORIENTED_EDGE('',*,*,#3386,.F.);
#5330=ORIENTED_EDGE('',*,*,#3818,.T.);
#5331=ORIENTED_EDGE('',*,*,#3819,.F.);
#5332=ORIENTED_EDGE('',*,*,#3820,.F.);
#5333=ORIENTED_EDGE('',*,*,#3507,.F.);
#5334=ORIENTED_EDGE('',*,*,#3387,.F.);
#5335=ORIENTED_EDGE('',*,*,#3508,.F.);
#5336=ORIENTED_EDGE('',*,*,#3820,.T.);
#5337=ORIENTED_EDGE('',*,*,#3821,.F.);
#5338=ORIENTED_EDGE('',*,*,#3822,.F.);
#5339=ORIENTED_EDGE('',*,*,#3509,.F.);
#5340=ORIENTED_EDGE('',*,*,#3822,.T.);
#5341=ORIENTED_EDGE('',*,*,#3823,.F.);
#5342=ORIENTED_EDGE('',*,*,#3824,.F.);
#5343=ORIENTED_EDGE('',*,*,#3555,.F.);
#5344=ORIENTED_EDGE('',*,*,#3393,.F.);
#5345=ORIENTED_EDGE('',*,*,#3556,.F.);
#5346=ORIENTED_EDGE('',*,*,#3824,.T.);
#5347=ORIENTED_EDGE('',*,*,#3825,.F.);
#5348=ORIENTED_EDGE('',*,*,#3802,.F.);
#5349=ORIENTED_EDGE('',*,*,#3466,.F.);
#5350=ORIENTED_EDGE('',*,*,#3704,.F.);
#5351=ORIENTED_EDGE('',*,*,#3826,.F.);
#5352=ORIENTED_EDGE('',*,*,#3827,.T.);
#5353=ORIENTED_EDGE('',*,*,#3463,.F.);
#5354=ORIENTED_EDGE('',*,*,#3827,.F.);
#5355=ORIENTED_EDGE('',*,*,#3828,.F.);
#5356=ORIENTED_EDGE('',*,*,#3829,.T.);
#5357=ORIENTED_EDGE('',*,*,#3459,.F.);
#5358=ORIENTED_EDGE('',*,*,#3829,.F.);
#5359=ORIENTED_EDGE('',*,*,#3830,.F.);
#5360=ORIENTED_EDGE('',*,*,#3831,.T.);
#5361=ORIENTED_EDGE('',*,*,#3701,.F.);
#5362=ORIENTED_EDGE('',*,*,#3831,.F.);
#5363=ORIENTED_EDGE('',*,*,#3832,.F.);
#5364=ORIENTED_EDGE('',*,*,#3833,.T.);
#5365=ORIENTED_EDGE('',*,*,#3658,.F.);
#5366=ORIENTED_EDGE('',*,*,#3833,.F.);
#5367=ORIENTED_EDGE('',*,*,#3834,.F.);
#5368=ORIENTED_EDGE('',*,*,#3835,.T.);
#5369=ORIENTED_EDGE('',*,*,#3655,.F.);
#5370=ORIENTED_EDGE('',*,*,#3835,.F.);
#5371=ORIENTED_EDGE('',*,*,#3836,.F.);
#5372=ORIENTED_EDGE('',*,*,#3713,.T.);
#5373=ORIENTED_EDGE('',*,*,#3708,.T.);
#5374=ORIENTED_EDGE('',*,*,#3710,.T.);
#5375=ORIENTED_EDGE('',*,*,#3712,.T.);
#5376=ORIENTED_EDGE('',*,*,#3714,.T.);
#5377=ORIENTED_EDGE('',*,*,#3836,.T.);
#5378=ORIENTED_EDGE('',*,*,#3834,.T.);
#5379=ORIENTED_EDGE('',*,*,#3832,.T.);
#5380=ORIENTED_EDGE('',*,*,#3830,.T.);
#5381=ORIENTED_EDGE('',*,*,#3828,.T.);
#5382=ORIENTED_EDGE('',*,*,#3826,.T.);
#5383=ORIENTED_EDGE('',*,*,#3703,.T.);
#5384=ORIENTED_EDGE('',*,*,#3706,.T.);
#5385=ORIENTED_EDGE('',*,*,#3825,.T.);
#5386=ORIENTED_EDGE('',*,*,#3823,.T.);
#5387=ORIENTED_EDGE('',*,*,#3821,.T.);
#5388=ORIENTED_EDGE('',*,*,#3819,.T.);
#5389=ORIENTED_EDGE('',*,*,#3817,.T.);
#5390=ORIENTED_EDGE('',*,*,#3815,.T.);
#5391=ORIENTED_EDGE('',*,*,#3813,.T.);
#5392=ORIENTED_EDGE('',*,*,#3811,.T.);
#5393=ORIENTED_EDGE('',*,*,#3809,.T.);
#5394=ORIENTED_EDGE('',*,*,#3807,.T.);
#5395=ORIENTED_EDGE('',*,*,#3805,.T.);
#5396=ORIENTED_EDGE('',*,*,#3803,.T.);
#5397=ORIENTED_EDGE('',*,*,#3837,.T.);
#5398=ORIENTED_EDGE('',*,*,#3838,.T.);
#5399=ORIENTED_EDGE('',*,*,#3839,.T.);
#5400=ORIENTED_EDGE('',*,*,#3840,.T.);
#5401=ORIENTED_EDGE('',*,*,#3841,.T.);
#5402=ORIENTED_EDGE('',*,*,#3842,.T.);
#5403=ORIENTED_EDGE('',*,*,#3843,.T.);
#5404=ORIENTED_EDGE('',*,*,#3844,.T.);
#5405=ORIENTED_EDGE('',*,*,#3845,.T.);
#5406=ORIENTED_EDGE('',*,*,#3846,.T.);
#5407=ORIENTED_EDGE('',*,*,#3847,.T.);
#5408=ORIENTED_EDGE('',*,*,#3848,.T.);
#5409=ORIENTED_EDGE('',*,*,#3849,.T.);
#5410=ORIENTED_EDGE('',*,*,#3850,.T.);
#5411=ORIENTED_EDGE('',*,*,#3851,.T.);
#5412=ORIENTED_EDGE('',*,*,#3852,.T.);
#5413=ORIENTED_EDGE('',*,*,#3853,.T.);
#5414=ORIENTED_EDGE('',*,*,#3854,.T.);
#5415=ORIENTED_EDGE('',*,*,#3855,.T.);
#5416=ORIENTED_EDGE('',*,*,#3856,.T.);
#5417=ORIENTED_EDGE('',*,*,#3857,.T.);
#5418=ORIENTED_EDGE('',*,*,#3858,.T.);
#5419=ORIENTED_EDGE('',*,*,#3859,.T.);
#5420=ORIENTED_EDGE('',*,*,#3860,.T.);
#5421=ORIENTED_EDGE('',*,*,#3861,.T.);
#5422=ORIENTED_EDGE('',*,*,#3858,.F.);
#5423=ORIENTED_EDGE('',*,*,#3862,.T.);
#5424=ORIENTED_EDGE('',*,*,#3854,.F.);
#5425=ORIENTED_EDGE('',*,*,#3863,.T.);
#5426=ORIENTED_EDGE('',*,*,#3860,.F.);
#5427=ORIENTED_EDGE('',*,*,#3864,.T.);
#5428=ORIENTED_EDGE('',*,*,#3850,.F.);
#5429=ORIENTED_EDGE('',*,*,#3865,.T.);
#5430=ORIENTED_EDGE('',*,*,#3856,.F.);
#5431=ORIENTED_EDGE('',*,*,#3866,.T.);
#5432=ORIENTED_EDGE('',*,*,#3846,.F.);
#5433=ORIENTED_EDGE('',*,*,#3867,.T.);
#5434=ORIENTED_EDGE('',*,*,#3852,.F.);
#5435=ORIENTED_EDGE('',*,*,#3868,.T.);
#5436=ORIENTED_EDGE('',*,*,#3842,.F.);
#5437=ORIENTED_EDGE('',*,*,#3869,.T.);
#5438=ORIENTED_EDGE('',*,*,#3848,.F.);
#5439=ORIENTED_EDGE('',*,*,#3870,.T.);
#5440=ORIENTED_EDGE('',*,*,#3840,.F.);
#5441=ORIENTED_EDGE('',*,*,#3871,.T.);
#5442=ORIENTED_EDGE('',*,*,#3844,.F.);
#5443=ORIENTED_EDGE('',*,*,#3872,.T.);
#5444=ORIENTED_EDGE('',*,*,#3838,.F.);
#5445=ORIENTED_EDGE('',*,*,#3870,.F.);
#5446=ORIENTED_EDGE('',*,*,#3873,.F.);
#5447=ORIENTED_EDGE('',*,*,#3874,.F.);
#5448=ORIENTED_EDGE('',*,*,#3875,.F.);
#5449=ORIENTED_EDGE('',*,*,#3847,.F.);
#5450=ORIENTED_EDGE('',*,*,#3876,.T.);
#5451=ORIENTED_EDGE('',*,*,#3877,.F.);
#5452=ORIENTED_EDGE('',*,*,#3873,.T.);
#5453=ORIENTED_EDGE('',*,*,#3866,.F.);
#5454=ORIENTED_EDGE('',*,*,#3878,.F.);
#5455=ORIENTED_EDGE('',*,*,#3879,.F.);
#5456=ORIENTED_EDGE('',*,*,#3876,.F.);
#5457=ORIENTED_EDGE('',*,*,#3855,.F.);
#5458=ORIENTED_EDGE('',*,*,#3880,.T.);
#5459=ORIENTED_EDGE('',*,*,#3881,.F.);
#5460=ORIENTED_EDGE('',*,*,#3878,.T.);
#5461=ORIENTED_EDGE('',*,*,#3862,.F.);
#5462=ORIENTED_EDGE('',*,*,#3882,.F.);
#5463=ORIENTED_EDGE('',*,*,#3883,.F.);
#5464=ORIENTED_EDGE('',*,*,#3880,.F.);
#5465=ORIENTED_EDGE('',*,*,#3857,.F.);
#5466=ORIENTED_EDGE('',*,*,#3884,.T.);
#5467=ORIENTED_EDGE('',*,*,#3885,.F.);
#5468=ORIENTED_EDGE('',*,*,#3882,.T.);
#5469=ORIENTED_EDGE('',*,*,#3886,.F.);
#5470=ORIENTED_EDGE('',*,*,#3887,.F.);
#5471=ORIENTED_EDGE('',*,*,#3888,.F.);
#5472=ORIENTED_EDGE('',*,*,#3889,.F.);
#5473=ORIENTED_EDGE('',*,*,#3890,.F.);
#5474=ORIENTED_EDGE('',*,*,#3891,.F.);
#5475=ORIENTED_EDGE('',*,*,#3892,.F.);
#5476=ORIENTED_EDGE('',*,*,#3893,.F.);
#5477=ORIENTED_EDGE('',*,*,#3894,.F.);
#5478=ORIENTED_EDGE('',*,*,#3895,.F.);
#5479=ORIENTED_EDGE('',*,*,#3896,.F.);
#5480=ORIENTED_EDGE('',*,*,#3897,.F.);
#5481=ORIENTED_EDGE('',*,*,#3898,.F.);
#5482=ORIENTED_EDGE('',*,*,#3899,.F.);
#5483=ORIENTED_EDGE('',*,*,#3900,.F.);
#5484=ORIENTED_EDGE('',*,*,#3901,.F.);
#5485=ORIENTED_EDGE('',*,*,#3902,.F.);
#5486=ORIENTED_EDGE('',*,*,#3903,.F.);
#5487=ORIENTED_EDGE('',*,*,#3904,.F.);
#5488=ORIENTED_EDGE('',*,*,#3905,.F.);
#5489=ORIENTED_EDGE('',*,*,#3906,.F.);
#5490=ORIENTED_EDGE('',*,*,#3907,.F.);
#5491=ORIENTED_EDGE('',*,*,#3908,.F.);
#5492=ORIENTED_EDGE('',*,*,#3909,.F.);
#5493=ORIENTED_EDGE('',*,*,#3859,.F.);
#5494=ORIENTED_EDGE('',*,*,#3861,.F.);
#5495=ORIENTED_EDGE('',*,*,#3853,.F.);
#5496=ORIENTED_EDGE('',*,*,#3865,.F.);
#5497=ORIENTED_EDGE('',*,*,#3845,.F.);
#5498=ORIENTED_EDGE('',*,*,#3869,.F.);
#5499=ORIENTED_EDGE('',*,*,#3839,.F.);
#5500=ORIENTED_EDGE('',*,*,#3872,.F.);
#5501=ORIENTED_EDGE('',*,*,#3843,.F.);
#5502=ORIENTED_EDGE('',*,*,#3868,.F.);
#5503=ORIENTED_EDGE('',*,*,#3851,.F.);
#5504=ORIENTED_EDGE('',*,*,#3864,.F.);
#5505=ORIENTED_EDGE('',*,*,#3910,.T.);
#5506=ORIENTED_EDGE('',*,*,#3911,.T.);
#5507=ORIENTED_EDGE('',*,*,#3902,.T.);
#5508=ORIENTED_EDGE('',*,*,#3912,.F.);
#5509=ORIENTED_EDGE('',*,*,#3913,.T.);
#5510=ORIENTED_EDGE('',*,*,#3914,.T.);
#5511=ORIENTED_EDGE('',*,*,#3903,.T.);
#5512=ORIENTED_EDGE('',*,*,#3911,.F.);
#5513=ORIENTED_EDGE('',*,*,#3915,.T.);
#5514=ORIENTED_EDGE('',*,*,#3916,.T.);
#5515=ORIENTED_EDGE('',*,*,#3904,.T.);
#5516=ORIENTED_EDGE('',*,*,#3914,.F.);
#5517=ORIENTED_EDGE('',*,*,#3917,.T.);
#5518=ORIENTED_EDGE('',*,*,#3918,.T.);
#5519=ORIENTED_EDGE('',*,*,#3906,.T.);
#5520=ORIENTED_EDGE('',*,*,#3919,.T.);
#5521=ORIENTED_EDGE('',*,*,#3920,.T.);
#5522=ORIENTED_EDGE('',*,*,#3921,.T.);
#5523=ORIENTED_EDGE('',*,*,#3907,.T.);
#5524=ORIENTED_EDGE('',*,*,#3918,.F.);
#5525=ORIENTED_EDGE('',*,*,#3922,.T.);
#5526=ORIENTED_EDGE('',*,*,#3923,.T.);
#5527=ORIENTED_EDGE('',*,*,#3908,.T.);
#5528=ORIENTED_EDGE('',*,*,#3921,.F.);
#5529=ORIENTED_EDGE('',*,*,#3924,.T.);
#5530=ORIENTED_EDGE('',*,*,#3925,.T.);
#5531=ORIENTED_EDGE('',*,*,#3886,.T.);
#5532=ORIENTED_EDGE('',*,*,#3926,.T.);
#5533=ORIENTED_EDGE('',*,*,#3927,.T.);
#5534=ORIENTED_EDGE('',*,*,#3928,.T.);
#5535=ORIENTED_EDGE('',*,*,#3887,.T.);
#5536=ORIENTED_EDGE('',*,*,#3925,.F.);
#5537=ORIENTED_EDGE('',*,*,#3929,.T.);
#5538=ORIENTED_EDGE('',*,*,#3930,.T.);
#5539=ORIENTED_EDGE('',*,*,#3888,.T.);
#5540=ORIENTED_EDGE('',*,*,#3928,.F.);
#5541=ORIENTED_EDGE('',*,*,#3889,.T.);
#5542=ORIENTED_EDGE('',*,*,#3930,.F.);
#5543=ORIENTED_EDGE('',*,*,#3931,.T.);
#5544=ORIENTED_EDGE('',*,*,#3932,.T.);
#5545=ORIENTED_EDGE('',*,*,#3890,.T.);
#5546=ORIENTED_EDGE('',*,*,#3932,.F.);
#5547=ORIENTED_EDGE('',*,*,#3933,.T.);
#5548=ORIENTED_EDGE('',*,*,#3934,.T.);
#5549=ORIENTED_EDGE('',*,*,#3891,.T.);
#5550=ORIENTED_EDGE('',*,*,#3934,.F.);
#5551=ORIENTED_EDGE('',*,*,#3935,.T.);
#5552=ORIENTED_EDGE('',*,*,#3936,.T.);
#5553=ORIENTED_EDGE('',*,*,#3892,.T.);
#5554=ORIENTED_EDGE('',*,*,#3936,.F.);
#5555=ORIENTED_EDGE('',*,*,#3937,.T.);
#5556=ORIENTED_EDGE('',*,*,#3938,.T.);
#5557=ORIENTED_EDGE('',*,*,#3939,.T.);
#5558=ORIENTED_EDGE('',*,*,#3926,.F.);
#5559=ORIENTED_EDGE('',*,*,#3909,.T.);
#5560=ORIENTED_EDGE('',*,*,#3923,.F.);
#5561=ORIENTED_EDGE('',*,*,#3893,.T.);
#5562=ORIENTED_EDGE('',*,*,#3938,.F.);
#5563=ORIENTED_EDGE('',*,*,#3940,.T.);
#5564=ORIENTED_EDGE('',*,*,#3941,.T.);
#5565=ORIENTED_EDGE('',*,*,#3894,.T.);
#5566=ORIENTED_EDGE('',*,*,#3941,.F.);
#5567=ORIENTED_EDGE('',*,*,#3942,.T.);
#5568=ORIENTED_EDGE('',*,*,#3943,.T.);
#5569=ORIENTED_EDGE('',*,*,#3895,.T.);
#5570=ORIENTED_EDGE('',*,*,#3943,.F.);
#5571=ORIENTED_EDGE('',*,*,#3944,.T.);
#5572=ORIENTED_EDGE('',*,*,#3945,.T.);
#5573=ORIENTED_EDGE('',*,*,#3896,.T.);
#5574=ORIENTED_EDGE('',*,*,#3945,.F.);
#5575=ORIENTED_EDGE('',*,*,#3946,.T.);
#5576=ORIENTED_EDGE('',*,*,#3947,.T.);
#5577=ORIENTED_EDGE('',*,*,#3948,.T.);
#5578=ORIENTED_EDGE('',*,*,#3919,.F.);
#5579=ORIENTED_EDGE('',*,*,#3905,.T.);
#5580=ORIENTED_EDGE('',*,*,#3916,.F.);
#5581=ORIENTED_EDGE('',*,*,#3897,.T.);
#5582=ORIENTED_EDGE('',*,*,#3947,.F.);
#5583=ORIENTED_EDGE('',*,*,#3949,.T.);
#5584=ORIENTED_EDGE('',*,*,#3950,.T.);
#5585=ORIENTED_EDGE('',*,*,#3898,.T.);
#5586=ORIENTED_EDGE('',*,*,#3950,.F.);
#5587=ORIENTED_EDGE('',*,*,#3951,.T.);
#5588=ORIENTED_EDGE('',*,*,#3952,.T.);
#5589=ORIENTED_EDGE('',*,*,#3899,.T.);
#5590=ORIENTED_EDGE('',*,*,#3952,.F.);
#5591=ORIENTED_EDGE('',*,*,#3953,.T.);
#5592=ORIENTED_EDGE('',*,*,#3954,.T.);
#5593=ORIENTED_EDGE('',*,*,#3900,.T.);
#5594=ORIENTED_EDGE('',*,*,#3954,.F.);
#5595=ORIENTED_EDGE('',*,*,#3955,.T.);
#5596=ORIENTED_EDGE('',*,*,#3956,.T.);
#5597=ORIENTED_EDGE('',*,*,#3901,.T.);
#5598=ORIENTED_EDGE('',*,*,#3956,.F.);
#5599=ORIENTED_EDGE('',*,*,#3957,.T.);
#5600=ORIENTED_EDGE('',*,*,#3912,.T.);
#5601=ORIENTED_EDGE('',*,*,#3949,.F.);
#5602=ORIENTED_EDGE('',*,*,#3958,.F.);
#5603=ORIENTED_EDGE('',*,*,#3959,.F.);
#5604=ORIENTED_EDGE('',*,*,#3960,.F.);
#5605=ORIENTED_EDGE('',*,*,#3946,.F.);
#5606=ORIENTED_EDGE('',*,*,#3961,.F.);
#5607=ORIENTED_EDGE('',*,*,#3962,.F.);
#5608=ORIENTED_EDGE('',*,*,#3958,.T.);
#5609=ORIENTED_EDGE('',*,*,#3944,.F.);
#5610=ORIENTED_EDGE('',*,*,#3963,.F.);
#5611=ORIENTED_EDGE('',*,*,#3964,.F.);
#5612=ORIENTED_EDGE('',*,*,#3961,.T.);
#5613=ORIENTED_EDGE('',*,*,#3942,.F.);
#5614=ORIENTED_EDGE('',*,*,#3965,.T.);
#5615=ORIENTED_EDGE('',*,*,#3966,.F.);
#5616=ORIENTED_EDGE('',*,*,#3963,.T.);
#5617=ORIENTED_EDGE('',*,*,#3940,.F.);
#5618=ORIENTED_EDGE('',*,*,#3967,.F.);
#5619=ORIENTED_EDGE('',*,*,#3968,.F.);
#5620=ORIENTED_EDGE('',*,*,#3965,.F.);
#5621=ORIENTED_EDGE('',*,*,#3937,.F.);
#5622=ORIENTED_EDGE('',*,*,#3969,.F.);
#5623=ORIENTED_EDGE('',*,*,#3970,.F.);
#5624=ORIENTED_EDGE('',*,*,#3967,.T.);
#5625=ORIENTED_EDGE('',*,*,#3935,.F.);
#5626=ORIENTED_EDGE('',*,*,#3971,.F.);
#5627=ORIENTED_EDGE('',*,*,#3972,.F.);
#5628=ORIENTED_EDGE('',*,*,#3969,.T.);
#5629=ORIENTED_EDGE('',*,*,#3933,.F.);
#5630=ORIENTED_EDGE('',*,*,#3973,.T.);
#5631=ORIENTED_EDGE('',*,*,#3974,.F.);
#5632=ORIENTED_EDGE('',*,*,#3971,.T.);
#5633=ORIENTED_EDGE('',*,*,#3931,.F.);
#5634=ORIENTED_EDGE('',*,*,#3975,.F.);
#5635=ORIENTED_EDGE('',*,*,#3976,.F.);
#5636=ORIENTED_EDGE('',*,*,#3973,.F.);
#5637=ORIENTED_EDGE('',*,*,#3929,.F.);
#5638=ORIENTED_EDGE('',*,*,#3977,.F.);
#5639=ORIENTED_EDGE('',*,*,#3978,.F.);
#5640=ORIENTED_EDGE('',*,*,#3975,.T.);
#5641=ORIENTED_EDGE('',*,*,#3927,.F.);
#5642=ORIENTED_EDGE('',*,*,#3979,.F.);
#5643=ORIENTED_EDGE('',*,*,#3980,.F.);
#5644=ORIENTED_EDGE('',*,*,#3977,.T.);
#5645=ORIENTED_EDGE('',*,*,#3924,.F.);
#5646=ORIENTED_EDGE('',*,*,#3981,.T.);
#5647=ORIENTED_EDGE('',*,*,#3982,.F.);
#5648=ORIENTED_EDGE('',*,*,#3979,.T.);
#5649=ORIENTED_EDGE('',*,*,#3983,.T.);
#5650=ORIENTED_EDGE('',*,*,#3984,.T.);
#5651=ORIENTED_EDGE('',*,*,#3985,.T.);
#5652=ORIENTED_EDGE('',*,*,#3986,.F.);
#5653=ORIENTED_EDGE('',*,*,#3987,.T.);
#5654=ORIENTED_EDGE('',*,*,#3988,.T.);
#5655=ORIENTED_EDGE('',*,*,#3989,.T.);
#5656=ORIENTED_EDGE('',*,*,#3984,.F.);
#5657=ORIENTED_EDGE('',*,*,#3990,.T.);
#5658=ORIENTED_EDGE('',*,*,#3991,.T.);
#5659=ORIENTED_EDGE('',*,*,#3992,.T.);
#5660=ORIENTED_EDGE('',*,*,#3988,.F.);
#5661=ORIENTED_EDGE('',*,*,#3993,.T.);
#5662=ORIENTED_EDGE('',*,*,#3994,.T.);
#5663=ORIENTED_EDGE('',*,*,#3995,.T.);
#5664=ORIENTED_EDGE('',*,*,#3991,.F.);
#5665=ORIENTED_EDGE('',*,*,#3996,.T.);
#5666=ORIENTED_EDGE('',*,*,#3997,.T.);
#5667=ORIENTED_EDGE('',*,*,#3998,.T.);
#5668=ORIENTED_EDGE('',*,*,#3994,.F.);
#5669=ORIENTED_EDGE('',*,*,#3999,.T.);
#5670=ORIENTED_EDGE('',*,*,#4000,.T.);
#5671=ORIENTED_EDGE('',*,*,#4001,.T.);
#5672=ORIENTED_EDGE('',*,*,#3997,.F.);
#5673=ORIENTED_EDGE('',*,*,#4002,.T.);
#5674=ORIENTED_EDGE('',*,*,#4003,.T.);
#5675=ORIENTED_EDGE('',*,*,#4004,.T.);
#5676=ORIENTED_EDGE('',*,*,#4000,.F.);
#5677=ORIENTED_EDGE('',*,*,#4005,.T.);
#5678=ORIENTED_EDGE('',*,*,#4006,.T.);
#5679=ORIENTED_EDGE('',*,*,#4007,.T.);
#5680=ORIENTED_EDGE('',*,*,#4003,.F.);
#5681=ORIENTED_EDGE('',*,*,#4008,.T.);
#5682=ORIENTED_EDGE('',*,*,#4009,.T.);
#5683=ORIENTED_EDGE('',*,*,#4010,.T.);
#5684=ORIENTED_EDGE('',*,*,#4006,.F.);
#5685=ORIENTED_EDGE('',*,*,#4011,.T.);
#5686=ORIENTED_EDGE('',*,*,#4012,.T.);
#5687=ORIENTED_EDGE('',*,*,#3982,.T.);
#5688=ORIENTED_EDGE('',*,*,#4009,.F.);
#5689=ORIENTED_EDGE('',*,*,#4013,.T.);
#5690=ORIENTED_EDGE('',*,*,#4014,.T.);
#5691=ORIENTED_EDGE('',*,*,#3980,.T.);
#5692=ORIENTED_EDGE('',*,*,#4012,.F.);
#5693=ORIENTED_EDGE('',*,*,#4015,.T.);
#5694=ORIENTED_EDGE('',*,*,#4016,.T.);
#5695=ORIENTED_EDGE('',*,*,#3978,.T.);
#5696=ORIENTED_EDGE('',*,*,#4014,.F.);
#5697=ORIENTED_EDGE('',*,*,#4017,.T.);
#5698=ORIENTED_EDGE('',*,*,#4018,.T.);
#5699=ORIENTED_EDGE('',*,*,#3976,.T.);
#5700=ORIENTED_EDGE('',*,*,#4016,.F.);
#5701=ORIENTED_EDGE('',*,*,#3974,.T.);
#5702=ORIENTED_EDGE('',*,*,#4018,.F.);
#5703=ORIENTED_EDGE('',*,*,#4019,.T.);
#5704=ORIENTED_EDGE('',*,*,#4020,.T.);
#5705=ORIENTED_EDGE('',*,*,#3972,.T.);
#5706=ORIENTED_EDGE('',*,*,#4020,.F.);
#5707=ORIENTED_EDGE('',*,*,#4021,.T.);
#5708=ORIENTED_EDGE('',*,*,#4022,.T.);
#5709=ORIENTED_EDGE('',*,*,#3970,.T.);
#5710=ORIENTED_EDGE('',*,*,#4022,.F.);
#5711=ORIENTED_EDGE('',*,*,#4023,.T.);
#5712=ORIENTED_EDGE('',*,*,#4024,.T.);
#5713=ORIENTED_EDGE('',*,*,#3968,.T.);
#5714=ORIENTED_EDGE('',*,*,#4024,.F.);
#5715=ORIENTED_EDGE('',*,*,#4025,.T.);
#5716=ORIENTED_EDGE('',*,*,#4026,.T.);
#5717=ORIENTED_EDGE('',*,*,#3966,.T.);
#5718=ORIENTED_EDGE('',*,*,#4026,.F.);
#5719=ORIENTED_EDGE('',*,*,#4027,.T.);
#5720=ORIENTED_EDGE('',*,*,#4028,.T.);
#5721=ORIENTED_EDGE('',*,*,#3964,.T.);
#5722=ORIENTED_EDGE('',*,*,#4028,.F.);
#5723=ORIENTED_EDGE('',*,*,#4029,.T.);
#5724=ORIENTED_EDGE('',*,*,#4030,.T.);
#5725=ORIENTED_EDGE('',*,*,#3962,.T.);
#5726=ORIENTED_EDGE('',*,*,#4030,.F.);
#5727=ORIENTED_EDGE('',*,*,#4031,.T.);
#5728=ORIENTED_EDGE('',*,*,#4032,.T.);
#5729=ORIENTED_EDGE('',*,*,#3959,.T.);
#5730=ORIENTED_EDGE('',*,*,#4032,.F.);
#5731=ORIENTED_EDGE('',*,*,#4033,.T.);
#5732=ORIENTED_EDGE('',*,*,#4034,.T.);
#5733=ORIENTED_EDGE('',*,*,#4035,.T.);
#5734=ORIENTED_EDGE('',*,*,#4034,.F.);
#5735=ORIENTED_EDGE('',*,*,#4036,.T.);
#5736=ORIENTED_EDGE('',*,*,#4037,.T.);
#5737=ORIENTED_EDGE('',*,*,#4038,.T.);
#5738=ORIENTED_EDGE('',*,*,#4037,.F.);
#5739=ORIENTED_EDGE('',*,*,#4039,.T.);
#5740=ORIENTED_EDGE('',*,*,#4040,.T.);
#5741=ORIENTED_EDGE('',*,*,#4041,.T.);
#5742=ORIENTED_EDGE('',*,*,#4040,.F.);
#5743=ORIENTED_EDGE('',*,*,#4042,.T.);
#5744=ORIENTED_EDGE('',*,*,#3986,.T.);
#5745=ORIENTED_EDGE('',*,*,#3951,.F.);
#5746=ORIENTED_EDGE('',*,*,#3960,.T.);
#5747=ORIENTED_EDGE('',*,*,#4035,.F.);
#5748=ORIENTED_EDGE('',*,*,#4043,.T.);
#5749=ORIENTED_EDGE('',*,*,#3953,.F.);
#5750=ORIENTED_EDGE('',*,*,#4043,.F.);
#5751=ORIENTED_EDGE('',*,*,#4038,.F.);
#5752=ORIENTED_EDGE('',*,*,#4044,.T.);
#5753=ORIENTED_EDGE('',*,*,#3955,.F.);
#5754=ORIENTED_EDGE('',*,*,#4044,.F.);
#5755=ORIENTED_EDGE('',*,*,#4041,.F.);
#5756=ORIENTED_EDGE('',*,*,#4045,.T.);
#5757=ORIENTED_EDGE('',*,*,#3957,.F.);
#5758=ORIENTED_EDGE('',*,*,#4045,.F.);
#5759=ORIENTED_EDGE('',*,*,#3985,.F.);
#5760=ORIENTED_EDGE('',*,*,#4046,.F.);
#5761=ORIENTED_EDGE('',*,*,#3983,.F.);
#5762=ORIENTED_EDGE('',*,*,#4042,.F.);
#5763=ORIENTED_EDGE('',*,*,#4039,.F.);
#5764=ORIENTED_EDGE('',*,*,#4036,.F.);
#5765=ORIENTED_EDGE('',*,*,#4033,.F.);
#5766=ORIENTED_EDGE('',*,*,#4031,.F.);
#5767=ORIENTED_EDGE('',*,*,#4029,.F.);
#5768=ORIENTED_EDGE('',*,*,#4027,.F.);
#5769=ORIENTED_EDGE('',*,*,#4025,.F.);
#5770=ORIENTED_EDGE('',*,*,#4023,.F.);
#5771=ORIENTED_EDGE('',*,*,#4021,.F.);
#5772=ORIENTED_EDGE('',*,*,#4019,.F.);
#5773=ORIENTED_EDGE('',*,*,#4017,.F.);
#5774=ORIENTED_EDGE('',*,*,#4015,.F.);
#5775=ORIENTED_EDGE('',*,*,#4013,.F.);
#5776=ORIENTED_EDGE('',*,*,#4011,.F.);
#5777=ORIENTED_EDGE('',*,*,#4008,.F.);
#5778=ORIENTED_EDGE('',*,*,#4005,.F.);
#5779=ORIENTED_EDGE('',*,*,#4002,.F.);
#5780=ORIENTED_EDGE('',*,*,#3999,.F.);
#5781=ORIENTED_EDGE('',*,*,#3996,.F.);
#5782=ORIENTED_EDGE('',*,*,#3993,.F.);
#5783=ORIENTED_EDGE('',*,*,#3990,.F.);
#5784=ORIENTED_EDGE('',*,*,#3987,.F.);
#5785=ORIENTED_EDGE('',*,*,#4047,.F.);
#5786=ORIENTED_EDGE('',*,*,#4048,.F.);
#5787=ORIENTED_EDGE('',*,*,#4049,.F.);
#5788=ORIENTED_EDGE('',*,*,#4050,.F.);
#5789=ORIENTED_EDGE('',*,*,#4051,.F.);
#5790=ORIENTED_EDGE('',*,*,#4052,.F.);
#5791=ORIENTED_EDGE('',*,*,#4053,.F.);
#5792=ORIENTED_EDGE('',*,*,#4054,.F.);
#5793=ORIENTED_EDGE('',*,*,#4055,.F.);
#5794=ORIENTED_EDGE('',*,*,#4056,.F.);
#5795=ORIENTED_EDGE('',*,*,#4057,.F.);
#5796=ORIENTED_EDGE('',*,*,#4058,.F.);
#5797=ORIENTED_EDGE('',*,*,#4047,.T.);
#5798=ORIENTED_EDGE('',*,*,#4059,.T.);
#5799=ORIENTED_EDGE('',*,*,#3877,.T.);
#5800=ORIENTED_EDGE('',*,*,#4060,.F.);
#5801=ORIENTED_EDGE('',*,*,#4058,.T.);
#5802=ORIENTED_EDGE('',*,*,#4061,.T.);
#5803=ORIENTED_EDGE('',*,*,#3874,.T.);
#5804=ORIENTED_EDGE('',*,*,#4059,.F.);
#5805=ORIENTED_EDGE('',*,*,#4057,.T.);
#5806=ORIENTED_EDGE('',*,*,#4062,.T.);
#5807=ORIENTED_EDGE('',*,*,#4063,.T.);
#5808=ORIENTED_EDGE('',*,*,#4061,.F.);
#5809=ORIENTED_EDGE('',*,*,#4056,.T.);
#5810=ORIENTED_EDGE('',*,*,#4064,.T.);
#5811=ORIENTED_EDGE('',*,*,#4065,.T.);
#5812=ORIENTED_EDGE('',*,*,#4062,.F.);
#5813=ORIENTED_EDGE('',*,*,#4055,.T.);
#5814=ORIENTED_EDGE('',*,*,#4066,.T.);
#5815=ORIENTED_EDGE('',*,*,#4067,.T.);
#5816=ORIENTED_EDGE('',*,*,#4064,.F.);
#5817=ORIENTED_EDGE('',*,*,#4054,.T.);
#5818=ORIENTED_EDGE('',*,*,#4068,.T.);
#5819=ORIENTED_EDGE('',*,*,#4069,.T.);
#5820=ORIENTED_EDGE('',*,*,#4066,.F.);
#5821=ORIENTED_EDGE('',*,*,#4053,.T.);
#5822=ORIENTED_EDGE('',*,*,#4070,.T.);
#5823=ORIENTED_EDGE('',*,*,#4071,.T.);
#5824=ORIENTED_EDGE('',*,*,#4068,.F.);
#5825=ORIENTED_EDGE('',*,*,#4072,.T.);
#5826=ORIENTED_EDGE('',*,*,#4070,.F.);
#5827=ORIENTED_EDGE('',*,*,#4052,.T.);
#5828=ORIENTED_EDGE('',*,*,#4073,.T.);
#5829=ORIENTED_EDGE('',*,*,#3885,.T.);
#5830=ORIENTED_EDGE('',*,*,#4073,.F.);
#5831=ORIENTED_EDGE('',*,*,#4051,.T.);
#5832=ORIENTED_EDGE('',*,*,#4074,.T.);
#5833=ORIENTED_EDGE('',*,*,#3883,.T.);
#5834=ORIENTED_EDGE('',*,*,#4074,.F.);
#5835=ORIENTED_EDGE('',*,*,#4050,.T.);
#5836=ORIENTED_EDGE('',*,*,#4075,.T.);
#5837=ORIENTED_EDGE('',*,*,#3881,.T.);
#5838=ORIENTED_EDGE('',*,*,#4075,.F.);
#5839=ORIENTED_EDGE('',*,*,#4049,.T.);
#5840=ORIENTED_EDGE('',*,*,#4076,.T.);
#5841=ORIENTED_EDGE('',*,*,#3879,.T.);
#5842=ORIENTED_EDGE('',*,*,#4076,.F.);
#5843=ORIENTED_EDGE('',*,*,#4048,.T.);
#5844=ORIENTED_EDGE('',*,*,#4060,.T.);
#5845=ORIENTED_EDGE('',*,*,#3863,.F.);
#5846=ORIENTED_EDGE('',*,*,#4077,.F.);
#5847=ORIENTED_EDGE('',*,*,#4072,.F.);
#5848=ORIENTED_EDGE('',*,*,#3884,.F.);
#5849=ORIENTED_EDGE('',*,*,#3913,.F.);
#5850=ORIENTED_EDGE('',*,*,#4078,.F.);
#5851=ORIENTED_EDGE('',*,*,#3992,.F.);
#5852=ORIENTED_EDGE('',*,*,#4079,.T.);
#5853=ORIENTED_EDGE('',*,*,#3915,.F.);
#5854=ORIENTED_EDGE('',*,*,#4079,.F.);
#5855=ORIENTED_EDGE('',*,*,#3995,.F.);
#5856=ORIENTED_EDGE('',*,*,#4080,.T.);
#5857=ORIENTED_EDGE('',*,*,#3948,.F.);
#5858=ORIENTED_EDGE('',*,*,#4080,.F.);
#5859=ORIENTED_EDGE('',*,*,#3998,.F.);
#5860=ORIENTED_EDGE('',*,*,#4081,.F.);
#5861=ORIENTED_EDGE('',*,*,#3920,.F.);
#5862=ORIENTED_EDGE('',*,*,#4082,.F.);
#5863=ORIENTED_EDGE('',*,*,#4004,.F.);
#5864=ORIENTED_EDGE('',*,*,#4083,.T.);
#5865=ORIENTED_EDGE('',*,*,#3922,.F.);
#5866=ORIENTED_EDGE('',*,*,#4083,.F.);
#5867=ORIENTED_EDGE('',*,*,#4007,.F.);
#5868=ORIENTED_EDGE('',*,*,#4084,.T.);
#5869=ORIENTED_EDGE('',*,*,#3939,.F.);
#5870=ORIENTED_EDGE('',*,*,#4084,.F.);
#5871=ORIENTED_EDGE('',*,*,#4010,.F.);
#5872=ORIENTED_EDGE('',*,*,#3981,.F.);
#5873=ORIENTED_EDGE('',*,*,#3917,.F.);
#5874=ORIENTED_EDGE('',*,*,#4081,.T.);
#5875=ORIENTED_EDGE('',*,*,#4001,.F.);
#5876=ORIENTED_EDGE('',*,*,#4082,.T.);
#5877=ORIENTED_EDGE('',*,*,#3867,.F.);
#5878=ORIENTED_EDGE('',*,*,#4085,.F.);
#5879=ORIENTED_EDGE('',*,*,#4069,.F.);
#5880=ORIENTED_EDGE('',*,*,#4086,.F.);
#5881=ORIENTED_EDGE('',*,*,#3871,.F.);
#5882=ORIENTED_EDGE('',*,*,#4087,.F.);
#5883=ORIENTED_EDGE('',*,*,#4065,.F.);
#5884=ORIENTED_EDGE('',*,*,#4088,.F.);
#5885=ORIENTED_EDGE('',*,*,#3849,.F.);
#5886=ORIENTED_EDGE('',*,*,#4086,.T.);
#5887=ORIENTED_EDGE('',*,*,#4071,.F.);
#5888=ORIENTED_EDGE('',*,*,#4077,.T.);
#5889=ORIENTED_EDGE('',*,*,#3837,.F.);
#5890=ORIENTED_EDGE('',*,*,#3875,.T.);
#5891=ORIENTED_EDGE('',*,*,#4063,.F.);
#5892=ORIENTED_EDGE('',*,*,#4087,.T.);
#5893=ORIENTED_EDGE('',*,*,#3841,.F.);
#5894=ORIENTED_EDGE('',*,*,#4088,.T.);
#5895=ORIENTED_EDGE('',*,*,#4067,.F.);
#5896=ORIENTED_EDGE('',*,*,#4085,.T.);
#5897=ORIENTED_EDGE('',*,*,#3910,.F.);
#5898=ORIENTED_EDGE('',*,*,#4046,.T.);
#5899=ORIENTED_EDGE('',*,*,#3989,.F.);
#5900=ORIENTED_EDGE('',*,*,#4078,.T.);
#5901=ORIENTED_EDGE('',*,*,#4089,.T.);
#5902=ORIENTED_EDGE('',*,*,#4090,.T.);
#5903=ORIENTED_EDGE('',*,*,#4091,.T.);
#5904=ORIENTED_EDGE('',*,*,#4092,.F.);
#5905=ORIENTED_EDGE('',*,*,#4093,.T.);
#5906=ORIENTED_EDGE('',*,*,#4094,.T.);
#5907=ORIENTED_EDGE('',*,*,#4095,.T.);
#5908=ORIENTED_EDGE('',*,*,#4096,.T.);
#5909=ORIENTED_EDGE('',*,*,#4097,.T.);
#5910=ORIENTED_EDGE('',*,*,#4094,.F.);
#5911=ORIENTED_EDGE('',*,*,#4098,.T.);
#5912=ORIENTED_EDGE('',*,*,#4099,.T.);
#5913=ORIENTED_EDGE('',*,*,#4100,.T.);
#5914=ORIENTED_EDGE('',*,*,#4096,.F.);
#5915=ORIENTED_EDGE('',*,*,#4101,.T.);
#5916=ORIENTED_EDGE('',*,*,#4090,.F.);
#5917=ORIENTED_EDGE('',*,*,#4102,.T.);
#5918=ORIENTED_EDGE('',*,*,#4099,.F.);
#5919=ORIENTED_EDGE('',*,*,#4103,.T.);
#5920=ORIENTED_EDGE('',*,*,#4104,.T.);
#5921=ORIENTED_EDGE('',*,*,#4105,.T.);
#5922=ORIENTED_EDGE('',*,*,#4104,.F.);
#5923=ORIENTED_EDGE('',*,*,#4106,.T.);
#5924=ORIENTED_EDGE('',*,*,#4092,.T.);
#5925=ORIENTED_EDGE('',*,*,#4103,.F.);
#5926=ORIENTED_EDGE('',*,*,#4107,.T.);
#5927=ORIENTED_EDGE('',*,*,#4108,.F.);
#5928=ORIENTED_EDGE('',*,*,#4109,.F.);
#5929=ORIENTED_EDGE('',*,*,#4098,.F.);
#5930=ORIENTED_EDGE('',*,*,#4110,.T.);
#5931=ORIENTED_EDGE('',*,*,#4111,.F.);
#5932=ORIENTED_EDGE('',*,*,#4112,.T.);
#5933=ORIENTED_EDGE('',*,*,#4113,.F.);
#5934=ORIENTED_EDGE('',*,*,#4114,.F.);
#5935=ORIENTED_EDGE('',*,*,#4115,.F.);
#5936=ORIENTED_EDGE('',*,*,#4107,.F.);
#5937=ORIENTED_EDGE('',*,*,#4093,.F.);
#5938=ORIENTED_EDGE('',*,*,#4116,.T.);
#5939=ORIENTED_EDGE('',*,*,#4117,.F.);
#5940=ORIENTED_EDGE('',*,*,#4110,.F.);
#5941=ORIENTED_EDGE('',*,*,#4095,.F.);
#5942=ORIENTED_EDGE('',*,*,#4097,.F.);
#5943=ORIENTED_EDGE('',*,*,#4102,.F.);
#5944=ORIENTED_EDGE('',*,*,#4105,.F.);
#5945=ORIENTED_EDGE('',*,*,#4091,.F.);
#5946=ORIENTED_EDGE('',*,*,#4101,.F.);
#5947=ORIENTED_EDGE('',*,*,#4118,.F.);
#5948=ORIENTED_EDGE('',*,*,#4119,.T.);
#5949=ORIENTED_EDGE('',*,*,#4120,.T.);
#5950=ORIENTED_EDGE('',*,*,#4121,.T.);
#5951=ORIENTED_EDGE('',*,*,#4121,.F.);
#5952=ORIENTED_EDGE('',*,*,#4122,.F.);
#5953=ORIENTED_EDGE('',*,*,#4123,.F.);
#5954=ORIENTED_EDGE('',*,*,#4124,.F.);
#5955=ORIENTED_EDGE('',*,*,#4125,.F.);
#5956=ORIENTED_EDGE('',*,*,#4126,.T.);
#5957=ORIENTED_EDGE('',*,*,#4127,.T.);
#5958=ORIENTED_EDGE('',*,*,#4128,.T.);
#5959=ORIENTED_EDGE('',*,*,#4119,.F.);
#5960=ORIENTED_EDGE('',*,*,#4129,.F.);
#5961=ORIENTED_EDGE('',*,*,#4128,.F.);
#5962=ORIENTED_EDGE('',*,*,#4130,.F.);
#5963=ORIENTED_EDGE('',*,*,#4131,.F.);
#5964=ORIENTED_EDGE('',*,*,#4132,.T.);
#5965=ORIENTED_EDGE('',*,*,#4133,.T.);
#5966=ORIENTED_EDGE('',*,*,#4134,.T.);
#5967=ORIENTED_EDGE('',*,*,#4126,.F.);
#5968=ORIENTED_EDGE('',*,*,#4135,.F.);
#5969=ORIENTED_EDGE('',*,*,#4134,.F.);
#5970=ORIENTED_EDGE('',*,*,#4136,.F.);
#5971=ORIENTED_EDGE('',*,*,#4137,.F.);
#5972=ORIENTED_EDGE('',*,*,#4123,.T.);
#5973=ORIENTED_EDGE('',*,*,#4138,.T.);
#5974=ORIENTED_EDGE('',*,*,#4139,.T.);
#5975=ORIENTED_EDGE('',*,*,#4132,.F.);
#5976=ORIENTED_EDGE('',*,*,#4140,.F.);
#5977=ORIENTED_EDGE('',*,*,#4139,.F.);
#5978=ORIENTED_EDGE('',*,*,#4141,.F.);
#5979=ORIENTED_EDGE('',*,*,#4118,.T.);
#5980=ORIENTED_EDGE('',*,*,#4124,.T.);
#5981=ORIENTED_EDGE('',*,*,#4137,.T.);
#5982=ORIENTED_EDGE('',*,*,#4140,.T.);
#5983=ORIENTED_EDGE('',*,*,#4131,.T.);
#5984=ORIENTED_EDGE('',*,*,#4135,.T.);
#5985=ORIENTED_EDGE('',*,*,#4125,.T.);
#5986=ORIENTED_EDGE('',*,*,#4129,.T.);
#5987=ORIENTED_EDGE('',*,*,#4108,.T.);
#5988=ORIENTED_EDGE('',*,*,#4115,.T.);
#5989=ORIENTED_EDGE('',*,*,#4142,.T.);
#5990=ORIENTED_EDGE('',*,*,#4143,.T.);
#5991=ORIENTED_EDGE('',*,*,#4144,.T.);
#5992=ORIENTED_EDGE('',*,*,#4145,.T.);
#5993=ORIENTED_EDGE('',*,*,#4146,.T.);
#5994=ORIENTED_EDGE('',*,*,#4147,.T.);
#5995=ORIENTED_EDGE('',*,*,#4148,.T.);
#5996=ORIENTED_EDGE('',*,*,#4149,.T.);
#5997=ORIENTED_EDGE('',*,*,#4150,.T.);
#5998=ORIENTED_EDGE('',*,*,#4151,.T.);
#5999=ORIENTED_EDGE('',*,*,#4111,.T.);
#6000=ORIENTED_EDGE('',*,*,#4117,.T.);
#6001=ORIENTED_EDGE('',*,*,#4152,.T.);
#6002=ORIENTED_EDGE('',*,*,#4153,.F.);
#6003=ORIENTED_EDGE('',*,*,#4112,.F.);
#6004=ORIENTED_EDGE('',*,*,#4151,.F.);
#6005=ORIENTED_EDGE('',*,*,#4142,.F.);
#6006=ORIENTED_EDGE('',*,*,#4114,.T.);
#6007=ORIENTED_EDGE('',*,*,#4154,.F.);
#6008=ORIENTED_EDGE('',*,*,#4155,.F.);
#6009=ORIENTED_EDGE('',*,*,#4143,.F.);
#6010=ORIENTED_EDGE('',*,*,#4155,.T.);
#6011=ORIENTED_EDGE('',*,*,#4156,.F.);
#6012=ORIENTED_EDGE('',*,*,#4157,.F.);
#6013=ORIENTED_EDGE('',*,*,#4144,.F.);
#6014=ORIENTED_EDGE('',*,*,#4157,.T.);
#6015=ORIENTED_EDGE('',*,*,#4158,.F.);
#6016=ORIENTED_EDGE('',*,*,#4159,.F.);
#6017=ORIENTED_EDGE('',*,*,#4149,.F.);
#6018=ORIENTED_EDGE('',*,*,#4160,.T.);
#6019=ORIENTED_EDGE('',*,*,#4161,.F.);
#6020=ORIENTED_EDGE('',*,*,#4162,.F.);
#6021=ORIENTED_EDGE('',*,*,#4150,.F.);
#6022=ORIENTED_EDGE('',*,*,#4162,.T.);
#6023=ORIENTED_EDGE('',*,*,#4163,.F.);
#6024=ORIENTED_EDGE('',*,*,#4152,.F.);
#6025=ORIENTED_EDGE('',*,*,#4163,.T.);
#6026=ORIENTED_EDGE('',*,*,#4161,.T.);
#6027=ORIENTED_EDGE('',*,*,#4164,.T.);
#6028=ORIENTED_EDGE('',*,*,#4158,.T.);
#6029=ORIENTED_EDGE('',*,*,#4156,.T.);
#6030=ORIENTED_EDGE('',*,*,#4154,.T.);
#6031=ORIENTED_EDGE('',*,*,#4113,.T.);
#6032=ORIENTED_EDGE('',*,*,#4153,.T.);
#6033=ORIENTED_EDGE('',*,*,#4122,.T.);
#6034=ORIENTED_EDGE('',*,*,#4120,.F.);
#6035=ORIENTED_EDGE('',*,*,#4130,.T.);
#6036=ORIENTED_EDGE('',*,*,#4127,.F.);
#6037=ORIENTED_EDGE('',*,*,#4136,.T.);
#6038=ORIENTED_EDGE('',*,*,#4133,.F.);
#6039=ORIENTED_EDGE('',*,*,#4141,.T.);
#6040=ORIENTED_EDGE('',*,*,#4138,.F.);
#6041=ORIENTED_EDGE('',*,*,#4106,.F.);
#6042=ORIENTED_EDGE('',*,*,#4109,.T.);
#6043=ORIENTED_EDGE('',*,*,#4146,.F.);
#6044=ORIENTED_EDGE('',*,*,#4165,.F.);
#6045=ORIENTED_EDGE('',*,*,#4089,.F.);
#6046=ORIENTED_EDGE('',*,*,#4165,.T.);
#6047=ORIENTED_EDGE('',*,*,#4145,.F.);
#6048=ORIENTED_EDGE('',*,*,#4159,.T.);
#6049=ORIENTED_EDGE('',*,*,#4164,.F.);
#6050=ORIENTED_EDGE('',*,*,#4160,.F.);
#6051=ORIENTED_EDGE('',*,*,#4148,.F.);
#6052=ORIENTED_EDGE('',*,*,#4166,.F.);
#6053=ORIENTED_EDGE('',*,*,#4100,.F.);
#6054=ORIENTED_EDGE('',*,*,#4166,.T.);
#6055=ORIENTED_EDGE('',*,*,#4147,.F.);
#6056=ORIENTED_EDGE('',*,*,#4116,.F.);
#6057=PLANE('',#6768);
#6058=PLANE('',#6769);
#6059=PLANE('',#6770);
#6060=PLANE('',#6771);
#6061=PLANE('',#6772);
#6062=PLANE('',#6773);
#6063=PLANE('',#6774);
#6064=PLANE('',#6775);
#6065=PLANE('',#6776);
#6066=PLANE('',#6777);
#6067=PLANE('',#6778);
#6068=PLANE('',#6779);
#6069=PLANE('',#6780);
#6070=PLANE('',#6781);
#6071=PLANE('',#6782);
#6072=PLANE('',#6783);
#6073=PLANE('',#6784);
#6074=PLANE('',#6785);
#6075=PLANE('',#6786);
#6076=PLANE('',#6787);
#6077=PLANE('',#6788);
#6078=PLANE('',#6789);
#6079=PLANE('',#6790);
#6080=PLANE('',#6791);
#6081=PLANE('',#6792);
#6082=PLANE('',#6793);
#6083=PLANE('',#6794);
#6084=PLANE('',#6795);
#6085=PLANE('',#6799);
#6086=PLANE('',#6800);
#6087=PLANE('',#6801);
#6088=PLANE('',#6802);
#6089=PLANE('',#6803);
#6090=PLANE('',#6804);
#6091=PLANE('',#6805);
#6092=PLANE('',#6806);
#6093=PLANE('',#6807);
#6094=PLANE('',#6808);
#6095=PLANE('',#6809);
#6096=PLANE('',#6810);
#6097=PLANE('',#6811);
#6098=PLANE('',#6812);
#6099=PLANE('',#6813);
#6100=PLANE('',#6814);
#6101=PLANE('',#6815);
#6102=PLANE('',#6837);
#6103=PLANE('',#6838);
#6104=PLANE('',#6839);
#6105=PLANE('',#6840);
#6106=PLANE('',#6841);
#6107=PLANE('',#6842);
#6108=PLANE('',#6843);
#6109=PLANE('',#6844);
#6110=PLANE('',#6845);
#6111=PLANE('',#6846);
#6112=PLANE('',#6847);
#6113=PLANE('',#6848);
#6114=PLANE('',#6849);
#6115=PLANE('',#6850);
#6116=PLANE('',#6851);
#6117=PLANE('',#6852);
#6118=PLANE('',#6853);
#6119=PLANE('',#6854);
#6120=PLANE('',#6855);
#6121=PLANE('',#6856);
#6122=PLANE('',#6857);
#6123=PLANE('',#6858);
#6124=PLANE('',#6859);
#6125=PLANE('',#6860);
#6126=PLANE('',#6861);
#6127=PLANE('',#6862);
#6128=PLANE('',#6863);
#6129=PLANE('',#6864);
#6130=PLANE('',#6865);
#6131=PLANE('',#6866);
#6132=PLANE('',#6867);
#6133=PLANE('',#6868);
#6134=PLANE('',#6869);
#6135=PLANE('',#6870);
#6136=PLANE('',#6871);
#6137=PLANE('',#6872);
#6138=PLANE('',#6873);
#6139=PLANE('',#6874);
#6140=PLANE('',#6875);
#6141=PLANE('',#6876);
#6142=PLANE('',#6877);
#6143=PLANE('',#6878);
#6144=PLANE('',#6879);
#6145=PLANE('',#6880);
#6146=PLANE('',#6881);
#6147=PLANE('',#6882);
#6148=PLANE('',#6883);
#6149=PLANE('',#6884);
#6150=PLANE('',#6885);
#6151=PLANE('',#6886);
#6152=PLANE('',#6887);
#6153=PLANE('',#6888);
#6154=PLANE('',#6889);
#6155=PLANE('',#6890);
#6156=PLANE('',#6891);
#6157=PLANE('',#6892);
#6158=PLANE('',#6893);
#6159=PLANE('',#6894);
#6160=PLANE('',#6895);
#6161=PLANE('',#6896);
#6162=PLANE('',#6897);
#6163=PLANE('',#6898);
#6164=PLANE('',#6899);
#6165=PLANE('',#6900);
#6166=PLANE('',#6901);
#6167=PLANE('',#6902);
#6168=PLANE('',#6903);
#6169=PLANE('',#6904);
#6170=PLANE('',#6905);
#6171=PLANE('',#6906);
#6172=PLANE('',#6907);
#6173=PLANE('',#6908);
#6174=PLANE('',#6909);
#6175=PLANE('',#6910);
#6176=PLANE('',#6911);
#6177=PLANE('',#6912);
#6178=PLANE('',#6913);
#6179=PLANE('',#6914);
#6180=PLANE('',#6915);
#6181=PLANE('',#6916);
#6182=PLANE('',#6917);
#6183=PLANE('',#6918);
#6184=PLANE('',#6919);
#6185=PLANE('',#6920);
#6186=PLANE('',#6921);
#6187=PLANE('',#6922);
#6188=PLANE('',#6923);
#6189=PLANE('',#6924);
#6190=PLANE('',#6925);
#6191=PLANE('',#6926);
#6192=PLANE('',#6927);
#6193=PLANE('',#6928);
#6194=PLANE('',#6929);
#6195=PLANE('',#6930);
#6196=PLANE('',#6931);
#6197=PLANE('',#6932);
#6198=PLANE('',#6933);
#6199=PLANE('',#6934);
#6200=PLANE('',#6937);
#6201=PLANE('',#6945);
#6202=PLANE('',#6948);
#6203=PLANE('',#6951);
#6204=PLANE('',#6956);
#6205=PLANE('',#6964);
#6206=PLANE('',#6967);
#6207=PLANE('',#6970);
#6208=PLANE('',#6973);
#6209=PLANE('',#6974);
#6210=PLANE('',#6975);
#6211=PLANE('',#6976);
#6212=PLANE('',#6977);
#6213=PLANE('',#6978);
#6214=PLANE('',#6979);
#6215=PLANE('',#6982);
#6216=PLANE('',#6990);
#6217=PLANE('',#6993);
#6218=PLANE('',#6996);
#6219=PLANE('',#6999);
#6220=PLANE('',#7000);
#6221=PLANE('',#7001);
#6222=PLANE('',#7002);
#6223=PLANE('',#7003);
#6224=PLANE('',#7004);
#6225=PLANE('',#7005);
#6226=PLANE('',#7006);
#6227=PLANE('',#7007);
#6228=PLANE('',#7008);
#6229=PLANE('',#7009);
#6230=PLANE('',#7010);
#6231=PLANE('',#7011);
#6232=PLANE('',#7012);
#6233=PLANE('',#7013);
#6234=PLANE('',#7014);
#6235=PLANE('',#7015);
#6236=PLANE('',#7016);
#6237=PLANE('',#7017);
#6238=PLANE('',#7018);
#6239=PLANE('',#7019);
#6240=PLANE('',#7020);
#6241=PLANE('',#7021);
#6242=PLANE('',#7022);
#6243=PLANE('',#7024);
#6244=PLANE('',#7025);
#6245=PLANE('',#7026);
#6246=PLANE('',#7027);
#6247=PLANE('',#7028);
#6248=PLANE('',#7029);
#6249=PLANE('',#7030);
#6250=PLANE('',#7031);
#6251=PLANE('',#7032);
#6252=PLANE('',#7033);
#6253=PLANE('',#7034);
#6254=PLANE('',#7035);
#6255=PLANE('',#7036);
#6256=PLANE('',#7037);
#6257=PLANE('',#7038);
#6258=PLANE('',#7039);
#6259=PLANE('',#7040);
#6260=PLANE('',#7041);
#6261=PLANE('',#7042);
#6262=PLANE('',#7043);
#6263=PLANE('',#7044);
#6264=PLANE('',#7045);
#6265=PLANE('',#7046);
#6266=PLANE('',#7047);
#6267=PLANE('',#7048);
#6268=PLANE('',#7049);
#6269=PLANE('',#7050);
#6270=PLANE('',#7051);
#6271=PLANE('',#7052);
#6272=PLANE('',#7053);
#6273=PLANE('',#7054);
#6274=PLANE('',#7055);
#6275=PLANE('',#7056);
#6276=PLANE('',#7057);
#6277=PLANE('',#7058);
#6278=PLANE('',#7059);
#6279=PLANE('',#7060);
#6280=PLANE('',#7061);
#6281=PLANE('',#7062);
#6282=PLANE('',#7063);
#6283=PLANE('',#7064);
#6284=PLANE('',#7065);
#6285=PLANE('',#7066);
#6286=PLANE('',#7067);
#6287=PLANE('',#7068);
#6288=PLANE('',#7069);
#6289=PLANE('',#7070);
#6290=PLANE('',#7071);
#6291=PLANE('',#7072);
#6292=PLANE('',#7073);
#6293=PLANE('',#7074);
#6294=PLANE('',#7075);
#6295=PLANE('',#7076);
#6296=PLANE('',#7077);
#6297=PLANE('',#7078);
#6298=PLANE('',#7079);
#6299=PLANE('',#7080);
#6300=PLANE('',#7081);
#6301=PLANE('',#7082);
#6302=PLANE('',#7083);
#6303=PLANE('',#7084);
#6304=PLANE('',#7085);
#6305=PLANE('',#7086);
#6306=PLANE('',#7087);
#6307=PLANE('',#7088);
#6308=PLANE('',#7089);
#6309=PLANE('',#7090);
#6310=PLANE('',#7091);
#6311=PLANE('',#7092);
#6312=PLANE('',#7093);
#6313=PLANE('',#7094);
#6314=PLANE('',#7095);
#6315=PLANE('',#7096);
#6316=PLANE('',#7097);
#6317=PLANE('',#7098);
#6318=PLANE('',#7099);
#6319=PLANE('',#7100);
#6320=PLANE('',#7101);
#6321=PLANE('',#7102);
#6322=PLANE('',#7103);
#6323=PLANE('',#7104);
#6324=PLANE('',#7105);
#6325=PLANE('',#7106);
#6326=PLANE('',#7107);
#6327=PLANE('',#7108);
#6328=PLANE('',#7109);
#6329=PLANE('',#7110);
#6330=PLANE('',#7111);
#6331=PLANE('',#7112);
#6332=PLANE('',#7113);
#6333=PLANE('',#7114);
#6334=PLANE('',#7115);
#6335=PLANE('',#7116);
#6336=PLANE('',#7117);
#6337=PLANE('',#7118);
#6338=PLANE('',#7119);
#6339=PLANE('',#7120);
#6340=PLANE('',#7121);
#6341=PLANE('',#7122);
#6342=PLANE('',#7123);
#6343=PLANE('',#7124);
#6344=PLANE('',#7125);
#6345=PLANE('',#7126);
#6346=PLANE('',#7127);
#6347=PLANE('',#7128);
#6348=PLANE('',#7129);
#6349=PLANE('',#7130);
#6350=PLANE('',#7131);
#6351=PLANE('',#7132);
#6352=PLANE('',#7133);
#6353=PLANE('',#7135);
#6354=PLANE('',#7136);
#6355=PLANE('',#7137);
#6356=PLANE('',#7138);
#6357=PLANE('',#7139);
#6358=PLANE('',#7140);
#6359=PLANE('',#7141);
#6360=PLANE('',#7142);
#6361=PLANE('',#7143);
#6362=PLANE('',#7144);
#6363=PLANE('',#7148);
#6364=PLANE('',#7152);
#6365=PLANE('',#7156);
#6366=PLANE('',#7160);
#6367=PLANE('',#7161);
#6368=PLANE('',#7162);
#6369=PLANE('',#7163);
#6370=PLANE('',#7164);
#6371=PLANE('',#7165);
#6372=PLANE('',#7166);
#6373=PLANE('',#7167);
#6374=PLANE('',#7168);
#6375=PLANE('',#7169);
#6376=PLANE('',#7170);
#6377=PLANE('',#7171);
#6378=PLANE('',#7172);
#6379=PLANE('',#7173);
#6380=ADVANCED_FACE('',(#149),#6057,.T.);
#6381=ADVANCED_FACE('',(#150),#6058,.T.);
#6382=ADVANCED_FACE('',(#151),#6059,.T.);
#6383=ADVANCED_FACE('',(#152),#6060,.T.);
#6384=ADVANCED_FACE('',(#153),#6061,.T.);
#6385=ADVANCED_FACE('',(#154),#6062,.T.);
#6386=ADVANCED_FACE('',(#155),#6063,.T.);
#6387=ADVANCED_FACE('',(#156),#6064,.T.);
#6388=ADVANCED_FACE('',(#157),#6065,.T.);
#6389=ADVANCED_FACE('',(#158),#6066,.T.);
#6390=ADVANCED_FACE('',(#159),#6067,.T.);
#6391=ADVANCED_FACE('',(#160),#6068,.T.);
#6392=ADVANCED_FACE('',(#161),#6069,.T.);
#6393=ADVANCED_FACE('',(#162),#6070,.T.);
#6394=ADVANCED_FACE('',(#163),#6071,.T.);
#6395=ADVANCED_FACE('',(#164),#6072,.T.);
#6396=ADVANCED_FACE('',(#165),#6073,.T.);
#6397=ADVANCED_FACE('',(#166),#6074,.T.);
#6398=ADVANCED_FACE('',(#167),#6075,.T.);
#6399=ADVANCED_FACE('',(#168),#6076,.T.);
#6400=ADVANCED_FACE('',(#169),#6077,.T.);
#6401=ADVANCED_FACE('',(#170),#6078,.T.);
#6402=ADVANCED_FACE('',(#171),#6079,.T.);
#6403=ADVANCED_FACE('',(#172),#6080,.T.);
#6404=ADVANCED_FACE('',(#173),#6081,.T.);
#6405=ADVANCED_FACE('',(#174),#6082,.T.);
#6406=ADVANCED_FACE('',(#175),#6083,.T.);
#6407=ADVANCED_FACE('',(#176,#84,#85,#86,#87),#6084,.T.);
#6408=ADVANCED_FACE('',(#177),#6085,.F.);
#6409=ADVANCED_FACE('',(#178),#6086,.T.);
#6410=ADVANCED_FACE('',(#179),#6087,.F.);
#6411=ADVANCED_FACE('',(#180),#6088,.T.);
#6412=ADVANCED_FACE('',(#181),#6089,.T.);
#6413=ADVANCED_FACE('',(#182),#6090,.T.);
#6414=ADVANCED_FACE('',(#183),#6091,.T.);
#6415=ADVANCED_FACE('',(#184),#6092,.F.);
#6416=ADVANCED_FACE('',(#185),#6093,.F.);
#6417=ADVANCED_FACE('',(#186),#6094,.F.);
#6418=ADVANCED_FACE('',(#187),#6095,.F.);
#6419=ADVANCED_FACE('',(#188),#6096,.F.);
#6420=ADVANCED_FACE('',(#189),#6097,.F.);
#6421=ADVANCED_FACE('',(#190),#6098,.F.);
#6422=ADVANCED_FACE('',(#191),#6099,.F.);
#6423=ADVANCED_FACE('',(#192),#6100,.F.);
#6424=ADVANCED_FACE('',(#193,#88),#6101,.F.);
#6425=ADVANCED_FACE('',(#194),#6102,.T.);
#6426=ADVANCED_FACE('',(#195),#6103,.T.);
#6427=ADVANCED_FACE('',(#196),#6104,.T.);
#6428=ADVANCED_FACE('',(#197),#6105,.F.);
#6429=ADVANCED_FACE('',(#198),#6106,.T.);
#6430=ADVANCED_FACE('',(#199),#6107,.F.);
#6431=ADVANCED_FACE('',(#200),#6108,.T.);
#6432=ADVANCED_FACE('',(#201),#6109,.T.);
#6433=ADVANCED_FACE('',(#202),#6110,.T.);
#6434=ADVANCED_FACE('',(#203),#6111,.T.);
#6435=ADVANCED_FACE('',(#204),#6112,.F.);
#6436=ADVANCED_FACE('',(#205),#6113,.F.);
#6437=ADVANCED_FACE('',(#206),#6114,.F.);
#6438=ADVANCED_FACE('',(#207),#6115,.F.);
#6439=ADVANCED_FACE('',(#208),#6116,.F.);
#6440=ADVANCED_FACE('',(#209),#6117,.F.);
#6441=ADVANCED_FACE('',(#210),#6118,.F.);
#6442=ADVANCED_FACE('',(#211),#6119,.F.);
#6443=ADVANCED_FACE('',(#212),#6120,.F.);
#6444=ADVANCED_FACE('',(#213),#6121,.T.);
#6445=ADVANCED_FACE('',(#214),#6122,.T.);
#6446=ADVANCED_FACE('',(#215),#6123,.F.);
#6447=ADVANCED_FACE('',(#216),#6124,.T.);
#6448=ADVANCED_FACE('',(#217),#6125,.F.);
#6449=ADVANCED_FACE('',(#218),#6126,.T.);
#6450=ADVANCED_FACE('',(#219),#6127,.T.);
#6451=ADVANCED_FACE('',(#220),#6128,.T.);
#6452=ADVANCED_FACE('',(#221),#6129,.T.);
#6453=ADVANCED_FACE('',(#222),#6130,.F.);
#6454=ADVANCED_FACE('',(#223),#6131,.F.);
#6455=ADVANCED_FACE('',(#224),#6132,.F.);
#6456=ADVANCED_FACE('',(#225),#6133,.F.);
#6457=ADVANCED_FACE('',(#226),#6134,.F.);
#6458=ADVANCED_FACE('',(#227),#6135,.F.);
#6459=ADVANCED_FACE('',(#228),#6136,.F.);
#6460=ADVANCED_FACE('',(#229),#6137,.F.);
#6461=ADVANCED_FACE('',(#230),#6138,.F.);
#6462=ADVANCED_FACE('',(#231),#6139,.T.);
#6463=ADVANCED_FACE('',(#232),#6140,.T.);
#6464=ADVANCED_FACE('',(#233),#6141,.F.);
#6465=ADVANCED_FACE('',(#234),#6142,.T.);
#6466=ADVANCED_FACE('',(#235),#6143,.F.);
#6467=ADVANCED_FACE('',(#236),#6144,.T.);
#6468=ADVANCED_FACE('',(#237),#6145,.T.);
#6469=ADVANCED_FACE('',(#238),#6146,.T.);
#6470=ADVANCED_FACE('',(#239),#6147,.T.);
#6471=ADVANCED_FACE('',(#240),#6148,.F.);
#6472=ADVANCED_FACE('',(#241),#6149,.F.);
#6473=ADVANCED_FACE('',(#242),#6150,.F.);
#6474=ADVANCED_FACE('',(#243),#6151,.F.);
#6475=ADVANCED_FACE('',(#244),#6152,.F.);
#6476=ADVANCED_FACE('',(#245),#6153,.F.);
#6477=ADVANCED_FACE('',(#246),#6154,.F.);
#6478=ADVANCED_FACE('',(#247),#6155,.F.);
#6479=ADVANCED_FACE('',(#248),#6156,.F.);
#6480=ADVANCED_FACE('',(#249),#6157,.T.);
#6481=ADVANCED_FACE('',(#250),#6158,.T.);
#6482=ADVANCED_FACE('',(#251),#6159,.F.);
#6483=ADVANCED_FACE('',(#252),#6160,.T.);
#6484=ADVANCED_FACE('',(#253),#6161,.F.);
#6485=ADVANCED_FACE('',(#254),#6162,.T.);
#6486=ADVANCED_FACE('',(#255),#6163,.T.);
#6487=ADVANCED_FACE('',(#256),#6164,.T.);
#6488=ADVANCED_FACE('',(#257),#6165,.T.);
#6489=ADVANCED_FACE('',(#258),#6166,.F.);
#6490=ADVANCED_FACE('',(#259),#6167,.F.);
#6491=ADVANCED_FACE('',(#260),#6168,.F.);
#6492=ADVANCED_FACE('',(#261),#6169,.F.);
#6493=ADVANCED_FACE('',(#262),#6170,.F.);
#6494=ADVANCED_FACE('',(#263),#6171,.F.);
#6495=ADVANCED_FACE('',(#264),#6172,.F.);
#6496=ADVANCED_FACE('',(#265),#6173,.F.);
#6497=ADVANCED_FACE('',(#266),#6174,.F.);
#6498=ADVANCED_FACE('',(#267),#6175,.T.);
#6499=ADVANCED_FACE('',(#268),#6176,.T.);
#6500=ADVANCED_FACE('',(#269),#6177,.T.);
#6501=ADVANCED_FACE('',(#270),#6178,.F.);
#6502=ADVANCED_FACE('',(#271),#6179,.T.);
#6503=ADVANCED_FACE('',(#272),#6180,.T.);
#6504=ADVANCED_FACE('',(#273),#6181,.T.);
#6505=ADVANCED_FACE('',(#274),#6182,.T.);
#6506=ADVANCED_FACE('',(#275),#6183,.F.);
#6507=ADVANCED_FACE('',(#276),#6184,.F.);
#6508=ADVANCED_FACE('',(#277),#6185,.F.);
#6509=ADVANCED_FACE('',(#278),#6186,.F.);
#6510=ADVANCED_FACE('',(#279),#6187,.F.);
#6511=ADVANCED_FACE('',(#280),#6188,.F.);
#6512=ADVANCED_FACE('',(#281),#6189,.F.);
#6513=ADVANCED_FACE('',(#282),#6190,.F.);
#6514=ADVANCED_FACE('',(#283),#6191,.F.);
#6515=ADVANCED_FACE('',(#284),#6192,.F.);
#6516=ADVANCED_FACE('',(#285),#6193,.T.);
#6517=ADVANCED_FACE('',(#286),#6194,.T.);
#6518=ADVANCED_FACE('',(#287),#6195,.T.);
#6519=ADVANCED_FACE('',(#288),#6196,.T.);
#6520=ADVANCED_FACE('',(#289),#6197,.T.);
#6521=ADVANCED_FACE('',(#290),#6198,.T.);
#6522=ADVANCED_FACE('',(#291),#6199,.T.);
#6523=ADVANCED_FACE('',(#292),#59,.T.);
#6524=ADVANCED_FACE('',(#293),#6200,.F.);
#6525=ADVANCED_FACE('',(#294),#6201,.T.);
#6526=ADVANCED_FACE('',(#295),#60,.T.);
#6527=ADVANCED_FACE('',(#296),#61,.T.);
#6528=ADVANCED_FACE('',(#297),#6202,.T.);
#6529=ADVANCED_FACE('',(#298),#62,.T.);
#6530=ADVANCED_FACE('',(#299),#63,.T.);
#6531=ADVANCED_FACE('',(#300),#6203,.T.);
#6532=ADVANCED_FACE('',(#301),#64,.F.);
#6533=ADVANCED_FACE('',(#302),#65,.T.);
#6534=ADVANCED_FACE('',(#303),#66,.T.);
#6535=ADVANCED_FACE('',(#304),#6204,.F.);
#6536=ADVANCED_FACE('',(#305),#6205,.T.);
#6537=ADVANCED_FACE('',(#306),#67,.T.);
#6538=ADVANCED_FACE('',(#307),#68,.T.);
#6539=ADVANCED_FACE('',(#308),#6206,.T.);
#6540=ADVANCED_FACE('',(#309),#69,.T.);
#6541=ADVANCED_FACE('',(#310),#70,.T.);
#6542=ADVANCED_FACE('',(#311),#6207,.T.);
#6543=ADVANCED_FACE('',(#312),#71,.F.);
#6544=ADVANCED_FACE('',(#313),#72,.T.);
#6545=ADVANCED_FACE('',(#314),#6208,.T.);
#6546=ADVANCED_FACE('',(#315),#6209,.T.);
#6547=ADVANCED_FACE('',(#316),#6210,.T.);
#6548=ADVANCED_FACE('',(#317),#6211,.T.);
#6549=ADVANCED_FACE('',(#318),#6212,.T.);
#6550=ADVANCED_FACE('',(#319),#6213,.T.);
#6551=ADVANCED_FACE('',(#320),#6214,.T.);
#6552=ADVANCED_FACE('',(#321),#73,.T.);
#6553=ADVANCED_FACE('',(#322),#6215,.F.);
#6554=ADVANCED_FACE('',(#323),#6216,.T.);
#6555=ADVANCED_FACE('',(#324),#74,.T.);
#6556=ADVANCED_FACE('',(#325),#75,.T.);
#6557=ADVANCED_FACE('',(#326),#6217,.T.);
#6558=ADVANCED_FACE('',(#327),#76,.T.);
#6559=ADVANCED_FACE('',(#328),#77,.T.);
#6560=ADVANCED_FACE('',(#329),#6218,.T.);
#6561=ADVANCED_FACE('',(#330),#78,.F.);
#6562=ADVANCED_FACE('',(#331),#79,.T.);
#6563=ADVANCED_FACE('',(#332),#6219,.T.);
#6564=ADVANCED_FACE('',(#333),#6220,.T.);
#6565=ADVANCED_FACE('',(#334),#6221,.T.);
#6566=ADVANCED_FACE('',(#335),#6222,.T.);
#6567=ADVANCED_FACE('',(#336),#6223,.T.);
#6568=ADVANCED_FACE('',(#337),#6224,.T.);
#6569=ADVANCED_FACE('',(#338),#6225,.T.);
#6570=ADVANCED_FACE('',(#339),#6226,.T.);
#6571=ADVANCED_FACE('',(#340),#6227,.T.);
#6572=ADVANCED_FACE('',(#341),#6228,.T.);
#6573=ADVANCED_FACE('',(#342),#6229,.T.);
#6574=ADVANCED_FACE('',(#343),#6230,.T.);
#6575=ADVANCED_FACE('',(#344),#6231,.T.);
#6576=ADVANCED_FACE('',(#345),#6232,.T.);
#6577=ADVANCED_FACE('',(#346),#6233,.T.);
#6578=ADVANCED_FACE('',(#347),#6234,.T.);
#6579=ADVANCED_FACE('',(#348),#6235,.T.);
#6580=ADVANCED_FACE('',(#349),#6236,.T.);
#6581=ADVANCED_FACE('',(#350),#6237,.T.);
#6582=ADVANCED_FACE('',(#351),#6238,.T.);
#6583=ADVANCED_FACE('',(#352),#6239,.T.);
#6584=ADVANCED_FACE('',(#353),#6240,.T.);
#6585=ADVANCED_FACE('',(#354),#6241,.T.);
#6586=ADVANCED_FACE('',(#355,#89),#6242,.T.);
#6587=ADVANCED_FACE('',(#356),#6243,.T.);
#6588=ADVANCED_FACE('',(#357),#6244,.T.);
#6589=ADVANCED_FACE('',(#358),#6245,.T.);
#6590=ADVANCED_FACE('',(#359),#6246,.T.);
#6591=ADVANCED_FACE('',(#360),#6247,.T.);
#6592=ADVANCED_FACE('',(#361),#6248,.T.);
#6593=ADVANCED_FACE('',(#362),#6249,.T.);
#6594=ADVANCED_FACE('',(#363),#6250,.T.);
#6595=ADVANCED_FACE('',(#364),#6251,.T.);
#6596=ADVANCED_FACE('',(#365),#6252,.T.);
#6597=ADVANCED_FACE('',(#366),#6253,.T.);
#6598=ADVANCED_FACE('',(#367),#6254,.T.);
#6599=ADVANCED_FACE('',(#368),#6255,.T.);
#6600=ADVANCED_FACE('',(#369),#6256,.T.);
#6601=ADVANCED_FACE('',(#370),#6257,.T.);
#6602=ADVANCED_FACE('',(#371),#6258,.T.);
#6603=ADVANCED_FACE('',(#372),#6259,.T.);
#6604=ADVANCED_FACE('',(#373),#6260,.T.);
#6605=ADVANCED_FACE('',(#374,#90),#6261,.F.);
#6606=ADVANCED_FACE('',(#375),#6262,.T.);
#6607=ADVANCED_FACE('',(#376),#6263,.T.);
#6608=ADVANCED_FACE('',(#377),#6264,.T.);
#6609=ADVANCED_FACE('',(#378),#6265,.T.);
#6610=ADVANCED_FACE('',(#379),#6266,.T.);
#6611=ADVANCED_FACE('',(#380),#6267,.T.);
#6612=ADVANCED_FACE('',(#381),#6268,.T.);
#6613=ADVANCED_FACE('',(#382),#6269,.T.);
#6614=ADVANCED_FACE('',(#383),#6270,.T.);
#6615=ADVANCED_FACE('',(#384),#6271,.T.);
#6616=ADVANCED_FACE('',(#385),#6272,.T.);
#6617=ADVANCED_FACE('',(#386),#6273,.T.);
#6618=ADVANCED_FACE('',(#387),#6274,.T.);
#6619=ADVANCED_FACE('',(#388),#6275,.T.);
#6620=ADVANCED_FACE('',(#389),#6276,.T.);
#6621=ADVANCED_FACE('',(#390),#6277,.T.);
#6622=ADVANCED_FACE('',(#391),#6278,.T.);
#6623=ADVANCED_FACE('',(#392),#6279,.T.);
#6624=ADVANCED_FACE('',(#393),#6280,.T.);
#6625=ADVANCED_FACE('',(#394),#6281,.T.);
#6626=ADVANCED_FACE('',(#395),#6282,.T.);
#6627=ADVANCED_FACE('',(#396),#6283,.T.);
#6628=ADVANCED_FACE('',(#397),#6284,.T.);
#6629=ADVANCED_FACE('',(#398),#6285,.T.);
#6630=ADVANCED_FACE('',(#399),#6286,.F.);
#6631=ADVANCED_FACE('',(#400),#6287,.F.);
#6632=ADVANCED_FACE('',(#401),#6288,.F.);
#6633=ADVANCED_FACE('',(#402),#6289,.T.);
#6634=ADVANCED_FACE('',(#403),#6290,.F.);
#6635=ADVANCED_FACE('',(#404),#6291,.F.);
#6636=ADVANCED_FACE('',(#405),#6292,.F.);
#6637=ADVANCED_FACE('',(#406),#6293,.T.);
#6638=ADVANCED_FACE('',(#407),#6294,.F.);
#6639=ADVANCED_FACE('',(#408),#6295,.F.);
#6640=ADVANCED_FACE('',(#409),#6296,.F.);
#6641=ADVANCED_FACE('',(#410),#6297,.T.);
#6642=ADVANCED_FACE('',(#411),#6298,.T.);
#6643=ADVANCED_FACE('',(#412),#6299,.T.);
#6644=ADVANCED_FACE('',(#413),#6300,.T.);
#6645=ADVANCED_FACE('',(#414),#6301,.T.);
#6646=ADVANCED_FACE('',(#415),#6302,.T.);
#6647=ADVANCED_FACE('',(#416),#6303,.T.);
#6648=ADVANCED_FACE('',(#417),#6304,.T.);
#6649=ADVANCED_FACE('',(#418),#6305,.T.);
#6650=ADVANCED_FACE('',(#419),#6306,.T.);
#6651=ADVANCED_FACE('',(#420),#6307,.T.);
#6652=ADVANCED_FACE('',(#421),#6308,.T.);
#6653=ADVANCED_FACE('',(#422),#6309,.T.);
#6654=ADVANCED_FACE('',(#423),#6310,.T.);
#6655=ADVANCED_FACE('',(#424),#6311,.T.);
#6656=ADVANCED_FACE('',(#425),#6312,.T.);
#6657=ADVANCED_FACE('',(#426),#6313,.T.);
#6658=ADVANCED_FACE('',(#427),#6314,.T.);
#6659=ADVANCED_FACE('',(#428),#6315,.T.);
#6660=ADVANCED_FACE('',(#429),#6316,.T.);
#6661=ADVANCED_FACE('',(#430),#6317,.T.);
#6662=ADVANCED_FACE('',(#431),#6318,.T.);
#6663=ADVANCED_FACE('',(#432),#6319,.T.);
#6664=ADVANCED_FACE('',(#433),#6320,.T.);
#6665=ADVANCED_FACE('',(#434),#6321,.T.);
#6666=ADVANCED_FACE('',(#435),#6322,.T.);
#6667=ADVANCED_FACE('',(#436),#6323,.F.);
#6668=ADVANCED_FACE('',(#437),#6324,.F.);
#6669=ADVANCED_FACE('',(#438),#6325,.F.);
#6670=ADVANCED_FACE('',(#439,#91),#6326,.T.);
#6671=ADVANCED_FACE('',(#440),#6327,.T.);
#6672=ADVANCED_FACE('',(#441),#6328,.T.);
#6673=ADVANCED_FACE('',(#442),#6329,.T.);
#6674=ADVANCED_FACE('',(#443),#6330,.T.);
#6675=ADVANCED_FACE('',(#444),#6331,.T.);
#6676=ADVANCED_FACE('',(#445),#6332,.T.);
#6677=ADVANCED_FACE('',(#446),#6333,.T.);
#6678=ADVANCED_FACE('',(#447),#6334,.T.);
#6679=ADVANCED_FACE('',(#448),#6335,.T.);
#6680=ADVANCED_FACE('',(#449),#6336,.T.);
#6681=ADVANCED_FACE('',(#450),#6337,.T.);
#6682=ADVANCED_FACE('',(#451),#6338,.T.);
#6683=ADVANCED_FACE('',(#452),#6339,.T.);
#6684=ADVANCED_FACE('',(#453),#6340,.F.);
#6685=ADVANCED_FACE('',(#454),#6341,.F.);
#6686=ADVANCED_FACE('',(#455),#6342,.F.);
#6687=ADVANCED_FACE('',(#456),#6343,.F.);
#6688=ADVANCED_FACE('',(#457),#6344,.F.);
#6689=ADVANCED_FACE('',(#458),#6345,.F.);
#6690=ADVANCED_FACE('',(#459),#6346,.T.);
#6691=ADVANCED_FACE('',(#460),#6347,.T.);
#6692=ADVANCED_FACE('',(#461),#6348,.T.);
#6693=ADVANCED_FACE('',(#462),#6349,.T.);
#6694=ADVANCED_FACE('',(#463),#6350,.T.);
#6695=ADVANCED_FACE('',(#464),#6351,.T.);
#6696=ADVANCED_FACE('',(#465),#6352,.T.);
#6697=ADVANCED_FACE('',(#466),#6353,.T.);
#6698=ADVANCED_FACE('',(#467),#6354,.T.);
#6699=ADVANCED_FACE('',(#468),#6355,.T.);
#6700=ADVANCED_FACE('',(#469),#6356,.T.);
#6701=ADVANCED_FACE('',(#470),#6357,.T.);
#6702=ADVANCED_FACE('',(#471),#6358,.T.);
#6703=ADVANCED_FACE('',(#472),#6359,.T.);
#6704=ADVANCED_FACE('',(#473),#6360,.T.);
#6705=ADVANCED_FACE('',(#474),#6361,.T.);
#6706=ADVANCED_FACE('',(#475),#6362,.T.);
#6707=ADVANCED_FACE('',(#476),#80,.F.);
#6708=ADVANCED_FACE('',(#477),#6363,.T.);
#6709=ADVANCED_FACE('',(#478),#81,.F.);
#6710=ADVANCED_FACE('',(#479),#6364,.T.);
#6711=ADVANCED_FACE('',(#480),#82,.F.);
#6712=ADVANCED_FACE('',(#481),#6365,.T.);
#6713=ADVANCED_FACE('',(#482),#83,.F.);
#6714=ADVANCED_FACE('',(#483),#6366,.T.);
#6715=ADVANCED_FACE('',(#484),#6367,.T.);
#6716=ADVANCED_FACE('',(#485),#6368,.F.);
#6717=ADVANCED_FACE('',(#486),#6369,.F.);
#6718=ADVANCED_FACE('',(#487),#6370,.T.);
#6719=ADVANCED_FACE('',(#488),#6371,.T.);
#6720=ADVANCED_FACE('',(#489),#6372,.T.);
#6721=ADVANCED_FACE('',(#490),#6373,.T.);
#6722=ADVANCED_FACE('',(#491),#6374,.T.);
#6723=ADVANCED_FACE('',(#492),#6375,.T.);
#6724=ADVANCED_FACE('',(#493,#92),#6376,.T.);
#6725=ADVANCED_FACE('',(#494),#6377,.T.);
#6726=ADVANCED_FACE('',(#495),#6378,.T.);
#6727=ADVANCED_FACE('',(#496),#6379,.T.);
#6728=CLOSED_SHELL('',(#6380,#6381,#6382,#6383,#6384,#6385,#6386,#6387,
#6388,#6389,#6390,#6391,#6392,#6393,#6394,#6395,#6396,#6397,#6398,#6399,
#6400,#6401,#6402,#6403,#6404,#6405,#6406,#6407,#6408,#6409,#6410,#6411,
#6412,#6413,#6414,#6415,#6416,#6417,#6418,#6419,#6420,#6421,#6422,#6423,
#6424,#6425,#6426,#6427,#6428,#6429,#6430,#6431,#6432,#6433,#6434,#6435,
#6436,#6437,#6438,#6439,#6440,#6441,#6442,#6443,#6444,#6445,#6446,#6447,
#6448,#6449,#6450,#6451,#6452,#6453,#6454,#6455,#6456,#6457,#6458,#6459,
#6460,#6461,#6462,#6463,#6464,#6465,#6466,#6467,#6468,#6469,#6470,#6471,
#6472,#6473,#6474,#6475,#6476,#6477,#6478,#6479,#6480,#6481,#6482,#6483,
#6484,#6485,#6486,#6487,#6488,#6489,#6490,#6491,#6492,#6493,#6494,#6495,
#6496,#6497,#6498,#6499,#6500,#6501,#6502,#6503,#6504,#6505,#6506,#6507,
#6508,#6509,#6510,#6511,#6512,#6513,#6514,#6515,#6516,#6517,#6518,#6519,
#6520,#6521,#6522,#6523,#6524,#6525,#6526,#6527,#6528,#6529,#6530,#6531,
#6532,#6533,#6534,#6535,#6536,#6537,#6538,#6539,#6540,#6541,#6542,#6543,
#6544,#6545,#6546,#6547,#6548,#6549,#6550,#6551,#6552,#6553,#6554,#6555,
#6556,#6557,#6558,#6559,#6560,#6561,#6562,#6563,#6564,#6565,#6566,#6567,
#6568,#6569,#6570,#6571,#6572,#6573,#6574,#6575,#6576,#6577,#6578,#6579,
#6580,#6581,#6582,#6583,#6584,#6585,#6586));
#6729=CLOSED_SHELL('',(#6587,#6588,#6589,#6590,#6591,#6592,#6593,#6594,
#6595,#6596,#6597,#6598,#6599,#6600,#6601,#6602,#6603,#6604,#6605,#6606,
#6607,#6608,#6609,#6610,#6611,#6612,#6613,#6614,#6615,#6616,#6617,#6618,
#6619,#6620,#6621,#6622,#6623,#6624,#6625,#6626,#6627,#6628,#6629,#6630,
#6631,#6632,#6633,#6634,#6635,#6636,#6637,#6638,#6639,#6640,#6641,#6642,
#6643,#6644,#6645,#6646,#6647,#6648,#6649,#6650,#6651,#6652,#6653,#6654,
#6655,#6656,#6657,#6658,#6659,#6660,#6661,#6662,#6663,#6664,#6665,#6666,
#6667,#6668,#6669,#6670,#6671,#6672,#6673,#6674,#6675,#6676,#6677,#6678,
#6679,#6680,#6681,#6682,#6683,#6684,#6685,#6686,#6687,#6688,#6689,#6690,
#6691,#6692,#6693,#6694,#6695,#6696));
#6730=CLOSED_SHELL('',(#6697,#6698,#6699,#6700,#6701,#6702,#6703,#6704,
#6705,#6706,#6707,#6708,#6709,#6710,#6711,#6712,#6713,#6714,#6715,#6716,
#6717,#6718,#6719,#6720,#6721,#6722,#6723,#6724,#6725,#6726,#6727));
#6731=DERIVED_UNIT_ELEMENT(#6737,1.);
#6732=DERIVED_UNIT_ELEMENT(#10818,-3.);
#6733=DERIVED_UNIT_ELEMENT(#6737,1.);
#6734=DERIVED_UNIT_ELEMENT(#10818,-3.);
#6735=DERIVED_UNIT_ELEMENT(#6737,1.);
#6736=DERIVED_UNIT_ELEMENT(#10818,-3.);
#6737=(
MASS_UNIT()
NAMED_UNIT(*)
SI_UNIT(.KILO.,.GRAM.)
);
#6738=DERIVED_UNIT((#6731,#6732));
#6739=DERIVED_UNIT((#6733,#6734));
#6740=DERIVED_UNIT((#6735,#6736));
#6741=MEASURE_REPRESENTATION_ITEM('density measure',
POSITIVE_RATIO_MEASURE(7850.),#6738);
#6742=MEASURE_REPRESENTATION_ITEM('density measure',
POSITIVE_RATIO_MEASURE(7850.),#6739);
#6743=MEASURE_REPRESENTATION_ITEM('density measure',
POSITIVE_RATIO_MEASURE(7850.),#6740);
#6744=PROPERTY_DEFINITION_REPRESENTATION(#6759,#6750);
#6745=PROPERTY_DEFINITION_REPRESENTATION(#6760,#6751);
#6746=PROPERTY_DEFINITION_REPRESENTATION(#6761,#6752);
#6747=PROPERTY_DEFINITION_REPRESENTATION(#6762,#6753);
#6748=PROPERTY_DEFINITION_REPRESENTATION(#6763,#6754);
#6749=PROPERTY_DEFINITION_REPRESENTATION(#6764,#6755);
#6750=REPRESENTATION('material name',(#6756),#10813);
#6751=REPRESENTATION('density',(#6741),#10813);
#6752=REPRESENTATION('material name',(#6757),#10814);
#6753=REPRESENTATION('density',(#6742),#10814);
#6754=REPRESENTATION('material name',(#6758),#10815);
#6755=REPRESENTATION('density',(#6743),#10815);
#6756=DESCRIPTIVE_REPRESENTATION_ITEM('Steel','Steel');
#6757=DESCRIPTIVE_REPRESENTATION_ITEM('Steel','Steel');
#6758=DESCRIPTIVE_REPRESENTATION_ITEM('Steel','Steel');
#6759=PROPERTY_DEFINITION('material property','material name',#10848);
#6760=PROPERTY_DEFINITION('material property','density of part',#10848);
#6761=PROPERTY_DEFINITION('material property','material name',#10849);
#6762=PROPERTY_DEFINITION('material property','density of part',#10849);
#6763=PROPERTY_DEFINITION('material property','material name',#10850);
#6764=PROPERTY_DEFINITION('material property','density of part',#10850);
#6765=AXIS2_PLACEMENT_3D('',#8908,#7183,#7184);
#6766=AXIS2_PLACEMENT_3D('',#8909,#7185,#7186);
#6767=AXIS2_PLACEMENT_3D('',#8910,#7187,#7188);
#6768=AXIS2_PLACEMENT_3D('',#8911,#7189,#7190);
#6769=AXIS2_PLACEMENT_3D('',#8920,#7195,#7196);
#6770=AXIS2_PLACEMENT_3D('',#8926,#7200,#7201);
#6771=AXIS2_PLACEMENT_3D('',#8932,#7205,#7206);
#6772=AXIS2_PLACEMENT_3D('',#8938,#7210,#7211);
#6773=AXIS2_PLACEMENT_3D('',#8944,#7215,#7216);
#6774=AXIS2_PLACEMENT_3D('',#8950,#7220,#7221);
#6775=AXIS2_PLACEMENT_3D('',#8956,#7225,#7226);
#6776=AXIS2_PLACEMENT_3D('',#8962,#7230,#7231);
#6777=AXIS2_PLACEMENT_3D('',#8968,#7235,#7236);
#6778=AXIS2_PLACEMENT_3D('',#8974,#7240,#7241);
#6779=AXIS2_PLACEMENT_3D('',#8980,#7245,#7246);
#6780=AXIS2_PLACEMENT_3D('',#8986,#7250,#7251);
#6781=AXIS2_PLACEMENT_3D('',#8992,#7255,#7256);
#6782=AXIS2_PLACEMENT_3D('',#8998,#7260,#7261);
#6783=AXIS2_PLACEMENT_3D('',#9004,#7265,#7266);
#6784=AXIS2_PLACEMENT_3D('',#9010,#7270,#7271);
#6785=AXIS2_PLACEMENT_3D('',#9016,#7275,#7276);
#6786=AXIS2_PLACEMENT_3D('',#9019,#7279,#7280);
#6787=AXIS2_PLACEMENT_3D('',#9025,#7284,#7285);
#6788=AXIS2_PLACEMENT_3D('',#9029,#7288,#7289);
#6789=AXIS2_PLACEMENT_3D('',#9033,#7292,#7293);
#6790=AXIS2_PLACEMENT_3D('',#9041,#7298,#7299);
#6791=AXIS2_PLACEMENT_3D('',#9045,#7302,#7303);
#6792=AXIS2_PLACEMENT_3D('',#9053,#7308,#7309);
#6793=AXIS2_PLACEMENT_3D('',#9057,#7312,#7313);
#6794=AXIS2_PLACEMENT_3D('',#9061,#7316,#7317);
#6795=AXIS2_PLACEMENT_3D('',#9065,#7320,#7321);
#6796=AXIS2_PLACEMENT_3D('',#9139,#7358,#7359);
#6797=AXIS2_PLACEMENT_3D('',#9141,#7360,#7361);
#6798=AXIS2_PLACEMENT_3D('',#9143,#7362,#7363);
#6799=AXIS2_PLACEMENT_3D('',#9144,#7364,#7365);
#6800=AXIS2_PLACEMENT_3D('',#9158,#7373,#7374);
#6801=AXIS2_PLACEMENT_3D('',#9171,#7381,#7382);
#6802=AXIS2_PLACEMENT_3D('',#9177,#7386,#7387);
#6803=AXIS2_PLACEMENT_3D('',#9181,#7390,#7391);
#6804=AXIS2_PLACEMENT_3D('',#9188,#7396,#7397);
#6805=AXIS2_PLACEMENT_3D('',#9192,#7400,#7401);
#6806=AXIS2_PLACEMENT_3D('',#9199,#7406,#7407);
#6807=AXIS2_PLACEMENT_3D('',#9205,#7411,#7412);
#6808=AXIS2_PLACEMENT_3D('',#9213,#7417,#7418);
#6809=AXIS2_PLACEMENT_3D('',#9216,#7421,#7422);
#6810=AXIS2_PLACEMENT_3D('',#9217,#7423,#7424);
#6811=AXIS2_PLACEMENT_3D('',#9223,#7428,#7429);
#6812=AXIS2_PLACEMENT_3D('',#9229,#7433,#7434);
#6813=AXIS2_PLACEMENT_3D('',#9234,#7438,#7439);
#6814=AXIS2_PLACEMENT_3D('',#9235,#7440,#7441);
#6815=AXIS2_PLACEMENT_3D('',#9241,#7445,#7446);
#6816=AXIS2_PLACEMENT_3D('',#9305,#7478,#7479);
#6817=AXIS2_PLACEMENT_3D('',#9307,#7480,#7481);
#6818=AXIS2_PLACEMENT_3D('',#9311,#7483,#7484);
#6819=AXIS2_PLACEMENT_3D('',#9315,#7486,#7487);
#6820=AXIS2_PLACEMENT_3D('',#9327,#7493,#7494);
#6821=AXIS2_PLACEMENT_3D('',#9331,#7496,#7497);
#6822=AXIS2_PLACEMENT_3D('',#9335,#7499,#7500);
#6823=AXIS2_PLACEMENT_3D('',#9337,#7501,#7502);
#6824=AXIS2_PLACEMENT_3D('',#9339,#7503,#7504);
#6825=AXIS2_PLACEMENT_3D('',#9343,#7506,#7507);
#6826=AXIS2_PLACEMENT_3D('',#9347,#7509,#7510);
#6827=AXIS2_PLACEMENT_3D('',#9350,#7512,#7513);
#6828=AXIS2_PLACEMENT_3D('',#9354,#7515,#7516);
#6829=AXIS2_PLACEMENT_3D('',#9358,#7518,#7519);
#6830=AXIS2_PLACEMENT_3D('',#9360,#7520,#7521);
#6831=AXIS2_PLACEMENT_3D('',#9362,#7522,#7523);
#6832=AXIS2_PLACEMENT_3D('',#9366,#7525,#7526);
#6833=AXIS2_PLACEMENT_3D('',#9369,#7528,#7529);
#6834=AXIS2_PLACEMENT_3D('',#9373,#7531,#7532);
#6835=AXIS2_PLACEMENT_3D('',#9377,#7534,#7535);
#6836=AXIS2_PLACEMENT_3D('',#9380,#7537,#7538);
#6837=AXIS2_PLACEMENT_3D('',#9381,#7539,#7540);
#6838=AXIS2_PLACEMENT_3D('',#9389,#7545,#7546);
#6839=AXIS2_PLACEMENT_3D('',#9393,#7549,#7550);
#6840=AXIS2_PLACEMENT_3D('',#9399,#7554,#7555);
#6841=AXIS2_PLACEMENT_3D('',#9410,#7562,#7563);
#6842=AXIS2_PLACEMENT_3D('',#9423,#7570,#7571);
#6843=AXIS2_PLACEMENT_3D('',#9429,#7575,#7576);
#6844=AXIS2_PLACEMENT_3D('',#9433,#7579,#7580);
#6845=AXIS2_PLACEMENT_3D('',#9438,#7584,#7585);
#6846=AXIS2_PLACEMENT_3D('',#9442,#7588,#7589);
#6847=AXIS2_PLACEMENT_3D('',#9449,#7594,#7595);
#6848=AXIS2_PLACEMENT_3D('',#9453,#7598,#7599);
#6849=AXIS2_PLACEMENT_3D('',#9459,#7603,#7604);
#6850=AXIS2_PLACEMENT_3D('',#9462,#7607,#7608);
#6851=AXIS2_PLACEMENT_3D('',#9463,#7609,#7610);
#6852=AXIS2_PLACEMENT_3D('',#9467,#7613,#7614);
#6853=AXIS2_PLACEMENT_3D('',#9473,#7618,#7619);
#6854=AXIS2_PLACEMENT_3D('',#9476,#7622,#7623);
#6855=AXIS2_PLACEMENT_3D('',#9477,#7624,#7625);
#6856=AXIS2_PLACEMENT_3D('',#9483,#7629,#7630);
#6857=AXIS2_PLACEMENT_3D('',#9487,#7633,#7634);
#6858=AXIS2_PLACEMENT_3D('',#9493,#7638,#7639);
#6859=AXIS2_PLACEMENT_3D('',#9504,#7646,#7647);
#6860=AXIS2_PLACEMENT_3D('',#9517,#7654,#7655);
#6861=AXIS2_PLACEMENT_3D('',#9523,#7659,#7660);
#6862=AXIS2_PLACEMENT_3D('',#9527,#7663,#7664);
#6863=AXIS2_PLACEMENT_3D('',#9532,#7668,#7669);
#6864=AXIS2_PLACEMENT_3D('',#9536,#7672,#7673);
#6865=AXIS2_PLACEMENT_3D('',#9543,#7678,#7679);
#6866=AXIS2_PLACEMENT_3D('',#9547,#7682,#7683);
#6867=AXIS2_PLACEMENT_3D('',#9553,#7687,#7688);
#6868=AXIS2_PLACEMENT_3D('',#9556,#7691,#7692);
#6869=AXIS2_PLACEMENT_3D('',#9557,#7693,#7694);
#6870=AXIS2_PLACEMENT_3D('',#9561,#7697,#7698);
#6871=AXIS2_PLACEMENT_3D('',#9567,#7702,#7703);
#6872=AXIS2_PLACEMENT_3D('',#9570,#7706,#7707);
#6873=AXIS2_PLACEMENT_3D('',#9571,#7708,#7709);
#6874=AXIS2_PLACEMENT_3D('',#9577,#7713,#7714);
#6875=AXIS2_PLACEMENT_3D('',#9581,#7717,#7718);
#6876=AXIS2_PLACEMENT_3D('',#9587,#7722,#7723);
#6877=AXIS2_PLACEMENT_3D('',#9598,#7730,#7731);
#6878=AXIS2_PLACEMENT_3D('',#9611,#7738,#7739);
#6879=AXIS2_PLACEMENT_3D('',#9617,#7743,#7744);
#6880=AXIS2_PLACEMENT_3D('',#9621,#7747,#7748);
#6881=AXIS2_PLACEMENT_3D('',#9626,#7752,#7753);
#6882=AXIS2_PLACEMENT_3D('',#9630,#7756,#7757);
#6883=AXIS2_PLACEMENT_3D('',#9637,#7762,#7763);
#6884=AXIS2_PLACEMENT_3D('',#9641,#7766,#7767);
#6885=AXIS2_PLACEMENT_3D('',#9647,#7771,#7772);
#6886=AXIS2_PLACEMENT_3D('',#9650,#7775,#7776);
#6887=AXIS2_PLACEMENT_3D('',#9651,#7777,#7778);
#6888=AXIS2_PLACEMENT_3D('',#9655,#7781,#7782);
#6889=AXIS2_PLACEMENT_3D('',#9661,#7786,#7787);
#6890=AXIS2_PLACEMENT_3D('',#9664,#7790,#7791);
#6891=AXIS2_PLACEMENT_3D('',#9665,#7792,#7793);
#6892=AXIS2_PLACEMENT_3D('',#9671,#7797,#7798);
#6893=AXIS2_PLACEMENT_3D('',#9675,#7801,#7802);
#6894=AXIS2_PLACEMENT_3D('',#9681,#7806,#7807);
#6895=AXIS2_PLACEMENT_3D('',#9692,#7814,#7815);
#6896=AXIS2_PLACEMENT_3D('',#9705,#7822,#7823);
#6897=AXIS2_PLACEMENT_3D('',#9711,#7827,#7828);
#6898=AXIS2_PLACEMENT_3D('',#9715,#7831,#7832);
#6899=AXIS2_PLACEMENT_3D('',#9720,#7836,#7837);
#6900=AXIS2_PLACEMENT_3D('',#9724,#7840,#7841);
#6901=AXIS2_PLACEMENT_3D('',#9731,#7846,#7847);
#6902=AXIS2_PLACEMENT_3D('',#9735,#7850,#7851);
#6903=AXIS2_PLACEMENT_3D('',#9741,#7855,#7856);
#6904=AXIS2_PLACEMENT_3D('',#9744,#7859,#7860);
#6905=AXIS2_PLACEMENT_3D('',#9745,#7861,#7862);
#6906=AXIS2_PLACEMENT_3D('',#9749,#7865,#7866);
#6907=AXIS2_PLACEMENT_3D('',#9755,#7870,#7871);
#6908=AXIS2_PLACEMENT_3D('',#9758,#7874,#7875);
#6909=AXIS2_PLACEMENT_3D('',#9759,#7876,#7877);
#6910=AXIS2_PLACEMENT_3D('',#9765,#7881,#7882);
#6911=AXIS2_PLACEMENT_3D('',#9769,#7885,#7886);
#6912=AXIS2_PLACEMENT_3D('',#9775,#7890,#7891);
#6913=AXIS2_PLACEMENT_3D('',#9788,#7898,#7899);
#6914=AXIS2_PLACEMENT_3D('',#9794,#7903,#7904);
#6915=AXIS2_PLACEMENT_3D('',#9800,#7908,#7909);
#6916=AXIS2_PLACEMENT_3D('',#9805,#7913,#7914);
#6917=AXIS2_PLACEMENT_3D('',#9811,#7918,#7919);
#6918=AXIS2_PLACEMENT_3D('',#9816,#7923,#7924);
#6919=AXIS2_PLACEMENT_3D('',#9822,#7928,#7929);
#6920=AXIS2_PLACEMENT_3D('',#9828,#7933,#7934);
#6921=AXIS2_PLACEMENT_3D('',#9831,#7937,#7938);
#6922=AXIS2_PLACEMENT_3D('',#9833,#7940,#7941);
#6923=AXIS2_PLACEMENT_3D('',#9839,#7945,#7946);
#6924=AXIS2_PLACEMENT_3D('',#9845,#7950,#7951);
#6925=AXIS2_PLACEMENT_3D('',#9848,#7954,#7955);
#6926=AXIS2_PLACEMENT_3D('',#9850,#7957,#7958);
#6927=AXIS2_PLACEMENT_3D('',#9856,#7962,#7963);
#6928=AXIS2_PLACEMENT_3D('',#9857,#7964,#7965);
#6929=AXIS2_PLACEMENT_3D('',#9859,#7967,#7968);
#6930=AXIS2_PLACEMENT_3D('',#9865,#7972,#7973);
#6931=AXIS2_PLACEMENT_3D('',#9869,#7976,#7977);
#6932=AXIS2_PLACEMENT_3D('',#9873,#7980,#7981);
#6933=AXIS2_PLACEMENT_3D('',#9877,#7984,#7985);
#6934=AXIS2_PLACEMENT_3D('',#9881,#7988,#7989);
#6935=AXIS2_PLACEMENT_3D('',#9885,#7992,#7993);
#6936=AXIS2_PLACEMENT_3D('',#9888,#7994,#7995);
#6937=AXIS2_PLACEMENT_3D('',#9891,#7998,#7999);
#6938=AXIS2_PLACEMENT_3D('',#9895,#8001,#8002);
#6939=AXIS2_PLACEMENT_3D('',#9899,#8004,#8005);
#6940=AXIS2_PLACEMENT_3D('',#9901,#8006,#8007);
#6941=AXIS2_PLACEMENT_3D('',#9903,#8008,#8009);
#6942=AXIS2_PLACEMENT_3D('',#9905,#8010,#8011);
#6943=AXIS2_PLACEMENT_3D('',#9909,#8013,#8014);
#6944=AXIS2_PLACEMENT_3D('',#9913,#8016,#8017);
#6945=AXIS2_PLACEMENT_3D('',#9919,#8021,#8022);
#6946=AXIS2_PLACEMENT_3D('',#9921,#8024,#8025);
#6947=AXIS2_PLACEMENT_3D('',#9923,#8027,#8028);
#6948=AXIS2_PLACEMENT_3D('',#9926,#8031,#8032);
#6949=AXIS2_PLACEMENT_3D('',#9928,#8034,#8035);
#6950=AXIS2_PLACEMENT_3D('',#9930,#8037,#8038);
#6951=AXIS2_PLACEMENT_3D('',#9933,#8041,#8042);
#6952=AXIS2_PLACEMENT_3D('',#9934,#8043,#8044);
#6953=AXIS2_PLACEMENT_3D('',#9937,#8047,#8048);
#6954=AXIS2_PLACEMENT_3D('',#9939,#8050,#8051);
#6955=AXIS2_PLACEMENT_3D('',#9941,#8052,#8053);
#6956=AXIS2_PLACEMENT_3D('',#9943,#8055,#8056);
#6957=AXIS2_PLACEMENT_3D('',#9947,#8058,#8059);
#6958=AXIS2_PLACEMENT_3D('',#9951,#8061,#8062);
#6959=AXIS2_PLACEMENT_3D('',#9953,#8063,#8064);
#6960=AXIS2_PLACEMENT_3D('',#9955,#8065,#8066);
#6961=AXIS2_PLACEMENT_3D('',#9957,#8067,#8068);
#6962=AXIS2_PLACEMENT_3D('',#9961,#8070,#8071);
#6963=AXIS2_PLACEMENT_3D('',#9964,#8073,#8074);
#6964=AXIS2_PLACEMENT_3D('',#9965,#8075,#8076);
#6965=AXIS2_PLACEMENT_3D('',#9967,#8078,#8079);
#6966=AXIS2_PLACEMENT_3D('',#9969,#8081,#8082);
#6967=AXIS2_PLACEMENT_3D('',#9972,#8085,#8086);
#6968=AXIS2_PLACEMENT_3D('',#9974,#8088,#8089);
#6969=AXIS2_PLACEMENT_3D('',#9975,#8090,#8091);
#6970=AXIS2_PLACEMENT_3D('',#9978,#8094,#8095);
#6971=AXIS2_PLACEMENT_3D('',#9979,#8096,#8097);
#6972=AXIS2_PLACEMENT_3D('',#9982,#8100,#8101);
#6973=AXIS2_PLACEMENT_3D('',#9984,#8103,#8104);
#6974=AXIS2_PLACEMENT_3D('',#9985,#8105,#8106);
#6975=AXIS2_PLACEMENT_3D('',#9986,#8107,#8108);
#6976=AXIS2_PLACEMENT_3D('',#9989,#8111,#8112);
#6977=AXIS2_PLACEMENT_3D('',#9991,#8114,#8115);
#6978=AXIS2_PLACEMENT_3D('',#9993,#8117,#8118);
#6979=AXIS2_PLACEMENT_3D('',#9995,#8120,#8121);
#6980=AXIS2_PLACEMENT_3D('',#9996,#8122,#8123);
#6981=AXIS2_PLACEMENT_3D('',#9999,#8124,#8125);
#6982=AXIS2_PLACEMENT_3D('',#10002,#8128,#8129);
#6983=AXIS2_PLACEMENT_3D('',#10006,#8131,#8132);
#6984=AXIS2_PLACEMENT_3D('',#10010,#8134,#8135);
#6985=AXIS2_PLACEMENT_3D('',#10012,#8136,#8137);
#6986=AXIS2_PLACEMENT_3D('',#10014,#8138,#8139);
#6987=AXIS2_PLACEMENT_3D('',#10016,#8140,#8141);
#6988=AXIS2_PLACEMENT_3D('',#10020,#8143,#8144);
#6989=AXIS2_PLACEMENT_3D('',#10024,#8146,#8147);
#6990=AXIS2_PLACEMENT_3D('',#10030,#8151,#8152);
#6991=AXIS2_PLACEMENT_3D('',#10032,#8154,#8155);
#6992=AXIS2_PLACEMENT_3D('',#10034,#8157,#8158);
#6993=AXIS2_PLACEMENT_3D('',#10037,#8161,#8162);
#6994=AXIS2_PLACEMENT_3D('',#10039,#8164,#8165);
#6995=AXIS2_PLACEMENT_3D('',#10041,#8167,#8168);
#6996=AXIS2_PLACEMENT_3D('',#10044,#8171,#8172);
#6997=AXIS2_PLACEMENT_3D('',#10045,#8173,#8174);
#6998=AXIS2_PLACEMENT_3D('',#10048,#8177,#8178);
#6999=AXIS2_PLACEMENT_3D('',#10050,#8180,#8181);
#7000=AXIS2_PLACEMENT_3D('',#10051,#8182,#8183);
#7001=AXIS2_PLACEMENT_3D('',#10054,#8186,#8187);
#7002=AXIS2_PLACEMENT_3D('',#10056,#8189,#8190);
#7003=AXIS2_PLACEMENT_3D('',#10057,#8191,#8192);
#7004=AXIS2_PLACEMENT_3D('',#10058,#8193,#8194);
#7005=AXIS2_PLACEMENT_3D('',#10064,#8198,#8199);
#7006=AXIS2_PLACEMENT_3D('',#10068,#8202,#8203);
#7007=AXIS2_PLACEMENT_3D('',#10072,#8206,#8207);
#7008=AXIS2_PLACEMENT_3D('',#10076,#8210,#8211);
#7009=AXIS2_PLACEMENT_3D('',#10080,#8214,#8215);
#7010=AXIS2_PLACEMENT_3D('',#10084,#8218,#8219);
#7011=AXIS2_PLACEMENT_3D('',#10088,#8222,#8223);
#7012=AXIS2_PLACEMENT_3D('',#10092,#8226,#8227);
#7013=AXIS2_PLACEMENT_3D('',#10096,#8230,#8231);
#7014=AXIS2_PLACEMENT_3D('',#10100,#8234,#8235);
#7015=AXIS2_PLACEMENT_3D('',#10104,#8238,#8239);
#7016=AXIS2_PLACEMENT_3D('',#10106,#8241,#8242);
#7017=AXIS2_PLACEMENT_3D('',#10110,#8245,#8246);
#7018=AXIS2_PLACEMENT_3D('',#10114,#8249,#8250);
#7019=AXIS2_PLACEMENT_3D('',#10118,#8253,#8254);
#7020=AXIS2_PLACEMENT_3D('',#10122,#8257,#8258);
#7021=AXIS2_PLACEMENT_3D('',#10126,#8261,#8262);
#7022=AXIS2_PLACEMENT_3D('',#10128,#8264,#8265);
#7023=AXIS2_PLACEMENT_3D('',#10129,#8266,#8267);
#7024=AXIS2_PLACEMENT_3D('',#10130,#8268,#8269);
#7025=AXIS2_PLACEMENT_3D('',#10139,#8274,#8275);
#7026=AXIS2_PLACEMENT_3D('',#10148,#8280,#8281);
#7027=AXIS2_PLACEMENT_3D('',#10157,#8286,#8287);
#7028=AXIS2_PLACEMENT_3D('',#10166,#8292,#8293);
#7029=AXIS2_PLACEMENT_3D('',#10175,#8298,#8299);
#7030=AXIS2_PLACEMENT_3D('',#10184,#8304,#8305);
#7031=AXIS2_PLACEMENT_3D('',#10187,#8308,#8309);
#7032=AXIS2_PLACEMENT_3D('',#10190,#8312,#8313);
#7033=AXIS2_PLACEMENT_3D('',#10193,#8316,#8317);
#7034=AXIS2_PLACEMENT_3D('',#10196,#8320,#8321);
#7035=AXIS2_PLACEMENT_3D('',#10199,#8324,#8325);
#7036=AXIS2_PLACEMENT_3D('',#10202,#8328,#8329);
#7037=AXIS2_PLACEMENT_3D('',#10208,#8333,#8334);
#7038=AXIS2_PLACEMENT_3D('',#10212,#8337,#8338);
#7039=AXIS2_PLACEMENT_3D('',#10216,#8341,#8342);
#7040=AXIS2_PLACEMENT_3D('',#10220,#8345,#8346);
#7041=AXIS2_PLACEMENT_3D('',#10224,#8349,#8350);
#7042=AXIS2_PLACEMENT_3D('',#10228,#8353,#8354);
#7043=AXIS2_PLACEMENT_3D('',#10277,#8379,#8380);
#7044=AXIS2_PLACEMENT_3D('',#10283,#8384,#8385);
#7045=AXIS2_PLACEMENT_3D('',#10287,#8388,#8389);
#7046=AXIS2_PLACEMENT_3D('',#10291,#8392,#8393);
#7047=AXIS2_PLACEMENT_3D('',#10297,#8397,#8398);
#7048=AXIS2_PLACEMENT_3D('',#10301,#8401,#8402);
#7049=AXIS2_PLACEMENT_3D('',#10305,#8405,#8406);
#7050=AXIS2_PLACEMENT_3D('',#10311,#8410,#8411);
#7051=AXIS2_PLACEMENT_3D('',#10315,#8414,#8415);
#7052=AXIS2_PLACEMENT_3D('',#10319,#8418,#8419);
#7053=AXIS2_PLACEMENT_3D('',#10323,#8422,#8423);
#7054=AXIS2_PLACEMENT_3D('',#10327,#8426,#8427);
#7055=AXIS2_PLACEMENT_3D('',#10331,#8430,#8431);
#7056=AXIS2_PLACEMENT_3D('',#10335,#8434,#8435);
#7057=AXIS2_PLACEMENT_3D('',#10337,#8437,#8438);
#7058=AXIS2_PLACEMENT_3D('',#10341,#8441,#8442);
#7059=AXIS2_PLACEMENT_3D('',#10345,#8445,#8446);
#7060=AXIS2_PLACEMENT_3D('',#10349,#8449,#8450);
#7061=AXIS2_PLACEMENT_3D('',#10353,#8453,#8454);
#7062=AXIS2_PLACEMENT_3D('',#10355,#8456,#8457);
#7063=AXIS2_PLACEMENT_3D('',#10359,#8460,#8461);
#7064=AXIS2_PLACEMENT_3D('',#10363,#8464,#8465);
#7065=AXIS2_PLACEMENT_3D('',#10367,#8468,#8469);
#7066=AXIS2_PLACEMENT_3D('',#10371,#8472,#8473);
#7067=AXIS2_PLACEMENT_3D('',#10373,#8475,#8476);
#7068=AXIS2_PLACEMENT_3D('',#10379,#8480,#8481);
#7069=AXIS2_PLACEMENT_3D('',#10383,#8484,#8485);
#7070=AXIS2_PLACEMENT_3D('',#10387,#8488,#8489);
#7071=AXIS2_PLACEMENT_3D('',#10391,#8492,#8493);
#7072=AXIS2_PLACEMENT_3D('',#10395,#8496,#8497);
#7073=AXIS2_PLACEMENT_3D('',#10399,#8500,#8501);
#7074=AXIS2_PLACEMENT_3D('',#10403,#8504,#8505);
#7075=AXIS2_PLACEMENT_3D('',#10407,#8508,#8509);
#7076=AXIS2_PLACEMENT_3D('',#10411,#8512,#8513);
#7077=AXIS2_PLACEMENT_3D('',#10415,#8516,#8517);
#7078=AXIS2_PLACEMENT_3D('',#10419,#8520,#8521);
#7079=AXIS2_PLACEMENT_3D('',#10423,#8524,#8525);
#7080=AXIS2_PLACEMENT_3D('',#10432,#8530,#8531);
#7081=AXIS2_PLACEMENT_3D('',#10438,#8535,#8536);
#7082=AXIS2_PLACEMENT_3D('',#10444,#8540,#8541);
#7083=AXIS2_PLACEMENT_3D('',#10450,#8545,#8546);
#7084=AXIS2_PLACEMENT_3D('',#10456,#8550,#8551);
#7085=AXIS2_PLACEMENT_3D('',#10462,#8555,#8556);
#7086=AXIS2_PLACEMENT_3D('',#10468,#8560,#8561);
#7087=AXIS2_PLACEMENT_3D('',#10474,#8565,#8566);
#7088=AXIS2_PLACEMENT_3D('',#10479,#8570,#8571);
#7089=AXIS2_PLACEMENT_3D('',#10483,#8574,#8575);
#7090=AXIS2_PLACEMENT_3D('',#10487,#8578,#8579);
#7091=AXIS2_PLACEMENT_3D('',#10491,#8582,#8583);
#7092=AXIS2_PLACEMENT_3D('',#10495,#8586,#8587);
#7093=AXIS2_PLACEMENT_3D('',#10499,#8590,#8591);
#7094=AXIS2_PLACEMENT_3D('',#10503,#8594,#8595);
#7095=AXIS2_PLACEMENT_3D('',#10507,#8598,#8599);
#7096=AXIS2_PLACEMENT_3D('',#10511,#8602,#8603);
#7097=AXIS2_PLACEMENT_3D('',#10515,#8606,#8607);
#7098=AXIS2_PLACEMENT_3D('',#10519,#8610,#8611);
#7099=AXIS2_PLACEMENT_3D('',#10523,#8614,#8615);
#7100=AXIS2_PLACEMENT_3D('',#10527,#8618,#8619);
#7101=AXIS2_PLACEMENT_3D('',#10533,#8623,#8624);
#7102=AXIS2_PLACEMENT_3D('',#10539,#8628,#8629);
#7103=AXIS2_PLACEMENT_3D('',#10542,#8632,#8633);
#7104=AXIS2_PLACEMENT_3D('',#10544,#8635,#8636);
#7105=AXIS2_PLACEMENT_3D('',#10546,#8638,#8639);
#7106=AXIS2_PLACEMENT_3D('',#10548,#8641,#8642);
#7107=AXIS2_PLACEMENT_3D('',#10550,#8644,#8645);
#7108=AXIS2_PLACEMENT_3D('',#10575,#8658,#8659);
#7109=AXIS2_PLACEMENT_3D('',#10578,#8662,#8663);
#7110=AXIS2_PLACEMENT_3D('',#10580,#8665,#8666);
#7111=AXIS2_PLACEMENT_3D('',#10584,#8669,#8670);
#7112=AXIS2_PLACEMENT_3D('',#10588,#8673,#8674);
#7113=AXIS2_PLACEMENT_3D('',#10592,#8677,#8678);
#7114=AXIS2_PLACEMENT_3D('',#10596,#8681,#8682);
#7115=AXIS2_PLACEMENT_3D('',#10600,#8685,#8686);
#7116=AXIS2_PLACEMENT_3D('',#10603,#8689,#8690);
#7117=AXIS2_PLACEMENT_3D('',#10605,#8692,#8693);
#7118=AXIS2_PLACEMENT_3D('',#10607,#8695,#8696);
#7119=AXIS2_PLACEMENT_3D('',#10609,#8698,#8699);
#7120=AXIS2_PLACEMENT_3D('',#10610,#8700,#8701);
#7121=AXIS2_PLACEMENT_3D('',#10612,#8703,#8704);
#7122=AXIS2_PLACEMENT_3D('',#10615,#8707,#8708);
#7123=AXIS2_PLACEMENT_3D('',#10617,#8710,#8711);
#7124=AXIS2_PLACEMENT_3D('',#10619,#8713,#8714);
#7125=AXIS2_PLACEMENT_3D('',#10622,#8717,#8718);
#7126=AXIS2_PLACEMENT_3D('',#10624,#8720,#8721);
#7127=AXIS2_PLACEMENT_3D('',#10625,#8722,#8723);
#7128=AXIS2_PLACEMENT_3D('',#10626,#8724,#8725);
#7129=AXIS2_PLACEMENT_3D('',#10629,#8728,#8729);
#7130=AXIS2_PLACEMENT_3D('',#10632,#8732,#8733);
#7131=AXIS2_PLACEMENT_3D('',#10633,#8734,#8735);
#7132=AXIS2_PLACEMENT_3D('',#10634,#8736,#8737);
#7133=AXIS2_PLACEMENT_3D('',#10635,#8738,#8739);
#7134=AXIS2_PLACEMENT_3D('',#10636,#8740,#8741);
#7135=AXIS2_PLACEMENT_3D('',#10637,#8742,#8743);
#7136=AXIS2_PLACEMENT_3D('',#10646,#8748,#8749);
#7137=AXIS2_PLACEMENT_3D('',#10655,#8754,#8755);
#7138=AXIS2_PLACEMENT_3D('',#10661,#8759,#8760);
#7139=AXIS2_PLACEMENT_3D('',#10664,#8763,#8764);
#7140=AXIS2_PLACEMENT_3D('',#10670,#8768,#8769);
#7141=AXIS2_PLACEMENT_3D('',#10673,#8772,#8773);
#7142=AXIS2_PLACEMENT_3D('',#10679,#8777,#8778);
#7143=AXIS2_PLACEMENT_3D('',#10691,#8785,#8786);
#7144=AXIS2_PLACEMENT_3D('',#10695,#8789,#8790);
#7145=AXIS2_PLACEMENT_3D('',#10696,#8791,#8792);
#7146=AXIS2_PLACEMENT_3D('',#10699,#8793,#8794);
#7147=AXIS2_PLACEMENT_3D('',#10703,#8796,#8797);
#7148=AXIS2_PLACEMENT_3D('',#10705,#8799,#8800);
#7149=AXIS2_PLACEMENT_3D('',#10711,#8804,#8805);
#7150=AXIS2_PLACEMENT_3D('',#10714,#8806,#8807);
#7151=AXIS2_PLACEMENT_3D('',#10718,#8809,#8810);
#7152=AXIS2_PLACEMENT_3D('',#10720,#8812,#8813);
#7153=AXIS2_PLACEMENT_3D('',#10723,#8816,#8817);
#7154=AXIS2_PLACEMENT_3D('',#10726,#8818,#8819);
#7155=AXIS2_PLACEMENT_3D('',#10730,#8821,#8822);
#7156=AXIS2_PLACEMENT_3D('',#10732,#8824,#8825);
#7157=AXIS2_PLACEMENT_3D('',#10735,#8828,#8829);
#7158=AXIS2_PLACEMENT_3D('',#10737,#8830,#8831);
#7159=AXIS2_PLACEMENT_3D('',#10739,#8832,#8833);
#7160=AXIS2_PLACEMENT_3D('',#10741,#8835,#8836);
#7161=AXIS2_PLACEMENT_3D('',#10744,#8839,#8840);
#7162=AXIS2_PLACEMENT_3D('',#10745,#8841,#8842);
#7163=AXIS2_PLACEMENT_3D('',#10755,#8848,#8849);
#7164=AXIS2_PLACEMENT_3D('',#10765,#8855,#8856);
#7165=AXIS2_PLACEMENT_3D('',#10769,#8859,#8860);
#7166=AXIS2_PLACEMENT_3D('',#10773,#8863,#8864);
#7167=AXIS2_PLACEMENT_3D('',#10777,#8867,#8868);
#7168=AXIS2_PLACEMENT_3D('',#10781,#8871,#8872);
#7169=AXIS2_PLACEMENT_3D('',#10787,#8876,#8877);
#7170=AXIS2_PLACEMENT_3D('',#10789,#8879,#8880);
#7171=AXIS2_PLACEMENT_3D('',#10791,#8882,#8883);
#7172=AXIS2_PLACEMENT_3D('',#10793,#8885,#8886);
#7173=AXIS2_PLACEMENT_3D('',#10795,#8888,#8889);
#7174=AXIS2_PLACEMENT_3D('',#10796,#8890,#8891);
#7175=AXIS2_PLACEMENT_3D('',#10797,#8892,#8893);
#7176=AXIS2_PLACEMENT_3D('',#10798,#8894,#8895);
#7177=AXIS2_PLACEMENT_3D('',#10799,#8896,#8897);
#7178=AXIS2_PLACEMENT_3D('',#10800,#8898,#8899);
#7179=AXIS2_PLACEMENT_3D('',#10801,#8900,#8901);
#7180=AXIS2_PLACEMENT_3D('',#10802,#8902,#8903);
#7181=AXIS2_PLACEMENT_3D('',#10803,#8904,#8905);
#7182=AXIS2_PLACEMENT_3D('',#10804,#8906,#8907);
#7183=DIRECTION('axis',(0.,0.,1.));
#7184=DIRECTION('refdir',(1.,0.,0.));
#7185=DIRECTION('axis',(0.,0.,1.));
#7186=DIRECTION('refdir',(1.,0.,0.));
#7187=DIRECTION('axis',(0.,0.,1.));
#7188=DIRECTION('refdir',(1.,0.,0.));
#7189=DIRECTION('center_axis',(0.35355339059327,-0.612372435695789,0.707106781186554));
#7190=DIRECTION('ref_axis',(0.894427190999919,0.,-0.447213595499951));
#7191=DIRECTION('',(-0.866025403784439,-0.5,0.));
#7192=DIRECTION('',(0.788675134594812,-0.211324865405195,-0.577350269189624));
#7193=DIRECTION('',(0.866025403784439,0.5,0.));
#7194=DIRECTION('',(0.186156787897385,-0.694746590606866,-0.694746590606866));
#7195=DIRECTION('center_axis',(0.612372435695793,0.353553390593273,0.70710678118655));
#7196=DIRECTION('ref_axis',(0.755928946018456,0.,-0.654653670707975));
#7197=DIRECTION('',(0.5,-0.866025403784439,0.));
#7198=DIRECTION('',(0.755928946018457,0.,-0.654653670707975));
#7199=DIRECTION('',(-0.5,0.866025403784439,0.));
#7200=DIRECTION('center_axis',(0.612372435695793,-0.353553390593273,0.70710678118655));
#7201=DIRECTION('ref_axis',(0.755928946018457,0.,-0.654653670707975));
#7202=DIRECTION('',(-0.5,-0.866025403784438,0.));
#7203=DIRECTION('',(0.377964473009233,-0.654653670707976,-0.654653670707976));
#7204=DIRECTION('',(0.5,0.866025403784438,0.));
#7205=DIRECTION('center_axis',(-3.14018491736756E-15,-0.70710678118655,
0.707106781186546));
#7206=DIRECTION('ref_axis',(1.,0.,4.44089209850065E-15));
#7207=DIRECTION('',(-1.,4.44089209850063E-15,0.));
#7208=DIRECTION('',(0.577350269189626,-0.577350269189626,-0.577350269189626));
#7209=DIRECTION('',(1.,-4.44089209850063E-15,0.));
#7210=DIRECTION('center_axis',(0.707106781186548,-6.4363207493641E-16,0.707106781186548));
#7211=DIRECTION('ref_axis',(0.707106781186548,0.,-0.707106781186548));
#7212=DIRECTION('',(-9.10233209553407E-16,-1.,0.));
#7213=DIRECTION('',(0.694746590606863,0.186156787897407,-0.694746590606863));
#7214=DIRECTION('',(9.10233209553407E-16,1.,0.));
#7215=DIRECTION('center_axis',(0.61237243569579,0.353553390593269,0.707106781186554));
#7216=DIRECTION('ref_axis',(0.75592894601846,0.,-0.654653670707971));
#7217=DIRECTION('',(0.499999999999998,-0.86602540378444,0.));
#7218=DIRECTION('',(0.508589802709465,0.508589802709504,-0.69474659060686));
#7219=DIRECTION('',(-0.499999999999998,0.86602540378444,0.));
#7220=DIRECTION('center_axis',(0.353553390593271,0.612372435695789,0.707106781186554));
#7221=DIRECTION('ref_axis',(0.894427190999919,0.,-0.447213595499952));
#7222=DIRECTION('',(0.866025403784438,-0.500000000000001,0.));
#7223=DIRECTION('',(-0.211324865405182,0.788675134594817,-0.577350269189623));
#7224=DIRECTION('',(-0.866025403784438,0.500000000000001,0.));
#7225=DIRECTION('center_axis',(-0.612372435695794,0.353553390593273,0.707106781186549));
#7226=DIRECTION('ref_axis',(0.755928946018455,0.,0.654653670707976));
#7227=DIRECTION('',(0.499999999999999,0.866025403784439,0.));
#7228=DIRECTION('',(-0.37796447300923,0.654653670707976,-0.654653670707976));
#7229=DIRECTION('',(-0.499999999999999,-0.866025403784439,0.));
#7230=DIRECTION('center_axis',(0.,0.707106781186548,0.707106781186548));
#7231=DIRECTION('ref_axis',(1.,0.,0.));
#7232=DIRECTION('',(1.,0.,0.));
#7233=DIRECTION('',(0.377964473009227,0.654653670707977,-0.654653670707977));
#7234=DIRECTION('',(-1.,0.,0.));
#7235=DIRECTION('center_axis',(0.612372435695796,0.353553390593271,0.707106781186548));
#7236=DIRECTION('ref_axis',(0.755928946018454,0.,-0.654653670707978));
#7237=DIRECTION('',(0.499999999999997,-0.866025403784441,0.));
#7238=DIRECTION('',(0.211324865405186,0.788675134594816,-0.577350269189622));
#7239=DIRECTION('',(-0.499999999999997,0.866025403784441,0.));
#7240=DIRECTION('center_axis',(-0.353553390593273,0.612372435695794,0.707106781186549));
#7241=DIRECTION('ref_axis',(0.894427190999917,0.,0.447213595499957));
#7242=DIRECTION('',(-0.866025403784439,-0.499999999999999,0.));
#7243=DIRECTION('',(0.866025403784439,0.499999999999999,0.));
#7244=DIRECTION('',(-0.508589802709477,0.508589802709485,-0.694746590606865));
#7245=DIRECTION('center_axis',(-0.612372435695793,0.353553390593274,0.707106781186549));
#7246=DIRECTION('ref_axis',(0.755928946018456,0.,0.654653670707976));
#7247=DIRECTION('',(-0.500000000000001,-0.866025403784438,0.));
#7248=DIRECTION('',(0.500000000000001,0.866025403784438,0.));
#7249=DIRECTION('',(-0.694746590606869,0.186156787897362,-0.694746590606869));
#7250=DIRECTION('center_axis',(-0.707106781186548,6.43632074936408E-16,
0.707106781186548));
#7251=DIRECTION('ref_axis',(0.707106781186548,0.,0.707106781186548));
#7252=DIRECTION('',(-9.10233209553405E-16,-1.,0.));
#7253=DIRECTION('',(9.10233209553405E-16,1.,0.));
#7254=DIRECTION('',(-0.577350269189628,-0.577350269189622,-0.577350269189628));
#7255=DIRECTION('center_axis',(3.14018491736757E-16,-0.707106781186551,
0.707106781186544));
#7256=DIRECTION('ref_axis',(1.,0.,-4.44089209850068E-16));
#7257=DIRECTION('',(1.,4.44089209850063E-16,0.));
#7258=DIRECTION('',(-1.,-4.44089209850063E-16,0.));
#7259=DIRECTION('',(-0.377964473009228,-0.654653670707973,-0.654653670707981));
#7260=DIRECTION('center_axis',(-0.612372435695797,-0.353553390593275,0.707106781186544));
#7261=DIRECTION('ref_axis',(0.755928946018451,0.,0.654653670707981));
#7262=DIRECTION('',(0.5,-0.866025403784439,0.));
#7263=DIRECTION('',(-0.5,0.866025403784439,0.));
#7264=DIRECTION('',(-0.755928946018451,0.,-0.654653670707982));
#7265=DIRECTION('center_axis',(-0.612372435695799,0.353553390593279,0.707106781186541));
#7266=DIRECTION('ref_axis',(0.75592894601845,0.,0.654653670707983));
#7267=DIRECTION('',(-0.500000000000004,-0.866025403784437,0.));
#7268=DIRECTION('',(0.500000000000004,0.866025403784437,0.));
#7269=DIRECTION('',(-0.788675134594811,-0.211324865405179,-0.577350269189632));
#7270=DIRECTION('center_axis',(-0.35355339059328,-0.612372435695805,0.707106781186535));
#7271=DIRECTION('ref_axis',(0.89442719099991,0.,0.447213595499971));
#7272=DIRECTION('',(0.866025403784438,-0.500000000000001,0.));
#7273=DIRECTION('',(-0.866025403784438,0.500000000000001,0.));
#7274=DIRECTION('',(-0.186156787897323,-0.694746590606882,-0.694746590606866));
#7275=DIRECTION('center_axis',(-1.13831703254574E-15,-0.707106781186548,
0.707106781186548));
#7276=DIRECTION('ref_axis',(1.,0.,1.60982338570648E-15));
#7277=DIRECTION('',(1.,-1.60982338570648E-15,0.));
#7278=DIRECTION('',(-1.,1.60982338570648E-15,0.));
#7279=DIRECTION('center_axis',(-0.5,0.866025403784439,0.));
#7280=DIRECTION('ref_axis',(-0.866025403784439,-0.499999999999999,0.));
#7281=DIRECTION('',(0.,0.,-1.));
#7282=DIRECTION('',(-0.866025403784439,-0.499999999999999,0.));
#7283=DIRECTION('',(0.,0.,1.));
#7284=DIRECTION('center_axis',(-0.866025403784438,0.500000000000001,0.));
#7285=DIRECTION('ref_axis',(-0.500000000000001,-0.866025403784438,0.));
#7286=DIRECTION('',(0.,0.,1.));
#7287=DIRECTION('',(0.500000000000001,0.866025403784438,0.));
#7288=DIRECTION('center_axis',(-1.,9.10233209553405E-16,0.));
#7289=DIRECTION('ref_axis',(-9.10233209553405E-16,-1.,0.));
#7290=DIRECTION('',(0.,0.,-1.));
#7291=DIRECTION('',(-9.10233209553405E-16,-1.,0.));
#7292=DIRECTION('center_axis',(4.44089209850063E-16,-1.,0.));
#7293=DIRECTION('ref_axis',(1.,4.44089209850063E-16,0.));
#7294=DIRECTION('',(0.,0.,1.));
#7295=DIRECTION('',(-1.,-4.44089209850063E-16,0.));
#7296=DIRECTION('',(0.,0.,-1.));
#7297=DIRECTION('',(-1.,-4.44089209850063E-16,0.));
#7298=DIRECTION('center_axis',(-0.866025403784439,-0.5,0.));
#7299=DIRECTION('ref_axis',(0.5,-0.866025403784439,0.));
#7300=DIRECTION('',(0.,0.,1.));
#7301=DIRECTION('',(-0.5,0.866025403784439,0.));
#7302=DIRECTION('center_axis',(-0.866025403784437,0.500000000000004,0.));
#7303=DIRECTION('ref_axis',(-0.500000000000004,-0.866025403784437,0.));
#7304=DIRECTION('',(0.,0.,1.));
#7305=DIRECTION('',(0.500000000000004,0.866025403784437,0.));
#7306=DIRECTION('',(0.,0.,1.));
#7307=DIRECTION('',(0.500000000000004,0.866025403784437,0.));
#7308=DIRECTION('center_axis',(-0.500000000000001,-0.866025403784438,0.));
#7309=DIRECTION('ref_axis',(0.866025403784438,-0.500000000000001,0.));
#7310=DIRECTION('',(0.,0.,-1.));
#7311=DIRECTION('',(0.866025403784438,-0.500000000000001,0.));
#7312=DIRECTION('center_axis',(-1.60982338570648E-15,-1.,0.));
#7313=DIRECTION('ref_axis',(1.,-1.55431223447522E-15,0.));
#7314=DIRECTION('',(0.,0.,1.));
#7315=DIRECTION('',(-1.,1.55431223447522E-15,0.));
#7316=DIRECTION('center_axis',(0.5,-0.866025403784439,0.));
#7317=DIRECTION('ref_axis',(0.866025403784439,0.5,0.));
#7318=DIRECTION('',(0.,0.,-1.));
#7319=DIRECTION('',(0.866025403784439,0.5,0.));
#7320=DIRECTION('center_axis',(0.,0.,1.));
#7321=DIRECTION('ref_axis',(1.,0.,0.));
#7322=DIRECTION('',(0.866025403784436,0.500000000000005,0.));
#7323=DIRECTION('',(-0.866025403784438,0.500000000000001,0.));
#7324=DIRECTION('',(0.,-1.,0.));
#7325=DIRECTION('',(-0.819152044288992,-0.573576436351046,0.));
#7326=DIRECTION('',(1.,1.55431223447522E-14,0.));
#7327=DIRECTION('',(-0.819152044288996,0.57357643635104,0.));
#7328=DIRECTION('',(-6.18749917901913E-15,1.,0.));
#7329=DIRECTION('',(-0.866025403784439,-0.499999999999999,0.));
#7330=DIRECTION('',(0.866025403784439,-0.5,0.));
#7331=DIRECTION('',(0.0871557427476578,-0.996194698091746,0.));
#7332=DIRECTION('',(-0.499999999999987,-0.866025403784446,0.));
#7333=DIRECTION('',(-0.906307787036647,-0.422618261740706,0.));
#7334=DIRECTION('',(-0.866025403784442,0.499999999999995,0.));
#7335=DIRECTION('',(-1.04220340379692E-15,-1.,0.));
#7336=DIRECTION('',(0.866025403784439,0.5,0.));
#7337=DIRECTION('',(0.90630778703665,-0.4226182617407,0.));
#7338=DIRECTION('',(0.500000000000013,-0.866025403784431,0.));
#7339=DIRECTION('',(-0.0871557427476515,-0.996194698091746,0.));
#7340=DIRECTION('',(-0.866025403784436,-0.500000000000005,0.));
#7341=DIRECTION('',(0.866025403784439,-0.5,0.));
#7342=DIRECTION('',(1.22464679914735E-16,1.,0.));
#7343=DIRECTION('',(0.819152044288992,0.573576436351046,0.));
#7344=DIRECTION('',(1.,1.54206576648375E-14,0.));
#7345=DIRECTION('',(0.819152044288996,-0.57357643635104,0.));
#7346=DIRECTION('',(6.06503449910439E-15,-1.,0.));
#7347=DIRECTION('',(0.866025403784439,0.5,0.));
#7348=DIRECTION('',(-0.866025403784438,0.500000000000001,0.));
#7349=DIRECTION('',(-0.0871557427476574,0.996194698091746,0.));
#7350=DIRECTION('',(0.499999999999987,0.866025403784446,0.));
#7351=DIRECTION('',(0.906307787036647,0.422618261740705,0.));
#7352=DIRECTION('',(0.866025403784441,-0.499999999999995,0.));
#7353=DIRECTION('',(8.3376272303754E-16,1.,0.));
#7354=DIRECTION('',(-0.866025403784439,-0.499999999999999,0.));
#7355=DIRECTION('',(-0.906307787036649,0.4226182617407,0.));
#7356=DIRECTION('',(-0.500000000000013,0.866025403784431,0.));
#7357=DIRECTION('',(0.0871557427476522,0.996194698091746,0.));
#7358=DIRECTION('center_axis',(0.,0.,-1.));
#7359=DIRECTION('ref_axis',(0.5,0.866025403784438,0.));
#7360=DIRECTION('center_axis',(0.,0.,-1.));
#7361=DIRECTION('ref_axis',(0.5,-0.866025403784439,0.));
#7362=DIRECTION('center_axis',(0.,0.,-1.));
#7363=DIRECTION('ref_axis',(-1.,0.,0.));
#7364=DIRECTION('center_axis',(0.866025403784431,0.500000000000013,0.));
#7365=DIRECTION('ref_axis',(0.500000000000013,-0.866025403784431,0.));
#7366=DIRECTION('',(0.433719710776287,-0.751224575308581,-0.497542812164517));
#7367=DIRECTION('',(-0.499999999999992,0.866025403784443,0.));
#7368=DIRECTION('',(0.,0.,1.));
#7369=DIRECTION('',(0.500000000000013,-0.866025403784431,0.));
#7370=DIRECTION('',(0.,0.,1.));
#7371=DIRECTION('',(-0.500000000000013,0.866025403784431,0.));
#7372=DIRECTION('',(0.433719710776284,-0.751224575308577,0.497542812164526));
#7373=DIRECTION('center_axis',(-0.0494480214384071,-0.0285488284883587,
0.99836859804772));
#7374=DIRECTION('ref_axis',(0.499999999999999,-0.866025403784439,0.));
#7375=DIRECTION('',(0.834704219594999,0.547740191467481,0.0570048106870925));
#7376=DIRECTION('',(0.5,-0.866025403784439,3.64887207658064E-17));
#7377=DIRECTION('',(-0.891709030282088,-0.449004963081597,-0.0570048106870925));
#7378=DIRECTION('',(-0.865671545676306,0.499795699926017,-0.0285837950919305));
#7379=DIRECTION('',(-0.499999999999999,0.866025403784439,0.));
#7380=DIRECTION('',(1.83186799063151E-15,0.999591399852031,0.0285837950919306));
#7381=DIRECTION('center_axis',(-0.866025403784439,-0.499999999999999,0.));
#7382=DIRECTION('ref_axis',(-0.499999999999999,0.866025403784439,0.));
#7383=DIRECTION('',(0.,0.,-1.));
#7384=DIRECTION('',(-0.499999999999999,0.866025403784439,0.));
#7385=DIRECTION('',(0.,0.,-1.));
#7386=DIRECTION('center_axis',(-0.704416026402758,0.061628416716215,0.707106781186549));
#7387=DIRECTION('ref_axis',(0.433719710776275,-0.751224575308588,0.497542812164518));
#7388=DIRECTION('',(-0.0871557427476521,-0.996194698091746,0.));
#7389=DIRECTION('',(0.630946668799935,-0.401957358847987,0.663578618400424));
#7390=DIRECTION('center_axis',(-0.353553390593277,0.612372435695793,0.707106781186547));
#7391=DIRECTION('ref_axis',(0.353553390593273,-0.612372435695795,0.707106781186548));
#7392=DIRECTION('',(-0.866025403784436,-0.500000000000005,0.));
#7393=DIRECTION('',(0.654653670707975,-0.377964473009228,0.654653670707979));
#7394=DIRECTION('',(0.788675134594813,-0.211324865405184,0.577350269189627));
#7395=DIRECTION('',(0.894427190999915,3.81255608598835E-15,0.447213595499959));
#7396=DIRECTION('center_axis',(-0.298836238730121,-0.64085638205579,0.707106781186545));
#7397=DIRECTION('ref_axis',(0.433719710776272,-0.751224575308584,-0.497542812164525));
#7398=DIRECTION('',(0.906307787036649,-0.4226182617407,0.));
#7399=DIRECTION('',(0.0326319496004973,-0.747394523037902,-0.663578618400426));
#7400=DIRECTION('center_axis',(0.353553390593274,-0.612372435695795,0.707106781186547));
#7401=DIRECTION('ref_axis',(0.353553390593273,-0.612372435695794,-0.707106781186548));
#7402=DIRECTION('',(-0.447213595499959,-0.774596669241483,-0.447213595499958));
#7403=DIRECTION('',(-0.211324865405189,-0.788675134594813,-0.577350269189626));
#7404=DIRECTION('',(-1.38777878078145E-15,-0.755928946018454,-0.654653670707977));
#7405=DIRECTION('',(0.866025403784439,0.499999999999999,0.));
#7406=DIRECTION('center_axis',(0.499999999999996,0.866025403784441,0.));
#7407=DIRECTION('ref_axis',(-0.866025403784441,0.499999999999995,0.));
#7408=DIRECTION('',(0.866025403784441,-0.499999999999995,0.));
#7409=DIRECTION('',(0.,0.,1.));
#7410=DIRECTION('',(-0.866025403784441,0.499999999999995,0.));
#7411=DIRECTION('center_axis',(0.500000000000013,-0.866025403784431,0.));
#7412=DIRECTION('ref_axis',(0.866025403784431,0.500000000000013,0.));
#7413=DIRECTION('',(0.866025403784431,0.500000000000013,0.));
#7414=DIRECTION('',(-0.866025403784431,-0.500000000000013,0.));
#7415=DIRECTION('',(0.866025403784431,0.500000000000013,0.));
#7416=DIRECTION('',(0.,0.,1.));
#7417=DIRECTION('center_axis',(-0.500000000000001,-0.866025403784438,0.));
#7418=DIRECTION('ref_axis',(0.866025403784438,-0.500000000000002,0.));
#7419=DIRECTION('',(0.866025403784438,-0.500000000000002,0.));
#7420=DIRECTION('',(0.866025403784438,-0.500000000000002,0.));
#7421=DIRECTION('center_axis',(0.,0.,1.));
#7422=DIRECTION('ref_axis',(0.499999999999999,-0.866025403784439,0.));
#7423=DIRECTION('center_axis',(1.,-7.7715611723761E-16,0.));
#7424=DIRECTION('ref_axis',(7.7715611723761E-16,1.,0.));
#7425=DIRECTION('',(-7.7715611723761E-16,-1.,0.));
#7426=DIRECTION('',(7.7715611723761E-16,1.,0.));
#7427=DIRECTION('',(0.,0.,1.));
#7428=DIRECTION('center_axis',(-1.,1.83186799063151E-15,0.));
#7429=DIRECTION('ref_axis',(-1.83186799063151E-15,-1.,0.));
#7430=DIRECTION('',(-1.83186799063151E-15,-1.,0.));
#7431=DIRECTION('',(0.,0.,1.));
#7432=DIRECTION('',(-1.83186799063151E-15,-1.,0.));
#7433=DIRECTION('center_axis',(-0.499999999999991,0.866025403784444,0.));
#7434=DIRECTION('ref_axis',(-0.866025403784444,-0.499999999999991,0.));
#7435=DIRECTION('',(-0.866025403784444,-0.499999999999991,0.));
#7436=DIRECTION('',(-0.866025403784444,-0.499999999999991,0.));
#7437=DIRECTION('',(0.866025403784444,0.499999999999991,0.));
#7438=DIRECTION('center_axis',(0.,0.,1.));
#7439=DIRECTION('ref_axis',(0.499999999999999,-0.866025403784439,0.));
#7440=DIRECTION('center_axis',(0.,0.,-1.));
#7441=DIRECTION('ref_axis',(-0.499999999999999,0.866025403784439,0.));
#7442=DIRECTION('',(-0.866025403784438,0.500000000000001,0.));
#7443=DIRECTION('',(-0.5,0.866025403784439,0.));
#7444=DIRECTION('',(8.51759341151036E-16,1.,0.));
#7445=DIRECTION('center_axis',(0.,0.,1.));
#7446=DIRECTION('ref_axis',(-1.,0.,0.));
#7447=DIRECTION('',(8.51759341151036E-16,1.,0.));
#7448=DIRECTION('',(-0.866025403784446,0.499999999999987,0.));
#7449=DIRECTION('',(5.55111512312578E-15,-1.,0.));
#7450=DIRECTION('',(-0.499999999999987,-0.866025403784446,0.));
#7451=DIRECTION('',(-0.866025403784439,-0.5,0.));
#7452=DIRECTION('',(0.866025403784434,-0.500000000000009,0.));
#7453=DIRECTION('',(0.866025403784439,0.5,0.));
#7454=DIRECTION('',(-1.55678555288536E-14,1.,0.));
#7455=DIRECTION('',(-0.866025403784436,-0.500000000000005,0.));
#7456=DIRECTION('',(-1.,-1.54206576648375E-14,0.));
#7457=DIRECTION('',(-0.866025403784439,0.5,0.));
#7458=DIRECTION('',(-9.68375355713295E-15,-1.,0.));
#7459=DIRECTION('',(0.866025403784439,-0.5,0.));
#7460=DIRECTION('',(0.866025403784431,0.500000000000013,0.));
#7461=DIRECTION('',(-0.866025403784442,0.499999999999995,0.));
#7462=DIRECTION('',(-0.500000000000013,0.866025403784431,0.));
#7463=DIRECTION('',(2.22044604925031E-16,1.,0.));
#7464=DIRECTION('',(-0.866025403784443,-0.499999999999992,0.));
#7465=DIRECTION('',(-8.51759341151035E-16,-1.,0.));
#7466=DIRECTION('',(0.866025403784447,-0.499999999999987,0.));
#7467=DIRECTION('',(-5.93969318174459E-15,1.,0.));
#7468=DIRECTION('',(0.499999999999987,0.866025403784446,0.));
#7469=DIRECTION('',(0.866025403784439,0.5,0.));
#7470=DIRECTION('',(-0.866025403784434,0.500000000000008,0.));
#7471=DIRECTION('',(-0.866025403784439,-0.499999999999999,0.));
#7472=DIRECTION('',(-1.56903202087683E-14,1.,0.));
#7473=DIRECTION('',(-0.866025403784436,-0.500000000000005,0.));
#7474=DIRECTION('',(-1.,-1.55431223447522E-14,0.));
#7475=DIRECTION('',(-0.866025403784439,0.5,0.));
#7476=DIRECTION('',(-9.56128887721821E-15,-1.,0.));
#7477=DIRECTION('',(-0.866025403784438,0.500000000000001,0.));
#7478=DIRECTION('center_axis',(0.,0.,-1.));
#7479=DIRECTION('ref_axis',(0.5,0.866025403784438,0.));
#7480=DIRECTION('center_axis',(0.,0.,1.));
#7481=DIRECTION('ref_axis',(0.866025403784437,-0.500000000000003,0.));
#7482=DIRECTION('',(-0.5,-0.866025403784438,0.));
#7483=DIRECTION('center_axis',(0.,0.,1.));
#7484=DIRECTION('ref_axis',(-0.965925826289069,0.25881904510252,0.));
#7485=DIRECTION('',(-1.11022302462516E-15,-1.,0.));
#7486=DIRECTION('center_axis',(0.,0.,1.));
#7487=DIRECTION('ref_axis',(-0.707106781186548,-0.707106781186548,0.));
#7488=DIRECTION('',(-1.,4.44089209850063E-15,0.));
#7489=DIRECTION('',(9.10233209553407E-16,1.,0.));
#7490=DIRECTION('',(0.499999999999998,-0.866025403784439,0.));
#7491=DIRECTION('',(-0.866025403784438,0.500000000000001,0.));
#7492=DIRECTION('',(0.499999999999999,0.866025403784439,0.));
#7493=DIRECTION('center_axis',(0.,0.,1.));
#7494=DIRECTION('ref_axis',(-0.965925826289066,-0.25881904510253,0.));
#7495=DIRECTION('',(0.866025403784438,-0.500000000000001,0.));
#7496=DIRECTION('center_axis',(0.,0.,1.));
#7497=DIRECTION('ref_axis',(-0.258819045102519,-0.965925826289069,0.));
#7498=DIRECTION('',(1.,0.,0.));
#7499=DIRECTION('center_axis',(0.,0.,1.));
#7500=DIRECTION('ref_axis',(0.,1.,0.));
#7501=DIRECTION('center_axis',(0.,0.,-1.));
#7502=DIRECTION('ref_axis',(-1.,0.,0.));
#7503=DIRECTION('center_axis',(0.,0.,1.));
#7504=DIRECTION('ref_axis',(0.,1.,0.));
#7505=DIRECTION('',(1.,0.,0.));
#7506=DIRECTION('center_axis',(0.,0.,1.));
#7507=DIRECTION('ref_axis',(0.258819045102525,-0.965925826289067,0.));
#7508=DIRECTION('',(0.866025403784439,0.499999999999999,0.));
#7509=DIRECTION('center_axis',(0.,0.,1.));
#7510=DIRECTION('ref_axis',(0.965925826289066,-0.258819045102531,0.));
#7511=DIRECTION('',(0.499999999999997,-0.866025403784441,0.));
#7512=DIRECTION('center_axis',(0.,0.,1.));
#7513=DIRECTION('ref_axis',(0.707106781186548,-0.707106781186548,0.));
#7514=DIRECTION('',(1.38777878078145E-15,1.,0.));
#7515=DIRECTION('center_axis',(0.,0.,1.));
#7516=DIRECTION('ref_axis',(0.965925826289069,0.25881904510252,0.));
#7517=DIRECTION('',(-0.5,0.866025403784439,0.));
#7518=DIRECTION('center_axis',(0.,0.,1.));
#7519=DIRECTION('ref_axis',(-0.866025403784439,-0.499999999999999,0.));
#7520=DIRECTION('center_axis',(0.,0.,-1.));
#7521=DIRECTION('ref_axis',(0.5,-0.866025403784439,0.));
#7522=DIRECTION('center_axis',(0.,0.,1.));
#7523=DIRECTION('ref_axis',(-0.866025403784439,-0.499999999999999,0.));
#7524=DIRECTION('',(-0.5,0.866025403784439,0.));
#7525=DIRECTION('center_axis',(0.,0.,1.));
#7526=DIRECTION('ref_axis',(0.707106781186548,0.707106781186548,0.));
#7527=DIRECTION('',(-0.866025403784438,0.500000000000001,0.));
#7528=DIRECTION('center_axis',(0.,0.,1.));
#7529=DIRECTION('ref_axis',(-0.258819045102517,0.965925826289069,0.));
#7530=DIRECTION('',(0.5,-0.866025403784439,0.));
#7531=DIRECTION('center_axis',(0.,0.,1.));
#7532=DIRECTION('ref_axis',(0.258819045102528,0.965925826289066,0.));
#7533=DIRECTION('',(-0.866025403784439,-0.499999999999999,0.));
#7534=DIRECTION('center_axis',(0.,0.,1.));
#7535=DIRECTION('ref_axis',(-0.707106781186553,0.707106781186542,0.));
#7536=DIRECTION('',(-0.5,-0.866025403784438,0.));
#7537=DIRECTION('center_axis',(0.,0.,1.));
#7538=DIRECTION('ref_axis',(0.866025403784439,-0.499999999999999,0.));
#7539=DIRECTION('center_axis',(-0.353553390593273,-0.612372435695792,0.70710678118655));
#7540=DIRECTION('ref_axis',(0.894427190999917,0.,0.447213595499956));
#7541=DIRECTION('',(-0.508589802709475,-0.508589802709487,-0.694746590606865));
#7542=DIRECTION('',(0.866025403784438,-0.500000000000001,0.));
#7543=DIRECTION('',(-0.186156787897388,-0.694746590606866,-0.694746590606865));
#7544=DIRECTION('',(0.447213595499956,-0.774596669241485,-0.447213595499957));
#7545=DIRECTION('center_axis',(-0.612372435695794,-0.353553390593273,0.707106781186548));
#7546=DIRECTION('ref_axis',(0.755928946018455,0.,0.654653670707976));
#7547=DIRECTION('',(-0.694746590606866,-0.186156787897383,-0.694746590606865));
#7548=DIRECTION('',(0.5,-0.866025403784439,0.));
#7549=DIRECTION('center_axis',(-0.707106781186547,5.89559275360405E-16,
0.707106781186548));
#7550=DIRECTION('ref_axis',(0.707106781186548,0.,0.707106781186547));
#7551=DIRECTION('',(0.44721359549996,-0.774596669241481,0.44721359549996));
#7552=DIRECTION('',(-0.694746590606867,0.186156787897381,-0.694746590606866));
#7553=DIRECTION('',(-8.3376272303754E-16,-1.,0.));
#7554=DIRECTION('center_axis',(0.866025403784446,-0.499999999999987,0.));
#7555=DIRECTION('ref_axis',(-0.499999999999987,-0.866025403784446,0.));
#7556=DIRECTION('',(-0.433719710776264,-0.751224575308594,-0.497542812164517));
#7557=DIRECTION('',(0.500000000000008,0.866025403784434,0.));
#7558=DIRECTION('',(0.,0.,1.));
#7559=DIRECTION('',(0.,0.,1.));
#7560=DIRECTION('',(0.499999999999987,0.866025403784446,0.));
#7561=DIRECTION('',(-0.433719710776261,-0.75122457530859,0.497542812164526));
#7562=DIRECTION('center_axis',(-0.0494480214384071,0.0285488284883587,0.99836859804772));
#7563=DIRECTION('ref_axis',(-0.5,-0.866025403784438,0.));
#7564=DIRECTION('',(0.89170903028209,-0.449004963081593,0.0570048106870925));
#7565=DIRECTION('',(-0.5,-0.866025403784438,1.04253487902304E-17));
#7566=DIRECTION('',(-0.834704219595001,0.547740191467477,-0.0570048106870925));
#7567=DIRECTION('',(1.38777878078145E-15,0.999591399852031,-0.0285837950919305));
#7568=DIRECTION('',(0.5,0.866025403784438,0.));
#7569=DIRECTION('',(0.865671545676308,0.499795699926014,0.0285837950919306));
#7570=DIRECTION('center_axis',(-0.866025403784438,0.5,0.));
#7571=DIRECTION('ref_axis',(0.5,0.866025403784438,0.));
#7572=DIRECTION('',(0.,0.,-1.));
#7573=DIRECTION('',(0.5,0.866025403784438,0.));
#7574=DIRECTION('',(0.,0.,-1.));
#7575=DIRECTION('center_axis',(-0.298836238730123,0.640856382055786,0.707106781186549));
#7576=DIRECTION('ref_axis',(-0.433719710776276,-0.751224575308587,0.497542812164518));
#7577=DIRECTION('',(-0.906307787036647,-0.422618261740705,0.));
#7578=DIRECTION('',(-0.0326319496004871,-0.747394523037904,0.663578618400424));
#7579=DIRECTION('center_axis',(0.35355339059327,0.612372435695797,0.707106781186547));
#7580=DIRECTION('ref_axis',(-0.353553390593274,-0.612372435695794,0.707106781186548));
#7581=DIRECTION('',(-0.866025403784442,0.499999999999995,0.));
#7582=DIRECTION('',(-1.0547118733939E-15,-0.755928946018453,0.654653670707979));
#7583=DIRECTION('',(0.211324865405188,-0.788675134594811,0.577350269189627));
#7584=DIRECTION('center_axis',(-0.704416026402761,-0.061628416716219,0.707106781186545));
#7585=DIRECTION('ref_axis',(-0.433719710776273,-0.751224575308583,-0.497542812164525));
#7586=DIRECTION('',(0.0871557427476574,-0.996194698091746,0.));
#7587=DIRECTION('',(-0.630946668799928,-0.401957358847995,-0.663578618400426));
#7588=DIRECTION('center_axis',(-0.353553390593274,-0.612372435695795,0.707106781186547));
#7589=DIRECTION('ref_axis',(-0.353553390593274,-0.612372435695794,-0.707106781186548));
#7590=DIRECTION('',(-0.894427190999916,1.1752992445528E-15,-0.447213595499958));
#7591=DIRECTION('',(-0.788675134594813,-0.211324865405187,-0.577350269189626));
#7592=DIRECTION('',(-0.654653670707978,-0.377964473009226,-0.654653670707977));
#7593=DIRECTION('',(0.866025403784438,-0.5,0.));
#7594=DIRECTION('center_axis',(1.,5.55111512312578E-15,0.));
#7595=DIRECTION('ref_axis',(-5.55111512312578E-15,1.,0.));
#7596=DIRECTION('',(0.,0.,1.));
#7597=DIRECTION('',(-5.55111512312578E-15,1.,0.));
#7598=DIRECTION('center_axis',(-0.499999999999987,-0.866025403784446,0.));
#7599=DIRECTION('ref_axis',(0.866025403784446,-0.499999999999987,0.));
#7600=DIRECTION('',(0.866025403784446,-0.499999999999987,0.));
#7601=DIRECTION('',(0.866025403784446,-0.499999999999987,0.));
#7602=DIRECTION('',(0.,0.,1.));
#7603=DIRECTION('center_axis',(-1.,1.38777878078145E-15,0.));
#7604=DIRECTION('ref_axis',(-1.38777878078145E-15,-1.,0.));
#7605=DIRECTION('',(-1.38777878078145E-15,-1.,0.));
#7606=DIRECTION('',(-1.38777878078145E-15,-1.,0.));
#7607=DIRECTION('center_axis',(0.,0.,1.));
#7608=DIRECTION('ref_axis',(-0.5,-0.866025403784438,0.));
#7609=DIRECTION('center_axis',(0.5,-0.866025403784439,0.));
#7610=DIRECTION('ref_axis',(0.866025403784439,0.5,0.));
#7611=DIRECTION('',(0.866025403784439,0.5,0.));
#7612=DIRECTION('',(0.,0.,1.));
#7613=DIRECTION('center_axis',(-0.499999999999999,0.866025403784439,0.));
#7614=DIRECTION('ref_axis',(-0.866025403784439,-0.499999999999999,0.));
#7615=DIRECTION('',(-0.866025403784439,-0.499999999999999,0.));
#7616=DIRECTION('',(0.,0.,1.));
#7617=DIRECTION('',(-0.866025403784439,-0.499999999999999,0.));
#7618=DIRECTION('center_axis',(0.500000000000009,0.866025403784434,0.));
#7619=DIRECTION('ref_axis',(-0.866025403784434,0.500000000000009,0.));
#7620=DIRECTION('',(-0.866025403784434,0.500000000000009,0.));
#7621=DIRECTION('',(-0.866025403784434,0.500000000000009,0.));
#7622=DIRECTION('center_axis',(0.,0.,1.));
#7623=DIRECTION('ref_axis',(-0.5,-0.866025403784438,0.));
#7624=DIRECTION('center_axis',(0.,0.,-1.));
#7625=DIRECTION('ref_axis',(0.5,0.866025403784438,0.));
#7626=DIRECTION('',(8.51759341151036E-16,1.,0.));
#7627=DIRECTION('',(0.5,0.866025403784439,0.));
#7628=DIRECTION('',(0.866025403784439,0.5,0.));
#7629=DIRECTION('center_axis',(-0.612372435695795,0.353553390593274,0.707106781186547));
#7630=DIRECTION('ref_axis',(0.755928946018454,0.,0.654653670707978));
#7631=DIRECTION('',(-0.508589802709474,0.508589802709486,-0.694746590606866));
#7632=DIRECTION('',(-0.5,-0.866025403784438,0.));
#7633=DIRECTION('center_axis',(-0.353553390593273,0.612372435695794,0.707106781186548));
#7634=DIRECTION('ref_axis',(0.894427190999916,0.,0.447213595499957));
#7635=DIRECTION('',(-0.447213595499955,-0.774596669241484,0.44721359549996));
#7636=DIRECTION('',(-0.186156787897388,0.694746590606866,-0.694746590606865));
#7637=DIRECTION('',(-0.866025403784439,-0.5,0.));
#7638=DIRECTION('center_axis',(1.54206576648375E-14,-1.,0.));
#7639=DIRECTION('ref_axis',(-1.,-1.54206576648375E-14,0.));
#7640=DIRECTION('',(-0.867439421552551,-1.33764863647465E-14,-0.497542812164517));
#7641=DIRECTION('',(1.,-9.00424887691599E-15,0.));
#7642=DIRECTION('',(0.,0.,1.));
#7643=DIRECTION('',(0.,0.,1.));
#7644=DIRECTION('',(1.,1.54206576648375E-14,0.));
#7645=DIRECTION('',(-0.867439421552545,-1.33764863647464E-14,0.497542812164526));
#7646=DIRECTION('center_axis',(6.99244628553505E-18,0.0570976569767174,
0.99836859804772));
#7647=DIRECTION('ref_axis',(-1.,1.22464679914735E-16,0.));
#7648=DIRECTION('',(0.0570048106870923,-0.996745154549074,0.0570048106870925));
#7649=DIRECTION('',(-1.,1.34860660125898E-15,-7.01242316380832E-17));
#7650=DIRECTION('',(0.0570048106870865,0.996745154549074,-0.0570048106870925));
#7651=DIRECTION('',(0.865671545676308,0.499795699926015,-0.0285837950919305));
#7652=DIRECTION('',(1.,-1.22464679914735E-16,0.));
#7653=DIRECTION('',(0.865671545676307,-0.499795699926016,0.0285837950919306));
#7654=DIRECTION('center_axis',(1.22464679914735E-16,1.,0.));
#7655=DIRECTION('ref_axis',(1.,-1.22464679914735E-16,0.));
#7656=DIRECTION('',(0.,0.,-1.));
#7657=DIRECTION('',(1.,-1.22464679914735E-16,0.));
#7658=DIRECTION('',(0.,0.,-1.));
#7659=DIRECTION('center_axis',(0.405579787672634,0.579227965339571,0.707106781186549));
#7660=DIRECTION('ref_axis',(-0.86743942155255,1.06230691105856E-16,0.497542812164518));
#7661=DIRECTION('',(-0.819152044288996,0.573576436351041,0.));
#7662=DIRECTION('',(-0.663578618400422,-0.345437164189917,0.663578618400424));
#7663=DIRECTION('center_axis',(0.707106781186548,4.28862702244707E-15,0.707106781186547));
#7664=DIRECTION('ref_axis',(-0.707106781186547,8.65956056235493E-17,0.707106781186548));
#7665=DIRECTION('',(-6.06503449910439E-15,1.,0.));
#7666=DIRECTION('',(-0.654653670707976,-0.377964473009226,0.654653670707979));
#7667=DIRECTION('',(-0.577350269189623,-0.577350269189627,0.577350269189627));
#7668=DIRECTION('center_axis',(-0.40557978767264,0.579227965339571,0.707106781186545));
#7669=DIRECTION('ref_axis',(-0.867439421552546,1.06230691105856E-16,-0.497542812164525));
#7670=DIRECTION('',(-0.819152044288992,-0.573576436351046,0.));
#7671=DIRECTION('',(-0.663578618400426,0.345437164189906,-0.663578618400426));
#7672=DIRECTION('center_axis',(-0.707106781186548,8.65956056235494E-17,
0.707106781186547));
#7673=DIRECTION('ref_axis',(-0.707106781186547,8.65956056235493E-17,-0.707106781186548));
#7674=DIRECTION('',(-0.447213595499958,0.774596669241483,-0.447213595499958));
#7675=DIRECTION('',(-0.577350269189625,0.577350269189627,-0.577350269189626));
#7676=DIRECTION('',(-0.654653670707977,0.377964473009228,-0.654653670707977));
#7677=DIRECTION('',(-1.22464679914735E-16,-1.,0.));
#7678=DIRECTION('center_axis',(0.500000000000005,-0.866025403784436,0.));
#7679=DIRECTION('ref_axis',(0.866025403784436,0.500000000000005,0.));
#7680=DIRECTION('',(0.,0.,1.));
#7681=DIRECTION('',(0.866025403784436,0.500000000000005,0.));
#7682=DIRECTION('center_axis',(-1.,-1.55678555288536E-14,0.));
#7683=DIRECTION('ref_axis',(1.55678555288536E-14,-1.,0.));
#7684=DIRECTION('',(1.55678555288536E-14,-1.,0.));
#7685=DIRECTION('',(1.55678555288536E-14,-1.,0.));
#7686=DIRECTION('',(0.,0.,1.));
#7687=DIRECTION('center_axis',(-0.499999999999999,0.866025403784439,0.));
#7688=DIRECTION('ref_axis',(-0.866025403784439,-0.499999999999999,0.));
#7689=DIRECTION('',(-0.866025403784439,-0.499999999999999,0.));
#7690=DIRECTION('',(-0.866025403784439,-0.499999999999999,0.));
#7691=DIRECTION('center_axis',(0.,0.,1.));
#7692=DIRECTION('ref_axis',(-1.,1.22464679914735E-16,0.));
#7693=DIRECTION('center_axis',(-0.5,-0.866025403784439,0.));
#7694=DIRECTION('ref_axis',(0.866025403784439,-0.5,0.));
#7695=DIRECTION('',(0.866025403784439,-0.5,0.));
#7696=DIRECTION('',(0.,0.,1.));
#7697=DIRECTION('center_axis',(0.500000000000001,0.866025403784438,0.));
#7698=DIRECTION('ref_axis',(-0.866025403784438,0.500000000000001,0.));
#7699=DIRECTION('',(-0.866025403784438,0.500000000000001,0.));
#7700=DIRECTION('',(0.,0.,1.));
#7701=DIRECTION('',(-0.866025403784438,0.500000000000001,0.));
#7702=DIRECTION('center_axis',(1.,-9.68375355713295E-15,0.));
#7703=DIRECTION('ref_axis',(9.68375355713295E-15,1.,0.));
#7704=DIRECTION('',(9.68375355713295E-15,1.,0.));
#7705=DIRECTION('',(9.68375355713295E-15,1.,0.));
#7706=DIRECTION('center_axis',(0.,0.,1.));
#7707=DIRECTION('ref_axis',(-1.,1.22464679914735E-16,0.));
#7708=DIRECTION('center_axis',(0.,0.,-1.));
#7709=DIRECTION('ref_axis',(1.,-1.22464679914735E-16,0.));
#7710=DIRECTION('',(0.866025403784439,0.5,0.));
#7711=DIRECTION('',(1.,-1.46883519465612E-15,0.));
#7712=DIRECTION('',(0.866025403784439,-0.5,0.));
#7713=DIRECTION('center_axis',(9.04023553186379E-16,0.707106781186547,0.707106781186548));
#7714=DIRECTION('ref_axis',(1.,0.,-1.27848236962089E-15));
#7715=DIRECTION('',(0.186156787897388,0.694746590606866,-0.694746590606865));
#7716=DIRECTION('',(-1.,1.27848236962089E-15,0.));
#7717=DIRECTION('center_axis',(0.353553390593274,0.612372435695795,0.707106781186547));
#7718=DIRECTION('ref_axis',(0.894427190999916,0.,-0.447213595499958));
#7719=DIRECTION('',(-0.894427190999915,-2.57992517096956E-15,0.44721359549996));
#7720=DIRECTION('',(0.508589802709478,0.508589802709482,-0.694746590606866));
#7721=DIRECTION('',(-0.866025403784439,0.5,0.));
#7722=DIRECTION('center_axis',(-0.866025403784431,-0.500000000000013,0.));
#7723=DIRECTION('ref_axis',(-0.500000000000013,0.866025403784431,0.));
#7724=DIRECTION('',(-0.433719710776287,0.751224575308581,-0.497542812164517));
#7725=DIRECTION('',(0.499999999999992,-0.866025403784443,0.));
#7726=DIRECTION('',(0.,0.,1.));
#7727=DIRECTION('',(0.,0.,1.));
#7728=DIRECTION('',(0.500000000000013,-0.866025403784431,0.));
#7729=DIRECTION('',(-0.433719710776284,0.751224575308576,0.497542812164526));
#7730=DIRECTION('center_axis',(0.0494480214384071,0.0285488284883587,0.99836859804772));
#7731=DIRECTION('ref_axis',(-0.5,0.866025403784439,0.));
#7732=DIRECTION('',(-0.834704219594998,-0.547740191467482,0.0570048106870925));
#7733=DIRECTION('',(-0.500000000000001,0.866025403784438,5.21267439511519E-17));
#7734=DIRECTION('',(0.891709030282088,0.449004963081598,-0.0570048106870925));
#7735=DIRECTION('',(0.865671545676307,-0.499795699926016,-0.0285837950919305));
#7736=DIRECTION('',(0.5,-0.866025403784439,0.));
#7737=DIRECTION('',(-1.27675647831893E-15,-0.999591399852031,0.0285837950919306));
#7738=DIRECTION('center_axis',(0.866025403784439,0.5,0.));
#7739=DIRECTION('ref_axis',(0.5,-0.866025403784439,0.));
#7740=DIRECTION('',(0.,0.,-1.));
#7741=DIRECTION('',(0.5,-0.866025403784439,0.));
#7742=DIRECTION('',(0.,0.,-1.));
#7743=DIRECTION('center_axis',(0.704416026402758,-0.0616284167162146,0.707106781186549));
#7744=DIRECTION('ref_axis',(-0.433719710776275,0.751224575308587,0.497542812164518));
#7745=DIRECTION('',(0.0871557427476515,0.996194698091746,0.));
#7746=DIRECTION('',(-0.630946668799935,0.401957358847987,0.663578618400424));
#7747=DIRECTION('center_axis',(0.353553390593278,-0.612372435695793,0.707106781186547));
#7748=DIRECTION('ref_axis',(-0.353553390593274,0.612372435695794,0.707106781186548));
#7749=DIRECTION('',(0.866025403784436,0.500000000000005,0.));
#7750=DIRECTION('',(-0.654653670707975,0.377964473009227,0.654653670707979));
#7751=DIRECTION('',(-0.788675134594813,0.211324865405184,0.577350269189627));
#7752=DIRECTION('center_axis',(0.298836238730121,0.640856382055791,0.707106781186545));
#7753=DIRECTION('ref_axis',(-0.433719710776273,0.751224575308584,-0.497542812164525));
#7754=DIRECTION('',(-0.90630778703665,0.4226182617407,0.));
#7755=DIRECTION('',(-0.0326319496004978,0.747394523037902,-0.663578618400426));
#7756=DIRECTION('center_axis',(-0.353553390593274,0.612372435695795,0.707106781186547));
#7757=DIRECTION('ref_axis',(-0.353553390593273,0.612372435695794,-0.707106781186548));
#7758=DIRECTION('',(0.447213595499959,0.774596669241483,-0.447213595499958));
#7759=DIRECTION('',(0.211324865405187,0.788675134594813,-0.577350269189626));
#7760=DIRECTION('',(9.43689570931383E-16,0.755928946018454,-0.654653670707977));
#7761=DIRECTION('',(-0.866025403784439,-0.5,0.));
#7762=DIRECTION('center_axis',(-0.499999999999995,-0.866025403784441,0.));
#7763=DIRECTION('ref_axis',(0.866025403784442,-0.499999999999995,0.));
#7764=DIRECTION('',(0.,0.,1.));
#7765=DIRECTION('',(0.866025403784442,-0.499999999999995,0.));
#7766=DIRECTION('center_axis',(-0.500000000000013,0.866025403784431,0.));
#7767=DIRECTION('ref_axis',(-0.866025403784431,-0.500000000000013,0.));
#7768=DIRECTION('',(-0.866025403784431,-0.500000000000013,0.));
#7769=DIRECTION('',(-0.866025403784431,-0.500000000000013,0.));
#7770=DIRECTION('',(0.,0.,1.));
#7771=DIRECTION('center_axis',(0.500000000000001,0.866025403784438,0.));
#7772=DIRECTION('ref_axis',(-0.866025403784438,0.500000000000001,0.));
#7773=DIRECTION('',(-0.866025403784438,0.500000000000001,0.));
#7774=DIRECTION('',(-0.866025403784438,0.500000000000001,0.));
#7775=DIRECTION('center_axis',(0.,0.,1.));
#7776=DIRECTION('ref_axis',(-0.5,0.866025403784439,0.));
#7777=DIRECTION('center_axis',(-1.,2.22044604925031E-16,0.));
#7778=DIRECTION('ref_axis',(-2.22044604925031E-16,-1.,0.));
#7779=DIRECTION('',(-2.22044604925031E-16,-1.,0.));
#7780=DIRECTION('',(0.,0.,1.));
#7781=DIRECTION('center_axis',(1.,-1.27675647831893E-15,0.));
#7782=DIRECTION('ref_axis',(1.27675647831893E-15,1.,0.));
#7783=DIRECTION('',(1.27675647831893E-15,1.,0.));
#7784=DIRECTION('',(0.,0.,1.));
#7785=DIRECTION('',(1.27675647831893E-15,1.,0.));
#7786=DIRECTION('center_axis',(0.499999999999992,-0.866025403784444,0.));
#7787=DIRECTION('ref_axis',(0.866025403784443,0.499999999999992,0.));
#7788=DIRECTION('',(0.866025403784443,0.499999999999992,0.));
#7789=DIRECTION('',(0.866025403784443,0.499999999999992,0.));
#7790=DIRECTION('center_axis',(0.,0.,1.));
#7791=DIRECTION('ref_axis',(-0.5,0.866025403784439,0.));
#7792=DIRECTION('center_axis',(0.,0.,-1.));
#7793=DIRECTION('ref_axis',(0.5,-0.866025403784439,0.));
#7794=DIRECTION('',(0.866025403784439,-0.5,0.));
#7795=DIRECTION('',(0.5,-0.866025403784439,0.));
#7796=DIRECTION('',(-8.51759341151035E-16,-1.,0.));
#7797=DIRECTION('center_axis',(0.612372435695794,0.353553390593274,0.707106781186547));
#7798=DIRECTION('ref_axis',(0.755928946018454,0.,-0.654653670707977));
#7799=DIRECTION('',(0.694746590606866,0.186156787897385,-0.694746590606865));
#7800=DIRECTION('',(-0.5,0.866025403784438,0.));
#7801=DIRECTION('center_axis',(0.707106781186547,-7.36949094200505E-16,
0.707106781186548));
#7802=DIRECTION('ref_axis',(0.707106781186548,0.,-0.707106781186547));
#7803=DIRECTION('',(-0.44721359549996,0.774596669241481,0.44721359549996));
#7804=DIRECTION('',(0.694746590606866,-0.186156787897387,-0.694746590606865));
#7805=DIRECTION('',(1.04220340379692E-15,1.,0.));
#7806=DIRECTION('center_axis',(-0.866025403784446,0.499999999999987,0.));
#7807=DIRECTION('ref_axis',(0.499999999999987,0.866025403784446,0.));
#7808=DIRECTION('',(0.433719710776264,0.751224575308595,-0.497542812164517));
#7809=DIRECTION('',(-0.500000000000008,-0.866025403784434,0.));
#7810=DIRECTION('',(0.,0.,1.));
#7811=DIRECTION('',(0.,0.,1.));
#7812=DIRECTION('',(-0.499999999999987,-0.866025403784446,0.));
#7813=DIRECTION('',(0.433719710776261,0.75122457530859,0.497542812164526));
#7814=DIRECTION('center_axis',(0.0494480214384071,-0.0285488284883587,0.99836859804772));
#7815=DIRECTION('ref_axis',(0.5,0.866025403784439,0.));
#7816=DIRECTION('',(-0.891709030282091,0.449004963081592,0.0570048106870925));
#7817=DIRECTION('',(0.5,0.866025403784439,1.56380231853456E-17));
#7818=DIRECTION('',(0.834704219595002,-0.547740191467477,-0.0570048106870925));
#7819=DIRECTION('',(-9.99200722162641E-16,-0.999591399852031,-0.0285837950919305));
#7820=DIRECTION('',(-0.5,-0.866025403784439,0.));
#7821=DIRECTION('',(-0.865671545676308,-0.499795699926014,0.0285837950919306));
#7822=DIRECTION('center_axis',(0.866025403784439,-0.5,0.));
#7823=DIRECTION('ref_axis',(-0.5,-0.866025403784439,0.));
#7824=DIRECTION('',(0.,0.,-1.));
#7825=DIRECTION('',(-0.5,-0.866025403784439,0.));
#7826=DIRECTION('',(0.,0.,-1.));
#7827=DIRECTION('center_axis',(0.298836238730124,-0.640856382055785,0.707106781186549));
#7828=DIRECTION('ref_axis',(0.433719710776275,0.751224575308587,0.497542812164518));
#7829=DIRECTION('',(0.906307787036647,0.422618261740706,0.));
#7830=DIRECTION('',(0.0326319496004868,0.747394523037904,0.663578618400424));
#7831=DIRECTION('center_axis',(-0.35355339059327,-0.612372435695797,0.707106781186547));
#7832=DIRECTION('ref_axis',(0.353553390593274,0.612372435695794,0.707106781186548));
#7833=DIRECTION('',(0.866025403784442,-0.499999999999995,0.));
#7834=DIRECTION('',(7.21644966006352E-16,0.755928946018453,0.654653670707979));
#7835=DIRECTION('',(-0.211324865405189,0.788675134594811,0.577350269189627));
#7836=DIRECTION('center_axis',(0.704416026402761,0.0616284167162193,0.707106781186545));
#7837=DIRECTION('ref_axis',(0.433719710776273,0.751224575308584,-0.497542812164525));
#7838=DIRECTION('',(-0.0871557427476578,0.996194698091746,0.));
#7839=DIRECTION('',(0.630946668799928,0.401957358847995,-0.663578618400426));
#7840=DIRECTION('center_axis',(0.353553390593274,0.612372435695795,0.707106781186547));
#7841=DIRECTION('ref_axis',(0.353553390593274,0.612372435695794,-0.707106781186548));
#7842=DIRECTION('',(0.894427190999916,-1.83461345491168E-15,-0.447213595499957));
#7843=DIRECTION('',(0.788675134594813,0.211324865405187,-0.577350269189626));
#7844=DIRECTION('',(0.654653670707977,0.377964473009226,-0.654653670707977));
#7845=DIRECTION('',(-0.866025403784439,0.5,0.));
#7846=DIRECTION('center_axis',(-1.,-5.93969318174459E-15,0.));
#7847=DIRECTION('ref_axis',(5.93969318174459E-15,-1.,0.));
#7848=DIRECTION('',(0.,0.,1.));
#7849=DIRECTION('',(5.93969318174459E-15,-1.,0.));
#7850=DIRECTION('center_axis',(0.499999999999987,0.866025403784446,0.));
#7851=DIRECTION('ref_axis',(-0.866025403784447,0.499999999999987,0.));
#7852=DIRECTION('',(-0.866025403784447,0.499999999999987,0.));
#7853=DIRECTION('',(-0.866025403784447,0.499999999999987,0.));
#7854=DIRECTION('',(0.,0.,1.));
#7855=DIRECTION('center_axis',(1.,-9.99200722162641E-16,0.));
#7856=DIRECTION('ref_axis',(9.99200722162641E-16,1.,0.));
#7857=DIRECTION('',(9.99200722162641E-16,1.,0.));
#7858=DIRECTION('',(9.99200722162641E-16,1.,0.));
#7859=DIRECTION('center_axis',(0.,0.,1.));
#7860=DIRECTION('ref_axis',(0.5,0.866025403784439,0.));
#7861=DIRECTION('center_axis',(-0.5,0.866025403784439,0.));
#7862=DIRECTION('ref_axis',(-0.866025403784439,-0.5,0.));
#7863=DIRECTION('',(-0.866025403784439,-0.5,0.));
#7864=DIRECTION('',(0.,0.,1.));
#7865=DIRECTION('center_axis',(0.499999999999999,-0.866025403784439,0.));
#7866=DIRECTION('ref_axis',(0.866025403784439,0.499999999999999,0.));
#7867=DIRECTION('',(0.866025403784439,0.499999999999999,0.));
#7868=DIRECTION('',(0.,0.,1.));
#7869=DIRECTION('',(0.866025403784439,0.499999999999999,0.));
#7870=DIRECTION('center_axis',(-0.500000000000008,-0.866025403784434,0.));
#7871=DIRECTION('ref_axis',(0.866025403784434,-0.500000000000008,0.));
#7872=DIRECTION('',(0.866025403784434,-0.500000000000008,0.));
#7873=DIRECTION('',(0.866025403784434,-0.500000000000008,0.));
#7874=DIRECTION('center_axis',(0.,0.,1.));
#7875=DIRECTION('ref_axis',(0.5,0.866025403784439,0.));
#7876=DIRECTION('center_axis',(0.,0.,-1.));
#7877=DIRECTION('ref_axis',(-0.5,-0.866025403784439,0.));
#7878=DIRECTION('',(-8.51759341151035E-16,-1.,0.));
#7879=DIRECTION('',(-0.5,-0.866025403784439,0.));
#7880=DIRECTION('',(-0.866025403784439,-0.499999999999999,0.));
#7881=DIRECTION('center_axis',(0.612372435695795,-0.353553390593274,0.707106781186547));
#7882=DIRECTION('ref_axis',(0.755928946018454,0.,-0.654653670707977));
#7883=DIRECTION('',(0.508589802709479,-0.508589802709483,-0.694746590606865));
#7884=DIRECTION('',(0.5,0.866025403784439,0.));
#7885=DIRECTION('center_axis',(0.353553390593273,-0.612372435695793,0.707106781186549));
#7886=DIRECTION('ref_axis',(0.894427190999917,0.,-0.447213595499956));
#7887=DIRECTION('',(0.447213595499954,0.774596669241485,0.447213595499959));
#7888=DIRECTION('',(0.186156787897388,-0.694746590606866,-0.694746590606865));
#7889=DIRECTION('',(0.866025403784439,0.499999999999999,0.));
#7890=DIRECTION('center_axis',(0.,-0.0570976569767174,0.99836859804772));
#7891=DIRECTION('ref_axis',(1.,0.,0.));
#7892=DIRECTION('',(-0.0570048106870925,0.996745154549074,0.0570048106870925));
#7893=DIRECTION('',(1.,0.,0.));
#7894=DIRECTION('',(-0.0570048106870863,-0.996745154549074,-0.0570048106870925));
#7895=DIRECTION('',(-0.865671545676308,-0.499795699926015,-0.0285837950919305));
#7896=DIRECTION('',(-1.,0.,0.));
#7897=DIRECTION('',(-0.865671545676307,0.499795699926016,0.0285837950919306));
#7898=DIRECTION('center_axis',(0.,-1.,0.));
#7899=DIRECTION('ref_axis',(-1.,0.,0.));
#7900=DIRECTION('',(0.,0.,-1.));
#7901=DIRECTION('',(-1.,0.,0.));
#7902=DIRECTION('',(0.,0.,-1.));
#7903=DIRECTION('center_axis',(-0.405579787672634,-0.579227965339571,0.707106781186549));
#7904=DIRECTION('ref_axis',(0.86743942155255,0.,0.497542812164518));
#7905=DIRECTION('',(0.867439421552545,1.34827170558523E-14,0.497542812164526));
#7906=DIRECTION('',(0.819152044288996,-0.57357643635104,0.));
#7907=DIRECTION('',(0.663578618400422,0.345437164189917,0.663578618400424));
#7908=DIRECTION('center_axis',(-0.707106781186548,-4.37522262807062E-15,
0.707106781186547));
#7909=DIRECTION('ref_axis',(0.707106781186547,0.,0.707106781186548));
#7910=DIRECTION('',(6.18749917901913E-15,-1.,0.));
#7911=DIRECTION('',(0.654653670707976,0.377964473009226,0.654653670707979));
#7912=DIRECTION('',(0.577350269189623,0.577350269189628,0.577350269189627));
#7913=DIRECTION('center_axis',(0.40557978767264,-0.579227965339571,0.707106781186545));
#7914=DIRECTION('ref_axis',(0.867439421552546,0.,-0.497542812164525));
#7915=DIRECTION('',(0.819152044288992,0.573576436351046,0.));
#7916=DIRECTION('',(0.867439421552551,1.34827170558524E-14,-0.497542812164517));
#7917=DIRECTION('',(0.663578618400426,-0.345437164189906,-0.663578618400426));
#7918=DIRECTION('center_axis',(0.707106781186548,0.,0.707106781186547));
#7919=DIRECTION('ref_axis',(0.707106781186547,0.,-0.707106781186548));
#7920=DIRECTION('',(0.577350269189625,-0.577350269189627,-0.577350269189626));
#7921=DIRECTION('',(0.654653670707977,-0.377964473009228,-0.654653670707977));
#7922=DIRECTION('',(0.,1.,0.));
#7923=DIRECTION('center_axis',(-0.500000000000005,0.866025403784436,0.));
#7924=DIRECTION('ref_axis',(-0.866025403784436,-0.500000000000005,0.));
#7925=DIRECTION('',(0.,0.,1.));
#7926=DIRECTION('',(-0.866025403784436,-0.500000000000005,0.));
#7927=DIRECTION('',(0.,0.,1.));
#7928=DIRECTION('center_axis',(1.,1.56903202087683E-14,0.));
#7929=DIRECTION('ref_axis',(-1.56903202087683E-14,1.,0.));
#7930=DIRECTION('',(-1.56903202087683E-14,1.,0.));
#7931=DIRECTION('',(0.,0.,1.));
#7932=DIRECTION('',(-1.56903202087683E-14,1.,0.));
#7933=DIRECTION('center_axis',(0.499999999999999,-0.866025403784439,0.));
#7934=DIRECTION('ref_axis',(0.866025403784439,0.499999999999999,0.));
#7935=DIRECTION('',(0.866025403784439,0.499999999999999,0.));
#7936=DIRECTION('',(0.866025403784439,0.499999999999999,0.));
#7937=DIRECTION('center_axis',(0.,0.,1.));
#7938=DIRECTION('ref_axis',(1.,0.,0.));
#7939=DIRECTION('',(-1.,-1.55431223447522E-14,0.));
#7940=DIRECTION('center_axis',(0.5,0.866025403784439,0.));
#7941=DIRECTION('ref_axis',(-0.866025403784439,0.5,0.));
#7942=DIRECTION('',(0.,0.,1.));
#7943=DIRECTION('',(-0.866025403784439,0.5,0.));
#7944=DIRECTION('',(0.,0.,1.));
#7945=DIRECTION('center_axis',(-0.500000000000001,-0.866025403784438,0.));
#7946=DIRECTION('ref_axis',(0.866025403784438,-0.500000000000001,0.));
#7947=DIRECTION('',(0.866025403784438,-0.500000000000001,0.));
#7948=DIRECTION('',(0.,0.,1.));
#7949=DIRECTION('',(0.866025403784438,-0.500000000000001,0.));
#7950=DIRECTION('center_axis',(-1.,9.56128887721821E-15,0.));
#7951=DIRECTION('ref_axis',(-9.56128887721821E-15,-1.,0.));
#7952=DIRECTION('',(-9.56128887721821E-15,-1.,0.));
#7953=DIRECTION('',(-9.56128887721821E-15,-1.,0.));
#7954=DIRECTION('center_axis',(0.,0.,1.));
#7955=DIRECTION('ref_axis',(1.,0.,0.));
#7956=DIRECTION('',(-1.,8.88178419700125E-15,0.));
#7957=DIRECTION('center_axis',(0.,0.,-1.));
#7958=DIRECTION('ref_axis',(-1.,0.,0.));
#7959=DIRECTION('',(-0.866025403784438,0.500000000000001,0.));
#7960=DIRECTION('',(-0.866025403784439,-0.499999999999999,0.));
#7961=DIRECTION('',(-1.,0.,0.));
#7962=DIRECTION('center_axis',(-1.55431223447522E-14,1.,0.));
#7963=DIRECTION('ref_axis',(1.,1.55431223447522E-14,0.));
#7964=DIRECTION('center_axis',(0.,-0.707106781186547,0.707106781186548));
#7965=DIRECTION('ref_axis',(1.,0.,0.));
#7966=DIRECTION('',(1.,0.,0.));
#7967=DIRECTION('center_axis',(-0.866025403784439,0.5,0.));
#7968=DIRECTION('ref_axis',(0.5,0.866025403784438,0.));
#7969=DIRECTION('',(0.,0.,1.));
#7970=DIRECTION('',(0.5,0.866025403784439,0.));
#7971=DIRECTION('',(0.,0.,1.));
#7972=DIRECTION('center_axis',(-0.5,0.866025403784439,0.));
#7973=DIRECTION('ref_axis',(0.866025403784439,0.5,0.));
#7974=DIRECTION('',(0.,0.,1.));
#7975=DIRECTION('',(0.866025403784439,0.5,0.));
#7976=DIRECTION('center_axis',(1.27848236962089E-15,1.,0.));
#7977=DIRECTION('ref_axis',(1.,-1.27848236962089E-15,0.));
#7978=DIRECTION('',(0.,0.,-1.));
#7979=DIRECTION('',(1.,-1.27848236962089E-15,0.));
#7980=DIRECTION('center_axis',(0.5,0.866025403784439,0.));
#7981=DIRECTION('ref_axis',(0.866025403784439,-0.5,0.));
#7982=DIRECTION('',(0.,0.,1.));
#7983=DIRECTION('',(0.866025403784439,-0.5,0.));
#7984=DIRECTION('center_axis',(0.866025403784438,0.5,0.));
#7985=DIRECTION('ref_axis',(0.5,-0.866025403784438,0.));
#7986=DIRECTION('',(0.,0.,1.));
#7987=DIRECTION('',(0.5,-0.866025403784438,0.));
#7988=DIRECTION('center_axis',(1.,-1.04220340379692E-15,0.));
#7989=DIRECTION('ref_axis',(-1.04220340379692E-15,-1.,0.));
#7990=DIRECTION('',(0.,0.,1.));
#7991=DIRECTION('',(-1.04220340379692E-15,-1.,0.));
#7992=DIRECTION('center_axis',(0.,0.,-1.));
#7993=DIRECTION('ref_axis',(-0.707106781186548,-0.707106781186548,0.));
#7994=DIRECTION('center_axis',(0.,0.,1.));
#7995=DIRECTION('ref_axis',(-0.707106781186548,-0.707106781186548,0.));
#7996=DIRECTION('',(0.,0.,1.));
#7997=DIRECTION('',(0.,0.,-1.));
#7998=DIRECTION('center_axis',(0.,0.,1.));
#7999=DIRECTION('ref_axis',(0.5,0.866025403784438,0.));
#8000=DIRECTION('',(1.11022302462516E-15,1.,0.));
#8001=DIRECTION('center_axis',(0.,0.,1.));
#8002=DIRECTION('ref_axis',(-0.965925826289069,0.25881904510252,0.));
#8003=DIRECTION('',(0.5,0.866025403784438,0.));
#8004=DIRECTION('center_axis',(0.,0.,1.));
#8005=DIRECTION('ref_axis',(0.866025403784437,-0.500000000000003,0.));
#8006=DIRECTION('center_axis',(0.,0.,1.));
#8007=DIRECTION('ref_axis',(0.5,0.866025403784438,0.));
#8008=DIRECTION('center_axis',(0.,0.,1.));
#8009=DIRECTION('ref_axis',(0.5,0.866025403784438,0.));
#8010=DIRECTION('center_axis',(0.,0.,1.));
#8011=DIRECTION('ref_axis',(0.866025403784439,-0.499999999999999,0.));
#8012=DIRECTION('',(0.5,0.866025403784438,0.));
#8013=DIRECTION('center_axis',(0.,0.,1.));
#8014=DIRECTION('ref_axis',(-0.707106781186553,0.707106781186542,0.));
#8015=DIRECTION('',(0.866025403784439,0.499999999999999,0.));
#8016=DIRECTION('center_axis',(0.,0.,1.));
#8017=DIRECTION('ref_axis',(0.258819045102528,0.965925826289066,0.));
#8018=DIRECTION('',(0.5,-0.866025403784439,0.));
#8019=DIRECTION('',(-0.5,-0.866025403784438,0.));
#8020=DIRECTION('',(-1.,4.55191440096314E-15,0.));
#8021=DIRECTION('center_axis',(-1.,1.11022302462516E-15,0.));
#8022=DIRECTION('ref_axis',(1.11022302462516E-15,1.,0.));
#8023=DIRECTION('',(0.,0.,1.));
#8024=DIRECTION('center_axis',(0.,0.,-1.));
#8025=DIRECTION('ref_axis',(-0.965925826289069,0.25881904510252,0.));
#8026=DIRECTION('',(0.,0.,-1.));
#8027=DIRECTION('center_axis',(0.,0.,-1.));
#8028=DIRECTION('ref_axis',(-0.707106781186553,0.707106781186542,0.));
#8029=DIRECTION('',(0.,0.,1.));
#8030=DIRECTION('',(0.,0.,-1.));
#8031=DIRECTION('center_axis',(-0.499999999999999,0.866025403784439,0.));
#8032=DIRECTION('ref_axis',(0.866025403784439,0.499999999999999,0.));
#8033=DIRECTION('',(0.,0.,1.));
#8034=DIRECTION('center_axis',(0.,0.,-1.));
#8035=DIRECTION('ref_axis',(0.258819045102528,0.965925826289066,0.));
#8036=DIRECTION('',(0.,0.,-1.));
#8037=DIRECTION('center_axis',(0.,0.,-1.));
#8038=DIRECTION('ref_axis',(0.866025403784437,-0.500000000000003,0.));
#8039=DIRECTION('',(0.,0.,-1.));
#8040=DIRECTION('',(0.,0.,1.));
#8041=DIRECTION('center_axis',(-0.866025403784438,0.500000000000001,0.));
#8042=DIRECTION('ref_axis',(0.5,0.866025403784438,0.));
#8043=DIRECTION('center_axis',(0.,0.,1.));
#8044=DIRECTION('ref_axis',(0.5,0.866025403784438,0.));
#8045=DIRECTION('',(0.,0.,-1.));
#8046=DIRECTION('',(0.,0.,1.));
#8047=DIRECTION('center_axis',(0.,0.,1.));
#8048=DIRECTION('ref_axis',(0.866025403784439,-0.499999999999999,0.));
#8049=DIRECTION('',(0.,0.,-1.));
#8050=DIRECTION('center_axis',(0.,0.,-1.));
#8051=DIRECTION('ref_axis',(-0.258819045102517,0.965925826289069,0.));
#8052=DIRECTION('center_axis',(0.,0.,1.));
#8053=DIRECTION('ref_axis',(-0.258819045102517,0.965925826289069,0.));
#8054=DIRECTION('',(0.,0.,-1.));
#8055=DIRECTION('center_axis',(0.,0.,1.));
#8056=DIRECTION('ref_axis',(0.5,-0.866025403784439,0.));
#8057=DIRECTION('',(0.866025403784438,-0.500000000000001,0.));
#8058=DIRECTION('center_axis',(0.,0.,1.));
#8059=DIRECTION('ref_axis',(0.707106781186548,0.707106781186548,0.));
#8060=DIRECTION('',(0.5,-0.866025403784439,0.));
#8061=DIRECTION('center_axis',(0.,0.,1.));
#8062=DIRECTION('ref_axis',(-0.866025403784439,-0.499999999999999,0.));
#8063=DIRECTION('center_axis',(0.,0.,1.));
#8064=DIRECTION('ref_axis',(0.5,-0.866025403784439,0.));
#8065=DIRECTION('center_axis',(0.,0.,1.));
#8066=DIRECTION('ref_axis',(0.5,-0.866025403784439,0.));
#8067=DIRECTION('center_axis',(0.,0.,1.));
#8068=DIRECTION('ref_axis',(-0.866025403784439,-0.499999999999999,0.));
#8069=DIRECTION('',(0.5,-0.866025403784439,0.));
#8070=DIRECTION('center_axis',(0.,0.,1.));
#8071=DIRECTION('ref_axis',(0.965925826289069,0.25881904510252,0.));
#8072=DIRECTION('',(-1.38777878078145E-15,-1.,0.));
#8073=DIRECTION('center_axis',(0.,0.,1.));
#8074=DIRECTION('ref_axis',(0.707106781186548,-0.707106781186548,0.));
#8075=DIRECTION('center_axis',(0.500000000000001,0.866025403784438,0.));
#8076=DIRECTION('ref_axis',(0.866025403784438,-0.500000000000001,0.));
#8077=DIRECTION('',(0.,0.,1.));
#8078=DIRECTION('center_axis',(0.,0.,-1.));
#8079=DIRECTION('ref_axis',(0.707106781186548,0.707106781186548,0.));
#8080=DIRECTION('',(0.,0.,-1.));
#8081=DIRECTION('center_axis',(0.,0.,-1.));
#8082=DIRECTION('ref_axis',(0.965925826289069,0.25881904510252,0.));
#8083=DIRECTION('',(0.,0.,1.));
#8084=DIRECTION('',(0.,0.,-1.));
#8085=DIRECTION('center_axis',(1.,-1.38777878078145E-15,0.));
#8086=DIRECTION('ref_axis',(-1.38777878078145E-15,-1.,0.));
#8087=DIRECTION('',(0.,0.,1.));
#8088=DIRECTION('center_axis',(0.,0.,-1.));
#8089=DIRECTION('ref_axis',(0.707106781186548,-0.707106781186548,0.));
#8090=DIRECTION('center_axis',(0.,0.,-1.));
#8091=DIRECTION('ref_axis',(-0.866025403784439,-0.499999999999999,0.));
#8092=DIRECTION('',(0.,0.,-1.));
#8093=DIRECTION('',(0.,0.,1.));
#8094=DIRECTION('center_axis',(0.866025403784439,0.5,0.));
#8095=DIRECTION('ref_axis',(0.5,-0.866025403784439,0.));
#8096=DIRECTION('center_axis',(0.,0.,1.));
#8097=DIRECTION('ref_axis',(0.5,-0.866025403784439,0.));
#8098=DIRECTION('',(0.,0.,-1.));
#8099=DIRECTION('',(0.,0.,1.));
#8100=DIRECTION('center_axis',(0.,0.,1.));
#8101=DIRECTION('ref_axis',(-0.866025403784439,-0.499999999999999,0.));
#8102=DIRECTION('',(0.,0.,-1.));
#8103=DIRECTION('center_axis',(-0.866025403784438,0.500000000000001,0.));
#8104=DIRECTION('ref_axis',(0.5,0.866025403784438,0.));
#8105=DIRECTION('center_axis',(0.866025403784439,0.5,0.));
#8106=DIRECTION('ref_axis',(0.5,-0.866025403784439,0.));
#8107=DIRECTION('center_axis',(0.86602540378444,0.499999999999998,0.));
#8108=DIRECTION('ref_axis',(-0.499999999999998,0.866025403784439,0.));
#8109=DIRECTION('',(0.,0.,1.));
#8110=DIRECTION('',(0.,0.,-1.));
#8111=DIRECTION('center_axis',(0.866025403784439,0.5,0.));
#8112=DIRECTION('ref_axis',(-0.5,0.866025403784439,0.));
#8113=DIRECTION('',(0.,0.,1.));
#8114=DIRECTION('center_axis',(0.866025403784438,-0.500000000000001,0.));
#8115=DIRECTION('ref_axis',(0.5,0.866025403784438,0.));
#8116=DIRECTION('',(0.,0.,1.));
#8117=DIRECTION('center_axis',(-4.44089209850063E-15,-1.,0.));
#8118=DIRECTION('ref_axis',(1.,-4.44089209850063E-15,0.));
#8119=DIRECTION('',(0.,0.,1.));
#8120=DIRECTION('center_axis',(1.,-9.10233209553407E-16,0.));
#8121=DIRECTION('ref_axis',(9.10233209553407E-16,1.,0.));
#8122=DIRECTION('center_axis',(0.,0.,-1.));
#8123=DIRECTION('ref_axis',(0.965925826289066,-0.258819045102531,0.));
#8124=DIRECTION('center_axis',(0.,0.,1.));
#8125=DIRECTION('ref_axis',(0.965925826289066,-0.258819045102531,0.));
#8126=DIRECTION('',(0.,0.,1.));
#8127=DIRECTION('',(0.,0.,-1.));
#8128=DIRECTION('center_axis',(0.,0.,1.));
#8129=DIRECTION('ref_axis',(-1.,0.,0.));
#8130=DIRECTION('',(-0.866025403784439,-0.499999999999999,0.));
#8131=DIRECTION('center_axis',(0.,0.,1.));
#8132=DIRECTION('ref_axis',(0.258819045102525,-0.965925826289067,0.));
#8133=DIRECTION('',(-1.,0.,0.));
#8134=DIRECTION('center_axis',(0.,0.,1.));
#8135=DIRECTION('ref_axis',(0.,1.,0.));
#8136=DIRECTION('center_axis',(0.,0.,1.));
#8137=DIRECTION('ref_axis',(-1.,0.,0.));
#8138=DIRECTION('center_axis',(0.,0.,1.));
#8139=DIRECTION('ref_axis',(-1.,0.,0.));
#8140=DIRECTION('center_axis',(0.,0.,1.));
#8141=DIRECTION('ref_axis',(0.,1.,0.));
#8142=DIRECTION('',(-1.,0.,0.));
#8143=DIRECTION('center_axis',(0.,0.,1.));
#8144=DIRECTION('ref_axis',(-0.258819045102519,-0.965925826289069,0.));
#8145=DIRECTION('',(-0.866025403784438,0.500000000000001,0.));
#8146=DIRECTION('center_axis',(0.,0.,1.));
#8147=DIRECTION('ref_axis',(-0.965925826289066,-0.25881904510253,0.));
#8148=DIRECTION('',(0.499999999999999,0.866025403784439,0.));
#8149=DIRECTION('',(1.,0.,0.));
#8150=DIRECTION('',(0.499999999999997,-0.866025403784441,0.));
#8151=DIRECTION('center_axis',(0.5,-0.866025403784439,0.));
#8152=DIRECTION('ref_axis',(-0.866025403784439,-0.499999999999999,0.));
#8153=DIRECTION('',(0.,0.,1.));
#8154=DIRECTION('center_axis',(0.,0.,-1.));
#8155=DIRECTION('ref_axis',(0.258819045102525,-0.965925826289067,0.));
#8156=DIRECTION('',(0.,0.,-1.));
#8157=DIRECTION('center_axis',(0.,0.,-1.));
#8158=DIRECTION('ref_axis',(-0.258819045102519,-0.965925826289069,0.));
#8159=DIRECTION('',(0.,0.,1.));
#8160=DIRECTION('',(0.,0.,-1.));
#8161=DIRECTION('center_axis',(-0.500000000000001,-0.866025403784438,0.));
#8162=DIRECTION('ref_axis',(-0.866025403784438,0.500000000000001,0.));
#8163=DIRECTION('',(0.,0.,1.));
#8164=DIRECTION('center_axis',(0.,0.,-1.));
#8165=DIRECTION('ref_axis',(-0.965925826289066,-0.25881904510253,0.));
#8166=DIRECTION('',(0.,0.,-1.));
#8167=DIRECTION('center_axis',(0.,0.,-1.));
#8168=DIRECTION('ref_axis',(0.,1.,0.));
#8169=DIRECTION('',(0.,0.,-1.));
#8170=DIRECTION('',(0.,0.,1.));
#8171=DIRECTION('center_axis',(0.,-1.,0.));
#8172=DIRECTION('ref_axis',(-1.,0.,0.));
#8173=DIRECTION('center_axis',(0.,0.,1.));
#8174=DIRECTION('ref_axis',(-1.,0.,0.));
#8175=DIRECTION('',(0.,0.,-1.));
#8176=DIRECTION('',(0.,0.,1.));
#8177=DIRECTION('center_axis',(0.,0.,1.));
#8178=DIRECTION('ref_axis',(0.,1.,0.));
#8179=DIRECTION('',(0.,0.,-1.));
#8180=DIRECTION('center_axis',(0.,-1.,0.));
#8181=DIRECTION('ref_axis',(-1.,0.,0.));
#8182=DIRECTION('center_axis',(-0.866025403784439,0.499999999999999,0.));
#8183=DIRECTION('ref_axis',(-0.499999999999999,-0.866025403784439,0.));
#8184=DIRECTION('',(0.,0.,1.));
#8185=DIRECTION('',(0.,0.,-1.));
#8186=DIRECTION('center_axis',(0.,1.,0.));
#8187=DIRECTION('ref_axis',(-1.,0.,0.));
#8188=DIRECTION('',(0.,0.,1.));
#8189=DIRECTION('center_axis',(0.866025403784441,0.499999999999997,0.));
#8190=DIRECTION('ref_axis',(-0.499999999999997,0.866025403784441,0.));
#8191=DIRECTION('center_axis',(0.500000000000001,0.866025403784438,0.));
#8192=DIRECTION('ref_axis',(-0.866025403784438,0.500000000000001,0.));
#8193=DIRECTION('center_axis',(-0.5,-0.866025403784439,0.));
#8194=DIRECTION('ref_axis',(-0.866025403784439,0.5,0.));
#8195=DIRECTION('',(0.,0.,-1.));
#8196=DIRECTION('',(-0.866025403784439,0.5,0.));
#8197=DIRECTION('',(0.,0.,-1.));
#8198=DIRECTION('center_axis',(-0.866025403784439,-0.5,0.));
#8199=DIRECTION('ref_axis',(-0.5,0.866025403784439,0.));
#8200=DIRECTION('',(-0.5,0.866025403784439,0.));
#8201=DIRECTION('',(0.,0.,-1.));
#8202=DIRECTION('center_axis',(-1.,8.51759341151035E-16,0.));
#8203=DIRECTION('ref_axis',(8.51759341151035E-16,1.,0.));
#8204=DIRECTION('',(8.51759341151035E-16,1.,0.));
#8205=DIRECTION('',(0.,0.,-1.));
#8206=DIRECTION('center_axis',(-0.866025403784439,0.5,0.));
#8207=DIRECTION('ref_axis',(0.5,0.866025403784439,0.));
#8208=DIRECTION('',(0.5,0.866025403784439,0.));
#8209=DIRECTION('',(0.,0.,-1.));
#8210=DIRECTION('center_axis',(-0.499999999999999,0.866025403784439,0.));
#8211=DIRECTION('ref_axis',(0.866025403784439,0.499999999999999,0.));
#8212=DIRECTION('',(0.866025403784439,0.499999999999999,0.));
#8213=DIRECTION('',(0.,0.,-1.));
#8214=DIRECTION('center_axis',(0.,1.,0.));
#8215=DIRECTION('ref_axis',(1.,0.,0.));
#8216=DIRECTION('',(1.,0.,0.));
#8217=DIRECTION('',(0.,0.,-1.));
#8218=DIRECTION('center_axis',(0.500000000000001,0.866025403784438,0.));
#8219=DIRECTION('ref_axis',(0.866025403784438,-0.500000000000001,0.));
#8220=DIRECTION('',(0.866025403784438,-0.500000000000001,0.));
#8221=DIRECTION('',(0.,0.,-1.));
#8222=DIRECTION('center_axis',(0.866025403784439,0.5,0.));
#8223=DIRECTION('ref_axis',(0.5,-0.866025403784439,0.));
#8224=DIRECTION('',(0.5,-0.866025403784439,0.));
#8225=DIRECTION('',(0.,0.,-1.));
#8226=DIRECTION('center_axis',(1.,-8.51759341151036E-16,0.));
#8227=DIRECTION('ref_axis',(-8.51759341151036E-16,-1.,0.));
#8228=DIRECTION('',(-8.51759341151036E-16,-1.,0.));
#8229=DIRECTION('',(0.,0.,-1.));
#8230=DIRECTION('center_axis',(0.866025403784439,-0.5,0.));
#8231=DIRECTION('ref_axis',(-0.5,-0.866025403784439,0.));
#8232=DIRECTION('',(-0.5,-0.866025403784439,0.));
#8233=DIRECTION('',(0.,0.,-1.));
#8234=DIRECTION('center_axis',(0.5,-0.866025403784439,0.));
#8235=DIRECTION('ref_axis',(-0.866025403784439,-0.5,0.));
#8236=DIRECTION('',(-0.866025403784439,-0.5,0.));
#8237=DIRECTION('',(0.,0.,-1.));
#8238=DIRECTION('center_axis',(-1.46883519465612E-15,-1.,0.));
#8239=DIRECTION('ref_axis',(-1.,1.46883519465612E-15,0.));
#8240=DIRECTION('',(-1.,1.46883519465612E-15,0.));
#8241=DIRECTION('center_axis',(-1.,8.3376272303754E-16,0.));
#8242=DIRECTION('ref_axis',(8.3376272303754E-16,1.,0.));
#8243=DIRECTION('',(8.3376272303754E-16,1.,0.));
#8244=DIRECTION('',(0.,0.,1.));
#8245=DIRECTION('center_axis',(-0.866025403784439,-0.5,0.));
#8246=DIRECTION('ref_axis',(-0.5,0.866025403784439,0.));
#8247=DIRECTION('',(-0.5,0.866025403784439,0.));
#8248=DIRECTION('',(0.,0.,1.));
#8249=DIRECTION('center_axis',(-0.500000000000001,-0.866025403784438,0.));
#8250=DIRECTION('ref_axis',(-0.866025403784438,0.500000000000001,0.));
#8251=DIRECTION('',(-0.866025403784438,0.500000000000001,0.));
#8252=DIRECTION('',(0.,0.,1.));
#8253=DIRECTION('center_axis',(0.,-1.,0.));
#8254=DIRECTION('ref_axis',(-1.,0.,0.));
#8255=DIRECTION('',(-1.,0.,0.));
#8256=DIRECTION('',(0.,0.,1.));
#8257=DIRECTION('center_axis',(0.499999999999999,-0.866025403784439,0.));
#8258=DIRECTION('ref_axis',(-0.866025403784439,-0.499999999999999,0.));
#8259=DIRECTION('',(-0.866025403784439,-0.499999999999999,0.));
#8260=DIRECTION('',(0.,0.,1.));
#8261=DIRECTION('center_axis',(0.866025403784439,-0.5,0.));
#8262=DIRECTION('ref_axis',(-0.5,-0.866025403784439,0.));
#8263=DIRECTION('',(-0.5,-0.866025403784439,0.));
#8264=DIRECTION('center_axis',(0.,0.,-1.));
#8265=DIRECTION('ref_axis',(-1.,0.,0.));
#8266=DIRECTION('axis',(0.,0.,1.));
#8267=DIRECTION('refdir',(1.,0.,0.));
#8268=DIRECTION('center_axis',(0.35355339059328,-0.612372435695805,-0.707106781186535));
#8269=DIRECTION('ref_axis',(-0.89442719099991,0.,-0.44721359549997));
#8270=DIRECTION('',(-0.866025403784439,-0.5,0.));
#8271=DIRECTION('',(-0.50858980270956,0.508589802709405,-0.694746590606862));
#8272=DIRECTION('',(0.866025403784439,0.5,0.));
#8273=DIRECTION('',(0.186156787897227,-0.694746590606906,0.694746590606868));
#8274=DIRECTION('center_axis',(0.707106781186548,-6.4363207493641E-16,-0.707106781186548));
#8275=DIRECTION('ref_axis',(-0.707106781186548,0.,-0.707106781186548));
#8276=DIRECTION('',(-9.10233209553407E-16,-1.,0.));
#8277=DIRECTION('',(-0.694746590606856,-0.186156787897455,-0.694746590606856));
#8278=DIRECTION('',(9.10233209553407E-16,1.,0.));
#8279=DIRECTION('',(0.694746590606868,-0.186156787897444,0.694746590606848));
#8280=DIRECTION('center_axis',(-0.353553390593278,-0.612372435695801,-0.70710678118654));
#8281=DIRECTION('ref_axis',(-0.894427190999912,0.,0.447213595499966));
#8282=DIRECTION('',(0.866025403784438,-0.500000000000001,0.));
#8283=DIRECTION('',(-0.508589802709483,-0.508589802709483,0.694746590606862));
#8284=DIRECTION('',(-0.866025403784438,0.500000000000001,0.));
#8285=DIRECTION('',(0.186156787897238,0.694746590606924,-0.694746590606847));
#8286=DIRECTION('center_axis',(0.353553390593274,0.612372435695793,-0.707106781186549));
#8287=DIRECTION('ref_axis',(-0.894427190999916,0.,-0.447213595499958));
#8288=DIRECTION('',(0.866025403784438,-0.500000000000001,0.));
#8289=DIRECTION('',(-0.186156787897334,-0.694746590606892,-0.694746590606853));
#8290=DIRECTION('',(-0.866025403784438,0.500000000000001,0.));
#8291=DIRECTION('',(0.508589802709511,0.508589802709473,0.694746590606849));
#8292=DIRECTION('center_axis',(-0.707106781186548,6.43632074936408E-16,
-0.707106781186548));
#8293=DIRECTION('ref_axis',(-0.707106781186548,0.,0.707106781186548));
#8294=DIRECTION('',(-9.10233209553405E-16,-1.,0.));
#8295=DIRECTION('',(-0.694746590606873,0.186156787897334,0.694746590606873));
#8296=DIRECTION('',(9.10233209553405E-16,1.,0.));
#8297=DIRECTION('',(0.694746590606864,0.1861567878974,-0.694746590606864));
#8298=DIRECTION('center_axis',(-0.353553390593273,0.612372435695794,-0.707106781186549));
#8299=DIRECTION('ref_axis',(-0.894427190999917,0.,0.447213595499957));
#8300=DIRECTION('',(0.866025403784439,0.499999999999999,0.));
#8301=DIRECTION('',(0.508589802709488,-0.508589802709468,-0.694746590606869));
#8302=DIRECTION('',(-0.866025403784439,-0.499999999999999,0.));
#8303=DIRECTION('',(-0.186156787897353,0.69474659060687,0.69474659060687));
#8304=DIRECTION('center_axis',(-0.612372435695793,0.353553390593274,-0.707106781186549));
#8305=DIRECTION('ref_axis',(-0.755928946018456,0.,0.654653670707976));
#8306=DIRECTION('',(-0.500000000000001,-0.866025403784438,0.));
#8307=DIRECTION('',(0.500000000000001,0.866025403784438,0.));
#8308=DIRECTION('center_axis',(1.57009245868377E-15,0.707106781186548,-0.707106781186548));
#8309=DIRECTION('ref_axis',(-1.,0.,-2.22044604925031E-15));
#8310=DIRECTION('',(1.,-2.22044604925031E-15,0.));
#8311=DIRECTION('',(-1.,2.22044604925031E-15,0.));
#8312=DIRECTION('center_axis',(-0.612372435695794,-0.353553390593272,-0.707106781186549));
#8313=DIRECTION('ref_axis',(-0.755928946018455,0.,0.654653670707976));
#8314=DIRECTION('',(0.499999999999999,-0.866025403784439,0.));
#8315=DIRECTION('',(-0.499999999999999,0.866025403784439,0.));
#8316=DIRECTION('center_axis',(0.612372435695783,0.353553390593265,-0.707106781186562));
#8317=DIRECTION('ref_axis',(-0.755928946018467,0.,-0.654653670707962));
#8318=DIRECTION('',(0.499999999999998,-0.86602540378444,0.));
#8319=DIRECTION('',(-0.499999999999998,0.86602540378444,0.));
#8320=DIRECTION('center_axis',(-1.13831703254571E-15,-0.707106781186528,
-0.707106781186567));
#8321=DIRECTION('ref_axis',(-1.,0.,1.60982338570639E-15));
#8322=DIRECTION('',(1.,-1.60982338570648E-15,0.));
#8323=DIRECTION('',(-1.,1.60982338570648E-15,0.));
#8324=DIRECTION('center_axis',(0.612372435695774,-0.353553390593263,-0.707106781186571));
#8325=DIRECTION('ref_axis',(-0.755928946018476,0.,-0.654653670707953));
#8326=DIRECTION('',(-0.500000000000001,-0.866025403784438,0.));
#8327=DIRECTION('',(0.500000000000001,0.866025403784438,0.));
#8328=DIRECTION('center_axis',(-1.60982338570648E-15,-1.,0.));
#8329=DIRECTION('ref_axis',(1.,-1.55431223447522E-15,0.));
#8330=DIRECTION('',(0.,0.,-1.));
#8331=DIRECTION('',(1.,-1.60982338570648E-15,0.));
#8332=DIRECTION('',(0.,0.,1.));
#8333=DIRECTION('center_axis',(-0.500000000000001,-0.866025403784438,0.));
#8334=DIRECTION('ref_axis',(0.866025403784438,-0.500000000000001,0.));
#8335=DIRECTION('',(0.,0.,1.));
#8336=DIRECTION('',(0.866025403784438,-0.500000000000001,0.));
#8337=DIRECTION('center_axis',(-0.866025403784439,-0.499999999999999,0.));
#8338=DIRECTION('ref_axis',(0.499999999999999,-0.866025403784439,0.));
#8339=DIRECTION('',(0.,0.,-1.));
#8340=DIRECTION('',(0.499999999999999,-0.866025403784439,0.));
#8341=DIRECTION('center_axis',(-1.,9.10233209553405E-16,0.));
#8342=DIRECTION('ref_axis',(-9.10233209553405E-16,-1.,0.));
#8343=DIRECTION('',(0.,0.,1.));
#8344=DIRECTION('',(-9.10233209553405E-16,-1.,0.));
#8345=DIRECTION('center_axis',(-0.866025403784438,0.500000000000001,0.));
#8346=DIRECTION('ref_axis',(-0.500000000000001,-0.866025403784438,0.));
#8347=DIRECTION('',(0.,0.,-1.));
#8348=DIRECTION('',(-0.500000000000001,-0.866025403784438,0.));
#8349=DIRECTION('center_axis',(-0.5,0.866025403784439,0.));
#8350=DIRECTION('ref_axis',(-0.866025403784439,-0.499999999999999,0.));
#8351=DIRECTION('',(0.,0.,1.));
#8352=DIRECTION('',(-0.866025403784439,-0.499999999999999,0.));
#8353=DIRECTION('center_axis',(0.,0.,1.));
#8354=DIRECTION('ref_axis',(-1.,0.,0.));
#8355=DIRECTION('',(0.866025403784438,-0.500000000000001,0.));
#8356=DIRECTION('',(-0.866025403784433,-0.500000000000009,0.));
#8357=DIRECTION('',(0.500000000000013,-0.866025403784431,0.));
#8358=DIRECTION('',(0.866025403784442,0.499999999999995,0.));
#8359=DIRECTION('',(-8.51759341151036E-16,-1.,0.));
#8360=DIRECTION('',(-0.866025403784444,0.49999999999999,0.));
#8361=DIRECTION('',(-0.499999999999987,-0.866025403784446,0.));
#8362=DIRECTION('',(0.866025403784436,-0.500000000000005,0.));
#8363=DIRECTION('',(-0.866025403784439,-0.5,0.));
#8364=DIRECTION('',(-1.14908083048704E-14,1.,0.));
#8365=DIRECTION('',(-1.,-1.53765888910584E-14,0.));
#8366=DIRECTION('',(-5.44009282066327E-15,-1.,0.));
#8367=DIRECTION('',(-0.866025403784439,0.5,0.));
#8368=DIRECTION('',(0.866025403784433,0.50000000000001,0.));
#8369=DIRECTION('',(-0.500000000000013,0.866025403784431,0.));
#8370=DIRECTION('',(-0.866025403784441,-0.499999999999995,0.));
#8371=DIRECTION('',(8.51759341151035E-16,1.,0.));
#8372=DIRECTION('',(0.866025403784444,-0.49999999999999,0.));
#8373=DIRECTION('',(0.499999999999987,0.866025403784446,0.));
#8374=DIRECTION('',(-0.866025403784436,0.500000000000005,0.));
#8375=DIRECTION('',(0.866025403784439,0.499999999999999,0.));
#8376=DIRECTION('',(1.16451595299452E-14,-1.,0.));
#8377=DIRECTION('',(1.,1.55431223447522E-14,0.));
#8378=DIRECTION('',(5.2709669451331E-15,1.,0.));
#8379=DIRECTION('center_axis',(0.707106781186548,-6.02284806066883E-16,
-0.707106781186548));
#8380=DIRECTION('ref_axis',(-0.707106781186548,0.,-0.707106781186548));
#8381=DIRECTION('',(-8.51759341151035E-16,-1.,0.));
#8382=DIRECTION('',(-0.447213595499961,0.77459666924148,-0.447213595499961));
#8383=DIRECTION('',(-0.447213595499955,-0.774596669241487,-0.447213595499955));
#8384=DIRECTION('center_axis',(-0.353553390593266,-0.612372435695798,-0.707106781186548));
#8385=DIRECTION('ref_axis',(-0.89442719099992,0.,0.44721359549995));
#8386=DIRECTION('',(-0.866025403784444,0.49999999999999,0.));
#8387=DIRECTION('',(-0.211324865405176,0.788675134594808,-0.577350269189637));
#8388=DIRECTION('center_axis',(0.612372435695805,-0.353553390593267,-0.707106781186541));
#8389=DIRECTION('ref_axis',(-0.755928946018446,0.,-0.654653670707987));
#8390=DIRECTION('',(-0.499999999999987,-0.866025403784446,0.));
#8391=DIRECTION('',(-0.788675134594661,-0.21132486540541,-0.577350269189752));
#8392=DIRECTION('center_axis',(0.353553390593274,-0.612372435695796,-0.707106781186546));
#8393=DIRECTION('ref_axis',(-0.894427190999915,0.,-0.447213595499959));
#8394=DIRECTION('',(-0.866025403784439,-0.499999999999999,0.));
#8395=DIRECTION('',(0.447213595499958,0.774596669241478,-0.447213595499967));
#8396=DIRECTION('',(0.894427190999913,1.24126707662365E-14,0.447213595499963));
#8397=DIRECTION('center_axis',(-0.70710678118655,-8.23437127162344E-15,
-0.707106781186545));
#8398=DIRECTION('ref_axis',(-0.707106781186545,0.,0.70710678118655));
#8399=DIRECTION('',(-1.16451595299452E-14,1.,0.));
#8400=DIRECTION('',(0.577350269189619,0.577350269189627,-0.577350269189631));
#8401=DIRECTION('center_axis',(1.09906472107865E-14,-0.70710678118655,-0.707106781186545));
#8402=DIRECTION('ref_axis',(-1.,0.,-1.55431223447523E-14));
#8403=DIRECTION('',(-1.,-1.55431223447522E-14,0.));
#8404=DIRECTION('',(-0.57735026918975,0.577350269189369,-0.577350269189758));
#8405=DIRECTION('center_axis',(-0.353553390593278,-0.612372435695801,-0.70710678118654));
#8406=DIRECTION('ref_axis',(-0.894427190999912,0.,0.447213595499966));
#8407=DIRECTION('',(-0.866025403784438,0.500000000000001,0.));
#8408=DIRECTION('',(0.894427190999908,0.,-0.447213595499973));
#8409=DIRECTION('',(0.447213595499957,-0.774596669241478,0.447213595499968));
#8410=DIRECTION('center_axis',(-0.353553390593282,0.612372435695793,-0.707106781186544));
#8411=DIRECTION('ref_axis',(-0.894427190999911,0.,0.447213595499968));
#8412=DIRECTION('',(0.866025403784433,0.500000000000009,0.));
#8413=DIRECTION('',(0.788675134594811,-0.211324865405188,-0.577350269189627));
#8414=DIRECTION('center_axis',(-0.612372435695798,-0.353553390593288,-0.707106781186538));
#8415=DIRECTION('ref_axis',(-0.755928946018448,0.,0.654653670707985));
#8416=DIRECTION('',(-0.500000000000013,0.866025403784431,0.));
#8417=DIRECTION('',(0.211324865404918,0.788675134594783,-0.577350269189765));
#8418=DIRECTION('center_axis',(0.353553390593278,-0.61237243569581,-0.707106781186533));
#8419=DIRECTION('ref_axis',(-0.89442719099991,0.,-0.447213595499969));
#8420=DIRECTION('',(-0.866025403784442,-0.499999999999995,0.));
#8421=DIRECTION('',(0.447213595499959,0.774596669241482,-0.447213595499959));
#8422=DIRECTION('center_axis',(-0.707106781186548,6.02284806066884E-16,
-0.707106781186548));
#8423=DIRECTION('ref_axis',(-0.707106781186548,0.,0.707106781186548));
#8424=DIRECTION('',(8.51759341151036E-16,1.,0.));
#8425=DIRECTION('',(0.447213595499959,-0.774596669241482,-0.447213595499959));
#8426=DIRECTION('center_axis',(0.353553390593267,0.612372435695798,-0.707106781186548));
#8427=DIRECTION('ref_axis',(-0.89442719099992,0.,-0.44721359549995));
#8428=DIRECTION('',(0.866025403784444,-0.49999999999999,0.));
#8429=DIRECTION('',(0.21132486540516,-0.788675134594811,-0.577350269189638));
#8430=DIRECTION('center_axis',(-0.612372435695813,0.353553390593272,-0.707106781186533));
#8431=DIRECTION('ref_axis',(-0.755928946018438,0.,0.654653670707996));
#8432=DIRECTION('',(0.499999999999987,0.866025403784446,0.));
#8433=DIRECTION('',(0.788675134594652,0.211324865405428,-0.577350269189757));
#8434=DIRECTION('center_axis',(0.70710678118655,-3.72713647031377E-15,-0.707106781186545));
#8435=DIRECTION('ref_axis',(-0.707106781186545,0.,-0.70710678118655));
#8436=DIRECTION('',(-5.2709669451331E-15,-1.,0.));
#8437=DIRECTION('center_axis',(-0.353553390593278,-0.612372435695794,-0.707106781186546));
#8438=DIRECTION('ref_axis',(-0.894427190999913,0.,0.447213595499963));
#8439=DIRECTION('',(-0.866025403784436,0.500000000000005,0.));
#8440=DIRECTION('',(0.894427190999921,0.,-0.447213595499948));
#8441=DIRECTION('center_axis',(-0.353553390593263,0.612372435695777,-0.707106781186568));
#8442=DIRECTION('ref_axis',(-0.894427190999926,0.,0.447213595499937));
#8443=DIRECTION('',(0.866025403784439,0.5,0.));
#8444=DIRECTION('',(-0.447213595499941,-0.774596669241498,-0.44721359549995));
#8445=DIRECTION('center_axis',(0.70710678118655,8.12522847368857E-15,-0.707106781186545));
#8446=DIRECTION('ref_axis',(-0.707106781186545,0.,-0.70710678118655));
#8447=DIRECTION('',(1.14908083048704E-14,-1.,0.));
#8448=DIRECTION('',(-0.577350269189619,-0.577350269189627,-0.577350269189631));
#8449=DIRECTION('center_axis',(-1.08728902763849E-14,0.70710678118653,-0.707106781186565));
#8450=DIRECTION('ref_axis',(-1.,0.,1.53765888910577E-14));
#8451=DIRECTION('',(1.,1.53765888910584E-14,0.));
#8452=DIRECTION('',(0.577350269189745,-0.577350269189372,-0.577350269189761));
#8453=DIRECTION('center_axis',(0.353553390593278,0.612372435695794,-0.707106781186546));
#8454=DIRECTION('ref_axis',(-0.894427190999913,0.,-0.447213595499963));
#8455=DIRECTION('',(0.866025403784436,-0.500000000000005,0.));
#8456=DIRECTION('center_axis',(-0.70710678118655,3.84672652377526E-15,-0.707106781186545));
#8457=DIRECTION('ref_axis',(-0.707106781186545,0.,0.70710678118655));
#8458=DIRECTION('',(5.44009282066327E-15,1.,0.));
#8459=DIRECTION('',(0.447213595499972,-0.774596669241472,-0.447213595499964));
#8460=DIRECTION('center_axis',(0.353553390593273,0.612372435695794,-0.707106781186549));
#8461=DIRECTION('ref_axis',(-0.894427190999916,0.,-0.447213595499957));
#8462=DIRECTION('',(0.866025403784438,-0.5,0.));
#8463=DIRECTION('',(-0.894427190999916,0.,-0.447213595499958));
#8464=DIRECTION('center_axis',(0.353553390593282,-0.612372435695793,-0.707106781186544));
#8465=DIRECTION('ref_axis',(-0.894427190999911,0.,-0.447213595499968));
#8466=DIRECTION('',(-0.866025403784433,-0.50000000000001,0.));
#8467=DIRECTION('',(-0.788675134594799,0.211324865405194,-0.577350269189642));
#8468=DIRECTION('center_axis',(0.612372435695798,0.353553390593288,-0.707106781186538));
#8469=DIRECTION('ref_axis',(-0.755928946018448,0.,-0.654653670707984));
#8470=DIRECTION('',(0.500000000000013,-0.866025403784431,0.));
#8471=DIRECTION('',(-0.211324865404883,-0.788675134594798,-0.577350269189758));
#8472=DIRECTION('center_axis',(-0.353553390593269,0.612372435695794,-0.70710678118655));
#8473=DIRECTION('ref_axis',(-0.894427190999919,0.,0.447213595499952));
#8474=DIRECTION('',(0.866025403784441,0.499999999999995,0.));
#8475=DIRECTION('center_axis',(1.,-5.44009282066327E-15,0.));
#8476=DIRECTION('ref_axis',(-5.44009282066327E-15,-1.,0.));
#8477=DIRECTION('',(0.,0.,-1.));
#8478=DIRECTION('',(-5.44009282066327E-15,-1.,0.));
#8479=DIRECTION('',(0.,0.,1.));
#8480=DIRECTION('center_axis',(1.53765888910584E-14,-1.,0.));
#8481=DIRECTION('ref_axis',(-1.,-1.53765888910584E-14,0.));
#8482=DIRECTION('',(0.,0.,-1.));
#8483=DIRECTION('',(-1.,-1.53765888910584E-14,0.));
#8484=DIRECTION('center_axis',(-1.,-1.14908083048704E-14,0.));
#8485=DIRECTION('ref_axis',(-1.14908083048704E-14,1.,0.));
#8486=DIRECTION('',(0.,0.,-1.));
#8487=DIRECTION('',(-1.14908083048704E-14,1.,0.));
#8488=DIRECTION('center_axis',(-0.5,0.866025403784439,0.));
#8489=DIRECTION('ref_axis',(-0.866025403784439,-0.5,0.));
#8490=DIRECTION('',(0.,0.,1.));
#8491=DIRECTION('',(-0.866025403784439,-0.5,0.));
#8492=DIRECTION('center_axis',(0.500000000000005,0.866025403784436,0.));
#8493=DIRECTION('ref_axis',(0.866025403784436,-0.500000000000005,0.));
#8494=DIRECTION('',(0.,0.,-1.));
#8495=DIRECTION('',(0.866025403784436,-0.500000000000005,0.));
#8496=DIRECTION('center_axis',(0.866025403784446,-0.499999999999987,0.));
#8497=DIRECTION('ref_axis',(-0.499999999999987,-0.866025403784446,0.));
#8498=DIRECTION('',(0.,0.,-1.));
#8499=DIRECTION('',(-0.499999999999987,-0.866025403784446,0.));
#8500=DIRECTION('center_axis',(-0.49999999999999,-0.866025403784444,0.));
#8501=DIRECTION('ref_axis',(-0.866025403784444,0.49999999999999,0.));
#8502=DIRECTION('',(0.,0.,-1.));
#8503=DIRECTION('',(-0.866025403784444,0.49999999999999,0.));
#8504=DIRECTION('center_axis',(-1.,8.51759341151036E-16,0.));
#8505=DIRECTION('ref_axis',(-8.51759341151036E-16,-1.,0.));
#8506=DIRECTION('',(0.,0.,1.));
#8507=DIRECTION('',(-8.51759341151036E-16,-1.,0.));
#8508=DIRECTION('center_axis',(-0.499999999999995,0.866025403784442,0.));
#8509=DIRECTION('ref_axis',(0.866025403784442,0.499999999999995,0.));
#8510=DIRECTION('',(0.,0.,-1.));
#8511=DIRECTION('',(0.866025403784442,0.499999999999995,0.));
#8512=DIRECTION('center_axis',(0.866025403784431,0.500000000000013,0.));
#8513=DIRECTION('ref_axis',(0.500000000000013,-0.866025403784431,0.));
#8514=DIRECTION('',(0.,0.,-1.));
#8515=DIRECTION('',(0.500000000000013,-0.866025403784431,0.));
#8516=DIRECTION('center_axis',(0.500000000000009,-0.866025403784433,0.));
#8517=DIRECTION('ref_axis',(-0.866025403784433,-0.500000000000009,0.));
#8518=DIRECTION('',(0.,0.,-1.));
#8519=DIRECTION('',(-0.866025403784433,-0.500000000000009,0.));
#8520=DIRECTION('center_axis',(-0.500000000000001,-0.866025403784438,0.));
#8521=DIRECTION('ref_axis',(0.866025403784438,-0.500000000000001,0.));
#8522=DIRECTION('',(0.,0.,1.));
#8523=DIRECTION('',(0.866025403784438,-0.500000000000001,0.));
#8524=DIRECTION('center_axis',(-0.353553390593268,0.612372435695792,0.707106781186553));
#8525=DIRECTION('ref_axis',(0.89442719099992,0.,0.447213595499949));
#8526=DIRECTION('',(0.866025403784441,0.499999999999995,0.));
#8527=DIRECTION('',(0.447213595499955,0.774596669241487,-0.447213595499955));
#8528=DIRECTION('',(-0.866025403784441,-0.499999999999995,0.));
#8529=DIRECTION('',(0.211324865404884,0.788675134594799,-0.577350269189755));
#8530=DIRECTION('center_axis',(0.707106781186548,-6.02284806066883E-16,
0.707106781186548));
#8531=DIRECTION('ref_axis',(0.707106781186548,0.,-0.707106781186548));
#8532=DIRECTION('',(-8.51759341151035E-16,-1.,0.));
#8533=DIRECTION('',(0.447213595499961,-0.77459666924148,-0.447213595499961));
#8534=DIRECTION('',(8.51759341151035E-16,1.,0.));
#8535=DIRECTION('center_axis',(-0.353553390593265,-0.612372435695796,0.707106781186551));
#8536=DIRECTION('ref_axis',(0.894427190999921,0.,0.447213595499948));
#8537=DIRECTION('',(-0.866025403784444,0.49999999999999,0.));
#8538=DIRECTION('',(0.211324865405176,-0.78867513459481,-0.577350269189634));
#8539=DIRECTION('',(0.866025403784444,-0.49999999999999,0.));
#8540=DIRECTION('center_axis',(0.612372435695803,-0.353553390593266,0.707106781186544));
#8541=DIRECTION('ref_axis',(0.755928946018448,0.,-0.654653670707985));
#8542=DIRECTION('',(-0.499999999999987,-0.866025403784446,0.));
#8543=DIRECTION('',(0.788675134594663,0.21132486540541,-0.577350269189749));
#8544=DIRECTION('',(0.499999999999987,0.866025403784446,0.));
#8545=DIRECTION('center_axis',(0.353553390593277,0.612372435695792,0.707106781186549));
#8546=DIRECTION('ref_axis',(0.894427190999915,0.,-0.44721359549996));
#8547=DIRECTION('',(0.866025403784436,-0.500000000000005,0.));
#8548=DIRECTION('',(0.894427190999913,1.24126707662365E-14,-0.447213595499963));
#8549=DIRECTION('',(-0.866025403784436,0.500000000000005,0.));
#8550=DIRECTION('center_axis',(0.353553390593274,-0.612372435695796,0.707106781186546));
#8551=DIRECTION('ref_axis',(0.894427190999915,0.,-0.447213595499959));
#8552=DIRECTION('',(-0.866025403784439,-0.499999999999999,0.));
#8553=DIRECTION('',(-0.447213595499958,-0.774596669241478,-0.447213595499967));
#8554=DIRECTION('',(0.866025403784439,0.499999999999999,0.));
#8555=DIRECTION('center_axis',(-0.707106781186548,-8.23437127162341E-15,
0.707106781186548));
#8556=DIRECTION('ref_axis',(0.707106781186548,0.,0.707106781186548));
#8557=DIRECTION('',(-1.16451595299452E-14,1.,0.));
#8558=DIRECTION('',(-0.577350269189621,-0.577350269189629,-0.577350269189629));
#8559=DIRECTION('',(1.16451595299452E-14,-1.,0.));
#8560=DIRECTION('center_axis',(1.09906472107864E-14,-0.707106781186548,
0.707106781186548));
#8561=DIRECTION('ref_axis',(1.,0.,-1.55431223447522E-14));
#8562=DIRECTION('',(-1.,-1.55431223447522E-14,0.));
#8563=DIRECTION('',(0.577350269189751,-0.577350269189371,-0.577350269189755));
#8564=DIRECTION('',(1.,1.55431223447522E-14,0.));
#8565=DIRECTION('center_axis',(0.707106781186548,-3.72713647031375E-15,
0.707106781186548));
#8566=DIRECTION('ref_axis',(0.707106781186548,0.,-0.707106781186548));
#8567=DIRECTION('',(-5.2709669451331E-15,-1.,0.));
#8568=DIRECTION('',(0.447213595499946,-0.774596669241483,-0.44721359549997));
#8569=DIRECTION('',(5.2709669451331E-15,1.,0.));
#8570=DIRECTION('center_axis',(-0.353553390593278,-0.612372435695801,0.70710678118654));
#8571=DIRECTION('ref_axis',(0.894427190999912,0.,0.447213595499966));
#8572=DIRECTION('',(-0.866025403784438,0.500000000000001,0.));
#8573=DIRECTION('',(-0.894427190999908,0.,-0.447213595499973));
#8574=DIRECTION('center_axis',(-0.353553390593281,0.612372435695791,0.707106781186547));
#8575=DIRECTION('ref_axis',(0.894427190999912,0.,0.447213595499966));
#8576=DIRECTION('',(0.866025403784433,0.500000000000009,0.));
#8577=DIRECTION('',(-0.788675134594813,0.211324865405189,-0.577350269189625));
#8578=DIRECTION('center_axis',(-0.612372435695796,-0.353553390593286,0.70710678118654));
#8579=DIRECTION('ref_axis',(0.75592894601845,0.,0.654653670707982));
#8580=DIRECTION('',(-0.500000000000013,0.866025403784431,0.));
#8581=DIRECTION('',(-0.211324865404919,-0.788675134594785,-0.577350269189762));
#8582=DIRECTION('center_axis',(0.353553390593276,-0.612372435695807,0.707106781186535));
#8583=DIRECTION('ref_axis',(0.894427190999912,0.,-0.447213595499967));
#8584=DIRECTION('',(-0.866025403784442,-0.499999999999995,0.));
#8585=DIRECTION('',(-0.447213595499959,-0.774596669241482,-0.447213595499959));
#8586=DIRECTION('center_axis',(-0.707106781186548,6.02284806066884E-16,
0.707106781186548));
#8587=DIRECTION('ref_axis',(0.707106781186548,0.,0.707106781186548));
#8588=DIRECTION('',(8.51759341151036E-16,1.,0.));
#8589=DIRECTION('',(-0.447213595499959,0.774596669241482,-0.447213595499959));
#8590=DIRECTION('center_axis',(0.353553390593265,0.612372435695796,0.707106781186551));
#8591=DIRECTION('ref_axis',(0.894427190999921,0.,-0.447213595499948));
#8592=DIRECTION('',(0.866025403784444,-0.49999999999999,0.));
#8593=DIRECTION('',(-0.211324865405161,0.788675134594813,-0.577350269189636));
#8594=DIRECTION('center_axis',(-0.612372435695811,0.353553390593271,0.707106781186535));
#8595=DIRECTION('ref_axis',(0.75592894601844,0.,0.654653670707994));
#8596=DIRECTION('',(0.499999999999987,0.866025403784446,0.));
#8597=DIRECTION('',(-0.788675134594654,-0.211324865405428,-0.577350269189754));
#8598=DIRECTION('center_axis',(-0.353553390593277,-0.612372435695792,0.707106781186549));
#8599=DIRECTION('ref_axis',(0.894427190999915,0.,0.44721359549996));
#8600=DIRECTION('',(-0.866025403784436,0.500000000000005,0.));
#8601=DIRECTION('',(-0.894427190999921,0.,-0.447213595499948));
#8602=DIRECTION('center_axis',(-0.353553390593263,0.612372435695777,0.707106781186568));
#8603=DIRECTION('ref_axis',(0.894427190999926,0.,0.447213595499937));
#8604=DIRECTION('',(0.866025403784439,0.5,0.));
#8605=DIRECTION('',(0.447213595499941,0.774596669241498,-0.44721359549995));
#8606=DIRECTION('center_axis',(0.707106781186548,8.12522847368854E-15,0.707106781186548));
#8607=DIRECTION('ref_axis',(0.707106781186548,0.,-0.707106781186548));
#8608=DIRECTION('',(1.14908083048704E-14,-1.,0.));
#8609=DIRECTION('',(0.577350269189621,0.577350269189629,-0.577350269189629));
#8610=DIRECTION('center_axis',(-1.08728902763848E-14,0.707106781186528,
0.707106781186567));
#8611=DIRECTION('ref_axis',(1.,0.,1.53765888910576E-14));
#8612=DIRECTION('',(1.,1.53765888910584E-14,0.));
#8613=DIRECTION('',(-0.577350269189746,0.577350269189373,-0.577350269189758));
#8614=DIRECTION('center_axis',(-0.707106781186548,3.84672652377525E-15,
0.707106781186548));
#8615=DIRECTION('ref_axis',(0.707106781186548,0.,0.707106781186548));
#8616=DIRECTION('',(5.44009282066327E-15,1.,0.));
#8617=DIRECTION('',(-0.447213595499972,0.774596669241472,-0.447213595499964));
#8618=DIRECTION('center_axis',(0.353553390593273,0.612372435695794,0.707106781186549));
#8619=DIRECTION('ref_axis',(0.894427190999916,0.,-0.447213595499957));
#8620=DIRECTION('',(-0.866025403784438,0.5,0.));
#8621=DIRECTION('',(0.866025403784439,-0.5,0.));
#8622=DIRECTION('',(0.894427190999916,0.,-0.447213595499958));
#8623=DIRECTION('center_axis',(0.353553390593281,-0.612372435695791,0.707106781186547));
#8624=DIRECTION('ref_axis',(0.894427190999912,0.,-0.447213595499966));
#8625=DIRECTION('',(0.866025403784433,0.50000000000001,0.));
#8626=DIRECTION('',(-0.866025403784433,-0.50000000000001,0.));
#8627=DIRECTION('',(0.788675134594801,-0.211324865405194,-0.577350269189639));
#8628=DIRECTION('center_axis',(0.612372435695796,0.353553390593287,0.70710678118654));
#8629=DIRECTION('ref_axis',(0.755928946018451,0.,-0.654653670707982));
#8630=DIRECTION('',(-0.500000000000013,0.866025403784431,0.));
#8631=DIRECTION('',(0.500000000000013,-0.866025403784431,0.));
#8632=DIRECTION('center_axis',(0.5,0.866025403784439,0.));
#8633=DIRECTION('ref_axis',(-0.866025403784439,0.5,0.));
#8634=DIRECTION('',(0.,0.,-1.));
#8635=DIRECTION('center_axis',(-0.50000000000001,0.866025403784433,0.));
#8636=DIRECTION('ref_axis',(0.866025403784433,0.50000000000001,0.));
#8637=DIRECTION('',(0.,0.,-1.));
#8638=DIRECTION('center_axis',(-0.866025403784431,-0.500000000000013,0.));
#8639=DIRECTION('ref_axis',(-0.500000000000013,0.866025403784431,0.));
#8640=DIRECTION('',(0.,0.,-1.));
#8641=DIRECTION('center_axis',(0.499999999999995,-0.866025403784441,0.));
#8642=DIRECTION('ref_axis',(-0.866025403784441,-0.499999999999995,0.));
#8643=DIRECTION('',(0.,0.,1.));
#8644=DIRECTION('center_axis',(0.,0.,1.));
#8645=DIRECTION('ref_axis',(1.,0.,0.));
#8646=DIRECTION('',(-0.866025403784438,0.500000000000001,0.));
#8647=DIRECTION('',(-0.499999999999999,0.866025403784439,0.));
#8648=DIRECTION('',(9.10233209553405E-16,1.,0.));
#8649=DIRECTION('',(0.500000000000001,0.866025403784438,0.));
#8650=DIRECTION('',(0.866025403784439,0.499999999999999,0.));
#8651=DIRECTION('',(1.,-2.22044604925031E-15,0.));
#8652=DIRECTION('',(0.866025403784438,-0.500000000000001,0.));
#8653=DIRECTION('',(0.499999999999998,-0.86602540378444,0.));
#8654=DIRECTION('',(-9.10233209553407E-16,-1.,0.));
#8655=DIRECTION('',(-0.500000000000001,-0.866025403784438,0.));
#8656=DIRECTION('',(-0.866025403784439,-0.5,0.));
#8657=DIRECTION('',(-1.,1.60982338570648E-15,0.));
#8658=DIRECTION('center_axis',(-0.353553390593285,-0.612372435695812,0.707106781186527));
#8659=DIRECTION('ref_axis',(0.894427190999905,0.,0.447213595499979));
#8660=DIRECTION('',(-0.186156787897196,-0.69474659060693,-0.694746590606853));
#8661=DIRECTION('',(-0.508589802709507,-0.508589802709449,-0.694746590606869));
#8662=DIRECTION('center_axis',(-1.13831703254571E-15,-0.707106781186528,
0.707106781186567));
#8663=DIRECTION('ref_axis',(1.,0.,1.60982338570639E-15));
#8664=DIRECTION('',(0.186156787897227,-0.694746590606906,-0.694746590606868));
#8665=DIRECTION('center_axis',(0.35355339059328,-0.612372435695805,0.707106781186535));
#8666=DIRECTION('ref_axis',(0.89442719099991,0.,-0.44721359549997));
#8667=DIRECTION('',(0.50858980270956,-0.508589802709405,-0.694746590606862));
#8668=DIRECTION('',(0.866025403784439,0.5,0.));
#8669=DIRECTION('center_axis',(0.612372435695774,-0.353553390593263,0.707106781186571));
#8670=DIRECTION('ref_axis',(0.755928946018476,0.,-0.654653670707953));
#8671=DIRECTION('',(0.694746590606859,-0.186156787897437,-0.694746590606859));
#8672=DIRECTION('',(0.500000000000001,0.866025403784438,0.));
#8673=DIRECTION('center_axis',(0.707106781186548,-6.4363207493641E-16,0.707106781186548));
#8674=DIRECTION('ref_axis',(0.707106781186548,0.,-0.707106781186548));
#8675=DIRECTION('',(0.694746590606856,0.186156787897455,-0.694746590606856));
#8676=DIRECTION('',(9.10233209553407E-16,1.,0.));
#8677=DIRECTION('center_axis',(0.612372435695783,0.353553390593265,0.707106781186562));
#8678=DIRECTION('ref_axis',(0.755928946018467,0.,-0.654653670707962));
#8679=DIRECTION('',(0.508589802709511,0.508589802709473,-0.694746590606849));
#8680=DIRECTION('',(-0.499999999999998,0.86602540378444,0.));
#8681=DIRECTION('center_axis',(0.353553390593274,0.612372435695793,0.707106781186549));
#8682=DIRECTION('ref_axis',(0.894427190999916,0.,-0.447213595499958));
#8683=DIRECTION('',(0.186156787897334,0.694746590606892,-0.694746590606853));
#8684=DIRECTION('',(-0.866025403784438,0.500000000000001,0.));
#8685=DIRECTION('center_axis',(1.57009245868377E-15,0.707106781186548,0.707106781186548));
#8686=DIRECTION('ref_axis',(1.,0.,-2.22044604925031E-15));
#8687=DIRECTION('',(-1.,2.22044604925031E-15,0.));
#8688=DIRECTION('',(-0.186156787897353,0.69474659060687,-0.69474659060687));
#8689=DIRECTION('center_axis',(-0.353553390593273,0.612372435695794,0.707106781186549));
#8690=DIRECTION('ref_axis',(0.894427190999917,0.,0.447213595499957));
#8691=DIRECTION('',(-0.508589802709488,0.508589802709468,-0.694746590606869));
#8692=DIRECTION('center_axis',(-0.612372435695793,0.353553390593274,0.707106781186549));
#8693=DIRECTION('ref_axis',(0.755928946018456,0.,0.654653670707976));
#8694=DIRECTION('',(-0.694746590606875,0.186156787897316,-0.694746590606875));
#8695=DIRECTION('center_axis',(-0.707106781186548,6.43632074936408E-16,
0.707106781186548));
#8696=DIRECTION('ref_axis',(0.707106781186548,0.,0.707106781186548));
#8697=DIRECTION('',(-0.694746590606864,-0.1861567878974,-0.694746590606864));
#8698=DIRECTION('center_axis',(-0.612372435695794,-0.353553390593272,0.707106781186549));
#8699=DIRECTION('ref_axis',(0.755928946018455,0.,0.654653670707976));
#8700=DIRECTION('center_axis',(2.22044604925031E-15,1.,0.));
#8701=DIRECTION('ref_axis',(-1.,2.22044604925031E-15,0.));
#8702=DIRECTION('',(0.,0.,-1.));
#8703=DIRECTION('center_axis',(0.49999999999999,0.866025403784444,0.));
#8704=DIRECTION('ref_axis',(0.866025403784444,-0.49999999999999,0.));
#8705=DIRECTION('',(0.,0.,-1.));
#8706=DIRECTION('',(0.,0.,-1.));
#8707=DIRECTION('center_axis',(-0.866025403784446,0.499999999999987,0.));
#8708=DIRECTION('ref_axis',(0.499999999999987,0.866025403784446,0.));
#8709=DIRECTION('',(0.,0.,-1.));
#8710=DIRECTION('center_axis',(-0.500000000000005,-0.866025403784436,0.));
#8711=DIRECTION('ref_axis',(-0.866025403784436,0.500000000000005,0.));
#8712=DIRECTION('',(0.,0.,1.));
#8713=DIRECTION('center_axis',(1.,1.16451595299452E-14,0.));
#8714=DIRECTION('ref_axis',(1.16451595299452E-14,-1.,0.));
#8715=DIRECTION('',(0.,0.,-1.));
#8716=DIRECTION('',(0.,0.,-1.));
#8717=DIRECTION('center_axis',(-1.55431223447522E-14,1.,0.));
#8718=DIRECTION('ref_axis',(1.,1.55431223447522E-14,0.));
#8719=DIRECTION('',(0.,0.,-1.));
#8720=DIRECTION('center_axis',(-1.,5.2709669451331E-15,0.));
#8721=DIRECTION('ref_axis',(5.2709669451331E-15,1.,0.));
#8722=DIRECTION('center_axis',(0.499999999999999,-0.866025403784439,0.));
#8723=DIRECTION('ref_axis',(0.866025403784439,0.499999999999999,0.));
#8724=DIRECTION('center_axis',(0.86602540378444,0.499999999999998,0.));
#8725=DIRECTION('ref_axis',(-0.499999999999998,0.86602540378444,0.));
#8726=DIRECTION('',(0.,0.,-1.));
#8727=DIRECTION('',(0.,0.,1.));
#8728=DIRECTION('center_axis',(0.866025403784438,-0.500000000000001,0.));
#8729=DIRECTION('ref_axis',(0.500000000000001,0.866025403784438,0.));
#8730=DIRECTION('',(0.,0.,-1.));
#8731=DIRECTION('',(0.,0.,1.));
#8732=DIRECTION('center_axis',(0.500000000000001,0.866025403784438,0.));
#8733=DIRECTION('ref_axis',(-0.866025403784438,0.500000000000001,0.));
#8734=DIRECTION('center_axis',(0.5,-0.866025403784439,0.));
#8735=DIRECTION('ref_axis',(0.866025403784439,0.5,0.));
#8736=DIRECTION('center_axis',(1.,-9.10233209553407E-16,0.));
#8737=DIRECTION('ref_axis',(9.10233209553407E-16,1.,0.));
#8738=DIRECTION('center_axis',(1.,-8.51759341151035E-16,0.));
#8739=DIRECTION('ref_axis',(8.51759341151035E-16,1.,0.));
#8740=DIRECTION('axis',(0.,0.,1.));
#8741=DIRECTION('refdir',(1.,0.,0.));
#8742=DIRECTION('center_axis',(-1.09906472107863E-14,0.70710678118654,0.707106781186555));
#8743=DIRECTION('ref_axis',(1.,0.,1.55431223447518E-14));
#8744=DIRECTION('',(-1.,-1.55431223447522E-14,0.));
#8745=DIRECTION('',(0.217607233528027,-0.690161970814207,0.690161970814192));
#8746=DIRECTION('',(1.,1.55431223447522E-14,0.));
#8747=DIRECTION('',(-0.21760723352802,-0.690161970814215,0.690161970814185));
#8748=DIRECTION('center_axis',(-0.707106781186548,0.,0.707106781186547));
#8749=DIRECTION('ref_axis',(0.707106781186547,0.,0.707106781186548));
#8750=DIRECTION('',(0.,-1.,0.));
#8751=DIRECTION('',(0.577350269189626,0.577350269189626,0.577350269189626));
#8752=DIRECTION('',(0.,1.,0.));
#8753=DIRECTION('',(-0.663578618400425,0.345437164189911,-0.663578618400425));
#8754=DIRECTION('center_axis',(0.,-0.707106781186548,0.707106781186548));
#8755=DIRECTION('ref_axis',(1.,0.,0.));
#8756=DIRECTION('',(-1.,0.,0.));
#8757=DIRECTION('',(1.,0.,0.));
#8758=DIRECTION('',(-0.577350269189628,0.577350269189625,0.577350269189625));
#8759=DIRECTION('center_axis',(-0.405579787672638,0.579227965339568,0.707106781186549));
#8760=DIRECTION('ref_axis',(0.867439421552549,0.,0.497542812164521));
#8761=DIRECTION('',(-0.819152044288992,-0.573576436351046,0.));
#8762=DIRECTION('',(0.819152044288992,0.573576436351046,0.));
#8763=DIRECTION('center_axis',(0.707106781186548,4.37522262807062E-15,0.707106781186547));
#8764=DIRECTION('ref_axis',(0.707106781186547,0.,-0.707106781186548));
#8765=DIRECTION('',(6.18749917901913E-15,-1.,0.));
#8766=DIRECTION('',(-6.18749917901913E-15,1.,0.));
#8767=DIRECTION('',(-0.663578618400424,-0.345437164189911,0.663578618400425));
#8768=DIRECTION('center_axis',(0.405579787672635,0.579227965339572,0.707106781186548));
#8769=DIRECTION('ref_axis',(0.86743942155255,0.,-0.497542812164519));
#8770=DIRECTION('',(0.819152044288996,-0.57357643635104,0.));
#8771=DIRECTION('',(-0.819152044288996,0.57357643635104,0.));
#8772=DIRECTION('center_axis',(1.,6.18749917901913E-15,0.));
#8773=DIRECTION('ref_axis',(6.18749917901913E-15,-1.,0.));
#8774=DIRECTION('',(0.,0.,-1.));
#8775=DIRECTION('',(-6.18749917901913E-15,1.,0.));
#8776=DIRECTION('',(0.,0.,1.));
#8777=DIRECTION('center_axis',(0.,-1.,0.));
#8778=DIRECTION('ref_axis',(-1.,0.,0.));
#8779=DIRECTION('',(0.,0.,-1.));
#8780=DIRECTION('',(1.,0.,0.));
#8781=DIRECTION('',(0.,0.,-1.));
#8782=DIRECTION('',(1.,0.,0.));
#8783=DIRECTION('',(0.,0.,1.));
#8784=DIRECTION('',(1.,0.,0.));
#8785=DIRECTION('center_axis',(-1.,0.,0.));
#8786=DIRECTION('ref_axis',(0.,1.,0.));
#8787=DIRECTION('',(0.,0.,1.));
#8788=DIRECTION('',(0.,-1.,0.));
#8789=DIRECTION('center_axis',(0.,0.,1.));
#8790=DIRECTION('ref_axis',(-1.,0.,0.));
#8791=DIRECTION('center_axis',(0.,0.,-1.));
#8792=DIRECTION('ref_axis',(-0.707106781186556,-0.707106781186539,0.));
#8793=DIRECTION('center_axis',(0.,0.,-1.));
#8794=DIRECTION('ref_axis',(-0.707106781186556,-0.707106781186539,0.));
#8795=DIRECTION('',(0.,0.,-1.));
#8796=DIRECTION('center_axis',(0.,0.,-1.));
#8797=DIRECTION('ref_axis',(-0.707106781186556,-0.707106781186539,0.));
#8798=DIRECTION('',(0.,0.,1.));
#8799=DIRECTION('center_axis',(1.,0.,0.));
#8800=DIRECTION('ref_axis',(0.,-1.,0.));
#8801=DIRECTION('',(0.,1.,0.));
#8802=DIRECTION('',(0.,0.,-1.));
#8803=DIRECTION('',(0.,1.,0.));
#8804=DIRECTION('center_axis',(0.,0.,-1.));
#8805=DIRECTION('ref_axis',(0.707106781186561,-0.707106781186534,0.));
#8806=DIRECTION('center_axis',(0.,0.,-1.));
#8807=DIRECTION('ref_axis',(0.707106781186561,-0.707106781186534,0.));
#8808=DIRECTION('',(0.,0.,-1.));
#8809=DIRECTION('center_axis',(0.,0.,-1.));
#8810=DIRECTION('ref_axis',(0.707106781186561,-0.707106781186534,0.));
#8811=DIRECTION('',(0.,0.,1.));
#8812=DIRECTION('center_axis',(3.41607084500048E-15,1.,0.));
#8813=DIRECTION('ref_axis',(1.,-3.41607084500048E-15,0.));
#8814=DIRECTION('',(-1.,3.41607084500048E-15,0.));
#8815=DIRECTION('',(-1.,3.41607084500048E-15,0.));
#8816=DIRECTION('center_axis',(0.,0.,-1.));
#8817=DIRECTION('ref_axis',(0.707106781186555,0.70710678118654,0.));
#8818=DIRECTION('center_axis',(0.,0.,-1.));
#8819=DIRECTION('ref_axis',(0.707106781186555,0.70710678118654,0.));
#8820=DIRECTION('',(0.,0.,-1.));
#8821=DIRECTION('center_axis',(0.,0.,-1.));
#8822=DIRECTION('ref_axis',(0.707106781186555,0.70710678118654,0.));
#8823=DIRECTION('',(0.,0.,1.));
#8824=DIRECTION('center_axis',(-1.,0.,0.));
#8825=DIRECTION('ref_axis',(0.,1.,0.));
#8826=DIRECTION('',(0.,-1.,0.));
#8827=DIRECTION('',(0.,-1.,0.));
#8828=DIRECTION('center_axis',(0.,0.,1.));
#8829=DIRECTION('ref_axis',(-0.707106781186532,0.707106781186563,0.));
#8830=DIRECTION('center_axis',(0.,0.,-1.));
#8831=DIRECTION('ref_axis',(-0.707106781186532,0.707106781186563,0.));
#8832=DIRECTION('center_axis',(0.,0.,-1.));
#8833=DIRECTION('ref_axis',(-0.707106781186532,0.707106781186563,0.));
#8834=DIRECTION('',(0.,0.,1.));
#8835=DIRECTION('center_axis',(0.,-1.,0.));
#8836=DIRECTION('ref_axis',(-1.,0.,0.));
#8837=DIRECTION('',(1.,0.,0.));
#8838=DIRECTION('',(1.,0.,0.));
#8839=DIRECTION('center_axis',(0.,0.,-1.));
#8840=DIRECTION('ref_axis',(-1.,0.,0.));
#8841=DIRECTION('center_axis',(0.,0.,-1.));
#8842=DIRECTION('ref_axis',(-1.,0.,0.));
#8843=DIRECTION('',(0.866025403784439,0.499999999999999,0.));
#8844=DIRECTION('',(-1.56903202087683E-14,1.,0.));
#8845=DIRECTION('',(-0.866025403784436,-0.500000000000005,0.));
#8846=DIRECTION('',(-1.,-1.55431223447522E-14,0.));
#8847=DIRECTION('',(-0.819152044288996,0.57357643635104,0.));
#8848=DIRECTION('center_axis',(0.,0.,-1.));
#8849=DIRECTION('ref_axis',(-1.,0.,0.));
#8850=DIRECTION('',(-0.819152044288992,-0.573576436351046,0.));
#8851=DIRECTION('',(-1.,-1.55431223447522E-14,0.));
#8852=DIRECTION('',(-0.866025403784439,0.5,0.));
#8853=DIRECTION('',(-9.56128887721821E-15,-1.,0.));
#8854=DIRECTION('',(0.866025403784438,-0.500000000000001,0.));
#8855=DIRECTION('center_axis',(-0.500000000000001,-0.866025403784438,0.));
#8856=DIRECTION('ref_axis',(-0.866025403784438,0.500000000000001,0.));
#8857=DIRECTION('',(0.,0.,1.));
#8858=DIRECTION('',(0.866025403784438,-0.500000000000001,0.));
#8859=DIRECTION('center_axis',(0.499999999999999,-0.866025403784439,0.));
#8860=DIRECTION('ref_axis',(-0.866025403784439,-0.499999999999999,0.));
#8861=DIRECTION('',(0.866025403784439,0.499999999999999,0.));
#8862=DIRECTION('',(0.,0.,-1.));
#8863=DIRECTION('center_axis',(1.,1.56903202087683E-14,0.));
#8864=DIRECTION('ref_axis',(1.56903202087683E-14,-1.,0.));
#8865=DIRECTION('',(-1.56903202087683E-14,1.,0.));
#8866=DIRECTION('',(0.,0.,-1.));
#8867=DIRECTION('center_axis',(-0.500000000000005,0.866025403784436,0.));
#8868=DIRECTION('ref_axis',(0.866025403784436,0.500000000000005,0.));
#8869=DIRECTION('',(-0.866025403784436,-0.500000000000005,0.));
#8870=DIRECTION('',(0.,0.,1.));
#8871=DIRECTION('center_axis',(0.5,0.866025403784439,0.));
#8872=DIRECTION('ref_axis',(0.866025403784439,-0.5,0.));
#8873=DIRECTION('',(0.,0.,-1.));
#8874=DIRECTION('',(-0.866025403784439,0.5,0.));
#8875=DIRECTION('',(0.,0.,1.));
#8876=DIRECTION('center_axis',(-1.,9.56128887721821E-15,0.));
#8877=DIRECTION('ref_axis',(9.56128887721821E-15,1.,0.));
#8878=DIRECTION('',(-9.56128887721821E-15,-1.,0.));
#8879=DIRECTION('center_axis',(0.,0.,-1.));
#8880=DIRECTION('ref_axis',(-1.,0.,0.));
#8881=DIRECTION('',(-1.,-1.55431223447522E-14,0.));
#8882=DIRECTION('center_axis',(0.57357643635104,0.819152044288996,0.));
#8883=DIRECTION('ref_axis',(0.819152044288996,-0.57357643635104,0.));
#8884=DIRECTION('',(0.,0.,1.));
#8885=DIRECTION('center_axis',(-1.55431223447522E-14,1.,0.));
#8886=DIRECTION('ref_axis',(1.,1.55431223447522E-14,0.));
#8887=DIRECTION('',(0.,0.,1.));
#8888=DIRECTION('center_axis',(-0.573576436351046,0.819152044288992,0.));
#8889=DIRECTION('ref_axis',(0.819152044288992,0.573576436351046,0.));
#8890=DIRECTION('',(0.,0.,1.));
#8891=DIRECTION('',(1.,0.,0.));
#8892=DIRECTION('',(0.,0.,1.));
#8893=DIRECTION('',(1.,0.,0.));
#8894=DIRECTION('',(0.,0.,1.));
#8895=DIRECTION('',(1.,0.,0.));
#8896=DIRECTION('',(0.,0.,1.));
#8897=DIRECTION('',(0.5,0.866025403784439,0.));
#8898=DIRECTION('',(0.,0.,1.));
#8899=DIRECTION('',(-0.5,0.866025403784439,0.));
#8900=DIRECTION('',(0.,0.,1.));
#8901=DIRECTION('',(-1.,1.22464679914735E-16,0.));
#8902=DIRECTION('',(0.,0.,1.));
#8903=DIRECTION('',(-0.5,-0.866025403784438,0.));
#8904=DIRECTION('',(0.,0.,1.));
#8905=DIRECTION('',(0.499999999999999,-0.866025403784439,0.));
#8906=DIRECTION('',(0.,0.,1.));
#8907=DIRECTION('',(1.,0.,0.));
#8908=CARTESIAN_POINT('',(0.,0.,0.));
#8909=CARTESIAN_POINT('',(0.,0.,0.));
#8910=CARTESIAN_POINT('',(0.,0.,0.));
#8911=CARTESIAN_POINT('Origin',(-27.1349176125458,27.4836524306526,9.55));
#8912=CARTESIAN_POINT('',(-3.24576713023856,41.507,9.75));
#8913=CARTESIAN_POINT('',(-33.4891171364827,24.045993732699,9.75));
#8914=CARTESIAN_POINT('',(-27.2349176125459,27.6568575114095,9.75));
#8915=CARTESIAN_POINT('',(-32.9427069749689,23.8995835711852,9.35));
#8916=CARTESIAN_POINT('',(-33.4891171364827,24.045993732699,9.75));
#8917=CARTESIAN_POINT('',(-3.13858745326611,41.107,9.35));
#8918=CARTESIAN_POINT('',(-27.0349176125458,27.3104473498957,9.35));
#8919=CARTESIAN_POINT('',(-3.24576713023856,41.507,9.75));
#8920=CARTESIAN_POINT('Origin',(-22.5431110245557,5.48695500688205,9.55));
#8921=CARTESIAN_POINT('',(-30.8434851279805,19.4636246758427,9.75));
#8922=CARTESIAN_POINT('',(-22.7163161053126,5.38695500688204,9.75));
#8923=CARTESIAN_POINT('',(-30.3816049126288,19.4636246758427,9.35));
#8924=CARTESIAN_POINT('',(-30.8434851279805,19.4636246758427,9.75));
#8925=CARTESIAN_POINT('',(-22.3699059437988,5.58695500688205,9.35));
#8926=CARTESIAN_POINT('Origin',(-31.800100715404,17.4067178751129,9.55));
#8927=CARTESIAN_POINT('',(-32.2705309829957,16.9919087502258,9.75));
#8928=CARTESIAN_POINT('',(-31.9733057961609,17.5067178751129,9.75));
#8929=CARTESIAN_POINT('',(-32.0395908753199,16.5919087502258,9.35));
#8930=CARTESIAN_POINT('',(-32.2705309829957,16.9919087502258,9.75));
#8931=CARTESIAN_POINT('',(-31.6268956346471,17.3067178751129,9.35));
#8932=CARTESIAN_POINT('Origin',(-18.5845,16.7919087502258,9.55));
#8933=CARTESIAN_POINT('',(-37.569,16.9919087502259,9.75));
#8934=CARTESIAN_POINT('',(-18.5845,16.9919087502258,9.75));
#8935=CARTESIAN_POINT('',(-37.169,16.5919087502259,9.35));
#8936=CARTESIAN_POINT('',(-37.569,16.9919087502259,9.75));
#8937=CARTESIAN_POINT('',(-18.5845,16.5919087502258,9.35));
#8938=CARTESIAN_POINT('Origin',(-37.369,-9.75770176673619,9.55));
#8939=CARTESIAN_POINT('',(-37.569,-17.9425832104449,9.75));
#8940=CARTESIAN_POINT('',(-37.569,-9.75770176673619,9.75));
#8941=CARTESIAN_POINT('',(-37.169,-17.8354035334724,9.35));
#8942=CARTESIAN_POINT('',(-37.569,-17.9425832104449,9.75));
#8943=CARTESIAN_POINT('',(-37.169,-9.75770176673619,9.35));
#8944=CARTESIAN_POINT('Origin',(-34.9882644908074,-22.0125482332637,9.55));
#8945=CARTESIAN_POINT('',(-34.3232328697615,-23.5644167895551,9.75));
#8946=CARTESIAN_POINT('',(-35.1614695715642,-22.1125482332637,9.75));
#8947=CARTESIAN_POINT('',(-34.0304125467339,-23.2715964665276,9.35));
#8948=CARTESIAN_POINT('',(-34.3232328697615,-23.5644167895551,9.75));
#8949=CARTESIAN_POINT('',(-34.8150594100505,-21.9125482332637,9.35));
#8950=CARTESIAN_POINT('Origin',(-10.2340823874542,-37.2413541973888,9.55));
#8951=CARTESIAN_POINT('',(-4.07988286351737,-41.0254230568563,9.75));
#8952=CARTESIAN_POINT('',(-10.3340823874542,-37.4145592781457,9.75));
#8953=CARTESIAN_POINT('',(-4.22629302503115,-40.4790128953425,9.35));
#8954=CARTESIAN_POINT('',(-4.07988286351737,-41.0254230568563,9.75));
#8955=CARTESIAN_POINT('',(-10.1340823874542,-37.0681491166319,9.35));
#8956=CARTESIAN_POINT('Origin',(6.51971308689579,-22.2663843310393,9.55));
#8957=CARTESIAN_POINT('',(-1.4342508550152,-36.443054,9.75));
#8958=CARTESIAN_POINT('',(6.69291816765268,-22.3663843310393,9.75));
#8959=CARTESIAN_POINT('',(-1.66519096269105,-36.043054,9.35));
#8960=CARTESIAN_POINT('',(-1.4342508550152,-36.443054,9.75));
#8961=CARTESIAN_POINT('',(6.3465080061389,-22.1663843310393,9.35));
#8962=CARTESIAN_POINT('Origin',(0.825390481345526,-36.243054,9.55));
#8963=CARTESIAN_POINT('',(1.4198408550152,-36.443054,9.75));
#8964=CARTESIAN_POINT('',(0.825390481345526,-36.443054,9.75));
#8965=CARTESIAN_POINT('',(1.65078096269105,-36.043054,9.35));
#8966=CARTESIAN_POINT('',(1.4198408550152,-36.443054,9.75));
#8967=CARTESIAN_POINT('',(0.825390481345526,-36.043054,9.35));
#8968=CARTESIAN_POINT('Origin',(-5.24996955572573,-24.4906034917448,9.55));
#8969=CARTESIAN_POINT('',(4.06907536351734,-41.0316627698905,9.75));
#8970=CARTESIAN_POINT('',(-5.42317463648262,-24.5906034917448,9.75));
#8971=CARTESIAN_POINT('',(4.21548552503111,-40.4852526083767,9.35));
#8972=CARTESIAN_POINT('',(4.06907536351734,-41.0316627698905,9.75));
#8973=CARTESIAN_POINT('',(-5.07676447496884,-24.3906034917448,9.35));
#8974=CARTESIAN_POINT('Origin',(27.1349176125458,-27.4836524306526,9.55));
#8975=CARTESIAN_POINT('',(34.0304125467338,-23.2715964665276,9.35));
#8976=CARTESIAN_POINT('',(27.0349176125458,-27.3104473498957,9.35));
#8977=CARTESIAN_POINT('',(34.3232328697614,-23.5644167895552,9.75));
#8978=CARTESIAN_POINT('',(27.2349176125458,-27.6568575114095,9.75));
#8979=CARTESIAN_POINT('',(34.3232328697614,-23.5644167895552,9.75));
#8980=CARTESIAN_POINT('Origin',(36.5575582174403,-19.2944517667363,9.55));
#8981=CARTESIAN_POINT('',(37.169,-17.8354035334725,9.35));
#8982=CARTESIAN_POINT('',(36.3843531366835,-19.1944517667363,9.35));
#8983=CARTESIAN_POINT('',(37.569,-17.942583210445,9.75));
#8984=CARTESIAN_POINT('',(36.7307632981972,-19.3944517667363,9.75));
#8985=CARTESIAN_POINT('',(37.569,-17.942583210445,9.75));
#8986=CARTESIAN_POINT('Origin',(37.369,9.7577017667362,9.55));
#8987=CARTESIAN_POINT('',(37.169,16.5794293241573,9.35));
#8988=CARTESIAN_POINT('',(37.169,9.7577017667362,9.35));
#8989=CARTESIAN_POINT('',(37.569,16.9794293241573,9.75));
#8990=CARTESIAN_POINT('',(37.569,9.7577017667362,9.75));
#8991=CARTESIAN_POINT('',(37.569,16.9794293241573,9.75));
#8992=CARTESIAN_POINT('Origin',(16.0233979376599,16.7794293241573,9.55));
#8993=CARTESIAN_POINT('',(32.0467958753199,16.5794293241573,9.35));
#8994=CARTESIAN_POINT('',(16.0233979376599,16.5794293241573,9.35));
#8995=CARTESIAN_POINT('',(32.2777359829957,16.9794293241573,9.75));
#8996=CARTESIAN_POINT('',(16.0233979376599,16.9794293241573,9.75));
#8997=CARTESIAN_POINT('',(32.2777359829957,16.9794293241573,9.75));
#8998=CARTESIAN_POINT('Origin',(30.9747102340585,18.8363361248871,9.55));
#8999=CARTESIAN_POINT('',(30.3888099126288,19.4511452497742,9.35));
#9000=CARTESIAN_POINT('',(30.8015051533016,18.7363361248871,9.35));
#9001=CARTESIAN_POINT('',(30.8506901279805,19.4511452497742,9.75));
#9002=CARTESIAN_POINT('',(31.1479153148153,18.9363361248871,9.75));
#9003=CARTESIAN_POINT('',(30.8506901279805,19.4511452497742,9.75));
#9004=CARTESIAN_POINT('Origin',(23.8344695557257,7.69869474151899,9.55));
#9005=CARTESIAN_POINT('',(32.9535144749689,23.8933438581509,9.35));
#9006=CARTESIAN_POINT('',(23.6612644749688,7.79869474151899,9.35));
#9007=CARTESIAN_POINT('',(33.4999246364827,24.0397540196646,9.75));
#9008=CARTESIAN_POINT('',(24.0076746364826,7.59869474151899,9.75));
#9009=CARTESIAN_POINT('',(33.4999246364827,24.0397540196646,9.75));
#9010=CARTESIAN_POINT('Origin',(10.2340823874542,37.2413541973888,9.55));
#9011=CARTESIAN_POINT('',(3.13858745326617,41.107,9.35));
#9012=CARTESIAN_POINT('',(10.1340823874542,37.0681491166319,9.35));
#9013=CARTESIAN_POINT('',(3.24576713023858,41.507,9.75));
#9014=CARTESIAN_POINT('',(10.3340823874542,37.4145592781457,9.75));
#9015=CARTESIAN_POINT('',(3.24576713023858,41.507,9.75));
#9016=CARTESIAN_POINT('Origin',(-1.56929372663299,41.307,9.55));
#9017=CARTESIAN_POINT('',(-1.56929372663299,41.107,9.35));
#9018=CARTESIAN_POINT('',(-1.56929372663299,41.507,9.75));
#9019=CARTESIAN_POINT('Origin',(35.4853352250917,-22.4315964665276,7.75));
#9020=CARTESIAN_POINT('',(34.0304125467338,-23.2715964665276,7.75));
#9021=CARTESIAN_POINT('',(34.0304125467338,-23.2715964665276,7.75));
#9022=CARTESIAN_POINT('',(4.21548552503112,-40.4852526083767,7.75));
#9023=CARTESIAN_POINT('',(1.68366477490827,-41.947,7.75));
#9024=CARTESIAN_POINT('',(4.21548552503111,-40.4852526083767,7.75));
#9025=CARTESIAN_POINT('Origin',(37.169,-17.8354035334725,7.75));
#9026=CARTESIAN_POINT('',(37.169,-17.8354035334725,7.75));
#9027=CARTESIAN_POINT('',(37.169,-17.8354035334725,7.75));
#9028=CARTESIAN_POINT('',(34.0304125467338,-23.2715964665276,7.75));
#9029=CARTESIAN_POINT('Origin',(37.169,19.5154035334724,7.75));
#9030=CARTESIAN_POINT('',(37.1690000000001,16.5794293241573,7.75));
#9031=CARTESIAN_POINT('',(37.169,16.5794293241573,7.75));
#9032=CARTESIAN_POINT('',(37.169,-19.5154035334725,7.75));
#9033=CARTESIAN_POINT('Origin',(32.0467958753199,16.5794293241573,7.75));
#9034=CARTESIAN_POINT('',(32.0467958753199,16.5794293241573,7.11));
#9035=CARTESIAN_POINT('',(32.0467958753199,16.5794293241573,7.75));
#9036=CARTESIAN_POINT('',(36.769,16.5794293241573,7.11));
#9037=CARTESIAN_POINT('',(37.1690000000001,16.5794293241573,7.11));
#9038=CARTESIAN_POINT('',(36.769,16.5794293241573,7.75));
#9039=CARTESIAN_POINT('',(36.769,16.5794293241573,7.75));
#9040=CARTESIAN_POINT('',(16.0233979376599,16.5794293241573,7.75));
#9041=CARTESIAN_POINT('Origin',(30.3888099126288,19.4511452497742,7.75));
#9042=CARTESIAN_POINT('',(30.3888099126288,19.4511452497742,7.11));
#9043=CARTESIAN_POINT('',(30.3888099126288,19.4511452497742,7.75));
#9044=CARTESIAN_POINT('',(32.0467958753199,16.5794293241573,7.11));
#9045=CARTESIAN_POINT('Origin',(32.9535144749689,23.8933438581509,7.75));
#9046=CARTESIAN_POINT('',(32.9535144749689,23.8933438581509,7.75));
#9047=CARTESIAN_POINT('',(32.9535144749689,23.8933438581509,7.75));
#9048=CARTESIAN_POINT('',(32.7535144749689,23.5469336966371,7.75));
#9049=CARTESIAN_POINT('',(23.6612644749688,7.79869474151899,7.75));
#9050=CARTESIAN_POINT('',(32.7535144749689,23.5469336966371,7.11));
#9051=CARTESIAN_POINT('',(32.7535144749689,23.5469336966371,7.75));
#9052=CARTESIAN_POINT('',(30.3888099126288,19.4511452497742,7.11));
#9053=CARTESIAN_POINT('Origin',(1.68366477490831,41.947,7.75));
#9054=CARTESIAN_POINT('',(3.1385874532662,41.107,7.75));
#9055=CARTESIAN_POINT('',(3.13858745326617,41.107,7.75));
#9056=CARTESIAN_POINT('',(35.4853352250918,22.4315964665276,7.75));
#9057=CARTESIAN_POINT('Origin',(-3.13858745326605,41.107,7.75));
#9058=CARTESIAN_POINT('',(-3.13858745326605,41.107,7.75));
#9059=CARTESIAN_POINT('',(-3.13858745326611,41.107,7.75));
#9060=CARTESIAN_POINT('',(3.1385874532662,41.107,7.75));
#9061=CARTESIAN_POINT('Origin',(-35.4853352250917,22.4315964665276,7.75));
#9062=CARTESIAN_POINT('',(-32.9427069749689,23.8995835711852,7.75));
#9063=CARTESIAN_POINT('',(-32.9427069749689,23.8995835711852,7.75));
#9064=CARTESIAN_POINT('',(-1.68366477490829,41.947,7.75));
#9065=CARTESIAN_POINT('Origin',(0.,-8.88178419700125E-15,9.75));
#9066=CARTESIAN_POINT('',(-38.2041533275417,-26.7277648381671,9.75));
#9067=CARTESIAN_POINT('',(-34.6793373076792,-24.6927113602556,9.75));
#9068=CARTESIAN_POINT('',(-7.26572289728574,-8.8654537009541,9.75));
#9069=CARTESIAN_POINT('',(-4.04484667245845,-46.4496497308104,9.75));
#9070=CARTESIAN_POINT('',(-11.8990326901741,-41.9150333192168,9.75));
#9071=CARTESIAN_POINT('',(-4.04484667245845,-42.3795427749874,9.75));
#9072=CARTESIAN_POINT('',(-4.04484667245845,-23.5135,9.75));
#9073=CARTESIAN_POINT('',(-3.42711157052955,-41.9470000000001,9.75));
#9074=CARTESIAN_POINT('',(7.4813674416259,-34.3088007652864,9.75));
#9075=CARTESIAN_POINT('',(3.42711157052934,-41.947,9.75));
#9076=CARTESIAN_POINT('',(-0.841832387453859,-41.947,9.75));
#9077=CARTESIAN_POINT('',(4.04484667245836,-42.3795427749874,9.75));
#9078=CARTESIAN_POINT('',(-8.16195839040096,-33.832245852517,9.75));
#9079=CARTESIAN_POINT('',(4.04484667245838,-46.4496497308104,9.75));
#9080=CARTESIAN_POINT('',(4.04484667245822,-21.4500549127696,9.75));
#9081=CARTESIAN_POINT('',(38.2041533275416,-26.7277648381672,9.75));
#9082=CARTESIAN_POINT('',(30.3499673098259,-31.2623812497607,9.75));
#9083=CARTESIAN_POINT('',(34.6793373076792,-24.6927113602557,9.75));
#9084=CARTESIAN_POINT('',(8.15922082971348,-9.38131497276198,9.75));
#9085=CARTESIAN_POINT('',(34.6136118272811,-23.9414656816822,9.75));
#9086=CARTESIAN_POINT('',(32.8624816855258,-3.92595657247671,9.75));
#9087=CARTESIAN_POINT('',(38.0407233978105,-18.005534318318,9.75));
#9088=CARTESIAN_POINT('',(35.906251418819,-21.7025482332636,9.75));
#9089=CARTESIAN_POINT('',(38.7241839801375,-17.6868314147318,9.75));
#9090=CARTESIAN_POINT('',(19.4547169011103,-26.672331482248,9.75));
#9091=CARTESIAN_POINT('',(42.249,-19.7218848926433,9.75));
#9092=CARTESIAN_POINT('',(11.3105695697439,-1.85957375543067,9.75));
#9093=CARTESIAN_POINT('',(42.2490000000001,19.7218848926432,9.75));
#9094=CARTESIAN_POINT('',(42.249,10.6526520694561,9.75));
#9095=CARTESIAN_POINT('',(38.7241839801376,17.6868314147317,9.75));
#9096=CARTESIAN_POINT('',(12.2040675021719,2.37543502723803,9.75));
#9097=CARTESIAN_POINT('',(38.0407233978107,18.0055343183179,9.75));
#9098=CARTESIAN_POINT('',(19.8312189686822,26.4967656848278,9.75));
#9099=CARTESIAN_POINT('',(34.6136118272812,23.941465681682,9.75));
#9100=CARTESIAN_POINT('',(36.7480838062728,20.2444517667365,9.75));
#9101=CARTESIAN_POINT('',(34.6793373076792,24.6927113602556,9.75));
#9102=CARTESIAN_POINT('',(32.8262750923414,3.51211331867194,9.75));
#9103=CARTESIAN_POINT('',(38.2041533275416,26.7277648381671,9.75));
#9104=CARTESIAN_POINT('',(7.26572289728573,8.8654537009541,9.75));
#9105=CARTESIAN_POINT('',(4.04484667245845,46.4496497308104,9.75));
#9106=CARTESIAN_POINT('',(11.8990326901741,41.9150333192168,9.75));
#9107=CARTESIAN_POINT('',(4.04484667245845,42.3795427749874,9.75));
#9108=CARTESIAN_POINT('',(4.04484667245845,11.75675,9.75));
#9109=CARTESIAN_POINT('',(3.42711157052956,41.9470000000001,9.75));
#9110=CARTESIAN_POINT('',(-13.0312627168436,30.4227222573045,9.75));
#9111=CARTESIAN_POINT('',(-3.42711157052934,41.947,9.75));
#9112=CARTESIAN_POINT('',(0.841832387453864,41.947,9.75));
#9113=CARTESIAN_POINT('',(-4.04484667245835,42.3795427749874,9.75));
#9114=CARTESIAN_POINT('',(13.3715581912311,30.18444480092,9.75));
#9115=CARTESIAN_POINT('',(-4.04484667245838,46.4496497308104,9.75));
#9116=CARTESIAN_POINT('',(-4.04484667245815,10.7250274563848,9.75));
#9117=CARTESIAN_POINT('',(-38.2041533275416,26.7277648381672,9.75));
#9118=CARTESIAN_POINT('',(-30.3499673098259,31.2623812497607,9.75));
#9119=CARTESIAN_POINT('',(-34.6793373076791,24.6927113602557,9.75));
#9120=CARTESIAN_POINT('',(-8.15922082971348,9.38131497276198,9.75));
#9121=CARTESIAN_POINT('',(-34.6136118272811,23.9414656816822,9.75));
#9122=CARTESIAN_POINT('',(-32.8624816855258,3.92595657247671,9.75));
#9123=CARTESIAN_POINT('',(-38.0407233978105,18.005534318318,9.75));
#9124=CARTESIAN_POINT('',(-35.9062514188189,21.7025482332636,9.75));
#9125=CARTESIAN_POINT('',(-38.7241839801375,17.6868314147318,9.75));
#9126=CARTESIAN_POINT('',(-19.4547169011103,26.672331482248,9.75));
#9127=CARTESIAN_POINT('',(-42.249,19.7218848926433,9.75));
#9128=CARTESIAN_POINT('',(-11.3105695697439,1.85957375543067,9.75));
#9129=CARTESIAN_POINT('',(-42.2490000000001,-19.7218848926432,9.75));
#9130=CARTESIAN_POINT('',(-42.249,-10.6526520694561,9.75));
#9131=CARTESIAN_POINT('',(-38.7241839801376,-17.6868314147317,9.75));
#9132=CARTESIAN_POINT('',(-12.2040675021719,-2.37543502723802,9.75));
#9133=CARTESIAN_POINT('',(-38.0407233978107,-18.0055343183178,9.75));
#9134=CARTESIAN_POINT('',(-19.8312189686822,-26.4967656848278,9.75));
#9135=CARTESIAN_POINT('',(-34.6136118272812,-23.941465681682,9.75));
#9136=CARTESIAN_POINT('',(-36.7480838062728,-20.2444517667364,9.75));
#9137=CARTESIAN_POINT('',(-32.8262750923414,-3.51211331867193,9.75));
#9138=CARTESIAN_POINT('',(-34.8203728351384,17.6754531110491,9.75));
#9139=CARTESIAN_POINT('Origin',(-33.7653728351384,19.5027667130343,9.75));
#9140=CARTESIAN_POINT('',(32.7175778351384,21.3176008889509,9.75));
#9141=CARTESIAN_POINT('Origin',(33.7725778351384,19.4902872869657,9.75));
#9142=CARTESIAN_POINT('',(2.102795,-38.993054,9.75));
#9143=CARTESIAN_POINT('Origin',(-0.007205,-38.993054,9.75));
#9144=CARTESIAN_POINT('Origin',(-37.1690000000001,-19.5154035334723,9.75));
#9145=CARTESIAN_POINT('',(-37.1690000000001,-19.5154035334723,8.75));
#9146=CARTESIAN_POINT('',(-35.5528373043705,-22.3146794356001,6.89601432095467));
#9147=CARTESIAN_POINT('',(-38.3271676125459,-17.5093983848622,8.75));
#9148=CARTESIAN_POINT('',(-37.3271676125459,-19.2414491924311,8.75));
#9149=CARTESIAN_POINT('',(-38.3271676125459,-17.5093983848622,7.75));
#9150=CARTESIAN_POINT('',(-38.3271676125459,-17.5093983848622,7.75));
#9151=CARTESIAN_POINT('',(-34.3271676125459,-24.4376016151377,7.75));
#9152=CARTESIAN_POINT('',(-36.7480838062728,-20.2444517667364,7.75));
#9153=CARTESIAN_POINT('',(-34.3271676125459,-24.4376016151377,8.75));
#9154=CARTESIAN_POINT('',(-34.3271676125459,-24.4376016151377,7.75));
#9155=CARTESIAN_POINT('',(-35.4853352250917,-22.4315964665275,8.75));
#9156=CARTESIAN_POINT('',(-35.9062514188188,-21.7025482332637,8.75));
#9157=CARTESIAN_POINT('',(-37.8629635293539,-18.3134234420318,6.02249686054794));
#9158=CARTESIAN_POINT('Origin',(-40.2200883132705,-25.9817538141781,8.20450487116514));
#9159=CARTESIAN_POINT('',(-43.3313428514807,-22.1838931363884,8.15900974233027));
#9160=CARTESIAN_POINT('',(-42.2490000000001,-21.4736503140973,8.23292664354963));
#9161=CARTESIAN_POINT('',(-32.6193781783634,-15.1546084588854,8.89056650692188));
#9162=CARTESIAN_POINT('',(-40.877486436692,-26.4340971212812,8.15900974233027));
#9163=CARTESIAN_POINT('',(-41.0725153012138,-26.0962972189871,8.15900974233027));
#9164=CARTESIAN_POINT('',(-39.721226683992,-25.85188212744,8.23292664354963));
#9165=CARTESIAN_POINT('',(-28.3954339505993,-20.1489712277735,8.95695729561565));
#9166=CARTESIAN_POINT('',(-39.2041533275416,-26.1504145689774,8.25));
#9167=CARTESIAN_POINT('',(-39.6280528813888,-25.9056760474544,8.23600316939231));
#9168=CARTESIAN_POINT('',(-42.2490000000001,-20.8765854310224,8.25));
#9169=CARTESIAN_POINT('',(-39.5311693231127,-25.5840062497606,8.25));
#9170=CARTESIAN_POINT('',(-42.2490000000001,-21.1532339157036,8.24208910400811));
#9171=CARTESIAN_POINT('Origin',(-39.2041533275416,-26.1504145689775,9.75));
#9172=CARTESIAN_POINT('',(-39.2041533275416,-26.1504145689774,7.75));
#9173=CARTESIAN_POINT('',(-39.2041533275416,-26.1504145689774,9.75));
#9174=CARTESIAN_POINT('',(-42.2490000000001,-20.8765854310224,7.75));
#9175=CARTESIAN_POINT('',(-39.2041533275416,-26.1504145689775,7.75));
#9176=CARTESIAN_POINT('',(-42.2490000000001,-20.8765854310224,9.75));
#9177=CARTESIAN_POINT('Origin',(-33.8786609196068,-9.80408174416586,9.25));
#9178=CARTESIAN_POINT('',(-35.6301615978302,-24.086969481747,8.75));
#9179=CARTESIAN_POINT('',(-35.4670750049759,-22.2228811955435,8.75));
#9180=CARTESIAN_POINT('',(-35.6301615978302,-24.086969481747,8.75));
#9181=CARTESIAN_POINT('Origin',(-16.8038691308005,-13.7949547272543,9.25));
#9182=CARTESIAN_POINT('',(-39.2041533275416,-26.1504145689775,8.75));
#9183=CARTESIAN_POINT('',(-35.9423051998797,-24.2671856744161,8.75));
#9184=CARTESIAN_POINT('',(-36.0398270137215,-27.9773392180653,11.9143263138201));
#9185=CARTESIAN_POINT('',(-39.7815035967313,-26.7277648381671,8.96132486540519));
#9186=CARTESIAN_POINT('',(-33.9984505513489,-28.2773292314636,13.194813517491));
#9187=CARTESIAN_POINT('',(-19.5419913938982,-26.727764838167,19.0810809668217));
#9188=CARTESIAN_POINT('Origin',(-26.1829184461745,-24.0866085356553,9.25));
#9189=CARTESIAN_POINT('',(-38.6750082702886,-18.813140343792,8.75));
#9190=CARTESIAN_POINT('',(-37.7321212982565,-19.2528157596252,8.75));
#9191=CARTESIAN_POINT('',(-38.7241839801376,-17.6868314147317,9.75));
#9192=CARTESIAN_POINT('Origin',(-22.1357116681146,-8.68682272913024,9.25));
#9193=CARTESIAN_POINT('',(-43.0376751345949,-21.0879102964276,8.96132486540519));
#9194=CARTESIAN_POINT('',(-36.9655051300798,-10.5706033364119,15.0334948699202));
#9195=CARTESIAN_POINT('',(-41.825891823324,-16.5654734110007,12.2719784395612));
#9196=CARTESIAN_POINT('',(-42.2490000000001,-20.8765854310224,8.75));
#9197=CARTESIAN_POINT('',(-42.2490000000001,-16.2126518091125,12.7890849981384));
#9198=CARTESIAN_POINT('',(-40.7741477371938,-20.0250790800763,8.75));
#9199=CARTESIAN_POINT('Origin',(-31.3271676125459,-26.1696524227065,7.75));
#9200=CARTESIAN_POINT('',(-31.3271676125459,-26.1696524227065,7.75));
#9201=CARTESIAN_POINT('',(-25.2453757094093,-29.6809766151377,7.75));
#9202=CARTESIAN_POINT('',(-31.3271676125459,-26.1696524227065,8.75));
#9203=CARTESIAN_POINT('',(-31.3271676125459,-26.1696524227065,7.75));
#9204=CARTESIAN_POINT('',(-36.189593743949,-23.3623293868263,8.75));
#9205=CARTESIAN_POINT('Origin',(-35.249,-28.4339234073198,7.75));
#9206=CARTESIAN_POINT('',(-35.249,-28.4339234073199,8.75));
#9207=CARTESIAN_POINT('',(-32.8020198753521,-27.0211587736526,8.75));
#9208=CARTESIAN_POINT('',(-35.1690000000001,-28.3877353857847,7.75));
#9209=CARTESIAN_POINT('',(-15.8745000000001,-17.2480506169051,7.75));
#9210=CARTESIAN_POINT('',(-35.249,-28.4339234073199,7.75));
#9211=CARTESIAN_POINT('',(-32.8020198753521,-27.0211587736526,7.75));
#9212=CARTESIAN_POINT('',(-35.249,-28.4339234073199,7.75));
#9213=CARTESIAN_POINT('Origin',(-39.2041533275416,-26.1504145689775,7.75));
#9214=CARTESIAN_POINT('',(-37.6309680345396,-27.0586935213774,7.75));
#9215=CARTESIAN_POINT('',(-37.6309680345396,-27.0586935213774,8.75));
#9216=CARTESIAN_POINT('Origin',(-37.7768721381583,-21.8104872981077,8.75));
#9217=CARTESIAN_POINT('Origin',(-38.3271676125459,-17.5093983848622,7.75));
#9218=CARTESIAN_POINT('',(-38.3271676125459,-14.0452967697244,7.75));
#9219=CARTESIAN_POINT('',(-38.3271676125459,-8.75469919243107,7.75));
#9220=CARTESIAN_POINT('',(-38.3271676125459,-14.0452967697244,8.75));
#9221=CARTESIAN_POINT('',(-38.3271676125459,-17.9278920339161,8.75));
#9222=CARTESIAN_POINT('',(-38.3271676125459,-14.0452967697244,7.75));
#9223=CARTESIAN_POINT('Origin',(-42.2490000000001,-16.3095677543376,7.75));
#9224=CARTESIAN_POINT('',(-42.2490000000001,-16.3095677543376,7.75));
#9225=CARTESIAN_POINT('',(-42.2490000000001,-21.3435363645651,7.75));
#9226=CARTESIAN_POINT('',(-42.2490000000001,-16.3095677543376,8.75));
#9227=CARTESIAN_POINT('',(-42.2490000000001,-16.3095677543376,7.75));
#9228=CARTESIAN_POINT('',(-42.2490000000001,-21.3435363645651,8.75));
#9229=CARTESIAN_POINT('Origin',(-38.3271676125459,-14.0452967697244,7.75));
#9230=CARTESIAN_POINT('',(-41.7629360690792,-16.0289386129771,8.75));
#9231=CARTESIAN_POINT('',(-42.1690000000001,-16.2633797328025,7.75));
#9232=CARTESIAN_POINT('',(-41.7629360690792,-16.0289386129771,7.75));
#9233=CARTESIAN_POINT('',(-20.9135838062728,-3.99155947161681,7.75));
#9234=CARTESIAN_POINT('Origin',(-37.7768721381583,-21.8104872981077,8.75));
#9235=CARTESIAN_POINT('Origin',(-38.5268721381584,-22.2434999999999,7.75));
#9236=CARTESIAN_POINT('',(-39.1455892629361,-26.091850504372,7.75));
#9237=CARTESIAN_POINT('',(-39.1455892629361,-26.091850504372,7.75));
#9238=CARTESIAN_POINT('',(-42.169,-20.855149495628,7.75));
#9239=CARTESIAN_POINT('',(-42.169,-20.855149495628,7.75));
#9240=CARTESIAN_POINT('',(-42.169,20.8551494956281,7.75));
#9241=CARTESIAN_POINT('Origin',(0.,-8.88178419700125E-15,7.75));
#9242=CARTESIAN_POINT('',(-42.169,16.2633797328026,7.75));
#9243=CARTESIAN_POINT('',(-42.169,20.8551494956281,7.75));
#9244=CARTESIAN_POINT('',(-38.3271676125458,14.0452967697246,7.75));
#9245=CARTESIAN_POINT('',(-22.8744999999998,5.12369496392362,7.75));
#9246=CARTESIAN_POINT('',(-38.3271676125458,17.5093983848623,7.75));
#9247=CARTESIAN_POINT('',(-38.3271676125457,7.02264838486217,7.75));
#9248=CARTESIAN_POINT('',(-34.3271676125458,24.4376016151378,7.75));
#9249=CARTESIAN_POINT('',(-35.9062514188189,21.7025482332636,7.75));
#9250=CARTESIAN_POINT('',(-31.3271676125458,26.1696524227067,7.75));
#9251=CARTESIAN_POINT('',(-26.7453757094094,28.8149512113534,7.75));
#9252=CARTESIAN_POINT('',(-35.169,28.3877353857848,7.75));
#9253=CARTESIAN_POINT('',(-13.913583806273,16.1159151245987,7.75));
#9254=CARTESIAN_POINT('',(-6.99999999999999,44.6511151185873,7.75));
#9255=CARTESIAN_POINT('',(-3.02341073706387,46.947,7.75));
#9256=CARTESIAN_POINT('',(-6.99999999999992,40.2149491924311,7.75));
#9257=CARTESIAN_POINT('',(-6.99999999999964,22.3717455808288,7.75));
#9258=CARTESIAN_POINT('',(-3.99999999999995,41.947,7.75));
#9259=CARTESIAN_POINT('',(-13.0817919031365,36.7036249999999,7.75));
#9260=CARTESIAN_POINT('',(4.00000000000005,41.947,7.75));
#9261=CARTESIAN_POINT('',(0.841832387453864,41.947,7.75));
#9262=CARTESIAN_POINT('',(7.00000000000004,40.2149491924311,7.75));
#9263=CARTESIAN_POINT('',(11.5817919031365,37.5696504037844,7.75));
#9264=CARTESIAN_POINT('',(7.00000000000008,44.6511151185873,7.75));
#9265=CARTESIAN_POINT('',(6.99999999999984,20.1074745962155,7.75));
#9266=CARTESIAN_POINT('',(35.169,28.3877353857847,7.75));
#9267=CARTESIAN_POINT('',(39.1455892629361,26.091850504372,7.75));
#9268=CARTESIAN_POINT('',(31.3271676125459,26.1696524227065,7.75));
#9269=CARTESIAN_POINT('',(15.8745000000001,17.2480506169051,7.75));
#9270=CARTESIAN_POINT('',(34.3271676125458,24.4376016151377,7.75));
#9271=CARTESIAN_POINT('',(25.2453757094093,29.6809766151377,7.75));
#9272=CARTESIAN_POINT('',(38.3271676125459,17.5093983848622,7.75));
#9273=CARTESIAN_POINT('',(36.7480838062728,20.2444517667365,7.75));
#9274=CARTESIAN_POINT('',(38.3271676125459,14.0452967697245,7.75));
#9275=CARTESIAN_POINT('',(38.3271676125459,8.75469919243109,7.75));
#9276=CARTESIAN_POINT('',(42.1690000000001,16.2633797328025,7.75));
#9277=CARTESIAN_POINT('',(20.9135838062728,3.99155947161682,7.75));
#9278=CARTESIAN_POINT('',(42.169,-16.2633797328026,7.75));
#9279=CARTESIAN_POINT('',(42.169,-20.8551494956281,7.75));
#9280=CARTESIAN_POINT('',(38.3271676125458,-14.0452967697245,7.75));
#9281=CARTESIAN_POINT('',(22.8744999999998,-5.12369496392362,7.75));
#9282=CARTESIAN_POINT('',(38.3271676125458,-17.5093983848623,7.75));
#9283=CARTESIAN_POINT('',(38.3271676125457,-7.02264838486216,7.75));
#9284=CARTESIAN_POINT('',(34.3271676125458,-24.4376016151378,7.75));
#9285=CARTESIAN_POINT('',(35.906251418819,-21.7025482332636,7.75));
#9286=CARTESIAN_POINT('',(31.3271676125458,-26.1696524227067,7.75));
#9287=CARTESIAN_POINT('',(26.7453757094094,-28.8149512113533,7.75));
#9288=CARTESIAN_POINT('',(35.169,-28.3877353857848,7.75));
#9289=CARTESIAN_POINT('',(13.913583806273,-16.1159151245987,7.75));
#9290=CARTESIAN_POINT('',(6.99999999999999,-44.6511151185873,7.75));
#9291=CARTESIAN_POINT('',(3.02341073706391,-46.947,7.75));
#9292=CARTESIAN_POINT('',(6.99999999999992,-40.2149491924311,7.75));
#9293=CARTESIAN_POINT('',(6.99999999999964,-22.3717455808288,7.75));
#9294=CARTESIAN_POINT('',(3.99999999999995,-41.947,7.75));
#9295=CARTESIAN_POINT('',(13.0817919031365,-36.7036249999999,7.75));
#9296=CARTESIAN_POINT('',(-4.00000000000005,-41.947,7.75));
#9297=CARTESIAN_POINT('',(2.0000000000003,-41.947,7.75));
#9298=CARTESIAN_POINT('',(-7.00000000000003,-40.2149491924311,7.75));
#9299=CARTESIAN_POINT('',(-11.5817919031365,-37.5696504037845,7.75));
#9300=CARTESIAN_POINT('',(-7.00000000000008,-44.6511151185873,7.75));
#9301=CARTESIAN_POINT('',(-6.99999999999984,-20.1074745962155,7.75));
#9302=CARTESIAN_POINT('',(-39.1455892629361,-26.091850504372,7.75));
#9303=CARTESIAN_POINT('',(-35.7838907445023,18.8882055284666,7.75));
#9304=CARTESIAN_POINT('',(-34.2424061918049,21.5581350928211,7.75));
#9305=CARTESIAN_POINT('Origin',(-33.7653728351384,19.5027667130343,7.75));
#9306=CARTESIAN_POINT('',(-36.5129583295922,18.9717010385012,7.75));
#9307=CARTESIAN_POINT('Origin',(-36.1665481680784,18.7717010385012,7.75));
#9308=CARTESIAN_POINT('',(-37.1154101615138,17.9282238565,7.75));
#9309=CARTESIAN_POINT('',(-36.3843531366835,19.1944517667362,7.75));
#9310=CARTESIAN_POINT('',(-37.169,17.7282238565,7.75));
#9311=CARTESIAN_POINT('Origin',(-36.769,17.7282238565,7.75));
#9312=CARTESIAN_POINT('',(-37.169,16.9919087502259,7.75));
#9313=CARTESIAN_POINT('',(-37.169,8.29595437511295,7.75));
#9314=CARTESIAN_POINT('',(-36.769,16.5919087502259,7.75));
#9315=CARTESIAN_POINT('Origin',(-36.769,16.9919087502259,7.75));
#9316=CARTESIAN_POINT('',(-37.169,16.5919087502259,7.75));
#9317=CARTESIAN_POINT('',(-18.5845,16.5919087502258,7.75));
#9318=CARTESIAN_POINT('',(-37.1690000000001,-17.8354035334724,7.75));
#9319=CARTESIAN_POINT('',(-37.169,19.5154035334724,7.75));
#9320=CARTESIAN_POINT('',(-34.0304125467339,-23.2715964665275,7.75));
#9321=CARTESIAN_POINT('',(-37.1690000000001,-17.8354035334724,7.75));
#9322=CARTESIAN_POINT('',(-4.22629302503114,-40.4790128953425,7.75));
#9323=CARTESIAN_POINT('',(-35.4853352250917,-22.4315964665276,7.75));
#9324=CARTESIAN_POINT('',(-4.02629302503114,-40.1326027338287,7.75));
#9325=CARTESIAN_POINT('',(6.3465080061389,-22.1663843310393,7.75));
#9326=CARTESIAN_POINT('',(-3.87988286351737,-40.6790128953425,7.75));
#9327=CARTESIAN_POINT('Origin',(-3.67988286351737,-40.3326027338287,7.75));
#9328=CARTESIAN_POINT('',(-3.23140777629377,-41.0534101615138,7.75));
#9329=CARTESIAN_POINT('',(-10.8615437266331,-36.6481491166319,7.75));
#9330=CARTESIAN_POINT('',(-3.03140777629377,-41.107,7.75));
#9331=CARTESIAN_POINT('Origin',(-3.03140777629377,-40.707,7.75));
#9332=CARTESIAN_POINT('',(-1.84091411245047,-41.107,7.75));
#9333=CARTESIAN_POINT('',(-0.632618984101151,-41.107,7.75));
#9334=CARTESIAN_POINT('',(-1.54868955269741,-40.4338611952192,7.75));
#9335=CARTESIAN_POINT('Origin',(-1.84091411245047,-40.707,7.75));
#9336=CARTESIAN_POINT('',(1.53427955269741,-40.4338611952192,7.75));
#9337=CARTESIAN_POINT('Origin',(-0.007205,-38.993054,7.75));
#9338=CARTESIAN_POINT('',(1.82650411245047,-41.107,7.75));
#9339=CARTESIAN_POINT('Origin',(1.82650411245047,-40.707,7.75));
#9340=CARTESIAN_POINT('',(3.03140777629369,-41.107,7.75));
#9341=CARTESIAN_POINT('',(1.56929372663307,-41.107,7.75));
#9342=CARTESIAN_POINT('',(3.23140777629369,-41.0534101615138,7.75));
#9343=CARTESIAN_POINT('Origin',(3.03140777629369,-40.707,7.75));
#9344=CARTESIAN_POINT('',(3.86907536351734,-40.6852526083767,7.75));
#9345=CARTESIAN_POINT('',(11.3999927625156,-36.3372754208203,7.75));
#9346=CARTESIAN_POINT('',(4.01548552503112,-40.138842446863,7.75));
#9347=CARTESIAN_POINT('Origin',(3.66907536351734,-40.338842446863,7.75));
#9348=CARTESIAN_POINT('',(-5.07676447496884,-24.3906034917448,7.75));
#9349=CARTESIAN_POINT('',(37.1690000000001,16.9794293241573,7.75));
#9350=CARTESIAN_POINT('Origin',(36.769,16.9794293241573,7.75));
#9351=CARTESIAN_POINT('',(37.1690000000001,17.7282238564999,7.75));
#9352=CARTESIAN_POINT('',(37.169,8.91770176673616,7.75));
#9353=CARTESIAN_POINT('',(37.1154101615138,17.9282238564999,7.75));
#9354=CARTESIAN_POINT('Origin',(36.769,17.7282238564999,7.75));
#9355=CARTESIAN_POINT('',(36.5201633295922,18.9592216124326,7.75));
#9356=CARTESIAN_POINT('',(35.9160157654175,20.0056358888521,7.75));
#9357=CARTESIAN_POINT('',(35.7910957445023,18.8757261023981,7.75));
#9358=CARTESIAN_POINT('Origin',(36.1737531680784,18.7592216124326,7.75));
#9359=CARTESIAN_POINT('',(34.2496111918049,21.5456556667525,7.75));
#9360=CARTESIAN_POINT('Origin',(33.7725778351384,19.4902872869657,7.75));
#9361=CARTESIAN_POINT('',(34.6864542171417,22.1352989614989,7.75));
#9362=CARTESIAN_POINT('Origin',(34.3400440556279,21.9352989614989,7.75));
#9363=CARTESIAN_POINT('',(34.0840023852201,23.1787761435,7.75));
#9364=CARTESIAN_POINT('',(34.8150594100504,21.9125482332638,7.75));
#9365=CARTESIAN_POINT('',(33.9375922237063,23.3251863050138,7.75));
#9366=CARTESIAN_POINT('Origin',(33.7375922237063,22.9787761435,7.75));
#9367=CARTESIAN_POINT('',(33.2999246364827,23.6933438581509,7.75));
#9368=CARTESIAN_POINT('',(25.7690072374845,28.0413210457074,7.75));
#9369=CARTESIAN_POINT('Origin',(33.0999246364827,23.3469336966371,7.75));
#9370=CARTESIAN_POINT('',(-32.7427069749689,23.5531734096714,7.75));
#9371=CARTESIAN_POINT('',(-22.3699059437988,5.58695500688204,7.75));
#9372=CARTESIAN_POINT('',(-33.2891171364827,23.6995835711852,7.75));
#9373=CARTESIAN_POINT('Origin',(-33.0891171364827,23.3531734096714,7.75));
#9374=CARTESIAN_POINT('',(-33.9375922237063,23.3251863050139,7.75));
#9375=CARTESIAN_POINT('',(-26.3074562733669,27.7304473498958,7.75));
#9376=CARTESIAN_POINT('',(-34.0840023852201,23.1787761435001,7.75));
#9377=CARTESIAN_POINT('Origin',(-33.7375922237063,22.9787761435001,7.75));
#9378=CARTESIAN_POINT('',(-34.6792492171417,22.1477783875674,7.75));
#9379=CARTESIAN_POINT('',(-35.2833967813164,21.1013641111479,7.75));
#9380=CARTESIAN_POINT('Origin',(-34.3328390556279,21.9477783875674,7.75));
#9381=CARTESIAN_POINT('Origin',(-12.2990326901741,-42.6078536422444,8.95));
#9382=CARTESIAN_POINT('',(-40.3754346196518,-27.3216958610877,8.15));
#9383=CARTESIAN_POINT('',(-39.2041533275416,-26.1504145689775,9.75));
#9384=CARTESIAN_POINT('',(-3.47356538034825,-48.627,8.15));
#9385=CARTESIAN_POINT('',(-12.6990326901742,-43.3006739652719,8.15));
#9386=CARTESIAN_POINT('',(-3.25617153786364,-47.8156751345948,8.96132486540519));
#9387=CARTESIAN_POINT('',(-3.04484667245845,-47.027,9.75));
#9388=CARTESIAN_POINT('',(-9.32834154237865,-37.298368174579,15.0334948699202));
#9389=CARTESIAN_POINT('Origin',(-40.5510056417113,-25.4175979305438,8.95));
#9390=CARTESIAN_POINT('',(-43.849,-21.3053041389123,8.15));
#9391=CARTESIAN_POINT('',(-42.249,-20.8765854310225,9.75));
#9392=CARTESIAN_POINT('',(-41.2438259647389,-25.8175979305438,8.15));
#9393=CARTESIAN_POINT('Origin',(-43.049,-10.6526520694561,8.95));
#9394=CARTESIAN_POINT('',(-43.0376751345948,21.0879102964278,8.96132486540519));
#9395=CARTESIAN_POINT('',(-32.9179190331782,3.55997856856923,19.0810809668218));
#9396=CARTESIAN_POINT('',(-43.849,21.3053041389123,8.15));
#9397=CARTESIAN_POINT('',(-42.249,20.8765854310226,9.75));
#9398=CARTESIAN_POINT('',(-43.849,-10.6526520694561,8.15));
#9399=CARTESIAN_POINT('Origin',(-35.4853352250917,22.4315964665277,9.75));
#9400=CARTESIAN_POINT('',(-35.4853352250917,22.4315964665277,8.75));
#9401=CARTESIAN_POINT('',(-37.1014979207212,19.6323205643999,6.89601432095467));
#9402=CARTESIAN_POINT('',(-34.3271676125458,24.4376016151378,8.75));
#9403=CARTESIAN_POINT('',(-35.3271676125458,22.7055508075689,8.75));
#9404=CARTESIAN_POINT('',(-34.3271676125458,24.4376016151378,7.75));
#9405=CARTESIAN_POINT('',(-38.3271676125458,17.5093983848623,8.75));
#9406=CARTESIAN_POINT('',(-38.3271676125458,17.5093983848623,7.75));
#9407=CARTESIAN_POINT('',(-37.169,19.5154035334725,8.75));
#9408=CARTESIAN_POINT('',(-36.7480838062729,20.2444517667363,8.75));
#9409=CARTESIAN_POINT('',(-34.791371695738,23.6335765579682,6.02249686054794));
#9410=CARTESIAN_POINT('Origin',(-42.6109029945867,21.8407413146568,8.20450487116514));
#9411=CARTESIAN_POINT('',(-40.877486436692,26.4340971212813,8.15900974233027));
#9412=CARTESIAN_POINT('',(-39.721226683992,25.8518821274402,8.23292664354963));
#9413=CARTESIAN_POINT('',(-29.433964998983,20.6719059286717,8.89056650692188));
#9414=CARTESIAN_POINT('',(-43.3313428514807,22.1838931363885,8.15900974233027));
#9415=CARTESIAN_POINT('',(-43.1363139869589,22.5216930386826,8.15900974233027));
#9416=CARTESIAN_POINT('',(-42.249,21.4736503140974,8.23292664354963));
#9417=CARTESIAN_POINT('',(-31.6472379186732,14.5166815388153,8.95695729561565));
#9418=CARTESIAN_POINT('',(-42.249,20.8765854310226,8.25));
#9419=CARTESIAN_POINT('',(-42.249,21.3660624740686,8.23600316939231));
#9420=CARTESIAN_POINT('',(-39.2041533275416,26.1504145689776,8.25));
#9421=CARTESIAN_POINT('',(-41.9219840044289,21.4429937502394,8.25));
#9422=CARTESIAN_POINT('',(-39.4437379431939,26.012090326637,8.24208910400811));
#9423=CARTESIAN_POINT('Origin',(-42.249,20.8765854310226,9.75));
#9424=CARTESIAN_POINT('',(-42.249,20.8765854310226,7.75));
#9425=CARTESIAN_POINT('',(-42.249,20.8765854310226,9.75));
#9426=CARTESIAN_POINT('',(-39.2041533275416,26.1504145689776,7.75));
#9427=CARTESIAN_POINT('',(-42.249,20.8765854310226,7.75));
#9428=CARTESIAN_POINT('',(-39.2041533275416,26.1504145689776,9.75));
#9429=CARTESIAN_POINT('Origin',(-25.4299143110303,24.4377401304956,9.25));
#9430=CARTESIAN_POINT('',(-38.6750082702885,18.8131403437921,8.75));
#9431=CARTESIAN_POINT('',(-36.9791171631121,19.6039473544655,8.75));
#9432=CARTESIAN_POINT('',(-38.6750082702885,18.8131403437921,8.75));
#9433=CARTESIAN_POINT('Origin',(-20.3487158032588,7.65510018551524,9.25));
#9434=CARTESIAN_POINT('',(-42.249,20.8765854310226,8.75));
#9435=CARTESIAN_POINT('',(-38.987151872338,18.9933565364612,8.75));
#9436=CARTESIAN_POINT('',(-42.249,17.2227361328468,11.9143263138201));
#9437=CARTESIAN_POINT('',(-41.4881107412982,15.3048572510454,13.194813517491));
#9438=CARTESIAN_POINT('Origin',(-33.9510741059759,10.6317682517756,9.25));
#9439=CARTESIAN_POINT('',(-35.6301615978301,24.0869694817471,8.75));
#9440=CARTESIAN_POINT('',(-35.539488191345,23.0505677031534,8.75));
#9441=CARTESIAN_POINT('',(-34.6793373076791,24.6927113602557,9.75));
#9442=CARTESIAN_POINT('Origin',(-18.5908649956562,14.8266772708698,9.25));
#9443=CARTESIAN_POINT('',(-39.7815035967312,26.7277648381672,8.96132486540519));
#9444=CARTESIAN_POINT('',(-27.6371635877011,26.7277648381672,15.0334948699202));
#9445=CARTESIAN_POINT('',(-35.2590667113043,27.9395481494381,12.2719784395612));
#9446=CARTESIAN_POINT('',(-39.2041533275416,26.1504145689776,8.75));
#9447=CARTESIAN_POINT('',(-35.1650683294032,28.4823813799325,12.7890849981384));
#9448=CARTESIAN_POINT('',(-37.7293010647353,25.2989082180314,8.75));
#9449=CARTESIAN_POINT('Origin',(-38.3271676125458,14.0452967697246,7.75));
#9450=CARTESIAN_POINT('',(-38.3271676125458,14.0452967697246,8.75));
#9451=CARTESIAN_POINT('',(-38.3271676125458,14.0452967697246,7.75));
#9452=CARTESIAN_POINT('',(-38.3271676125458,19.6599428414851,8.75));
#9453=CARTESIAN_POINT('Origin',(-42.249,16.3095677543378,7.75));
#9454=CARTESIAN_POINT('',(-42.249,16.3095677543377,8.75));
#9455=CARTESIAN_POINT('',(-39.802019875352,14.8968031206706,8.75));
#9456=CARTESIAN_POINT('',(-42.249,16.3095677543377,7.75));
#9457=CARTESIAN_POINT('',(-39.802019875352,14.8968031206706,7.75));
#9458=CARTESIAN_POINT('',(-42.249,16.3095677543377,7.75));
#9459=CARTESIAN_POINT('Origin',(-42.249,20.8765854310226,7.75));
#9460=CARTESIAN_POINT('',(-42.249,19.0600275262228,7.75));
#9461=CARTESIAN_POINT('',(-42.249,19.0600275262228,8.75));
#9462=CARTESIAN_POINT('Origin',(-37.7768721381583,21.8104872981078,8.75));
#9463=CARTESIAN_POINT('Origin',(-34.3271676125458,24.4376016151378,7.75));
#9464=CARTESIAN_POINT('',(-31.3271676125458,26.1696524227067,8.75));
#9465=CARTESIAN_POINT('',(-34.6895937439489,24.2283547906109,8.75));
#9466=CARTESIAN_POINT('',(-31.3271676125458,26.1696524227067,7.75));
#9467=CARTESIAN_POINT('Origin',(-35.2489999999999,28.43392340732,7.75));
#9468=CARTESIAN_POINT('',(-35.2489999999999,28.43392340732,7.75));
#9469=CARTESIAN_POINT('',(-39.6085446983104,25.9169391022063,7.75));
#9470=CARTESIAN_POINT('',(-35.2489999999999,28.43392340732,8.75));
#9471=CARTESIAN_POINT('',(-35.2489999999999,28.43392340732,7.75));
#9472=CARTESIAN_POINT('',(-39.6085446983104,25.9169391022063,8.75));
#9473=CARTESIAN_POINT('Origin',(-31.3271676125458,26.1696524227067,7.75));
#9474=CARTESIAN_POINT('',(-34.7629360690791,28.1532942659594,8.75));
#9475=CARTESIAN_POINT('',(-34.7629360690791,28.1532942659594,7.75));
#9476=CARTESIAN_POINT('Origin',(-37.7768721381583,21.8104872981078,8.75));
#9477=CARTESIAN_POINT('Origin',(-38.5268721381583,22.2435000000001,7.75));
#9478=CARTESIAN_POINT('',(-42.169,20.8551494956281,7.75));
#9479=CARTESIAN_POINT('',(-42.169,20.8551494956281,7.75));
#9480=CARTESIAN_POINT('',(-39.1455892629361,26.091850504372,7.75));
#9481=CARTESIAN_POINT('',(-39.1455892629361,26.091850504372,7.75));
#9482=CARTESIAN_POINT('',(-3.02341073706387,46.947,7.75));
#9483=CARTESIAN_POINT('Origin',(-42.2877883318854,22.4094020694562,8.95));
#9484=CARTESIAN_POINT('',(-40.3754346196518,27.3216958610877,8.15));
#9485=CARTESIAN_POINT('',(-39.2041533275416,26.1504145689775,9.75));
#9486=CARTESIAN_POINT('',(-42.9806086549129,22.8094020694562,8.15));
#9487=CARTESIAN_POINT('Origin',(-30.7499673098259,31.9552015727882,8.95));
#9488=CARTESIAN_POINT('',(-3.25617153786357,47.8156751345948,8.96132486540519));
#9489=CARTESIAN_POINT('',(-13.37592763928,30.2877434067363,19.0810809668217));
#9490=CARTESIAN_POINT('',(-3.47356538034815,48.627,8.15));
#9491=CARTESIAN_POINT('',(-3.04484667245835,47.027,9.75));
#9492=CARTESIAN_POINT('',(-31.1499673098259,32.6480218958158,8.15));
#9493=CARTESIAN_POINT('Origin',(1.68366477490838,41.9470000000001,9.75));
#9494=CARTESIAN_POINT('',(1.68366477490838,41.947,8.75));
#9495=CARTESIAN_POINT('',(-1.54866061635062,41.947,6.89601432095467));
#9496=CARTESIAN_POINT('',(4.00000000000005,41.947,8.75));
#9497=CARTESIAN_POINT('',(2.00000000000004,41.947,8.75));
#9498=CARTESIAN_POINT('',(4.00000000000005,41.947,7.75));
#9499=CARTESIAN_POINT('',(-3.99999999999995,41.947,8.75));
#9500=CARTESIAN_POINT('',(-3.99999999999995,41.947,7.75));
#9501=CARTESIAN_POINT('',(-1.68366477490827,41.947,8.75));
#9502=CARTESIAN_POINT('',(-0.841832387454105,41.947,8.75));
#9503=CARTESIAN_POINT('',(3.07159183361587,41.9470000000001,6.02249686054794));
#9504=CARTESIAN_POINT('Origin',(-2.39081468131623,47.8224951288349,8.20450487116514));
#9505=CARTESIAN_POINT('',(2.45385641478873,48.6179902576698,8.15900974233027));
#9506=CARTESIAN_POINT('',(2.52777331600808,47.3255324415374,8.23292664354963));
#9507=CARTESIAN_POINT('',(3.18541317938033,35.8265143875572,8.89056650692188));
#9508=CARTESIAN_POINT('',(-2.45385641478866,48.6179902576698,8.15900974233027));
#9509=CARTESIAN_POINT('',(-2.06379868574514,48.6179902576698,8.15900974233027));
#9510=CARTESIAN_POINT('',(-2.52777331600801,47.3255324415374,8.23292664354963));
#9511=CARTESIAN_POINT('',(-3.25180396807395,34.6656527665888,8.95695729561565));
#9512=CARTESIAN_POINT('',(-3.04484667245838,47.027,8.25));
#9513=CARTESIAN_POINT('',(-2.62094711861118,47.2717385215231,8.23600316939231));
#9514=CARTESIAN_POINT('',(3.04484667245845,47.027,8.25));
#9515=CARTESIAN_POINT('',(-2.39081468131623,47.027,8.25));
#9516=CARTESIAN_POINT('',(2.80526205680612,47.1653242423406,8.24208910400811));
#9517=CARTESIAN_POINT('Origin',(-3.04484667245838,47.027,9.75));
#9518=CARTESIAN_POINT('',(-3.04484667245838,47.027,7.75));
#9519=CARTESIAN_POINT('',(-3.04484667245838,47.027,9.75));
#9520=CARTESIAN_POINT('',(3.04484667245845,47.027,7.75));
#9521=CARTESIAN_POINT('',(-3.04484667245838,47.027,7.75));
#9522=CARTESIAN_POINT('',(3.04484667245845,47.027,9.75));
#9523=CARTESIAN_POINT('Origin',(8.44874660857649,34.2418218746615,9.25));
#9524=CARTESIAN_POINT('',(-3.04484667245835,42.9001098255392,8.75));
#9525=CARTESIAN_POINT('',(-1.51204215813626,41.826828550009,8.75));
#9526=CARTESIAN_POINT('',(-3.04484667245835,42.9001098255392,8.75));
#9527=CARTESIAN_POINT('Origin',(-3.54484667245822,21.4500549127696,9.25));
#9528=CARTESIAN_POINT('',(-3.04484667245838,47.027,8.75));
#9529=CARTESIAN_POINT('',(-3.04484667245835,43.2605422108773,8.75));
#9530=CARTESIAN_POINT('',(-6.20917298627849,45.2000753509122,11.9143263138201));
#9531=CARTESIAN_POINT('',(-7.48966018994937,43.582186482509,13.194813517491));
#9532=CARTESIAN_POINT('Origin',(-7.76815565980142,34.7183767874309,9.25));
#9533=CARTESIAN_POINT('',(3.04484667245845,42.9001098255392,8.75));
#9534=CARTESIAN_POINT('',(2.1926331069114,42.3033834627786,8.75));
#9535=CARTESIAN_POINT('',(4.04484667245845,42.3795427749874,9.75));
#9536=CARTESIAN_POINT('Origin',(3.54484667245845,23.5135,9.25));
#9537=CARTESIAN_POINT('',(3.25617153786364,47.8156751345948,8.96132486540519));
#9538=CARTESIAN_POINT('',(9.32834154237865,37.298368174579,15.0334948699202));
#9539=CARTESIAN_POINT('',(6.56682511201971,44.5050215604388,12.2719784395613));
#9540=CARTESIAN_POINT('',(3.04484667245845,47.027,8.75));
#9541=CARTESIAN_POINT('',(7.08393167059684,44.6950331890451,12.7890849981384));
#9542=CARTESIAN_POINT('',(3.04484667245845,45.3239872981078,8.75));
#9543=CARTESIAN_POINT('Origin',(-6.99999999999992,40.2149491924311,7.75));
#9544=CARTESIAN_POINT('',(-6.99999999999992,40.2149491924311,8.75));
#9545=CARTESIAN_POINT('',(-6.99999999999992,40.2149491924311,7.75));
#9546=CARTESIAN_POINT('',(-2.13757386859684,43.0222722283114,8.75));
#9547=CARTESIAN_POINT('Origin',(-6.99999999999999,44.7434911616576,7.75));
#9548=CARTESIAN_POINT('',(-7.00000000000002,44.7434911616576,8.75));
#9549=CARTESIAN_POINT('',(-6.99999999999994,41.9179618943233,8.75));
#9550=CARTESIAN_POINT('',(-7.00000000000002,44.7434911616576,7.75));
#9551=CARTESIAN_POINT('',(-6.99999999999994,41.9179618943233,7.75));
#9552=CARTESIAN_POINT('',(-7.00000000000002,44.7434911616576,7.75));
#9553=CARTESIAN_POINT('Origin',(-3.04484667245837,47.027,7.75));
#9554=CARTESIAN_POINT('',(-4.61803196546042,46.1187210476001,7.75));
#9555=CARTESIAN_POINT('',(-4.61803196546042,46.1187210476001,8.75));
#9556=CARTESIAN_POINT('Origin',(3.19873812824981E-14,43.6209745962156,8.75));
#9557=CARTESIAN_POINT('Origin',(4.00000000000005,41.947,7.75));
#9558=CARTESIAN_POINT('',(7.00000000000004,40.2149491924311,8.75));
#9559=CARTESIAN_POINT('',(3.63757386859692,42.1562468245269,8.75));
#9560=CARTESIAN_POINT('',(7.00000000000004,40.2149491924311,7.75));
#9561=CARTESIAN_POINT('Origin',(7.00000000000009,44.7434911616576,7.75));
#9562=CARTESIAN_POINT('',(7.00000000000008,44.7434911616576,7.75));
#9563=CARTESIAN_POINT('',(2.64045530168967,47.2604754667714,7.75));
#9564=CARTESIAN_POINT('',(7.00000000000008,44.7434911616576,8.75));
#9565=CARTESIAN_POINT('',(7.00000000000008,44.7434911616576,7.75));
#9566=CARTESIAN_POINT('',(2.64045530168967,47.2604754667714,8.75));
#9567=CARTESIAN_POINT('Origin',(7.00000000000004,40.2149491924311,7.75));
#9568=CARTESIAN_POINT('',(7.00000000000008,44.1822328789365,8.75));
#9569=CARTESIAN_POINT('',(7.00000000000008,44.1822328789365,7.75));
#9570=CARTESIAN_POINT('Origin',(3.19873812824981E-14,43.6209745962156,8.75));
#9571=CARTESIAN_POINT('Origin',(3.8199665441809E-14,44.487,7.75));
#9572=CARTESIAN_POINT('',(-3.02341073706387,46.947,7.75));
#9573=CARTESIAN_POINT('',(-3.02341073706387,46.947,7.75));
#9574=CARTESIAN_POINT('',(3.0234107370639,46.947,7.75));
#9575=CARTESIAN_POINT('',(3.0234107370639,46.947,7.75));
#9576=CARTESIAN_POINT('',(39.1455892629361,26.091850504372,7.75));
#9577=CARTESIAN_POINT('Origin',(-1.73678269017405,47.827,8.95));
#9578=CARTESIAN_POINT('',(3.47356538034819,48.627,8.15));
#9579=CARTESIAN_POINT('',(3.04484667245839,47.027,9.75));
#9580=CARTESIAN_POINT('',(-1.73678269017404,48.627,8.15));
#9581=CARTESIAN_POINT('Origin',(12.2990326901741,42.6078536422444,8.95));
#9582=CARTESIAN_POINT('',(39.7815035967313,26.7277648381671,8.96132486540519));
#9583=CARTESIAN_POINT('',(19.5419913938982,26.727764838167,19.0810809668218));
#9584=CARTESIAN_POINT('',(40.3754346196519,27.3216958610877,8.15));
#9585=CARTESIAN_POINT('',(39.2041533275417,26.1504145689775,9.75));
#9586=CARTESIAN_POINT('',(12.6990326901741,43.3006739652719,8.15));
#9587=CARTESIAN_POINT('Origin',(37.1690000000001,19.5154035334724,9.75));
#9588=CARTESIAN_POINT('',(37.1690000000001,19.5154035334723,8.75));
#9589=CARTESIAN_POINT('',(35.5528373043705,22.3146794356001,6.89601432095467));
#9590=CARTESIAN_POINT('',(38.3271676125459,17.5093983848622,8.75));
#9591=CARTESIAN_POINT('',(37.3271676125459,19.2414491924311,8.75));
#9592=CARTESIAN_POINT('',(38.3271676125459,17.5093983848622,7.75));
#9593=CARTESIAN_POINT('',(34.3271676125458,24.4376016151377,8.75));
#9594=CARTESIAN_POINT('',(34.3271676125458,24.4376016151377,7.75));
#9595=CARTESIAN_POINT('',(35.4853352250917,22.4315964665276,8.75));
#9596=CARTESIAN_POINT('',(35.9062514188188,21.7025482332638,8.75));
#9597=CARTESIAN_POINT('',(37.8629635293538,18.3134234420319,6.02249686054794));
#9598=CARTESIAN_POINT('Origin',(40.2200883132705,25.9817538141781,8.20450487116514));
#9599=CARTESIAN_POINT('',(43.3313428514807,22.1838931363884,8.15900974233027));
#9600=CARTESIAN_POINT('',(42.2490000000001,21.4736503140973,8.23292664354963));
#9601=CARTESIAN_POINT('',(32.6193781783634,15.1546084588855,8.89056650692188));
#9602=CARTESIAN_POINT('',(40.877486436692,26.4340971212813,8.15900974233027));
#9603=CARTESIAN_POINT('',(41.0725153012138,26.0962972189871,8.15900974233027));
#9604=CARTESIAN_POINT('',(39.721226683992,25.8518821274401,8.23292664354963));
#9605=CARTESIAN_POINT('',(28.3954339505993,20.1489712277735,8.95695729561565));
#9606=CARTESIAN_POINT('',(39.2041533275416,26.1504145689775,8.25));
#9607=CARTESIAN_POINT('',(39.6280528813888,25.9056760474544,8.23600316939231));
#9608=CARTESIAN_POINT('',(42.2490000000001,20.8765854310225,8.25));
#9609=CARTESIAN_POINT('',(39.5311693231127,25.5840062497607,8.25));
#9610=CARTESIAN_POINT('',(42.2490000000001,21.1532339157036,8.24208910400811));
#9611=CARTESIAN_POINT('Origin',(39.2041533275416,26.1504145689775,9.75));
#9612=CARTESIAN_POINT('',(39.2041533275416,26.1504145689775,7.75));
#9613=CARTESIAN_POINT('',(39.2041533275416,26.1504145689775,9.75));
#9614=CARTESIAN_POINT('',(42.2490000000001,20.8765854310225,7.75));
#9615=CARTESIAN_POINT('',(39.2041533275416,26.1504145689775,7.75));
#9616=CARTESIAN_POINT('',(42.2490000000001,20.8765854310225,9.75));
#9617=CARTESIAN_POINT('Origin',(33.8786609196068,9.80408174416588,9.25));
#9618=CARTESIAN_POINT('',(35.6301615978301,24.086969481747,8.75));
#9619=CARTESIAN_POINT('',(35.4670750049759,22.2228811955435,8.75));
#9620=CARTESIAN_POINT('',(35.6301615978301,24.086969481747,8.75));
#9621=CARTESIAN_POINT('Origin',(16.8038691308005,13.7949547272543,9.25));
#9622=CARTESIAN_POINT('',(39.2041533275416,26.1504145689775,8.75));
#9623=CARTESIAN_POINT('',(35.9423051998796,24.2671856744161,8.75));
#9624=CARTESIAN_POINT('',(36.0398270137215,27.9773392180653,11.9143263138201));
#9625=CARTESIAN_POINT('',(33.9984505513489,28.2773292314636,13.194813517491));
#9626=CARTESIAN_POINT('Origin',(26.1829184461744,24.0866085356554,9.25));
#9627=CARTESIAN_POINT('',(38.6750082702886,18.813140343792,8.75));
#9628=CARTESIAN_POINT('',(37.7321212982565,19.2528157596252,8.75));
#9629=CARTESIAN_POINT('',(38.7241839801376,17.6868314147317,9.75));
#9630=CARTESIAN_POINT('Origin',(22.1357116681146,8.68682272913025,9.25));
#9631=CARTESIAN_POINT('',(43.0376751345949,21.0879102964277,8.96132486540519));
#9632=CARTESIAN_POINT('',(36.9655051300798,10.5706033364119,15.0334948699202));
#9633=CARTESIAN_POINT('',(41.825891823324,16.5654734110007,12.2719784395612));
#9634=CARTESIAN_POINT('',(42.2490000000001,20.8765854310225,8.75));
#9635=CARTESIAN_POINT('',(42.2490000000001,16.2126518091125,12.7890849981384));
#9636=CARTESIAN_POINT('',(40.7741477371938,20.0250790800764,8.75));
#9637=CARTESIAN_POINT('Origin',(31.3271676125459,26.1696524227065,7.75));
#9638=CARTESIAN_POINT('',(31.3271676125459,26.1696524227065,8.75));
#9639=CARTESIAN_POINT('',(31.3271676125459,26.1696524227065,7.75));
#9640=CARTESIAN_POINT('',(36.189593743949,23.3623293868263,8.75));
#9641=CARTESIAN_POINT('Origin',(35.249,28.4339234073199,7.75));
#9642=CARTESIAN_POINT('',(35.249,28.4339234073199,8.75));
#9643=CARTESIAN_POINT('',(32.802019875352,27.0211587736527,8.75));
#9644=CARTESIAN_POINT('',(35.249,28.4339234073199,7.75));
#9645=CARTESIAN_POINT('',(32.802019875352,27.0211587736527,7.75));
#9646=CARTESIAN_POINT('',(35.249,28.4339234073199,7.75));
#9647=CARTESIAN_POINT('Origin',(39.2041533275416,26.1504145689775,7.75));
#9648=CARTESIAN_POINT('',(37.6309680345396,27.0586935213774,7.75));
#9649=CARTESIAN_POINT('',(37.6309680345396,27.0586935213774,8.75));
#9650=CARTESIAN_POINT('Origin',(37.7768721381583,21.8104872981077,8.75));
#9651=CARTESIAN_POINT('Origin',(38.3271676125459,17.5093983848622,7.75));
#9652=CARTESIAN_POINT('',(38.3271676125459,14.0452967697245,8.75));
#9653=CARTESIAN_POINT('',(38.3271676125459,17.9278920339161,8.75));
#9654=CARTESIAN_POINT('',(38.3271676125459,14.0452967697245,7.75));
#9655=CARTESIAN_POINT('Origin',(42.2490000000001,16.3095677543377,7.75));
#9656=CARTESIAN_POINT('',(42.249,16.3095677543377,7.75));
#9657=CARTESIAN_POINT('',(42.2490000000001,21.3435363645651,7.75));
#9658=CARTESIAN_POINT('',(42.249,16.3095677543377,8.75));
#9659=CARTESIAN_POINT('',(42.249,16.3095677543377,7.75));
#9660=CARTESIAN_POINT('',(42.2490000000001,21.3435363645651,8.75));
#9661=CARTESIAN_POINT('Origin',(38.3271676125459,14.0452967697245,7.75));
#9662=CARTESIAN_POINT('',(41.7629360690792,16.0289386129771,8.75));
#9663=CARTESIAN_POINT('',(41.7629360690792,16.0289386129771,7.75));
#9664=CARTESIAN_POINT('Origin',(37.7768721381583,21.8104872981077,8.75));
#9665=CARTESIAN_POINT('Origin',(38.5268721381584,22.2435,7.75));
#9666=CARTESIAN_POINT('',(39.1455892629361,26.091850504372,7.75));
#9667=CARTESIAN_POINT('',(39.1455892629361,26.091850504372,7.75));
#9668=CARTESIAN_POINT('',(42.169,20.8551494956281,7.75));
#9669=CARTESIAN_POINT('',(42.169,20.8551494956281,7.75));
#9670=CARTESIAN_POINT('',(42.169,-20.8551494956281,7.75));
#9671=CARTESIAN_POINT('Origin',(40.5510056417113,25.4175979305439,8.95));
#9672=CARTESIAN_POINT('',(43.849,21.3053041389123,8.15));
#9673=CARTESIAN_POINT('',(42.249,20.8765854310225,9.75));
#9674=CARTESIAN_POINT('',(41.2438259647389,25.8175979305439,8.15));
#9675=CARTESIAN_POINT('Origin',(43.049,10.6526520694561,8.95));
#9676=CARTESIAN_POINT('',(43.0376751345948,-21.0879102964277,8.96132486540519));
#9677=CARTESIAN_POINT('',(32.9179190331782,-3.55997856856922,19.0810809668217));
#9678=CARTESIAN_POINT('',(43.849,-21.3053041389124,8.15));
#9679=CARTESIAN_POINT('',(42.249,-20.8765854310226,9.75));
#9680=CARTESIAN_POINT('',(43.849,10.6526520694561,8.15));
#9681=CARTESIAN_POINT('Origin',(35.4853352250917,-22.4315964665277,9.75));
#9682=CARTESIAN_POINT('',(35.4853352250917,-22.4315964665277,8.75));
#9683=CARTESIAN_POINT('',(37.1014979207212,-19.6323205643999,6.89601432095467));
#9684=CARTESIAN_POINT('',(34.3271676125458,-24.4376016151378,8.75));
#9685=CARTESIAN_POINT('',(35.3271676125458,-22.7055508075689,8.75));
#9686=CARTESIAN_POINT('',(34.3271676125458,-24.4376016151378,7.75));
#9687=CARTESIAN_POINT('',(38.3271676125458,-17.5093983848623,8.75));
#9688=CARTESIAN_POINT('',(38.3271676125458,-17.5093983848623,7.75));
#9689=CARTESIAN_POINT('',(37.169,-19.5154035334724,8.75));
#9690=CARTESIAN_POINT('',(36.7480838062729,-20.2444517667363,8.75));
#9691=CARTESIAN_POINT('',(34.791371695738,-23.6335765579682,6.02249686054794));
#9692=CARTESIAN_POINT('Origin',(42.6109029945867,-21.8407413146568,8.20450487116514));
#9693=CARTESIAN_POINT('',(40.877486436692,-26.4340971212813,8.15900974233027));
#9694=CARTESIAN_POINT('',(39.721226683992,-25.8518821274402,8.23292664354963));
#9695=CARTESIAN_POINT('',(29.433964998983,-20.6719059286717,8.89056650692188));
#9696=CARTESIAN_POINT('',(43.3313428514807,-22.1838931363885,8.15900974233027));
#9697=CARTESIAN_POINT('',(43.1363139869589,-22.5216930386826,8.15900974233027));
#9698=CARTESIAN_POINT('',(42.249,-21.4736503140973,8.23292664354963));
#9699=CARTESIAN_POINT('',(31.6472379186732,-14.5166815388153,8.95695729561565));
#9700=CARTESIAN_POINT('',(42.249,-20.8765854310225,8.25));
#9701=CARTESIAN_POINT('',(42.249,-21.3660624740686,8.23600316939231));
#9702=CARTESIAN_POINT('',(39.2041533275416,-26.1504145689775,8.25));
#9703=CARTESIAN_POINT('',(41.9219840044289,-21.4429937502394,8.25));
#9704=CARTESIAN_POINT('',(39.4437379431939,-26.012090326637,8.24208910400811));
#9705=CARTESIAN_POINT('Origin',(42.249,-20.8765854310225,9.75));
#9706=CARTESIAN_POINT('',(42.249,-20.8765854310225,7.75));
#9707=CARTESIAN_POINT('',(42.249,-20.8765854310225,9.75));
#9708=CARTESIAN_POINT('',(39.2041533275416,-26.1504145689775,7.75));
#9709=CARTESIAN_POINT('',(42.249,-20.8765854310225,7.75));
#9710=CARTESIAN_POINT('',(39.2041533275416,-26.1504145689775,9.75));
#9711=CARTESIAN_POINT('Origin',(25.4299143110303,-24.4377401304956,9.25));
#9712=CARTESIAN_POINT('',(38.6750082702885,-18.8131403437921,8.75));
#9713=CARTESIAN_POINT('',(36.9791171631121,-19.6039473544654,8.75));
#9714=CARTESIAN_POINT('',(38.6750082702885,-18.8131403437921,8.75));
#9715=CARTESIAN_POINT('Origin',(20.3487158032588,-7.65510018551523,9.25));
#9716=CARTESIAN_POINT('',(42.249,-20.8765854310225,8.75));
#9717=CARTESIAN_POINT('',(38.987151872338,-18.9933565364612,8.75));
#9718=CARTESIAN_POINT('',(42.249,-17.2227361328468,11.9143263138201));
#9719=CARTESIAN_POINT('',(41.4881107412982,-15.3048572510454,13.194813517491));
#9720=CARTESIAN_POINT('Origin',(33.9510741059759,-10.6317682517756,9.25));
#9721=CARTESIAN_POINT('',(35.6301615978301,-24.0869694817471,8.75));
#9722=CARTESIAN_POINT('',(35.5394881913451,-23.0505677031534,8.75));
#9723=CARTESIAN_POINT('',(34.6793373076792,-24.6927113602557,9.75));
#9724=CARTESIAN_POINT('Origin',(18.5908649956562,-14.8266772708698,9.25));
#9725=CARTESIAN_POINT('',(39.7815035967312,-26.7277648381672,8.96132486540519));
#9726=CARTESIAN_POINT('',(27.6371635877011,-26.7277648381672,15.0334948699202));
#9727=CARTESIAN_POINT('',(35.2590667113043,-27.939548149438,12.2719784395612));
#9728=CARTESIAN_POINT('',(39.2041533275416,-26.1504145689775,8.75));
#9729=CARTESIAN_POINT('',(35.1650683294032,-28.4823813799325,12.7890849981384));
#9730=CARTESIAN_POINT('',(37.7293010647353,-25.2989082180314,8.75));
#9731=CARTESIAN_POINT('Origin',(38.3271676125458,-14.0452967697245,7.75));
#9732=CARTESIAN_POINT('',(38.3271676125458,-14.0452967697245,8.75));
#9733=CARTESIAN_POINT('',(38.3271676125458,-14.0452967697245,7.75));
#9734=CARTESIAN_POINT('',(38.3271676125458,-19.659942841485,8.75));
#9735=CARTESIAN_POINT('Origin',(42.249,-16.3095677543377,7.75));
#9736=CARTESIAN_POINT('',(42.249,-16.3095677543377,8.75));
#9737=CARTESIAN_POINT('',(39.802019875352,-14.8968031206706,8.75));
#9738=CARTESIAN_POINT('',(42.249,-16.3095677543377,7.75));
#9739=CARTESIAN_POINT('',(39.802019875352,-14.8968031206706,7.75));
#9740=CARTESIAN_POINT('',(42.249,-16.3095677543377,7.75));
#9741=CARTESIAN_POINT('Origin',(42.249,-20.8765854310225,7.75));
#9742=CARTESIAN_POINT('',(42.249,-19.0600275262228,7.75));
#9743=CARTESIAN_POINT('',(42.249,-19.0600275262228,8.75));
#9744=CARTESIAN_POINT('Origin',(37.7768721381583,-21.8104872981078,8.75));
#9745=CARTESIAN_POINT('Origin',(34.3271676125458,-24.4376016151378,7.75));
#9746=CARTESIAN_POINT('',(31.3271676125458,-26.1696524227067,8.75));
#9747=CARTESIAN_POINT('',(34.6895937439489,-24.2283547906108,8.75));
#9748=CARTESIAN_POINT('',(31.3271676125458,-26.1696524227067,7.75));
#9749=CARTESIAN_POINT('Origin',(35.249,-28.43392340732,7.75));
#9750=CARTESIAN_POINT('',(35.249,-28.43392340732,7.75));
#9751=CARTESIAN_POINT('',(39.6085446983104,-25.9169391022062,7.75));
#9752=CARTESIAN_POINT('',(35.249,-28.43392340732,8.75));
#9753=CARTESIAN_POINT('',(35.249,-28.43392340732,7.75));
#9754=CARTESIAN_POINT('',(39.6085446983104,-25.9169391022062,8.75));
#9755=CARTESIAN_POINT('Origin',(31.3271676125458,-26.1696524227067,7.75));
#9756=CARTESIAN_POINT('',(34.7629360690791,-28.1532942659594,8.75));
#9757=CARTESIAN_POINT('',(34.7629360690791,-28.1532942659594,7.75));
#9758=CARTESIAN_POINT('Origin',(37.7768721381583,-21.8104872981078,8.75));
#9759=CARTESIAN_POINT('Origin',(38.5268721381583,-22.2435,7.75));
#9760=CARTESIAN_POINT('',(42.169,-20.8551494956281,7.75));
#9761=CARTESIAN_POINT('',(42.169,-20.8551494956281,7.75));
#9762=CARTESIAN_POINT('',(39.1455892629361,-26.0918505043721,7.75));
#9763=CARTESIAN_POINT('',(39.1455892629361,-26.0918505043721,7.75));
#9764=CARTESIAN_POINT('',(3.02341073706391,-46.947,7.75));
#9765=CARTESIAN_POINT('Origin',(42.2877883318854,-22.4094020694562,8.95));
#9766=CARTESIAN_POINT('',(40.3754346196518,-27.3216958610878,8.15));
#9767=CARTESIAN_POINT('',(39.2041533275416,-26.1504145689776,9.75));
#9768=CARTESIAN_POINT('',(42.9806086549129,-22.8094020694562,8.15));
#9769=CARTESIAN_POINT('Origin',(30.7499673098259,-31.9552015727883,8.95));
#9770=CARTESIAN_POINT('',(3.25617153786357,-47.8156751345948,8.96132486540519));
#9771=CARTESIAN_POINT('',(13.37592763928,-30.2877434067363,19.0810809668217));
#9772=CARTESIAN_POINT('',(3.47356538034818,-48.627,8.15));
#9773=CARTESIAN_POINT('',(3.04484667245838,-47.027,9.75));
#9774=CARTESIAN_POINT('',(31.1499673098259,-32.6480218958158,8.15));
#9775=CARTESIAN_POINT('Origin',(2.39081468131624,-47.8224951288349,8.20450487116514));
#9776=CARTESIAN_POINT('',(-2.45385641478872,-48.6179902576698,8.15900974233027));
#9777=CARTESIAN_POINT('',(-2.52777331600808,-47.3255324415374,8.23292664354963));
#9778=CARTESIAN_POINT('',(-3.18541317938033,-35.8265143875572,8.89056650692188));
#9779=CARTESIAN_POINT('',(2.45385641478867,-48.6179902576698,8.15900974233027));
#9780=CARTESIAN_POINT('',(2.39081468131624,-48.6179902576698,8.15900974233027));
#9781=CARTESIAN_POINT('',(2.52777331600802,-47.3255324415374,8.23292664354963));
#9782=CARTESIAN_POINT('',(3.25180396807396,-34.6656527665888,8.95695729561565));
#9783=CARTESIAN_POINT('',(3.04484667245838,-47.027,8.25));
#9784=CARTESIAN_POINT('',(2.62094711861118,-47.2717385215231,8.23600316939231));
#9785=CARTESIAN_POINT('',(-3.04484667245845,-47.027,8.25));
#9786=CARTESIAN_POINT('',(2.39081468131624,-47.027,8.25));
#9787=CARTESIAN_POINT('',(-2.80526205680612,-47.1653242423406,8.24208910400811));
#9788=CARTESIAN_POINT('Origin',(3.04484667245838,-47.027,9.75));
#9789=CARTESIAN_POINT('',(3.04484667245838,-47.027,7.75));
#9790=CARTESIAN_POINT('',(3.04484667245838,-47.027,9.75));
#9791=CARTESIAN_POINT('',(-3.04484667245845,-47.027,7.75));
#9792=CARTESIAN_POINT('',(3.04484667245838,-47.027,7.75));
#9793=CARTESIAN_POINT('',(-3.04484667245845,-47.027,9.75));
#9794=CARTESIAN_POINT('Origin',(-8.44874660857648,-34.2418218746615,9.25));
#9795=CARTESIAN_POINT('',(1.68366477490827,-41.947,8.75));
#9796=CARTESIAN_POINT('',(-3.07159183361586,-41.9470000000001,6.02249686054794));
#9797=CARTESIAN_POINT('',(3.04484667245836,-42.9001098255392,8.75));
#9798=CARTESIAN_POINT('',(1.51204215813627,-41.826828550009,8.75));
#9799=CARTESIAN_POINT('',(3.04484667245836,-42.9001098255392,8.75));
#9800=CARTESIAN_POINT('Origin',(3.54484667245822,-21.4500549127696,9.25));
#9801=CARTESIAN_POINT('',(3.04484667245838,-47.027,8.75));
#9802=CARTESIAN_POINT('',(3.04484667245836,-43.2605422108773,8.75));
#9803=CARTESIAN_POINT('',(6.2091729862785,-45.2000753509122,11.9143263138201));
#9804=CARTESIAN_POINT('',(7.48966018994938,-43.582186482509,13.194813517491));
#9805=CARTESIAN_POINT('Origin',(7.76815565980142,-34.7183767874309,9.25));
#9806=CARTESIAN_POINT('',(-3.04484667245845,-42.9001098255392,8.75));
#9807=CARTESIAN_POINT('',(-1.68366477490837,-41.947,8.75));
#9808=CARTESIAN_POINT('',(-2.19263310691139,-42.3033834627786,8.75));
#9809=CARTESIAN_POINT('',(1.54866061635062,-41.947,6.89601432095467));
#9810=CARTESIAN_POINT('',(-4.04484667245845,-42.3795427749874,9.75));
#9811=CARTESIAN_POINT('Origin',(-3.54484667245845,-23.5135,9.25));
#9812=CARTESIAN_POINT('',(-6.56682511201969,-44.5050215604388,12.2719784395612));
#9813=CARTESIAN_POINT('',(-3.04484667245845,-47.027,8.75));
#9814=CARTESIAN_POINT('',(-7.08393167059683,-44.6950331890451,12.7890849981384));
#9815=CARTESIAN_POINT('',(-3.04484667245845,-45.3239872981078,8.75));
#9816=CARTESIAN_POINT('Origin',(6.99999999999993,-40.2149491924311,7.75));
#9817=CARTESIAN_POINT('',(6.99999999999992,-40.2149491924311,8.75));
#9818=CARTESIAN_POINT('',(6.99999999999992,-40.2149491924311,7.75));
#9819=CARTESIAN_POINT('',(3.99999999999995,-41.947,8.75));
#9820=CARTESIAN_POINT('',(2.13757386859684,-43.0222722283114,8.75));
#9821=CARTESIAN_POINT('',(3.99999999999995,-41.947,7.75));
#9822=CARTESIAN_POINT('Origin',(6.99999999999999,-44.7434911616576,7.75));
#9823=CARTESIAN_POINT('',(7.00000000000002,-44.7434911616576,7.75));
#9824=CARTESIAN_POINT('',(6.99999999999995,-41.9179618943233,7.75));
#9825=CARTESIAN_POINT('',(7.00000000000002,-44.7434911616576,8.75));
#9826=CARTESIAN_POINT('',(7.00000000000002,-44.7434911616576,7.75));
#9827=CARTESIAN_POINT('',(6.99999999999995,-41.9179618943233,8.75));
#9828=CARTESIAN_POINT('Origin',(3.04484667245838,-47.027,7.75));
#9829=CARTESIAN_POINT('',(4.61803196546042,-46.1187210476001,7.75));
#9830=CARTESIAN_POINT('',(4.61803196546042,-46.1187210476001,8.75));
#9831=CARTESIAN_POINT('Origin',(-2.66453525910038E-14,-43.6209745962156,
8.75));
#9832=CARTESIAN_POINT('',(0.84183238745411,-41.947,8.75));
#9833=CARTESIAN_POINT('Origin',(-4.00000000000005,-41.947,7.75));
#9834=CARTESIAN_POINT('',(-4.00000000000005,-41.947,8.75));
#9835=CARTESIAN_POINT('',(-4.00000000000005,-41.947,7.75));
#9836=CARTESIAN_POINT('',(-7.00000000000003,-40.2149491924311,8.75));
#9837=CARTESIAN_POINT('',(-3.63757386859691,-42.1562468245269,8.75));
#9838=CARTESIAN_POINT('',(-7.00000000000003,-40.2149491924311,7.75));
#9839=CARTESIAN_POINT('Origin',(-7.00000000000008,-44.7434911616576,7.75));
#9840=CARTESIAN_POINT('',(-7.00000000000008,-44.7434911616576,7.75));
#9841=CARTESIAN_POINT('',(-2.64045530168967,-47.2604754667714,7.75));
#9842=CARTESIAN_POINT('',(-7.00000000000008,-44.7434911616576,8.75));
#9843=CARTESIAN_POINT('',(-7.00000000000008,-44.7434911616576,7.75));
#9844=CARTESIAN_POINT('',(-2.64045530168967,-47.2604754667714,8.75));
#9845=CARTESIAN_POINT('Origin',(-7.00000000000003,-40.2149491924311,7.75));
#9846=CARTESIAN_POINT('',(-7.00000000000007,-44.1822328789365,8.75));
#9847=CARTESIAN_POINT('',(-7.00000000000007,-44.1822328789365,7.75));
#9848=CARTESIAN_POINT('Origin',(-2.66453525910038E-14,-43.6209745962156,
8.75));
#9849=CARTESIAN_POINT('',(-2.00000000000003,-41.947,8.75));
#9850=CARTESIAN_POINT('Origin',(-3.27515792264421E-14,-44.487,7.75));
#9851=CARTESIAN_POINT('',(-3.02341073706395,-46.947,7.75));
#9852=CARTESIAN_POINT('',(-39.1455892629361,-26.091850504372,7.75));
#9853=CARTESIAN_POINT('',(3.02341073706391,-46.947,7.75));
#9854=CARTESIAN_POINT('',(3.02341073706391,-46.947,7.75));
#9855=CARTESIAN_POINT('',(-3.02341073706395,-46.947,7.75));
#9856=CARTESIAN_POINT('Origin',(-1.68366477490837,-41.9470000000001,9.75));
#9857=CARTESIAN_POINT('Origin',(1.73678269017409,-47.827,8.95));
#9858=CARTESIAN_POINT('',(1.73678269017409,-48.627,8.15));
#9859=CARTESIAN_POINT('Origin',(-43.849,21.3053041389123,7.75));
#9860=CARTESIAN_POINT('',(-40.3754346196518,27.3216958610877,5.75));
#9861=CARTESIAN_POINT('',(-40.3754346196518,27.3216958610877,7.75));
#9862=CARTESIAN_POINT('',(-43.849,21.3053041389123,5.75));
#9863=CARTESIAN_POINT('',(-40.3754346196518,27.3216958610877,5.75));
#9864=CARTESIAN_POINT('',(-43.849,21.3053041389123,7.75));
#9865=CARTESIAN_POINT('Origin',(-40.3754346196518,27.3216958610877,7.75));
#9866=CARTESIAN_POINT('',(-3.47356538034815,48.627,5.75));
#9867=CARTESIAN_POINT('',(-3.47356538034815,48.627,7.75));
#9868=CARTESIAN_POINT('',(-3.47356538034815,48.627,5.75));
#9869=CARTESIAN_POINT('Origin',(-3.47356538034815,48.627,7.75));
#9870=CARTESIAN_POINT('',(3.47356538034819,48.627,5.75));
#9871=CARTESIAN_POINT('',(3.47356538034819,48.627,7.75));
#9872=CARTESIAN_POINT('',(3.47356538034819,48.627,5.75));
#9873=CARTESIAN_POINT('Origin',(3.47356538034819,48.627,7.75));
#9874=CARTESIAN_POINT('',(40.3754346196519,27.3216958610877,5.75));
#9875=CARTESIAN_POINT('',(40.3754346196519,27.3216958610877,7.75));
#9876=CARTESIAN_POINT('',(40.3754346196519,27.3216958610877,5.75));
#9877=CARTESIAN_POINT('Origin',(40.3754346196519,27.3216958610877,7.75));
#9878=CARTESIAN_POINT('',(43.849,21.3053041389123,5.75));
#9879=CARTESIAN_POINT('',(43.849,21.3053041389123,7.75));
#9880=CARTESIAN_POINT('',(43.849,21.3053041389123,5.75));
#9881=CARTESIAN_POINT('Origin',(43.849,21.3053041389123,7.75));
#9882=CARTESIAN_POINT('',(43.849,-21.3053041389124,5.75));
#9883=CARTESIAN_POINT('',(43.849,-21.3053041389124,7.75));
#9884=CARTESIAN_POINT('',(43.849,-21.3053041389124,5.75));
#9885=CARTESIAN_POINT('Origin',(-36.769,16.9919087502259,7.75));
#9886=CARTESIAN_POINT('',(-37.169,16.9919087502259,7.11));
#9887=CARTESIAN_POINT('',(-36.769,16.5919087502259,7.11));
#9888=CARTESIAN_POINT('Origin',(-36.769,16.9919087502259,7.11));
#9889=CARTESIAN_POINT('',(-36.769,16.5919087502259,7.75));
#9890=CARTESIAN_POINT('',(-37.169,16.9919087502259,7.75));
#9891=CARTESIAN_POINT('Origin',(-33.4042514586706,19.2921932847757,7.11));
#9892=CARTESIAN_POINT('',(-37.169,17.7282238565,7.11));
#9893=CARTESIAN_POINT('',(-37.169,19.5154035334725,7.11));
#9894=CARTESIAN_POINT('',(-37.1154101615138,17.9282238565,7.11));
#9895=CARTESIAN_POINT('Origin',(-36.769,17.7282238565,7.11));
#9896=CARTESIAN_POINT('',(-36.5129583295922,18.9717010385012,7.11));
#9897=CARTESIAN_POINT('',(-34.0304125467338,23.2715964665277,7.11));
#9898=CARTESIAN_POINT('',(-35.7838907445023,18.8882055284666,7.11));
#9899=CARTESIAN_POINT('Origin',(-36.1665481680784,18.7717010385012,7.11));
#9900=CARTESIAN_POINT('',(-34.8203728351384,17.6754531110491,7.11));
#9901=CARTESIAN_POINT('Origin',(-33.7653728351384,19.5027667130343,7.11));
#9902=CARTESIAN_POINT('',(-34.2424061918049,21.5581350928211,7.11));
#9903=CARTESIAN_POINT('Origin',(-33.7653728351384,19.5027667130343,7.11));
#9904=CARTESIAN_POINT('',(-34.6792492171417,22.1477783875674,7.11));
#9905=CARTESIAN_POINT('Origin',(-34.3328390556279,21.9477783875674,7.11));
#9906=CARTESIAN_POINT('',(-34.0840023852201,23.1787761435001,7.11));
#9907=CARTESIAN_POINT('',(-34.0304125467338,23.2715964665277,7.11));
#9908=CARTESIAN_POINT('',(-33.9375922237063,23.3251863050139,7.11));
#9909=CARTESIAN_POINT('Origin',(-33.7375922237063,22.9787761435001,7.11));
#9910=CARTESIAN_POINT('',(-33.2891171364827,23.6995835711852,7.11));
#9911=CARTESIAN_POINT('',(-1.68366477490825,41.947,7.11));
#9912=CARTESIAN_POINT('',(-32.7427069749689,23.5531734096714,7.11));
#9913=CARTESIAN_POINT('Origin',(-33.0891171364827,23.3531734096714,7.11));
#9914=CARTESIAN_POINT('',(-30.3816049126288,19.4636246758427,7.11));
#9915=CARTESIAN_POINT('',(-32.9427069749689,23.8995835711852,7.11));
#9916=CARTESIAN_POINT('',(-32.0395908753199,16.5919087502258,7.11));
#9917=CARTESIAN_POINT('',(-30.3816049126288,19.4636246758427,7.11));
#9918=CARTESIAN_POINT('',(-32.0395908753199,16.5919087502258,7.11));
#9919=CARTESIAN_POINT('Origin',(-37.169,16.5919087502259,7.75));
#9920=CARTESIAN_POINT('',(-37.169,17.7282238565,7.75));
#9921=CARTESIAN_POINT('Origin',(-36.769,17.7282238565,7.75));
#9922=CARTESIAN_POINT('',(-37.1154101615138,17.9282238565,7.75));
#9923=CARTESIAN_POINT('Origin',(-33.7375922237063,22.9787761435001,7.75));
#9924=CARTESIAN_POINT('',(-34.0840023852201,23.1787761435001,7.75));
#9925=CARTESIAN_POINT('',(-33.9375922237063,23.3251863050139,7.75));
#9926=CARTESIAN_POINT('Origin',(-34.0304125467338,23.2715964665277,7.75));
#9927=CARTESIAN_POINT('',(-33.2891171364827,23.6995835711852,7.75));
#9928=CARTESIAN_POINT('Origin',(-33.0891171364827,23.3531734096714,7.75));
#9929=CARTESIAN_POINT('',(-32.7427069749689,23.5531734096714,7.75));
#9930=CARTESIAN_POINT('Origin',(-36.1665481680784,18.7717010385012,7.75));
#9931=CARTESIAN_POINT('',(-35.7838907445023,18.8882055284666,7.75));
#9932=CARTESIAN_POINT('',(-36.5129583295922,18.9717010385012,7.75));
#9933=CARTESIAN_POINT('Origin',(-37.169,17.8354035334724,7.75));
#9934=CARTESIAN_POINT('Origin',(-33.7653728351384,19.5027667130343,7.75));
#9935=CARTESIAN_POINT('',(-34.8203728351384,17.6754531110491,7.75));
#9936=CARTESIAN_POINT('',(-34.2424061918049,21.5581350928211,7.75));
#9937=CARTESIAN_POINT('Origin',(-34.3328390556279,21.9477783875674,7.75));
#9938=CARTESIAN_POINT('',(-34.6792492171417,22.1477783875674,7.75));
#9939=CARTESIAN_POINT('Origin',(33.0999246364827,23.3469336966371,7.75));
#9940=CARTESIAN_POINT('',(33.2999246364827,23.6933438581509,7.11));
#9941=CARTESIAN_POINT('Origin',(33.0999246364827,23.3469336966371,7.11));
#9942=CARTESIAN_POINT('',(33.2999246364827,23.6933438581509,7.75));
#9943=CARTESIAN_POINT('Origin',(33.4096552086706,19.2828337152243,7.11));
#9944=CARTESIAN_POINT('',(33.9375922237063,23.3251863050138,7.11));
#9945=CARTESIAN_POINT('',(35.4853352250918,22.4315964665276,7.11));
#9946=CARTESIAN_POINT('',(34.0840023852201,23.1787761435,7.11));
#9947=CARTESIAN_POINT('Origin',(33.7375922237063,22.9787761435,7.11));
#9948=CARTESIAN_POINT('',(34.6864542171417,22.1352989614989,7.11));
#9949=CARTESIAN_POINT('',(37.1690000000001,17.8354035334724,7.11));
#9950=CARTESIAN_POINT('',(34.2496111918049,21.5456556667526,7.11));
#9951=CARTESIAN_POINT('Origin',(34.3400440556279,21.9352989614989,7.11));
#9952=CARTESIAN_POINT('',(32.7175778351384,21.3176008889509,7.11));
#9953=CARTESIAN_POINT('Origin',(33.7725778351384,19.4902872869657,7.11));
#9954=CARTESIAN_POINT('',(35.7910957445023,18.8757261023981,7.11));
#9955=CARTESIAN_POINT('Origin',(33.7725778351384,19.4902872869657,7.11));
#9956=CARTESIAN_POINT('',(36.5201633295922,18.9592216124326,7.11));
#9957=CARTESIAN_POINT('Origin',(36.1737531680784,18.7592216124326,7.11));
#9958=CARTESIAN_POINT('',(37.1154101615138,17.9282238564999,7.11));
#9959=CARTESIAN_POINT('',(37.1690000000001,17.8354035334724,7.11));
#9960=CARTESIAN_POINT('',(37.1690000000001,17.7282238564999,7.11));
#9961=CARTESIAN_POINT('Origin',(36.769,17.7282238564999,7.11));
#9962=CARTESIAN_POINT('',(37.169,16.9794293241573,7.11));
#9963=CARTESIAN_POINT('',(37.169,-19.5154035334724,7.11));
#9964=CARTESIAN_POINT('Origin',(36.769,16.9794293241573,7.11));
#9965=CARTESIAN_POINT('Origin',(32.9535144749689,23.8933438581509,7.75));
#9966=CARTESIAN_POINT('',(33.9375922237063,23.3251863050138,7.75));
#9967=CARTESIAN_POINT('Origin',(33.7375922237063,22.9787761435,7.75));
#9968=CARTESIAN_POINT('',(34.0840023852201,23.1787761435,7.75));
#9969=CARTESIAN_POINT('Origin',(36.769,17.7282238564999,7.75));
#9970=CARTESIAN_POINT('',(37.1154101615138,17.9282238564999,7.75));
#9971=CARTESIAN_POINT('',(37.1690000000001,17.7282238564999,7.75));
#9972=CARTESIAN_POINT('Origin',(37.1690000000001,17.8354035334724,7.75));
#9973=CARTESIAN_POINT('',(37.1690000000001,16.9794293241573,7.75));
#9974=CARTESIAN_POINT('Origin',(36.769,16.9794293241573,7.75));
#9975=CARTESIAN_POINT('Origin',(34.3400440556279,21.9352989614989,7.75));
#9976=CARTESIAN_POINT('',(34.2496111918049,21.5456556667525,7.75));
#9977=CARTESIAN_POINT('',(34.6864542171417,22.1352989614989,7.75));
#9978=CARTESIAN_POINT('Origin',(34.0304125467339,23.2715964665276,7.75));
#9979=CARTESIAN_POINT('Origin',(33.7725778351384,19.4902872869657,7.75));
#9980=CARTESIAN_POINT('',(32.7175778351384,21.3176008889509,7.75));
#9981=CARTESIAN_POINT('',(35.7910957445023,18.8757261023981,7.75));
#9982=CARTESIAN_POINT('Origin',(36.1737531680784,18.7592216124326,7.75));
#9983=CARTESIAN_POINT('',(36.5201633295922,18.9592216124326,7.75));
#9984=CARTESIAN_POINT('Origin',(-34.9670872892658,21.6492282222958,7.75));
#9985=CARTESIAN_POINT('Origin',(36.2323252574681,19.4577717777042,7.75));
#9986=CARTESIAN_POINT('Origin',(-34.0304125467339,-23.2715964665275,7.75));
#9987=CARTESIAN_POINT('',(-34.0304125467339,-23.2715964665276,7.75));
#9988=CARTESIAN_POINT('',(-37.169,-17.8354035334724,7.75));
#9989=CARTESIAN_POINT('Origin',(-30.3816049126288,19.4636246758427,7.75));
#9990=CARTESIAN_POINT('',(-30.3816049126288,19.4636246758427,7.75));
#9991=CARTESIAN_POINT('Origin',(-32.0395908753199,16.5919087502258,7.75));
#9992=CARTESIAN_POINT('',(-32.0395908753199,16.5919087502258,7.75));
#9993=CARTESIAN_POINT('Origin',(-37.169,16.5919087502259,7.75));
#9994=CARTESIAN_POINT('',(-37.169,16.5919087502259,7.75));
#9995=CARTESIAN_POINT('Origin',(-37.169,-19.5154035334724,7.75));
#9996=CARTESIAN_POINT('Origin',(3.66907536351734,-40.338842446863,7.75));
#9997=CARTESIAN_POINT('',(3.86907536351734,-40.6852526083767,7.11));
#9998=CARTESIAN_POINT('',(4.01548552503112,-40.138842446863,7.11));
#9999=CARTESIAN_POINT('Origin',(3.66907536351734,-40.338842446863,7.11));
#10000=CARTESIAN_POINT('',(4.01548552503112,-40.138842446863,7.75));
#10001=CARTESIAN_POINT('',(3.86907536351734,-40.6852526083767,7.75));
#10002=CARTESIAN_POINT('Origin',(-0.0054037500000137,-38.575027,7.11));
#10003=CARTESIAN_POINT('',(3.23140777629369,-41.0534101615138,7.11));
#10004=CARTESIAN_POINT('',(1.68366477490827,-41.947,7.11));
#10005=CARTESIAN_POINT('',(3.03140777629369,-41.107,7.11));
#10006=CARTESIAN_POINT('Origin',(3.03140777629369,-40.707,7.11));
#10007=CARTESIAN_POINT('',(1.82650411245047,-41.107,7.11));
#10008=CARTESIAN_POINT('',(-3.13858745326621,-41.107,7.11));
#10009=CARTESIAN_POINT('',(1.53427955269741,-40.4338611952192,7.11));
#10010=CARTESIAN_POINT('Origin',(1.82650411245047,-40.707,7.11));
#10011=CARTESIAN_POINT('',(2.102795,-38.993054,7.11));
#10012=CARTESIAN_POINT('Origin',(-0.007205,-38.993054,7.11));
#10013=CARTESIAN_POINT('',(-1.54868955269741,-40.4338611952192,7.11));
#10014=CARTESIAN_POINT('Origin',(-0.007205,-38.993054,7.11));
#10015=CARTESIAN_POINT('',(-1.84091411245047,-41.107,7.11));
#10016=CARTESIAN_POINT('Origin',(-1.84091411245047,-40.707,7.11));
#10017=CARTESIAN_POINT('',(-3.03140777629377,-41.107,7.11));
#10018=CARTESIAN_POINT('',(-3.13858745326621,-41.107,7.11));
#10019=CARTESIAN_POINT('',(-3.23140777629376,-41.0534101615138,7.11));
#10020=CARTESIAN_POINT('Origin',(-3.03140777629377,-40.707,7.11));
#10021=CARTESIAN_POINT('',(-3.87988286351737,-40.6790128953425,7.11));
#10022=CARTESIAN_POINT('',(-35.4853352250917,-22.4315964665276,7.11));
#10023=CARTESIAN_POINT('',(-4.02629302503114,-40.1326027338287,7.11));
#10024=CARTESIAN_POINT('Origin',(-3.67988286351737,-40.3326027338287,7.11));
#10025=CARTESIAN_POINT('',(-1.66519096269105,-36.043054,7.11));
#10026=CARTESIAN_POINT('',(-4.22629302503114,-40.4790128953425,7.11));
#10027=CARTESIAN_POINT('',(1.65078096269105,-36.043054,7.11));
#10028=CARTESIAN_POINT('',(-1.66519096269105,-36.043054,7.11));
#10029=CARTESIAN_POINT('',(1.65078096269105,-36.043054,7.11));
#10030=CARTESIAN_POINT('Origin',(4.21548552503111,-40.4852526083767,7.75));
#10031=CARTESIAN_POINT('',(3.23140777629369,-41.0534101615138,7.75));
#10032=CARTESIAN_POINT('Origin',(3.03140777629369,-40.707,7.75));
#10033=CARTESIAN_POINT('',(3.03140777629369,-41.107,7.75));
#10034=CARTESIAN_POINT('Origin',(-3.03140777629377,-40.707,7.75));
#10035=CARTESIAN_POINT('',(-3.03140777629377,-41.107,7.75));
#10036=CARTESIAN_POINT('',(-3.23140777629377,-41.0534101615138,7.75));
#10037=CARTESIAN_POINT('Origin',(-3.1385874532662,-41.107,7.75));
#10038=CARTESIAN_POINT('',(-3.87988286351737,-40.6790128953425,7.75));
#10039=CARTESIAN_POINT('Origin',(-3.67988286351737,-40.3326027338287,7.75));
#10040=CARTESIAN_POINT('',(-4.02629302503114,-40.1326027338287,7.75));
#10041=CARTESIAN_POINT('Origin',(1.82650411245047,-40.707,7.75));
#10042=CARTESIAN_POINT('',(1.53427955269741,-40.4338611952192,7.75));
#10043=CARTESIAN_POINT('',(1.82650411245047,-41.107,7.75));
#10044=CARTESIAN_POINT('Origin',(3.13858745326614,-41.107,7.75));
#10045=CARTESIAN_POINT('Origin',(-0.007205,-38.993054,7.75));
#10046=CARTESIAN_POINT('',(2.102795,-38.993054,7.75));
#10047=CARTESIAN_POINT('',(-1.54868955269741,-40.4338611952192,7.75));
#10048=CARTESIAN_POINT('Origin',(-1.84091411245047,-40.707,7.75));
#10049=CARTESIAN_POINT('',(-1.84091411245047,-41.107,7.75));
#10050=CARTESIAN_POINT('Origin',(-1.2652379682023,-41.107,7.75));
#10051=CARTESIAN_POINT('Origin',(-1.66519096269105,-36.043054,7.75));
#10052=CARTESIAN_POINT('',(-1.66519096269105,-36.043054,7.75));
#10053=CARTESIAN_POINT('',(-4.22629302503115,-40.4790128953425,7.75));
#10054=CARTESIAN_POINT('Origin',(1.65078096269105,-36.043054,7.75));
#10055=CARTESIAN_POINT('',(1.65078096269105,-36.043054,7.75));
#10056=CARTESIAN_POINT('Origin',(4.21548552503112,-40.4852526083767,7.75));
#10057=CARTESIAN_POINT('Origin',(-1.68366477490837,-41.947,7.75));
#10058=CARTESIAN_POINT('Origin',(39.1455892629361,26.091850504372,7.75));
#10059=CARTESIAN_POINT('',(3.0234107370639,46.947,5.75));
#10060=CARTESIAN_POINT('',(3.0234107370639,46.947,7.75));
#10061=CARTESIAN_POINT('',(39.1455892629361,26.091850504372,5.75));
#10062=CARTESIAN_POINT('',(39.1455892629361,26.091850504372,5.75));
#10063=CARTESIAN_POINT('',(39.1455892629361,26.091850504372,7.75));
#10064=CARTESIAN_POINT('Origin',(42.169,20.8551494956281,7.75));
#10065=CARTESIAN_POINT('',(42.169,20.8551494956281,5.75));
#10066=CARTESIAN_POINT('',(42.169,20.8551494956281,5.75));
#10067=CARTESIAN_POINT('',(42.169,20.8551494956281,7.75));
#10068=CARTESIAN_POINT('Origin',(42.169,-20.8551494956281,7.75));
#10069=CARTESIAN_POINT('',(42.169,-20.8551494956281,5.75));
#10070=CARTESIAN_POINT('',(42.169,-20.8551494956281,5.75));
#10071=CARTESIAN_POINT('',(42.169,-20.8551494956281,7.75));
#10072=CARTESIAN_POINT('Origin',(39.1455892629361,-26.0918505043721,7.75));
#10073=CARTESIAN_POINT('',(39.1455892629361,-26.091850504372,5.75));
#10074=CARTESIAN_POINT('',(39.1455892629361,-26.0918505043721,5.75));
#10075=CARTESIAN_POINT('',(39.1455892629361,-26.0918505043721,7.75));
#10076=CARTESIAN_POINT('Origin',(3.02341073706391,-46.947,7.75));
#10077=CARTESIAN_POINT('',(3.02341073706391,-46.947,5.75));
#10078=CARTESIAN_POINT('',(3.02341073706391,-46.947,5.75));
#10079=CARTESIAN_POINT('',(3.02341073706391,-46.947,7.75));
#10080=CARTESIAN_POINT('Origin',(-3.02341073706395,-46.947,7.75));
#10081=CARTESIAN_POINT('',(-3.02341073706395,-46.947,5.75));
#10082=CARTESIAN_POINT('',(-3.02341073706395,-46.947,5.75));
#10083=CARTESIAN_POINT('',(-3.02341073706395,-46.947,7.75));
#10084=CARTESIAN_POINT('Origin',(-39.1455892629361,-26.091850504372,7.75));
#10085=CARTESIAN_POINT('',(-39.1455892629361,-26.091850504372,5.75));
#10086=CARTESIAN_POINT('',(-39.1455892629361,-26.091850504372,5.75));
#10087=CARTESIAN_POINT('',(-39.1455892629361,-26.091850504372,7.75));
#10088=CARTESIAN_POINT('Origin',(-42.169,-20.855149495628,7.75));
#10089=CARTESIAN_POINT('',(-42.169,-20.855149495628,5.75));
#10090=CARTESIAN_POINT('',(-42.169,-20.855149495628,5.75));
#10091=CARTESIAN_POINT('',(-42.169,-20.855149495628,7.75));
#10092=CARTESIAN_POINT('Origin',(-42.169,20.8551494956281,7.75));
#10093=CARTESIAN_POINT('',(-42.169,20.8551494956281,5.75));
#10094=CARTESIAN_POINT('',(-42.169,20.8551494956281,5.75));
#10095=CARTESIAN_POINT('',(-42.169,20.8551494956281,7.75));
#10096=CARTESIAN_POINT('Origin',(-39.1455892629361,26.091850504372,7.75));
#10097=CARTESIAN_POINT('',(-39.1455892629361,26.091850504372,5.75));
#10098=CARTESIAN_POINT('',(-39.1455892629361,26.091850504372,5.75));
#10099=CARTESIAN_POINT('',(-39.1455892629361,26.091850504372,7.75));
#10100=CARTESIAN_POINT('Origin',(-3.02341073706387,46.947,7.75));
#10101=CARTESIAN_POINT('',(-3.02341073706387,46.947,5.75));
#10102=CARTESIAN_POINT('',(-3.02341073706387,46.947,5.75));
#10103=CARTESIAN_POINT('',(-3.02341073706387,46.947,7.75));
#10104=CARTESIAN_POINT('Origin',(3.0234107370639,46.947,7.75));
#10105=CARTESIAN_POINT('',(3.0234107370639,46.947,5.75));
#10106=CARTESIAN_POINT('Origin',(-43.849,-21.3053041389123,7.75));
#10107=CARTESIAN_POINT('',(-43.849,-21.3053041389123,5.75));
#10108=CARTESIAN_POINT('',(-43.849,21.3053041389123,5.75));
#10109=CARTESIAN_POINT('',(-43.849,-21.3053041389123,7.75));
#10110=CARTESIAN_POINT('Origin',(-40.3754346196518,-27.3216958610877,7.75));
#10111=CARTESIAN_POINT('',(-40.3754346196518,-27.3216958610877,5.75));
#10112=CARTESIAN_POINT('',(-43.849,-21.3053041389123,5.75));
#10113=CARTESIAN_POINT('',(-40.3754346196518,-27.3216958610877,7.75));
#10114=CARTESIAN_POINT('Origin',(-3.47356538034825,-48.627,7.75));
#10115=CARTESIAN_POINT('',(-3.47356538034825,-48.627,5.75));
#10116=CARTESIAN_POINT('',(-40.3754346196518,-27.3216958610877,5.75));
#10117=CARTESIAN_POINT('',(-3.47356538034825,-48.627,7.75));
#10118=CARTESIAN_POINT('Origin',(3.47356538034818,-48.627,7.75));
#10119=CARTESIAN_POINT('',(3.47356538034818,-48.627,5.75));
#10120=CARTESIAN_POINT('',(-3.47356538034825,-48.627,5.75));
#10121=CARTESIAN_POINT('',(3.47356538034818,-48.627,7.75));
#10122=CARTESIAN_POINT('Origin',(40.3754346196518,-27.3216958610878,7.75));
#10123=CARTESIAN_POINT('',(40.3754346196518,-27.3216958610878,5.75));
#10124=CARTESIAN_POINT('',(3.47356538034818,-48.627,5.75));
#10125=CARTESIAN_POINT('',(40.3754346196518,-27.3216958610878,7.75));
#10126=CARTESIAN_POINT('Origin',(43.849,-21.3053041389124,7.75));
#10127=CARTESIAN_POINT('',(40.3754346196518,-27.3216958610878,5.75));
#10128=CARTESIAN_POINT('Origin',(0.,-8.88178419700125E-15,5.75));
#10129=CARTESIAN_POINT('',(0.,0.,0.));
#10130=CARTESIAN_POINT('Origin',(-27.0749176125458,27.3797293821985,7.19));
#10131=CARTESIAN_POINT('',(-3.13858745326611,41.107,7.27));
#10132=CARTESIAN_POINT('',(-34.0304125467339,23.2715964665276,7.27));
#10133=CARTESIAN_POINT('',(-27.0349176125459,27.3104473498957,7.27));
#10134=CARTESIAN_POINT('',(-34.1475406759449,23.3887245957386,7.11));
#10135=CARTESIAN_POINT('',(-34.0304125467339,23.2715964665276,7.27));
#10136=CARTESIAN_POINT('',(-3.18145932405506,41.2670000000001,7.11));
#10137=CARTESIAN_POINT('',(-27.1149176125458,27.4490114145012,7.11));
#10138=CARTESIAN_POINT('',(-3.18145932405506,41.2670000000001,7.11));
#10139=CARTESIAN_POINT('Origin',(-37.249,-9.75770176673618,7.19));
#10140=CARTESIAN_POINT('',(-37.169,17.8354035334725,7.27));
#10141=CARTESIAN_POINT('',(-37.169,-17.8354035334724,7.27));
#10142=CARTESIAN_POINT('',(-37.169,-9.75770176673618,7.27));
#10143=CARTESIAN_POINT('',(-37.329,-17.8782754042614,7.11));
#10144=CARTESIAN_POINT('',(-37.169,-17.8354035334724,7.27));
#10145=CARTESIAN_POINT('',(-37.329,17.8782754042615,7.11));
#10146=CARTESIAN_POINT('',(-37.329,-9.75770176673618,7.11));
#10147=CARTESIAN_POINT('',(-37.329,17.8782754042615,7.11));
#10148=CARTESIAN_POINT('Origin',(10.1740823874542,37.1374311489347,7.19));
#10149=CARTESIAN_POINT('',(3.18145932405512,41.267,7.11));
#10150=CARTESIAN_POINT('',(34.1475406759449,23.3887245957386,7.11));
#10151=CARTESIAN_POINT('',(10.2140823874542,37.2067131812374,7.11));
#10152=CARTESIAN_POINT('',(34.0304125467339,23.2715964665276,7.27));
#10153=CARTESIAN_POINT('',(34.1475406759449,23.3887245957386,7.11));
#10154=CARTESIAN_POINT('',(3.13858745326617,41.107,7.27));
#10155=CARTESIAN_POINT('',(10.1340823874542,37.0681491166319,7.27));
#10156=CARTESIAN_POINT('',(3.13858745326617,41.107,7.27));
#10157=CARTESIAN_POINT('Origin',(-10.1740823874542,-37.1374311489347,7.19));
#10158=CARTESIAN_POINT('',(-34.0304125467339,-23.2715964665276,7.27));
#10159=CARTESIAN_POINT('',(-3.1385874532662,-41.107,7.27));
#10160=CARTESIAN_POINT('',(-10.1340823874542,-37.0681491166319,7.27));
#10161=CARTESIAN_POINT('',(-3.18145932405517,-41.267,7.11));
#10162=CARTESIAN_POINT('',(-3.1385874532662,-41.107,7.27));
#10163=CARTESIAN_POINT('',(-34.1475406759449,-23.3887245957386,7.11));
#10164=CARTESIAN_POINT('',(-10.2140823874542,-37.2067131812374,7.11));
#10165=CARTESIAN_POINT('',(-34.1475406759449,-23.3887245957386,7.11));
#10166=CARTESIAN_POINT('Origin',(37.249,9.75770176673621,7.19));
#10167=CARTESIAN_POINT('',(37.329,17.8782754042614,7.11));
#10168=CARTESIAN_POINT('',(37.329,-17.8782754042615,7.11));
#10169=CARTESIAN_POINT('',(37.329,9.75770176673621,7.11));
#10170=CARTESIAN_POINT('',(37.169,-17.8354035334725,7.27));
#10171=CARTESIAN_POINT('',(37.329,-17.8782754042615,7.11));
#10172=CARTESIAN_POINT('',(37.169,17.8354035334724,7.27));
#10173=CARTESIAN_POINT('',(37.169,9.75770176673621,7.27));
#10174=CARTESIAN_POINT('',(37.169,17.8354035334724,7.27));
#10175=CARTESIAN_POINT('Origin',(27.0749176125458,-27.3797293821985,7.19));
#10176=CARTESIAN_POINT('',(3.13858745326611,-41.107,7.27));
#10177=CARTESIAN_POINT('',(34.0304125467338,-23.2715964665276,7.27));
#10178=CARTESIAN_POINT('',(27.0349176125458,-27.3104473498957,7.27));
#10179=CARTESIAN_POINT('',(34.1475406759449,-23.3887245957387,7.11));
#10180=CARTESIAN_POINT('',(34.0304125467338,-23.2715964665276,7.27));
#10181=CARTESIAN_POINT('',(3.18145932405508,-41.2670000000001,7.11));
#10182=CARTESIAN_POINT('',(27.1149176125458,-27.4490114145012,7.11));
#10183=CARTESIAN_POINT('',(3.18145932405508,-41.2670000000001,7.11));
#10184=CARTESIAN_POINT('Origin',(36.4536351689862,-19.2344517667363,7.19));
#10185=CARTESIAN_POINT('',(36.522917201289,-19.2744517667363,7.11));
#10186=CARTESIAN_POINT('',(36.3843531366835,-19.1944517667363,7.27));
#10187=CARTESIAN_POINT('Origin',(1.56929372663296,-41.187,7.19));
#10188=CARTESIAN_POINT('',(1.56929372663296,-41.107,7.27));
#10189=CARTESIAN_POINT('',(1.56929372663296,-41.2670000000001,7.11));
#10190=CARTESIAN_POINT('Origin',(34.8843414423532,21.9525482332637,7.19));
#10191=CARTESIAN_POINT('',(34.953623474656,21.9925482332637,7.11));
#10192=CARTESIAN_POINT('',(34.8150594100505,21.9125482332637,7.27));
#10193=CARTESIAN_POINT('Origin',(-34.8843414423532,-21.9525482332637,7.19));
#10194=CARTESIAN_POINT('',(-34.8150594100505,-21.9125482332637,7.27));
#10195=CARTESIAN_POINT('',(-34.953623474656,-21.9925482332637,7.11));
#10196=CARTESIAN_POINT('Origin',(-1.56929372663299,41.187,7.19));
#10197=CARTESIAN_POINT('',(-1.56929372663299,41.2670000000001,7.11));
#10198=CARTESIAN_POINT('',(-1.56929372663299,41.107,7.27));
#10199=CARTESIAN_POINT('Origin',(-36.4536351689862,19.2344517667363,7.19));
#10200=CARTESIAN_POINT('',(-36.3843531366835,19.1944517667363,7.27));
#10201=CARTESIAN_POINT('',(-36.522917201289,19.2744517667363,7.11));
#10202=CARTESIAN_POINT('Origin',(-3.13858745326605,41.107,7.11));
#10203=CARTESIAN_POINT('',(3.13858745326617,41.107,7.59));
#10204=CARTESIAN_POINT('',(3.13858745326617,41.107,7.11));
#10205=CARTESIAN_POINT('',(-3.13858745326611,41.107,7.59));
#10206=CARTESIAN_POINT('',(-1.56929372663299,41.107,7.59));
#10207=CARTESIAN_POINT('',(-3.13858745326611,41.107,7.11));
#10208=CARTESIAN_POINT('Origin',(1.68366477490831,41.947,7.11));
#10209=CARTESIAN_POINT('',(34.0304125467339,23.2715964665276,7.59));
#10210=CARTESIAN_POINT('',(34.0304125467339,23.2715964665276,7.11));
#10211=CARTESIAN_POINT('',(10.1340823874542,37.0681491166319,7.59));
#10212=CARTESIAN_POINT('Origin',(34.0304125467339,23.2715964665275,7.11));
#10213=CARTESIAN_POINT('',(37.169,17.8354035334724,7.59));
#10214=CARTESIAN_POINT('',(37.169,17.8354035334724,7.11));
#10215=CARTESIAN_POINT('',(34.8150594100505,21.9125482332637,7.59));
#10216=CARTESIAN_POINT('Origin',(37.169,19.5154035334724,7.11));
#10217=CARTESIAN_POINT('',(37.169,-17.8354035334725,7.59));
#10218=CARTESIAN_POINT('',(37.169,-17.8354035334725,7.11));
#10219=CARTESIAN_POINT('',(37.169,9.75770176673621,7.59));
#10220=CARTESIAN_POINT('Origin',(37.169,-17.8354035334725,7.11));
#10221=CARTESIAN_POINT('',(34.0304125467338,-23.2715964665276,7.59));
#10222=CARTESIAN_POINT('',(34.0304125467338,-23.2715964665276,7.11));
#10223=CARTESIAN_POINT('',(36.3843531366835,-19.1944517667363,7.59));
#10224=CARTESIAN_POINT('Origin',(35.4853352250917,-22.4315964665276,7.11));
#10225=CARTESIAN_POINT('',(3.13858745326611,-41.107,7.59));
#10226=CARTESIAN_POINT('',(3.13858745326611,-41.107,7.11));
#10227=CARTESIAN_POINT('',(27.0349176125458,-27.3104473498957,7.59));
#10228=CARTESIAN_POINT('Origin',(-8.88178419700125E-15,0.,7.11));
#10229=CARTESIAN_POINT('',(-37.8490000000001,-26.6556845782158,7.11));
#10230=CARTESIAN_POINT('',(-4.16000000000007,-46.1060377969451,7.11));
#10231=CARTESIAN_POINT('',(-30.0350446314681,-31.1670738136735,7.11));
#10232=CARTESIAN_POINT('',(-34.1086035479404,-24.4961656797432,7.11));
#10233=CARTESIAN_POINT('',(-16.0835838062731,-14.089415679743,7.11));
#10234=CARTESIAN_POINT('',(-38.2686035479405,-17.2908343202567,7.11));
#10235=CARTESIAN_POINT('',(-37.1886035479403,-19.1614491924314,7.11));
#10236=CARTESIAN_POINT('',(-42.009,-19.4503532187292,7.11));
#10237=CARTESIAN_POINT('',(-22.2045,-8.01621981256339,7.11));
#10238=CARTESIAN_POINT('',(-42.009,19.4503532187293,7.11));
#10239=CARTESIAN_POINT('',(-42.009,10.427574747814,7.11));
#10240=CARTESIAN_POINT('',(-38.2686035479403,17.2908343202568,7.11));
#10241=CARTESIAN_POINT('',(-20.2435838062727,6.88408432025698,7.11));
#10242=CARTESIAN_POINT('',(-34.1086035479404,24.4961656797434,7.11));
#10243=CARTESIAN_POINT('',(-35.1886035479405,22.6255508075687,7.11));
#10244=CARTESIAN_POINT('',(-37.8489999999999,26.6556845782159,7.11));
#10245=CARTESIAN_POINT('',(-18.0445,15.2215511720499,7.11));
#10246=CARTESIAN_POINT('',(-4.16,46.1060377969451,7.11));
#10247=CARTESIAN_POINT('',(-11.9739553685319,41.5946485614875,7.11));
#10248=CARTESIAN_POINT('',(-4.15999999999995,41.787,7.11));
#10249=CARTESIAN_POINT('',(-4.15999999999971,20.9735,7.11));
#10250=CARTESIAN_POINT('',(4.16000000000005,41.7870000000001,7.11));
#10251=CARTESIAN_POINT('',(1.9999999999997,41.7870000000001,7.11));
#10252=CARTESIAN_POINT('',(4.16000000000008,46.1060377969451,7.11));
#10253=CARTESIAN_POINT('',(4.15999999999995,23.2377709846132,7.11));
#10254=CARTESIAN_POINT('',(37.849,26.6556845782158,7.11));
#10255=CARTESIAN_POINT('',(30.0350446314681,31.1670738136735,7.11));
#10256=CARTESIAN_POINT('',(34.1086035479403,24.4961656797432,7.11));
#10257=CARTESIAN_POINT('',(16.083583806273,14.089415679743,7.11));
#10258=CARTESIAN_POINT('',(38.2686035479405,17.2908343202567,7.11));
#10259=CARTESIAN_POINT('',(37.1886035479403,19.1614491924314,7.11));
#10260=CARTESIAN_POINT('',(42.009,19.4503532187292,7.11));
#10261=CARTESIAN_POINT('',(22.2045,8.01621981256339,7.11));
#10262=CARTESIAN_POINT('',(42.009,-19.4503532187293,7.11));
#10263=CARTESIAN_POINT('',(42.009,-10.4275747478141,7.11));
#10264=CARTESIAN_POINT('',(38.2686035479403,-17.2908343202568,7.11));
#10265=CARTESIAN_POINT('',(20.2435838062727,-6.88408432025697,7.11));
#10266=CARTESIAN_POINT('',(34.1086035479404,-24.4961656797434,7.11));
#10267=CARTESIAN_POINT('',(35.1886035479405,-22.6255508075687,7.11));
#10268=CARTESIAN_POINT('',(37.849,-26.6556845782159,7.11));
#10269=CARTESIAN_POINT('',(18.0445,-15.2215511720498,7.11));
#10270=CARTESIAN_POINT('',(4.16,-46.1060377969452,7.11));
#10271=CARTESIAN_POINT('',(11.9739553685319,-41.5946485614875,7.11));
#10272=CARTESIAN_POINT('',(4.15999999999995,-41.787,7.11));
#10273=CARTESIAN_POINT('',(4.15999999999971,-20.9735,7.11));
#10274=CARTESIAN_POINT('',(-4.16000000000005,-41.7870000000001,7.11));
#10275=CARTESIAN_POINT('',(-1.99999999999971,-41.7870000000001,7.11));
#10276=CARTESIAN_POINT('',(-4.15999999999995,-23.2377709846132,7.11));
#10277=CARTESIAN_POINT('Origin',(42.089,-10.4275747478141,7.19));
#10278=CARTESIAN_POINT('',(42.169,19.7274813479402,7.27));
#10279=CARTESIAN_POINT('',(42.169,-19.7274813479403,7.27));
#10280=CARTESIAN_POINT('',(42.169,-10.4275747478141,7.27));
#10281=CARTESIAN_POINT('',(42.169,-19.7274813479403,7.27));
#10282=CARTESIAN_POINT('',(42.169,19.7274813479402,7.27));
#10283=CARTESIAN_POINT('Origin',(20.2035838062727,-6.95336635255972,7.19));
#10284=CARTESIAN_POINT('',(38.3271676125458,-17.5093983848623,7.27));
#10285=CARTESIAN_POINT('',(20.1635838062727,-7.02264838486248,7.27));
#10286=CARTESIAN_POINT('',(38.3271676125458,-17.5093983848623,7.27));
#10287=CARTESIAN_POINT('Origin',(35.2578855802433,-22.6655508075687,7.19));
#10288=CARTESIAN_POINT('',(34.3271676125458,-24.4376016151378,7.27));
#10289=CARTESIAN_POINT('',(35.327167612546,-22.7055508075687,7.27));
#10290=CARTESIAN_POINT('',(34.3271676125458,-24.4376016151378,7.27));
#10291=CARTESIAN_POINT('Origin',(12.0139553685319,-41.6639305937903,7.19));
#10292=CARTESIAN_POINT('',(38.169,-26.6556845782159,7.27));
#10293=CARTESIAN_POINT('',(4.,-46.3831659261562,7.27));
#10294=CARTESIAN_POINT('',(12.0539553685319,-41.733212626093,7.27));
#10295=CARTESIAN_POINT('',(4.,-46.3831659261562,7.27));
#10296=CARTESIAN_POINT('',(37.849,-26.6556845782159,7.11));
#10297=CARTESIAN_POINT('Origin',(4.07999999999971,-20.9735,7.19));
#10298=CARTESIAN_POINT('',(3.99999999999995,-41.947,7.27));
#10299=CARTESIAN_POINT('',(3.99999999999971,-20.9735,7.27));
#10300=CARTESIAN_POINT('',(3.99999999999995,-41.947,7.27));
#10301=CARTESIAN_POINT('Origin',(-1.9999999999997,-41.8670000000001,7.19));
#10302=CARTESIAN_POINT('',(-4.00000000000005,-41.947,7.27));
#10303=CARTESIAN_POINT('',(-1.9999999999997,-41.9470000000001,7.27));
#10304=CARTESIAN_POINT('',(-4.00000000000005,-41.947,7.27));
#10305=CARTESIAN_POINT('Origin',(-30.0750446314681,-31.2363558459762,7.19));
#10306=CARTESIAN_POINT('',(-4.00000000000007,-46.3831659261562,7.27));
#10307=CARTESIAN_POINT('',(-38.169,-26.6556845782158,7.27));
#10308=CARTESIAN_POINT('',(-30.1150446314681,-31.305637878279,7.27));
#10309=CARTESIAN_POINT('',(-38.169,-26.6556845782158,7.27));
#10310=CARTESIAN_POINT('',(-4.16000000000007,-46.1060377969451,7.11));
#10311=CARTESIAN_POINT('Origin',(-16.1235838062731,-14.0201336474402,7.19));
#10312=CARTESIAN_POINT('',(-34.3271676125459,-24.4376016151377,7.27));
#10313=CARTESIAN_POINT('',(-16.1635838062731,-13.9508516151375,7.27));
#10314=CARTESIAN_POINT('',(-34.3271676125459,-24.4376016151377,7.27));
#10315=CARTESIAN_POINT('Origin',(-37.257885580243,-19.2014491924314,7.19));
#10316=CARTESIAN_POINT('',(-38.3271676125459,-17.5093983848622,7.27));
#10317=CARTESIAN_POINT('',(-37.3271676125458,-19.2414491924314,7.27));
#10318=CARTESIAN_POINT('',(-38.3271676125459,-17.5093983848622,7.27));
#10319=CARTESIAN_POINT('Origin',(-22.1645,-8.08550184486614,7.19));
#10320=CARTESIAN_POINT('',(-42.169,-19.7274813479402,7.27));
#10321=CARTESIAN_POINT('',(-22.1245,-8.15478387716889,7.27));
#10322=CARTESIAN_POINT('',(-42.169,-19.7274813479402,7.27));
#10323=CARTESIAN_POINT('Origin',(-42.089,10.427574747814,7.19));
#10324=CARTESIAN_POINT('',(-42.169,19.7274813479403,7.27));
#10325=CARTESIAN_POINT('',(-42.169,10.427574747814,7.27));
#10326=CARTESIAN_POINT('',(-42.169,19.7274813479403,7.27));
#10327=CARTESIAN_POINT('Origin',(-20.2035838062727,6.95336635255974,7.19));
#10328=CARTESIAN_POINT('',(-38.3271676125458,17.5093983848623,7.27));
#10329=CARTESIAN_POINT('',(-20.1635838062727,7.02264838486249,7.27));
#10330=CARTESIAN_POINT('',(-38.3271676125458,17.5093983848623,7.27));
#10331=CARTESIAN_POINT('Origin',(-35.2578855802433,22.6655508075687,7.19));
#10332=CARTESIAN_POINT('',(-34.3271676125458,24.4376016151378,7.27));
#10333=CARTESIAN_POINT('',(-35.327167612546,22.7055508075687,7.27));
#10334=CARTESIAN_POINT('',(-34.3271676125458,24.4376016151378,7.27));
#10335=CARTESIAN_POINT('Origin',(-4.07999999999995,-23.2377709846132,7.19));
#10336=CARTESIAN_POINT('',(-3.99999999999995,-23.2377709846132,7.27));
#10337=CARTESIAN_POINT('Origin',(-18.0845,15.1522691397471,7.19));
#10338=CARTESIAN_POINT('',(-38.1689999999999,26.6556845782159,7.27));
#10339=CARTESIAN_POINT('',(-18.1245,15.0829871074443,7.27));
#10340=CARTESIAN_POINT('',(-38.1689999999999,26.6556845782159,7.27));
#10341=CARTESIAN_POINT('Origin',(-12.0139553685319,41.6639305937903,7.19));
#10342=CARTESIAN_POINT('',(-4.,46.3831659261562,7.27));
#10343=CARTESIAN_POINT('',(-12.0539553685319,41.733212626093,7.27));
#10344=CARTESIAN_POINT('',(-4.,46.3831659261562,7.27));
#10345=CARTESIAN_POINT('Origin',(-4.07999999999971,20.9735,7.19));
#10346=CARTESIAN_POINT('',(-3.99999999999995,41.947,7.27));
#10347=CARTESIAN_POINT('',(-3.99999999999971,20.9735,7.27));
#10348=CARTESIAN_POINT('',(-3.99999999999995,41.947,7.27));
#10349=CARTESIAN_POINT('Origin',(1.9999999999997,41.8670000000001,7.19));
#10350=CARTESIAN_POINT('',(4.00000000000006,41.947,7.27));
#10351=CARTESIAN_POINT('',(1.9999999999997,41.9470000000001,7.27));
#10352=CARTESIAN_POINT('',(4.00000000000006,41.947,7.27));
#10353=CARTESIAN_POINT('Origin',(18.0845,-15.1522691397471,7.19));
#10354=CARTESIAN_POINT('',(18.1245,-15.0829871074443,7.27));
#10355=CARTESIAN_POINT('Origin',(4.07999999999995,23.2377709846132,7.19));
#10356=CARTESIAN_POINT('',(4.00000000000008,46.3831659261561,7.27));
#10357=CARTESIAN_POINT('',(3.99999999999995,23.2377709846132,7.27));
#10358=CARTESIAN_POINT('',(4.00000000000008,46.3831659261561,7.27));
#10359=CARTESIAN_POINT('Origin',(30.0750446314681,31.2363558459762,7.19));
#10360=CARTESIAN_POINT('',(38.169,26.6556845782158,7.27));
#10361=CARTESIAN_POINT('',(30.1150446314681,31.305637878279,7.27));
#10362=CARTESIAN_POINT('',(38.169,26.6556845782158,7.27));
#10363=CARTESIAN_POINT('Origin',(16.123583806273,14.0201336474402,7.19));
#10364=CARTESIAN_POINT('',(34.3271676125458,24.4376016151377,7.27));
#10365=CARTESIAN_POINT('',(16.163583806273,13.9508516151375,7.27));
#10366=CARTESIAN_POINT('',(34.3271676125458,24.4376016151377,7.27));
#10367=CARTESIAN_POINT('Origin',(37.257885580243,19.2014491924314,7.19));
#10368=CARTESIAN_POINT('',(38.3271676125459,17.5093983848622,7.27));
#10369=CARTESIAN_POINT('',(37.3271676125458,19.2414491924314,7.27));
#10370=CARTESIAN_POINT('',(38.3271676125459,17.5093983848622,7.27));
#10371=CARTESIAN_POINT('Origin',(22.1645,8.08550184486615,7.19));
#10372=CARTESIAN_POINT('',(22.1245,8.1547838771689,7.27));
#10373=CARTESIAN_POINT('Origin',(4.00000000000008,46.4755419692265,9.75));
#10374=CARTESIAN_POINT('',(4.00000000000006,41.947,7.59));
#10375=CARTESIAN_POINT('',(4.00000000000006,41.947,9.75));
#10376=CARTESIAN_POINT('',(4.00000000000008,46.3831659261561,7.59));
#10377=CARTESIAN_POINT('',(3.99999999999995,23.2377709846132,7.59));
#10378=CARTESIAN_POINT('',(4.00000000000008,46.3831659261561,8.43));
#10379=CARTESIAN_POINT('Origin',(4.00000000000006,41.9470000000001,9.75));
#10380=CARTESIAN_POINT('',(-3.99999999999995,41.947,7.59));
#10381=CARTESIAN_POINT('',(-3.99999999999995,41.947,9.75));
#10382=CARTESIAN_POINT('',(1.9999999999997,41.9470000000001,7.59));
#10383=CARTESIAN_POINT('Origin',(-3.99999999999995,41.947,9.75));
#10384=CARTESIAN_POINT('',(-4.,46.3831659261562,7.59));
#10385=CARTESIAN_POINT('',(-4.,46.3831659261562,8.43));
#10386=CARTESIAN_POINT('',(-3.99999999999971,20.9735,7.59));
#10387=CARTESIAN_POINT('Origin',(-3.02341073706387,46.947,7.11));
#10388=CARTESIAN_POINT('',(-38.1689999999999,26.6556845782159,7.59));
#10389=CARTESIAN_POINT('',(-38.1689999999999,26.6556845782159,8.43));
#10390=CARTESIAN_POINT('',(-12.0539553685319,41.733212626093,7.59));
#10391=CARTESIAN_POINT('Origin',(-38.249,26.7018725997511,9.75));
#10392=CARTESIAN_POINT('',(-34.3271676125458,24.4376016151378,7.59));
#10393=CARTESIAN_POINT('',(-34.3271676125458,24.4376016151378,9.75));
#10394=CARTESIAN_POINT('',(-18.1245,15.0829871074443,7.59));
#10395=CARTESIAN_POINT('Origin',(-34.3271676125459,24.4376016151379,9.75));
#10396=CARTESIAN_POINT('',(-38.3271676125458,17.5093983848623,7.59));
#10397=CARTESIAN_POINT('',(-38.3271676125458,17.5093983848623,9.75));
#10398=CARTESIAN_POINT('',(-35.327167612546,22.7055508075687,7.59));
#10399=CARTESIAN_POINT('Origin',(-38.3271676125458,17.5093983848623,9.75));
#10400=CARTESIAN_POINT('',(-42.169,19.7274813479403,7.59));
#10401=CARTESIAN_POINT('',(-42.169,19.7274813479403,8.43));
#10402=CARTESIAN_POINT('',(-20.1635838062727,7.02264838486249,7.59));
#10403=CARTESIAN_POINT('Origin',(-42.169,20.8551494956281,7.11));
#10404=CARTESIAN_POINT('',(-42.169,-19.7274813479402,7.59));
#10405=CARTESIAN_POINT('',(-42.169,-19.7274813479402,8.43));
#10406=CARTESIAN_POINT('',(-42.169,10.427574747814,7.59));
#10407=CARTESIAN_POINT('Origin',(-42.2490000000001,-19.7736693694754,9.75));
#10408=CARTESIAN_POINT('',(-38.3271676125459,-17.5093983848622,7.59));
#10409=CARTESIAN_POINT('',(-38.3271676125459,-17.5093983848622,9.75));
#10410=CARTESIAN_POINT('',(-22.1245,-8.15478387716889,7.59));
#10411=CARTESIAN_POINT('Origin',(-38.327167612546,-17.5093983848622,9.75));
#10412=CARTESIAN_POINT('',(-34.3271676125459,-24.4376016151377,7.59));
#10413=CARTESIAN_POINT('',(-34.3271676125459,-24.4376016151377,9.75));
#10414=CARTESIAN_POINT('',(-37.3271676125458,-19.2414491924314,7.59));
#10415=CARTESIAN_POINT('Origin',(-34.3271676125459,-24.4376016151377,9.75));
#10416=CARTESIAN_POINT('',(-38.169,-26.6556845782158,7.59));
#10417=CARTESIAN_POINT('',(-38.169,-26.6556845782158,8.43));
#10418=CARTESIAN_POINT('',(-16.1635838062731,-13.9508516151375,7.59));
#10419=CARTESIAN_POINT('Origin',(-39.1455892629361,-26.091850504372,7.11));
#10420=CARTESIAN_POINT('',(-4.00000000000007,-46.3831659261562,7.59));
#10421=CARTESIAN_POINT('',(-4.00000000000007,-46.3831659261562,8.43));
#10422=CARTESIAN_POINT('',(-30.1150446314681,-31.305637878279,7.59));
#10423=CARTESIAN_POINT('Origin',(22.1645,8.08550184486615,7.67));
#10424=CARTESIAN_POINT('',(38.2686035479405,17.2908343202567,7.75));
#10425=CARTESIAN_POINT('',(42.009,19.4503532187292,7.75));
#10426=CARTESIAN_POINT('',(22.2045,8.01621981256339,7.75));
#10427=CARTESIAN_POINT('',(42.169,19.7274813479402,7.59));
#10428=CARTESIAN_POINT('',(42.009,19.4503532187292,7.75));
#10429=CARTESIAN_POINT('',(38.3271676125459,17.5093983848622,7.59));
#10430=CARTESIAN_POINT('',(22.1245,8.1547838771689,7.59));
#10431=CARTESIAN_POINT('',(38.2686035479405,17.2908343202567,7.75));
#10432=CARTESIAN_POINT('Origin',(42.089,-10.4275747478141,7.67));
#10433=CARTESIAN_POINT('',(42.009,-19.4503532187293,7.75));
#10434=CARTESIAN_POINT('',(42.009,-10.4275747478141,7.75));
#10435=CARTESIAN_POINT('',(42.169,-19.7274813479403,7.59));
#10436=CARTESIAN_POINT('',(42.009,-19.4503532187293,7.75));
#10437=CARTESIAN_POINT('',(42.169,-10.4275747478141,7.59));
#10438=CARTESIAN_POINT('Origin',(20.2035838062727,-6.95336635255972,7.67));
#10439=CARTESIAN_POINT('',(38.2686035479403,-17.2908343202568,7.75));
#10440=CARTESIAN_POINT('',(20.2435838062727,-6.88408432025697,7.75));
#10441=CARTESIAN_POINT('',(38.3271676125458,-17.5093983848623,7.59));
#10442=CARTESIAN_POINT('',(38.2686035479403,-17.2908343202568,7.75));
#10443=CARTESIAN_POINT('',(20.1635838062727,-7.02264838486248,7.59));
#10444=CARTESIAN_POINT('Origin',(35.2578855802433,-22.6655508075687,7.67));
#10445=CARTESIAN_POINT('',(34.1086035479404,-24.4961656797434,7.75));
#10446=CARTESIAN_POINT('',(35.1886035479405,-22.6255508075687,7.75));
#10447=CARTESIAN_POINT('',(34.3271676125458,-24.4376016151378,7.59));
#10448=CARTESIAN_POINT('',(34.1086035479404,-24.4961656797434,7.75));
#10449=CARTESIAN_POINT('',(35.327167612546,-22.7055508075687,7.59));
#10450=CARTESIAN_POINT('Origin',(18.0845,-15.1522691397471,7.67));
#10451=CARTESIAN_POINT('',(37.849,-26.6556845782159,7.75));
#10452=CARTESIAN_POINT('',(18.0445,-15.2215511720498,7.75));
#10453=CARTESIAN_POINT('',(38.169,-26.6556845782159,7.59));
#10454=CARTESIAN_POINT('',(37.849,-26.6556845782159,7.75));
#10455=CARTESIAN_POINT('',(18.1245,-15.0829871074443,7.59));
#10456=CARTESIAN_POINT('Origin',(12.0139553685319,-41.6639305937903,7.67));
#10457=CARTESIAN_POINT('',(4.16,-46.1060377969452,7.75));
#10458=CARTESIAN_POINT('',(11.9739553685319,-41.5946485614875,7.75));
#10459=CARTESIAN_POINT('',(4.,-46.3831659261562,7.59));
#10460=CARTESIAN_POINT('',(4.16,-46.1060377969452,7.75));
#10461=CARTESIAN_POINT('',(12.0539553685319,-41.733212626093,7.59));
#10462=CARTESIAN_POINT('Origin',(4.07999999999971,-20.9735,7.67));
#10463=CARTESIAN_POINT('',(4.15999999999995,-41.787,7.75));
#10464=CARTESIAN_POINT('',(4.15999999999971,-20.9735,7.75));
#10465=CARTESIAN_POINT('',(3.99999999999995,-41.947,7.59));
#10466=CARTESIAN_POINT('',(4.15999999999995,-41.787,7.75));
#10467=CARTESIAN_POINT('',(3.99999999999971,-20.9735,7.59));
#10468=CARTESIAN_POINT('Origin',(-1.9999999999997,-41.8670000000001,7.67));
#10469=CARTESIAN_POINT('',(-4.16000000000005,-41.7870000000001,7.75));
#10470=CARTESIAN_POINT('',(-1.99999999999971,-41.7870000000001,7.75));
#10471=CARTESIAN_POINT('',(-4.00000000000005,-41.947,7.59));
#10472=CARTESIAN_POINT('',(-4.16000000000005,-41.7870000000001,7.75));
#10473=CARTESIAN_POINT('',(-1.9999999999997,-41.9470000000001,7.59));
#10474=CARTESIAN_POINT('Origin',(-4.07999999999995,-23.2377709846132,7.67));
#10475=CARTESIAN_POINT('',(-4.16000000000007,-46.1060377969451,7.75));
#10476=CARTESIAN_POINT('',(-4.15999999999995,-23.2377709846132,7.75));
#10477=CARTESIAN_POINT('',(-4.16000000000007,-46.1060377969451,7.75));
#10478=CARTESIAN_POINT('',(-3.99999999999995,-23.2377709846132,7.59));
#10479=CARTESIAN_POINT('Origin',(-30.0750446314681,-31.2363558459762,7.67));
#10480=CARTESIAN_POINT('',(-37.8490000000001,-26.6556845782158,7.75));
#10481=CARTESIAN_POINT('',(-30.0350446314681,-31.1670738136735,7.75));
#10482=CARTESIAN_POINT('',(-37.8490000000001,-26.6556845782158,7.75));
#10483=CARTESIAN_POINT('Origin',(-16.1235838062731,-14.0201336474402,7.67));
#10484=CARTESIAN_POINT('',(-34.1086035479404,-24.4961656797432,7.75));
#10485=CARTESIAN_POINT('',(-16.0835838062731,-14.089415679743,7.75));
#10486=CARTESIAN_POINT('',(-34.1086035479404,-24.4961656797432,7.75));
#10487=CARTESIAN_POINT('Origin',(-37.257885580243,-19.2014491924314,7.67));
#10488=CARTESIAN_POINT('',(-38.2686035479405,-17.2908343202567,7.75));
#10489=CARTESIAN_POINT('',(-37.1886035479403,-19.1614491924314,7.75));
#10490=CARTESIAN_POINT('',(-38.2686035479405,-17.2908343202567,7.75));
#10491=CARTESIAN_POINT('Origin',(-22.1645,-8.08550184486614,7.67));
#10492=CARTESIAN_POINT('',(-42.009,-19.4503532187292,7.75));
#10493=CARTESIAN_POINT('',(-22.2045,-8.01621981256339,7.75));
#10494=CARTESIAN_POINT('',(-42.009,-19.4503532187292,7.75));
#10495=CARTESIAN_POINT('Origin',(-42.089,10.427574747814,7.67));
#10496=CARTESIAN_POINT('',(-42.009,19.4503532187293,7.75));
#10497=CARTESIAN_POINT('',(-42.009,10.427574747814,7.75));
#10498=CARTESIAN_POINT('',(-42.009,19.4503532187293,7.75));
#10499=CARTESIAN_POINT('Origin',(-20.2035838062727,6.95336635255974,7.67));
#10500=CARTESIAN_POINT('',(-38.2686035479403,17.2908343202568,7.75));
#10501=CARTESIAN_POINT('',(-20.2435838062727,6.88408432025698,7.75));
#10502=CARTESIAN_POINT('',(-38.2686035479403,17.2908343202568,7.75));
#10503=CARTESIAN_POINT('Origin',(-35.2578855802433,22.6655508075687,7.67));
#10504=CARTESIAN_POINT('',(-34.1086035479404,24.4961656797434,7.75));
#10505=CARTESIAN_POINT('',(-35.1886035479405,22.6255508075687,7.75));
#10506=CARTESIAN_POINT('',(-34.1086035479404,24.4961656797434,7.75));
#10507=CARTESIAN_POINT('Origin',(-18.0845,15.1522691397471,7.67));
#10508=CARTESIAN_POINT('',(-37.8489999999999,26.6556845782159,7.75));
#10509=CARTESIAN_POINT('',(-18.0445,15.2215511720499,7.75));
#10510=CARTESIAN_POINT('',(-37.8489999999999,26.6556845782159,7.75));
#10511=CARTESIAN_POINT('Origin',(-12.0139553685319,41.6639305937903,7.67));
#10512=CARTESIAN_POINT('',(-4.16,46.1060377969451,7.75));
#10513=CARTESIAN_POINT('',(-11.9739553685319,41.5946485614875,7.75));
#10514=CARTESIAN_POINT('',(-4.16,46.1060377969451,7.75));
#10515=CARTESIAN_POINT('Origin',(-4.07999999999971,20.9735,7.67));
#10516=CARTESIAN_POINT('',(-4.15999999999995,41.787,7.75));
#10517=CARTESIAN_POINT('',(-4.15999999999971,20.9735,7.75));
#10518=CARTESIAN_POINT('',(-4.15999999999995,41.787,7.75));
#10519=CARTESIAN_POINT('Origin',(1.9999999999997,41.8670000000001,7.67));
#10520=CARTESIAN_POINT('',(4.16000000000005,41.7870000000001,7.75));
#10521=CARTESIAN_POINT('',(1.9999999999997,41.7870000000001,7.75));
#10522=CARTESIAN_POINT('',(4.16000000000005,41.7870000000001,7.75));
#10523=CARTESIAN_POINT('Origin',(4.07999999999995,23.2377709846132,7.67));
#10524=CARTESIAN_POINT('',(4.16000000000007,46.1060377969451,7.75));
#10525=CARTESIAN_POINT('',(4.15999999999995,23.2377709846132,7.75));
#10526=CARTESIAN_POINT('',(4.16000000000008,46.1060377969451,7.75));
#10527=CARTESIAN_POINT('Origin',(30.0750446314681,31.2363558459762,7.67));
#10528=CARTESIAN_POINT('',(38.169,26.6556845782158,7.59));
#10529=CARTESIAN_POINT('',(30.1150446314681,31.305637878279,7.59));
#10530=CARTESIAN_POINT('',(37.849,26.6556845782158,7.75));
#10531=CARTESIAN_POINT('',(30.0350446314681,31.1670738136735,7.75));
#10532=CARTESIAN_POINT('',(37.849,26.6556845782158,7.75));
#10533=CARTESIAN_POINT('Origin',(16.123583806273,14.0201336474402,7.67));
#10534=CARTESIAN_POINT('',(34.3271676125458,24.4376016151377,7.59));
#10535=CARTESIAN_POINT('',(16.163583806273,13.9508516151375,7.59));
#10536=CARTESIAN_POINT('',(34.1086035479403,24.4961656797432,7.75));
#10537=CARTESIAN_POINT('',(16.083583806273,14.089415679743,7.75));
#10538=CARTESIAN_POINT('',(34.1086035479403,24.4961656797432,7.75));
#10539=CARTESIAN_POINT('Origin',(37.257885580243,19.2014491924314,7.67));
#10540=CARTESIAN_POINT('',(37.3271676125458,19.2414491924314,7.59));
#10541=CARTESIAN_POINT('',(37.1886035479403,19.1614491924314,7.75));
#10542=CARTESIAN_POINT('Origin',(39.1455892629361,26.091850504372,7.11));
#10543=CARTESIAN_POINT('',(38.169,26.6556845782158,8.43));
#10544=CARTESIAN_POINT('Origin',(34.3271676125458,24.4376016151377,9.75));
#10545=CARTESIAN_POINT('',(34.3271676125458,24.4376016151377,9.75));
#10546=CARTESIAN_POINT('Origin',(38.327167612546,17.5093983848622,9.75));
#10547=CARTESIAN_POINT('',(38.3271676125459,17.5093983848622,9.75));
#10548=CARTESIAN_POINT('Origin',(42.2490000000001,19.7736693694754,9.75));
#10549=CARTESIAN_POINT('',(42.169,19.7274813479402,8.43));
#10550=CARTESIAN_POINT('Origin',(-8.88178419700125E-15,0.,7.75));
#10551=CARTESIAN_POINT('',(34.1475406759449,23.3887245957386,7.75));
#10552=CARTESIAN_POINT('',(3.18145932405511,41.267,7.75));
#10553=CARTESIAN_POINT('',(10.2140823874542,37.2067131812374,7.75));
#10554=CARTESIAN_POINT('',(37.329,17.8782754042614,7.75));
#10555=CARTESIAN_POINT('',(34.953623474656,21.9925482332637,7.75));
#10556=CARTESIAN_POINT('',(37.329,-17.8782754042615,7.75));
#10557=CARTESIAN_POINT('',(37.329,9.75770176673621,7.75));
#10558=CARTESIAN_POINT('',(34.1475406759449,-23.3887245957387,7.75));
#10559=CARTESIAN_POINT('',(36.522917201289,-19.2744517667363,7.75));
#10560=CARTESIAN_POINT('',(3.18145932405508,-41.2670000000001,7.75));
#10561=CARTESIAN_POINT('',(27.1149176125458,-27.4490114145012,7.75));
#10562=CARTESIAN_POINT('',(-3.18145932405517,-41.267,7.75));
#10563=CARTESIAN_POINT('',(1.56929372663296,-41.2670000000001,7.75));
#10564=CARTESIAN_POINT('',(-34.1475406759449,-23.3887245957386,7.75));
#10565=CARTESIAN_POINT('',(-10.2140823874542,-37.2067131812374,7.75));
#10566=CARTESIAN_POINT('',(-37.329,-17.8782754042614,7.75));
#10567=CARTESIAN_POINT('',(-34.953623474656,-21.9925482332637,7.75));
#10568=CARTESIAN_POINT('',(-37.329,17.8782754042615,7.75));
#10569=CARTESIAN_POINT('',(-37.329,-9.75770176673618,7.75));
#10570=CARTESIAN_POINT('',(-34.1475406759449,23.3887245957386,7.75));
#10571=CARTESIAN_POINT('',(-36.522917201289,19.2744517667363,7.75));
#10572=CARTESIAN_POINT('',(-3.18145932405506,41.2670000000001,7.75));
#10573=CARTESIAN_POINT('',(-27.1149176125458,27.4490114145012,7.75));
#10574=CARTESIAN_POINT('',(-1.56929372663299,41.2670000000001,7.75));
#10575=CARTESIAN_POINT('Origin',(10.1740823874542,37.1374311489347,7.67));
#10576=CARTESIAN_POINT('',(3.18145932405511,41.267,7.75));
#10577=CARTESIAN_POINT('',(34.1475406759449,23.3887245957386,7.75));
#10578=CARTESIAN_POINT('Origin',(-1.56929372663299,41.187,7.67));
#10579=CARTESIAN_POINT('',(-3.18145932405506,41.2670000000001,7.75));
#10580=CARTESIAN_POINT('Origin',(-27.0749176125458,27.3797293821985,7.67));
#10581=CARTESIAN_POINT('',(-34.0304125467339,23.2715964665276,7.59));
#10582=CARTESIAN_POINT('',(-34.1475406759449,23.3887245957386,7.75));
#10583=CARTESIAN_POINT('',(-27.0349176125459,27.3104473498957,7.59));
#10584=CARTESIAN_POINT('Origin',(-36.4536351689862,19.2344517667363,7.67));
#10585=CARTESIAN_POINT('',(-37.169,17.8354035334725,7.59));
#10586=CARTESIAN_POINT('',(-37.329,17.8782754042615,7.75));
#10587=CARTESIAN_POINT('',(-36.3843531366835,19.1944517667363,7.59));
#10588=CARTESIAN_POINT('Origin',(-37.249,-9.75770176673618,7.67));
#10589=CARTESIAN_POINT('',(-37.169,-17.8354035334724,7.59));
#10590=CARTESIAN_POINT('',(-37.329,-17.8782754042614,7.75));
#10591=CARTESIAN_POINT('',(-37.169,-9.75770176673618,7.59));
#10592=CARTESIAN_POINT('Origin',(-34.8843414423532,-21.9525482332637,7.67));
#10593=CARTESIAN_POINT('',(-34.0304125467339,-23.2715964665276,7.59));
#10594=CARTESIAN_POINT('',(-34.1475406759449,-23.3887245957386,7.75));
#10595=CARTESIAN_POINT('',(-34.8150594100505,-21.9125482332637,7.59));
#10596=CARTESIAN_POINT('Origin',(-10.1740823874542,-37.1374311489347,7.67));
#10597=CARTESIAN_POINT('',(-3.1385874532662,-41.107,7.59));
#10598=CARTESIAN_POINT('',(-3.18145932405517,-41.267,7.75));
#10599=CARTESIAN_POINT('',(-10.1340823874542,-37.0681491166319,7.59));
#10600=CARTESIAN_POINT('Origin',(1.56929372663296,-41.187,7.67));
#10601=CARTESIAN_POINT('',(1.56929372663296,-41.107,7.59));
#10602=CARTESIAN_POINT('',(3.18145932405508,-41.2670000000001,7.75));
#10603=CARTESIAN_POINT('Origin',(27.0749176125458,-27.3797293821985,7.67));
#10604=CARTESIAN_POINT('',(34.1475406759449,-23.3887245957387,7.75));
#10605=CARTESIAN_POINT('Origin',(36.4536351689862,-19.2344517667363,7.67));
#10606=CARTESIAN_POINT('',(37.329,-17.8782754042615,7.75));
#10607=CARTESIAN_POINT('Origin',(37.249,9.75770176673621,7.67));
#10608=CARTESIAN_POINT('',(37.329,17.8782754042614,7.75));
#10609=CARTESIAN_POINT('Origin',(34.8843414423532,21.9525482332637,7.67));
#10610=CARTESIAN_POINT('Origin',(3.13858745326602,-41.107,7.11));
#10611=CARTESIAN_POINT('',(-3.1385874532662,-41.107,7.11));
#10612=CARTESIAN_POINT('Origin',(38.3271676125458,-17.5093983848623,9.75));
#10613=CARTESIAN_POINT('',(42.169,-19.7274813479403,8.43));
#10614=CARTESIAN_POINT('',(38.3271676125458,-17.5093983848623,9.75));
#10615=CARTESIAN_POINT('Origin',(34.3271676125459,-24.4376016151378,9.75));
#10616=CARTESIAN_POINT('',(34.3271676125458,-24.4376016151378,9.75));
#10617=CARTESIAN_POINT('Origin',(38.249,-26.7018725997511,9.75));
#10618=CARTESIAN_POINT('',(38.169,-26.6556845782159,8.43));
#10619=CARTESIAN_POINT('Origin',(3.99999999999995,-41.947,9.75));
#10620=CARTESIAN_POINT('',(4.,-46.3831659261562,8.43));
#10621=CARTESIAN_POINT('',(3.99999999999995,-41.947,9.75));
#10622=CARTESIAN_POINT('Origin',(-4.00000000000005,-41.9470000000001,9.75));
#10623=CARTESIAN_POINT('',(-4.00000000000005,-41.947,9.75));
#10624=CARTESIAN_POINT('Origin',(-4.00000000000007,-46.4755419692265,9.75));
#10625=CARTESIAN_POINT('Origin',(3.02341073706391,-46.947,7.11));
#10626=CARTESIAN_POINT('Origin',(-34.0304125467339,-23.2715964665275,7.11));
#10627=CARTESIAN_POINT('',(-37.169,-17.8354035334724,7.11));
#10628=CARTESIAN_POINT('',(-34.0304125467339,-23.2715964665276,7.11));
#10629=CARTESIAN_POINT('Origin',(-37.169,17.8354035334725,7.11));
#10630=CARTESIAN_POINT('',(-34.0304125467339,23.2715964665276,7.11));
#10631=CARTESIAN_POINT('',(-37.169,17.8354035334725,7.11));
#10632=CARTESIAN_POINT('Origin',(-1.68366477490837,-41.947,7.11));
#10633=CARTESIAN_POINT('Origin',(-35.4853352250917,22.4315964665276,7.11));
#10634=CARTESIAN_POINT('Origin',(-37.169,-19.5154035334724,7.11));
#10635=CARTESIAN_POINT('Origin',(42.169,-20.8551494956281,7.11));
#10636=CARTESIAN_POINT('',(0.,0.,0.));
#10637=CARTESIAN_POINT('Origin',(-0.841832387454215,-42.347,9.55));
#10638=CARTESIAN_POINT('',(1.62060501713246,-42.147,9.35));
#10639=CARTESIAN_POINT('',(-1.62060501713262,-42.147,9.35));
#10640=CARTESIAN_POINT('',(-0.841832387454218,-42.147,9.35));
#10641=CARTESIAN_POINT('',(-1.49448550158104,-42.5470000000001,9.75));
#10642=CARTESIAN_POINT('',(-1.62060501713262,-42.147,9.35));
#10643=CARTESIAN_POINT('',(1.49448550158088,-42.547,9.75));
#10644=CARTESIAN_POINT('',(-0.841832387454212,-42.5470000000001,9.75));
#10645=CARTESIAN_POINT('',(1.62060501713246,-42.147,9.35));
#10646=CARTESIAN_POINT('Origin',(-2.64484667245845,-45.757,9.55));
#10647=CARTESIAN_POINT('',(-2.84484667245845,-43.0042232356495,9.35));
#10648=CARTESIAN_POINT('',(-2.84484667245845,-46.827,9.35));
#10649=CARTESIAN_POINT('',(-2.84484667245845,-45.757,9.35));
#10650=CARTESIAN_POINT('',(-2.44484667245845,-46.427,9.75));
#10651=CARTESIAN_POINT('',(-2.84484667245845,-46.827,9.35));
#10652=CARTESIAN_POINT('',(-2.44484667245845,-43.2124500558702,9.75));
#10653=CARTESIAN_POINT('',(-2.44484667245845,-45.757,9.75));
#10654=CARTESIAN_POINT('',(-2.44484667245845,-43.2124500558702,9.75));
#10655=CARTESIAN_POINT('Origin',(1.52242333622917,-46.627,9.55));
#10656=CARTESIAN_POINT('',(2.44484667245838,-46.427,9.75));
#10657=CARTESIAN_POINT('',(1.52242333622917,-46.427,9.75));
#10658=CARTESIAN_POINT('',(2.84484667245838,-46.827,9.35));
#10659=CARTESIAN_POINT('',(1.52242333622917,-46.827,9.35));
#10660=CARTESIAN_POINT('',(2.84484667245838,-46.827,9.35));
#10661=CARTESIAN_POINT('Origin',(-2.16665195270833,-42.7735010982588,9.55));
#10662=CARTESIAN_POINT('',(-2.28136723997854,-42.609670689401,9.35));
#10663=CARTESIAN_POINT('',(-2.05193666543811,-42.9373315071166,9.75));
#10664=CARTESIAN_POINT('Origin',(2.64484667245836,-43.6935549127696,9.55));
#10665=CARTESIAN_POINT('',(2.44484667245836,-43.2124500558702,9.75));
#10666=CARTESIAN_POINT('',(2.44484667245836,-43.6935549127696,9.75));
#10667=CARTESIAN_POINT('',(2.84484667245836,-43.0042232356495,9.35));
#10668=CARTESIAN_POINT('',(2.84484667245836,-43.6935549127696,9.35));
#10669=CARTESIAN_POINT('',(2.84484667245836,-43.0042232356495,9.35));
#10670=CARTESIAN_POINT('Origin',(1.4860610039332,-42.2969461854892,9.55));
#10671=CARTESIAN_POINT('',(1.37134571666299,-42.460776594347,9.75));
#10672=CARTESIAN_POINT('',(1.60077629120341,-42.1331157766314,9.35));
#10673=CARTESIAN_POINT('Origin',(2.84484667245836,-42.9001098255392,9.75));
#10674=CARTESIAN_POINT('',(2.84484667245838,-46.827,8.35));
#10675=CARTESIAN_POINT('',(2.84484667245838,-46.827,9.75));
#10676=CARTESIAN_POINT('',(2.84484667245836,-43.0042232356495,8.35));
#10677=CARTESIAN_POINT('',(2.84484667245836,-43.2605422108773,8.35));
#10678=CARTESIAN_POINT('',(2.84484667245836,-43.0042232356495,9.75));
#10679=CARTESIAN_POINT('Origin',(3.04484667245838,-46.827,9.75));
#10680=CARTESIAN_POINT('',(-2.84484667245845,-46.827,8.35));
#10681=CARTESIAN_POINT('',(-2.84484667245845,-46.827,9.75));
#10682=CARTESIAN_POINT('',(-2.99125683397221,-46.827,8.35));
#10683=CARTESIAN_POINT('',(1.52242333622918,-46.827,8.35));
#10684=CARTESIAN_POINT('',(-2.99125683397221,-46.827,8.03));
#10685=CARTESIAN_POINT('',(-2.99125683397223,-46.827,9.05));
#10686=CARTESIAN_POINT('',(2.99125683397215,-46.827,8.03));
#10687=CARTESIAN_POINT('',(1.52242333622918,-46.827,8.03));
#10688=CARTESIAN_POINT('',(2.99125683397214,-46.827,8.35));
#10689=CARTESIAN_POINT('',(2.99125683397214,-46.827,9.05));
#10690=CARTESIAN_POINT('',(1.52242333622918,-46.827,8.35));
#10691=CARTESIAN_POINT('Origin',(-2.84484667245845,-47.027,9.75));
#10692=CARTESIAN_POINT('',(-2.84484667245845,-43.0042232356495,8.35));
#10693=CARTESIAN_POINT('',(-2.84484667245845,-43.0042232356495,9.75));
#10694=CARTESIAN_POINT('',(-2.84484667245845,-45.3239872981078,8.35));
#10695=CARTESIAN_POINT('Origin',(-3.33066907387547E-14,-44.487,9.75));
#10696=CARTESIAN_POINT('Origin',(-1.7,-45.05,9.75));
#10697=CARTESIAN_POINT('',(-1.7,-45.25,8.95));
#10698=CARTESIAN_POINT('',(-1.9,-45.05,8.95));
#10699=CARTESIAN_POINT('Origin',(-1.7,-45.05,8.95));
#10700=CARTESIAN_POINT('',(-1.7,-45.25,8.03));
#10701=CARTESIAN_POINT('',(-1.7,-45.25,9.75));
#10702=CARTESIAN_POINT('',(-1.9,-45.05,8.03));
#10703=CARTESIAN_POINT('Origin',(-1.7,-45.05,8.03));
#10704=CARTESIAN_POINT('',(-1.9,-45.05,9.75));
#10705=CARTESIAN_POINT('Origin',(-1.9,-43.55,9.75));
#10706=CARTESIAN_POINT('',(-1.9,-43.15,8.03));
#10707=CARTESIAN_POINT('',(-1.9,-43.5854872981078,8.03));
#10708=CARTESIAN_POINT('',(-1.9,-43.15,8.95));
#10709=CARTESIAN_POINT('',(-1.9,-43.15,9.75));
#10710=CARTESIAN_POINT('',(-1.9,-44.0185,8.95));
#10711=CARTESIAN_POINT('Origin',(1.7,-45.05,9.75));
#10712=CARTESIAN_POINT('',(1.9,-45.05,8.95));
#10713=CARTESIAN_POINT('',(1.7,-45.25,8.95));
#10714=CARTESIAN_POINT('Origin',(1.7,-45.05,8.95));
#10715=CARTESIAN_POINT('',(1.9,-45.05,8.03));
#10716=CARTESIAN_POINT('',(1.9,-45.05,9.75));
#10717=CARTESIAN_POINT('',(1.7,-45.25,8.03));
#10718=CARTESIAN_POINT('Origin',(1.7,-45.05,8.03));
#10719=CARTESIAN_POINT('',(1.7,-45.25,9.75));
#10720=CARTESIAN_POINT('Origin',(-1.3,-45.25,9.75));
#10721=CARTESIAN_POINT('',(-0.650000000000019,-45.25,8.95));
#10722=CARTESIAN_POINT('',(-0.650000000000017,-45.25,8.03));
#10723=CARTESIAN_POINT('Origin',(1.7,-43.15,9.75));
#10724=CARTESIAN_POINT('',(1.7,-42.95,8.95));
#10725=CARTESIAN_POINT('',(1.9,-43.15,8.95));
#10726=CARTESIAN_POINT('Origin',(1.7,-43.15,8.95));
#10727=CARTESIAN_POINT('',(1.7,-42.95,8.03));
#10728=CARTESIAN_POINT('',(1.7,-42.95,9.75));
#10729=CARTESIAN_POINT('',(1.9,-43.15,8.03));
#10730=CARTESIAN_POINT('Origin',(1.7,-43.15,8.03));
#10731=CARTESIAN_POINT('',(1.9,-43.15,9.75));
#10732=CARTESIAN_POINT('Origin',(1.9,-44.65,9.75));
#10733=CARTESIAN_POINT('',(1.9,-44.5685,8.95));
#10734=CARTESIAN_POINT('',(1.9,-44.1354872981078,8.03));
#10735=CARTESIAN_POINT('Origin',(-1.7,-43.15,9.75));
#10736=CARTESIAN_POINT('',(-1.7,-42.95,8.95));
#10737=CARTESIAN_POINT('Origin',(-1.7,-43.15,8.95));
#10738=CARTESIAN_POINT('',(-1.7,-42.95,8.03));
#10739=CARTESIAN_POINT('Origin',(-1.7,-43.15,8.03));
#10740=CARTESIAN_POINT('',(-1.7,-42.95,9.75));
#10741=CARTESIAN_POINT('Origin',(1.3,-42.95,9.75));
#10742=CARTESIAN_POINT('',(0.649999999999983,-42.95,8.95));
#10743=CARTESIAN_POINT('',(0.649999999999987,-42.95,8.03));
#10744=CARTESIAN_POINT('Origin',(-3.33066907387547E-14,-44.487,8.95));
#10745=CARTESIAN_POINT('Origin',(-2.66453525910038E-14,-43.6209745962156,
8.35));
#10746=CARTESIAN_POINT('',(6.79999999999999,-44.6280211078197,8.35));
#10747=CARTESIAN_POINT('',(4.51803196546042,-45.9455159668433,8.35));
#10748=CARTESIAN_POINT('',(6.79999999999993,-40.5613593539449,8.35));
#10749=CARTESIAN_POINT('',(6.79999999999995,-41.9179618943233,8.35));
#10750=CARTESIAN_POINT('',(4.05358983848619,-42.1469999999999,8.35));
#10751=CARTESIAN_POINT('',(2.23757386859685,-43.1954773090683,8.35));
#10752=CARTESIAN_POINT('',(1.62060501713245,-42.147,8.35));
#10753=CARTESIAN_POINT('',(-0.841832387454208,-42.147,8.35));
#10754=CARTESIAN_POINT('',(1.39732687086606,-41.9906589588668,8.35));
#10755=CARTESIAN_POINT('Origin',(-2.66453525910038E-14,-43.6209745962156,
8.35));
#10756=CARTESIAN_POINT('',(-1.62060501713262,-42.147,8.35));
#10757=CARTESIAN_POINT('',(-2.07791781964118,-42.4672138716364,8.35));
#10758=CARTESIAN_POINT('',(-4.05358983848611,-42.1470000000001,8.35));
#10759=CARTESIAN_POINT('',(-0.841832387454208,-42.147,8.35));
#10760=CARTESIAN_POINT('',(-6.80000000000003,-40.5613593539449,8.35));
#10761=CARTESIAN_POINT('',(-3.73757386859691,-42.3294519052838,8.35));
#10762=CARTESIAN_POINT('',(-6.80000000000007,-44.6280211078197,8.35));
#10763=CARTESIAN_POINT('',(-6.80000000000007,-44.1822328789365,8.35));
#10764=CARTESIAN_POINT('',(-2.54045530168967,-47.0872703860145,8.35));
#10765=CARTESIAN_POINT('Origin',(-2.94484667245845,-46.8537949192431,8.35));
#10766=CARTESIAN_POINT('',(-6.80000000000007,-44.6280211078197,8.03));
#10767=CARTESIAN_POINT('',(-6.80000000000008,-44.6280211078197,8.35));
#10768=CARTESIAN_POINT('',(-2.54045530168967,-47.0872703860145,8.03));
#10769=CARTESIAN_POINT('Origin',(6.90000000000002,-44.5702860809007,8.35));
#10770=CARTESIAN_POINT('',(6.79999999999999,-44.6280211078197,8.03));
#10771=CARTESIAN_POINT('',(4.51803196546042,-45.9455159668433,8.03));
#10772=CARTESIAN_POINT('',(6.79999999999999,-44.6280211078197,8.35));
#10773=CARTESIAN_POINT('Origin',(6.79999999999992,-40.2149491924311,8.35));
#10774=CARTESIAN_POINT('',(6.79999999999993,-40.5613593539449,8.03));
#10775=CARTESIAN_POINT('',(6.79999999999995,-41.9179618943233,8.03));
#10776=CARTESIAN_POINT('',(6.79999999999993,-40.5613593539449,8.35));
#10777=CARTESIAN_POINT('Origin',(4.09999999999995,-42.1202050807569,8.35));
#10778=CARTESIAN_POINT('',(4.05358983848619,-42.1469999999999,8.03));
#10779=CARTESIAN_POINT('',(2.23757386859685,-43.1954773090683,8.03));
#10780=CARTESIAN_POINT('',(4.0535898384862,-42.1469999999999,9.05));
#10781=CARTESIAN_POINT('Origin',(-7.10000000000003,-40.388154273188,8.35));
#10782=CARTESIAN_POINT('',(-4.05358983848611,-42.1470000000001,8.03));
#10783=CARTESIAN_POINT('',(-4.05358983848611,-42.1470000000001,9.05));
#10784=CARTESIAN_POINT('',(-6.80000000000003,-40.5613593539449,8.03));
#10785=CARTESIAN_POINT('',(-3.73757386859691,-42.3294519052838,8.03));
#10786=CARTESIAN_POINT('',(-6.80000000000004,-40.5613593539449,8.35));
#10787=CARTESIAN_POINT('Origin',(-6.80000000000008,-44.7434911616576,8.35));
#10788=CARTESIAN_POINT('',(-6.80000000000007,-44.1822328789365,8.03));
#10789=CARTESIAN_POINT('Origin',(-2.66453525910038E-14,-43.6209745962156,
8.03));
#10790=CARTESIAN_POINT('',(-0.841832387454208,-42.147,8.03));
#10791=CARTESIAN_POINT('Origin',(1.56894948763806,-42.1108304088578,9.75));
#10792=CARTESIAN_POINT('',(1.62060501713246,-42.147,9.75));
#10793=CARTESIAN_POINT('Origin',(-1.68366477490837,-42.147,9.75));
#10794=CARTESIAN_POINT('',(-1.62060501713262,-42.147,9.75));
#10795=CARTESIAN_POINT('Origin',(-2.93013138518824,-43.063940234397,9.75));
#10796=CARTESIAN_POINT('',(0.,0.,0.));
#10797=CARTESIAN_POINT('',(0.,0.,0.));
#10798=CARTESIAN_POINT('',(0.,0.,0.));
#10799=CARTESIAN_POINT('',(0.,0.,0.));
#10800=CARTESIAN_POINT('',(0.,0.,0.));
#10801=CARTESIAN_POINT('',(0.,0.,0.));
#10802=CARTESIAN_POINT('',(0.,0.,0.));
#10803=CARTESIAN_POINT('',(0.,0.,0.));
#10804=CARTESIAN_POINT('',(0.,0.,0.));
#10805=UNCERTAINTY_MEASURE_WITH_UNIT(LENGTH_MEASURE(0.01),#10817,
'DISTANCE_ACCURACY_VALUE',
'Maximum model space distance between geometric entities at asserted c
onnectivities');
#10806=UNCERTAINTY_MEASURE_WITH_UNIT(LENGTH_MEASURE(0.01),#10817,
'DISTANCE_ACCURACY_VALUE',
'Maximum model space distance between geometric entities at asserted c
onnectivities');
#10807=UNCERTAINTY_MEASURE_WITH_UNIT(LENGTH_MEASURE(0.01),#10817,
'DISTANCE_ACCURACY_VALUE',
'Maximum model space distance between geometric entities at asserted c
onnectivities');
#10808=UNCERTAINTY_MEASURE_WITH_UNIT(LENGTH_MEASURE(0.01),#10817,
'DISTANCE_ACCURACY_VALUE',
'Maximum model space distance between geometric entities at asserted c
onnectivities');
#10809=UNCERTAINTY_MEASURE_WITH_UNIT(LENGTH_MEASURE(0.01),#10817,
'DISTANCE_ACCURACY_VALUE',
'Maximum model space distance between geometric entities at asserted c
onnectivities');
#10810=UNCERTAINTY_MEASURE_WITH_UNIT(LENGTH_MEASURE(0.01),#10817,
'DISTANCE_ACCURACY_VALUE',
'Maximum model space distance between geometric entities at asserted c
onnectivities');
#10811=(
GEOMETRIC_REPRESENTATION_CONTEXT(3)
GLOBAL_UNCERTAINTY_ASSIGNED_CONTEXT((#10805))
GLOBAL_UNIT_ASSIGNED_CONTEXT((#10817,#10819,#10820))
REPRESENTATION_CONTEXT('','3D')
);
#10812=(
GEOMETRIC_REPRESENTATION_CONTEXT(3)
GLOBAL_UNCERTAINTY_ASSIGNED_CONTEXT((#10806))
GLOBAL_UNIT_ASSIGNED_CONTEXT((#10817,#10819,#10820))
REPRESENTATION_CONTEXT('','3D')
);
#10813=(
GEOMETRIC_REPRESENTATION_CONTEXT(3)
GLOBAL_UNCERTAINTY_ASSIGNED_CONTEXT((#10807))
GLOBAL_UNIT_ASSIGNED_CONTEXT((#10817,#10819,#10820))
REPRESENTATION_CONTEXT('','3D')
);
#10814=(
GEOMETRIC_REPRESENTATION_CONTEXT(3)
GLOBAL_UNCERTAINTY_ASSIGNED_CONTEXT((#10808))
GLOBAL_UNIT_ASSIGNED_CONTEXT((#10817,#10819,#10820))
REPRESENTATION_CONTEXT('','3D')
);
#10815=(
GEOMETRIC_REPRESENTATION_CONTEXT(3)
GLOBAL_UNCERTAINTY_ASSIGNED_CONTEXT((#10809))
GLOBAL_UNIT_ASSIGNED_CONTEXT((#10817,#10819,#10820))
REPRESENTATION_CONTEXT('','3D')
);
#10816=(
GEOMETRIC_REPRESENTATION_CONTEXT(3)
GLOBAL_UNCERTAINTY_ASSIGNED_CONTEXT((#10810))
GLOBAL_UNIT_ASSIGNED_CONTEXT((#10817,#10819,#10820))
REPRESENTATION_CONTEXT('','3D')
);
#10817=(
LENGTH_UNIT()
NAMED_UNIT(*)
SI_UNIT(.MILLI.,.METRE.)
);
#10818=(
LENGTH_UNIT()
NAMED_UNIT(*)
SI_UNIT($,.METRE.)
);
#10819=(
NAMED_UNIT(*)
PLANE_ANGLE_UNIT()
SI_UNIT($,.RADIAN.)
);
#10820=(
NAMED_UNIT(*)
SI_UNIT($,.STERADIAN.)
SOLID_ANGLE_UNIT()
);
#10821=SHAPE_DEFINITION_REPRESENTATION(#10826,#10840);
#10822=SHAPE_DEFINITION_REPRESENTATION(#10827,#10841);
#10823=SHAPE_DEFINITION_REPRESENTATION(#10828,#10842);
#10824=SHAPE_DEFINITION_REPRESENTATION(#10829,#10843);
#10825=SHAPE_DEFINITION_REPRESENTATION(#10830,#10844);
#10826=PRODUCT_DEFINITION_SHAPE('',$,#10846);
#10827=PRODUCT_DEFINITION_SHAPE('',$,#10847);
#10828=PRODUCT_DEFINITION_SHAPE('',$,#10848);
#10829=PRODUCT_DEFINITION_SHAPE('',$,#10849);
#10830=PRODUCT_DEFINITION_SHAPE('',$,#10850);
#10831=PRODUCT_DEFINITION_SHAPE($,$,#38);
#10832=PRODUCT_DEFINITION_SHAPE($,$,#39);
#10833=PRODUCT_DEFINITION_SHAPE($,$,#40);
#10834=PRODUCT_DEFINITION_SHAPE($,$,#41);
#10835=PRODUCT_DEFINITION_SHAPE($,$,#42);
#10836=PRODUCT_DEFINITION_SHAPE($,$,#43);
#10837=PRODUCT_DEFINITION_SHAPE($,$,#44);
#10838=PRODUCT_DEFINITION_SHAPE($,$,#45);
#10839=PRODUCT_DEFINITION_SHAPE($,$,#46);
#10840=SHAPE_REPRESENTATION('',(#6765,#7182),#10811);
#10841=SHAPE_REPRESENTATION('',(#6766,#7174,#7175,#7176,#7177,#7178,#7179,
#7180,#7181),#10812);
#10842=SHAPE_REPRESENTATION('',(#6767),#10813);
#10843=SHAPE_REPRESENTATION('',(#7023),#10814);
#10844=SHAPE_REPRESENTATION('',(#7134),#10815);
#10845=PRODUCT_DEFINITION_CONTEXT('part definition',#10862,'design');
#10846=PRODUCT_DEFINITION('SMTSO','Spaceagon 2026 v10',#10851,#10845);
#10847=PRODUCT_DEFINITION('Case Top','Case Top',#10852,#10845);
#10848=PRODUCT_DEFINITION('Top Frame','Top Frame',#10853,#10845);
#10849=PRODUCT_DEFINITION('Frame Insert Ring','Frame Insert Ring',#10854,
#10845);
#10850=PRODUCT_DEFINITION('Button','Button',#10855,#10845);
#10851=PRODUCT_DEFINITION_FORMATION('',$,#10864);
#10852=PRODUCT_DEFINITION_FORMATION('',$,#10865);
#10853=PRODUCT_DEFINITION_FORMATION('',$,#10866);
#10854=PRODUCT_DEFINITION_FORMATION('',$,#10867);
#10855=PRODUCT_DEFINITION_FORMATION('',$,#10868);
#10856=PRODUCT_RELATED_PRODUCT_CATEGORY('Spaceagon 2026 v10',
'Spaceagon 2026 v10',(#10864));
#10857=PRODUCT_RELATED_PRODUCT_CATEGORY('Case Top','Case Top',(#10865));
#10858=PRODUCT_RELATED_PRODUCT_CATEGORY('Top Frame','Top Frame',(#10866));
#10859=PRODUCT_RELATED_PRODUCT_CATEGORY('Frame Insert Ring',
'Frame Insert Ring',(#10867));
#10860=PRODUCT_RELATED_PRODUCT_CATEGORY('Button','Button',(#10868));
#10861=APPLICATION_PROTOCOL_DEFINITION('international standard',
'automotive_design',2009,#10862);
#10862=APPLICATION_CONTEXT(
'Core Data for Automotive Mechanical Design Process');
#10863=PRODUCT_CONTEXT('part definition',#10862,'mechanical');
#10864=PRODUCT('SMTSO','Spaceagon 2026 v10','FreeCAD Model',(#10863));
#10865=PRODUCT('Case Top','Case Top',$,(#10863));
#10866=PRODUCT('Top Frame','Top Frame',$,(#10863));
#10867=PRODUCT('Frame Insert Ring','Frame Insert Ring',$,(#10863));
#10868=PRODUCT('Button','Button',$,(#10863));
#10869=PRESENTATION_STYLE_ASSIGNMENT((#10873));
#10870=PRESENTATION_STYLE_ASSIGNMENT((#10874));
#10871=PRESENTATION_STYLE_ASSIGNMENT((#10875));
#10872=PRESENTATION_STYLE_ASSIGNMENT((#10876));
#10873=SURFACE_STYLE_USAGE(.BOTH.,#10877);
#10874=SURFACE_STYLE_USAGE(.BOTH.,#10878);
#10875=SURFACE_STYLE_USAGE(.BOTH.,#10879);
#10876=SURFACE_STYLE_USAGE(.BOTH.,#10880);
#10877=SURFACE_SIDE_STYLE('',(#10881));
#10878=SURFACE_SIDE_STYLE('',(#10882));
#10879=SURFACE_SIDE_STYLE('',(#10883));
#10880=SURFACE_SIDE_STYLE('',(#10884));
#10881=SURFACE_STYLE_FILL_AREA(#10885);
#10882=SURFACE_STYLE_FILL_AREA(#10886);
#10883=SURFACE_STYLE_FILL_AREA(#10887);
#10884=SURFACE_STYLE_FILL_AREA(#10888);
#10885=FILL_AREA_STYLE('Steel - Satin',(#10889));
#10886=FILL_AREA_STYLE('Opaque(18,119,189)',(#10890));
#10887=FILL_AREA_STYLE('Opaque(87,173,113)',(#10891));
#10888=FILL_AREA_STYLE('Opaque(128,64,48)',(#10892));
#10889=FILL_AREA_STYLE_COLOUR('Steel - Satin',#10893);
#10890=FILL_AREA_STYLE_COLOUR('Opaque(18,119,189)',#10894);
#10891=FILL_AREA_STYLE_COLOUR('Opaque(87,173,113)',#10895);
#10892=FILL_AREA_STYLE_COLOUR('Opaque(128,64,48)',#10896);
#10893=COLOUR_RGB('Steel - Satin',0.627450980392157,0.627450980392157,0.627450980392157);
#10894=COLOUR_RGB('Opaque(18,119,189)',0.0705882352941176,0.466666666666667,
0.741176470588235);
#10895=COLOUR_RGB('Opaque(87,173,113)',0.341176470588235,0.67843137254902,
0.443137254901961);
#10896=COLOUR_RGB('Opaque(128,64,48)',0.501960784313725,0.250980392156863,
0.188235294117647);
ENDSEC;
END-ISO-10303-21;
